Timestamp,User Count,Type,Name,Requests/s,Failures/s,50%,66%,75%,80%,90%,95%,98%,99%,99.9%,99.99%,100%,Total Request Count,Total Failure Count,Total Median Response Time,Total Average Response Time,Total Min Response Time,Total Max Response Time,Total Average Content Size
1777169474,0,,Aggregated,0.000000,0.000000,N/A,N/A,N/A,N/A,N/A,N/A,N/A,N/A,N/A,N/A,N/A,0,0,0,0.0,0,0,0
1777169475,20,GET,bulk_update_departures,0.000000,0.000000,0,0,0,0,0,0,0,0,0,0,0,1,1,498.28295802581124,498.28295802581124,498.28295802581124,498.28295802581124,150.0
1777169475,20,GET,large_scan,0.000000,0.000000,0,0,0,0,0,0,0,0,0,0,0,3,3,420,448.37113898635533,416.1752499931026,507.67295897821896,132.0
1777169475,20,GET,next_departures,0.000000,0.000000,0,0,0,0,0,0,0,0,0,0,0,9,9,430,422.8383887772604,217.3729590140283,541.0258749907371,166.66666666666666
1777169475,20,GET,point_read,0.000000,0.000000,0,0,0,0,0,0,0,0,0,0,0,11,0,390,317.8448219048071,140.3229999996256,438.1277499778662,81.0
1777169475,20,GET,trips_per_route,0.000000,0.000000,0,0,0,0,0,0,0,0,0,0,0,1,0,445.6132500199601,445.6132500199601,445.6132500199601,445.6132500199601,86.0
1777169475,20,,Aggregated,0.000000,0.000000,0,0,0,0,0,0,0,0,0,0,0,25,13,420,383.63392659812234,140.3229999996256,541.0258749907371,120.92
1777169476,40,GET,bulk_update_departures,0.000000,0.000000,0,0,0,0,0,0,0,0,0,0,0,5,5,370,360.5586666089948,221.9649170001503,498.28295802581124,150.0
1777169476,40,GET,large_scan,0.000000,0.000000,0,0,0,0,0,0,0,0,0,0,0,11,11,840,637.3445227271242,273.1076249910984,859.0014160145074,142.63636363636363
1777169476,40,GET,next_departures,0.000000,0.000000,0,0,0,0,0,0,0,0,0,0,0,23,23,430,472.5913386956444,208.8862499804236,864.2975419934373,157.6086956521739
1777169476,40,GET,point_read,0.000000,0.000000,360,420,440,680,840,840,840,840,840,840,840,34,0,360,418.3162009405137,140.3229999996256,844.7127079998609,80.94117647058823
1777169476,40,GET,trips_per_route,0.000000,0.000000,0,0,0,0,0,0,0,0,0,0,0,5,4,240,395.8961002063006,213.46429199911654,851.4725840068422,137.2
1777169476,40,,Aggregated,0.000000,0.000000,420,440,670,840,850,860,860,860,860,860,860,78,43,410,460.069425718617,140.3229999996256,864.2975419934373,120.28205128205128
1777169477,60,GET,bulk_update_departures,0.000000,0.000000,220,240,330,330,940,940,940,940,940,940,940,11,9,310,356.5543635473163,194.873833010206,939.9227089888882,142.36363636363637
1777169477,60,GET,large_scan,0.000000,0.000000,840,850,860,860,860,860,860,860,860,860,860,14,14,510,581.4493243565915,258.54808298754506,859.0014160145074,142.28571428571428
1777169477,60,GET,next_departures,0.000000,0.000000,330,580,590,770,860,940,940,940,940,940,940,48,48,350,434.67675343708834,189.7185829875525,936.6322499990929,155.72916666666666
1777169477,60,GET,point_read,1.000000,0.000000,310,410,570,680,740,840,840,840,840,840,840,67,0,310,394.8279942838482,140.3229999996256,844.7127079998609,81.02985074626865
1777169477,60,GET,trips_per_route,0.000000,0.000000,290,290,590,590,850,850,850,850,850,850,850,7,5,290,408.2050717178,213.46429199911654,851.4725840068422,131.71428571428572
1777169477,60,,Aggregated,1.000000,0.000000,340,430,580,670,840,860,940,940,940,940,940,147,76,340,423.3862845172478,140.3229999996256,939.9227089888882,118.25850340136054
1777169478,80,GET,bulk_update_departures,2.000000,2.000000,230,240,260,260,330,940,940,940,940,940,940,16,14,240,317.69815881125396,194.43558299099095,939.9227089888882,144.75
1777169478,80,GET,large_scan,1.500000,1.500000,330,660,840,840,860,860,860,860,860,860,860,26,26,420,491.2535721545842,210.2415419940371,859.0014160145074,145.84615384615384
1777169478,80,GET,next_departures,7.000000,7.000000,290,330,360,590,770,860,940,940,940,940,940,78,78,320,383.8366864238663,188.33687499864027,936.6322499990929,154.16666666666666
1777169478,80,GET,point_read,9.000000,0.000000,260,330,570,620,680,740,840,840,840,840,840,120,0,260,360.50363326697453,140.3229999996256,844.7127079998609,81.15
1777169478,80,GET,trips_per_route,0.500000,0.000000,250,290,590,590,660,850,850,850,850,850,850,12,10,250,373.47446549877833,195.7739589852281,851.4725840068422,139.33333333333334
1777169478,80,,Aggregated,20.000000,10.500000,290,370,500,590,730,840,860,940,940,940,940,252,128,290,379.1156926035044,140.3229999996256,939.9227089888882,117.23412698412699
1777169479,100,GET,bulk_update_departures,1.666667,1.666667,260,370,470,490,630,940,940,940,940,940,940,23,21,310,361.19526261008224,194.43558299099095,939.9227089888882,146.34782608695653
1777169479,100,GET,large_scan,3.666667,3.666667,540,640,660,840,860,860,860,860,860,860,860,33,33,450,487.82726133129364,210.2415419940371,859.0014160145074,146.72727272727272
1777169479,100,GET,next_departures,9.666667,9.666667,290,340,360,580,660,850,940,940,940,940,940,111,111,310,373.36582845199626,158.69637500145473,936.6322499990929,153.82882882882882
1777169479,100,GET,point_read,11.666667,0.000000,250,310,400,450,630,740,840,840,840,840,840,184,0,250,317.2246616410595,95.46024998417124,844.7127079998609,81.21739130434783
1777169479,100,GET,trips_per_route,1.666667,1.333333,280,290,580,590,640,660,850,850,850,850,850,23,20,280,362.8975743916311,194.69337500049733,851.4725840068422,141.65217391304347
1777169479,100,,Aggregated,28.333333,16.333333,280,350,450,540,660,840,860,860,940,940,940,374,185,280,354.45288656443483,95.46024998417124,939.9227089888882,116.27005347593582
1777169480,120,GET,bulk_update_departures,3.500000,3.000000,280,410,460,470,520,630,940,940,940,940,940,33,30,310,349.0376363324961,113.66245901444927,939.9227089888882,146.1818181818182
1777169480,120,GET,large_scan,5.250000,5.250000,290,340,560,640,840,860,860,860,860,860,860,56,56,310,399.0442908912623,188.7128750095144,859.0014160145074,148.07142857142858
1777169480,120,GET,next_departures,14.000000,14.000000,280,320,360,400,600,660,860,940,940,940,940,190,190,280,334.0396271742831,104.8831660009455,936.6322499990929,153.02631578947367
1777169480,120,GET,point_read,22.750000,0.000000,220,270,330,380,570,630,740,840,840,840,840,293,0,220,272.2772486887732,95.46024998417124,844.7127079998609,81.21501706484642
1777169480,120,GET,trips_per_route,2.250000,1.750000,240,280,350,480,630,660,850,850,850,850,850,35,31,240,328.1389024582625,155.3885830217041,851.4725840068422,142.71428571428572
1777169480,120,,Aggregated,47.750000,24.000000,260,320,370,420,600,660,840,860,940,940,940,607,307,260,310.69908880370116,95.46024998417124,939.9227089888882,116.93904448105437
1777169481,128,GET,bulk_update_departures,4.200000,3.800000,230,290,380,420,470,520,940,940,940,940,940,46,43,240,311.6964746308361,113.66245901444927,939.9227089888882,147.2608695652174
1777169481,128,GET,large_scan,6.000000,6.000000,260,310,420,540,660,850,860,860,860,860,860,74,74,260,352.61321391649165,188.5071249853354,859.0014160145074,148.54054054054055
1777169481,128,GET,next_departures,17.600000,17.600000,230,280,320,340,480,630,850,860,940,940,940,268,268,230,297.7041742921227,104.8831660009455,936.6322499990929,152.23880597014926
1777169481,128,GET,point_read,31.000000,0.000000,170,230,270,310,450,630,740,840,840,840,840,402,0,170,229.5903262831543,87.73733401903883,844.7127079998609,81.2139303482587
1777169481,128,GET,trips_per_route,3.200000,2.800000,230,250,280,350,590,640,850,850,850,850,850,46,41,230,298.4380879358429,121.81983300251886,851.4725840068422,143.06521739130434
1777169481,128,,Aggregated,62.000000,30.200000,220,270,320,350,490,630,840,850,940,940,940,836,426,220,270.6215282105317,87.73733401903883,939.9227089888882,116.97966507177034
1777169482,128,GET,bulk_update_departures,4.666667,4.333333,220,250,330,380,470,520,630,940,940,940,940,58,55,220,289.0458728632376,113.66245901444927,939.9227089888882,147.82758620689654
1777169482,128,GET,large_scan,7.166667,7.166667,230,280,330,420,660,840,860,860,860,860,860,90,90,230,326.0959883980427,184.4618330069352,859.0014160145074,148.8
1777169482,128,GET,next_departures,23.000000,23.000000,210,230,280,310,410,600,770,860,940,940,940,356,356,220,272.51214091322686,95.70191698730923,936.6322499990929,152.0365168539326
1777169482,128,GET,point_read,38.000000,0.000000,140,210,250,270,390,620,730,740,840,840,840,504,13,140,207.08479851762402,87.73733401903883,844.7127079998609,82.99007936507937
1777169482,128,GET,trips_per_route,4.166667,3.666667,230,240,280,340,590,640,850,850,850,850,850,50,44,230,288.9767517207656,94.45762500399724,851.4725840068422,142.34
1777169482,128,,Aggregated,77.000000,38.166667,210,230,280,310,450,630,740,850,940,940,940,1058,558,210,247.58714346495384,87.73733401903883,939.9227089888882,118.1805293005671
1777169483,128,GET,bulk_update_departures,5.428571,5.000000,210,230,260,330,470,490,630,940,940,940,940,71,68,210,272.75130460547075,113.66245901444927,939.9227089888882,148.22535211267606
1777169483,128,GET,large_scan,8.571429,8.571429,220,240,280,320,590,840,860,860,860,860,860,120,120,220,295.9584065569895,184.4618330069352,859.0014160145074,149.1
1777169483,128,GET,next_departures,32.285714,32.285714,210,220,240,280,360,580,660,850,940,940,940,459,459,210,255.56780490910123,94.19812500709668,936.6322499990929,151.85185185185185
1777169483,128,GET,point_read,47.000000,0.000000,120,190,220,260,380,570,680,740,840,840,840,591,13,120,192.29849985067523,87.41579198976979,844.7127079998609,82.73434856175973
1777169483,128,GET,trips_per_route,5.714286,5.142857,220,230,280,280,580,640,660,850,850,850,850,57,51,220,278.17519887793696,94.45762500399724,851.4725840068422,143.28070175438597
1777169483,128,,Aggregated,99.000000,51.000000,200,220,250,280,410,590,730,840,940,940,940,1298,711,200,232.42709831656094,87.41579198976979,939.9227089888882,119.55238828967643
1777169484,128,GET,bulk_update_departures,6.375000,6.000000,210,220,250,280,460,490,630,940,940,940,940,81,78,210,264.109957358156,113.66245901444927,939.9227089888882,148.44444444444446
1777169484,128,GET,large_scan,9.625000,9.625000,210,220,260,280,540,660,860,860,860,860,860,146,146,210,278.29025908790317,102.56583298905753,859.0014160145074,149.07534246575344
1777169484,128,GET,next_departures,38.000000,38.000000,200,220,230,260,340,480,660,850,940,940,940,541,541,210,247.20852687509898,94.19812500709668,936.6322499990929,151.66358595194086
1777169484,128,GET,point_read,54.375000,0.250000,120,160,210,240,330,480,680,740,840,840,840,677,13,120,181.92421799215063,87.41579198976979,844.7127079998609,82.5317577548006
1777169484,128,GET,trips_per_route,6.000000,5.375000,210,230,240,280,480,630,660,850,850,850,850,68,62,210,266.23957175016744,94.45762500399724,851.4725840068422,144.36764705882354
1777169484,128,,Aggregated,114.375000,59.250000,200,210,230,260,380,560,660,840,940,940,940,1513,840,200,222.7561691156447,87.41579198976979,939.9227089888882,119.9801718440185
1777169485,128,GET,bulk_update_departures,7.222222,6.888889,200,220,230,250,410,470,630,940,940,940,940,95,89,200,251.34414522173373,92.79970900388435,939.9227089888882,147.3578947368421
1777169485,128,GET,large_scan,11.444444,11.444444,210,220,240,270,470,660,850,860,860,860,860,161,161,210,270.60540368265663,102.56583298905753,859.0014160145074,149.1614906832298
1777169485,128,GET,next_departures,44.000000,44.000000,200,210,220,240,320,430,630,770,940,940,940,638,638,200,239.66834685616678,94.19812500709668,936.6322499990929,151.56739811912226
1777169485,128,GET,point_read,59.444444,1.444444,110,140,190,210,290,450,630,740,840,840,840,782,13,110,171.76204747518153,87.41579198976979,844.7127079998609,82.36317135549872
1777169485,128,GET,trips_per_route,6.111111,5.444444,210,230,240,260,460,630,660,850,850,850,850,75,69,210,260.2908955863677,94.45762500399724,851.4725840068422,144.89333333333335
1777169485,128,,Aggregated,128.222222,69.222222,200,210,220,230,320,480,660,840,940,940,940,1751,970,200,213.70263128371008,87.41579198976979,939.9227089888882,119.92518560822387
1777169486,128,GET,bulk_update_departures,7.500000,7.200000,200,220,230,250,380,470,520,630,940,940,940,106,99,200,246.61818753877427,92.79970900388435,939.9227089888882,147.24528301886792
1777169486,128,GET,large_scan,13.000000,13.000000,210,220,220,240,310,470,660,660,660,660,660,192,192,210,260.5680757023947,102.56583298905753,859.0014160145074,149.015625
1777169486,128,GET,next_departures,49.000000,49.000000,200,210,220,230,290,380,590,630,940,940,940,715,715,200,236.29019050394882,94.19812500709668,936.6322499990929,151.5034965034965
1777169486,128,GET,point_read,62.800000,1.300000,110,130,160,190,260,380,620,630,740,740,740,877,23,110,166.9888335651866,87.2999579878524,844.7127079998609,83.0193842645382
1777169486,128,GET,trips_per_route,6.100000,5.500000,210,220,230,240,350,590,640,660,660,660,660,81,75,210,256.65937346890627,94.45762500399724,851.4725840068422,145.2716049382716
1777169486,128,,Aggregated,138.400000,76.000000,190,210,220,220,280,390,620,640,940,940,940,1971,1104,200,209.21192334446644,87.2999579878524,939.9227089888882,120.3039066463724
1777169487,128,GET,bulk_update_departures,8.500000,8.200000,200,220,230,250,410,470,630,1000,1000,1000,1000,110,103,210,254.53117276430766,92.79970900388435,1041.3162919867318,147.34545454545454
1777169487,128,GET,large_scan,15.000000,15.000000,210,220,220,240,310,470,660,660,1000,1000,1000,207,207,210,263.3904955501146,102.56583298905753,1029.4658750062808,148.95652173913044
1777169487,128,GET,next_departures,57.800000,57.800000,200,210,220,230,280,350,480,630,1100,1100,1100,766,766,210,237.35107658788843,94.19812500709668,1128.6560000153258,151.50130548302872
1777169487,128,GET,point_read,71.200000,1.300000,110,130,150,180,230,330,480,630,930,930,930,962,23,120,167.7358287843484,87.2999579878524,929.2143330094405,82.85966735966736
1777169487,128,GET,trips_per_route,7.100000,6.500000,210,220,230,240,280,480,640,660,660,660,660,91,85,210,253.7207184385017,94.45762500399724,851.4725840068422,145.7912087912088
1777169487,128,,Aggregated,159.600000,88.800000,190,200,210,220,270,360,580,630,1000,1100,1100,2136,1184,200,210.10376353825697,87.2999579878524,1128.6560000153258,119.88295880149813
1777169488,128,GET,bulk_update_departures,9.600000,9.000000,200,220,230,250,340,450,630,1000,1000,1000,1000,121,113,210,257.05889052127424,92.79970900388435,1041.3162919867318,147.2396694214876
1777169488,128,GET,large_scan,16.500000,16.500000,210,220,240,250,310,350,430,470,1000,1000,1000,231,231,210,267.4698430425699,102.56583298905753,1029.4658750062808,148.94805194805195
1777169488,128,GET,next_departures,64.600000,64.600000,200,220,230,240,300,360,470,600,1100,1100,1100,845,845,210,241.83275779342753,94.19812500709668,1128.6560000153258,151.4792899408284
1777169488,128,GET,point_read,79.900000,1.300000,110,130,170,190,260,320,390,480,930,930,930,1060,24,120,176.96793872592883,87.2999579878524,929.2143330094405,82.77547169811321
1777169488,128,GET,trips_per_route,7.600000,7.100000,210,220,230,240,280,460,630,640,640,640,640,99,93,220,256.52962164615866,94.45762500399724,851.4725840068422,146.13131313131314
1777169488,128,,Aggregated,178.200000,98.500000,200,210,220,230,290,340,460,490,1000,1100,1100,2356,1306,200,216.56230366036007,87.2999579878524,1128.6560000153258,119.87775891341256
1777169489,128,GET,bulk_update_departures,10.100000,9.400000,200,210,230,240,310,340,470,1000,1000,1000,1000,126,117,210,256.99722852432245,92.79970900388435,1041.3162919867318,147.02380952380952
1777169489,128,GET,large_scan,18.700000,18.700000,210,220,230,250,310,350,410,470,1000,1000,1000,247,247,220,266.98257369170744,102.56583298905753,1029.4658750062808,149.0161943319838
1777169489,128,GET,next_departures,70.700000,70.700000,200,220,220,230,280,320,380,470,1100,1100,1100,909,909,210,243.07565635017184,94.19812500709668,1128.6560000153258,151.43014301430142
1777169489,128,GET,point_read,86.800000,2.300000,120,140,190,210,260,310,390,400,1000,1000,1000,1162,25,130,183.1307202086583,87.2999579878524,1039.06387501047,82.69535283993115
1777169489,128,GET,trips_per_route,8.200000,7.700000,210,220,230,240,270,290,480,480,480,480,480,109,103,220,254.98976033937117,94.45762500399724,851.4725840068422,146.4862385321101
1777169489,128,,Aggregated,194.500000,108.800000,200,210,220,230,270,320,390,470,1000,1100,1100,2553,1401,200,219.30039125643358,87.2999579878524,1128.6560000153258,119.48335291813552
1777169490,128,GET,bulk_update_departures,10.100000,9.600000,210,220,240,250,330,380,450,1000,1000,1000,1000,137,128,210,261.2609918325728,92.79970900388435,1041.3162919867318,147.26277372262774
1777169490,128,GET,large_scan,19.400000,19.400000,210,220,250,260,320,360,410,430,1000,1000,1000,264,264,220,269.2384598820795,102.56583298905753,1029.4658750062808,148.97727272727272
1777169490,128,GET,next_departures,74.700000,74.700000,210,220,230,250,310,350,400,440,1100,1100,1100,983,983,210,248.30490954460467,94.19812500709668,1128.6560000153258,151.44964394710072
1777169490,128,GET,point_read,90.700000,2.300000,120,170,200,210,270,310,330,390,1000,1000,1000,1270,25,140,185.3542927836158,87.2999579878524,1039.06387501047,82.5716535433071
1777169490,128,GET,trips_per_route,8.600000,8.200000,220,230,240,250,280,320,340,480,480,480,480,122,114,220,255.2370659343337,94.45762500399724,851.4725840068422,145.81147540983608
1777169490,128,,Aggregated,203.500000,114.200000,200,210,220,240,300,330,390,430,1000,1100,1100,2776,1514,200,222.4403131309289,87.2999579878524,1128.6560000153258,119.24891930835734
1777169491,128,GET,bulk_update_departures,10.100000,9.500000,210,230,250,280,330,380,450,1000,1000,1000,1000,141,132,220,261.8845003406874,92.79970900388435,1041.3162919867318,147.3404255319149
1777169491,128,GET,large_scan,20.600000,20.600000,210,230,250,280,330,360,430,470,1000,1000,1000,273,273,220,269.69820586026344,102.56583298905753,1029.4658750062808,149.01098901098902
1777169491,128,GET,next_departures,77.900000,77.900000,210,230,260,280,320,350,400,440,1100,1100,1100,1039,1039,210,249.7618982996229,94.19812500709668,1128.6560000153258,151.41963426371512
1777169491,128,GET,point_read,94.200000,2.400000,130,180,210,220,270,310,330,390,1000,1000,1000,1360,31,140,184.1611729179824,87.2999579878524,1039.06387501047,82.78161764705882
1777169491,128,GET,trips_per_route,8.800000,8.400000,220,240,270,280,320,340,340,480,480,480,480,131,123,220,258.6408817102219,94.45762500399724,851.4725840068422,146.09923664122138
1777169491,128,,Aggregated,211.600000,118.800000,200,220,230,250,310,340,400,430,1000,1100,1100,2944,1598,200,222.28161948155304,87.2999579878524,1128.6560000153258,119.05638586956522
1777169492,128,GET,bulk_update_departures,10.700000,10.000000,210,240,260,280,330,380,450,1000,1000,1000,1000,148,139,210,259.6592452503722,92.79970900388435,1041.3162919867318,147.46621621621622
1777169492,128,GET,large_scan,21.200000,21.200000,220,230,250,280,330,360,430,470,1000,1000,1000,298,298,220,264.67423067705926,102.56583298905753,1029.4658750062808,149.00335570469798
1777169492,128,GET,next_departures,80.700000,80.700000,210,230,260,280,320,350,400,440,1100,1100,1100,1136,1136,210,246.09219003455942,94.19812500709668,1128.6560000153258,151.43045774647888
1777169492,128,GET,point_read,96.500000,2.500000,140,180,210,220,270,310,330,390,1000,1000,1000,1459,36,140,179.82736831972812,87.2999579878524,1039.06387501047,82.90678546949965
1777169492,128,GET,trips_per_route,8.700000,8.400000,220,240,260,270,320,340,340,480,480,480,480,148,140,220,253.21813403393577,94.45762500399724,851.4725840068422,146.5472972972973
1777169492,128,,Aggregated,217.800000,122.800000,200,220,240,260,310,340,400,430,1000,1100,1100,3189,1749,200,218.4721326853509,87.2999579878524,1128.6560000153258,119.44277202884916
1777169493,128,GET,bulk_update_departures,10.000000,9.400000,210,240,260,280,330,380,450,1000,1000,1000,1000,158,149,210,255.64881225331698,92.79970900388435,1041.3162919867318,147.626582278481
1777169493,128,GET,large_scan,20.600000,20.600000,220,240,260,290,340,360,430,470,1000,1000,1000,311,311,220,261.67484844607674,99.1199999989476,1029.4658750062808,148.87138263665594
1777169493,128,GET,next_departures,76.800000,76.800000,210,230,260,280,320,350,400,440,1100,1100,1100,1227,1227,210,242.62298302056638,92.1483339916449,1128.6560000153258,151.36511817440913
1777169493,128,GET,point_read,96.400000,2.500000,140,180,210,220,270,310,330,390,1000,1000,1000,1564,36,130,174.94389730018622,87.2999579878524,1039.06387501047,82.78260869565217
1777169493,128,GET,trips_per_route,8.200000,7.800000,220,230,250,270,310,330,340,340,480,480,480,162,154,220,248.67020500015417,94.45762500399724,851.4725840068422,146.84567901234567
1777169493,128,,Aggregated,212.000000,117.100000,200,220,240,250,310,340,400,430,1000,1100,1100,3422,1877,200,214.30994124970925,87.2999579878524,1128.6560000153258,119.40677966101696
1777169494,128,GET,bulk_update_departures,9.200000,8.600000,210,240,260,280,330,380,450,1000,1000,1000,1000,170,161,210,251.31313825310346,92.79970900388435,1041.3162919867318,147.7941176470588
1777169494,128,GET,large_scan,20.500000,20.500000,220,230,260,290,340,360,430,470,1000,1000,1000,334,334,210,257.0933132265272,99.1199999989476,1029.4658750062808,148.8682634730539
1777169494,128,GET,next_departures,77.300000,77.300000,210,230,260,280,320,350,400,440,1100,1100,1100,1313,1313,210,239.33287975554333,92.1483339916449,1128.6560000153258,151.37090632140138
1777169494,128,GET,point_read,96.400000,2.900000,130,180,200,220,270,310,330,390,1000,1000,1000,1672,37,120,170.41181444220243,87.2999579878524,1039.06387501047,82.7194976076555
1777169494,128,GET,trips_per_route,9.100000,8.800000,220,230,250,270,320,340,340,480,480,480,480,170,162,210,246.11165662371445,94.45762500399724,851.4725840068422,146.99411764705883
1777169494,128,,Aggregated,212.500000,118.100000,200,220,230,250,310,340,390,430,1000,1100,1100,3659,2007,200,210.33178644796664,87.2999579878524,1128.6560000153258,119.40229570921016
1777169495,128,GET,bulk_update_departures,8.400000,7.800000,210,240,270,290,330,410,450,1000,1000,1000,1000,178,168,210,248.43353700573593,92.68616698682308,1041.3162919867318,147.6573033707865
1777169495,128,GET,large_scan,20.200000,20.200000,220,230,260,290,340,360,430,470,1000,1000,1000,351,351,210,254.31879769968918,99.1199999989476,1029.4658750062808,148.92307692307693
1777169495,128,GET,next_departures,77.500000,77.500000,210,230,260,280,320,350,400,440,1100,1100,1100,1403,1403,210,236.49439088669482,92.1483339916449,1128.6560000153258,151.33642195295795
1777169495,128,GET,point_read,95.600000,2.300000,130,180,210,220,270,310,330,390,1000,1000,1000,1773,53,120,167.3955940922324,87.2999579878524,1039.06387501047,83.25380710659898
1777169495,128,GET,trips_per_route,10.100000,9.900000,210,230,250,270,310,330,340,340,480,480,480,179,171,210,243.52553329094283,94.45762500399724,851.4725840068422,147.14525139664804
1777169495,128,,Aggregated,211.800000,117.700000,200,220,230,250,310,340,390,430,1000,1100,1100,3884,2146,200,207.4336140005797,87.2999579878524,1128.6560000153258,119.67765190525232
1777169496,128,GET,bulk_update_departures,8.700000,8.100000,210,240,260,280,330,380,450,1000,1000,1000,1000,188,178,210,246.24785019686703,92.68616698682308,1041.3162919867318,147.78191489361703
1777169496,128,GET,large_scan,18.800000,18.800000,220,240,260,300,340,370,430,470,1000,1000,1000,363,363,210,252.52538703222626,99.1199999989476,1029.4658750062808,148.95867768595042
1777169496,128,GET,next_departures,77.100000,77.100000,210,230,260,280,320,350,400,440,1100,1100,1100,1487,1487,210,234.59448083192308,92.1483339916449,1128.6560000153258,151.32817753866846
1777169496,128,GET,point_read,96.400000,2.300000,130,180,200,210,270,310,330,380,1000,1000,1000,1881,53,120,164.25386179403,87.2999579878524,1039.06387501047,83.1398192450824
1777169496,128,GET,trips_per_route,10.200000,10.000000,210,230,250,270,310,330,340,340,480,480,480,193,184,210,239.9614063164562,91.46920900093392,851.4725840068422,147.02072538860102
1777169496,128,,Aggregated,211.200000,116.300000,200,210,230,250,310,330,390,430,1000,1100,1100,4112,2265,200,204.7853525730606,87.2999579878524,1128.6560000153258,119.5625
1777169497,128,GET,bulk_update_departures,8.700000,8.100000,200,210,230,240,320,340,410,440,440,440,440,201,191,200,243.0128211095299,92.68616698682308,1041.3162919867318,147.92537313432837
1777169497,128,GET,large_scan,18.800000,18.800000,210,230,240,250,320,350,400,410,430,430,430,387,387,210,249.63265060668556,99.1199999989476,1029.4658750062808,149.02325581395348
1777169497,128,GET,next_departures,76.100000,76.100000,210,220,230,250,310,340,390,420,1100,1100,1100,1575,1575,210,232.73508110935504,92.1483339916449,1128.6560000153258,151.31746031746033
1777169497,128,GET,point_read,98.800000,3.000000,120,150,190,200,250,300,320,350,1000,1000,1000,1978,60,120,161.95352619692613,87.2999579878524,1039.06387501047,83.28766430738119
1777169497,128,GET,trips_per_route,9.900000,9.700000,210,220,230,250,300,320,340,340,340,340,340,199,190,210,239.03586580456076,91.46920900093392,851.4725840068422,147.1105527638191
1777169497,128,,Aggregated,212.300000,115.700000,190,210,220,230,290,320,360,400,1000,1100,1100,4340,2403,200,202.74732204784897,87.2999579878524,1128.6560000153258,119.75760368663595
1777169498,128,GET,bulk_update_departures,8.300000,7.900000,200,210,230,240,290,330,410,440,440,440,440,212,202,200,241.63185240564107,92.68616698682308,1041.3162919867318,148.03301886792454
1777169498,128,GET,large_scan,18.600000,18.600000,210,220,230,230,290,340,400,410,430,430,430,406,406,210,247.89777317206523,97.5207920128014,1029.4658750062808,149.0024630541872
1777169498,128,GET,next_departures,77.700000,77.700000,200,220,230,240,290,330,380,410,490,490,490,1660,1660,210,231.81265667435034,92.1483339916449,1128.6560000153258,151.35542168674698
1777169498,128,GET,point_read,98.200000,4.000000,110,130,160,180,210,260,310,330,390,390,390,2084,67,120,160.24438065095237,87.2999579878524,1039.06387501047,83.41314779270634
1777169498,128,GET,trips_per_route,10.500000,10.300000,210,220,230,250,290,320,340,340,340,340,340,206,197,210,238.31238512665223,91.46920900093392,851.4725840068422,147.20873786407768
1777169498,128,,Aggregated,213.300000,118.500000,190,200,210,220,260,310,350,390,470,490,490,4568,2532,200,201.34043329902607,87.2999579878524,1128.6560000153258,119.80866900175131
1777169499,128,GET,bulk_update_departures,8.600000,8.300000,200,210,210,230,260,290,390,400,400,400,400,218,207,210,243.33477905967996,92.68616698682308,1041.3162919867318,147.89449541284404
1777169499,128,GET,large_scan,17.200000,17.200000,210,220,230,230,280,330,360,380,400,400,400,416,416,210,249.65148185541554,97.5207920128014,1029.4658750062808,149.02644230769232
1777169499,128,GET,next_departures,78.800000,78.800000,200,220,230,240,290,320,350,400,520,520,520,1716,1716,210,234.7267645695685,92.1483339916449,1128.6560000153258,151.32575757575756
1777169499,128,GET,point_read,100.000000,3.000000,110,130,150,170,210,270,320,360,390,390,390,2169,67,120,162.85158261711936,87.2999579878524,1039.06387501047,83.32503457814661
1777169499,128,GET,trips_per_route,10.900000,10.600000,200,220,230,250,320,340,490,510,510,510,510,212,203,210,241.41967650980664,91.46920900093392,851.4725840068422,147.28773584905662
1777169499,128,,Aggregated,215.500000,117.900000,190,200,210,220,260,310,350,370,510,520,520,4731,2609,200,203.78338203442266,87.2999579878524,1128.6560000153258,119.60853942084125
1777169500,128,GET,bulk_update_departures,8.900000,8.600000,200,210,230,240,310,330,400,410,410,410,410,232,221,210,245.8919931810544,92.68616698682308,1041.3162919867318,148.02155172413794
1777169500,128,GET,large_scan,17.900000,17.900000,210,220,230,250,320,340,390,450,450,450,450,436,436,210,252.3774839262825,97.5207920128014,1029.4658750062808,149.0091743119266
1777169500,128,GET,next_departures,79.700000,79.700000,210,220,230,250,300,340,380,410,520,520,520,1801,1801,210,236.8078307675885,92.1483339916449,1128.6560000153258,151.33259300388673
1777169500,128,GET,point_read,100.800000,3.700000,110,130,160,180,230,290,320,340,390,390,390,2260,67,120,165.84358974536354,87.2999579878524,1039.06387501047,83.23938053097345
1777169500,128,GET,trips_per_route,10.700000,10.400000,200,220,230,230,320,340,400,490,510,510,510,226,216,210,241.62118033229362,91.46920900093392,851.4725840068422,147.17256637168143
1777169500,128,,Aggregated,218.000000,120.300000,190,200,220,230,280,320,350,400,510,520,520,4955,2741,200,206.45556573196987,87.2999579878524,1128.6560000153258,119.72573158425833
1777169501,128,GET,bulk_update_departures,9.200000,9.000000,200,220,240,240,320,390,410,450,460,460,460,245,233,210,248.033722954902,92.68616698682308,1041.3162919867318,147.9551020408163
1777169501,128,GET,large_scan,17.400000,17.400000,210,230,240,270,330,390,410,450,470,470,470,457,457,210,254.65992376323192,97.5207920128014,1029.4658750062808,149.054704595186
1777169501,128,GET,next_departures,81.300000,81.300000,210,220,230,250,310,350,430,450,520,520,520,1871,1871,210,239.11679438663145,92.1483339916449,1128.6560000153258,151.309460181721
1777169501,128,GET,point_read,102.400000,4.300000,110,140,180,200,250,290,320,340,390,390,390,2334,67,120,167.38361883743164,87.2999579878524,1039.06387501047,83.17523564695801
1777169501,128,GET,trips_per_route,10.300000,10.000000,200,220,230,230,320,400,490,510,510,510,510,236,225,210,245.18794475899716,91.46920900093392,851.4725840068422,147.02118644067798
1777169501,128,,Aggregated,220.600000,122.000000,190,210,220,230,290,330,400,440,510,520,520,5143,2853,200,208.64730525195884,87.2999579878524,1128.6560000153258,119.83181022749368
1777169502,128,GET,bulk_update_departures,8.900000,8.700000,210,240,250,280,330,390,410,450,460,460,460,256,244,210,249.97772558560882,92.68616698682308,1041.3162919867318,148.04296875
1777169502,128,GET,large_scan,16.900000,16.900000,210,230,270,290,340,390,410,450,470,470,470,468,468,220,255.06193009144218,97.5207920128014,1029.4658750062808,149.01923076923077
1777169502,128,GET,next_departures,80.600000,80.600000,210,230,260,280,320,370,430,450,520,520,520,1953,1953,210,240.75579056028693,92.1483339916449,1128.6560000153258,151.29288274449564
1777169502,128,GET,point_read,100.200000,4.200000,120,160,190,200,250,290,320,340,390,390,390,2422,67,130,167.74508327980254,87.2999579878524,1039.06387501047,83.10074318744839
1777169502,128,GET,trips_per_route,10.500000,10.200000,210,230,270,280,320,400,490,510,510,510,510,252,241,220,246.8940436630787,91.46920900093392,851.4725840068422,147.21031746031747
1777169502,128,,Aggregated,217.100000,120.600000,200,210,230,250,300,340,400,440,510,520,520,5351,2973,200,209.6907551305791,87.2999579878524,1128.6560000153258,119.88076994954214
1777169503,128,GET,bulk_update_departures,9.400000,9.200000,220,240,270,290,330,390,410,450,460,460,460,265,253,210,249.33882327146284,92.68616698682308,1041.3162919867318,148.10943396226415
1777169503,128,GET,large_scan,17.000000,17.000000,220,240,280,300,350,390,410,450,470,470,470,488,488,220,255.09258424969377,97.5207920128014,1029.4658750062808,149.0594262295082
1777169503,128,GET,next_departures,80.800000,80.800000,220,240,280,290,330,370,430,450,520,520,520,2028,2028,210,240.9909080825179,92.1483339916449,1128.6560000153258,151.33136094674558
1777169503,128,GET,point_read,97.700000,4.200000,120,170,190,200,250,290,320,340,390,390,390,2514,67,130,166.63001519520668,87.2999579878524,1039.06387501047,83.03261734287987
1777169503,128,GET,trips_per_route,10.400000,10.200000,230,240,280,290,320,400,490,510,510,510,510,262,251,220,247.1790634698185,91.46920900093392,851.4725840068422,147.31679389312978
1777169503,128,,Aggregated,215.300000,121.400000,200,220,240,260,310,340,400,440,510,520,520,5557,3087,200,209.2780823649409,87.2999579878524,1128.6560000153258,119.89040849379161
1777169504,128,GET,bulk_update_departures,10.400000,10.100000,210,240,260,280,330,390,410,450,460,460,460,283,270,210,245.8657558972235,92.68616698682308,1041.3162919867318,148.08127208480565
1777169504,128,GET,large_scan,17.700000,17.700000,220,240,290,300,350,390,410,450,470,470,470,506,506,210,253.05903118758062,97.5207920128014,1029.4658750062808,149.09288537549406
1777169504,128,GET,next_departures,81.700000,81.700000,220,240,280,290,330,370,430,450,520,520,520,2095,2095,210,239.52670412091982,92.1483339916449,1128.6560000153258,151.3126491646778
1777169504,128,GET,point_read,95.500000,3.600000,120,170,190,200,250,290,320,340,390,390,390,2637,72,120,163.92351107464896,87.2999579878524,1039.06387501047,83.0773606370876
1777169504,128,GET,trips_per_route,10.100000,9.800000,230,240,280,290,320,400,490,510,510,510,510,268,257,220,246.04413636606932,91.46920900093392,851.4725840068422,147.37686567164178
1777169504,128,,Aggregated,215.400000,122.900000,200,220,240,260,310,340,400,440,510,520,520,5789,3200,200,206.88244102316688,87.2999579878524,1128.6560000153258,119.69597512523752
1777169505,128,GET,bulk_update_departures,11.000000,10.700000,210,250,270,290,330,390,410,450,460,460,460,291,278,210,244.9975443982537,92.68616698682308,1041.3162919867318,148.1340206185567
1777169505,128,GET,large_scan,16.800000,16.800000,220,240,270,300,340,390,410,450,470,470,470,531,531,210,250.6611019151729,97.5207920128014,1029.4658750062808,149.135593220339
1777169505,128,GET,next_departures,79.700000,79.700000,220,250,280,300,330,370,430,450,520,520,520,2185,2185,210,238.17948776123313,92.1483339916449,1128.6560000153258,151.30434782608697
1777169505,128,GET,point_read,95.100000,3.100000,130,170,190,200,250,290,320,340,390,390,390,2736,88,120,162.69631882052678,87.2999579878524,1039.06387501047,83.4108187134503
1777169505,128,GET,trips_per_route,9.700000,9.400000,230,250,280,290,320,400,490,510,510,510,510,278,267,220,244.89223277372167,91.46920900093392,851.4725840068422,147.47122302158274
1777169505,128,,Aggregated,212.300000,119.700000,200,220,240,260,310,340,400,440,510,520,520,6021,3349,200,205.61944532456386,87.2999579878524,1128.6560000153258,119.93140674306593
1777169506,128,GET,bulk_update_departures,10.900000,10.600000,210,240,260,280,330,390,410,450,460,460,460,306,292,210,242.62039216961546,92.68616698682308,1041.3162919867318,148.08823529411765
1777169506,128,GET,large_scan,17.500000,17.500000,210,240,270,290,340,390,410,450,470,470,470,555,555,210,248.40009578730206,94.26995800458826,1029.4658750062808,149.12432432432433
1777169506,128,GET,next_departures,78.800000,78.800000,220,250,280,300,330,370,430,450,520,520,520,2268,2268,210,236.75477320603585,92.1483339916449,1128.6560000153258,151.28968253968253
1777169506,128,GET,point_read,95.800000,3.100000,130,170,190,210,250,290,320,340,390,390,390,2829,88,120,160.9767910322011,87.2999579878524,1039.06387501047,83.3400494874514
1777169506,128,GET,trips_per_route,10.200000,9.900000,230,260,280,300,320,400,490,510,510,510,510,288,277,220,243.3981799899306,91.46920900093392,851.4725840068422,147.55902777777777
1777169506,128,,Aggregated,213.200000,119.900000,200,220,240,260,310,340,400,440,510,520,520,6246,3480,200,204.06111694914205,87.2999579878524,1128.6560000153258,119.99199487672111
1777169507,128,GET,bulk_update_departures,11.100000,10.700000,210,240,260,280,330,390,410,450,460,460,460,319,303,210,240.25615610316947,92.68616698682308,1041.3162919867318,147.90595611285266
1777169507,128,GET,large_scan,17.500000,17.500000,210,240,270,300,340,390,410,450,470,470,470,572,572,210,246.4312242814771,94.26995800458826,1029.4658750062808,149.00874125874125
1777169507,128,GET,next_departures,78.300000,78.300000,220,240,280,290,330,370,430,450,520,520,520,2366,2366,210,235.03626227953885,92.1483339916449,1128.6560000153258,151.28909551986476
1777169507,128,GET,point_read,95.500000,3.100000,120,170,190,210,260,290,320,340,390,390,390,2915,88,120,159.33074133755602,87.2999579878524,1039.06387501047,83.27993138936534
1777169507,128,GET,trips_per_route,10.000000,9.700000,230,250,280,290,320,400,490,510,510,510,510,299,288,210,241.63631968934908,91.46920900093392,851.4725840068422,147.64882943143812
1777169507,128,,Aggregated,212.400000,119.300000,200,220,240,260,310,340,400,440,510,520,520,6471,3617,200,202.50263347633998,87.2999579878524,1128.6560000153258,120.11636532220678
1777169508,128,GET,bulk_update_departures,11.000000,10.700000,210,230,250,270,330,390,410,450,460,460,460,330,314,210,238.97769256630758,92.68616698682308,1041.3162919867318,147.97575757575757
1777169508,128,GET,large_scan,18.500000,18.500000,210,230,260,290,330,390,410,450,470,470,470,592,592,210,244.95726512838235,94.26995800458826,1029.4658750062808,149.04222972972974
1777169508,128,GET,next_departures,77.000000,77.000000,210,230,260,290,320,370,430,450,520,520,520,2437,2437,210,234.0747611359764,92.1483339916449,1128.6560000153258,151.25153877718506
1777169508,128,GET,point_read,95.300000,3.500000,120,160,190,200,260,290,320,340,390,390,390,3015,88,120,157.76990829152442,87.2999579878524,1039.06387501047,83.20829187396352
1777169508,128,GET,trips_per_route,9.900000,9.600000,220,240,270,280,320,400,480,490,510,510,510,314,303,210,239.76164318502148,91.46920900093392,851.4725840068422,147.7611464968153
1777169508,128,,Aggregated,211.700000,119.300000,200,210,230,250,300,340,400,440,510,520,520,6688,3734,200,201.14817013311918,87.2999579878524,1128.6560000153258,120.05607057416267
1777169509,128,GET,bulk_update_departures,11.400000,11.000000,200,220,240,260,300,340,390,450,460,460,460,344,327,210,237.56760248782717,92.68616698682308,1041.3162919867318,147.9360465116279
1777169509,128,GET,large_scan,18.700000,18.700000,200,220,230,250,310,350,410,450,470,470,470,617,617,210,243.6377248719521,94.26995800458826,1029.4658750062808,149.0810372771475
1777169509,128,GET,next_departures,77.500000,77.500000,210,220,240,260,310,330,380,440,510,510,510,2508,2508,210,233.36434327488809,92.1483339916449,1128.6560000153258,151.255980861244
1777169509,128,GET,point_read,94.900000,3.500000,110,130,160,180,220,260,290,300,340,340,340,3117,89,120,156.3101709444847,87.2999579878524,1039.06387501047,83.16329804299005
1777169509,128,GET,trips_per_route,9.400000,9.200000,210,230,250,270,300,320,400,430,480,480,480,329,317,210,238.15797822812493,91.46920900093392,851.4725840068422,147.66869300911853
1777169509,128,,Aggregated,211.900000,119.900000,190,210,220,230,280,310,350,390,470,510,510,6915,3858,200,199.98529025397517,87.2999579878524,1128.6560000153258,120.03268257411425
1777169510,128,GET,bulk_update_departures,11.600000,11.000000,200,220,250,260,300,350,390,450,460,460,460,352,334,210,238.1805358857243,92.68616698682308,1041.3162919867318,147.86647727272728
1777169510,128,GET,large_scan,18.400000,18.400000,200,220,230,250,310,350,390,410,470,470,470,635,635,210,244.1085337197837,94.26995800458826,1029.4658750062808,149.06456692913386
1777169510,128,GET,next_departures,78.500000,78.500000,210,220,240,260,300,330,380,440,510,510,510,2575,2575,210,233.70913202900357,92.1483339916449,1128.6560000153258,151.2621359223301
1777169510,128,GET,point_read,93.500000,2.800000,110,130,150,170,200,220,260,280,330,330,330,3221,105,120,156.28356178109814,87.2999579878524,1039.06387501047,83.44458242781745
1777169510,128,GET,trips_per_route,10.200000,10.000000,210,230,260,270,300,320,400,430,480,480,480,338,326,210,238.4137187013437,91.46920900093392,851.4725840068422,147.73076923076923
1777169510,128,,Aggregated,212.200000,120.700000,190,200,220,230,270,310,350,390,470,510,510,7121,3975,200,200.05935569954966,87.2999579878524,1128.6560000153258,120.05518887796657
1777169511,128,GET,bulk_update_departures,12.100000,11.500000,200,210,250,260,300,330,340,350,350,350,350,366,348,210,239.51179156475254,92.68616698682308,1041.3162919867318,147.94808743169398
1777169511,128,GET,large_scan,19.000000,19.000000,200,220,230,240,300,330,360,380,410,410,410,649,649,210,245.12850319874653,94.26995800458826,1029.4658750062808,149.0431432973806
1777169511,128,GET,next_departures,78.800000,78.800000,210,220,240,250,290,320,340,350,370,370,370,2660,2660,210,234.5194422841664,92.1483339916449,1128.6560000153258,151.2593984962406
1777169511,128,GET,point_read,91.800000,2.100000,110,130,150,170,210,230,290,310,330,330,330,3305,105,120,158.30732210132092,87.2999579878524,1039.06387501047,83.38366111951588
1777169511,128,GET,trips_per_route,11.200000,11.000000,210,230,250,260,290,300,340,370,420,420,420,351,338,210,239.76549371812317,91.46920900093392,851.4725840068422,147.63532763532763
1777169511,128,,Aggregated,212.900000,122.400000,190,200,210,220,270,300,330,340,380,420,420,7331,4100,200,201.60071185438485,87.2999579878524,1128.6560000153258,120.1242668121675
1777169512,128,GET,bulk_update_departures,12.200000,11.600000,200,210,230,250,280,330,340,340,350,350,350,378,359,210,239.43313173729516,92.68616698682308,1041.3162919867318,147.8994708994709
1777169512,128,GET,large_scan,20.000000,20.000000,200,220,230,240,300,330,360,380,410,410,410,669,669,210,245.7729724588385,94.26995800458826,1029.4658750062808,149.07174887892376
1777169512,128,GET,next_departures,77.800000,77.800000,210,220,230,240,290,320,340,340,370,370,370,2730,2730,210,235.03425218859576,92.1483339916449,1128.6560000153258,151.25457875457874
1777169512,128,GET,point_read,94.900000,2.200000,110,130,170,190,230,280,300,310,330,330,330,3397,105,120,160.3475118995607,87.2999579878524,1039.06387501047,83.32381513099794
1777169512,128,GET,trips_per_route,11.600000,11.300000,210,220,240,260,290,310,340,370,420,420,420,364,351,210,240.02712867058017,91.46920900093392,851.4725840068422,147.71978021978023
1777169512,128,,Aggregated,216.500000,122.900000,190,210,220,230,270,300,330,340,380,420,420,7538,4214,200,202.79141995296177,87.2999579878524,1128.6560000153258,120.1089148315203
1777169513,128,GET,bulk_update_departures,12.400000,11.700000,210,220,250,260,310,330,340,350,390,390,390,389,370,210,240.59066443892908,92.68616698682308,1041.3162919867318,147.95886889460155
1777169513,128,GET,large_scan,20.500000,20.500000,210,220,250,270,310,340,370,390,410,410,410,693,693,210,246.83445513407696,94.26995800458826,1029.4658750062808,149.02597402597402
1777169513,128,GET,next_departures,80.200000,80.200000,210,220,240,260,300,330,340,370,490,490,490,2800,2800,210,236.19528598777833,92.1483339916449,1128.6560000153258,151.25
1777169513,128,GET,point_read,97.300000,3.800000,120,160,190,210,260,300,310,350,430,430,430,3481,105,120,162.24246928866486,87.2999579878524,1039.06387501047,83.2731973570813
1777169513,128,GET,trips_per_route,11.700000,11.500000,210,220,240,260,290,320,340,370,420,420,420,369,356,210,240.42125678350544,91.46920900093392,851.4725840068422,147.75067750677508
1777169513,128,,Aggregated,222.100000,127.700000,200,210,230,240,290,310,340,370,420,490,490,7732,4324,200,204.27759001388955,87.2999579878524,1128.6560000153258,120.11445938954992
1777169514,128,GET,bulk_update_departures,12.400000,11.800000,210,230,260,270,310,330,340,350,390,390,390,391,372,210,240.86431321419138,92.68616698682308,1041.3162919867318,147.9693094629156
1777169514,128,GET,large_scan,19.500000,19.500000,210,240,270,280,320,340,370,390,410,410,410,708,708,210,247.46609497165056,94.26995800458826,1029.4658750062808,149.04661016949152
1777169514,128,GET,next_departures,77.600000,77.600000,210,240,260,270,310,330,350,370,490,490,490,2890,2890,210,237.34574687852893,92.1483339916449,1128.6560000153258,151.25432525951558
1777169514,128,GET,point_read,96.500000,3.800000,130,170,200,210,260,300,310,350,430,430,430,3564,105,120,162.01441497557806,87.2999579878524,1039.06387501047,83.2253086419753
1777169514,128,GET,trips_per_route,11.300000,11.100000,210,230,260,270,290,340,340,370,420,420,420,379,365,220,240.96346141446116,91.46920900093392,851.4725840068422,147.64116094986807
1777169514,128,,Aggregated,217.300000,123.800000,200,220,240,260,300,320,340,370,420,490,490,7932,4440,200,204.7475639226761,87.2999579878524,1128.6560000153258,120.1559505799294
1777169515,128,GET,bulk_update_departures,12.100000,11.400000,210,230,260,270,310,330,340,350,390,390,390,399,379,210,239.88755902186162,92.68616698682308,1041.3162919867318,147.9047619047619
1777169515,128,GET,large_scan,20.000000,20.000000,210,240,270,290,320,340,370,390,410,410,410,728,728,210,246.13663551493087,94.26995800458826,1029.4658750062808,149.0728021978022
1777169515,128,GET,next_departures,77.700000,77.700000,210,240,260,270,310,330,350,370,490,490,490,2986,2986,210,236.14716022835242,92.1483339916449,1128.6560000153258,151.23911587407903
1777169515,128,GET,point_read,97.000000,3.800000,120,160,190,210,260,300,310,350,430,430,430,3668,105,120,160.46975772846622,87.2999579878524,1039.06387501047,83.16821155943293
1777169515,128,GET,trips_per_route,11.100000,10.900000,210,230,260,270,290,340,340,370,420,420,420,385,371,210,240.3736939429995,91.46920900093392,851.4725840068422,147.6779220779221
1777169515,128,,Aggregated,217.900000,123.800000,200,220,240,250,300,320,340,370,420,490,490,8166,4569,200,203.42701085752162,87.2999579878524,1128.6560000153258,120.139113397012
1777169516,128,GET,bulk_update_departures,11.900000,11.200000,210,230,260,270,310,330,340,350,390,390,390,414,393,210,238.03360559339276,92.68616698682308,1041.3162919867318,147.87922705314008
1777169516,128,GET,large_scan,20.300000,20.300000,210,240,270,280,320,340,370,390,410,410,410,750,750,210,244.72966353587495,94.26995800458826,1029.4658750062808,149.1
1777169516,128,GET,next_departures,77.700000,77.700000,210,240,260,270,310,330,350,370,490,490,490,3072,3072,210,234.96265787266188,92.1483339916449,1128.6560000153258,151.2451171875
1777169516,128,GET,point_read,94.300000,3.800000,120,170,200,210,260,300,310,350,430,430,430,3763,114,120,159.30202431943877,87.03095899545588,1039.06387501047,83.28301886792453
1777169516,128,GET,trips_per_route,10.400000,10.200000,210,230,260,270,290,340,340,370,420,420,420,394,380,210,239.49206577929218,91.46920900093392,851.4725840068422,147.73096446700507
1777169516,128,,Aggregated,214.600000,123.200000,200,210,240,250,300,320,340,370,420,490,490,8393,4709,200,202.27711626158433,87.03095899545588,1128.6560000153258,120.2516382699869
1777169517,128,GET,bulk_update_departures,11.200000,10.600000,210,240,260,270,310,330,350,390,390,390,390,419,398,210,237.55194989902964,92.68616698682308,1041.3162919867318,147.90453460620526
1777169517,128,GET,large_scan,20.300000,20.300000,210,240,270,280,320,340,370,390,410,410,410,771,771,210,243.4425247846269,94.26995800458826,1029.4658750062808,149.12451361867704
1777169517,128,GET,next_departures,78.700000,78.700000,210,240,260,270,310,330,350,370,490,490,490,3165,3165,210,233.7041588141149,92.1483339916449,1128.6560000153258,151.24012638230647
1777169517,128,GET,point_read,93.300000,3.100000,120,170,200,210,260,300,310,350,430,430,430,3858,114,120,157.92652421769333,87.03095899545588,1039.06387501047,83.23224468636599
1777169517,128,GET,trips_per_route,11.100000,10.800000,210,230,260,270,290,340,340,370,420,420,420,407,393,210,238.12152171025227,91.46920900093392,851.4725840068422,147.8034398034398
1777169517,128,,Aggregated,214.600000,123.500000,200,210,240,250,300,320,340,370,420,490,490,8620,4841,200,201.05546473680369,87.03095899545588,1128.6560000153258,120.28863109048724
1777169518,128,GET,bulk_update_departures,10.800000,10.100000,210,240,260,280,310,330,350,390,390,390,390,429,408,210,236.73369970792982,92.68616698682308,1041.3162919867318,147.95337995337997
1777169518,128,GET,large_scan,19.100000,19.100000,210,240,270,290,320,340,370,390,410,410,410,786,786,210,242.31715222768653,88.68345801602118,1029.4658750062808,149.0381679389313
1777169518,128,GET,next_departures,79.400000,79.400000,210,240,260,270,310,330,350,370,490,490,490,3244,3244,210,232.83818201102707,92.1483339916449,1128.6560000153258,151.22533908754625
1777169518,128,GET,point_read,93.800000,1.700000,120,170,200,220,260,300,310,350,430,430,430,3945,114,120,157.09622078017463,86.39237500028685,1039.06387501047,83.1852978453739
1777169518,128,GET,trips_per_route,10.700000,10.400000,210,230,260,270,300,340,370,420,420,420,420,414,400,210,237.51185276830435,91.46920900093392,851.4725840068422,147.84057971014494
1777169518,128,,Aggregated,213.800000,120.700000,200,220,240,250,300,320,340,370,420,490,490,8818,4952,200,200.20657737506264,86.39237500028685,1128.6560000153258,120.272510773418
1777169519,128,GET,bulk_update_departures,10.900000,10.200000,210,240,270,290,320,330,350,350,390,390,390,448,427,210,236.65894775149354,92.68616698682308,1041.3162919867318,148.04017857142858
1777169519,128,GET,large_scan,20.200000,20.200000,210,250,280,290,320,350,370,390,410,410,410,802,802,210,241.74297348866293,88.68345801602118,1029.4658750062808,149.02369077306733
1777169519,128,GET,next_departures,79.200000,79.200000,210,240,260,270,310,340,350,370,490,490,490,3341,3341,210,232.38158208378405,92.1483339916449,1128.6560000153258,151.21969470218497
1777169519,128,GET,point_read,93.400000,2.600000,120,170,200,220,260,300,320,370,1100,1100,1100,4047,114,120,156.28424940844323,86.39237500028685,1133.2665410009213,83.13367926859402
1777169519,128,GET,trips_per_route,10.700000,10.400000,210,250,270,280,330,340,370,420,420,420,420,429,415,210,237.90999000726782,91.46920900093392,851.4725840068422,147.91608391608392
1777169519,128,,Aggregated,214.400000,122.600000,200,220,240,260,300,330,350,380,430,1100,1100,9067,5099,200,199.71696064206319,86.39237500028685,1133.2665410009213,120.3222675636925
1777169520,128,GET,bulk_update_departures,10.300000,9.800000,210,220,250,270,310,330,330,350,390,390,390,460,438,210,235.5288864339894,92.68616698682308,1041.3162919867318,148.0021739130435
1777169520,128,GET,large_scan,19.700000,19.700000,210,230,260,280,310,330,350,370,390,390,390,819,819,210,240.88422032717048,88.68345801602118,1029.4658750062808,149.01098901098902
1777169520,128,GET,next_departures,80.300000,80.300000,200,220,240,260,310,330,350,370,490,490,490,3427,3427,210,231.6562614650814,92.1483339916449,1128.6560000153258,151.21097169536037
1777169520,128,GET,point_read,93.900000,2.600000,110,150,190,210,260,300,310,370,1100,1100,1100,4152,114,120,155.1946080835618,86.39237500028685,1133.2665410009213,83.08550096339114
1777169520,128,GET,trips_per_route,10.400000,10.100000,210,230,260,270,300,340,350,360,360,360,360,440,426,210,237.23376734362154,91.46920900093392,851.4725840068422,147.96818181818182
1777169520,128,,Aggregated,214.600000,122.500000,200,210,230,240,290,320,340,370,430,1100,1100,9298,5224,200,198.78084992929274,86.39237500028685,1133.2665410009213,120.28371692837169
1777169521,128,GET,bulk_update_departures,10.300000,9.800000,200,210,230,240,300,320,350,390,390,390,390,463,441,210,235.3588313728744,92.68616698682308,1041.3162919867318,148.01511879049676
1777169521,128,GET,large_scan,19.200000,19.200000,200,230,240,260,290,320,350,370,390,390,390,838,838,210,240.24973482328778,88.68345801602118,1029.4658750062808,148.96897374701672
1777169521,128,GET,next_departures,80.600000,80.600000,200,220,240,250,300,330,350,370,570,570,570,3484,3484,210,231.58789250740261,92.1483339916449,1128.6560000153258,151.20551090700346
1777169521,128,GET,point_read,93.700000,2.600000,110,130,160,180,230,270,310,370,1100,1100,1100,4256,120,120,154.7809739327603,86.39237500028685,1133.2665410009213,83.13627819548873
1777169521,128,GET,trips_per_route,10.300000,10.000000,210,220,230,270,290,330,350,360,360,360,360,446,432,210,236.9462594488712,91.46920900093392,851.4725840068422,147.99551569506727
1777169521,128,,Aggregated,214.100000,122.200000,190,210,220,230,270,310,340,370,490,1100,1100,9487,5315,200,198.3322958759746,86.39237500028685,1133.2665410009213,120.16454095077475
1777169522,128,GET,bulk_update_departures,10.300000,9.900000,200,220,260,290,320,350,390,390,390,390,390,474,452,210,237.3553263177611,92.68616698682308,1041.3162919867318,148.06118143459915
1777169522,128,GET,large_scan,18.200000,18.200000,200,230,250,270,300,320,370,370,390,390,390,857,857,210,241.1981555704903,88.68345801602118,1029.4658750062808,148.9603267211202
1777169522,128,GET,next_departures,83.100000,83.100000,210,220,240,260,310,340,370,400,590,590,590,3553,3553,210,233.2201940826478,92.1483339916449,1128.6560000153258,151.20320855614975
1777169522,128,GET,point_read,92.900000,2.500000,110,130,160,180,230,270,340,380,1100,1100,1100,4353,128,120,156.73950939412387,86.39237500028685,1133.2665410009213,83.21892947392602
1777169522,128,GET,trips_per_route,9.700000,9.500000,210,220,240,260,320,350,400,570,570,570,570,459,444,210,238.3404098696396,91.46920900093392,851.4725840068422,147.91285403050108
1777169522,128,,Aggregated,214.200000,123.200000,190,210,220,240,290,330,360,390,590,1100,1100,9696,5434,200,200.03402703145238,86.39237500028685,1133.2665410009213,120.17419554455445
1777169523,128,GET,bulk_update_departures,10.700000,10.300000,200,210,240,290,320,350,390,390,390,390,390,482,459,210,238.04257392868325,92.68616698682308,1041.3162919867318,148.00414937759336
1777169523,128,GET,large_scan,18.400000,18.400000,200,220,240,260,300,320,350,370,370,370,370,870,870,210,241.82026497805597,88.68345801602118,1029.4658750062808,148.94482758620688
1777169523,128,GET,next_departures,83.300000,83.300000,200,220,240,250,310,340,360,380,590,590,590,3610,3610,210,233.73320361101418,92.1483339916449,1128.6560000153258,151.21883656509695
1777169523,128,GET,point_read,93.200000,0.900000,110,130,170,190,240,290,320,340,1100,1100,1100,4442,128,120,158.36116706453376,86.39237500028685,1133.2665410009213,83.17582170193606
1777169523,128,GET,trips_per_route,9.800000,9.600000,210,220,240,260,330,350,400,570,570,570,570,468,452,210,238.638786427713,91.46920900093392,851.4725840068422,147.81623931623932
1777169523,128,,Aggregated,215.400000,122.500000,190,210,220,230,280,320,350,370,590,1100,1100,9872,5519,200,200.97450084573782,86.39237500028685,1133.2665410009213,120.08356969205835
1777169524,128,GET,bulk_update_departures,9.400000,9.000000,210,220,280,300,330,350,390,390,390,390,390,488,465,210,238.7320235811487,92.68616698682308,1041.3162919867318,148.02868852459017
1777169524,128,GET,large_scan,18.700000,18.700000,200,220,240,260,310,320,350,370,370,370,370,886,886,210,242.14740268617783,88.68345801602118,1029.4658750062808,148.96388261851015
1777169524,128,GET,next_departures,83.500000,83.500000,200,220,240,250,310,340,360,380,590,590,590,3691,3691,210,234.35799588887204,92.1483339916449,1128.6560000153258,151.19886209699268
1777169524,128,GET,point_read,96.200000,1.500000,120,160,200,220,260,300,320,340,1100,1100,1100,4540,128,120,160.10130191137728,86.39237500028685,1133.2665410009213,83.13348017621145
1777169524,128,GET,trips_per_route,9.500000,9.400000,210,220,240,260,330,350,400,570,570,570,570,478,461,210,239.46363495441912,91.46920900093392,851.4725840068422,147.73012552301256
1777169524,128,,Aggregated,217.300000,122.100000,200,210,220,240,290,320,350,370,590,1100,1100,10083,5631,200,202.0611640681589,86.39237500028685,1133.2665410009213,120.03729048894178
1777169525,128,GET,bulk_update_departures,9.500000,9.200000,210,250,290,300,330,350,390,390,390,390,390,497,474,210,239.31331364305595,92.68616698682308,1041.3162919867318,148.06438631790743
1777169525,128,GET,large_scan,18.800000,18.800000,210,240,270,290,320,360,400,440,450,450,450,903,903,210,243.90048485158778,88.68345801602118,1029.4658750062808,148.95348837209303
1777169525,128,GET,next_departures,81.900000,81.900000,210,240,270,280,330,350,400,470,590,590,590,3756,3756,210,235.76931267570515,92.1483339916449,1128.6560000153258,151.20473908413206
1777169525,128,GET,point_read,95.700000,2.300000,130,190,210,230,290,310,340,360,1100,1100,1100,4633,128,120,161.1917115198744,86.39237500028685,1133.2665410009213,83.09540254694582
1777169525,128,GET,trips_per_route,9.600000,9.400000,220,240,260,300,340,360,430,570,570,570,570,486,467,210,240.5659167700612,91.46920900093392,851.4725840068422,147.50411522633746
1777169525,128,,Aggregated,215.500000,121.600000,200,220,240,260,310,340,370,430,590,1100,1100,10275,5728,200,203.25514629035123,86.39237500028685,1133.2665410009213,119.9694403892944
1777169526,128,GET,bulk_update_departures,9.600000,9.200000,220,270,300,310,330,350,390,390,390,390,390,504,480,210,239.23824596550688,92.68616698682308,1041.3162919867318,148.00992063492063
1777169526,128,GET,large_scan,18.100000,18.100000,220,250,280,300,330,360,400,440,450,450,450,925,925,210,243.7239467436951,88.68345801602118,1029.4658750062808,148.97837837837838
1777169526,128,GET,next_departures,80.900000,80.900000,210,240,270,290,330,360,400,490,1000,1000,1000,3848,3848,210,235.58972627359861,92.1483339916449,1128.6560000153258,151.1954261954262
1777169526,128,GET,point_read,98.400000,2.300000,130,190,210,230,290,310,340,360,1100,1100,1100,4734,128,120,160.40784345026213,86.39237500028685,1133.2665410009213,83.0515420363329
1777169526,128,GET,trips_per_route,10.300000,10.000000,220,240,260,300,340,350,400,430,570,570,570,501,482,210,239.7091120445823,91.46920900093392,851.4725840068422,147.57884231536926
1777169526,128,,Aggregated,217.300000,120.500000,200,220,250,270,320,340,380,430,1000,1100,1100,10512,5863,200,202.8191580511053,86.39237500028685,1133.2665410009213,119.98715753424658
1777169527,128,GET,bulk_update_departures,9.400000,9.000000,220,270,300,310,330,350,390,390,390,390,390,514,490,210,238.63798591382132,92.68616698682308,1041.3162919867318,148.0486381322957
1777169527,128,GET,large_scan,17.400000,17.400000,220,250,280,300,330,360,400,440,450,450,450,942,942,210,242.87558973877717,88.68345801602118,1029.4658750062808,148.96815286624204
1777169527,128,GET,next_departures,79.400000,79.400000,210,240,270,290,330,360,400,490,1000,1000,1000,3935,3935,210,234.805857293727,92.1483339916449,1128.6560000153258,151.18170266836086
1777169527,128,GET,point_read,96.300000,2.300000,130,190,210,230,290,310,340,360,1100,1100,1100,4827,128,120,159.46331692678095,86.39237500028685,1133.2665410009213,83.0165734410607
1777169527,128,GET,trips_per_route,9.800000,9.500000,220,240,260,300,340,350,400,430,570,570,570,516,497,210,238.70722030100183,91.46920900093392,851.4725840068422,147.64922480620154
1777169527,128,,Aggregated,212.300000,117.600000,200,220,250,270,320,340,380,430,1000,1100,1100,10734,5992,200,202.00411172212887,86.39237500028685,1133.2665410009213,120.01425377305758
1777169528,128,GET,bulk_update_departures,9.800000,9.500000,210,250,290,300,330,340,390,390,390,390,390,522,498,210,238.07582345541826,92.68616698682308,1041.3162919867318,148.0785440613027
1777169528,128,GET,large_scan,18.300000,18.300000,220,250,270,300,330,350,400,440,450,450,450,959,959,210,242.2029587162022,88.68345801602118,1029.4658750062808,148.98644421272158
1777169528,128,GET,next_departures,77.400000,77.400000,210,240,270,280,330,350,400,490,1000,1000,1000,4012,4012,210,234.0995879541012,92.1483339916449,1128.6560000153258,151.20264207377866
1777169528,128,GET,point_read,96.100000,2.300000,130,180,210,230,290,310,340,360,1100,1100,1100,4943,128,120,158.3636877269867,86.39237500028685,1133.2665410009213,82.97390248836739
1777169528,128,GET,trips_per_route,10.000000,9.500000,210,220,240,260,330,350,400,430,570,570,570,528,509,210,237.80748289066128,91.46920900093392,851.4725840068422,147.7026515151515
1777169528,128,,Aggregated,211.600000,117.000000,200,220,240,260,310,340,380,430,1000,1100,1100,10964,6106,200,201.03154172976787,86.39237500028685,1133.2665410009213,119.93132068588106
1777169529,128,GET,bulk_update_departures,9.100000,8.800000,210,250,290,300,330,340,390,390,390,390,390,531,507,210,237.36232684126296,92.68616698682308,1041.3162919867318,148.11111111111111
1777169529,128,GET,large_scan,17.000000,17.000000,220,250,270,300,320,350,400,440,450,450,450,982,982,210,241.20218206098983,88.68345801602118,1029.4658750062808,149.010183299389
1777169529,128,GET,next_departures,78.000000,78.000000,210,240,270,280,330,350,400,490,1000,1000,1000,4096,4096,210,233.22840269818101,92.1483339916449,1128.6560000153258,151.20849609375
1777169529,128,GET,point_read,96.400000,1.400000,130,180,210,230,280,310,330,360,1000,1000,1000,5042,149,120,157.621626780743,86.39237500028685,1133.2665410009213,83.22550575168584
1777169529,128,GET,trips_per_route,10.600000,10.100000,210,220,240,260,330,350,400,430,570,570,570,541,522,210,236.80138864927596,91.46920900093392,851.4725840068422,147.75785582255082
1777169529,128,,Aggregated,211.100000,115.300000,200,220,240,260,310,340,380,430,590,1000,1000,11192,6256,200,200.23599618263978,86.39237500028685,1133.2665410009213,120.07550035739814
1777169530,128,GET,bulk_update_departures,9.200000,8.900000,220,250,290,310,330,350,390,390,390,390,390,543,519,210,236.75159501785697,92.68616698682308,1041.3162919867318,148.15285451197053
1777169530,128,GET,large_scan,17.000000,17.000000,210,250,270,300,320,350,400,440,450,450,450,1003,1003,210,240.39946023820727,88.68345801602118,1029.4658750062808,149.0309072781655
1777169530,128,GET,next_departures,77.100000,77.100000,210,240,270,280,330,350,400,490,1000,1000,1000,4192,4192,210,232.3909535386124,92.1483339916449,1128.6560000153258,151.2106393129771
1777169530,128,GET,point_read,96.700000,1.400000,130,190,210,230,290,310,340,360,1000,1000,1000,5118,149,120,156.88809961908947,86.39237500028685,1133.2665410009213,83.19636576787808
1777169530,128,GET,trips_per_route,11.300000,10.800000,210,220,240,260,330,350,400,430,570,570,570,561,541,210,235.67603224818512,91.46920900093392,851.4725840068422,147.72370766488413
1777169530,128,,Aggregated,211.300000,115.200000,200,220,240,260,310,340,380,430,590,1000,1000,11417,6404,200,199.61699219490256,86.39237500028685,1133.2665410009213,120.21301567837435
1777169531,128,GET,bulk_update_departures,8.600000,8.300000,210,240,270,290,320,330,390,390,390,390,390,556,531,210,235.72999522594145,92.68616698682308,1041.3162919867318,148.11870503597123
1777169531,128,GET,large_scan,17.200000,17.200000,210,240,260,280,320,340,400,440,450,450,450,1023,1023,210,239.56426058344877,88.68345801602118,1029.4658750062808,149.04985337243403
1777169531,128,GET,next_departures,75.100000,75.100000,210,230,250,270,320,340,400,470,1000,1000,1000,4270,4270,210,231.80583534793342,92.1483339916449,1128.6560000153258,151.20023419203747
1777169531,128,GET,point_read,97.400000,1.800000,120,180,200,220,290,310,330,360,1000,1000,1000,5233,149,120,155.80954363681695,86.39237500028685,1133.2665410009213,83.15364035925855
1777169531,128,GET,trips_per_route,11.000000,10.500000,210,220,240,250,330,350,400,430,570,570,570,567,547,210,235.26029616081635,91.46920900093392,851.4725840068422,147.74779541446208
1777169531,128,,Aggregated,209.300000,112.900000,200,210,240,250,310,330,370,420,590,1000,1000,11649,6520,200,198.703318965817,86.39237500028685,1133.2665410009213,120.12816550776891
1777169532,128,GET,bulk_update_departures,8.700000,8.400000,210,220,240,250,290,320,330,390,390,390,390,570,544,210,234.69237729242244,92.68616698682308,1041.3162919867318,148.09298245614036
1777169532,128,GET,large_scan,18.000000,18.000000,200,210,240,250,320,340,400,440,450,450,450,1040,1040,210,238.791549952769,88.68345801602118,1029.4658750062808,149.03942307692307
1777169532,128,GET,next_departures,74.900000,74.900000,200,210,230,240,300,330,370,430,1000,1000,1000,4335,4335,210,231.27842267789646,92.1483339916449,1128.6560000153258,151.19377162629758
1777169532,128,GET,point_read,98.000000,3.500000,110,130,180,190,250,290,320,340,1000,1000,1000,5339,159,120,154.9950317743518,86.39237500028685,1133.2665410009213,83.2414309795842
1777169532,128,GET,trips_per_route,11.600000,11.100000,200,210,220,240,300,340,350,350,430,430,430,576,556,210,234.7182196304958,91.46920900093392,851.4725840068422,147.78298611111111
1777169532,128,,Aggregated,211.200000,115.900000,190,200,210,230,280,320,340,390,500,1000,1000,11860,6634,200,197.9279931253506,86.39237500028685,1133.2665410009213,120.10016863406408
1777169533,128,GET,bulk_update_departures,8.200000,8.000000,210,210,220,240,270,300,330,340,340,340,340,578,551,210,234.8275556759067,92.68616698682308,1041.3162919867318,148.04671280276816
1777169533,128,GET,large_scan,18.000000,18.000000,210,220,240,270,320,340,400,440,450,450,450,1063,1063,210,239.6803646057269,88.68345801602118,1029.4658750062808,149.00940733772342
1777169533,128,GET,next_departures,77.200000,77.200000,200,210,240,260,320,340,380,430,1000,1000,1000,4415,4415,210,232.2353255147463,92.1483339916449,1128.6560000153258,151.19479048697622
1777169533,128,GET,point_read,97.400000,3.500000,110,130,170,190,230,290,320,340,1000,1000,1000,5441,164,120,156.12657114524077,86.39237500028685,1133.2665410009213,83.26888439625068
1777169533,128,GET,trips_per_route,12.000000,11.400000,200,210,220,240,320,340,350,350,430,430,430,588,565,210,235.1776349324009,91.46920900093392,851.4725840068422,147.5017006802721
1777169533,128,,Aggregated,212.800000,118.100000,190,200,210,230,290,330,350,390,500,1000,1000,12085,6758,200,198.89107487345134,86.39237500028685,1133.2665410009213,120.09019445593711
1777169534,128,GET,bulk_update_departures,9.400000,9.100000,210,210,220,240,290,330,350,400,400,400,400,585,558,210,235.5787162609303,92.68616698682308,1041.3162919867318,148.07008547008547
1777169534,128,GET,large_scan,18.700000,18.700000,200,210,240,260,310,330,400,450,500,500,500,1078,1078,210,240.0538425230385,88.68345801602118,1029.4658750062808,149.02319109461968
1777169534,128,GET,next_departures,78.200000,78.200000,200,210,240,250,310,350,390,460,1000,1000,1000,4469,4469,210,232.85340048569628,92.1483339916449,1128.6560000153258,151.18035354665474
1777169534,128,GET,point_read,97.300000,2.900000,110,130,170,190,230,290,320,340,1000,1000,1000,5516,164,120,157.42753976564302,86.39237500028685,1133.2665410009213,83.23984771573605
1777169534,128,GET,trips_per_route,12.100000,11.500000,200,210,220,240,330,340,350,390,430,430,430,596,573,210,235.96291115650854,91.46920900093392,851.4725840068422,147.53523489932886
1777169534,128,,Aggregated,215.700000,120.400000,190,200,210,220,290,330,360,390,500,1000,1000,12244,6842,200,199.78909199768134,86.39237500028685,1133.2665410009213,120.05676249591637
1777169535,128,GET,bulk_update_departures,9.700000,9.300000,210,220,230,250,310,350,370,400,400,400,400,598,571,210,236.79428332539572,92.68616698682308,1041.3162919867318,148.11204013377926
1777169535,128,GET,large_scan,18.800000,18.800000,200,210,230,250,310,340,350,380,500,500,500,1105,1105,210,241.0296462940598,88.68345801602118,1029.4658750062808,148.94932126696833
1777169535,128,GET,next_departures,79.100000,79.100000,200,210,230,250,310,350,380,400,460,460,460,4544,4544,210,233.82561522964005,92.1483339916449,1128.6560000153258,151.18287852112675
1777169535,128,GET,point_read,99.400000,3.100000,110,130,180,200,260,300,320,340,370,370,370,5595,164,120,158.718843262977,86.39237500028685,1133.2665410009213,83.21108132260947
1777169535,128,GET,trips_per_route,11.700000,11.200000,200,210,230,240,310,340,350,350,390,390,390,609,584,210,236.77420574926646,91.46920900093392,851.4725840068422,147.3793103448276
1777169535,128,,Aggregated,218.700000,121.500000,190,210,220,230,290,330,360,380,440,500,500,12451,6968,200,201.00166697812628,86.39237500028685,1133.2665410009213,120.10722030359007
1777169536,128,GET,bulk_update_departures,9.200000,8.800000,210,220,240,260,330,350,370,400,400,400,400,605,578,210,237.21004705717363,92.68616698682308,1041.3162919867318,148.13388429752067
1777169536,128,GET,large_scan,18.800000,18.800000,210,220,250,280,320,340,350,380,500,500,500,1120,1120,210,241.2654741714245,88.68345801602118,1029.4658750062808,148.96339285714285
1777169536,128,GET,next_departures,78.800000,78.800000,210,220,250,270,320,350,380,400,460,460,460,4612,4612,210,234.3193398060496,92.1483339916449,1128.6560000153258,151.16543798785776
1777169536,128,GET,point_read,97.900000,3.600000,120,170,200,220,270,310,330,350,390,390,390,5688,164,120,159.49480503064777,86.39237500028685,1133.2665410009213,83.17739099859352
1777169536,128,GET,trips_per_route,11.800000,11.100000,210,220,250,260,330,340,350,350,390,390,390,619,594,210,237.07164150619653,91.46920900093392,851.4725840068422,147.421647819063
1777169536,128,,Aggregated,216.500000,121.100000,200,210,230,250,300,330,360,380,440,500,500,12644,7068,200,201.54729530478707,86.39237500028685,1133.2665410009213,120.05710218285353
1777169537,128,GET,bulk_update_departures,9.800000,9.400000,210,240,260,300,340,370,390,400,480,480,480,620,592,210,238.4606521702916,92.68616698682308,1041.3162919867318,148.11129032258066
1777169537,128,GET,large_scan,18.900000,18.900000,210,250,280,300,330,350,460,490,500,500,500,1140,1140,210,242.76455934560275,88.68345801602118,1029.4658750062808,148.93421052631578
1777169537,128,GET,next_departures,77.500000,77.500000,210,250,270,290,330,360,390,430,470,470,470,4683,4683,210,235.0679843894045,92.1483339916449,1128.6560000153258,151.17446081571643
1777169537,128,GET,point_read,97.600000,3.600000,120,180,200,220,280,310,330,350,390,390,390,5790,164,120,159.37620046290078,86.39237500028685,1133.2665410009213,83.1426597582038
1777169537,128,GET,trips_per_route,11.700000,11.100000,210,240,260,290,330,340,350,360,390,390,390,624,598,210,237.3903909733016,91.46920900093392,851.4725840068422,147.34134615384616
1777169537,128,,Aggregated,215.500000,120.500000,200,220,250,270,310,340,380,400,480,500,500,12857,7177,200,201.93982869585983,86.39237500028685,1133.2665410009213,120.00474449716108
1777169538,128,GET,bulk_update_departures,10.100000,9.700000,210,230,260,290,340,370,390,400,480,480,480,633,605,210,237.70206558226982,92.68616698682308,1041.3162919867318,148.15007898894154
1777169538,128,GET,large_scan,19.200000,19.200000,210,250,280,290,330,350,430,480,500,500,500,1171,1171,210,241.61432311008426,88.68345801602118,1029.4658750062808,148.96242527754058
1777169538,128,GET,next_departures,77.900000,77.900000,210,240,270,290,330,360,390,430,470,470,470,4769,4769,210,234.43277855642947,92.1483339916449,1128.6560000153258,151.1585237995387
1777169538,128,GET,point_read,96.900000,3.600000,120,180,200,220,280,310,330,350,390,390,390,5890,168,120,158.54401147695287,86.39237500028685,1133.2665410009213,83.15687606112054
1777169538,128,GET,trips_per_route,12.400000,11.800000,210,240,260,290,330,340,350,360,390,390,390,635,608,210,236.6426610351654,91.46920900093392,851.4725840068422,147.28661417322834
1777169538,128,,Aggregated,216.500000,122.200000,200,220,240,260,310,340,370,400,480,500,500,13098,7321,200,201.21377448218533,86.39237500028685,1133.2665410009213,120.04962589708353
1777169539,128,GET,bulk_update_departures,10.200000,9.900000,210,230,260,290,340,370,390,400,480,480,480,643,615,210,237.1302076400758,92.68616698682308,1041.3162919867318,148.1788491446345
1777169539,128,GET,large_scan,19.400000,19.400000,210,250,280,290,330,350,430,480,500,500,500,1190,1190,210,240.96822761678618,88.68345801602118,1029.4658750062808,148.97899159663865
1777169539,128,GET,next_departures,75.500000,75.500000,210,240,270,290,330,360,390,430,470,470,470,4867,4867,210,233.6631855228282,92.1483339916449,1128.6560000153258,151.17628929525375
1777169539,128,GET,point_read,95.400000,3.600000,120,170,200,220,280,310,330,350,390,390,390,5991,168,120,157.73428634839047,86.39237500028685,1133.2665410009213,83.12285094308129
1777169539,128,GET,trips_per_route,11.600000,11.000000,210,240,270,290,330,340,360,390,390,390,390,641,614,210,236.32563242014803,91.46920900093392,851.4725840068422,147.31201248049922
1777169539,128,,Aggregated,212.100000,119.400000,200,220,240,260,310,340,370,400,480,500,500,13332,7454,200,200.49028489428878,86.39237500028685,1133.2665410009213,120.06863186318631
1777169540,128,GET,bulk_update_departures,10.800000,10.400000,210,230,260,290,340,370,390,400,480,480,480,655,627,210,236.63412298414437,92.68616698682308,1041.3162919867318,148.21221374045803
1777169540,128,GET,large_scan,20.100000,20.100000,210,240,280,290,330,350,430,480,500,500,500,1213,1213,210,240.28671680950973,88.68345801602118,1029.4658750062808,148.99835119538335
1777169540,128,GET,next_departures,73.800000,73.800000,210,240,270,290,330,360,390,430,470,470,470,4959,4959,210,233.0988098527288,92.1483339916449,1128.6560000153258,151.1645493042952
1777169540,128,GET,point_read,96.500000,3.600000,120,170,200,220,280,310,330,350,390,390,390,6082,170,120,157.1211043055018,86.39237500028685,1133.2665410009213,83.11739559355475
1777169540,128,GET,trips_per_route,10.600000,9.900000,210,250,280,300,340,340,360,390,390,390,390,648,621,210,235.97475412235428,91.46920900093392,851.4725840068422,147.34104938271605
1777169540,128,,Aggregated,211.800000,117.800000,200,220,240,260,310,340,380,400,480,500,500,13557,7590,200,199.9647660368492,86.39237500028685,1133.2665410009213,120.11772516043372
1777169541,128,GET,bulk_update_departures,11.000000,10.600000,210,230,270,300,340,370,390,400,480,480,480,662,634,210,236.20875241175813,92.68616698682308,1041.3162919867318,148.2311178247734
1777169541,128,GET,large_scan,20.800000,20.800000,210,240,280,290,330,350,430,480,500,500,500,1237,1237,210,239.459447379131,88.68345801602118,1029.4658750062808,148.99595796281326
1777169541,128,GET,next_departures,76.100000,76.100000,210,240,270,290,330,360,390,430,470,470,470,5041,5041,210,232.49269184719878,92.1483339916449,1128.6560000153258,151.16048403094624
1777169541,128,GET,point_read,95.300000,3.600000,120,170,200,220,280,310,330,350,390,390,390,6183,170,120,156.3107588903729,84.9875410203822,1133.2665410009213,83.0857189066796
1777169541,128,GET,trips_per_route,10.400000,9.600000,210,240,280,300,340,340,360,390,390,390,390,659,632,210,235.31714713383587,91.46920900093392,851.4725840068422,147.3854324734446
1777169541,128,,Aggregated,213.600000,120.700000,200,220,240,260,310,340,380,400,480,500,500,13782,7714,200,199.2541439766836,84.9875410203822,1133.2665410009213,120.10470178493688
1777169542,128,GET,bulk_update_departures,10.900000,10.500000,210,230,280,300,350,370,400,480,480,480,480,672,643,210,235.49157355890722,92.68616698682308,1041.3162919867318,148.19494047619048
1777169542,128,GET,large_scan,20.800000,20.800000,210,230,260,280,330,350,430,480,500,500,500,1260,1260,210,238.5762283634644,88.68345801602118,1029.4658750062808,148.99285714285713
1777169542,128,GET,next_departures,76.700000,76.700000,210,230,260,280,330,360,390,430,470,470,470,5120,5120,210,231.863025240159,91.90849997685291,1128.6560000153258,151.1572265625
1777169542,128,GET,point_read,94.900000,1.900000,120,160,200,220,280,310,330,350,390,390,390,6294,178,120,155.4860512286797,84.9875410203822,1133.2665410009213,83.13870352716873
1777169542,128,GET,trips_per_route,9.600000,8.800000,210,240,280,290,330,340,360,390,390,390,390,669,641,210,234.61395678205605,91.46920900093392,851.4725840068422,147.3288490284006
1777169542,128,,Aggregated,212.900000,118.700000,200,210,240,260,310,340,380,400,480,500,500,14015,7842,200,198.47171016194443,84.9875410203822,1133.2665410009213,120.09140206921155
1777169543,128,GET,bulk_update_departures,11.100000,10.700000,210,220,250,280,330,370,390,400,480,480,480,684,654,210,234.7754434950831,92.68616698682308,1041.3162919867318,148.16520467836258
1777169543,128,GET,large_scan,21.200000,21.200000,200,220,240,260,310,350,430,480,500,500,500,1278,1278,210,237.86188115337382,88.68345801602118,1029.4658750062808,148.96478873239437
1777169543,128,GET,next_departures,76.800000,76.800000,200,220,240,260,310,350,390,430,470,470,470,5199,5199,210,231.34578867272162,91.90849997685291,1128.6560000153258,151.14925947297556
1777169543,128,GET,point_read,94.600000,2.100000,110,130,170,190,250,300,320,350,390,390,390,6398,186,120,154.8103870121066,84.9875410203822,1133.2665410009213,83.19334166927165
1777169543,128,GET,trips_per_route,8.800000,8.100000,210,220,250,260,330,340,360,390,390,390,390,678,650,210,234.1633342613159,91.46920900093392,851.4725840068422,147.36430678466076
1777169543,128,,Aggregated,212.500000,118.900000,200,210,220,230,290,330,370,400,480,500,500,14237,7967,200,197.83523491653727,84.9875410203822,1133.2665410009213,120.09067921612699
1777169544,128,GET,bulk_update_departures,10.400000,10.100000,210,210,230,250,330,370,390,390,480,480,480,693,663,210,234.66226896492853,92.68616698682308,1041.3162919867318,148.18903318903318
1777169544,128,GET,large_scan,21.300000,21.300000,200,220,250,260,310,350,420,460,490,490,490,1306,1306,210,237.65166949847668,88.68345801602118,1029.4658750062808,148.94563552833077
1777169544,128,GET,next_departures,76.800000,76.800000,200,220,230,250,300,330,380,410,470,470,470,5256,5256,210,231.4147926850607,91.90849997685291,1128.6560000153258,151.1463089802131
1777169544,128,GET,point_read,94.600000,2.100000,110,130,150,170,220,280,320,350,390,390,390,6463,186,120,154.7978320723082,84.9875410203822,1133.2665410009213,83.17267522822219
1777169544,128,GET,trips_per_route,9.000000,8.300000,200,220,240,260,290,340,350,360,360,360,360,686,658,210,234.14338028748077,91.46920900093392,851.4725840068422,147.39504373177843
1777169544,128,,Aggregated,212.100000,118.600000,190,200,210,220,280,320,360,380,480,490,490,14404,8069,200,197.88884550617212,84.9875410203822,1133.2665410009213,120.1264232157734
1777169545,128,GET,bulk_update_departures,10.300000,10.000000,210,210,230,250,330,370,410,460,480,480,480,706,675,210,235.7505038013321,92.68616698682308,1041.3162919867318,148.1628895184136
1777169545,128,GET,large_scan,21.300000,21.300000,200,220,240,260,300,360,440,460,490,490,490,1327,1327,210,238.4858075169432,88.68345801602118,1029.4658750062808,148.86058779201207
1777169545,128,GET,next_departures,77.600000,77.600000,200,220,230,250,300,340,430,470,530,530,530,5341,5341,210,232.67337575334398,91.90849997685291,1128.6560000153258,151.14678899082568
1777169545,128,GET,point_read,94.700000,1.900000,110,130,150,170,220,290,330,360,400,400,400,6558,186,120,156.29719898970006,84.9875410203822,1133.2665410009213,83.14303141201586
1777169545,128,GET,trips_per_route,9.200000,8.400000,200,210,230,260,320,340,500,500,500,500,500,699,671,210,235.7206257800132,91.46920900093392,851.4725840068422,147.44349070100142
1777169545,128,,Aggregated,213.100000,119.200000,190,200,210,220,290,330,390,440,500,530,530,14631,8200,200,199.2608003931375,84.9875410203822,1133.2665410009213,120.13744788462853
1777169546,128,GET,bulk_update_departures,11.000000,10.700000,210,210,230,260,320,370,410,460,480,480,480,712,681,210,236.1218166779815,92.68616698682308,1041.3162919867318,148.17837078651687
1777169546,128,GET,large_scan,22.000000,22.000000,200,220,230,260,300,360,440,460,490,490,490,1342,1342,210,238.78124400218354,88.68345801602118,1029.4658750062808,148.87332339791357
1777169546,128,GET,next_departures,79.100000,79.100000,200,210,230,250,300,340,430,470,530,530,530,5411,5411,210,232.96962726012467,91.90849997685291,1128.6560000153258,151.13195342820183
1777169546,128,GET,point_read,95.100000,2.200000,110,130,170,190,250,290,320,340,400,400,400,6645,186,120,157.30301335177535,84.9875410203822,1133.2665410009213,83.11753197893152
1777169546,128,GET,trips_per_route,8.900000,8.400000,200,210,240,260,320,340,500,500,500,500,500,709,681,210,235.8564960059995,91.46920900093392,851.4725840068422,147.47954866008462
1777169546,128,,Aggregated,216.100000,122.400000,200,200,210,230,290,330,380,440,500,530,530,14819,8301,200,199.85576593703775,84.9875410203822,1133.2665410009213,120.11235575949794
1777169547,128,GET,bulk_update_departures,10.900000,10.600000,210,210,240,270,320,350,410,410,460,460,460,724,692,210,237.11092952448806,92.68616698682308,1041.3162919867318,148.15055248618785
1777169547,128,GET,large_scan,23.300000,23.300000,200,210,230,250,290,340,410,440,450,450,450,1357,1357,210,239.4325105254123,88.68345801602118,1029.4658750062808,148.86588061901253
1777169547,128,GET,next_departures,80.300000,80.300000,200,220,240,260,310,340,410,470,530,530,530,5483,5483,210,233.7332491383424,91.90849997685291,1128.6560000153258,151.1398869232172
1777169547,128,GET,point_read,94.900000,2.200000,120,160,200,210,280,310,340,360,400,400,400,6743,186,120,158.62444113979814,84.9875410203822,1133.2665410009213,83.08898116565327
1777169547,128,GET,trips_per_route,9.500000,9.000000,200,230,250,260,320,390,500,500,500,500,500,723,692,210,236.59795314836944,91.46920900093392,851.4725840068422,147.26417704011064
1777169547,128,,Aggregated,218.900000,125.400000,200,210,220,240,300,330,380,430,500,530,530,15030,8410,200,200.85180050007625,84.9875410203822,1133.2665410009213,120.07405189620758
1777169548,128,GET,bulk_update_departures,10.800000,10.400000,210,220,280,280,340,350,410,460,460,460,460,730,698,210,237.50831218458686,92.68616698682308,1041.3162919867318,148.16575342465754
1777169548,128,GET,large_scan,22.400000,22.400000,210,230,250,270,320,340,440,440,450,450,450,1370,1370,210,239.75707122265365,88.68345801602118,1029.4658750062808,148.87664233576643
1777169548,128,GET,next_departures,80.000000,80.000000,210,230,260,280,320,340,410,470,530,530,530,5545,5545,210,234.17678109837934,91.90849997685291,1128.6560000153258,151.12714156898107
1777169548,128,GET,point_read,94.900000,2.200000,120,180,200,220,290,320,340,360,400,400,400,6807,186,120,158.70494303346013,84.9875410203822,1133.2665410009213,83.07169090641986
1777169548,128,GET,trips_per_route,8.800000,8.500000,210,240,260,280,330,390,500,500,500,500,500,731,700,210,236.78126026164878,91.46920900093392,851.4725840068422,147.2941176470588
1777169548,128,,Aggregated,216.900000,123.500000,200,210,240,260,310,330,390,440,500,530,530,15183,8499,200,201.12956300733046,84.9875410203822,1133.2665410009213,120.08581966673253
1777169549,128,GET,bulk_update_departures,10.500000,10.100000,210,230,280,280,330,350,410,410,460,460,460,749,715,210,236.7742117540973,92.68616698682308,1041.3162919867318,148.10013351134847
1777169549,128,GET,large_scan,22.200000,22.200000,210,230,260,270,310,340,410,440,450,450,450,1395,1395,210,239.51761767595312,88.68345801602118,1029.4658750062808,148.8967741935484
1777169549,128,GET,next_departures,79.700000,79.700000,210,240,270,280,320,340,430,490,980,980,980,5640,5640,210,234.1668612483205,91.90849997685291,1128.6560000153258,151.1214539007092
1777169549,128,GET,point_read,96.300000,2.200000,130,180,200,220,290,320,340,400,930,930,930,6913,186,120,158.7398269836069,84.9875410203822,1133.2665410009213,83.0426732243599
1777169549,128,GET,trips_per_route,9.000000,8.700000,210,240,260,270,330,390,500,500,500,500,500,740,709,210,236.6995628382004,91.46920900093392,851.4725840068422,147.32702702702701
1777169549,128,,Aggregated,217.700000,122.900000,200,220,240,260,310,330,400,450,930,980,980,15437,8645,200,201.12056482089858,84.9875410203822,1133.2665410009213,120.10487789078189
1777169550,128,GET,bulk_update_departures,10.100000,9.700000,210,220,270,280,330,350,410,410,460,460,460,764,729,210,235.99885015547153,92.68616698682308,1041.3162919867318,148.08376963350784
1777169550,128,GET,large_scan,21.300000,21.300000,210,240,260,270,320,340,440,440,450,450,450,1413,1413,210,238.9799622781835,88.68345801602118,1029.4658750062808,148.89171974522293
1777169550,128,GET,next_departures,79.200000,79.200000,210,240,270,290,320,340,440,490,980,980,980,5720,5720,210,233.7173669548065,91.90849997685291,1128.6560000153258,151.11888111888112
1777169550,128,GET,point_read,93.700000,2.200000,120,180,200,220,290,320,340,400,930,930,930,7023,186,120,158.00780002301923,84.9875410203822,1133.2665410009213,83.01423892923252
1777169550,128,GET,trips_per_route,9.700000,9.200000,210,240,250,270,320,340,440,500,500,500,500,750,719,210,236.2672394470234,91.46920900093392,851.4725840068422,147.36266666666666
1777169550,128,,Aggregated,214.000000,121.600000,200,220,240,260,310,330,400,450,930,980,980,15670,8767,200,200.493577303526,84.9875410203822,1133.2665410009213,120.06707083599234
1777169551,128,GET,bulk_update_departures,9.900000,9.500000,210,220,270,280,320,350,410,410,460,460,460,775,739,210,235.3912292720164,92.68616698682308,1041.3162919867318,148.0567741935484
1777169551,128,GET,large_scan,20.700000,20.700000,210,240,260,280,320,340,440,440,450,450,450,1435,1435,210,238.16741085161036,88.68345801602118,1029.4658750062808,148.85226480836238
1777169551,128,GET,next_departures,77.700000,77.700000,210,240,270,290,320,340,430,490,980,980,980,5815,5815,210,233.18006012992439,91.90849997685291,1128.6560000153258,151.10920034393808
1777169551,128,GET,point_read,92.800000,1.800000,130,190,200,220,290,320,340,400,930,930,930,7111,195,120,157.48157366203978,84.9875410203822,1133.2665410009213,83.07875123048798
1777169551,128,GET,trips_per_route,9.800000,9.400000,210,240,260,270,330,390,500,500,500,500,500,758,727,210,235.97048048710508,91.46920900093392,851.4725840068422,147.3905013192612
1777169551,128,,Aggregated,210.900000,119.100000,200,220,240,260,310,330,400,450,930,980,980,15894,8911,200,200.0036228409053,84.9875410203822,1133.2665410009213,120.14231785579464
1777169552,128,GET,bulk_update_departures,10.500000,9.900000,210,230,280,280,330,350,410,410,460,460,460,783,747,210,235.1488465029035,92.68616698682308,1041.3162919867318,148.07662835249042
1777169552,128,GET,large_scan,20.300000,20.300000,210,240,260,280,320,340,440,440,450,450,450,1456,1456,210,237.61736984062617,88.68345801602118,1029.4658750062808,148.8688186813187
1777169552,128,GET,next_departures,77.200000,77.200000,210,240,270,290,320,340,430,490,980,980,980,5884,5884,210,232.74774945301164,91.2667499796953,1128.6560000153258,151.11318830727396
1777169552,128,GET,point_read,92.500000,1.800000,130,180,200,220,290,320,340,400,930,930,930,7229,195,120,156.6780038297869,84.9875410203822,1133.2665410009213,83.04910776040946
1777169552,128,GET,trips_per_route,10.000000,9.600000,210,240,260,270,330,390,500,500,500,500,500,769,738,210,235.52404605751428,91.46920900093392,851.4725840068422,147.42782834850456
1777169552,128,,Aggregated,210.500000,118.800000,200,220,240,260,310,330,400,450,930,980,980,16121,9020,200,199.32531953259576,84.9875410203822,1133.2665410009213,120.06581477575833
1777169553,128,GET,bulk_update_departures,10.900000,10.200000,210,230,280,280,330,350,410,410,460,460,460,795,759,210,234.680295836198,92.68616698682308,1041.3162919867318,148.1056603773585
1777169553,128,GET,large_scan,19.800000,19.800000,210,240,260,280,320,340,440,440,450,450,450,1480,1480,210,236.84650184922913,88.68345801602118,1029.4658750062808,148.8506756756757
1777169553,128,GET,next_departures,75.400000,75.400000,220,240,270,290,320,350,440,490,980,980,980,5950,5950,210,232.294788311173,91.2667499796953,1128.6560000153258,151.11764705882354
1777169553,128,GET,point_read,93.400000,1.600000,130,180,200,220,290,320,340,400,930,930,930,7352,218,120,156.11916818233942,84.9875410203822,1133.2665410009213,83.23313384113166
1777169553,128,GET,trips_per_route,10.400000,10.000000,210,240,250,270,320,340,440,500,500,500,500,782,750,210,234.8154128328233,91.46920900093392,851.4725840068422,147.38874680306904
1777169553,128,,Aggregated,209.900000,117.000000,200,220,240,260,310,330,400,450,930,980,980,16359,9157,200,198.70844340668233,84.9875410203822,1133.2665410009213,120.07952808851397
1777169554,128,GET,bulk_update_departures,11.300000,10.500000,210,220,240,280,310,340,350,370,410,410,410,808,772,210,234.16715374974,92.68616698682308,1041.3162919867318,148.1361386138614
1777169554,128,GET,large_scan,20.100000,20.100000,210,220,250,250,290,320,390,410,440,440,440,1496,1496,210,236.40226282939324,88.68345801602118,1029.4658750062808,148.8629679144385
1777169554,128,GET,next_departures,76.800000,76.800000,210,230,250,270,310,330,360,430,980,980,980,6024,6024,210,231.8265591440111,91.2667499796953,1128.6560000153258,151.12051792828686
1777169554,128,GET,point_read,92.600000,2.500000,120,170,200,210,280,310,340,370,930,930,930,7462,230,120,155.53040845559246,84.9875410203822,1133.2665410009213,83.31425891181989
1777169554,128,GET,trips_per_route,9.900000,9.500000,210,230,240,250,300,330,340,390,440,440,440,792,760,210,234.35683638422464,91.46920900093392,851.4725840068422,147.42171717171718
1777169554,128,,Aggregated,210.700000,119.400000,200,210,230,250,290,320,340,390,930,980,980,16582,9282,200,198.1405475828006,84.9875410203822,1133.2665410009213,120.08153419370402
1777169555,128,GET,bulk_update_departures,11.100000,10.400000,210,220,220,240,290,320,350,370,410,410,410,821,784,210,233.83862903383056,92.68616698682308,1041.3162919867318,148.1144945188794
1777169555,128,GET,large_scan,19.600000,19.600000,200,210,230,250,290,320,390,410,440,440,440,1510,1510,210,236.22101795283726,88.68345801602118,1029.4658750062808,148.87350993377484
1777169555,128,GET,next_departures,76.000000,76.000000,210,220,240,250,290,320,340,380,980,980,980,6099,6099,210,231.61810689446506,91.2667499796953,1128.6560000153258,151.1190359075258
1777169555,128,GET,point_read,92.500000,2.300000,120,140,180,190,230,290,330,370,930,930,930,7559,243,120,155.28759687968875,84.9875410203822,1133.2665410009213,83.40534462230454
1777169555,128,GET,trips_per_route,10.400000,10.100000,210,220,240,250,260,310,330,390,440,440,440,802,770,210,234.06765185945528,91.46920900093392,851.4725840068422,147.45386533665837
1777169555,128,,Aggregated,209.600000,118.400000,200,210,220,230,280,310,340,390,930,980,980,16791,9406,200,197.89502037399393,84.9875410203822,1133.2665410009213,120.11166696444523
1777169556,128,GET,bulk_update_departures,10.700000,10.100000,210,220,230,260,310,360,380,410,440,440,440,831,792,210,234.61453366756948,92.68616698682308,1041.3162919867318,148.0361010830325
1777169556,128,GET,large_scan,19.700000,19.700000,210,220,240,250,290,340,390,440,440,440,440,1527,1527,210,237.07341220817736,88.68345801602118,1029.4658750062808,148.86836935166994
1777169556,128,GET,next_departures,74.200000,74.200000,210,220,240,260,290,320,380,410,980,980,980,6166,6166,210,232.23588301286858,91.2667499796953,1128.6560000153258,151.13120337333766
1777169556,128,GET,point_read,95.100000,3.800000,110,130,170,190,220,290,340,370,930,930,930,7641,251,120,156.0835345259142,84.9875410203822,1133.2665410009213,83.45425991362387
1777169556,128,GET,trips_per_route,10.500000,10.100000,210,220,240,250,290,330,390,420,440,440,440,813,781,210,234.78150983678398,91.46920900093392,851.4725840068422,147.48831488314883
1777169556,128,,Aggregated,210.200000,117.900000,200,210,220,230,280,310,370,400,930,980,980,16978,9517,200,198.63669969294273,84.9875410203822,1133.2665410009213,120.14353869713747
1777169557,128,GET,bulk_update_departures,11.300000,10.700000,210,210,220,230,290,360,380,440,440,440,440,837,798,210,235.04688279061932,92.68616698682308,1041.3162919867318,148.05017921146953
1777169557,128,GET,large_scan,18.800000,18.800000,210,220,240,250,310,340,390,390,440,440,440,1548,1548,210,237.45643487978498,88.68345801602118,1029.4658750062808,148.86627906976744
1777169557,128,GET,next_departures,76.100000,76.100000,210,220,240,260,300,330,390,440,980,980,980,6240,6240,210,232.92956030197203,91.2667499796953,1128.6560000153258,151.11778846153845
1777169557,128,GET,point_read,99.400000,5.300000,110,130,170,190,220,280,310,350,930,930,930,7717,251,120,156.9783864275752,84.9875410203822,1133.2665410009213,83.43294026175975
1777169557,128,GET,trips_per_route,10.500000,10.100000,210,220,230,240,260,300,390,420,420,420,420,817,785,210,234.72366232841478,91.46920900093392,851.4725840068422,147.50061199510404
1777169557,128,,Aggregated,216.100000,121.000000,200,210,220,230,280,320,360,390,930,980,980,17159,9622,200,199.3687684922114,84.9875410203822,1133.2665410009213,120.15257299376421
1777169558,128,GET,bulk_update_departures,11.300000,10.700000,200,210,220,230,310,380,440,500,580,580,580,842,803,210,235.80761181323064,92.68616698682308,1041.3162919867318,148.06175771971496
1777169558,128,GET,large_scan,18.100000,18.100000,210,220,250,290,340,430,450,470,590,590,590,1576,1576,210,239.38309099295634,88.68345801602118,1029.4658750062808,148.86928934010152
1777169558,128,GET,next_departures,75.200000,75.200000,210,220,240,270,330,390,470,570,980,980,980,6318,6318,210,234.31467829920487,91.2667499796953,1128.6560000153258,151.11981639759418
1777169558,128,GET,point_read,100.200000,5.700000,120,150,190,200,270,300,370,430,930,930,930,7813,251,120,158.16495870441557,84.9875410203822,1133.2665410009213,83.40509407397927
1777169558,128,GET,trips_per_route,10.200000,9.800000,210,220,230,240,290,390,450,460,460,460,460,825,791,210,235.7599563615848,91.46920900093392,851.4725840068422,147.36969696969697
1777169558,128,,Aggregated,215.000000,119.500000,200,210,220,240,300,350,440,490,930,980,980,17374,9739,200,200.67127226901707,84.9875410203822,1133.2665410009213,120.13842523310694
1777169559,128,GET,bulk_update_departures,11.800000,11.000000,210,220,230,260,350,380,440,500,580,580,580,851,810,210,236.07162771888514,92.68616698682308,1041.3162919867318,147.98472385428906
1777169559,128,GET,large_scan,18.300000,18.300000,210,240,270,290,340,420,450,460,590,590,590,1600,1600,210,239.77845868990698,88.68345801602118,1029.4658750062808,148.88625
1777169559,128,GET,next_departures,74.500000,74.500000,210,230,260,280,330,390,470,550,640,640,640,6385,6385,210,234.7004237193862,91.2667499796953,1128.6560000153258,151.1198120595145
1777169559,128,GET,point_read,98.900000,6.500000,120,170,190,210,270,300,350,410,480,480,480,7896,251,120,158.3118648664774,84.9875410203822,1133.2665410009213,83.38297872340425
1777169559,128,GET,trips_per_route,10.400000,10.000000,210,220,250,260,310,420,450,460,460,460,460,834,799,210,236.34506959270752,91.46920900093392,851.4725840068422,147.32254196642685
1777169559,128,,Aggregated,213.900000,120.300000,200,210,230,250,310,350,430,460,580,640,640,17566,9845,200,200.97045244033404,84.9875410203822,1133.2665410009213,120.13617215074576
1777169560,128,GET,bulk_update_departures,11.300000,10.600000,210,230,260,270,350,420,500,580,580,580,580,861,819,210,236.19222660136867,92.68616698682308,1041.3162919867318,147.96051103368177
1777169560,128,GET,large_scan,18.900000,18.900000,210,240,280,300,340,420,450,460,590,590,590,1625,1625,210,239.63589678697574,88.68345801602118,1029.4658750062808,148.88676923076923
1777169560,128,GET,next_departures,75.100000,75.100000,210,240,270,290,330,390,470,550,640,640,640,6473,6473,210,234.6776059002245,91.2667499796953,1128.6560000153258,151.11231268345435
1777169560,128,GET,point_read,99.300000,6.500000,130,170,200,210,270,300,350,410,480,480,480,7985,251,120,157.98800056713864,84.9875410203822,1133.2665410009213,83.359549154665
1777169560,128,GET,trips_per_route,9.300000,9.200000,210,230,250,260,310,420,450,460,460,460,460,844,809,210,236.2816843368823,91.46920900093392,851.4725840068422,147.3542654028436
1777169560,128,,Aggregated,213.900000,120.300000,200,220,240,260,310,350,430,470,580,640,640,17788,9977,200,200.8541662066379,84.9875410203822,1133.2665410009213,120.16404317517427
1777169561,128,GET,bulk_update_departures,10.900000,10.200000,210,220,260,270,350,420,500,580,580,580,580,874,832,210,235.59217412671813,92.68616698682308,1041.3162919867318,147.9908466819222
1777169561,128,GET,large_scan,19.700000,19.700000,210,240,280,290,340,420,450,460,590,590,590,1657,1657,210,238.7723243728697,88.68345801602118,1029.4658750062808,148.89197344598674
1777169561,128,GET,next_departures,75.500000,75.500000,210,250,270,290,330,390,470,550,640,640,640,6555,6555,210,234.1728176577022,91.2667499796953,1128.6560000153258,151.11365369946606
1777169561,128,GET,point_read,98.200000,6.500000,130,170,190,210,270,300,360,410,480,480,480,8076,251,120,157.3640661974559,84.9875410203822,1133.2665410009213,83.33667657256068
1777169561,128,GET,trips_per_route,9.100000,8.800000,210,230,250,260,310,420,450,460,460,460,460,855,820,210,235.83852724010146,91.46920900093392,851.4725840068422,147.38830409356726
1777169561,128,,Aggregated,213.400000,120.700000,200,220,240,260,310,350,430,470,580,640,640,18017,10115,200,200.314717257021,84.9875410203822,1133.2665410009213,120.20047732696898
1777169562,128,GET,bulk_update_departures,10.300000,9.600000,210,230,260,280,350,420,500,580,580,580,580,881,839,210,235.56768735617672,92.68616698682308,1041.3162919867318,148.00681044267878
1777169562,128,GET,large_scan,20.400000,20.400000,220,240,280,290,340,420,450,460,590,590,590,1671,1671,210,238.56121991911652,88.68345801602118,1029.4658750062808,148.8850987432675
1777169562,128,GET,next_departures,74.200000,74.200000,220,250,280,300,330,390,470,550,640,640,640,6622,6622,210,234.1102110756944,91.2667499796953,1128.6560000153258,151.1174871639988
1777169562,128,GET,point_read,98.300000,6.500000,130,180,200,210,280,300,370,420,480,480,480,8157,251,120,157.36703194882602,84.9875410203822,1133.2665410009213,83.3156797842344
1777169562,128,GET,trips_per_route,9.300000,8.900000,210,230,250,260,310,420,450,460,460,460,460,863,828,210,235.58384699567284,91.46920900093392,851.4725840068422,147.4125144843569
1777169562,128,,Aggregated,212.500000,119.600000,200,220,250,270,310,360,430,470,580,640,640,18194,10211,200,200.25285744491018,84.9875410203822,1133.2665410009213,120.18819391008024
1777169563,128,GET,bulk_update_departures,9.800000,9.100000,210,230,270,280,370,440,500,580,580,580,580,893,851,210,235.7848570087973,92.68616698682308,1041.3162919867318,148.03359462486003
1777169563,128,GET,large_scan,21.400000,21.400000,220,250,280,300,350,440,450,470,590,590,590,1699,1699,210,238.53486662848704,88.68345801602118,1029.4658750062808,148.8875809299588
1777169563,128,GET,next_departures,74.500000,74.500000,220,260,280,300,340,410,470,550,640,640,640,6698,6698,210,234.14661701197232,91.2667499796953,1128.6560000153258,151.11600477754553
1777169563,128,GET,point_read,96.400000,6.500000,140,180,200,220,280,310,390,420,480,480,480,8280,252,120,157.0712077168427,84.9875410203822,1133.2665410009213,83.29178743961353
1777169563,128,GET,trips_per_route,9.300000,8.900000,220,240,260,270,330,420,450,460,460,460,460,877,842,210,235.46650712678985,91.46920900093392,851.4725840068422,147.45381984036487
1777169563,128,,Aggregated,211.400000,120.400000,200,230,250,270,320,380,440,470,580,640,640,18447,10342,200,200.09727235336194,84.9875410203822,1133.2665410009213,120.144305307096
1777169564,128,GET,bulk_update_departures,9.800000,9.200000,210,240,270,280,370,440,500,580,580,580,580,908,866,210,235.30367696459692,92.68616698682308,1041.3162919867318,148.0660792951542
1777169564,128,GET,large_scan,21.600000,21.600000,220,250,280,300,350,440,450,470,590,590,590,1716,1716,210,238.2366456788166,88.68345801602118,1029.4658750062808,148.8986013986014
1777169564,128,GET,next_departures,73.800000,73.800000,220,260,280,300,340,410,470,550,640,640,640,6778,6778,210,233.6974889225703,91.2667499796953,1128.6560000153258,151.1212747123045
1777169564,128,GET,point_read,96.500000,5.600000,140,180,200,220,280,310,390,420,480,480,480,8365,258,120,156.6691594909259,84.9875410203822,1133.2665410009213,83.32086072922893
1777169564,128,GET,trips_per_route,9.800000,9.400000,210,240,260,270,330,420,450,460,460,460,460,887,852,210,235.1120457082321,91.46920900093392,851.4725840068422,147.48252536640362
1777169564,128,,Aggregated,211.500000,119.600000,200,230,260,270,320,380,440,470,580,640,640,18654,10470,200,199.71873626410687,84.9875410203822,1133.2665410009213,120.19137986490833
1777169565,128,GET,bulk_update_departures,9.500000,8.900000,210,250,270,290,370,440,500,560,580,580,580,925,883,210,235.59263510906413,92.68616698682308,1041.3162919867318,148.10162162162163
1777169565,128,GET,large_scan,21.400000,21.400000,230,260,290,310,390,440,460,510,590,590,590,1737,1737,210,238.802642117465,88.68345801602118,1029.4658750062808,148.86528497409327
1777169565,128,GET,next_departures,73.400000,73.400000,230,260,290,310,360,440,510,550,640,640,640,6851,6851,210,234.12845911751816,91.2667499796953,1128.6560000153258,151.12392351481535
1777169565,128,GET,point_read,94.800000,5.000000,140,180,210,230,300,360,430,460,510,510,510,8470,258,120,157.14908199204893,84.9875410203822,1133.2665410009213,83.29409681227862
1777169565,128,GET,trips_per_route,9.000000,8.600000,220,250,270,300,370,450,490,600,600,600,600,895,859,210,235.99032332653093,91.46920900093392,851.4725840068422,147.4335195530726
1777169565,128,,Aggregated,208.100000,117.300000,200,230,260,290,340,420,470,510,590,640,640,18878,10588,200,200.1801840289176,84.9875410203822,1133.2665410009213,120.15981565843839
1777169566,128,GET,bulk_update_departures,9.900000,9.300000,210,220,260,270,350,420,500,560,580,580,580,937,895,210,235.13168527310108,92.68616698682308,1041.3162919867318,148.12593383137673
1777169566,128,GET,large_scan,22.000000,22.000000,210,240,270,290,350,440,460,510,590,590,590,1755,1755,210,238.40391029404117,88.68345801602118,1029.4658750062808,148.87692307692308
1777169566,128,GET,next_departures,74.900000,74.900000,220,240,270,300,340,440,520,580,1200,1200,1200,6929,6929,210,234.20137786896498,91.2667499796953,1163.6116250010673,151.11848751623612
1777169566,128,GET,point_read,93.200000,2.800000,130,160,190,210,280,360,430,470,1400,1400,1400,8565,264,120,156.97348853107337,84.9875410203822,1394.2410000017844,83.31850554582604
1777169566,128,GET,trips_per_route,9.400000,9.100000,210,230,250,260,340,450,490,600,600,600,600,905,869,210,235.71445180025358,91.46920900093392,851.4725840068422,147.46187845303868
1777169566,128,,Aggregated,209.400000,118.100000,200,220,240,260,320,420,480,520,1200,1400,1400,19091,10712,200,200.05751962017916,84.9875410203822,1394.2410000017844,120.17437536011734
1777169567,128,GET,bulk_update_departures,9.900000,9.300000,210,220,250,270,350,420,500,560,580,580,580,946,903,210,235.487742487241,92.68616698682308,1041.3162919867318,148.10042283298097
1777169567,128,GET,large_scan,21.600000,21.600000,210,240,270,290,340,440,460,510,590,590,590,1775,1775,210,238.64152264451727,88.68345801602118,1029.4658750062808,148.8743661971831
1777169567,128,GET,next_departures,73.600000,73.600000,220,240,270,300,340,420,520,580,1200,1200,1200,7012,7012,210,234.6556546336281,91.2667499796953,1163.6116250010673,151.11950941243583
1777169567,128,GET,point_read,89.400000,1.900000,120,150,180,200,260,310,420,460,1400,1400,1400,8639,267,120,157.47762651219216,84.9875410203822,1394.2410000017844,83.32561639078597
1777169567,128,GET,trips_per_route,9.100000,8.800000,210,230,250,270,340,450,490,600,600,600,600,911,875,210,235.71483251504787,91.46920900093392,851.4725840068422,147.47859495060374
1777169567,128,,Aggregated,203.600000,115.200000,200,210,240,260,320,400,470,520,1200,1400,1400,19283,10832,200,200.53679330176607,84.9875410203822,1394.2410000017844,120.22029767152414
1777169568,128,GET,bulk_update_departures,10.500000,10.000000,210,230,260,270,330,410,450,470,560,560,560,956,912,210,235.95863966204672,92.68616698682308,1041.3162919867318,148.07635983263597
1777169568,128,GET,large_scan,22.800000,22.800000,210,230,260,270,320,380,450,460,580,580,580,1785,1785,210,238.8981509260789,88.68345801602118,1029.4658750062808,148.8655462184874
1777169568,128,GET,next_departures,75.100000,75.100000,210,240,260,280,330,390,480,510,1200,1200,1200,7081,7081,210,235.07165291456744,91.2667499796953,1163.6116250010673,151.1191922044909
1777169568,128,GET,point_read,90.200000,1.800000,120,150,180,200,270,320,420,460,1400,1400,1400,8713,267,120,158.22162123398704,84.9875410203822,1394.2410000017844,83.30804544932859
1777169568,128,GET,trips_per_route,9.500000,9.100000,210,230,250,260,330,420,490,600,600,600,600,921,884,210,236.22848670596605,91.46920900093392,851.4725840068422,147.43648208469057
1777169568,128,,Aggregated,208.100000,118.800000,200,210,240,260,310,360,460,490,1200,1400,1400,19456,10929,200,201.10523516015186,84.9875410203822,1394.2410000017844,120.22065172697368
1777169569,128,GET,bulk_update_departures,10.700000,10.400000,210,220,250,270,330,400,450,470,560,560,560,963,918,210,236.14794463542412,92.68616698682308,1041.3162919867318,148.04569055036345
1777169569,128,GET,large_scan,22.900000,22.900000,210,230,250,270,330,400,450,460,580,580,580,1802,1802,210,239.53518663596924,88.68345801602118,1029.4658750062808,148.8762486126526
1777169569,128,GET,next_departures,76.800000,76.800000,210,240,260,290,330,390,480,510,1200,1200,1200,7158,7158,210,235.5700246516942,91.2667499796953,1163.6116250010673,151.1071528359877
1777169569,128,GET,point_read,91.300000,1.300000,130,170,200,220,280,330,420,460,1400,1400,1400,8815,267,120,159.0369765427825,84.9875410203822,1394.2410000017844,83.28360748723766
1777169569,128,GET,trips_per_route,9.200000,8.800000,210,230,260,290,340,400,490,600,600,600,600,935,897,210,237.05534265478724,91.46920900093392,851.4725840068422,147.40641711229947
1777169569,128,,Aggregated,210.900000,120.200000,200,220,240,260,320,370,460,490,1200,1400,1400,19673,11042,200,201.7394808654289,84.9875410203822,1394.2410000017844,120.18695674274386
1777169570,128,GET,bulk_update_departures,10.900000,10.500000,210,240,270,290,370,410,460,470,560,560,560,975,928,210,237.188370956902,92.68616698682308,1041.3162919867318,147.98461538461538
1777169570,128,GET,large_scan,22.700000,22.700000,210,240,270,280,340,420,460,510,580,580,580,1817,1817,210,239.95886235718612,88.68345801602118,1029.4658750062808,148.88552559163458
1777169570,128,GET,next_departures,77.200000,77.200000,220,250,280,310,350,400,480,510,1200,1200,1200,7227,7227,210,236.21005455844062,91.2667499796953,1163.6116250010673,151.1173377611734
1777169570,128,GET,point_read,89.700000,1.600000,130,190,220,240,300,330,420,460,1400,1400,1400,8896,267,120,159.5530144460073,84.9875410203822,1394.2410000017844,83.26506294964028
1777169570,128,GET,trips_per_route,9.400000,9.000000,210,250,280,320,360,450,490,600,600,600,600,944,906,210,237.797748992831,91.46920900093392,851.4725840068422,147.43114406779662
1777169570,128,,Aggregated,209.900000,121.000000,200,230,260,270,330,390,460,490,1200,1400,1400,19859,11145,200,202.33741227860014,84.9875410203822,1394.2410000017844,120.18913339040233
1777169571,128,GET,bulk_update_departures,11.500000,11.000000,220,250,280,290,370,410,460,470,560,560,560,985,938,210,237.31276689340754,92.68616698682308,1041.3162919867318,148.00507614213197
1777169571,128,GET,large_scan,21.300000,21.300000,230,270,280,310,360,420,460,510,580,580,580,1837,1837,210,240.2779357349552,88.68345801602118,1029.4658750062808,148.88296135002722
1777169571,128,GET,next_departures,78.200000,78.200000,230,270,300,310,350,410,480,510,1200,1200,1200,7301,7301,210,236.50524713570547,91.2667499796953,1163.6116250010673,151.11628544035062
1777169571,128,GET,point_read,92.500000,1.600000,150,190,220,240,300,330,420,460,1400,1400,1400,9012,267,120,159.3834767457318,84.9875410203822,1394.2410000017844,83.23834886817576
1777169571,128,GET,trips_per_route,9.700000,9.400000,230,270,290,320,360,450,490,600,600,600,600,955,917,210,238.27232457090935,91.46920900093392,851.4725840068422,147.4607329842932
1777169571,128,,Aggregated,213.200000,121.500000,210,240,270,280,330,390,460,490,1200,1400,1400,20090,11260,200,202.3784178731024,84.9875410203822,1394.2410000017844,120.13698357391738
1777169572,128,GET,bulk_update_departures,11.200000,10.800000,220,250,280,290,380,410,460,470,560,560,560,990,943,210,237.15117606769476,92.68616698682308,1041.3162919867318,148.0151515151515
1777169572,128,GET,large_scan,20.300000,20.300000,220,260,280,310,340,420,450,460,580,580,580,1852,1852,210,239.94875285048695,88.68345801602118,1029.4658750062808,148.89200863930884
1777169572,128,GET,next_departures,77.200000,77.200000,220,260,290,310,340,400,480,510,1200,1200,1200,7370,7370,210,236.10538316943828,91.22933400794864,1163.6116250010673,151.11601085481684
1777169572,128,GET,point_read,90.500000,1.600000,140,190,210,230,280,320,400,460,1400,1400,1400,9120,274,120,158.9745769707805,84.9875410203822,1394.2410000017844,83.26875
1777169572,128,GET,trips_per_route,10.000000,9.700000,230,270,290,320,360,430,460,490,600,600,600,968,929,210,237.62413701572294,91.3321659900248,851.4725840068422,147.4297520661157
1777169572,128,,Aggregated,209.200000,119.600000,200,230,260,280,330,390,460,490,1200,1400,1400,20300,11368,200,201.92757316007837,84.9875410203822,1394.2410000017844,120.10497536945813
1777169573,128,GET,bulk_update_departures,11.400000,10.900000,220,250,270,280,370,400,460,470,560,560,560,996,949,210,237.0051786877532,92.68616698682308,1041.3162919867318,148.02710843373495
1777169573,128,GET,large_scan,19.100000,19.100000,220,270,280,300,340,420,450,460,580,580,580,1871,1871,210,239.64923865800597,88.68345801602118,1029.4658750062808,148.9032602886157
1777169573,128,GET,next_departures,75.800000,75.800000,220,260,290,300,340,400,480,510,1200,1200,1200,7464,7464,210,235.75206891999116,91.22933400794864,1163.6116250010673,151.11200428724544
1777169573,128,GET,point_read,91.900000,1.600000,140,190,210,230,280,320,400,460,1400,1400,1400,9226,286,120,158.48317335232574,84.9875410203822,1394.2410000017844,83.33513982224149
1777169573,128,GET,trips_per_route,10.000000,9.700000,230,260,290,300,350,430,460,490,600,600,600,980,940,210,237.04366318597008,91.3321659900248,851.4725840068422,147.3969387755102
1777169573,128,,Aggregated,208.200000,117.100000,200,230,260,280,320,380,450,490,1200,1400,1400,20537,11510,200,201.51740143115967,84.9875410203822,1394.2410000017844,120.13594974923309
1777169574,128,GET,bulk_update_departures,11.100000,10.600000,220,250,280,290,380,410,470,560,560,560,560,1008,960,210,236.4305944673337,92.68616698682308,1041.3162919867318,148.00992063492063
1777169574,128,GET,large_scan,18.000000,18.000000,220,260,280,300,340,400,450,460,580,580,580,1897,1897,210,239.18868794312635,88.68345801602118,1029.4658750062808,148.91829204006325
1777169574,128,GET,next_departures,74.300000,74.300000,220,260,280,300,340,400,480,510,1200,1200,1200,7543,7543,210,235.32957130303947,91.22933400794864,1163.6116250010673,151.113615272438
1777169574,128,GET,point_read,92.300000,1.600000,140,190,210,220,280,310,390,460,1400,1400,1400,9331,288,120,157.93743644974424,84.9875410203822,1394.2410000017844,83.32558139534883
1777169574,128,GET,trips_per_route,10.100000,9.800000,210,260,290,290,350,430,460,490,600,600,600,993,953,210,236.55816797205867,91.3321659900248,851.4725840068422,147.43101711983888
1777169574,128,,Aggregated,205.800000,114.300000,200,230,260,280,320,380,450,490,1200,1400,1400,20772,11641,200,201.02880882432123,84.9875410203822,1394.2410000017844,120.13537454265357
1777169575,128,GET,bulk_update_departures,11.000000,10.500000,210,240,270,280,340,400,460,470,470,470,470,1019,971,210,236.12419869589652,92.68616698682308,1041.3162919867318,148.0314033366045
1777169575,128,GET,large_scan,18.500000,18.500000,210,240,270,280,320,340,420,440,450,450,450,1924,1924,210,238.580315285876,88.68345801602118,1029.4658750062808,148.91943866943868
1777169575,128,GET,next_departures,76.400000,76.400000,210,250,280,290,330,370,430,470,1200,1200,1200,7626,7626,210,234.93732357668304,91.22933400794864,1163.6116250010673,151.11132966168373
1777169575,128,GET,point_read,93.800000,2.400000,130,170,200,210,270,300,320,340,1400,1400,1400,9430,294,120,157.45975339033643,84.9875410203822,1394.2410000017844,83.34718981972428
1777169575,128,GET,trips_per_route,10.600000,10.200000,210,250,280,290,330,360,430,450,450,450,450,1004,963,210,236.16015737476496,91.3321659900248,851.4725840068422,147.39541832669323
1777169575,128,,Aggregated,210.300000,118.000000,200,220,250,270,310,340,400,430,1200,1400,1400,21003,11778,200,200.6009325882985,84.9875410203822,1394.2410000017844,120.15850116650003
1777169576,128,GET,bulk_update_departures,10.200000,9.700000,210,240,270,280,340,400,460,470,470,470,470,1036,986,210,235.34369841229233,92.68616698682308,1041.3162919867318,147.98262548262548
1777169576,128,GET,large_scan,17.200000,17.200000,210,240,270,280,320,340,420,440,450,450,450,1949,1949,210,238.0128130159493,88.68345801602118,1029.4658750062808,148.93329912775783
1777169576,128,GET,next_departures,76.500000,76.500000,210,250,280,290,330,370,410,450,500,500,500,7703,7703,210,234.51282221300613,91.22933400794864,1163.6116250010673,151.10995715954823
1777169576,128,GET,point_read,94.200000,3.400000,130,170,200,210,270,300,320,340,400,400,400,9520,295,120,156.96894108539007,84.9875410203822,1394.2410000017844,83.33392857142857
1777169576,128,GET,trips_per_route,10.200000,9.700000,200,250,280,290,330,360,430,450,450,450,450,1013,971,210,235.7210939913436,91.3321659900248,851.4725840068422,147.35538005923001
1777169576,128,,Aggregated,208.300000,116.500000,200,210,250,270,310,340,390,420,480,500,500,21221,11904,200,200.14537962283237,84.9875410203822,1394.2410000017844,120.17298902031007
1777169577,128,GET,bulk_update_departures,10.000000,9.400000,200,230,260,270,320,390,460,470,470,470,470,1046,995,210,234.8618774839439,92.68616698682308,1041.3162919867318,147.96271510516252
1777169577,128,GET,large_scan,18.400000,18.400000,200,230,250,270,310,340,420,440,450,450,450,1964,1964,210,237.71081571640894,88.68345801602118,1029.4658750062808,148.92769857433808
1777169577,128,GET,next_departures,77.200000,77.200000,210,230,260,280,320,340,400,450,500,500,500,7773,7773,210,234.21514645358823,91.22933400794864,1163.6116250010673,151.10961018911618
1777169577,128,GET,point_read,97.000000,3.000000,120,150,190,200,250,290,320,330,400,400,400,9631,297,120,156.45699158591069,84.9875410203822,1394.2410000017844,83.3245768871353
1777169577,128,GET,trips_per_route,10.700000,10.200000,200,240,260,280,320,360,430,450,450,450,450,1027,984,210,235.16246908986597,91.3321659900248,851.4725840068422,147.32911392405063
1777169577,128,,Aggregated,213.300000,118.200000,190,210,230,250,290,330,380,420,480,500,500,21441,12013,200,199.68439163369902,84.9875410203822,1394.2410000017844,120.12704631313838
1777169578,128,GET,bulk_update_departures,9.400000,8.800000,200,220,230,260,300,380,400,460,460,460,460,1054,1001,210,234.67117652486553,92.68616698682308,1041.3162919867318,147.89943074003796
1777169578,128,GET,large_scan,18.900000,18.900000,200,220,240,260,300,340,420,420,440,440,440,1988,1988,210,237.76187283248757,88.68345801602118,1029.4658750062808,148.94064386317908
1777169578,128,GET,next_departures,77.300000,77.300000,200,220,250,270,310,340,390,420,470,470,470,7855,7855,210,234.2938665029614,91.22933400794864,1163.6116250010673,151.10439210693826
1777169578,128,GET,point_read,96.300000,3.300000,110,140,170,190,220,260,300,310,400,400,400,9730,323,120,156.5970453363939,84.9875410203822,1394.2410000017844,83.48756423432683
1777169578,128,GET,trips_per_route,10.700000,10.200000,200,230,260,280,310,360,420,430,450,450,450,1034,991,210,235.35235275954528,91.3321659900248,851.4725840068422,147.34719535783367
1777169578,128,,Aggregated,212.600000,118.500000,190,200,220,230,280,310,360,400,460,470,470,21661,12158,200,199.78006225499294,84.9875410203822,1394.2410000017844,120.19740547527815
1777169579,128,GET,bulk_update_departures,9.900000,9.100000,200,220,240,270,310,370,390,460,460,460,460,1061,1008,210,235.1266778729576,92.68616698682308,1041.3162919867318,147.91328934967012
1777169579,128,GET,large_scan,19.300000,19.300000,200,220,240,260,290,330,380,400,440,440,440,1998,1998,210,238.0055935024827,88.68345801602118,1029.4658750062808,148.93243243243242
1777169579,128,GET,next_departures,77.200000,77.200000,200,220,240,260,300,330,370,420,470,470,470,7899,7899,210,234.49260728810845,91.22933400794864,1163.6116250010673,151.12039498670717
1777169579,128,GET,point_read,95.600000,3.100000,120,140,180,190,230,260,300,310,390,400,400,9826,323,120,157.32020243060796,84.9875410203822,1394.2410000017844,83.46519438225117
1777169579,128,GET,trips_per_route,10.800000,10.200000,200,220,250,270,290,320,420,430,450,450,450,1039,996,210,235.60782086369255,91.3321659900248,851.4725840068422,147.3599615014437
1777169579,128,,Aggregated,212.800000,118.900000,190,200,220,230,280,310,340,390,460,470,470,21823,12224,200,200.150598953876,84.9875410203822,1394.2410000017844,120.12276039041379
1777169580,128,GET,bulk_update_departures,10.000000,9.200000,200,220,240,280,340,430,500,520,520,520,520,1071,1017,210,236.66396476675118,92.68616698682308,1041.3162919867318,147.8935574229692
1777169580,128,GET,large_scan,18.900000,18.900000,200,220,240,260,310,390,430,460,470,470,470,2013,2013,210,238.97623689021103,88.68345801602118,1029.4658750062808,148.9403874813711
1777169580,128,GET,next_departures,76.800000,76.800000,200,220,240,260,300,340,400,450,510,510,510,7952,7952,210,235.21745398046582,91.22933400794864,1163.6116250010673,151.11607142857142
1777169580,128,GET,point_read,100.100000,3.900000,120,140,190,200,250,280,310,330,350,360,360,9915,332,120,158.24254734817478,84.9875410203822,1394.2410000017844,83.50771558245083
1777169580,128,GET,trips_per_route,11.600000,10.900000,200,210,250,270,310,320,460,470,500,500,500,1049,1006,210,236.53577347697217,91.3321659900248,851.4725840068422,147.3851286939943
1777169580,128,,Aggregated,217.400000,119.700000,190,200,220,240,280,320,370,430,500,520,520,22000,12320,200,201.00347038692303,84.9875410203822,1394.2410000017844,120.11236363636364
1777169581,128,GET,bulk_update_departures,9.700000,8.800000,200,220,260,300,390,500,570,640,640,640,640,1082,1028,210,237.98871057965235,92.68616698682308,1041.3162919867318,147.91497227356746
1777169581,128,GET,large_scan,19.900000,19.900000,210,220,250,280,340,390,460,480,500,500,500,2034,2034,210,239.66570623749465,88.68345801602118,1029.4658750062808,148.91150442477877
1777169581,128,GET,next_departures,75.500000,75.500000,210,220,250,270,350,430,510,570,640,640,640,8035,8035,210,236.63121849367587,91.22933400794864,1163.6116250010673,151.12009956440573
1777169581,128,GET,point_read,99.200000,5.600000,120,180,210,230,270,310,370,410,520,530,530,10016,332,120,159.43526344021367,84.9875410203822,1394.2410000017844,83.48422523961662
1777169581,128,GET,trips_per_route,11.200000,10.600000,210,230,260,280,400,470,600,610,640,640,640,1067,1024,210,238.73732404340618,91.3321659900248,851.4725840068422,147.42924086223056
1777169581,128,,Aggregated,215.500000,120.400000,200,210,230,250,310,390,480,510,640,640,640,22234,12453,200,202.30062045976376,84.9875410203822,1394.2410000017844,120.11626338040838
1777169582,128,GET,bulk_update_departures,9.900000,9.100000,210,230,290,310,390,500,570,640,640,640,640,1089,1035,210,238.26141729124024,92.68616698682308,1041.3162919867318,147.9283746556474
1777169582,128,GET,large_scan,19.800000,19.800000,210,230,260,280,350,390,460,480,500,500,500,2044,2044,210,239.77290481658903,88.68345801602118,1029.4658750062808,148.91682974559686
1777169582,128,GET,next_departures,75.100000,75.100000,210,240,270,290,350,430,510,570,640,640,640,8098,8098,210,236.87091307120014,91.22933400794864,1163.6116250010673,151.11447270931095
1777169582,128,GET,point_read,103.300000,5.600000,120,180,210,230,280,320,390,440,530,530,530,10099,332,120,159.43656735716291,84.9875410203822,1394.2410000017844,83.46628379047431
1777169582,128,GET,trips_per_route,10.800000,10.300000,210,250,280,310,400,470,600,610,640,640,640,1079,1036,210,239.16097448037075,91.3321659900248,851.4725840068422,147.4578313253012
1777169582,128,,Aggregated,218.900000,119.900000,200,220,240,260,320,390,480,520,640,640,640,22409,12545,200,202.41633897675553,84.9875410203822,1394.2410000017844,120.09630059351153
1777169583,128,GET,bulk_update_departures,9.400000,8.700000,210,230,290,310,380,460,520,570,640,640,640,1104,1047,210,237.7678829765553,92.68616698682308,1041.3162919867318,147.84329710144928
1777169583,128,GET,large_scan,19.300000,19.300000,210,240,270,290,350,390,460,480,500,500,500,2063,2063,210,239.660927365031,88.68345801602118,1029.4658750062808,148.9268056228793
1777169583,128,GET,next_departures,71.800000,71.800000,210,240,280,300,360,430,510,570,640,640,640,8176,8176,210,236.73457618952122,91.22933400794864,1163.6116250010673,151.11607142857142
1777169583,128,GET,point_read,100.300000,6.500000,130,180,210,230,280,320,390,440,530,530,530,10211,332,120,159.0044676560471,84.9875410203822,1394.2410000017844,83.44246400940163
1777169583,128,GET,trips_per_route,10.300000,9.800000,220,250,280,310,400,470,600,610,640,640,640,1093,1049,210,238.92690908448273,91.3321659900248,851.4725840068422,147.4327538883806
1777169583,128,,Aggregated,211.100000,116.100000,200,220,250,270,320,390,480,520,640,640,640,22647,12667,200,202.11064872834862,84.9875410203822,1394.2410000017844,120.06689627765267
1777169584,128,GET,bulk_update_departures,9.700000,9.000000,210,240,290,310,380,460,520,570,640,640,640,1116,1059,210,237.53369826619328,92.68616698682308,1041.3162919867318,147.86648745519713
1777169584,128,GET,large_scan,19.600000,19.600000,210,250,270,290,350,400,460,480,500,500,500,2080,2080,210,239.5990067639734,88.68345801602118,1029.4658750062808,148.93557692307692
1777169584,128,GET,next_departures,73.100000,73.100000,220,250,280,300,360,430,510,570,640,640,640,8246,8246,210,236.6037476316597,91.22933400794864,1163.6116250010673,151.11569245694884
1777169584,128,GET,point_read,100.200000,6.500000,130,190,210,230,280,320,390,440,530,530,530,10312,343,120,158.88081852745194,84.9875410203822,1394.2410000017844,83.49330876648565
1777169584,128,GET,trips_per_route,11.000000,10.500000,230,260,290,310,400,470,600,610,640,640,640,1103,1059,210,238.80113407009338,91.3321659900248,851.4725840068422,147.45602901178603
1777169584,128,,Aggregated,213.600000,118.700000,200,230,250,270,320,390,480,520,640,640,640,22857,12787,200,201.96284271073102,84.9875410203822,1394.2410000017844,120.07402546265914
1777169585,128,GET,bulk_update_departures,9.800000,9.100000,210,250,290,310,380,460,520,570,640,640,640,1126,1069,210,237.3571543570535,92.68616698682308,1041.3162919867318,147.8854351687389
1777169585,128,GET,large_scan,19.000000,19.000000,220,260,280,300,350,400,460,480,500,500,500,2102,2102,210,239.356200893444,88.68345801602118,1029.4658750062808,148.93387250237868
1777169585,128,GET,next_departures,71.600000,71.600000,220,260,280,300,360,430,510,570,640,640,640,8336,8336,210,236.31742105634606,91.22933400794864,1163.6116250010673,151.11564299424185
1777169585,128,GET,point_read,98.500000,5.700000,140,190,220,230,280,320,390,440,530,530,530,10401,348,120,158.6188710367366,84.9875410203822,1394.2410000017844,83.5071627728103
1777169585,128,GET,trips_per_route,11.000000,10.600000,220,260,280,310,400,470,600,610,640,640,640,1121,1077,210,238.34440648644755,91.3321659900248,851.4725840068422,147.49687778768956
1777169585,128,,Aggregated,209.900000,116.000000,200,230,250,270,320,390,480,520,640,640,640,23086,12932,200,201.73749758876136,84.9875410203822,1394.2410000017844,120.12388460538855
1777169586,128,GET,bulk_update_departures,11.000000,10.000000,220,260,300,310,390,500,570,640,640,640,640,1137,1080,210,237.06589384783032,92.68616698682308,1041.3162919867318,147.90589270008795
1777169586,128,GET,large_scan,18.900000,18.900000,220,260,280,300,350,390,460,480,500,500,500,2135,2135,210,238.86152149934105,88.68345801602118,1029.4658750062808,148.93770491803278
1777169586,128,GET,next_departures,71.600000,71.600000,220,260,280,300,360,430,510,570,640,640,640,8404,8404,210,236.11347764571332,91.22933400794864,1163.6116250010673,151.11851499286055
1777169586,128,GET,point_read,97.900000,4.600000,140,190,220,230,280,320,390,440,530,530,530,10500,348,120,158.20485164941888,84.9875410203822,1394.2410000017844,83.48571428571428
1777169586,128,GET,trips_per_route,11.300000,10.900000,220,260,280,310,400,470,600,610,640,640,640,1131,1087,210,238.1886649409988,91.3321659900248,851.4725840068422,147.51900972590627
1777169586,128,,Aggregated,210.700000,116.000000,200,230,260,270,330,390,480,520,640,640,640,23307,13054,200,201.41387815711124,84.9875410203822,1394.2410000017844,120.11820483116661
1777169587,128,GET,bulk_update_departures,10.800000,9.900000,230,260,300,310,390,500,570,640,640,640,640,1143,1086,210,236.93921315656488,92.68616698682308,1041.3162919867318,147.91688538932632
1777169587,128,GET,large_scan,18.300000,18.300000,220,250,280,300,340,390,460,480,500,500,500,2155,2155,210,238.48597261492324,88.68345801602118,1029.4658750062808,148.93503480278423
1777169587,128,GET,next_departures,70.600000,70.600000,220,260,280,300,360,430,510,570,640,640,640,8488,8488,210,235.75503851597335,91.22933400794864,1163.6116250010673,151.1221724787936
1777169587,128,GET,point_read,98.200000,5.500000,140,190,210,230,280,320,390,440,530,530,530,10607,349,120,157.78376726726282,84.9875410203822,1394.2410000017844,83.46931271801641
1777169587,128,GET,trips_per_route,11.100000,10.700000,240,270,290,310,400,470,600,610,640,640,640,1137,1093,210,237.96657018317197,91.3321659900248,851.4725840068422,147.5321020228672
1777169587,128,,Aggregated,209.000000,115.000000,200,230,260,270,330,390,480,520,640,640,640,23530,13171,200,201.02116312149568,84.9875410203822,1394.2410000017844,120.09570760730982
1777169588,128,GET,bulk_update_departures,10.600000,9.700000,230,260,310,310,390,500,570,640,640,640,640,1146,1089,210,236.9025938882463,92.68616698682308,1041.3162919867318,147.92233856893543
1777169588,128,GET,large_scan,17.600000,17.600000,220,250,280,300,340,390,460,480,500,500,500,2171,2171,210,238.45316936624283,88.68345801602118,1029.4658750062808,148.94288346384155
1777169588,128,GET,next_departures,70.900000,70.900000,220,250,280,300,350,430,510,570,640,640,640,8567,8567,210,235.46006010560794,91.22933400794864,1163.6116250010673,151.1264153145792
1777169588,128,GET,point_read,97.100000,5.400000,140,190,210,230,280,310,370,410,520,530,530,10731,365,120,157.59176454432145,84.9875410203822,1394.2410000017844,83.5452427546361
1777169588,128,GET,trips_per_route,11.700000,11.400000,220,270,280,310,400,470,600,610,640,640,640,1142,1098,210,237.87423285835396,91.3321659900248,851.4725840068422,147.5429071803853
1777169588,128,,Aggregated,207.900000,115.000000,200,220,250,270,320,390,480,520,640,640,640,23757,13290,200,200.74622795235567,84.9875410203822,1394.2410000017844,120.07374668518753
1777169589,128,GET,bulk_update_departures,10.000000,9.300000,210,230,260,290,350,440,570,640,640,640,640,1159,1102,210,236.48111257367933,92.68616698682308,1041.3162919867318,147.94564279551338
1777169589,128,GET,large_scan,18.500000,18.500000,210,240,260,280,320,370,430,480,500,500,500,2187,2187,210,238.1488408148491,88.68345801602118,1029.4658750062808,148.93827160493828
1777169589,128,GET,next_departures,70.100000,70.100000,210,230,260,280,340,420,510,570,640,640,640,8640,8640,210,235.1250322442933,91.22933400794864,1163.6116250010673,151.1255787037037
1777169589,128,GET,point_read,98.100000,5.300000,120,160,190,200,250,300,390,440,530,530,530,10836,388,120,157.28673238420356,84.9875410203822,1394.2410000017844,83.6687892211148
1777169589,128,GET,trips_per_route,11.900000,11.700000,210,250,270,280,400,470,600,610,640,640,640,1152,1108,210,237.5623441546395,91.3321659900248,851.4725840068422,147.56423611111111
1777169589,128,,Aggregated,208.600000,114.900000,200,210,230,250,310,360,470,510,640,640,640,23974,13425,200,200.40144554546686,84.9875410203822,1394.2410000017844,120.11141236339368
1777169590,128,GET,bulk_update_departures,9.700000,9.100000,210,230,260,270,320,380,570,640,640,640,640,1167,1109,210,236.70474433579747,92.68616698682308,1041.3162919867318,147.9228791773779
1777169590,128,GET,large_scan,19.100000,19.100000,210,240,260,270,320,340,380,480,500,500,500,2210,2210,210,238.33192439188304,88.68345801602118,1029.4658750062808,148.92488687782804
1777169590,128,GET,next_departures,71.400000,71.400000,210,230,260,270,330,380,500,570,640,640,640,8708,8708,210,235.3150508111703,91.22933400794864,1163.6116250010673,151.1311437758383
1777169590,128,GET,point_read,97.300000,4.900000,120,150,180,200,230,260,370,410,520,530,530,10921,388,120,157.4087380881195,84.9875410203822,1394.2410000017844,83.64994048164087
1777169590,128,GET,trips_per_route,11.000000,10.900000,210,250,270,280,330,430,600,610,640,640,640,1162,1118,210,237.64458882718398,91.3321659900248,851.4725840068422,147.58519793459553
1777169590,128,,Aggregated,208.500000,115.400000,190,210,230,240,300,340,440,510,640,640,640,24168,13533,200,200.56584296951038,84.9875410203822,1394.2410000017844,120.11068354849388
1777169591,128,GET,bulk_update_departures,9.200000,8.800000,200,230,250,260,310,340,470,480,480,480,480,1174,1116,210,237.25544940194376,92.68616698682308,1041.3162919867318,147.93526405451448
1777169591,128,GET,large_scan,18.400000,18.400000,210,230,260,270,310,340,410,470,480,480,480,2234,2234,210,238.93915502423133,88.68345801602118,1029.4658750062808,148.92435094001792
1777169591,128,GET,next_departures,71.500000,71.500000,210,230,250,270,320,340,370,420,490,490,490,8792,8792,210,235.9673995398557,91.22933400794864,1163.6116250010673,151.12318016378526
1777169591,128,GET,point_read,100.700000,4.800000,120,150,180,190,230,250,300,310,340,340,340,11010,388,120,158.13203005864116,84.9875410203822,1394.2410000017844,83.62970027247957
1777169591,128,GET,trips_per_route,10.800000,10.700000,210,250,260,280,320,350,390,390,400,400,400,1174,1130,210,238.51621057419246,91.3321659900248,851.4725840068422,147.6098807495741
1777169591,128,,Aggregated,210.600000,114.200000,190,210,230,240,280,320,350,390,480,490,490,24384,13660,200,201.27973379413297,84.9875410203822,1394.2410000017844,120.12405675853019
1777169592,128,GET,bulk_update_departures,9.500000,9.100000,200,230,250,260,310,340,470,480,480,480,480,1188,1128,210,237.51066625659666,92.68616698682308,1041.3162919867318,147.88888888888889
1777169592,128,GET,large_scan,18.800000,18.800000,210,230,260,280,310,330,410,410,480,480,480,2250,2250,210,239.15098151519325,88.68345801602118,1029.4658750062808,148.908
1777169592,128,GET,next_departures,73.800000,73.800000,210,230,250,260,310,340,370,420,490,490,490,8854,8854,210,236.15050775587008,91.22933400794864,1163.6116250010673,151.12660944206007
1777169592,128,GET,point_read,99.800000,6.500000,120,170,190,200,240,280,310,320,340,340,340,11106,388,120,158.7352662104788,84.9875410203822,1394.2410000017844,83.60849990995858
1777169592,128,GET,trips_per_route,11.000000,10.900000,210,240,260,280,330,350,390,390,400,400,400,1184,1140,210,238.76439626105451,91.3321659900248,851.4725840068422,147.63006756756758
1777169592,128,,Aggregated,212.900000,119.100000,200,210,230,240,290,320,350,390,480,490,490,24582,13760,200,201.64103357331103,84.9875410203822,1394.2410000017844,120.09437800016272
1777169593,128,GET,bulk_update_departures,9.600000,9.200000,210,240,260,280,320,350,470,480,480,480,480,1193,1133,210,237.7550813880002,92.68616698682308,1041.3162919867318,147.89773679798827
1777169593,128,GET,large_scan,19.700000,19.700000,220,250,280,290,320,350,410,410,480,480,480,2270,2270,210,239.5341029335562,88.68345801602118,1029.4658750062808,148.91762114537445
1777169593,128,GET,next_departures,75.700000,75.700000,210,240,260,280,320,350,370,420,490,490,490,8916,8916,210,236.38267485872873,91.22933400794864,1163.6116250010673,151.1243831314491
1777169593,128,GET,point_read,101.000000,5.600000,130,180,200,210,250,290,310,320,340,340,340,11200,388,120,158.96498334050452,84.9875410203822,1394.2410000017844,83.58892857142857
1777169593,128,GET,trips_per_route,11.400000,11.300000,220,260,270,290,330,350,390,400,400,400,400,1192,1148,210,239.13490775843786,91.3321659900248,851.4725840068422,147.64597315436242
1777169593,128,,Aggregated,217.400000,121.500000,200,220,240,250,300,330,360,390,480,490,490,24771,13855,200,201.86624594312565,84.9875410203822,1394.2410000017844,120.06378426385693
1777169594,128,GET,bulk_update_departures,9.200000,8.800000,230,240,270,290,320,350,470,480,480,480,480,1200,1140,210,237.82190785820907,92.68616698682308,1041.3162919867318,147.91
1777169594,128,GET,large_scan,20.000000,20.000000,220,250,280,290,320,350,410,410,480,480,480,2287,2287,210,239.5877234884897,88.68345801602118,1029.4658750062808,148.925666812418
1777169594,128,GET,next_departures,75.700000,75.700000,210,240,260,280,320,350,370,420,490,490,490,8991,8991,210,236.39612697903345,91.22933400794864,1163.6116250010673,151.12890668446224
1777169594,128,GET,point_read,99.400000,5.600000,140,180,200,210,250,290,310,330,340,340,340,11312,391,120,158.86676965785725,84.9875410203822,1394.2410000017844,83.58309759547383
1777169594,128,GET,trips_per_route,10.700000,10.600000,220,250,270,290,330,350,390,400,400,400,400,1203,1157,210,239.07508992022738,91.3321659900248,851.4725840068422,147.5619285120532
1777169594,128,,Aggregated,215.000000,120.700000,200,220,240,260,300,330,360,390,480,490,490,24993,13966,200,201.7952715664473,84.9875410203822,1394.2410000017844,120.02936822310247
1777169595,128,GET,bulk_update_departures,9.900000,9.300000,220,240,270,280,310,350,470,480,480,480,480,1212,1151,210,237.37802988514935,92.68616698682308,1041.3162919867318,147.8960396039604
1777169595,128,GET,large_scan,20.300000,20.300000,220,250,280,290,320,360,410,470,480,480,480,2302,2302,210,239.35096399529576,88.68345801602118,1029.4658750062808,148.92093831450913
1777169595,128,GET,next_departures,74.900000,74.900000,210,240,260,280,320,350,370,420,490,490,490,9078,9078,210,236.06168291467702,91.22933400794864,1163.6116250010673,151.12359550561797
1777169595,128,GET,point_read,100.000000,5.600000,130,180,200,210,250,290,310,320,330,340,340,11412,393,120,158.52978824515887,84.9875410203822,1394.2410000017844,83.57465825446899
1777169595,128,GET,trips_per_route,10.500000,10.400000,220,250,270,290,330,350,390,400,400,400,400,1219,1173,210,238.59297748156757,91.3321659900248,851.4725840068422,147.59392945036916
1777169595,128,,Aggregated,215.600000,120.500000,200,220,240,250,300,330,360,390,480,490,490,25223,14097,200,201.46861324351516,84.9875410203822,1394.2410000017844,120.03476985291202
1777169596,128,GET,bulk_update_departures,8.700000,8.400000,210,240,270,280,310,350,470,480,480,480,480,1222,1161,210,237.00484892376946,92.68616698682308,1041.3162919867318,147.91325695581014
1777169596,128,GET,large_scan,20.700000,20.700000,220,250,280,290,320,360,410,470,480,480,480,2332,2332,210,238.9208668135459,88.68345801602118,1029.4658750062808,148.91166380789022
1777169596,128,GET,next_departures,73.000000,73.000000,210,240,260,280,320,340,370,420,490,490,490,9150,9150,210,235.77980330234897,91.22933400794864,1163.6116250010673,151.12568306010928
1777169596,128,GET,point_read,98.900000,5.600000,130,180,200,210,250,290,310,320,330,340,340,11516,397,120,158.07581513702357,84.9875410203822,1394.2410000017844,83.5773706147968
1777169596,128,GET,trips_per_route,9.900000,9.900000,210,250,260,290,330,350,390,400,400,400,400,1229,1183,210,238.23346973230502,91.3321659900248,851.4725840068422,147.61350691619202
1777169596,128,,Aggregated,211.200000,117.600000,200,220,240,250,300,330,360,390,480,490,490,25449,14223,200,201.08289553339932,84.9875410203822,1394.2410000017844,120.03245707100476
1777169597,128,GET,bulk_update_departures,8.400000,8.100000,200,230,250,280,310,350,470,480,480,480,480,1237,1176,210,236.49946383331684,92.68616698682308,1041.3162919867318,147.9385610347615
1777169597,128,GET,large_scan,20.400000,20.400000,220,250,280,290,320,360,410,470,480,480,480,2352,2352,210,238.45972455665043,88.68345801602118,1029.4658750062808,148.89795918367346
1777169597,128,GET,next_departures,73.600000,73.600000,210,240,260,280,320,350,370,420,490,490,490,9227,9227,210,235.43273169853697,91.22933400794864,1163.6116250010673,151.11899859109135
1777169597,128,GET,point_read,99.500000,4.800000,130,180,200,210,250,290,310,320,330,340,340,11635,415,120,157.6383663152547,84.9875410203822,1394.2410000017844,83.65938977223894
1777169597,128,GET,trips_per_route,9.800000,9.600000,210,240,260,280,330,350,390,390,400,400,400,1238,1192,210,237.9154556833628,91.3321659900248,851.4725840068422,147.63085621970922
1777169597,128,,Aggregated,211.700000,116.500000,200,210,230,250,300,330,360,390,480,490,490,25689,14362,200,200.64644986240907,84.9875410203822,1394.2410000017844,120.04075674413173
1777169598,128,GET,bulk_update_departures,8.600000,8.200000,200,230,240,270,300,340,400,470,480,480,480,1248,1187,210,236.14883204153068,92.68616698682308,1041.3162919867318,147.95673076923077
1777169598,128,GET,large_scan,19.900000,19.900000,210,240,270,280,320,350,410,410,480,480,480,2377,2377,210,238.02089964084288,88.68345801602118,1029.4658750062808,148.8981909970551
1777169598,128,GET,next_departures,73.900000,73.900000,210,230,260,270,320,340,370,420,490,490,490,9314,9314,210,235.03029932567648,91.22933400794864,1163.6116250010673,151.1192828000859
1777169598,128,GET,point_read,100.500000,4.500000,130,170,190,210,250,290,310,330,340,340,340,11732,423,120,157.26506427158148,84.9875410203822,1394.2410000017844,83.68530514831231
1777169598,128,GET,trips_per_route,9.800000,9.600000,210,240,260,280,330,350,390,390,400,400,400,1248,1201,210,237.49060147029246,91.3321659900248,851.4725840068422,147.59935897435898
1777169598,128,,Aggregated,212.700000,116.100000,190,210,230,250,290,330,360,390,480,490,490,25919,14502,200,200.27715704396596,84.9875410203822,1394.2410000017844,120.0704502488522
1777169599,128,GET,bulk_update_departures,8.600000,8.200000,200,230,250,270,310,350,470,480,480,480,480,1259,1198,210,235.90670142643083,92.68616698682308,1041.3162919867318,147.97458300238284
1777169599,128,GET,large_scan,19.700000,19.700000,210,240,280,290,320,360,410,470,480,480,480,2387,2387,210,237.84778089204556,88.68345801602118,1029.4658750062808,148.9028068705488
1777169599,128,GET,next_departures,74.100000,74.100000,210,230,260,270,320,340,370,420,490,490,490,9396,9396,210,234.7794517965517,89.99449998373166,1163.6116250010673,151.1148361004683
1777169599,128,GET,point_read,101.100000,5.000000,120,170,190,200,250,290,310,330,340,340,340,11835,423,120,156.8419304143042,84.9875410203822,1394.2410000017844,83.66379383185466
1777169599,128,GET,trips_per_route,9.700000,9.500000,210,240,260,280,330,350,390,390,400,400,400,1258,1209,210,237.0842083083865,91.3321659900248,851.4725840068422,147.516693163752
1777169599,128,,Aggregated,213.200000,116.500000,190,210,230,250,290,330,360,390,480,490,490,26135,14613,200,199.93162807234754,84.9875410203822,1394.2410000017844,120.04373445571073
1777169600,128,GET,bulk_update_departures,9.400000,9.000000,200,210,220,230,290,300,320,390,390,390,390,1270,1208,210,235.5370640841782,92.68616698682308,1041.3162919867318,147.95905511811023
1777169600,128,GET,large_scan,19.700000,19.700000,200,220,230,250,290,320,340,390,390,390,390,2414,2414,210,237.44141541850567,88.68345801602118,1029.4658750062808,148.8927091963546
1777169600,128,GET,next_departures,73.300000,73.300000,200,210,230,240,280,310,330,350,370,370,370,9476,9476,210,234.5299688690764,89.99449998373166,1163.6116250010673,151.11070071760236
1777169600,128,GET,point_read,102.200000,6.000000,110,130,160,180,210,260,300,300,330,330,330,11945,433,120,156.49505739424134,84.9875410203822,1394.2410000017844,83.6990372540812
1777169600,128,GET,trips_per_route,10.100000,9.900000,200,210,230,240,280,330,340,370,370,370,370,1265,1216,210,236.91226074620695,91.3321659900248,851.4725840068422,147.5304347826087
1777169600,128,,Aggregated,214.700000,117.900000,190,200,210,220,260,290,320,340,390,390,390,26370,14747,200,199.61126672842963,84.9875410203822,1394.2410000017844,120.04819871065605
1777169602,128,GET,bulk_update_departures,10.200000,9.800000,200,200,210,210,230,300,320,390,390,390,390,1280,1216,210,235.26818913583156,92.68616698682308,1041.3162919867318,147.91015625
1777169602,128,GET,large_scan,20.600000,20.600000,200,220,230,240,290,320,370,390,390,390,390,2446,2446,210,237.43006614075077,88.68345801602118,1029.4658750062808,148.90719542109568
1777169602,128,GET,next_departures,74.400000,74.400000,200,210,220,230,280,310,340,360,370,370,370,9545,9545,210,234.6154883755377,89.99449998373166,1163.6116250010673,151.11314824515452
1777169602,128,GET,point_read,99.500000,5.200000,110,130,140,160,200,220,270,290,330,330,330,12036,436,120,156.45218379180298,84.9875410203822,1394.2410000017844,83.69657693585908
1777169602,128,GET,trips_per_route,10.600000,10.300000,200,210,220,240,270,330,360,370,370,370,370,1276,1226,210,236.92714760577573,91.3321659900248,851.4725840068422,147.50156739811914
1777169602,128,,Aggregated,215.300000,120.300000,190,200,210,210,250,280,320,340,390,390,390,26583,14869,200,199.6268135606115,84.9875410203822,1394.2410000017844,120.05834555919196
1777169603,128,GET,bulk_update_departures,10.000000,9.600000,200,200,210,220,300,350,400,430,430,430,430,1290,1226,210,236.0093407703802,92.68616698682308,1041.3162919867318,147.92635658914728
1777169603,128,GET,large_scan,19.700000,19.700000,200,220,230,230,280,320,360,410,450,450,450,2466,2466,210,237.66972412742257,88.68345801602118,1029.4658750062808,148.9160583941606
1777169603,128,GET,next_departures,74.500000,74.500000,200,210,220,240,280,320,360,370,500,500,500,9621,9621,210,234.98819519379776,89.99449998373166,1163.6116250010673,151.11474898659182
1777169603,128,GET,point_read,98.900000,3.500000,110,130,150,170,210,260,300,310,340,340,340,12119,438,120,157.05396535004053,84.9875410203822,1394.2410000017844,83.69139367934648
1777169603,128,GET,trips_per_route,10.500000,10.000000,200,210,220,240,270,320,440,480,480,480,480,1287,1237,210,237.36016712896907,91.3321659900248,851.4725840068422,147.52292152292154
1777169603,128,,Aggregated,213.600000,117.300000,190,200,210,220,260,300,330,360,480,500,500,26783,14988,200,200.1339116761994,84.9875410203822,1394.2410000017844,120.07784788858605
1777169604,128,GET,bulk_update_departures,10.300000,9.900000,200,200,210,230,320,350,400,430,430,430,430,1297,1233,210,236.14803679161685,92.68616698682308,1041.3162919867318,147.93754818812644
1777169604,128,GET,large_scan,20.400000,20.400000,200,210,230,230,280,320,360,410,450,450,450,2479,2479,210,237.68135832162247,88.68345801602118,1029.4658750062808,148.92174263816054
1777169604,128,GET,next_departures,76.700000,76.700000,200,210,220,240,290,330,360,370,500,500,500,9681,9681,210,235.09646358460594,89.99449998373166,1163.6116250010673,151.12333436628447
1777169604,128,GET,point_read,102.000000,4.500000,110,130,180,190,240,290,310,310,340,340,340,12222,438,120,157.61701286214722,84.9875410203822,1394.2410000017844,83.67108492881688
1777169604,128,GET,trips_per_route,10.200000,9.700000,200,210,220,240,270,320,440,480,480,480,480,1296,1246,210,237.4565982916263,91.3321659900248,851.4725840068422,147.54012345679013
1777169604,128,,Aggregated,219.600000,121.200000,190,200,210,220,270,310,340,360,480,500,500,26975,15077,200,200.3930987042703,84.9875410203822,1394.2410000017844,120.03399443929564
1777169605,128,GET,bulk_update_departures,10.600000,10.000000,200,210,230,250,330,380,410,430,430,430,430,1302,1238,210,236.4566381295575,92.68616698682308,1041.3162919867318,147.94546850998464
1777169605,128,GET,large_scan,21.200000,21.200000,210,220,230,250,310,320,370,410,450,450,450,2500,2500,210,237.99350536130368,88.68345801602118,1029.4658750062808,148.92
1777169605,128,GET,next_departures,75.300000,75.300000,210,220,240,260,320,340,370,400,500,500,500,9749,9749,210,235.3972699765793,89.99449998373166,1163.6116250010673,151.11806339111703
1777169605,128,GET,point_read,102.600000,4.800000,120,170,200,210,260,300,310,320,400,400,400,12327,438,120,158.1018352892926,84.9875410203822,1394.2410000017844,83.65052324166464
1777169605,128,GET,trips_per_route,10.200000,9.600000,210,240,260,270,320,330,440,480,480,480,480,1309,1257,210,237.93638876005292,91.3321659900248,851.4725840068422,147.46753246753246
1777169605,128,,Aggregated,219.900000,120.900000,190,210,220,240,290,320,360,390,480,500,500,27187,15182,200,200.76206818507433,84.9875410203822,1394.2410000017844,119.99742524000442
1777169606,128,GET,bulk_update_departures,10.400000,10.000000,200,230,280,290,340,380,410,430,430,430,430,1308,1244,210,236.803669383521,92.68616698682308,1041.3162919867318,147.95489296636086
1777169606,128,GET,large_scan,20.900000,20.900000,210,230,260,290,320,350,370,410,450,450,450,2515,2515,210,238.43176316509948,88.68345801602118,1029.4658750062808,148.91570576540755
1777169606,128,GET,next_departures,76.500000,76.500000,210,240,270,290,330,350,370,400,500,500,500,9827,9827,210,235.80350482076352,89.99449998373166,1163.6116250010673,151.12190902615245
1777169606,128,GET,point_read,102.200000,5.000000,140,180,200,220,260,300,310,320,400,400,400,12411,439,120,158.22364613625845,84.9875410203822,1394.2410000017844,83.63943276126017
1777169606,128,GET,trips_per_route,10.400000,9.800000,220,260,280,290,330,360,440,480,480,480,480,1316,1264,210,238.33400472789586,91.3321659900248,851.4725840068422,147.48100303951367
1777169606,128,,Aggregated,220.400000,122.200000,200,220,240,260,310,330,360,390,480,500,500,27377,15289,200,201.0445756732481,84.9875410203822,1394.2410000017844,120.00062095919932
1777169607,128,GET,bulk_update_departures,10.400000,10.000000,210,230,280,290,340,380,410,430,430,430,430,1319,1255,210,236.59978551527368,92.68616698682308,1041.3162919867318,147.97194844579226
1777169607,128,GET,large_scan,20.900000,20.900000,220,230,260,290,320,350,370,410,450,450,450,2532,2532,210,238.1733282761332,88.68345801602118,1029.4658750062808,148.91232227488152
1777169607,128,GET,next_departures,76.500000,76.500000,210,240,270,290,330,350,370,400,500,500,500,9912,9912,210,235.521873797188,89.99449998373166,1163.6116250010673,151.11481033091204
1777169607,128,GET,point_read,102.200000,5.000000,130,180,200,220,270,300,310,320,400,400,400,12512,439,120,157.797556055251,84.9875410203822,1394.2410000017844,83.61972506393862
1777169607,128,GET,trips_per_route,10.400000,9.800000,220,260,280,290,330,360,440,480,480,480,480,1326,1274,210,238.11171535137134,91.3321659900248,851.4725840068422,147.5
1777169607,128,,Aggregated,220.400000,122.200000,200,220,240,260,310,330,360,390,480,500,500,27601,15412,200,200.70729152156625,84.9875410203822,1394.2410000017844,119.9922466577298
1777169608,128,GET,bulk_update_departures,9.600000,9.300000,210,240,290,290,350,390,410,430,430,430,430,1325,1260,210,236.37010290166626,92.68616698682308,1041.3162919867318,147.9501886792453
1777169608,128,GET,large_scan,21.200000,21.200000,220,240,260,290,320,350,370,410,450,450,450,2555,2555,210,237.8073165812753,88.68345801602118,1029.4658750062808,148.9009784735812
1777169608,128,GET,next_departures,74.100000,74.100000,220,240,270,290,330,350,370,400,500,500,500,10002,10002,210,235.29621320643201,89.99449998373166,1163.6116250010673,151.11477704459108
1777169608,128,GET,point_read,99.200000,4.600000,140,180,200,220,260,300,310,320,400,400,400,12614,446,120,157.48546153705527,84.9875410203822,1394.2410000017844,83.63905184715395
1777169608,128,GET,trips_per_route,9.700000,9.100000,230,260,280,300,330,360,440,480,480,480,480,1333,1281,210,237.97957875011912,91.3321659900248,851.4725840068422,147.5131282820705
1777169608,128,,Aggregated,213.800000,118.300000,200,220,240,260,310,330,360,390,480,500,500,27829,15544,200,200.43728466717857,84.9875410203822,1394.2410000017844,120.00373710877143
1777169609,128,GET,bulk_update_departures,9.600000,9.300000,210,240,290,310,350,390,410,430,430,430,430,1333,1268,210,236.10601423008526,92.68616698682308,1041.3162919867318,147.96249062265565
1777169609,128,GET,large_scan,20.000000,20.000000,210,230,250,280,320,350,370,410,450,450,450,2581,2581,210,237.43657367423043,88.68345801602118,1029.4658750062808,148.91204959318094
1777169609,128,GET,next_departures,76.200000,76.200000,220,240,270,290,330,350,370,400,500,500,500,10087,10087,210,235.00663266587762,89.99449998373166,1163.6116250010673,151.11529691682364
1777169609,128,GET,point_read,99.500000,4.100000,140,180,200,220,270,300,310,320,400,400,400,12720,452,120,157.13223467571638,84.9875410203822,1394.2410000017844,83.65141509433963
1777169609,128,GET,trips_per_route,9.700000,9.100000,230,260,280,290,330,360,440,480,480,480,480,1344,1292,210,237.64282878866132,91.3321659900248,851.4725840068422,147.53348214285714
1777169609,128,,Aggregated,215.000000,118.700000,200,220,240,260,310,330,360,390,480,500,500,28065,15680,200,200.11327291251257,84.9875410203822,1394.2410000017844,120.01450204881525
1777169610,128,GET,bulk_update_departures,8.800000,8.400000,210,240,290,310,350,390,410,430,430,430,430,1345,1279,210,235.6714272369383,92.68616698682308,1041.3162919867318,147.94944237918216
1777169610,128,GET,large_scan,20.300000,20.300000,210,240,260,290,320,350,380,410,450,450,450,2599,2599,210,237.26904002663193,88.68345801602118,1029.4658750062808,148.91958445555983
1777169610,128,GET,next_departures,77.500000,77.500000,220,250,280,300,330,360,400,430,500,500,500,10163,10163,210,234.96257393148855,89.99449998373166,1163.6116250010673,151.11679622158812
1777169610,128,GET,point_read,97.800000,3.100000,150,190,210,230,270,300,320,320,400,400,400,12818,453,120,157.067102183184,84.9875410203822,1394.2410000017844,83.63754095802777
1777169610,128,GET,trips_per_route,9.500000,8.900000,240,270,280,300,330,380,450,480,480,480,480,1354,1302,210,237.91442351025236,91.3321659900248,851.4725840068422,147.55169867060562
1777169610,128,,Aggregated,213.900000,118.200000,200,230,250,270,310,340,370,410,480,500,500,28279,15796,200,200.04198128454124,84.9875410203822,1394.2410000017844,120.00724919551611
1777169611,128,GET,bulk_update_departures,8.500000,8.100000,210,240,290,290,350,390,410,430,430,430,430,1354,1288,210,235.5739869584193,92.68616698682308,1041.3162919867318,147.96307237813886
1777169611,128,GET,large_scan,20.200000,20.200000,210,230,250,290,320,350,410,450,980,980,980,2618,2618,210,237.34155776786642,88.68345801602118,1029.4658750062808,148.90679908326968
1777169611,128,GET,next_departures,77.000000,77.000000,220,250,270,290,330,370,440,950,1100,1100,1100,10236,10236,210,235.51318520755382,89.99449998373166,1163.6116250010673,151.1137162954279
1777169611,128,GET,point_read,98.400000,2.900000,140,180,210,230,280,300,320,350,1000,1000,1000,12909,454,120,157.15851511201845,84.9875410203822,1394.2410000017844,83.62553257417306
1777169611,128,GET,trips_per_route,9.600000,9.100000,230,270,280,300,330,380,450,480,480,480,480,1357,1305,210,237.83773828214038,91.3321659900248,851.4725840068422,147.55711127487103
1777169611,128,,Aggregated,213.700000,117.300000,200,220,250,260,310,340,400,450,1000,1100,1100,28474,15901,200,200.2720173769893,84.9875410203822,1394.2410000017844,119.99497787455222
1777169612,128,GET,bulk_update_departures,8.500000,8.000000,200,210,230,250,290,330,390,410,410,410,410,1371,1303,210,234.99732367524297,92.68616698682308,1041.3162919867318,147.927060539752
1777169612,128,GET,large_scan,21.000000,21.000000,210,220,240,250,310,330,370,410,980,980,980,2647,2647,210,236.95707800765572,88.68345801602118,1029.4658750062808,148.89837551945598
1777169612,128,GET,next_departures,75.400000,75.400000,210,230,250,270,320,360,440,970,1400,1400,1400,10300,10300,210,235.44331731354416,89.99449998373166,1443.9446670003235,151.11165048543688
1777169612,128,GET,point_read,98.200000,3.000000,120,160,180,200,250,290,310,350,1000,1000,1000,13009,454,120,156.86638284380533,84.9875410203822,1394.2410000017844,83.60727188869244
1777169612,128,GET,trips_per_route,9.400000,9.100000,210,250,280,280,330,350,410,450,450,450,450,1372,1318,210,237.29352199918972,91.3321659900248,851.4725840068422,147.4905247813411
1777169612,128,,Aggregated,212.500000,116.500000,200,210,230,240,300,330,390,440,1100,1400,1400,28699,16022,200,200.03186073286398,84.9875410203822,1443.9446670003235,119.98313530088156
1777169613,128,GET,bulk_update_departures,8.500000,8.000000,200,210,220,230,290,310,390,410,410,410,410,1381,1313,210,234.721847702245,92.68616698682308,1041.3162919867318,147.94207096307025
1777169613,128,GET,large_scan,21.000000,21.000000,210,220,230,240,310,330,370,410,980,980,980,2667,2667,210,236.770207047337,88.68345801602118,1029.4658750062808,148.9066366704162
1777169613,128,GET,next_departures,75.400000,75.400000,210,220,250,260,310,360,440,970,1400,1400,1400,10361,10361,210,235.28277449438795,89.99449998373166,1443.9446670003235,151.1123443683042
1777169613,128,GET,point_read,98.200000,3.000000,110,140,160,180,220,260,310,350,1000,1000,1000,13118,459,120,156.5591075015147,84.9875410203822,1394.2410000017844,83.61343192559842
1777169613,128,GET,trips_per_route,9.400000,9.100000,210,230,260,280,320,350,410,450,450,450,450,1383,1328,210,237.04057503025726,91.3321659900248,851.4725840068422,147.4649313087491
1777169613,128,,Aggregated,212.500000,116.500000,190,200,220,230,280,320,390,440,1100,1400,1400,28910,16128,200,199.75618567554847,84.9875410203822,1443.9446670003235,119.95510204081633
1777169614,128,GET,bulk_update_departures,9.100000,8.700000,200,210,230,250,290,320,350,360,360,360,360,1398,1330,210,235.11370890618946,92.68616698682308,1041.3162919867318,147.96709585121602
1777169614,128,GET,large_scan,20.100000,20.100000,210,220,230,240,300,330,360,410,980,980,980,2682,2682,210,236.90582270295002,88.68345801602118,1029.4658750062808,148.90268456375838
1777169614,128,GET,next_departures,75.400000,75.400000,210,220,250,260,310,350,440,970,1400,1400,1400,10437,10437,210,235.51718451962054,89.99449998373166,1443.9446670003235,151.10663983903422
1777169614,128,GET,point_read,97.300000,1.800000,110,130,160,180,230,270,310,350,1000,1000,1000,13213,469,120,157.10079183673048,84.9875410203822,1394.2410000017844,83.6473927192916
1777169614,128,GET,trips_per_route,9.600000,9.200000,210,220,250,280,330,360,410,450,450,450,450,1396,1340,210,237.49003022124694,91.3321659900248,851.4725840068422,147.4419770773639
1777169614,128,,Aggregated,211.500000,115.200000,190,210,220,230,280,320,360,440,1100,1400,1400,29126,16258,200,200.14667586002238,84.9875410203822,1443.9446670003235,119.97449014626108
1777169615,128,GET,bulk_update_departures,9.100000,8.700000,200,210,220,240,280,310,330,360,360,360,360,1402,1333,210,235.22633102129345,92.68616698682308,1041.3162919867318,147.94293865905848
1777169615,128,GET,large_scan,20.100000,20.100000,210,220,230,230,250,320,350,410,980,980,980,2700,2700,210,236.97107538157272,88.68345801602118,1029.4658750062808,148.9
1777169615,128,GET,next_departures,75.400000,75.400000,210,220,240,250,300,330,440,970,1400,1400,1400,10495,10495,210,235.63974086881473,89.99449998373166,1443.9446670003235,151.11719866603144
1777169615,128,GET,point_read,97.300000,1.800000,110,140,170,200,250,290,320,350,1000,1000,1000,13287,469,120,157.57898079278073,84.9875410203822,1394.2410000017844,83.63310002257846
1777169615,128,GET,trips_per_route,9.600000,9.200000,210,220,250,270,310,360,410,450,450,450,450,1403,1346,210,237.7340888716083,91.3321659900248,851.4725840068422,147.40912330719885
1777169615,128,,Aggregated,211.500000,115.200000,190,210,220,230,280,310,360,440,1100,1400,1400,29287,16343,200,200.42821540345003,84.9875410203822,1443.9446670003235,119.96684535800867
1777169616,128,GET,bulk_update_departures,9.100000,8.700000,200,220,240,250,310,330,360,360,360,360,360,1418,1349,210,235.50652318965524,92.68616698682308,1041.3162919867318,147.96614950634697
1777169616,128,GET,large_scan,20.100000,20.100000,210,220,240,250,290,330,370,410,980,980,980,2726,2726,210,237.28474418720276,88.68345801602118,1029.4658750062808,148.91049156272928
1777169616,128,GET,next_departures,74.000000,74.000000,210,230,250,270,320,370,440,970,1400,1400,1400,10564,10564,210,235.99295093063745,89.99449998373166,1443.9446670003235,151.10990155244227
1777169616,128,GET,point_read,99.900000,2.100000,120,170,210,230,280,310,330,350,1000,1000,1000,13381,469,120,158.17492050293436,84.9875410203822,1394.2410000017844,83.61624691727076
1777169616,128,GET,trips_per_route,9.600000,9.100000,220,240,280,290,330,380,410,450,450,450,450,1417,1360,210,238.0908825107968,91.3321659900248,851.4725840068422,147.4347212420607
1777169616,128,,Aggregated,212.700000,114.000000,200,220,230,250,300,330,390,440,1100,1400,1400,29506,16468,200,200.89911841442589,84.9875410203822,1443.9446670003235,119.97068392869247
1777169617,128,GET,bulk_update_departures,10.100000,9.700000,210,230,240,260,310,330,360,360,360,360,360,1425,1356,210,235.59452380625564,92.68616698682308,1041.3162919867318,147.9761403508772
1777169617,128,GET,large_scan,20.000000,20.000000,220,230,250,260,320,330,390,460,980,980,980,2740,2740,210,237.53594730413064,88.68345801602118,1029.4658750062808,148.90620437956204
1777169617,128,GET,next_departures,74.900000,74.900000,220,250,270,290,330,380,440,970,1400,1400,1400,10621,10621,210,236.17657340883028,89.99449998373166,1443.9446670003235,151.12042180585632
1777169617,128,GET,point_read,99.100000,3.100000,140,190,210,230,280,310,330,350,1000,1000,1000,13486,469,120,158.28119509734768,84.9875410203822,1394.2410000017844,83.59795343318997
1777169617,128,GET,trips_per_route,10.000000,9.400000,220,260,280,300,330,380,410,450,450,450,450,1428,1369,210,238.33588382403425,91.3321659900248,851.4725840068422,147.36624649859945
1777169617,128,,Aggregated,214.100000,117.100000,200,220,250,260,310,330,390,440,1100,1400,1400,29700,16555,200,201.0076066463286,84.9875410203822,1443.9446670003235,119.92457912457913
1777169618,128,GET,bulk_update_departures,11.000000,10.500000,210,230,240,260,310,330,360,360,360,360,360,1430,1361,210,235.5087766957256,92.68616698682308,1041.3162919867318,147.9832167832168
1777169618,128,GET,large_scan,21.200000,21.200000,220,240,250,270,320,330,390,460,980,980,980,2765,2765,210,237.48835442727938,88.68345801602118,1029.4658750062808,148.91609403254972
1777169618,128,GET,next_departures,74.500000,74.500000,230,260,280,300,330,370,440,970,1400,1400,1400,10709,10709,210,236.18132838465496,89.99449998373166,1443.9446670003235,151.120552806051
1777169618,128,GET,point_read,97.700000,3.000000,150,190,210,230,290,310,330,350,1000,1000,1000,13592,478,120,158.19966882473184,84.9875410203822,1394.2410000017844,83.62470570924073
1777169618,128,GET,trips_per_route,10.100000,9.600000,230,270,280,300,330,380,410,450,450,450,450,1444,1384,210,238.16852828788387,91.07450000010431,851.4725840068422,147.351108033241
1777169618,128,,Aggregated,214.500000,118.800000,200,230,250,270,310,330,390,440,1100,1400,1400,29940,16697,200,200.96405978126384,84.9875410203822,1443.9446670003235,119.94392117568471
1777169619,128,GET,bulk_update_departures,10.600000,10.100000,210,230,240,260,310,330,360,360,360,360,360,1443,1373,210,235.09488343654073,92.68616698682308,1041.3162919867318,147.97227997227998
1777169619,128,GET,large_scan,20.800000,20.800000,220,240,250,270,320,330,390,460,980,980,980,2780,2780,210,237.23552081526236,88.68345801602118,1029.4658750062808,148.91223021582735
1777169619,128,GET,next_departures,70.900000,70.900000,220,250,280,290,330,360,420,970,1400,1400,1400,10794,10794,210,235.84251256922803,89.99449998373166,1443.9446670003235,151.11867704280155
1777169619,128,GET,point_read,97.400000,3.000000,140,180,210,220,280,310,320,340,1000,1000,1000,13694,478,120,157.79251649764097,84.9875410203822,1394.2410000017844,83.60749233240836
1777169619,128,GET,trips_per_route,10.200000,9.500000,220,260,280,290,330,360,400,410,410,410,410,1451,1391,210,237.97325543745333,91.07450000010431,851.4725840068422,147.36388697450033
1777169619,128,,Aggregated,209.900000,114.300000,200,220,250,270,310,330,380,420,1100,1400,1400,30162,16816,200,200.6017724254372,84.9875410203822,1443.9446670003235,119.93306146807241
1777169620,128,GET,bulk_update_departures,10.500000,10.100000,210,220,240,260,310,330,350,360,360,360,360,1456,1386,210,234.81560065040836,92.68616698682308,1041.3162919867318,147.9903846153846
1777169620,128,GET,large_scan,20.800000,20.800000,210,230,250,270,310,330,360,390,460,460,460,2800,2800,210,236.95682152940466,88.68345801602118,1029.4658750062808,148.92
1777169620,128,GET,next_departures,69.800000,69.800000,210,240,270,290,320,340,370,390,1400,1400,1400,10882,10882,210,235.5494130071043,89.99449998373166,1443.9446670003235,151.11192795442014
1777169620,128,GET,point_read,97.600000,3.200000,130,180,210,220,280,300,320,330,360,360,360,13796,482,120,157.42356320698795,84.9875410203822,1394.2410000017844,83.6101043780806
1777169620,128,GET,trips_per_route,10.800000,10.100000,220,250,270,290,330,340,380,400,410,410,410,1461,1401,210,237.7048827951634,91.07450000010431,851.4725840068422,147.38193018480493
1777169620,128,,Aggregated,209.500000,114.000000,200,220,240,260,300,320,340,370,460,1400,1400,30395,16951,200,200.28694321236938,84.9875410203822,1443.9446670003235,119.94275374239184
