Timestamp,User Count,Type,Name,Requests/s,Failures/s,50%,66%,75%,80%,90%,95%,98%,99%,99.9%,99.99%,100%,Total Request Count,Total Failure Count,Total Median Response Time,Total Average Response Time,Total Min Response Time,Total Max Response Time,Total Average Content Size
1777169174,0,,Aggregated,0.000000,0.000000,N/A,N/A,N/A,N/A,N/A,N/A,N/A,N/A,N/A,N/A,N/A,0,0,0,0.0,0,0,0
1777169175,16,GET,large_scan,0.000000,0.000000,0,0,0,0,0,0,0,0,0,0,0,2,2,92.42370800347999,155.37731199583504,92.42370800347999,218.3309159881901,123.0
1777169175,16,GET,next_departures,0.000000,0.000000,0,0,0,0,0,0,0,0,0,0,0,3,3,290,246.9398613223651,106.52462497819215,347.6257089932915,175.0
1777169175,16,GET,point_read,0.000000,0.000000,0,0,0,0,0,0,0,0,0,0,0,1,0,92.63425000244752,92.63425000244752,92.63425000244752,92.63425000244752,81.0
1777169175,16,,Aggregated,0.000000,0.000000,0,0,0,0,0,0,0,0,0,0,0,6,5,110,190.70140966020213,92.42370800347999,347.6257089932915,142.0
1777169176,16,GET,large_scan,0.000000,0.000000,92,92,92,92,92,92,92,92,92,92,92,2,2,92.42370800347999,155.37731199583504,92.42370800347999,218.3309159881901,123.0
1777169176,16,GET,next_departures,0.000000,0.000000,290,290,350,350,350,350,350,350,350,350,350,3,3,290,246.9398613223651,106.52462497819215,347.6257089932915,175.0
1777169176,16,GET,point_read,0.000000,0.000000,110,110,120,120,120,120,120,120,120,120,120,4,0,98,103.76060425915057,92.63425000244752,117.65625001862645,81.0
1777169176,16,,Aggregated,0.000000,0.000000,110,110,120,120,120,120,120,120,120,120,120,9,5,110,162.95740277726307,92.42370800347999,347.6257089932915,121.66666666666667
1777169177,16,GET,large_scan,1.000000,1.000000,2700,2700,2700,2700,2700,2700,2700,2700,2700,2700,2700,3,3,220,997.5450966643015,92.42370800347999,2681.880666001234,123.0
1777169177,16,GET,next_departures,3.000000,3.000000,2700,2800,2800,2900,2900,2900,2900,2900,2900,2900,2900,10,10,1800,1675.2559000975452,106.52462497819215,2912.756542005809,167.5
1777169177,16,GET,point_read,1.000000,0.000000,130,2800,2800,2800,2800,2900,2900,2900,2900,2900,2900,12,0,120,1223.7733785877936,92.63425000244752,2922.912541020196,80.83333333333333
1777169177,16,,Aggregated,5.000000,4.000000,2700,2800,2800,2800,2900,2900,2900,2900,2900,2900,2900,25,13,350,1377.2189933608752,92.42370800347999,2922.912541020196,120.56
1777169178,16,GET,bulk_update_departures,0.000000,0.000000,0,0,0,0,0,0,0,0,0,0,0,2,0,94,100.3940835071262,93.65937500842847,107.12879200582393,108.5
1777169178,16,GET,large_scan,1.000000,1.000000,280,280,2700,2700,2700,2700,2700,2700,2700,2700,2700,4,4,220,817.8305932451622,92.42370800347999,2681.880666001234,129.75
1777169178,16,GET,next_departures,3.000000,3.000000,290,1800,2800,2800,2900,3300,3300,3300,3300,3300,3300,19,19,290,1126.5290943648372,89.19912501005456,3266.949957993347,165.78947368421052
1777169178,16,GET,point_read,1.000000,0.000000,120,130,2600,2800,2800,2900,3000,3000,3000,3000,3000,22,0,110,852.0399602725361,92.63425000244752,3013.376624992816,81.04545454545455
1777169178,16,GET,trips_per_route,0.000000,0.000000,0,0,0,0,0,0,0,0,0,0,0,1,1,194.01883298996836,194.01883298996836,194.01883298996836,194.01883298996836,150.0
1777169178,16,,Aggregated,5.000000,4.000000,180,340,2700,2800,2900,2900,3300,3300,3300,3300,3300,48,24,180,912.8137769148452,89.19912501005456,3266.949957993347,121.22916666666667
1777169179,16,GET,bulk_update_departures,0.000000,0.000000,310,310,370,370,370,370,370,370,370,370,370,5,2,200,215.31153339892626,93.65937500842847,365.75658299261704,125.0
1777169179,16,GET,large_scan,1.000000,1.000000,280,300,300,2700,2700,2700,2700,2700,2700,2700,2700,6,6,220,632.2599301638547,92.42370800347999,2681.880666001234,136.5
1777169179,16,GET,next_departures,2.666667,2.666667,260,340,390,2700,2900,2900,3300,3300,3300,3300,3300,29,29,260,829.2679885113291,89.19912501005456,3266.949957993347,162.06896551724137
1777169179,16,GET,point_read,3.666667,0.000000,150,220,260,340,2800,2900,3000,3000,3000,3000,3000,32,0,140,652.5308476557257,92.63425000244752,3013.376624992816,81.1875
1777169179,16,GET,trips_per_route,0.000000,0.000000,180,180,180,180,180,180,180,180,180,180,180,2,1,184.2630419996567,189.14093749481253,184.2630419996567,194.01883298996836,118.0
1777169179,16,,Aggregated,7.333333,3.666667,210,280,340,1800,2800,2900,3000,3300,3300,3300,3300,74,38,210,678.0832150645831,89.19912501005456,3266.949957993347,121.32432432432432
1777169180,16,GET,bulk_update_departures,0.000000,0.000000,310,310,370,370,370,370,370,370,370,370,370,5,2,200,215.31153339892626,93.65937500842847,365.75658299261704,125.0
1777169180,16,GET,large_scan,1.000000,1.000000,230,280,300,300,2700,2700,2700,2700,2700,2700,2700,8,8,220,527.520984000148,92.42370800347999,2681.880666001234,136.5
1777169180,16,GET,next_departures,2.666667,2.666667,250,320,340,350,2800,2900,3300,3300,3300,3300,3300,41,41,250,659.5517347762702,89.19912501005456,3266.949957993347,160.3658536585366
1777169180,16,GET,point_read,3.666667,0.000000,200,260,270,300,2800,2900,3000,3000,3000,3000,3000,39,0,180,581.974817280962,92.63425000244752,3013.376624992816,81.2051282051282
1777169180,16,GET,trips_per_route,0.000000,0.000000,180,180,180,180,180,180,180,180,180,180,180,2,1,184.2630419996567,189.14093749481253,184.2630419996567,194.01883298996836,118.0
1777169180,16,,Aggregated,7.333333,3.666667,220,270,320,340,2800,2900,3000,3300,3300,3300,3300,95,52,220,583.3015411975794,89.19912501005456,3266.949957993347,123.10526315789474
1777169181,16,GET,bulk_update_departures,1.000000,0.400000,310,310,370,370,370,370,370,370,370,370,370,6,3,200,217.9196806634233,93.65937500842847,365.75658299261704,129.16666666666666
1777169181,16,GET,large_scan,1.200000,1.200000,260,280,300,320,2700,2700,2700,2700,2700,2700,2700,11,11,230,448.2093671791848,92.42370800347999,2681.880666001234,137.72727272727272
1777169181,16,GET,next_departures,5.400000,5.400000,260,320,340,350,2700,2900,2900,3300,3300,3300,3300,52,52,260,580.0483549582378,89.19912501005456,3266.949957993347,160.57692307692307
1777169181,16,GET,point_read,6.200000,0.000000,220,260,280,300,2800,2800,3000,3000,3000,3000,3000,49,0,210,512.3819753257985,92.63425000244752,3013.376624992816,81.22448979591837
1777169181,16,GET,trips_per_route,0.400000,0.200000,180,180,180,180,180,180,180,180,180,180,180,2,1,184.2630419996567,189.14093749481253,184.2630419996567,194.01883298996836,118.0
1777169181,16,,Aggregated,14.200000,7.200000,230,270,320,330,2700,2800,2900,3000,3300,3300,3300,120,67,230,515.7111187227807,89.19912501005456,3266.949957993347,123.8
1777169182,16,GET,bulk_update_departures,0.833333,0.333333,230,310,310,370,370,370,370,370,370,370,370,7,4,200,215.98060728449906,93.65937500842847,365.75658299261704,132.14285714285714
1777169182,16,GET,large_scan,1.333333,1.333333,280,300,310,310,320,2700,2700,2700,2700,2700,2700,13,13,260,427.3782242290998,92.42370800347999,2681.880666001234,139.6153846153846
1777169182,16,GET,next_departures,6.833333,6.833333,260,300,330,340,1800,2800,2900,3300,3300,3300,3300,65,65,260,511.21529739690374,89.19912501005456,3266.949957993347,160.0
1777169182,16,GET,point_read,6.500000,0.000000,180,240,270,290,2600,2800,2900,3000,3000,3000,3000,56,0,180,466.3054322840513,92.63425000244752,3013.376624992816,81.19642857142857
1777169182,16,GET,trips_per_route,0.333333,0.166667,180,180,180,180,180,180,180,180,180,180,180,3,1,180,163.07409733417444,110.94041701289825,194.01883298996836,107.33333333333333
1777169182,16,,Aggregated,15.833333,8.666667,230,270,310,320,1800,2800,2900,3000,3300,3300,3300,144,83,230,464.57709719915226,89.19912501005456,3266.949957993347,125.0625
1777169183,16,GET,bulk_update_departures,0.857143,0.428571,200,230,310,310,370,370,370,370,370,370,370,10,5,180,205.45092090032995,93.65937500842847,365.75658299261704,129.1
1777169183,16,GET,large_scan,1.428571,1.428571,220,280,300,310,320,2700,2700,2700,2700,2700,2700,18,18,220,361.5122846676968,92.42370800347999,2681.880666001234,141.0
1777169183,16,GET,next_departures,7.000000,7.000000,240,290,320,330,400,2800,2900,3300,3300,3300,3300,75,75,240,468.1724943973434,89.19912501005456,3266.949957993347,159.33333333333334
1777169183,16,GET,point_read,6.857143,0.000000,160,220,260,280,2600,2800,3000,5200,5200,5200,5200,64,0,160,500.2761367172752,89.55812500789762,5238.547250017291,81.203125
1777169183,16,GET,trips_per_route,0.285714,0.142857,130,130,180,180,180,180,180,180,180,180,180,4,1,130,155.52810425288044,110.94041701289825,194.01883298996836,102.0
1777169183,16,,Aggregated,16.428571,9.000000,220,260,290,310,390,2800,2900,3300,5200,5200,5200,171,99,220,446.2833484195306,89.19912501005456,5238.547250017291,125.05263157894737
1777169184,16,GET,bulk_update_departures,0.875000,0.500000,200,220,230,230,310,370,370,370,370,370,370,13,7,190,197.06433976982504,93.65937500842847,365.75658299261704,130.69230769230768
1777169184,16,GET,large_scan,1.500000,1.500000,200,230,280,300,310,320,2700,2700,2700,2700,2700,23,23,200,321.4344238702957,92.42370800347999,2681.880666001234,141.7826086956522
1777169184,16,GET,next_departures,7.875000,7.875000,230,270,300,320,390,2800,2900,3300,3300,3300,3300,86,86,230,429.87142099767414,89.19912501005456,3266.949957993347,159.01162790697674
1777169184,16,GET,point_read,7.000000,0.000000,150,210,250,270,350,2800,3000,5200,5200,5200,5200,75,0,150,442.1509961314344,89.55812500789762,5238.547250017291,81.18666666666667
1777169184,16,GET,trips_per_route,0.375000,0.125000,130,130,180,180,180,180,180,180,180,180,180,4,1,130,155.52810425288044,110.94041701289825,194.01883298996836,102.0
1777169184,16,,Aggregated,17.625000,10.000000,200,240,270,300,350,2800,2900,3300,5200,5200,5200,201,117,200,401.5283955158886,89.19912501005456,5238.547250017291,125.03482587064677
1777169185,16,GET,bulk_update_departures,1.111111,0.555556,200,220,230,230,310,370,370,370,370,370,370,13,7,190,197.06433976982504,93.65937500842847,365.75658299261704,130.69230769230768
1777169185,16,GET,large_scan,1.888889,1.888889,200,220,280,300,310,320,2700,2700,2700,2700,2700,26,26,200,299.06078523065213,91.30808300687931,2681.880666001234,140.65384615384616
1777169185,16,GET,next_departures,8.222222,8.222222,210,260,290,320,380,2800,2900,3300,3300,3300,3300,96,96,210,402.8972447792209,88.3789999934379,3266.949957993347,158.59375
1777169185,16,GET,point_read,7.000000,0.000000,120,180,220,260,340,2800,3000,5200,5200,5200,5200,89,0,120,387.58615401097353,86.21266600675881,5238.547250017291,81.17977528089888
1777169185,16,GET,trips_per_route,0.444444,0.111111,110,130,130,180,180,180,180,180,180,180,180,6,1,110,136.7102085011235,94.19470900320448,194.01883298996836,96.66666666666667
1777169185,16,,Aggregated,18.666667,10.777778,190,220,260,280,340,2700,2900,3000,5200,5200,5200,230,130,190,366.6564403904055,86.21266600675881,5238.547250017291,123.41739130434783
1777169186,16,GET,bulk_update_departures,1.200000,0.600000,200,220,220,230,310,370,370,370,370,370,370,15,8,190,193.8814666684872,93.65937500842847,365.75658299261704,130.46666666666667
1777169186,16,GET,large_scan,2.200000,2.200000,200,220,230,280,310,310,320,320,320,320,320,28,28,200,291.11353271270804,91.30808300687931,2681.880666001234,141.32142857142858
1777169186,16,GET,next_departures,8.300000,8.300000,200,240,260,290,330,380,1800,3300,3300,3300,3300,104,104,200,385.12324838274463,88.3789999934379,3266.949957993347,158.65384615384616
1777169186,16,GET,point_read,7.400000,0.000000,120,160,200,220,270,340,3000,5200,5200,5200,5200,105,0,120,345.3333392858483,86.21266600675881,5238.547250017291,81.19047619047619
1777169186,16,GET,trips_per_route,0.400000,0.100000,110,130,130,180,180,180,180,180,180,180,180,6,1,110,136.7102085011235,94.19470900320448,194.01883298996836,96.66666666666667
1777169186,16,,Aggregated,19.500000,11.200000,190,210,230,260,310,340,1800,3000,5200,5200,5200,258,141,190,341.8313202473232,86.21266600675881,5238.547250017291,122.16666666666667
1777169187,16,GET,bulk_update_departures,1.300000,0.700000,200,220,220,230,310,370,370,370,370,370,370,15,8,190,193.8814666684872,93.65937500842847,365.75658299261704,130.46666666666667
1777169187,16,GET,large_scan,2.500000,2.500000,190,200,220,230,310,310,320,320,320,320,320,31,31,200,282.10131583769146,91.30808300687931,2681.880666001234,142.16129032258064
1777169187,16,GET,next_departures,9.100000,9.100000,200,220,250,270,320,330,390,400,400,400,400,119,119,200,359.13837955239376,88.3789999934379,3266.949957993347,158.4033613445378
1777169187,16,GET,point_read,8.700000,0.000000,110,140,160,210,260,300,350,5200,5200,5200,5200,119,0,110,317.8885000084816,86.21266600675881,5238.547250017291,81.16806722689076
1777169187,16,GET,trips_per_route,0.500000,0.100000,110,130,130,180,180,180,180,180,180,180,180,6,1,110,136.7102085011235,94.19470900320448,194.01883298996836,96.66666666666667
1777169187,16,,Aggregated,22.100000,12.400000,190,200,220,240,300,320,370,390,5200,5200,5200,290,159,190,320.82697486119537,86.21266600675881,5238.547250017291,122.25172413793103
1777169188,16,GET,bulk_update_departures,1.500000,0.800000,200,220,220,230,310,370,370,370,370,370,370,16,9,190,193.8267318146245,93.65937500842847,365.75658299261704,131.6875
1777169188,16,GET,large_scan,2.600000,2.600000,190,200,200,210,260,310,320,320,320,320,320,37,37,190,259.09245043058525,89.44224999868311,2681.880666001234,141.24324324324326
1777169188,16,GET,next_departures,10.000000,10.000000,200,210,240,260,300,330,380,400,400,400,400,127,127,200,345.82268108483623,88.3789999934379,3266.949957993347,158.66141732283464
1777169188,16,GET,point_read,10.100000,0.000000,110,120,140,160,230,280,320,350,5200,5200,5200,134,0,110,294.59204602315015,86.21266600675881,5238.547250017291,81.17164179104478
1777169188,16,GET,trips_per_route,0.600000,0.100000,110,130,180,180,220,220,220,220,220,220,220,8,2,110,142.04690112455864,94.0270829887595,222.08687500096858,102.0
1777169188,16,,Aggregated,24.800000,13.500000,180,190,210,220,270,320,330,380,5200,5200,5200,322,175,180,301.9218579156473,86.21266600675881,5238.547250017291,121.66459627329192
1777169189,16,GET,bulk_update_departures,1.500000,0.800000,190,200,220,220,230,320,320,320,320,320,320,19,11,190,195.582074581915,93.65937500842847,365.75658299261704,132.42105263157896
1777169189,16,GET,large_scan,2.800000,2.800000,190,200,200,200,260,310,320,320,320,320,320,39,39,190,256.18678417716484,89.44224999868311,2681.880666001234,141.69230769230768
1777169189,16,GET,next_departures,11.000000,11.000000,200,210,210,230,290,330,400,460,460,460,460,137,137,200,336.68826519550726,88.3789999934379,3266.949957993347,158.21167883211677
1777169189,16,GET,point_read,10.600000,0.000000,100,120,130,140,180,230,320,350,5200,5200,5200,143,0,110,282.9674172526147,86.21266600675881,5238.547250017291,81.2027972027972
1777169189,16,GET,trips_per_route,0.600000,0.100000,130,220,370,370,390,390,390,390,390,390,390,10,4,130,189.76836260117125,94.0270829887595,389.96975001646206,111.6
1777169189,16,,Aggregated,26.500000,14.700000,160,190,200,210,260,320,370,400,5200,5200,5200,348,191,180,293.66569145082167,86.21266600675881,5238.547250017291,121.9683908045977
1777169190,16,GET,bulk_update_departures,1.400000,0.900000,190,200,220,250,320,330,330,330,330,330,330,21,13,200,204.50691271772874,93.65937500842847,365.75658299261704,134.0952380952381
1777169190,16,GET,large_scan,3.300000,3.300000,190,200,200,210,310,310,330,330,330,330,330,41,41,190,259.29631399723314,89.44224999868311,2681.880666001234,142.09756097560975
1777169190,16,GET,next_departures,10.600000,10.600000,200,210,220,230,290,330,400,460,460,460,460,148,148,200,329.25233387721016,88.3789999934379,3266.949957993347,158.27702702702703
1777169190,16,GET,point_read,11.100000,0.000000,100,110,120,130,160,180,310,350,5200,5200,5200,150,0,110,278.80120944057126,86.21266600675881,5238.547250017291,81.20666666666666
1777169190,16,GET,trips_per_route,0.500000,0.000000,220,250,370,390,390,390,390,390,390,390,390,12,6,180,211.01879174966598,94.0270829887595,389.96975001646206,118.0
1777169190,16,,Aggregated,26.900000,14.800000,160,190,200,210,260,330,380,400,5200,5200,5200,372,208,190,290.3428665910421,86.21266600675881,5238.547250017291,122.75268817204301
1777169191,16,GET,bulk_update_departures,1.400000,0.900000,190,220,250,260,320,330,330,330,330,330,330,22,13,200,207.24749813962262,93.65937500842847,365.75658299261704,132.9090909090909
1777169191,16,GET,large_scan,3.300000,3.300000,190,200,200,210,290,310,330,330,330,330,330,43,43,200,259.2521598576135,89.44224999868311,2681.880666001234,142.46511627906978
1777169191,16,GET,next_departures,10.600000,10.600000,200,200,210,210,250,280,330,460,460,460,460,155,155,200,324.6881929860871,88.3789999934379,3266.949957993347,158.8709677419355
1777169191,16,GET,point_read,11.100000,0.000000,100,120,130,140,210,280,320,340,5200,5200,5200,161,0,120,276.8457526032327,86.21266600675881,5238.547250017291,81.19875776397515
1777169191,16,GET,trips_per_route,0.500000,0.000000,250,330,370,390,390,390,390,390,390,390,390,13,7,190,219.919163538949,94.0270829887595,389.96975001646206,120.46153846153847
1777169191,16,,Aggregated,26.900000,14.800000,180,190,200,210,260,320,340,390,5200,5200,5200,394,218,190,287.9824188855822,86.21266600675881,5238.547250017291,122.6243654822335
1777169192,16,GET,bulk_update_departures,1.500000,1.000000,200,220,250,260,320,330,330,330,330,330,330,23,13,200,206.67946561234598,93.65937500842847,365.75658299261704,131.82608695652175
1777169192,16,GET,large_scan,3.300000,3.300000,190,200,200,210,290,310,330,330,330,330,330,44,44,200,258.18348767907906,89.44224999868311,2681.880666001234,142.63636363636363
1777169192,16,GET,next_departures,10.600000,10.600000,200,210,210,220,250,290,330,460,460,460,460,169,169,210,316.4053010231107,88.3789999934379,3266.949957993347,158.57988165680473
1777169192,16,GET,point_read,10.900000,0.000000,110,130,160,180,260,280,320,340,5200,5200,5200,170,0,120,273.94755563599415,86.21266600675881,5238.547250017291,81.19411764705882
1777169192,16,GET,trips_per_route,1.000000,0.500000,250,330,370,370,390,390,390,390,390,390,390,14,8,190,223.0740507158251,94.0270829887595,389.96975001646206,122.57142857142857
1777169192,16,,Aggregated,27.300000,15.400000,180,200,210,220,270,320,340,390,5200,5200,5200,420,234,190,284.00075763811833,86.21266600675881,5238.547250017291,122.92142857142858
1777169193,16,GET,bulk_update_departures,1.600000,1.000000,220,250,260,320,320,330,330,330,330,330,330,26,14,200,211.84133496493675,93.65937500842847,365.75658299261704,130.69230769230768
1777169193,16,GET,large_scan,3.300000,3.300000,190,200,210,210,290,310,330,330,330,330,330,44,44,200,258.18348767907906,89.44224999868311,2681.880666001234,142.63636363636363
1777169193,16,GET,next_departures,10.600000,10.600000,200,210,220,240,280,320,360,460,460,460,460,179,179,210,313.2800153515486,88.3789999934379,3266.949957993347,158.65921787709496
1777169193,16,GET,point_read,11.300000,0.000000,120,140,170,190,260,280,310,320,340,340,340,184,0,120,265.46701154407145,86.21266600675881,5238.547250017291,81.19565217391305
1777169193,16,GET,trips_per_route,1.100000,0.600000,250,330,370,370,390,390,390,390,390,390,390,15,9,220,223.4758056680827,94.0270829887595,389.96975001646206,124.4
1777169193,16,,Aggregated,27.900000,15.500000,190,200,220,230,280,320,340,390,460,460,460,448,246,190,279.33736188398535,86.21266600675881,5238.547250017291,122.5
1777169194,16,GET,bulk_update_departures,1.600000,0.900000,200,240,260,260,320,330,330,330,330,330,330,29,15,200,204.47169831484268,93.65937500842847,365.75658299261704,129.75862068965517
1777169194,16,GET,large_scan,3.200000,3.200000,200,210,230,240,310,330,330,330,330,330,330,46,46,200,257.0034356929524,89.44224999868311,2681.880666001234,142.95652173913044
1777169194,16,GET,next_departures,10.500000,10.500000,210,220,240,250,280,320,360,460,460,460,460,186,186,210,309.94673520395463,88.3789999934379,3266.949957993347,158.6021505376344
1777169194,16,GET,point_read,11.300000,0.000000,130,150,180,190,250,280,310,320,340,340,340,200,0,120,255.49435332068242,86.21266600675881,5238.547250017291,81.2
1777169194,16,GET,trips_per_route,1.100000,0.700000,260,290,370,370,390,390,390,390,390,390,390,17,11,220,226.52302217765657,94.0270829887595,389.96975001646206,127.41176470588235
1777169194,16,,Aggregated,27.700000,15.300000,190,210,220,240,280,320,340,390,460,460,460,478,258,190,272.70228469058253,86.21266600675881,5238.547250017291,121.85146443514644
1777169195,16,GET,bulk_update_departures,1.600000,0.900000,200,220,250,260,320,330,330,330,330,330,330,33,18,200,201.28945082207352,93.65937500842847,365.75658299261704,130.93939393939394
1777169195,16,GET,large_scan,2.700000,2.700000,200,210,220,230,290,310,330,330,330,330,330,50,50,200,250.30427001707722,89.44224999868311,2681.880666001234,142.98
1777169195,16,GET,next_departures,10.500000,10.500000,210,220,240,250,280,320,360,460,460,460,460,195,195,210,303.5851521227951,88.3789999934379,3266.949957993347,158.46153846153845
1777169195,16,GET,point_read,11.700000,0.000000,120,160,180,200,260,280,310,320,340,340,340,212,0,120,246.83800155246402,86.21266600675881,5238.547250017291,81.20754716981132
1777169195,16,GET,trips_per_route,1.100000,0.800000,250,290,330,370,390,390,390,390,390,390,390,18,12,210,225.0708565568655,94.0270829887595,389.96975001646206,128.66666666666666
1777169195,16,,Aggregated,27.600000,14.900000,190,210,220,240,280,320,340,390,460,460,460,508,275,190,265.2318932855773,86.21266600675881,5238.547250017291,121.85433070866142
1777169196,16,GET,bulk_update_departures,1.700000,0.900000,200,210,250,260,320,330,330,330,330,330,330,35,19,190,198.1034964896805,93.65937500842847,365.75658299261704,130.82857142857142
1777169196,16,GET,large_scan,2.300000,2.300000,200,210,230,240,310,330,330,330,330,330,330,51,51,200,249.02146080093385,89.44224999868311,2681.880666001234,143.11764705882354
1777169196,16,GET,next_departures,10.200000,10.200000,200,220,240,250,290,320,360,460,460,460,460,207,207,200,295.3572258258189,88.3789999934379,3266.949957993347,158.57487922705315
1777169196,16,GET,point_read,12.300000,0.000000,120,160,180,200,260,280,310,320,340,340,340,224,0,120,238.88701839340294,86.21266600675881,5238.547250017291,81.20535714285714
1777169196,16,GET,trips_per_route,1.300000,1.000000,230,260,330,370,390,390,390,390,390,390,390,21,14,200,216.36549209749015,94.0270829887595,389.96975001646206,128.66666666666666
1777169196,16,,Aggregated,27.800000,14.400000,190,210,220,240,280,320,340,390,460,460,460,538,291,190,258.04280683661807,86.21266600675881,5238.547250017291,121.92379182156134
1777169197,16,GET,bulk_update_departures,1.900000,1.000000,200,210,240,250,320,320,330,330,330,330,330,37,20,190,195.8065653814481,93.65937500842847,365.75658299261704,130.75675675675674
1777169197,16,GET,large_scan,2.400000,2.400000,200,210,230,240,310,330,330,330,330,330,330,55,55,200,241.6261772519316,89.44224999868311,2681.880666001234,142.63636363636363
1777169197,16,GET,next_departures,9.900000,9.900000,210,220,240,250,290,320,360,460,460,460,460,210,210,200,294.0338795425348,88.3789999934379,3266.949957993347,158.45238095238096
1777169197,16,GET,point_read,12.200000,0.000000,120,150,180,190,250,280,310,320,340,340,340,244,0,110,228.2003111031372,86.21266600675881,5238.547250017291,81.20081967213115
1777169197,16,GET,trips_per_route,1.300000,1.100000,230,260,330,330,390,390,390,390,390,390,390,22,15,200,215.49720836628694,94.0270829887595,389.96975001646206,129.63636363636363
1777169197,16,,Aggregated,27.700000,14.400000,190,210,220,240,280,320,340,390,460,460,460,568,300,190,251.23804905832029,86.21266600675881,5238.547250017291,120.81514084507042
1777169198,16,GET,bulk_update_departures,2.000000,1.100000,200,210,250,260,320,330,330,330,330,330,330,37,20,190,195.8065653814481,93.65937500842847,365.75658299261704,130.75675675675674
1777169198,16,GET,large_scan,2.300000,2.300000,200,210,230,240,310,330,330,330,330,330,330,57,57,200,236.65081503241439,89.44224999868311,2681.880666001234,141.94736842105263
1777169198,16,GET,next_departures,10.000000,10.000000,200,220,230,250,280,320,360,460,460,460,460,227,227,200,285.286251268486,88.3789999934379,3266.949957993347,158.25991189427313
1777169198,16,GET,point_read,11.800000,0.000000,110,150,180,190,250,280,310,320,340,340,340,257,0,110,221.96083281794836,86.21266600675881,5238.547250017291,81.2023346303502
1777169198,16,GET,trips_per_route,1.500000,1.300000,250,290,330,370,390,390,390,390,390,390,390,22,15,200,215.49720836628694,94.0270829887595,389.96975001646206,129.63636363636363
1777169198,16,,Aggregated,27.600000,14.700000,190,210,220,240,280,320,340,390,460,460,460,600,319,190,245.4646517202976,86.21266600675881,5238.547250017291,120.95833333333333
1777169199,16,GET,bulk_update_departures,2.200000,1.200000,190,210,210,240,260,320,320,320,320,320,320,39,21,190,193.7653590292216,93.65937500842847,365.75658299261704,130.66666666666666
1777169199,16,GET,large_scan,2.400000,2.400000,200,210,230,230,240,290,290,290,290,290,290,61,61,200,235.01592483295158,89.44224999868311,2681.880666001234,142.47540983606558
1777169199,16,GET,next_departures,9.200000,9.200000,200,210,220,230,280,290,320,360,360,360,360,240,240,200,279.0307147415054,88.3789999934379,3266.949957993347,158.33333333333334
1777169199,16,GET,point_read,12.400000,0.000000,110,130,160,190,250,280,310,320,340,340,340,265,0,110,218.2716171138586,86.21266600675881,5238.547250017291,81.20754716981132
1777169199,16,GET,trips_per_route,1.600000,1.400000,200,230,260,260,290,330,330,330,330,330,330,23,16,200,214.76270113287129,94.0270829887595,389.96975001646206,130.52173913043478
1777169199,16,,Aggregated,27.800000,14.200000,180,200,210,220,260,290,320,330,360,360,360,628,338,190,241.46769524862987,86.21266600675881,5238.547250017291,121.51114649681529
1777169200,16,GET,bulk_update_departures,2.100000,1.100000,190,200,210,210,240,320,320,320,320,320,320,41,22,190,191.5088100032313,93.65937500842847,365.75658299261704,130.609756097561
1777169200,16,GET,large_scan,2.000000,2.000000,200,200,210,210,230,240,240,240,240,240,240,66,66,200,231.89236234545453,89.44224999868311,2681.880666001234,143.04545454545453
1777169200,16,GET,next_departures,9.800000,9.800000,200,210,210,230,280,290,320,360,360,360,360,249,249,200,275.0030013251756,88.3789999934379,3266.949957993347,158.23293172690762
1777169200,16,GET,point_read,12.100000,0.000000,110,110,130,150,200,230,270,270,280,280,280,276,0,110,213.43359402954525,86.21266600675881,5238.547250017291,81.19202898550725
1777169200,16,GET,trips_per_route,1.600000,1.400000,200,200,230,230,260,290,290,290,290,290,290,25,17,200,209.03951168293133,94.0270829887595,389.96975001646206,129.48
1777169200,16,,Aggregated,27.600000,14.300000,160,190,200,210,230,270,290,320,360,360,360,657,354,180,237.08700791343833,86.21266600675881,5238.547250017291,121.52511415525115
1777169201,16,GET,bulk_update_departures,2.100000,1.100000,190,200,210,210,240,320,320,320,320,320,320,42,23,190,191.9764335748152,93.65937500842847,365.75658299261704,131.07142857142858
1777169201,16,GET,large_scan,2.100000,2.100000,200,200,210,220,230,240,240,240,240,240,240,67,67,200,231.9141989673745,89.44224999868311,2681.880666001234,143.1492537313433
1777169201,16,GET,next_departures,10.400000,10.400000,190,210,220,230,280,290,320,360,360,360,360,263,263,200,271.4128730910035,88.3789999934379,3266.949957993347,158.17490494296578
1777169201,16,GET,point_read,12.200000,0.000000,110,110,120,130,160,210,230,270,280,280,280,289,0,110,210.1719823845575,86.21266600675881,5238.547250017291,81.1833910034602
1777169201,16,GET,trips_per_route,1.500000,1.400000,200,200,230,230,290,390,390,390,390,390,390,26,18,200,216.0204038876915,94.0270829887595,390.5427090066951,130.26923076923077
1777169201,16,,Aggregated,28.300000,15.000000,140,190,200,210,230,280,300,320,390,390,390,687,371,180,234.8458232519758,86.21266600675881,5238.547250017291,121.60844250363901
1777169202,16,GET,bulk_update_departures,2.000000,1.000000,190,190,210,210,210,210,210,210,210,210,210,42,23,190,191.9764335748152,93.65937500842847,365.75658299261704,131.07142857142858
1777169202,16,GET,large_scan,2.400000,2.400000,200,200,220,230,240,240,280,280,280,280,280,68,68,200,232.68996810057774,89.44224999868311,2681.880666001234,142.85294117647058
1777169202,16,GET,next_departures,10.100000,10.100000,190,200,210,230,260,280,310,320,320,320,320,268,268,200,271.08322232075506,88.3789999934379,3266.949957993347,158.3955223880597
1777169202,16,GET,point_read,12.600000,0.000000,110,110,130,150,200,250,300,300,310,310,310,301,0,110,211.43013327620363,86.21266600675881,5238.547250017291,81.17940199335548
1777169202,16,GET,trips_per_route,1.300000,1.100000,200,200,210,210,290,390,390,390,390,390,390,26,18,200,216.0204038876915,94.0270829887595,390.5427090066951,130.26923076923077
1777169202,16,,Aggregated,28.400000,14.600000,140,190,200,210,240,270,300,310,390,390,390,705,377,190,235.16770530519312,86.21266600675881,5238.547250017291,121.26382978723404
1777169203,16,GET,bulk_update_departures,2.000000,1.000000,190,200,210,210,210,210,210,210,210,210,210,42,23,190,191.9764335748152,93.65937500842847,365.75658299261704,131.07142857142858
1777169203,16,GET,large_scan,2.400000,2.400000,200,200,220,230,260,280,340,340,340,340,340,70,70,200,234.61478449753486,89.44224999868311,2681.880666001234,142.67142857142858
1777169203,16,GET,next_departures,10.700000,10.700000,190,200,210,220,250,270,310,320,320,320,320,276,276,200,269.52899803248897,88.3789999934379,3266.949957993347,158.5144927536232
1777169203,16,GET,point_read,12.300000,0.000000,110,120,170,210,280,300,310,320,330,330,330,319,0,110,214.39293193135288,86.21266600675881,5238.547250017291,81.18495297805643
1777169203,16,GET,trips_per_route,1.200000,1.000000,200,200,200,200,390,390,390,390,390,390,390,26,18,200,216.0204038876915,94.0270829887595,390.5427090066951,130.26923076923077
1777169203,16,,Aggregated,28.600000,15.100000,180,200,210,220,270,300,310,330,390,390,390,733,387,190,235.85801414613667,86.21266600675881,5238.547250017291,120.77353342428377
1777169204,16,GET,bulk_update_departures,1.900000,1.000000,190,200,210,210,210,210,210,210,210,210,210,42,23,190,191.9764335748152,93.65937500842847,365.75658299261704,131.07142857142858
1777169204,16,GET,large_scan,2.400000,2.400000,200,200,230,240,260,280,340,340,340,340,340,72,72,200,234.30431769197133,89.44224999868311,2681.880666001234,142.125
1777169204,16,GET,next_departures,10.000000,10.000000,200,210,230,240,270,310,350,410,410,410,410,290,290,200,268.6916521515553,88.3789999934379,3266.949957993347,158.5344827586207
1777169204,16,GET,point_read,13.100000,0.000000,110,170,210,230,300,310,330,330,360,360,360,329,0,120,215.11926290610631,86.21266600675881,5238.547250017291,81.19452887537994
1777169204,16,GET,trips_per_route,1.200000,1.000000,200,200,310,310,350,390,390,390,390,390,390,30,21,200,224.2531209019944,94.0270829887595,390.5427090066951,130.73333333333332
1777169204,16,,Aggregated,28.600000,14.400000,190,200,220,240,280,310,340,360,410,410,410,763,406,190,236.37658103680735,86.21266600675881,5238.547250017291,121.03276539973788
1777169205,16,GET,bulk_update_departures,1.600000,0.900000,190,210,210,210,210,210,210,210,210,210,210,42,23,190,191.9764335748152,93.65937500842847,365.75658299261704,131.07142857142858
1777169205,16,GET,large_scan,2.600000,2.600000,200,230,240,250,280,290,340,340,340,340,340,76,76,200,235.39129494517846,89.44224999868311,2681.880666001234,142.53947368421052
1777169205,16,GET,next_departures,9.700000,9.700000,200,220,240,250,290,320,350,410,410,410,410,296,296,200,268.6625596856961,88.3789999934379,3266.949957993347,158.53040540540542
1777169205,16,GET,point_read,13.800000,0.000000,120,190,220,240,300,310,330,330,360,360,360,336,0,120,214.0868457234839,86.21266600675881,5238.547250017291,81.19345238095238
1777169205,16,GET,trips_per_route,1.100000,0.900000,250,310,330,330,350,390,390,390,390,390,390,32,23,200,228.33606647054694,94.0270829887595,390.5427090066951,131.9375
1777169205,16,,Aggregated,28.800000,14.100000,190,210,240,250,300,320,350,360,410,410,410,782,418,190,236.21074243361883,86.21266600675881,5238.547250017291,121.18414322250639
1777169206,16,GET,bulk_update_departures,1.300000,0.800000,190,210,210,210,210,210,210,210,210,210,210,42,23,190,191.9764335748152,93.65937500842847,365.75658299261704,131.07142857142858
1777169206,16,GET,large_scan,2.600000,2.600000,210,240,250,260,290,330,340,340,340,340,340,80,80,200,234.82409686039318,89.44224999868311,2681.880666001234,142.575
1777169206,16,GET,next_departures,10.300000,10.300000,200,220,240,250,290,320,350,410,410,410,410,309,309,200,264.80946696116996,88.3789999934379,3266.949957993347,158.57605177993528
1777169206,16,GET,point_read,12.500000,0.000000,130,200,220,250,300,310,330,330,360,360,360,351,0,120,210.2312008435526,86.21266600675881,5238.547250017291,81.2051282051282
1777169206,16,GET,trips_per_route,1.100000,0.900000,250,260,330,330,350,390,390,390,390,390,390,33,23,200,225.18922733478107,94.0270829887595,390.5427090066951,130.54545454545453
1777169206,16,,Aggregated,27.800000,14.600000,190,210,240,250,300,320,350,360,410,410,410,815,435,190,233.0030174823435,86.21266600675881,5238.547250017291,121.13128834355828
1777169207,16,GET,bulk_update_departures,1.000000,0.600000,200,200,210,210,210,210,210,210,210,210,210,44,25,190,192.4829176621808,93.65937500842847,365.75658299261704,131.9318181818182
1777169207,16,GET,large_scan,2.600000,2.600000,210,240,250,250,290,330,340,340,340,340,340,83,83,200,231.68995431154485,89.44224999868311,2681.880666001234,142.19277108433735
1777169207,16,GET,next_departures,10.200000,10.200000,200,220,240,250,280,310,340,350,410,410,410,324,324,200,260.30312705552205,88.3789999934379,3266.949957993347,158.64197530864197
1777169207,16,GET,point_read,12.500000,0.000000,140,200,230,250,300,310,330,330,360,360,360,360,0,120,207.8619708197948,86.21266600675881,5238.547250017291,81.18055555555556
1777169207,16,GET,trips_per_route,1.400000,1.100000,250,260,330,330,350,390,390,390,390,390,390,34,24,200,224.34979170708067,94.0270829887595,390.5427090066951,131.11764705882354
1777169207,16,,Aggregated,27.700000,14.500000,190,210,240,250,300,320,340,360,410,410,410,845,456,190,230.17269841911266,86.21266600675881,5238.547250017291,121.5266272189349
1777169208,16,GET,bulk_update_departures,0.700000,0.400000,200,210,210,210,220,220,220,220,220,220,220,46,27,200,193.31595748118835,93.65937500842847,365.75658299261704,132.7173913043478
1777169208,16,GET,large_scan,2.800000,2.800000,200,230,250,260,290,330,340,340,340,340,340,84,84,200,231.18420634377148,89.44224999868311,2681.880666001234,142.28571428571428
1777169208,16,GET,next_departures,10.500000,10.500000,200,220,240,250,290,320,350,410,410,410,410,333,333,200,258.10075112607666,88.3789999934379,3266.949957993347,158.55855855855856
1777169208,16,GET,point_read,12.500000,0.000000,140,190,220,240,300,310,330,330,360,360,360,375,0,120,203.8820073173847,86.21266600675881,5238.547250017291,81.184
1777169208,16,GET,trips_per_route,1.200000,0.900000,200,260,310,330,350,390,390,390,390,390,390,36,26,200,222.79037736249543,94.0270829887595,390.5427090066951,132.16666666666666
1777169208,16,,Aggregated,27.700000,14.600000,190,210,230,250,300,320,340,360,410,410,410,874,470,190,227.3864574726134,86.21266600675881,5238.547250017291,121.34897025171625
1777169209,16,GET,bulk_update_departures,0.700000,0.500000,210,210,210,210,220,220,220,220,220,220,220,46,27,200,193.31595748118835,93.65937500842847,365.75658299261704,132.7173913043478
1777169209,16,GET,large_scan,2.700000,2.700000,210,240,250,260,290,330,340,340,340,340,340,86,86,200,228.47032702161096,89.44224999868311,2681.880666001234,141.8372093023256
1777169209,16,GET,next_departures,10.900000,10.900000,200,210,240,250,290,320,350,410,410,410,410,346,346,200,254.91598471092408,88.3789999934379,3266.949957993347,158.52601156069363
1777169209,16,GET,point_read,11.800000,0.000000,140,190,220,240,300,310,330,330,360,360,360,389,0,110,200.6313477788428,86.21266600675881,5238.547250017291,81.18251928020565
1777169209,16,GET,trips_per_route,1.100000,0.800000,200,260,310,330,350,390,390,390,390,390,390,36,26,200,222.79037736249543,94.0270829887595,390.5427090066951,132.16666666666666
1777169209,16,,Aggregated,27.200000,14.900000,190,210,230,250,300,320,340,360,410,410,410,903,485,190,224.59353349833071,86.21266600675881,5238.547250017291,121.25249169435216
1777169210,16,GET,bulk_update_departures,0.800000,0.600000,210,210,210,210,220,220,220,220,220,220,220,46,27,200,193.31595748118835,93.65937500842847,365.75658299261704,132.7173913043478
1777169210,16,GET,large_scan,2.700000,2.700000,210,250,260,280,330,340,340,340,340,340,340,86,86,200,228.47032702161096,89.44224999868311,2681.880666001234,141.8372093023256
1777169210,16,GET,next_departures,10.800000,10.800000,200,210,230,250,290,310,350,410,410,410,410,358,358,200,253.24866353347508,88.3789999934379,3266.949957993347,158.37988826815644
1777169210,16,GET,point_read,11.600000,0.000000,140,190,220,230,300,310,330,330,360,360,360,404,0,110,197.85706805440455,86.21266600675881,5238.547250017291,81.17821782178218
1777169210,16,GET,trips_per_route,1.400000,1.100000,210,260,310,330,350,390,390,390,390,390,390,38,27,200,221.67576542185424,94.0270829887595,390.5427090066951,131.42105263157896
1777169210,16,,Aggregated,27.300000,15.200000,190,210,230,250,300,320,340,360,410,410,410,932,498,190,222.70594237444976,86.21266600675881,5238.547250017291,121.0225321888412
1777169211,16,GET,bulk_update_departures,0.700000,0.600000,210,210,210,210,220,220,220,220,220,220,220,46,27,200,193.31595748118835,93.65937500842847,365.75658299261704,132.7173913043478
1777169211,16,GET,large_scan,2.400000,2.400000,200,230,250,250,290,330,340,340,340,340,340,89,89,200,224.77823500966213,82.96270901337266,2681.880666001234,141.5056179775281
1777169211,16,GET,next_departures,10.600000,10.600000,200,200,210,230,270,300,340,350,410,410,410,371,371,200,250.1042548436364,88.3789999934379,3266.949957993347,158.4231805929919
1777169211,16,GET,point_read,12.400000,0.000000,120,150,190,200,280,310,330,330,360,360,360,418,0,110,195.06239013153998,86.21266600675881,5238.547250017291,81.1842105263158
1777169211,16,GET,trips_per_route,1.300000,1.000000,210,260,310,330,350,390,390,390,390,390,390,39,27,200,218.75251502691148,94.0270829887595,390.5427090066951,130.25641025641025
1777169211,16,,Aggregated,27.400000,14.600000,190,200,210,230,290,310,340,350,410,410,410,963,514,190,219.8898262388546,82.96270901337266,5238.547250017291,120.96469366562825
1777169212,16,GET,bulk_update_departures,0.600000,0.500000,200,210,210,210,220,220,220,220,220,220,220,47,27,200,191.43544508768443,93.65937500842847,365.75658299261704,132.19148936170214
1777169212,16,GET,large_scan,2.100000,2.100000,190,210,230,240,250,290,330,330,330,330,330,93,93,200,223.17324415968372,82.96270901337266,2681.880666001234,141.58064516129033
1777169212,16,GET,next_departures,10.700000,10.700000,200,200,210,220,260,300,340,350,410,410,410,382,382,200,248.12060505228243,88.3789999934379,3266.949957993347,158.37696335078533
1777169212,16,GET,point_read,12.700000,0.000000,110,120,140,150,200,230,290,330,360,360,360,431,0,110,192.1886613316593,86.03924998897128,5238.547250017291,81.18329466357308
1777169212,16,GET,trips_per_route,1.300000,1.000000,200,250,260,310,330,350,350,350,350,350,350,39,27,200,218.75251502691148,94.0270829887595,390.5427090066951,130.25641025641025
1777169212,16,,Aggregated,27.400000,14.300000,180,200,200,210,250,300,330,350,410,410,410,992,529,190,217.64043334267978,82.96270901337266,5238.547250017291,120.91733870967742
1777169213,16,GET,bulk_update_departures,0.400000,0.400000,200,210,210,220,220,220,220,220,220,220,220,47,27,200,191.43544508768443,93.65937500842847,365.75658299261704,132.19148936170214
1777169213,16,GET,large_scan,2.000000,2.000000,190,210,230,230,250,290,330,330,330,330,330,94,94,200,223.0821697535538,82.96270901337266,2681.880666001234,141.67021276595744
1777169213,16,GET,next_departures,10.400000,10.400000,200,200,210,210,270,310,410,420,440,440,440,391,391,200,248.9099459794244,88.3789999934379,3266.949957993347,158.31202046035807
1777169213,16,GET,point_read,13.300000,0.000000,110,130,150,170,200,230,310,330,360,360,360,440,0,110,192.427808129353,86.03924998897128,5238.547250017291,81.18409090909091
1777169213,16,GET,trips_per_route,1.400000,1.000000,210,250,310,310,330,370,370,370,370,370,370,40,28,200,222.57235527649755,94.0270829887595,390.5427090066951,130.75
1777169213,16,,Aggregated,27.500000,13.800000,170,190,200,200,240,300,360,410,440,440,440,1012,540,190,218.24319025878003,82.96270901337266,5238.547250017291,120.9298418972332
1777169214,16,GET,bulk_update_departures,0.400000,0.400000,200,200,210,210,220,220,220,220,220,220,220,48,27,190,190.6524861484892,93.65937500842847,365.75658299261704,131.70833333333334
1777169214,16,GET,large_scan,2.200000,2.200000,190,200,210,210,250,280,330,330,330,330,330,97,97,200,223.8792529978943,82.96270901337266,2681.880666001234,141.37113402061857
1777169214,16,GET,next_departures,11.100000,11.100000,200,200,210,220,300,320,420,420,440,440,440,405,405,200,249.4425829332523,88.3789999934379,3266.949957993347,158.20987654320987
1777169214,16,GET,point_read,13.000000,0.000000,110,130,150,160,200,260,310,310,320,320,320,451,0,120,193.1506310840124,86.03924998897128,5238.547250017291,81.1840354767184
1777169214,16,GET,trips_per_route,1.300000,0.900000,200,200,210,210,370,370,370,370,370,370,370,40,28,200,222.57235527649755,94.0270829887595,390.5427090066951,130.75
1777169214,16,,Aggregated,28.000000,14.600000,160,200,200,210,250,300,370,420,440,440,440,1041,557,190,218.9295694465321,82.96270901337266,5238.547250017291,120.99327569644572
1777169215,16,GET,bulk_update_departures,0.500000,0.400000,200,200,210,210,220,220,220,220,220,220,220,48,27,190,190.6524861484892,93.65937500842847,365.75658299261704,131.70833333333334
1777169215,16,GET,large_scan,2.400000,2.400000,190,210,220,230,280,310,340,340,340,340,340,100,100,200,225.87817791791167,82.96270901337266,2681.880666001234,141.63
1777169215,16,GET,next_departures,11.400000,11.400000,200,200,220,240,300,320,420,420,440,440,440,411,411,200,249.2318156009898,88.3789999934379,3266.949957993347,158.33333333333334
1777169215,16,GET,point_read,12.100000,0.000000,120,150,160,190,230,260,310,310,320,320,320,465,0,120,193.41036118892453,86.03924998897128,5238.547250017291,81.19569892473119
1777169215,16,GET,trips_per_route,1.400000,1.000000,200,200,210,210,370,370,370,370,370,370,370,40,28,200,222.57235527649755,94.0270829887595,390.5427090066951,130.75
1777169215,16,,Aggregated,27.800000,15.200000,180,200,210,210,260,310,370,420,440,440,440,1064,566,190,218.9963585552963,82.96270901337266,5238.547250017291,120.81390977443608
1777169216,16,GET,bulk_update_departures,0.600000,0.400000,210,210,220,220,220,220,220,220,220,220,220,48,27,190,190.6524861484892,93.65937500842847,365.75658299261704,131.70833333333334
1777169216,16,GET,large_scan,2.500000,2.500000,210,220,250,280,320,320,340,340,340,340,340,103,103,200,227.59224596863965,82.96270901337266,2681.880666001234,141.3495145631068
1777169216,16,GET,next_departures,11.600000,11.600000,200,210,250,270,330,400,440,610,610,610,610,419,419,200,251.24955957039728,88.3789999934379,3266.949957993347,158.4128878281623
1777169216,16,GET,point_read,12.600000,0.000000,120,160,200,210,260,320,400,420,610,610,610,477,0,120,196.23830851762452,86.03924998897128,5238.547250017291,81.19706498951781
1777169216,16,GET,trips_per_route,1.200000,0.800000,200,210,300,300,370,370,370,370,370,370,370,41,29,200,224.42076531829449,94.0270829887595,390.5427090066951,131.21951219512195
1777169216,16,,Aggregated,28.500000,15.300000,190,200,220,250,310,350,420,440,610,610,610,1088,578,190,221.20754657247315,82.96270901337266,5238.547250017291,120.74172794117646
1777169217,16,GET,bulk_update_departures,0.600000,0.400000,190,210,210,230,230,230,230,230,230,230,230,50,29,190,191.4193725422956,93.65937500842847,365.75658299261704,132.44
1777169217,16,GET,large_scan,2.400000,2.400000,210,220,250,280,320,320,340,340,340,340,340,104,104,200,226.5725132285577,82.96270901337266,2681.880666001234,141.17307692307693
1777169217,16,GET,next_departures,11.500000,11.500000,200,220,250,270,330,400,440,610,610,610,610,429,429,200,249.97168415364982,88.3789999934379,3266.949957993347,158.33333333333334
1777169217,16,GET,point_read,12.800000,0.000000,140,170,200,210,260,310,400,420,610,610,610,491,0,120,194.75881898144542,86.03924998897128,5238.547250017291,81.19551934826885
1777169217,16,GET,trips_per_route,0.800000,0.500000,200,200,210,300,370,370,370,370,370,370,370,43,30,200,222.79606014016343,94.0270829887595,390.5427090066951,130.6046511627907
1777169217,16,,Aggregated,28.100000,14.800000,190,200,220,250,310,350,420,440,610,610,610,1117,592,190,219.85601898900381,82.96270901337266,5238.547250017291,120.6016114592659
1777169218,16,GET,bulk_update_departures,0.600000,0.400000,190,210,210,230,230,230,230,230,230,230,230,50,29,190,191.4193725422956,93.65937500842847,365.75658299261704,132.44
1777169218,16,GET,large_scan,2.200000,2.200000,190,220,250,280,320,320,340,340,340,340,340,107,107,200,224.83141940885668,82.96270901337266,2681.880666001234,141.16822429906543
1777169218,16,GET,next_departures,10.800000,10.800000,200,220,250,270,330,400,440,610,610,610,610,437,437,200,248.71105454654062,88.3789999934379,3266.949957993347,158.29519450800916
1777169218,16,GET,point_read,12.900000,0.000000,150,180,200,210,260,320,400,420,610,610,610,503,0,120,192.85144100967142,86.03924998897128,5238.547250017291,81.20079522862824
1777169218,16,GET,trips_per_route,0.700000,0.500000,190,210,220,220,300,370,370,370,370,370,370,47,33,200,219.03883604372436,94.0270829887595,390.5427090066951,130.89361702127658
1777169218,16,,Aggregated,27.200000,13.900000,190,210,230,250,310,350,420,440,610,610,610,1144,606,190,218.19384743236054,82.96270901337266,5238.547250017291,120.54020979020979
1777169219,16,GET,bulk_update_departures,0.500000,0.300000,190,190,210,210,230,230,230,230,230,230,230,53,31,190,189.6209088511071,93.65937500842847,365.75658299261704,132.64150943396226
1777169219,16,GET,large_scan,2.200000,2.200000,190,210,230,250,320,320,340,340,340,340,340,114,114,200,220.25340755026903,82.96270901337266,2681.880666001234,141.0
1777169219,16,GET,next_departures,10.600000,10.600000,200,210,240,260,330,400,440,610,610,610,610,449,449,200,246.31617604636895,88.3789999934379,3266.949957993347,158.29621380846325
1777169219,16,GET,point_read,12.900000,0.000000,150,180,200,210,270,320,400,420,610,610,610,510,0,120,191.51222898999194,86.03924998897128,5238.547250017291,81.2
1777169219,16,GET,trips_per_route,1.000000,0.700000,190,190,220,220,300,370,370,370,370,370,370,50,35,200,215.34540338092484,94.0270829887595,390.5427090066951,130.76
1777169219,16,,Aggregated,27.200000,13.800000,190,200,220,240,310,350,420,440,610,610,610,1176,629,190,216.1507369290826,82.96270901337266,5238.547250017291,120.85799319727892
1777169220,16,GET,bulk_update_departures,0.500000,0.300000,180,190,190,190,230,230,230,230,230,230,230,54,31,190,187.86417211339102,93.65937500842847,365.75658299261704,132.2037037037037
1777169220,16,GET,large_scan,2.200000,2.200000,190,210,220,250,320,320,340,340,340,340,340,116,116,200,219.10332257514176,82.96270901337266,2681.880666001234,140.92241379310346
1777169220,16,GET,next_departures,10.500000,10.500000,200,210,240,250,330,400,440,610,610,610,610,463,463,200,244.0138113818591,88.3789999934379,3266.949957993347,158.26133909287256
1777169220,16,GET,point_read,13.200000,0.000000,150,190,210,230,270,320,400,420,610,610,610,521,0,120,189.5908276467685,86.03924998897128,5238.547250017291,81.19385796545106
1777169220,16,GET,trips_per_route,0.900000,0.500000,190,200,220,220,300,370,370,370,370,370,370,52,37,200,214.94925082795538,94.0270829887595,390.5427090066951,131.5
1777169220,16,,Aggregated,27.300000,13.500000,190,200,220,240,310,350,420,440,610,610,610,1206,647,190,214.33932639275324,82.96270901337266,5238.547250017291,120.97927031509121
1777169221,16,GET,bulk_update_departures,0.700000,0.400000,180,190,190,210,230,230,230,230,230,230,230,55,32,190,188.33085080206564,93.65937500842847,365.75658299261704,132.52727272727273
1777169221,16,GET,large_scan,2.800000,2.800000,190,210,220,250,320,320,340,340,340,340,340,119,119,200,217.7021582833464,82.96270901337266,2681.880666001234,140.92436974789916
1777169221,16,GET,next_departures,10.100000,10.100000,200,220,240,250,330,400,440,610,610,610,610,477,477,200,242.10199773537613,88.3789999934379,3266.949957993347,158.22851153039832
1777169221,16,GET,point_read,12.200000,0.000000,150,190,210,230,270,320,400,420,610,610,610,531,0,120,188.11298123526424,86.03924998897128,5238.547250017291,81.19209039548022
1777169221,16,GET,trips_per_route,1.400000,0.900000,190,200,220,220,300,370,370,370,370,370,370,52,37,200,214.94925082795538,94.0270829887595,390.5427090066951,131.5
1777169221,16,,Aggregated,27.200000,14.200000,190,210,220,240,310,350,420,440,610,610,610,1234,665,190,212.97630520955045,82.96270901337266,5238.547250017291,121.13857374392221
1777169222,16,GET,bulk_update_departures,0.800000,0.400000,180,190,190,210,230,230,230,230,230,230,230,56,32,190,187.47722027027132,93.65937500842847,365.75658299261704,132.10714285714286
1777169222,16,GET,large_scan,2.900000,2.900000,190,210,220,250,320,320,340,340,340,340,340,120,120,200,217.52766252272218,82.96270901337266,2681.880666001234,141.0
1777169222,16,GET,next_departures,10.100000,10.100000,200,210,220,240,320,350,420,610,610,610,610,487,487,200,240.93968780650098,88.3789999934379,3266.949957993347,158.11088295687884
1777169222,16,GET,point_read,11.700000,0.000000,120,160,200,210,270,320,400,420,610,610,610,546,0,110,185.84687734959175,86.03924998897128,5238.547250017291,81.1923076923077
1777169222,16,GET,trips_per_route,1.400000,1.000000,190,200,220,220,300,370,370,370,370,370,370,53,38,200,214.5427240954958,94.0270829887595,390.5427090066951,131.8490566037736
1777169222,16,,Aggregated,26.900000,14.400000,190,200,210,230,300,330,400,420,610,610,610,1262,677,190,211.39685515813488,82.96270901337266,5238.547250017291,120.94849445324881
1777169223,16,GET,bulk_update_departures,0.900000,0.500000,180,190,210,210,210,230,230,230,230,230,230,58,33,190,187.06706684717008,93.65937500842847,365.75658299261704,132.0
1777169223,16,GET,large_scan,3.100000,3.100000,190,200,220,220,320,320,340,340,340,340,340,124,124,190,214.3954566748899,82.96270901337266,2681.880666001234,140.63709677419354
1777169223,16,GET,next_departures,10.600000,10.600000,190,200,210,210,250,330,400,610,610,610,610,498,498,200,239.38246294520619,88.3789999934379,3266.949957993347,158.08232931726909
1777169223,16,GET,point_read,11.100000,0.000000,110,130,170,200,260,320,400,420,610,610,610,558,0,110,184.0697201933252,86.03924998897128,5238.547250017291,81.19175627240143
1777169223,16,GET,trips_per_route,1.300000,1.000000,190,190,220,220,300,370,370,370,370,370,370,54,38,200,212.4895702414775,94.0270829887595,390.5427090066951,131.0185185185185
1777169223,16,,Aggregated,27.000000,15.200000,180,190,200,210,260,320,350,420,610,610,610,1292,693,190,209.62285891056513,82.96270901337266,5238.547250017291,120.89783281733746
1777169224,16,GET,bulk_update_departures,0.900000,0.500000,190,200,210,210,210,230,230,230,230,230,230,59,34,190,187.28756783303206,93.65937500842847,365.75658299261704,132.3050847457627
1777169224,16,GET,large_scan,3.100000,3.100000,190,190,200,200,220,320,320,320,320,320,320,124,124,190,214.3954566748899,82.96270901337266,2681.880666001234,140.63709677419354
1777169224,16,GET,next_departures,10.600000,10.600000,190,200,210,210,260,330,400,610,610,610,610,506,506,200,239.43137821874612,88.3789999934379,3266.949957993347,157.95454545454547
1777169224,16,GET,point_read,11.100000,0.000000,110,120,140,160,210,290,400,420,610,610,610,566,0,110,183.36597216053735,86.03924998897128,5238.547250017291,81.19081272084806
1777169224,16,GET,trips_per_route,1.300000,1.000000,190,190,220,220,300,400,400,400,400,400,400,55,39,200,215.8262485098517,94.0270829887595,396.0068750020582,131.36363636363637
1777169224,16,,Aggregated,27.000000,15.200000,180,190,200,200,250,330,400,420,610,610,610,1310,703,190,209.49836978582195,82.96270901337266,5238.547250017291,120.87709923664121
1777169225,16,GET,bulk_update_departures,0.900000,0.500000,190,200,210,210,220,230,230,230,230,230,230,60,35,190,187.86118613594832,93.65937500842847,365.75658299261704,132.6
1777169225,16,GET,large_scan,2.900000,2.900000,190,190,200,210,220,290,320,320,320,320,320,126,126,190,215.08607442609943,82.96270901337266,2681.880666001234,140.57142857142858
1777169225,16,GET,next_departures,10.800000,10.800000,190,200,210,220,260,330,330,360,360,360,360,515,515,200,239.95102460335633,88.3789999934379,3266.949957993347,158.0097087378641
1777169225,16,GET,point_read,11.000000,0.000000,110,120,150,160,200,260,330,350,360,360,360,581,0,120,185.03300378809598,86.03924998897128,5238.547250017291,81.19277108433735
1777169225,16,GET,trips_per_route,1.400000,1.100000,190,200,220,220,300,400,400,400,400,400,400,56,39,200,216.96065925061703,94.0270829887595,396.0068750020582,130.55357142857142
1777169225,16,,Aggregated,27.000000,15.300000,180,190,200,210,250,300,330,360,400,400,400,1338,715,190,210.46432461546507,82.96270901337266,5238.547250017291,120.72272047832585
1777169226,16,GET,bulk_update_departures,1.100000,0.700000,190,200,210,210,210,220,220,220,220,220,220,62,36,190,188.29517274430293,93.65937500842847,365.75658299261704,132.48387096774192
1777169226,16,GET,large_scan,2.800000,2.800000,190,190,200,200,220,260,290,290,290,290,290,127,127,200,215.42157056465504,82.96270901337266,2681.880666001234,140.43307086614172
1777169226,16,GET,next_departures,10.200000,10.200000,190,200,220,230,270,330,330,330,360,360,360,527,527,200,240.2823700279526,88.3789999934379,3266.949957993347,158.0170777988615
1777169226,16,GET,point_read,11.800000,0.000000,110,120,160,190,250,290,350,360,360,360,360,588,0,120,185.5989321733197,86.03924998897128,5238.547250017291,81.19557823129252
1777169226,16,GET,trips_per_route,1.500000,1.100000,190,200,220,270,280,400,400,400,400,400,400,58,40,200,216.69465089708584,94.0270829887595,396.0068750020582,130.06896551724137
1777169226,16,,Aggregated,27.400000,14.800000,190,190,200,220,260,300,330,360,400,400,400,1362,730,190,210.98539724414974,82.96270901337266,5238.547250017291,120.859765051395
1777169227,16,GET,bulk_update_departures,1.200000,0.800000,190,200,210,210,210,220,220,220,220,220,220,62,36,190,188.29517274430293,93.65937500842847,365.75658299261704,132.48387096774192
1777169227,16,GET,large_scan,2.600000,2.600000,190,200,220,260,280,290,310,310,310,310,310,132,132,200,217.38875002064918,82.96270901337266,2681.880666001234,140.38636363636363
1777169227,16,GET,next_departures,10.500000,10.500000,190,210,230,240,300,330,330,360,370,370,370,537,537,200,240.64615876295733,88.3789999934379,3266.949957993347,158.0074487895717
1777169227,16,GET,point_read,11.800000,0.000000,110,130,190,220,260,310,350,360,360,360,360,597,0,120,185.88581503508536,86.03924998897128,5238.547250017291,81.19597989949749
1777169227,16,GET,trips_per_route,1.600000,1.100000,190,220,270,280,280,400,400,400,400,400,400,60,42,200,218.6504090675347,94.0270829887595,396.0068750020582,130.73333333333332
1777169227,16,,Aggregated,27.700000,15.000000,190,200,220,230,280,330,350,360,400,400,400,1388,747,190,211.59182931453788,82.96270901337266,5238.547250017291,120.97478386167147
1777169228,16,GET,bulk_update_departures,1.400000,0.900000,210,210,210,220,250,250,250,250,250,250,250,63,37,190,189.27470174810244,93.65937500842847,365.75658299261704,132.76190476190476
1777169228,16,GET,large_scan,2.600000,2.600000,190,220,270,280,290,310,310,310,310,310,310,135,135,200,217.07395403495025,82.96270901337266,2681.880666001234,140.2
1777169228,16,GET,next_departures,10.700000,10.700000,200,230,240,270,310,330,330,360,370,370,370,549,549,200,240.71485186293629,88.3789999934379,3266.949957993347,158.01457194899817
1777169228,16,GET,point_read,10.900000,0.000000,120,160,190,220,260,310,350,360,360,360,360,609,0,120,185.1278387914467,86.03924998897128,5238.547250017291,81.20032840722496
1777169228,16,GET,trips_per_route,1.700000,1.200000,270,280,280,280,280,400,400,400,400,400,400,62,44,200,220.57313982335356,94.0270829887595,396.0068750020582,131.3548387096774
1777169228,16,,Aggregated,27.300000,15.400000,190,210,230,260,300,330,350,360,400,400,400,1418,765,190,211.4246348170943,82.96270901337266,5238.547250017291,121.04090267983075
1777169229,16,GET,bulk_update_departures,1.300000,0.800000,210,210,210,220,250,250,250,250,250,250,250,64,38,190,189.21211656470405,93.65937500842847,365.75658299261704,133.03125
1777169229,16,GET,large_scan,2.800000,2.800000,190,220,270,280,290,310,310,310,310,310,310,138,138,190,216.39567424447876,82.96270901337266,2681.880666001234,140.41304347826087
1777169229,16,GET,next_departures,11.100000,11.100000,200,230,260,270,310,330,330,360,370,370,370,560,560,200,239.2094316334156,88.3789999934379,3266.949957993347,157.99107142857142
1777169229,16,GET,point_read,10.800000,0.000000,120,150,190,210,260,300,330,350,360,360,360,620,0,120,183.4963080500001,86.03924998897128,5238.547250017291,81.2
1777169229,16,GET,trips_per_route,1.600000,1.100000,270,280,280,280,280,400,400,400,400,400,400,64,44,200,216.71048765665546,94.0270829887595,396.0068750020582,129.96875
1777169229,16,,Aggregated,27.600000,15.800000,190,210,230,260,290,330,330,360,400,400,400,1446,780,190,209.93543735934847,82.96270901337266,5238.547250017291,121.04287690179807
1777169230,16,GET,bulk_update_departures,1.200000,0.700000,200,210,210,210,220,250,250,250,250,250,250,66,40,190,189.63497035050145,93.65937500842847,365.75658299261704,133.54545454545453
1777169230,16,GET,large_scan,2.800000,2.800000,200,220,270,280,290,310,310,310,310,310,310,142,142,200,215.32053612504635,82.96270901337266,2681.880666001234,140.49295774647888
1777169230,16,GET,next_departures,10.800000,10.800000,200,230,260,270,330,330,360,370,370,370,370,569,569,200,237.77180742131756,87.63579200603999,3266.949957993347,158.08435852372583
1777169230,16,GET,point_read,10.400000,0.000000,120,150,190,210,260,300,330,350,360,360,360,630,0,120,182.1300812699418,86.03924998897128,5238.547250017291,81.2015873015873
1777169230,16,GET,trips_per_route,1.500000,1.100000,210,270,280,280,280,400,400,400,400,400,400,67,47,200,216.08129355304095,94.0270829887595,396.0068750020582,130.86567164179104
1777169230,16,,Aggregated,26.700000,15.400000,190,210,230,260,300,330,350,360,400,400,400,1474,798,190,208.6858754842174,82.96270901337266,5238.547250017291,121.19335142469471
1777169231,16,GET,bulk_update_departures,1.100000,0.700000,200,200,210,210,220,250,250,250,250,250,250,67,41,190,189.51726743496204,93.65937500842847,365.75658299261704,133.7910447761194
1777169231,16,GET,large_scan,2.600000,2.600000,190,220,260,280,290,310,310,310,310,310,310,144,144,190,214.9722184981834,82.96270901337266,2681.880666001234,140.625
1777169231,16,GET,next_departures,11.500000,11.500000,200,230,260,270,330,330,360,370,370,370,370,583,583,200,235.97446705771196,87.63579200603999,3266.949957993347,158.10463121783877
1777169231,16,GET,point_read,10.500000,0.000000,110,150,190,210,260,300,330,350,360,360,360,642,0,110,180.5420609283902,86.03924998897128,5238.547250017291,81.20404984423676
1777169231,16,GET,trips_per_route,1.200000,0.900000,200,270,280,280,280,400,400,400,400,400,400,70,50,200,214.74964524344873,94.0270829887595,396.0068750020582,131.68571428571428
1777169231,16,,Aggregated,26.900000,15.700000,190,210,230,260,290,330,330,360,400,400,400,1506,818,190,207.28236982708822,82.96270901337266,5238.547250017291,121.34130146082337
1777169232,16,GET,bulk_update_departures,1.200000,0.900000,200,200,210,220,250,250,250,250,250,250,250,67,41,190,189.51726743496204,93.65937500842847,365.75658299261704,133.7910447761194
1777169232,16,GET,large_scan,2.500000,2.500000,200,220,260,280,290,310,310,310,310,310,310,147,147,200,214.76187163070605,82.96270901337266,2681.880666001234,140.81632653061226
1777169232,16,GET,next_departures,11.000000,11.000000,200,230,260,280,330,330,360,370,370,370,370,591,591,200,234.627128740591,87.63579200603999,3266.949957993347,158.20642978003383
1777169232,16,GET,point_read,10.800000,0.000000,110,160,190,210,260,300,330,350,360,360,360,659,0,110,178.83933534000772,86.03924998897128,5238.547250017291,81.20030349013658
1777169232,16,GET,trips_per_route,1.400000,0.900000,200,270,280,280,280,400,400,400,400,400,400,72,52,200,214.31598032035657,94.0270829887595,396.0068750020582,132.19444444444446
1777169232,16,,Aggregated,26.900000,15.300000,190,210,230,260,290,330,330,360,400,400,400,1536,831,190,205.87119642296634,82.96270901337266,5238.547250017291,121.21940104166667
1777169233,16,GET,bulk_update_departures,1.200000,0.900000,200,210,220,220,250,250,250,250,250,250,250,67,41,190,189.51726743496204,93.65937500842847,365.75658299261704,133.7910447761194
1777169233,16,GET,large_scan,2.600000,2.600000,200,220,260,270,290,310,310,310,310,310,310,152,152,190,213.39180567577532,82.96270901337266,2681.880666001234,140.94078947368422
1777169233,16,GET,next_departures,10.400000,10.400000,190,220,230,260,310,330,360,370,370,370,370,603,603,200,233.41522789503307,87.63579200603999,3266.949957993347,158.12603648424545
1777169233,16,GET,point_read,10.800000,0.000000,100,150,180,210,260,300,330,350,360,360,360,670,0,110,177.5151663419005,86.03924998897128,5238.547250017291,81.20597014925373
1777169233,16,GET,trips_per_route,1.800000,1.300000,200,270,270,280,280,280,280,280,280,280,280,72,52,200,214.31598032035657,94.0270829887595,396.0068750020582,132.19444444444446
1777169233,16,,Aggregated,26.800000,15.200000,190,200,230,240,290,310,330,360,370,370,370,1564,848,190,204.76247176068048,82.96270901337266,5238.547250017291,121.26790281329923
1777169234,16,GET,bulk_update_departures,1.200000,0.900000,190,200,200,210,250,250,250,250,250,250,250,70,43,190,188.0616196589212,91.06408298248425,365.75658299261704,133.88571428571427
1777169234,16,GET,large_scan,2.800000,2.800000,190,200,220,220,280,310,310,310,310,310,310,157,157,190,211.4293943995322,82.96270901337266,2681.880666001234,140.88535031847132
1777169234,16,GET,next_departures,9.800000,9.800000,190,200,230,230,300,330,330,370,370,370,370,612,612,200,232.34546378698485,87.63579200603999,3266.949957993347,158.12908496732027
1777169234,16,GET,point_read,11.400000,0.000000,99,110,130,150,210,240,300,310,310,310,310,683,0,110,175.99164231051043,86.03924998897128,5238.547250017291,81.20937042459737
1777169234,16,GET,trips_per_route,1.900000,1.400000,200,210,270,270,280,280,280,280,280,280,280,72,52,200,214.31598032035657,94.0270829887595,396.0068750020582,132.19444444444446
1777169234,16,,Aggregated,27.100000,14.900000,180,190,200,210,270,300,330,330,370,370,370,1594,864,190,203.37967027329364,82.96270901337266,5238.547250017291,121.23588456712673
1777169235,16,GET,bulk_update_departures,0.900000,0.800000,190,190,200,200,210,250,250,250,250,250,250,72,44,190,186.90024479292333,91.06408298248425,365.75658299261704,133.75
1777169235,16,GET,large_scan,2.700000,2.700000,190,200,210,220,280,310,310,310,310,310,310,157,157,190,211.4293943995322,82.96270901337266,2681.880666001234,140.88535031847132
1777169235,16,GET,next_departures,10.400000,10.400000,190,200,200,220,290,310,330,370,370,370,370,620,620,200,231.92508488319882,87.63579200603999,3266.949957993347,158.0241935483871
1777169235,16,GET,point_read,10.900000,0.000000,99,110,110,130,170,240,300,310,310,310,310,696,0,110,174.74558302019014,86.03924998897128,5238.547250017291,81.21120689655173
1777169235,16,GET,trips_per_route,1.900000,1.400000,200,210,270,270,280,280,280,280,280,280,280,73,53,200,214.27681963102995,94.0270829887595,396.0068750020582,132.43835616438355
1777169235,16,,Aggregated,26.800000,15.300000,160,190,200,200,260,290,310,330,370,370,370,1618,874,190,202.54012286064142,82.96270901337266,5238.547250017291,121.08467243510506
1777169236,16,GET,bulk_update_departures,1.000000,0.800000,190,190,200,200,250,290,290,290,290,290,290,74,45,190,188.00249437973017,91.06408298248425,365.75658299261704,133.6216216216216
1777169236,16,GET,large_scan,3.100000,3.100000,190,190,200,210,220,220,310,310,310,310,310,157,157,190,211.4293943995322,82.96270901337266,2681.880666001234,140.88535031847132
1777169236,16,GET,next_departures,10.200000,10.200000,190,190,200,210,260,320,410,450,450,450,450,630,630,200,232.53454861530503,87.63579200603999,3266.949957993347,158.0952380952381
1777169236,16,GET,point_read,11.400000,0.000000,99,110,130,160,220,260,320,330,340,340,340,710,0,110,176.2510261000757,86.03924998897128,5238.547250017291,81.20845070422536
1777169236,16,GET,trips_per_route,1.700000,1.300000,200,210,280,280,280,300,300,300,300,300,300,74,54,200,215.46989077083904,94.0270829887595,396.0068750020582,132.67567567567568
1777169236,16,,Aggregated,27.400000,15.400000,160,190,190,200,240,290,330,370,450,450,450,1645,886,190,203.4567571918326,82.96270901337266,5238.547250017291,121.02310030395137
1777169237,16,GET,bulk_update_departures,1.200000,0.900000,190,200,200,250,290,370,370,370,370,370,370,75,46,190,190.36597724150246,91.06408298248425,365.75658299261704,133.84
1777169237,16,GET,large_scan,3.100000,3.100000,190,200,210,210,220,220,230,230,230,230,230,160,160,190,211.56746851702337,82.96270901337266,2681.880666001234,140.71875
1777169237,16,GET,next_departures,10.400000,10.400000,190,200,200,220,260,300,410,450,450,450,450,640,640,200,232.78892682756123,87.63579200603999,3266.949957993347,158.1640625
1777169237,16,GET,point_read,11.400000,0.000000,99,110,160,160,250,290,320,330,340,340,340,718,0,110,176.95464901125104,86.03924998897128,5238.547250017291,81.20473537604457
1777169237,16,GET,trips_per_route,1.600000,1.300000,190,210,210,280,280,300,300,300,300,300,300,75,54,200,214.84761110700978,94.0270829887595,396.0068750020582,132.06666666666666
1777169237,16,,Aggregated,27.700000,15.700000,180,190,200,210,260,290,330,370,450,450,450,1668,900,190,204.0048952329614,82.96270901337266,5238.547250017291,121.0959232613909
1777169238,16,GET,bulk_update_departures,1.100000,0.800000,190,200,260,260,290,370,370,370,370,370,370,76,47,190,191.33890572534017,91.06408298248425,365.75658299261704,134.05263157894737
1777169238,16,GET,large_scan,3.000000,3.000000,200,210,220,220,340,370,380,380,380,380,380,165,165,200,215.0983709864897,82.96270901337266,2681.880666001234,141.0
1777169238,16,GET,next_departures,10.600000,10.600000,190,200,220,220,280,370,460,500,500,500,500,651,651,200,233.55388799935298,87.63579200603999,3266.949957993347,158.14132104454686
1777169238,16,GET,point_read,12.000000,0.000000,100,110,180,220,260,310,320,330,340,340,340,726,0,110,177.92847927009683,86.03924998897128,5238.547250017291,81.20523415977961
1777169238,16,GET,trips_per_route,1.700000,1.400000,190,210,210,210,260,300,300,300,300,300,300,76,55,200,215.47195943467636,94.0270829887595,396.0068750020582,132.30263157894737
1777169238,16,,Aggregated,28.400000,15.800000,180,200,210,220,290,320,370,450,500,500,500,1694,918,190,205.21163754580942,82.96270901337266,5238.547250017291,121.25914994096813
1777169239,16,GET,bulk_update_departures,1.300000,1.000000,190,190,260,290,370,370,370,370,370,370,370,76,47,190,191.33890572534017,91.06408298248425,365.75658299261704,134.05263157894737
1777169239,16,GET,large_scan,2.700000,2.700000,200,220,230,280,340,370,380,380,380,380,380,167,167,200,216.0715479328796,82.96270901337266,2681.880666001234,141.10778443113773
1777169239,16,GET,next_departures,10.300000,10.300000,190,200,220,230,300,370,460,500,500,500,500,658,658,200,233.34520301914463,87.63579200603999,3266.949957993347,158.24468085106383
1777169239,16,GET,point_read,12.000000,0.000000,110,160,200,220,280,310,320,330,340,340,340,743,0,120,177.83422834337983,86.03924998897128,5238.547250017291,81.21130551816958
1777169239,16,GET,trips_per_route,1.500000,1.300000,190,190,210,210,260,300,300,300,300,300,300,78,55,200,213.14284509012046,94.0270829887595,396.0068750020582,131.1153846153846
1777169239,16,,Aggregated,27.800000,15.300000,180,200,220,220,300,320,370,450,500,500,500,1722,927,190,204.94937427565304,82.96270901337266,5238.547250017291,121.04819976771196
1777169240,16,GET,bulk_update_departures,1.300000,1.000000,190,190,260,290,370,370,370,370,370,370,370,76,47,190,191.33890572534017,91.06408298248425,365.75658299261704,134.05263157894737
1777169240,16,GET,large_scan,3.000000,3.000000,210,220,280,290,340,370,380,380,380,380,380,171,171,200,215.75529681149686,82.96270901337266,2681.880666001234,141.0
1777169240,16,GET,next_departures,10.400000,10.400000,200,210,220,240,300,370,460,500,500,500,500,667,667,200,232.91492841463582,87.63579200603999,3266.949957993347,158.20839580209895
1777169240,16,GET,point_read,11.700000,0.000000,130,170,190,220,260,300,320,330,340,340,340,758,0,120,177.26723899626197,86.03924998897128,5238.547250017291,81.21240105540898
1777169240,16,GET,trips_per_route,1.600000,1.300000,210,250,260,290,300,300,300,300,300,300,300,80,57,200,214.54814376302238,94.0270829887595,396.0068750020582,131.5875
1777169240,16,,Aggregated,28.000000,15.700000,180,200,220,240,300,320,370,450,500,500,500,1752,942,190,204.52202540106293,82.96270901337266,5238.547250017291,120.95319634703196
1777169241,16,GET,bulk_update_departures,1.200000,0.900000,190,220,260,290,370,370,370,370,370,370,370,77,48,190,191.76416723518753,91.06408298248425,365.75658299261704,134.25974025974025
1777169241,16,GET,large_scan,2.800000,2.800000,200,220,280,290,340,370,380,380,380,380,380,174,174,200,214.38099738965133,82.96270901337266,2681.880666001234,140.8448275862069
1777169241,16,GET,next_departures,9.400000,9.400000,200,210,220,250,310,370,460,500,500,500,500,675,675,200,232.25584920086138,87.63579200603999,3266.949957993347,158.1851851851852
1777169241,16,GET,point_read,12.800000,0.000000,120,170,200,220,280,310,320,330,340,340,340,772,0,120,175.98553442505852,86.03924998897128,5238.547250017291,81.21373056994818
1777169241,16,GET,trips_per_route,1.500000,1.100000,210,250,260,260,290,300,300,300,300,300,300,81,58,200,214.23420937082236,94.0270829887595,396.0068750020582,131.8148148148148
1777169241,16,,Aggregated,27.700000,14.200000,180,200,220,240,300,320,370,450,500,500,500,1779,955,190,203.51581572156942,82.96270901337266,5238.547250017291,120.85103991006183
1777169242,16,GET,bulk_update_departures,1.000000,0.700000,200,210,260,260,290,370,370,370,370,370,370,79,50,190,192.04562872278362,91.06408298248425,365.75658299261704,134.65822784810126
1777169242,16,GET,large_scan,2.900000,2.900000,200,220,230,290,340,370,380,380,380,380,380,178,178,190,213.23729099331717,82.96270901337266,2681.880666001234,140.8988764044944
1777169242,16,GET,next_departures,9.900000,9.900000,200,210,230,260,310,370,460,500,500,500,500,684,684,200,231.23920712234863,87.63579200603999,3266.949957993347,158.22368421052633
1777169242,16,GET,point_read,12.500000,0.000000,120,170,190,220,260,300,320,330,340,340,340,787,0,110,174.52957999123777,84.46645899675786,5238.547250017291,81.22109275730622
1777169242,16,GET,trips_per_route,1.400000,1.100000,210,210,260,260,290,300,300,300,300,300,300,82,58,200,212.8633445248763,94.0270829887595,396.0068750020582,131.2560975609756
1777169242,16,,Aggregated,27.700000,14.600000,180,200,220,240,300,320,370,450,500,500,500,1810,970,190,202.26797449819935,82.96270901337266,5238.547250017291,120.78839779005524
1777169243,16,GET,bulk_update_departures,0.900000,0.600000,210,220,260,290,370,370,370,370,370,370,370,79,50,190,192.04562872278362,91.06408298248425,365.75658299261704,134.65822784810126
1777169243,16,GET,large_scan,2.800000,2.800000,210,220,290,320,340,370,380,380,380,380,380,179,179,190,213.09770091502492,82.96270901337266,2681.880666001234,140.94972067039106
1777169243,16,GET,next_departures,9.800000,9.800000,200,210,220,250,310,370,460,500,500,500,500,696,696,200,229.97362231265356,87.63579200603999,3266.949957993347,158.26149425287358
1777169243,16,GET,point_read,13.300000,0.000000,120,170,180,220,260,300,320,330,340,340,340,805,0,110,172.80822447099814,84.46645899675786,5238.547250017291,81.22111801242237
1777169243,16,GET,trips_per_route,1.100000,0.800000,210,250,260,290,300,300,300,300,300,300,300,82,58,200,212.8633445248763,94.0270829887595,396.0068750020582,131.2560975609756
1777169243,16,,Aggregated,27.900000,14.000000,180,200,220,240,300,320,370,450,500,500,500,1841,983,190,200.94684911064073,82.96270901337266,5238.547250017291,120.67571971754481
1777169244,16,GET,bulk_update_departures,1.100000,0.800000,220,260,290,290,370,370,370,370,370,370,370,79,50,190,192.04562872278362,91.06408298248425,365.75658299261704,134.65822784810126
1777169244,16,GET,large_scan,2.900000,2.900000,190,220,280,290,340,370,380,380,380,380,380,182,182,190,212.17378986705796,82.96270901337266,2681.880666001234,140.95054945054946
1777169244,16,GET,next_departures,9.800000,9.800000,190,210,220,250,310,370,460,500,500,500,500,707,707,200,229.07786333749547,87.63579200603999,3266.949957993347,158.2036775106082
1777169244,16,GET,point_read,13.000000,0.000000,120,170,200,220,260,300,320,330,340,340,340,818,0,110,171.7649150772412,84.46645899675786,5238.547250017291,81.22249388753056
1777169244,16,GET,trips_per_route,0.900000,0.600000,200,250,260,260,290,300,300,300,300,300,300,83,59,200,212.69903213300472,94.0270829887595,396.0068750020582,131.48192771084337
1777169244,16,,Aggregated,27.700000,14.100000,180,200,220,240,300,320,370,450,500,500,500,1869,998,190,200.0551118270393,82.96270901337266,5238.547250017291,120.64954521134297
1777169245,16,GET,bulk_update_departures,1.200000,0.900000,260,260,290,290,370,370,370,370,370,370,370,79,50,190,192.04562872278362,91.06408298248425,365.75658299261704,134.65822784810126
1777169245,16,GET,large_scan,3.000000,3.000000,200,220,280,290,340,370,380,380,380,380,380,183,183,190,212.01990508630902,82.96270901337266,2681.880666001234,141.0
1777169245,16,GET,next_departures,8.900000,8.900000,190,200,210,220,280,310,460,500,500,500,500,722,722,200,227.30272980976056,87.50945801148191,3266.949957993347,158.27562326869807
1777169245,16,GET,point_read,13.800000,0.000000,110,160,170,180,250,300,320,320,330,330,330,831,0,110,170.54741439968095,84.29437500308268,5238.547250017291,81.22382671480145
1777169245,16,GET,trips_per_route,1.000000,0.600000,200,210,260,260,290,300,300,300,300,300,300,84,59,200,211.59484970260002,94.0270829887595,396.0068750020582,130.9404761904762
1777169245,16,,Aggregated,27.900000,13.400000,170,190,200,220,290,320,340,380,500,500,500,1899,1014,190,198.83237860120846,82.96270901337266,5238.547250017291,120.70142180094787
1777169246,16,GET,bulk_update_departures,1.000000,0.800000,220,260,290,290,370,370,370,370,370,370,370,80,50,190,190.82124377637228,91.06408298248425,365.75658299261704,134.325
1777169246,16,GET,large_scan,2.600000,2.600000,190,220,240,280,320,370,380,380,380,380,380,190,190,190,211.38356517246729,82.96270901337266,2681.880666001234,141.18947368421053
1777169246,16,GET,next_departures,9.700000,9.700000,190,200,200,200,240,310,460,500,500,500,500,735,735,200,226.57200714920134,87.50945801148191,3266.949957993347,158.2312925170068
1777169246,16,GET,point_read,13.400000,0.000000,100,130,160,170,200,260,310,320,320,320,320,841,0,110,169.93450370061296,84.29437500308268,5238.547250017291,81.22592152199762
1777169246,16,GET,trips_per_route,1.100000,0.700000,170,200,250,250,260,290,290,290,290,290,290,85,59,200,210.65061421215754,94.0270829887595,396.0068750020582,130.41176470588235
1777169246,16,,Aggregated,27.800000,13.800000,160,190,200,200,240,300,340,380,500,500,500,1931,1034,190,198.22849402371332,82.96270901337266,5238.547250017291,120.80165717244951
1777169247,16,GET,bulk_update_departures,0.700000,0.600000,220,220,260,260,270,270,270,270,270,270,270,81,50,190,191.76766360616944,91.06408298248425,365.75658299261704,134.0
1777169247,16,GET,large_scan,2.600000,2.600000,190,210,240,270,320,320,470,470,470,470,470,194,194,190,213.27587546775905,82.96270901337266,2681.880666001234,141.37113402061857
1777169247,16,GET,next_departures,9.900000,9.900000,190,200,200,200,230,260,310,310,310,310,310,740,740,200,226.70851627925595,87.50945801148191,3266.949957993347,158.17567567567568
1777169247,16,GET,point_read,13.400000,0.000000,110,140,160,170,200,220,260,300,300,300,300,855,0,110,170.34545105760128,84.29437500308268,5238.547250017291,81.22573099415204
1777169247,16,GET,trips_per_route,1.100000,0.700000,130,190,200,250,290,290,290,290,290,290,290,85,59,200,210.65061421215754,94.0270829887595,396.0068750020582,130.41176470588235
1777169247,16,,Aggregated,27.700000,13.800000,160,190,200,200,240,270,300,320,470,470,470,1955,1043,190,198.57988005205976,82.96270901337266,5238.547250017291,120.6460358056266
1777169248,16,GET,bulk_update_departures,0.600000,0.600000,220,260,270,270,320,320,320,320,320,320,320,82,51,190,193.31472157429698,91.06408298248425,365.75658299261704,134.1951219512195
1777169248,16,GET,large_scan,2.900000,2.900000,190,210,220,250,290,320,470,470,470,470,470,195,195,200,213.43966862425592,82.96270901337266,2681.880666001234,141.27692307692308
1777169248,16,GET,next_departures,10.200000,10.200000,190,200,200,220,250,280,310,320,320,320,320,748,748,200,226.94408183506215,87.50945801148191,3266.949957993347,158.28877005347593
1777169248,16,GET,point_read,13.200000,0.000000,100,130,160,180,210,240,260,280,320,320,320,867,0,110,171.15929809362294,84.29437500308268,5238.547250017291,81.22606689734718
1777169248,16,GET,trips_per_route,1.000000,0.500000,190,200,240,250,290,290,290,290,290,290,290,86,59,200,210.9992063958279,94.0270829887595,396.0068750020582,129.90697674418604
1777169248,16,,Aggregated,27.900000,14.200000,160,190,200,210,240,270,310,320,470,470,470,1978,1053,190,199.07369007111274,82.96270901337266,5238.547250017291,120.60060667340748
1777169249,16,GET,bulk_update_departures,0.500000,0.400000,220,220,270,320,320,320,320,320,320,320,320,85,53,200,194.61767943610218,91.06408298248425,365.75658299261704,134.25882352941176
1777169249,16,GET,large_scan,3.400000,3.400000,190,210,210,250,270,270,470,470,470,470,470,198,198,200,213.66067238241985,82.96270901337266,2681.880666001234,141.13636363636363
1777169249,16,GET,next_departures,10.100000,10.100000,190,200,220,230,260,290,340,370,370,370,370,759,759,200,227.54177289674573,87.50945801148191,3266.949957993347,158.36627140974966
1777169249,16,GET,point_read,13.200000,0.000000,110,140,180,200,230,260,290,300,320,320,320,877,0,110,171.71919739358086,84.29437500308268,5238.547250017291,81.22462941847206
1777169249,16,GET,trips_per_route,1.100000,0.500000,190,200,200,200,240,240,240,240,240,240,240,87,59,200,210.9033773912802,94.0270829887595,396.0068750020582,129.4022988505747
1777169249,16,,Aggregated,28.300000,14.400000,180,190,200,220,250,270,320,340,470,470,470,2006,1069,190,199.64997580240757,82.96270901337266,5238.547250017291,120.66251246261217
1777169250,16,GET,bulk_update_departures,0.700000,0.500000,220,220,270,320,320,320,320,320,320,320,320,85,53,200,194.61767943610218,91.06408298248425,365.75658299261704,134.25882352941176
1777169250,16,GET,large_scan,3.000000,3.000000,190,210,250,260,270,290,470,470,470,470,470,201,201,200,214.12084062047424,82.96270901337266,2681.880666001234,141.13432835820896
1777169250,16,GET,next_departures,9.700000,9.700000,200,220,230,250,270,320,360,370,370,370,370,768,768,200,228.11268999817003,87.50945801148191,3266.949957993347,158.26822916666666
1777169250,16,GET,point_read,14.000000,0.000000,120,160,200,200,230,260,290,300,320,320,320,890,0,120,171.8618894552124,84.29437500308268,5238.547250017291,81.2247191011236
1777169250,16,GET,trips_per_route,1.000000,0.400000,190,200,200,200,240,240,240,240,240,240,240,87,59,200,210.9033773912802,94.0270829887595,396.0068750020582,129.4022988505747
1777169250,16,,Aggregated,28.400000,13.600000,190,200,220,230,260,290,320,360,470,470,470,2031,1081,190,199.9394451420773,82.96270901337266,5238.547250017291,120.57016248153619
1777169251,16,GET,bulk_update_departures,0.800000,0.600000,260,270,320,320,330,330,330,330,330,330,330,87,55,200,196.90984772483486,91.06408298248425,365.75658299261704,134.6206896551724
1777169251,16,GET,large_scan,3.100000,3.100000,200,240,260,270,280,290,470,470,470,470,470,203,203,200,214.1667697375085,82.96270901337266,2681.880666001234,141.0886699507389
1777169251,16,GET,next_departures,10.100000,10.100000,200,230,260,260,290,330,360,370,370,370,370,778,778,200,228.30914572955817,87.50945801148191,3266.949957993347,158.25835475578407
1777169251,16,GET,point_read,13.300000,0.000000,130,180,200,200,230,260,290,300,320,320,320,900,0,120,171.54227498786187,84.29437500308268,5238.547250017291,81.22333333333333
1777169251,16,GET,trips_per_route,0.900000,0.400000,200,240,310,310,310,310,310,310,310,310,310,89,61,200,213.14545318038265,94.0270829887595,396.0068750020582,129.86516853932585
1777169251,16,,Aggregated,28.200000,14.200000,190,210,230,250,270,310,330,360,470,470,470,2057,1097,190,200.0921337912012,82.96270901337266,5238.547250017291,120.63052989790958
1777169252,16,GET,bulk_update_departures,0.900000,0.600000,260,270,320,320,330,330,330,330,330,330,330,87,55,200,196.90984772483486,91.06408298248425,365.75658299261704,134.6206896551724
1777169252,16,GET,large_scan,3.100000,3.100000,200,240,250,270,280,290,470,470,470,470,470,208,208,190,213.0459619696082,82.96270901337266,2681.880666001234,141.04326923076923
1777169252,16,GET,next_departures,10.100000,10.100000,200,230,250,260,290,330,360,370,370,370,370,788,788,200,227.60278072670872,87.50945801148191,3266.949957993347,158.248730964467
1777169252,16,GET,point_read,13.500000,0.000000,140,180,200,210,240,260,290,300,320,320,320,912,0,110,170.69164056483075,84.29437500308268,5238.547250017291,81.22039473684211
1777169252,16,GET,trips_per_route,0.700000,0.200000,200,200,240,310,310,310,310,310,310,310,310,91,62,200,211.76298946215115,94.0270829887595,396.0068750020582,129.6043956043956
1777169252,16,,Aggregated,28.300000,14.000000,190,210,230,250,270,310,330,360,470,470,470,2086,1113,190,199.2986175889583,82.96270901337266,5238.547250017291,120.62128475551295
1777169253,16,GET,bulk_update_departures,1.100000,0.800000,260,270,320,320,330,330,330,330,330,330,330,88,56,200,196.82587928499825,91.06408298248425,365.75658299261704,134.79545454545453
1777169253,16,GET,large_scan,3.000000,3.000000,200,240,250,270,280,290,470,470,470,470,470,210,210,190,212.864167093704,82.96270901337266,2681.880666001234,141.12857142857143
1777169253,16,GET,next_departures,10.000000,10.000000,200,230,250,260,290,330,340,360,370,370,370,806,806,200,226.2614941124145,87.50945801148191,3266.949957993347,158.2196029776675
1777169253,16,GET,point_read,12.500000,0.000000,140,180,200,210,240,260,290,300,320,320,320,923,0,110,169.8503730000884,84.29437500308268,5238.547250017291,81.21776814734561
1777169253,16,GET,trips_per_route,0.800000,0.300000,200,200,240,310,310,310,310,310,310,310,310,91,62,200,211.76298946215115,94.0270829887595,396.0068750020582,129.6043956043956
1777169253,16,,Aggregated,27.400000,14.100000,190,210,230,240,270,310,330,360,470,470,470,2118,1134,190,198.50389189872575,82.96270901337266,5238.547250017291,120.76581680830972
1777169254,16,GET,bulk_update_departures,0.900000,0.600000,260,270,320,320,330,330,330,330,330,330,330,89,57,200,196.70635583225817,91.06408298248425,365.75658299261704,134.96629213483146
1777169254,16,GET,large_scan,3.000000,3.000000,200,240,250,270,280,290,470,470,470,470,470,212,212,190,212.18495089467396,82.96270901337266,2681.880666001234,141.08490566037736
1777169254,16,GET,next_departures,10.200000,10.200000,200,230,250,260,290,330,340,360,370,370,370,819,819,200,225.22323433773465,87.50945801148191,3266.949957993347,158.24175824175825
1777169254,16,GET,point_read,12.300000,0.000000,140,180,200,210,240,260,290,300,320,320,320,936,0,110,168.87522568068897,84.29437500308268,5238.547250017291,81.21901709401709
1777169254,16,GET,trips_per_route,1.000000,0.400000,200,240,310,310,310,310,310,310,310,310,310,91,62,200,211.76298946215115,94.0270829887595,396.0068750020582,129.6043956043956
1777169254,16,,Aggregated,27.400000,14.200000,190,210,230,250,270,310,330,360,470,470,470,2147,1150,190,197.61786094994278,82.96270901337266,5238.547250017291,120.79040521658128
1777169255,16,GET,bulk_update_departures,0.900000,0.600000,260,270,320,320,330,330,330,330,330,330,330,89,57,200,196.70635583225817,91.06408298248425,365.75658299261704,134.96629213483146
1777169255,16,GET,large_scan,3.100000,3.100000,200,210,250,270,280,290,470,470,470,470,470,215,215,190,211.60095351934976,82.96270901337266,2681.880666001234,141.08372093023254
1777169255,16,GET,next_departures,10.600000,10.600000,200,220,250,260,290,330,340,360,370,370,370,833,833,200,224.49970848813356,87.50945801148191,3266.949957993347,158.19327731092437
1777169255,16,GET,point_read,11.800000,0.000000,140,180,200,210,240,260,290,300,320,320,320,948,0,110,168.1735297437634,84.29437500308268,5238.547250017291,81.21729957805907
1777169255,16,GET,trips_per_route,0.900000,0.400000,200,240,310,310,310,310,310,310,310,310,310,91,62,200,211.76298946215115,94.0270829887595,396.0068750020582,129.6043956043956
1777169255,16,,Aggregated,27.300000,14.700000,190,210,230,240,270,310,330,360,470,470,470,2176,1167,190,197.0166663991222,82.96270901337266,5238.547250017291,120.8216911764706
1777169256,16,GET,bulk_update_departures,1.000000,0.700000,220,270,320,320,320,330,330,330,330,330,330,91,59,200,196.77374636336066,91.06408298248425,365.75658299261704,135.2967032967033
1777169256,16,GET,large_scan,3.000000,3.000000,190,210,250,270,280,290,470,470,470,470,470,216,216,190,211.16474366512935,82.96270901337266,2681.880666001234,141.0
1777169256,16,GET,next_departures,10.500000,10.500000,200,220,240,260,300,330,360,370,450,450,450,847,847,200,224.10084435714484,87.50945801148191,3266.949957993347,158.20543093270365
1777169256,16,GET,point_read,11.800000,0.000000,130,170,200,210,240,260,300,320,340,340,340,959,0,110,167.8021487133683,84.29437500308268,5238.547250017291,81.21689259645464
1777169256,16,GET,trips_per_route,0.800000,0.300000,200,240,310,310,310,310,310,310,310,310,310,92,63,200,211.52667345703102,94.0270829887595,396.0068750020582,129.82608695652175
1777169256,16,,Aggregated,27.100000,14.500000,190,210,220,240,280,320,340,370,470,470,470,2205,1185,190,196.6957484332891,82.96270901337266,5238.547250017291,120.90657596371882
1777169257,16,GET,bulk_update_departures,1.000000,0.700000,210,220,260,320,330,330,330,330,330,330,330,92,60,200,196.8981789247229,91.06408298248425,365.75658299261704,135.45652173913044
1777169257,16,GET,large_scan,3.100000,3.100000,190,200,250,250,270,280,290,290,290,290,290,218,218,190,210.63402850768816,82.96270901337266,2681.880666001234,140.95871559633028
1777169257,16,GET,next_departures,10.900000,10.900000,200,210,230,250,290,330,360,370,450,450,450,859,859,200,223.40478473280615,87.50945801148191,3266.949957993347,158.17811408614668
1777169257,16,GET,point_read,11.400000,0.000000,110,130,150,180,210,230,290,300,340,340,340,976,0,110,166.80352009754017,84.29437500308268,5238.547250017291,81.21209016393442
1777169257,16,GET,trips_per_route,0.800000,0.300000,200,240,310,310,310,310,310,310,310,310,310,92,63,200,211.52667345703102,94.0270829887595,396.0068750020582,129.82608695652175
1777169257,16,,Aggregated,27.200000,15.000000,180,200,210,220,270,300,340,360,450,450,450,2237,1200,190,195.88656698009703,82.96270901337266,5238.547250017291,120.81940098345999
1777169258,16,GET,bulk_update_departures,1.200000,0.900000,210,210,260,260,330,330,330,330,330,330,330,92,60,200,196.8981789247229,91.06408298248425,365.75658299261704,135.45652173913044
1777169258,16,GET,large_scan,2.900000,2.900000,190,200,200,210,270,280,290,290,290,290,290,223,223,190,210.10952300771615,82.96270901337266,2681.880666001234,140.91928251121075
1777169258,16,GET,next_departures,10.900000,10.900000,200,210,230,240,280,330,360,380,450,450,450,868,868,200,223.7523620892402,87.50945801148191,3266.949957993347,158.17972350230414
1777169258,16,GET,point_read,11.600000,0.000000,110,120,140,150,200,230,280,280,340,340,340,989,0,110,166.67256668070308,84.29437500308268,5238.547250017291,81.21334681496461
1777169258,16,GET,trips_per_route,0.800000,0.400000,200,200,310,310,310,310,310,310,310,310,310,92,63,200,211.52667345703102,94.0270829887595,396.0068750020582,129.82608695652175
1777169258,16,,Aggregated,27.400000,15.100000,180,190,210,210,260,300,330,360,450,450,450,2264,1214,190,195.88592261065278,82.96270901337266,5238.547250017291,120.78224381625442
1777169259,16,GET,bulk_update_departures,1.200000,1.000000,210,210,240,260,330,330,330,330,330,330,330,94,62,200,197.3638750326032,91.06408298248425,365.75658299261704,135.7659574468085
1777169259,16,GET,large_scan,2.400000,2.400000,190,200,210,210,270,280,280,280,280,280,280,227,227,190,210.70998515302955,82.96270901337266,2681.880666001234,140.96035242290748
1777169259,16,GET,next_departures,11.500000,11.500000,200,210,220,230,290,330,380,390,450,450,450,872,872,200,224.02156226318533,87.50945801148191,3266.949957993347,158.170871559633
1777169259,16,GET,point_read,11.900000,0.000000,110,120,140,170,220,280,320,320,340,340,340,1000,0,110,167.58027057320578,84.29437500308268,5238.547250017291,81.212
1777169259,16,GET,trips_per_route,0.700000,0.400000,280,280,310,310,310,310,310,310,310,310,310,93,64,200,212.21176836600839,94.0270829887595,396.0068750020582,130.04301075268816
1777169259,16,,Aggregated,27.700000,15.300000,180,190,200,210,270,310,340,380,450,450,450,2286,1225,190,196.43313132438522,82.96270901337266,5238.547250017291,120.73097112860893
1777169260,16,GET,bulk_update_departures,1.000000,0.900000,210,210,240,260,330,330,330,330,330,330,330,94,62,200,197.3638750326032,91.06408298248425,365.75658299261704,135.7659574468085
1777169260,16,GET,large_scan,2.700000,2.700000,190,200,210,210,270,280,290,290,290,290,290,229,229,190,210.86331297260685,82.96270901337266,2681.880666001234,140.80349344978166
1777169260,16,GET,next_departures,11.800000,11.800000,190,210,210,220,260,300,380,390,450,450,450,879,879,200,224.16319776510113,87.50945801148191,3266.949957993347,158.1626848691695
1777169260,16,GET,point_read,12.100000,0.000000,110,130,170,190,270,290,320,320,340,340,340,1012,0,110,168.5075446207646,84.29437500308268,5238.547250017291,81.21047430830039
1777169260,16,GET,trips_per_route,0.600000,0.400000,190,220,220,280,280,280,280,280,280,280,280,94,65,200,212.29107224536028,94.0270829887595,396.0068750020582,130.25531914893617
1777169260,16,,Aggregated,28.200000,15.800000,180,200,210,220,260,290,330,380,450,450,450,2308,1235,190,196.86496954358458,82.96270901337266,5238.547250017291,120.64991334488735
1777169261,16,GET,bulk_update_departures,1.000000,0.900000,190,210,210,210,240,240,240,240,240,240,240,94,62,200,197.3638750326032,91.06408298248425,365.75658299261704,135.7659574468085
1777169261,16,GET,large_scan,2.700000,2.700000,190,200,230,230,270,280,290,290,290,290,290,231,231,200,211.01232000311143,82.96270901337266,2681.880666001234,140.88311688311688
1777169261,16,GET,next_departures,11.500000,11.500000,200,210,220,230,300,400,440,440,450,450,450,892,892,200,225.11201607006117,87.50945801148191,3266.949957993347,158.29596412556054
1777169261,16,GET,point_read,12.000000,0.000000,120,160,200,230,280,320,430,470,470,470,470,1023,0,120,169.68644345481334,84.29437500308268,5238.547250017291,81.21114369501467
1777169261,16,GET,trips_per_route,0.600000,0.400000,210,210,220,220,280,280,280,280,280,280,280,95,65,200,212.31794560076915,94.0270829887595,396.0068750020582,129.8
1777169261,16,,Aggregated,27.800000,15.500000,190,200,220,230,280,340,430,450,470,470,470,2335,1250,190,197.7967473210386,82.96270901337266,5238.547250017291,120.73490364025696
1777169262,16,GET,bulk_update_departures,0.900000,0.900000,210,240,290,290,340,340,340,340,340,340,340,96,64,200,199.78430514644666,91.06408298248425,365.75658299261704,136.0625
1777169262,16,GET,large_scan,2.900000,2.900000,200,230,240,270,280,290,320,320,320,320,320,235,235,200,211.7451448797278,82.96270901337266,2681.880666001234,140.92340425531916
1777169262,16,GET,next_departures,11.200000,11.200000,200,210,240,250,330,400,440,440,450,450,450,900,900,200,225.4298053705457,87.50945801148191,3266.949957993347,158.27777777777777
1777169262,16,GET,point_read,12.000000,0.000000,130,180,210,230,280,320,430,470,470,470,470,1035,0,120,169.68666798289493,84.29437500308268,5238.547250017291,81.20772946859903
1777169262,16,GET,trips_per_route,0.600000,0.500000,210,210,220,220,280,280,280,280,280,280,280,95,65,200,212.31794560076915,94.0270829887595,396.0068750020582,129.8
1777169262,16,,Aggregated,27.600000,15.500000,190,210,230,240,290,340,430,450,470,470,470,2361,1264,190,198.0610475936702,82.96270901337266,5238.547250017291,120.71579839051249
1777169263,16,GET,bulk_update_departures,0.700000,0.700000,210,210,240,290,340,340,340,340,340,340,340,97,65,200,199.77888490761075,91.06408298248425,365.75658299261704,136.20618556701032
1777169263,16,GET,large_scan,2.700000,2.700000,200,230,240,260,280,290,320,320,320,320,320,239,239,190,210.9090254759459,82.96270901337266,2681.880666001234,140.84937238493723
1777169263,16,GET,next_departures,11.100000,11.100000,200,220,240,260,330,410,440,450,450,450,450,908,908,200,224.8452325622189,87.50945801148191,3266.949957993347,158.2874449339207
1777169263,16,GET,point_read,12.600000,0.000000,130,180,200,230,280,320,430,470,470,470,470,1051,0,120,168.69829573677845,84.29437500308268,5238.547250017291,81.20551855375832
1777169263,16,GET,trips_per_route,0.500000,0.400000,220,220,280,280,280,280,280,280,280,280,280,95,65,200,212.31794560076915,94.0270829887595,396.0068750020582,129.8
1777169263,16,,Aggregated,27.600000,14.900000,190,210,230,240,290,340,430,450,470,470,470,2390,1277,190,197.24577144046498,82.96270901337266,5238.547250017291,120.618410041841
1777169264,16,GET,bulk_update_departures,0.800000,0.800000,210,210,240,290,340,340,340,340,340,340,340,98,66,200,199.87096049025777,91.06408298248425,365.75658299261704,136.3469387755102
1777169264,16,GET,large_scan,2.700000,2.700000,190,230,230,260,280,290,320,320,320,320,320,243,243,190,210.15309535698495,82.96270901337266,2681.880666001234,140.88888888888889
1777169264,16,GET,next_departures,11.200000,11.200000,200,230,250,270,330,410,440,450,450,450,450,915,915,200,224.17888925302663,87.50945801148191,3266.949957993347,158.33333333333334
1777169264,16,GET,point_read,12.400000,0.000000,130,180,200,220,280,320,430,470,470,470,470,1065,0,110,167.7490887561968,84.29437500308268,5238.547250017291,81.2056338028169
1777169264,16,GET,trips_per_route,0.400000,0.300000,210,220,220,280,280,280,280,280,280,280,280,96,65,200,211.08116187588166,93.58670801157132,396.0068750020582,129.34375
1777169264,16,,Aggregated,27.500000,15.000000,190,210,230,240,290,340,430,450,470,470,470,2417,1289,190,196.39834962008533,82.96270901337266,5238.547250017291,120.5519238725693
1777169265,16,GET,bulk_update_departures,0.900000,0.900000,210,240,290,290,340,340,340,340,340,340,340,99,67,200,199.7589613134606,91.06408298248425,365.75658299261704,136.4848484848485
1777169265,16,GET,large_scan,2.700000,2.700000,200,210,230,240,270,290,320,320,320,320,320,247,247,190,209.6474477236521,82.96270901337266,2681.880666001234,140.92712550607288
1777169265,16,GET,next_departures,10.800000,10.800000,200,210,240,260,330,400,440,440,440,440,440,929,929,200,223.6153781835082,87.50945801148191,3266.949957993347,158.26157158234662
1777169265,16,GET,point_read,12.400000,0.000000,120,180,200,220,280,320,430,470,470,470,470,1074,0,110,167.2055167070151,84.29437500308268,5238.547250017291,81.20670391061452
1777169265,16,GET,trips_per_route,0.400000,0.300000,210,210,220,220,280,280,280,280,280,280,280,97,66,200,210.890269743161,93.58670801157132,396.0068750020582,129.55670103092783
1777169265,16,,Aggregated,27.200000,14.700000,190,200,230,240,290,330,430,440,470,470,470,2446,1309,190,195.9659951752554,82.96270901337266,5238.547250017291,120.65780866721177
1777169266,16,GET,bulk_update_departures,0.800000,0.800000,210,210,240,290,340,340,340,340,340,340,340,101,68,200,198.88531480221963,91.06408298248425,365.75658299261704,136.33663366336634
1777169266,16,GET,large_scan,3.200000,3.200000,190,210,230,240,270,290,320,320,320,320,320,250,250,190,209.02350551902782,82.96270901337266,2681.880666001234,140.82
1777169266,16,GET,next_departures,10.100000,10.100000,200,230,240,260,330,400,440,440,440,440,440,940,940,200,222.91700341221704,87.50945801148191,3266.949957993347,158.29787234042553
1777169266,16,GET,point_read,13.000000,0.000000,120,180,200,220,280,310,430,470,470,470,470,1089,0,110,166.58287598103985,84.29437500308268,5238.547250017291,81.20844811753902
1777169266,16,GET,trips_per_route,0.400000,0.300000,210,210,220,220,280,280,280,280,280,280,280,97,66,200,210.890269743161,93.58670801157132,396.0068750020582,129.55670103092783
1777169266,16,,Aggregated,27.500000,14.400000,190,210,230,240,290,330,430,440,470,470,470,2477,1324,190,195.29688513956566,82.96270901337266,5238.547250017291,120.62091239402503
1777169267,16,GET,bulk_update_departures,0.900000,0.900000,210,210,240,290,340,340,340,340,340,340,340,102,69,200,198.77091260808382,91.06408298248425,365.75658299261704,136.47058823529412
1777169267,16,GET,large_scan,3.200000,3.200000,190,210,230,260,280,290,320,320,320,320,320,251,251,190,208.7138288716305,82.96270901337266,2681.880666001234,140.74900398406373
1777169267,16,GET,next_departures,9.500000,9.500000,200,220,240,260,330,400,440,440,440,440,440,949,949,200,222.53453248943833,87.50945801148191,3266.949957993347,158.27186512118018
1777169267,16,GET,point_read,12.700000,0.000000,110,180,200,220,280,310,430,470,470,470,470,1106,0,110,165.57506697137558,83.86937499744818,5238.547250017291,81.20886075949367
1777169267,16,GET,trips_per_route,0.600000,0.400000,210,210,220,220,280,280,280,280,280,280,280,98,66,200,210.11897405206787,93.58670801157132,396.0068750020582,129.1122448979592
1777169267,16,,Aggregated,26.900000,14.000000,190,210,230,240,290,330,430,440,470,470,470,2506,1335,190,194.55896208807854,82.96270901337266,5238.547250017291,120.4780526735834
1777169268,16,GET,bulk_update_departures,0.900000,0.900000,210,210,240,290,340,340,340,340,340,340,340,102,69,200,198.77091260808382,91.06408298248425,365.75658299261704,136.47058823529412
1777169268,16,GET,large_scan,3.400000,3.400000,200,220,230,240,270,290,320,320,320,320,320,256,256,190,208.68385256176225,82.96270901337266,2681.880666001234,140.9296875
1777169268,16,GET,next_departures,9.600000,9.600000,190,210,230,240,290,400,440,440,440,440,440,961,961,200,221.7878941629161,87.50945801148191,3266.949957993347,158.2986472424558
1777169268,16,GET,point_read,12.900000,0.000000,110,140,180,200,260,310,430,470,470,470,470,1118,0,110,165.02222461035112,83.86937499744818,5238.547250017291,81.20661896243291
1777169268,16,GET,trips_per_route,0.500000,0.300000,210,210,220,220,280,280,280,280,280,280,280,98,66,200,210.11897405206787,93.58670801157132,396.0068750020582,129.1122448979592
1777169268,16,,Aggregated,27.300000,14.200000,180,200,210,230,280,320,430,440,470,470,470,2535,1352,190,194.05221783190265,82.96270901337266,5238.547250017291,120.53846153846153
1777169269,16,GET,bulk_update_departures,1.000000,0.900000,190,210,210,210,290,340,340,340,340,340,340,105,72,200,198.48729407642082,91.06408298248425,365.75658299261704,136.85714285714286
1777169269,16,GET,large_scan,3.300000,3.300000,200,210,230,240,270,290,320,320,320,320,320,259,259,190,208.15624986796794,82.96270901337266,2681.880666001234,140.93050193050192
1777169269,16,GET,next_departures,9.200000,9.200000,190,210,210,220,260,400,440,440,440,440,440,969,969,200,221.50027627094508,87.50945801148191,3266.949957993347,158.28173374613004
1777169269,16,GET,point_read,13.200000,0.000000,110,120,140,170,210,240,430,470,470,470,470,1133,0,110,164.26886998799023,83.86937499744818,5238.547250017291,81.20653133274493
1777169269,16,GET,trips_per_route,0.500000,0.300000,190,190,210,210,220,220,220,220,220,220,220,99,66,200,209.00508457667786,93.58670801157132,396.0068750020582,128.67676767676767
1777169269,16,,Aggregated,27.200000,13.700000,160,190,200,210,240,320,430,440,470,470,470,2565,1366,190,193.4485518011141,82.96270901337266,5238.547250017291,120.46471734892788
1777169270,16,GET,bulk_update_departures,1.000000,0.900000,200,210,240,240,290,340,340,340,340,340,340,106,73,200,198.9212445283247,91.06408298248425,365.75658299261704,136.9811320754717
1777169270,16,GET,large_scan,3.400000,3.400000,190,200,220,230,260,320,320,320,320,320,320,260,260,190,208.57906653769672,82.96270901337266,2681.880666001234,140.9653846153846
1777169270,16,GET,next_departures,9.200000,9.200000,190,210,230,240,290,330,430,440,440,440,440,981,981,200,222.18956370595544,87.50945801148191,3266.949957993347,158.30784913353722
1777169270,16,GET,point_read,12.700000,0.000000,110,110,130,140,180,210,240,310,310,310,310,1142,0,110,164.59625757828127,83.86937499744818,5238.547250017291,81.20665499124344
1777169270,16,GET,trips_per_route,0.600000,0.300000,190,190,210,210,320,320,320,320,320,320,320,100,67,200,210.10427415079903,93.58670801157132,396.0068750020582,128.89
1777169270,16,,Aggregated,26.900000,13.800000,150,190,200,210,250,310,330,370,440,440,440,2589,1381,190,193.99904394933293,82.96270901337266,5238.547250017291,120.54770181537273
1777169271,16,GET,bulk_update_departures,1.100000,1.000000,190,200,210,210,240,290,290,290,290,290,290,107,73,200,198.49726716823503,91.06408298248425,365.75658299261704,136.7196261682243
1777169271,16,GET,large_scan,3.400000,3.400000,190,200,210,210,280,320,320,320,320,320,320,261,261,190,208.85661672720494,82.96270901337266,2681.880666001234,140.89655172413794
1777169271,16,GET,next_departures,9.700000,9.700000,190,210,220,230,270,310,340,370,370,370,370,989,989,200,222.2591980500641,87.50945801148191,3266.949957993347,158.3417593528817
1777169271,16,GET,point_read,13.000000,0.000000,110,120,160,180,240,270,310,310,310,310,310,1160,0,110,165.71659844510202,83.86937499744818,5238.547250017291,81.20862068965518
1777169271,16,GET,trips_per_route,0.600000,0.300000,190,190,210,210,320,320,320,320,320,320,320,100,67,200,210.10427415079903,93.58670801157132,396.0068750020582,128.89
1777169271,16,,Aggregated,27.800000,14.400000,160,190,210,210,250,290,320,330,370,370,370,2617,1390,190,194.42369623068907,82.96270901337266,5238.547250017291,120.40275124188001
1777169272,16,GET,bulk_update_departures,1.200000,1.100000,190,200,210,210,240,290,290,290,290,290,290,107,73,200,198.49726716823503,91.06408298248425,365.75658299261704,136.7196261682243
1777169272,16,GET,large_scan,3.100000,3.100000,200,200,220,220,280,300,320,320,320,320,320,264,264,200,209.3912503401181,82.96270901337266,2681.880666001234,140.89772727272728
1777169272,16,GET,next_departures,9.700000,9.700000,200,210,230,250,280,320,340,370,370,370,370,997,997,200,222.62005344985,87.50945801148191,3266.949957993347,158.27482447342027
1777169272,16,GET,point_read,13.200000,0.000000,110,120,180,200,250,280,310,310,330,330,330,1166,0,110,166.19662445400084,83.86937499744818,5238.547250017291,81.20754716981132
1777169272,16,GET,trips_per_route,0.700000,0.300000,190,190,300,300,320,320,320,320,320,320,320,101,67,200,211.02187581277352,93.58670801157132,396.0068750020582,128.46534653465346
1777169272,16,,Aggregated,27.900000,14.200000,180,200,210,220,270,310,320,340,370,370,370,2635,1401,190,194.9029087425988,82.96270901337266,5238.547250017291,120.41328273244781
1777169273,16,GET,bulk_update_departures,1.200000,1.100000,190,190,210,210,240,240,240,240,240,240,240,107,73,200,198.49726716823503,91.06408298248425,365.75658299261704,136.7196261682243
1777169273,16,GET,large_scan,3.100000,3.100000,200,220,240,250,300,320,340,340,340,340,340,265,265,200,209.8846935765941,82.96270901337266,2681.880666001234,140.9320754716981
1777169273,16,GET,next_departures,10.100000,10.100000,210,220,250,270,300,340,350,370,370,370,370,1013,1013,200,223.0168530765012,87.50945801148191,3266.949957993347,158.3415597235933
1777169273,16,GET,point_read,12.900000,0.000000,120,160,200,220,270,310,310,310,330,330,330,1177,0,110,166.4203419951946,83.86937499744818,5238.547250017291,81.21155480033984
1777169273,16,GET,trips_per_route,0.600000,0.200000,190,190,300,300,320,320,320,320,320,320,320,101,67,200,211.02187581277352,93.58670801157132,396.0068750020582,128.46534653465346
1777169273,16,,Aggregated,27.900000,14.500000,190,210,220,250,290,320,340,350,370,370,370,2663,1418,190,195.25522926651462,82.96270901337266,5238.547250017291,120.51708599324071
1777169274,16,GET,bulk_update_departures,1.200000,1.000000,190,190,210,210,240,320,320,320,320,320,320,109,74,200,198.63571639470715,91.06408298248425,365.75658299261704,136.58715596330276
1777169274,16,GET,large_scan,3.000000,3.000000,210,250,280,300,320,340,360,360,360,360,360,272,272,200,210.6078119145155,82.96270901337266,2681.880666001234,140.96691176470588
1777169274,16,GET,next_departures,9.900000,9.900000,210,230,260,280,320,340,370,370,370,370,370,1019,1019,200,222.9248745902967,87.50945801148191,3266.949957993347,158.3415112855741
1777169274,16,GET,point_read,13.300000,0.000000,120,170,200,220,270,310,310,320,330,330,330,1188,0,110,166.27208560382593,83.86937499744818,5238.547250017291,81.21464646464646
1777169274,16,GET,trips_per_route,0.500000,0.200000,190,190,300,300,320,320,320,320,320,320,320,101,67,200,211.02187581277352,93.58670801157132,396.0068750020582,128.46534653465346
1777169274,16,,Aggregated,27.900000,14.100000,190,210,230,250,310,320,340,360,370,370,370,2689,1432,190,195.21811539223464,82.96270901337266,5238.547250017291,120.50539233915954
1777169275,16,GET,bulk_update_departures,1.000000,0.800000,190,200,200,200,240,320,320,320,320,320,320,114,78,200,197.7221433156509,91.06408298248425,365.75658299261704,136.80701754385964
1777169275,16,GET,large_scan,2.800000,2.800000,220,250,300,310,320,340,360,360,360,360,360,273,273,200,210.57722591108475,82.96270901337266,2681.880666001234,141.0
1777169275,16,GET,next_departures,10.300000,10.300000,210,230,260,280,320,340,370,370,370,370,370,1030,1030,200,222.2348394015639,87.50945801148191,3266.949957993347,158.3495145631068
1777169275,16,GET,point_read,12.900000,0.000000,120,160,200,220,270,310,310,320,330,330,330,1203,0,110,165.45368172516228,83.86937499744818,5238.547250017291,81.21778886118038
1777169275,16,GET,trips_per_route,0.600000,0.200000,300,300,320,320,320,320,320,320,320,320,320,101,67,200,211.02187581277352,93.58670801157132,396.0068750020582,128.46534653465346
1777169275,16,,Aggregated,27.600000,14.100000,190,210,230,250,310,320,340,360,370,370,370,2721,1448,190,194.51811105026883,82.96270901337266,5238.547250017291,120.49577361264241
1777169276,16,GET,bulk_update_departures,1.100000,0.900000,190,200,200,200,240,320,320,320,320,320,320,116,79,200,196.8829835173453,91.06408298248425,365.75658299261704,136.67241379310346
1777169276,16,GET,large_scan,2.700000,2.700000,210,250,280,310,320,340,360,360,360,360,360,275,275,200,210.1462944172619,82.96270901337266,2681.880666001234,140.96727272727273
1777169276,16,GET,next_departures,10.500000,10.500000,200,230,260,280,320,340,370,370,370,370,370,1040,1040,200,221.71868625824013,87.50945801148191,3266.949957993347,158.34134615384616
1777169276,16,GET,point_read,12.300000,0.000000,120,160,200,220,270,310,310,320,330,330,330,1218,0,110,164.74016860863122,83.86937499744818,5238.547250017291,81.21756978653531
1777169276,16,GET,trips_per_route,0.600000,0.200000,180,300,300,320,320,320,320,320,320,320,320,102,68,200,210.74874427537068,93.58670801157132,396.0068750020582,128.6764705882353
1777169276,16,,Aggregated,27.200000,14.300000,190,210,230,250,310,320,340,360,370,370,370,2751,1462,190,193.8807662823444,82.96270901337266,5238.547250017291,120.44456561250455
1777169277,16,GET,bulk_update_departures,1.500000,1.200000,190,200,200,200,240,320,320,320,320,320,320,119,82,200,196.80940444574364,91.06408298248425,365.75658299261704,137.00840336134453
1777169277,16,GET,large_scan,2.700000,2.700000,220,270,300,310,320,340,360,360,360,360,360,276,276,200,209.70629214033303,82.96270901337266,2681.880666001234,140.90217391304347
1777169277,16,GET,next_departures,10.100000,10.100000,200,230,260,280,320,340,370,370,370,370,370,1049,1049,200,221.17844443045578,87.50945801148191,3266.949957993347,158.36510962821734
1777169277,16,GET,point_read,12.800000,0.000000,120,160,190,220,270,310,310,320,330,330,330,1232,0,110,163.99437370639677,83.86937499744818,5238.547250017291,81.21834415584415
1777169277,16,GET,trips_per_route,0.400000,0.100000,190,200,300,300,320,320,320,320,320,320,320,104,70,200,210.42503003935474,93.58670801157132,396.0068750020582,129.08653846153845
1777169277,16,,Aggregated,27.500000,14.100000,190,210,230,250,310,320,340,360,370,370,370,2780,1477,190,193.25205593442345,82.96270901337266,5238.547250017291,120.43309352517986
1777169278,16,GET,bulk_update_departures,1.500000,1.100000,190,200,200,210,240,320,320,320,320,320,320,120,83,190,196.68002121688914,91.06408298248425,365.75658299261704,137.11666666666667
1777169278,16,GET,large_scan,2.500000,2.500000,220,270,300,310,320,340,360,360,360,360,360,280,280,200,209.49425895274285,82.96270901337266,2681.880666001234,140.93571428571428
1777169278,16,GET,next_departures,9.800000,9.800000,200,230,270,280,320,340,370,370,370,370,370,1057,1057,200,220.86944047454898,87.50945801148191,3266.949957993347,158.32544938505202
1777169278,16,GET,point_read,12.900000,0.000000,120,160,200,220,270,310,310,320,330,330,330,1245,0,110,163.345462410621,83.86937499744818,5238.547250017291,81.21686746987952
1777169278,16,GET,trips_per_route,0.500000,0.200000,190,200,300,300,320,320,320,320,320,320,320,106,71,200,209.13872051048355,93.58670801157132,396.0068750020582,128.88679245283018
1777169278,16,,Aggregated,27.200000,13.600000,190,200,230,250,310,320,340,360,370,370,370,2808,1491,190,192.75384569434735,82.96270901337266,5238.547250017291,120.38568376068376
1777169279,16,GET,bulk_update_departures,1.700000,1.300000,190,200,200,210,240,320,320,320,320,320,320,120,83,190,196.68002121688914,91.06408298248425,365.75658299261704,137.11666666666667
1777169279,16,GET,large_scan,2.500000,2.500000,210,250,300,310,320,340,360,360,360,360,360,282,282,200,209.07645259491755,82.96270901337266,2681.880666001234,140.90425531914894
1777169279,16,GET,next_departures,9.400000,9.400000,200,220,250,260,310,330,350,370,370,370,370,1068,1068,200,220.27291136014748,87.50945801148191,3266.949957993347,158.3567415730337
1777169279,16,GET,point_read,13.000000,0.000000,110,150,190,210,270,310,310,320,330,330,330,1261,0,110,162.6022833665448,83.86937499744818,5238.547250017291,81.21490880253766
1777169279,16,GET,trips_per_route,0.700000,0.400000,190,200,210,300,320,320,320,320,320,320,320,107,72,200,209.13899882351674,93.58670801157132,396.0068750020582,129.0841121495327
1777169279,16,,Aggregated,27.300000,13.600000,180,200,220,240,300,320,340,350,370,370,370,2838,1505,190,192.1183874946301,82.96270901337266,5238.547250017291,120.3446088794926
1777169280,16,GET,bulk_update_departures,1.800000,1.400000,190,200,200,200,210,320,320,320,320,320,320,123,85,200,195.9626477240581,91.06408298248425,365.75658299261704,137.08943089430895
1777169280,16,GET,large_scan,2.300000,2.300000,210,220,280,300,320,340,360,360,360,360,360,284,284,200,208.6715154287497,82.96270901337266,2681.880666001234,140.8732394366197
1777169280,16,GET,next_departures,9.900000,9.900000,190,200,220,230,300,330,350,370,370,370,370,1078,1078,200,219.76713647833526,87.50945801148191,3266.949957993347,158.37198515769944
1777169280,16,GET,point_read,12.800000,0.000000,110,120,150,160,250,300,310,320,330,330,330,1277,0,110,161.87976278404224,83.86937499744818,5238.547250017291,81.21456538762725
1777169280,16,GET,trips_per_route,0.700000,0.500000,190,200,210,210,300,300,300,300,300,300,300,107,72,200,209.13899882351674,93.58670801157132,396.0068750020582,129.0841121495327
1777169280,16,,Aggregated,27.500000,14.100000,150,190,200,210,280,320,340,350,370,370,370,2869,1519,190,191.48602967054993,82.96270901337266,5238.547250017291,120.29208783548275
1777169281,16,GET,bulk_update_departures,1.500000,1.100000,190,200,200,200,210,320,320,320,320,320,320,123,85,200,195.9626477240581,91.06408298248425,365.75658299261704,137.08943089430895
1777169281,16,GET,large_scan,2.300000,2.300000,200,220,270,300,320,340,360,360,360,360,360,287,287,200,208.87884308274946,82.96270901337266,2681.880666001234,140.96864111498257
1777169281,16,GET,next_departures,9.800000,9.800000,190,200,220,230,280,330,350,370,370,370,370,1088,1088,200,220.03044780114365,87.50945801148191,3266.949957993347,158.31801470588235
1777169281,16,GET,point_read,12.500000,0.000000,100,110,120,140,170,220,310,310,320,320,320,1284,0,110,161.89152715591507,83.86937499744818,5238.547250017291,81.21417445482867
1777169281,16,GET,trips_per_route,0.900000,0.600000,190,200,210,210,300,300,300,300,300,300,300,107,72,200,209.13899882351674,93.58670801157132,396.0068750020582,129.0841121495327
1777169281,16,,Aggregated,27.000000,13.800000,140,190,200,210,260,320,330,350,370,370,370,2889,1532,190,191.65502062470188,82.96270901337266,5238.547250017291,120.33956386292834
1777169282,16,GET,bulk_update_departures,1.500000,1.100000,200,200,200,200,280,320,320,320,320,320,320,124,86,200,196.63457899244554,91.06408298248425,365.75658299261704,137.19354838709677
1777169282,16,GET,large_scan,2.300000,2.300000,200,210,220,270,310,320,360,360,360,360,360,288,288,200,208.84000797832414,82.96270901337266,2681.880666001234,141.0
1777169282,16,GET,next_departures,9.800000,9.800000,190,210,210,230,290,340,480,500,500,500,500,1100,1100,200,221.20062340969028,87.50945801148191,3266.949957993347,158.4090909090909
1777169282,16,GET,point_read,13.300000,0.000000,100,120,130,160,220,290,320,370,390,390,390,1300,0,110,163.10169746165718,83.86937499744818,5238.547250017291,81.21461538461539
1777169282,16,GET,trips_per_route,0.700000,0.500000,200,210,300,300,340,340,340,340,340,340,340,108,72,200,210.3873985289721,93.58670801157132,396.0068750020582,128.69444444444446
1777169282,16,,Aggregated,27.600000,13.700000,150,190,200,210,280,320,370,440,500,500,500,2920,1546,190,192.67237725505592,82.96270901337266,5238.547250017291,120.32465753424657
1777169283,16,GET,bulk_update_departures,1.700000,1.200000,200,200,200,200,210,280,280,280,280,280,280,124,86,200,196.63457899244554,91.06408298248425,365.75658299261704,137.19354838709677
1777169283,16,GET,large_scan,2.700000,2.700000,200,200,210,220,270,270,320,320,320,320,320,292,292,200,209.1840341260014,82.96270901337266,2681.880666001234,141.03082191780823
1777169283,16,GET,next_departures,9.900000,9.900000,190,200,220,230,290,340,480,500,500,500,500,1105,1105,200,221.24593597254716,87.50945801148191,3266.949957993347,158.39366515837105
1777169283,16,GET,point_read,13.300000,0.000000,110,120,150,180,230,310,330,370,390,390,390,1309,0,110,163.71332858532605,83.86937499744818,5238.547250017291,81.21313980137509
1777169283,16,GET,trips_per_route,0.700000,0.500000,200,210,250,250,340,340,340,340,340,340,340,109,73,200,210.76323585440576,93.58670801157132,396.0068750020582,128.88990825688074
1777169283,16,,Aggregated,28.300000,14.300000,160,190,200,210,280,320,370,440,500,500,500,2939,1556,190,192.99595945418247,82.96270901337266,5238.547250017291,120.30452534875808
1777169284,16,GET,bulk_update_departures,1.700000,1.300000,190,200,210,210,210,280,280,280,280,280,280,125,86,200,196.7328700243961,91.06408298248425,365.75658299261704,136.968
1777169284,16,GET,large_scan,2.500000,2.500000,200,220,270,270,280,320,390,390,390,390,390,296,296,200,210.31604013773472,82.96270901337266,2681.880666001234,141.0608108108108
1777169284,16,GET,next_departures,9.900000,9.900000,200,210,230,250,280,340,480,500,500,500,500,1116,1116,200,221.3348921761678,87.50945801148191,3266.949957993347,158.42293906810036
1777169284,16,GET,point_read,12.600000,0.000000,110,150,190,210,280,320,380,390,390,390,390,1320,0,110,164.4228525205549,83.86937499744818,5238.547250017291,81.21212121212122
1777169284,16,GET,trips_per_route,0.800000,0.500000,190,200,210,250,340,340,340,340,340,340,340,110,73,200,210.5796674195021,93.58670801157132,396.0068750020582,128.5090909090909
1777169284,16,,Aggregated,27.500000,14.200000,180,200,210,230,280,320,390,440,500,500,500,2967,1571,190,193.48056118830468,82.96270901337266,5238.547250017291,120.32726659925851
1777169285,16,GET,bulk_update_departures,1.700000,1.300000,200,200,210,210,280,340,340,340,340,340,340,127,87,200,197.37123657525774,91.06408298248425,365.75658299261704,136.84251968503938
1777169285,16,GET,large_scan,2.500000,2.500000,210,220,270,280,320,320,390,390,390,390,390,297,297,200,210.69348528875378,82.96270901337266,2681.880666001234,141.0909090909091
1777169285,16,GET,next_departures,9.500000,9.500000,200,230,250,270,310,360,480,500,500,500,500,1125,1125,200,221.54523289113098,87.50945801148191,3266.949957993347,158.44444444444446
1777169285,16,GET,point_read,13.200000,0.000000,120,180,200,220,280,320,380,390,390,390,390,1334,0,110,164.53406527449326,83.86937499744818,5238.547250017291,81.20914542728636
1777169285,16,GET,trips_per_route,0.800000,0.600000,200,210,250,250,340,340,340,340,340,340,340,110,73,200,210.5796674195021,93.58670801157132,396.0068750020582,128.5090909090909
1777169285,16,,Aggregated,27.700000,13.900000,190,210,220,250,310,340,390,440,500,500,500,2993,1582,190,193.62937042120254,82.96270901337266,5238.547250017291,120.28132308720348
1777169286,16,GET,bulk_update_departures,1.600000,1.200000,200,210,270,270,280,340,340,340,340,340,340,131,90,200,197.7858445040601,91.06408298248425,365.75658299261704,136.9236641221374
1777169286,16,GET,large_scan,2.300000,2.300000,210,220,270,280,320,320,390,390,390,390,390,300,300,200,210.53801946235276,82.96270901337266,2681.880666001234,141.09
1777169286,16,GET,next_departures,9.400000,9.400000,200,230,250,270,310,360,480,500,500,500,500,1138,1138,200,221.17202446183438,87.50945801148191,3266.949957993347,158.41388400702988
1777169286,16,GET,point_read,13.300000,0.000000,140,190,210,230,290,320,380,390,390,390,390,1343,0,110,164.3172557961039,83.86937499744818,5238.547250017291,81.20923306031273
1777169286,16,GET,trips_per_route,0.800000,0.600000,190,210,250,250,340,340,340,340,340,340,340,111,74,200,210.34748798319106,93.58670801157132,396.0068750020582,128.7027027027027
1777169286,16,,Aggregated,27.400000,13.500000,190,210,230,260,310,340,390,440,500,500,500,3023,1602,190,193.4474895820731,82.96270901337266,5238.547250017291,120.37347006285147
1777169287,16,GET,bulk_update_departures,1.300000,0.900000,200,210,250,270,280,340,340,340,340,340,340,133,91,200,196.91453763210265,91.06408298248425,365.75658299261704,136.81203007518798
1777169287,16,GET,large_scan,2.300000,2.300000,210,220,270,280,320,320,390,390,390,390,390,303,303,200,210.04342438513643,82.96270901337266,2681.880666001234,141.0891089108911
1777169287,16,GET,next_departures,9.800000,9.800000,200,220,250,270,310,360,480,500,500,500,500,1152,1152,200,220.44235413507826,87.50945801148191,3266.949957993347,158.42013888888889
1777169287,16,GET,point_read,13.100000,0.000000,140,190,210,230,290,320,380,390,390,390,390,1351,0,110,163.93022788245196,83.86937499744818,5238.547250017291,81.21095484826054
1777169287,16,GET,trips_per_route,0.900000,0.600000,190,210,250,250,340,340,340,340,340,340,340,112,75,200,210.16890587634407,93.58670801157132,396.0068750020582,128.89285714285714
1777169287,16,,Aggregated,27.400000,13.600000,190,210,230,260,310,340,390,440,500,500,500,3051,1621,190,192.9829689887641,82.96270901337266,5238.547250017291,120.48443133398885
1777169288,16,GET,bulk_update_departures,1.500000,1.100000,200,210,250,270,280,340,340,340,340,340,340,135,92,200,196.33692720046923,91.06408298248425,365.75658299261704,136.6962962962963
1777169288,16,GET,large_scan,2.400000,2.400000,200,220,270,280,320,320,390,390,390,390,390,306,306,200,209.58847605457433,82.96270901337266,2681.880666001234,141.08823529411765
1777169288,16,GET,next_departures,9.700000,9.700000,200,230,250,270,310,360,480,500,500,500,500,1163,1163,200,220.11470554569883,87.50945801148191,3266.949957993347,158.3834909716251
1777169288,16,GET,point_read,12.700000,0.000000,130,190,210,230,290,320,380,390,390,390,390,1365,0,110,163.4114648601818,83.86937499744818,5238.547250017291,81.21172161172161
1777169288,16,GET,trips_per_route,0.800000,0.500000,200,210,250,250,340,340,340,340,340,340,340,113,76,200,210.06435766508102,93.58670801157132,396.0068750020582,129.0796460176991
1777169288,16,,Aggregated,27.100000,13.700000,190,210,230,260,310,340,390,440,500,500,500,3082,1637,190,192.54603612742153,82.96270901337266,5238.547250017291,120.46301103179754
1777169289,16,GET,bulk_update_departures,1.300000,0.900000,200,210,250,270,280,340,340,340,340,340,340,135,92,200,196.33692720046923,91.06408298248425,365.75658299261704,136.6962962962963
1777169289,16,GET,large_scan,2.600000,2.600000,200,210,270,280,320,320,390,390,390,390,390,310,310,200,209.04816157971283,82.96270901337266,2681.880666001234,141.11612903225807
1777169289,16,GET,next_departures,10.400000,10.400000,200,230,250,270,310,360,480,500,500,500,500,1171,1171,200,219.65416155052753,87.28470801725052,3266.949957993347,158.39026473099915
1777169289,16,GET,point_read,11.800000,0.000000,140,190,210,230,290,320,380,390,390,390,390,1382,0,110,162.5807707091573,83.86937499744818,5238.547250017291,81.21345875542691
1777169289,16,GET,trips_per_route,0.800000,0.500000,190,200,250,250,340,340,340,340,340,340,340,114,76,200,209.22567872070144,93.58670801157132,396.0068750020582,128.71052631578948
1777169289,16,,Aggregated,26.900000,14.400000,190,210,230,260,310,340,390,440,500,500,500,3112,1649,190,191.85854464384877,82.96270901337266,5238.547250017291,120.36793059125964
1777169290,16,GET,bulk_update_departures,1.400000,0.900000,200,210,250,270,280,340,340,340,340,340,340,136,93,200,196.29419214021146,91.06408298248425,365.75658299261704,136.7941176470588
1777169290,16,GET,large_scan,2.600000,2.600000,200,210,280,280,320,320,390,390,390,390,390,311,311,200,208.97975457460512,82.96270901337266,2681.880666001234,141.14469453376205
1777169290,16,GET,next_departures,10.500000,10.500000,200,220,240,260,310,360,480,500,500,500,500,1182,1182,200,219.24944297173087,87.28470801725052,3266.949957993347,158.3544839255499
1777169290,16,GET,point_read,11.800000,0.000000,130,190,210,230,290,320,380,390,390,390,390,1394,0,110,162.0555752884564,83.86937499744818,5238.547250017291,81.21449067431851
1777169290,16,GET,trips_per_route,0.800000,0.500000,190,200,200,250,340,340,340,340,340,340,340,117,77,200,207.25611572772758,93.58670801157132,396.0068750020582,128.17094017094018
1777169290,16,,Aggregated,27.100000,14.500000,190,200,230,250,310,340,390,440,500,500,500,3140,1663,190,191.39999773522587,82.96270901337266,5238.547250017291,120.34522292993631
1777169291,16,GET,bulk_update_departures,1.500000,0.900000,200,210,250,270,280,340,340,340,340,340,340,137,94,200,196.27801160647596,91.06408298248425,365.75658299261704,136.8905109489051
1777169291,16,GET,large_scan,2.800000,2.800000,190,210,270,280,320,320,390,390,390,390,390,314,314,200,208.4661142696303,82.96270901337266,2681.880666001234,141.14331210191082
1777169291,16,GET,next_departures,10.200000,10.200000,190,200,210,230,280,310,360,360,360,360,360,1191,1191,200,218.74687497361444,87.28470801725052,3266.949957993347,158.37531486146096
1777169291,16,GET,point_read,12.600000,0.000000,110,160,190,200,260,310,330,380,390,390,390,1408,0,110,161.46678754977404,83.86937499744818,5238.547250017291,81.21448863636364
1777169291,16,GET,trips_per_route,0.600000,0.400000,190,190,200,200,250,250,250,250,250,250,250,118,77,190,206.56619278094493,93.58670801157132,396.0068750020582,127.82203389830508
1777169291,16,,Aggregated,27.700000,14.300000,190,200,210,220,270,310,340,380,390,390,390,3168,1676,190,190.844704287424,82.96270901337266,5238.547250017291,120.30650252525253
1777169292,16,GET,bulk_update_departures,1.500000,0.900000,200,210,250,250,270,340,340,340,340,340,340,138,95,200,196.64907824683368,91.06408298248425,365.75658299261704,136.9855072463768
1777169292,16,GET,large_scan,2.700000,2.700000,190,200,270,280,310,320,390,390,390,390,390,317,317,200,208.55897793585615,82.96270901337266,2681.880666001234,141.22712933753942
1777169292,16,GET,next_departures,10.500000,10.500000,190,200,210,230,280,300,360,360,360,360,360,1200,1200,200,218.5952836554255,87.28470801725052,3266.949957993347,158.39583333333334
1777169292,16,GET,point_read,11.500000,0.000000,110,130,180,190,230,270,320,380,390,390,390,1423,0,110,161.37186041530006,83.86937499744818,5238.547250017291,81.21293042867183
1777169292,16,GET,trips_per_route,0.700000,0.400000,190,200,200,200,230,250,250,250,250,250,250,119,77,200,206.74292470706126,93.58670801157132,396.0068750020582,127.47899159663865
1777169292,16,,Aggregated,26.900000,14.500000,180,190,200,210,260,290,340,380,390,390,390,3197,1689,190,190.74121820498976,82.96270901337266,5238.547250017291,120.26399749765405
1777169293,16,GET,bulk_update_departures,1.400000,0.900000,200,210,250,250,270,340,340,340,340,340,340,138,95,200,196.64907824683368,91.06408298248425,365.75658299261704,136.9855072463768
1777169293,16,GET,large_scan,2.500000,2.500000,190,200,200,280,280,310,320,320,320,320,320,318,318,200,208.49876809960784,82.96270901337266,2681.880666001234,141.16981132075472
1777169293,16,GET,next_departures,10.100000,10.100000,190,200,210,230,290,340,360,460,460,460,460,1208,1208,200,219.0926785749269,87.28470801725052,3266.949957993347,158.4023178807947
1777169293,16,GET,point_read,12.100000,0.000000,110,130,170,190,230,260,290,300,300,300,300,1439,0,110,162.16519761915836,83.86937499744818,5238.547250017291,81.21403752605977
1777169293,16,GET,trips_per_route,1.000000,0.500000,190,200,200,200,230,280,280,280,280,280,280,120,77,200,207.34727985109203,93.58670801157132,396.0068750020582,127.13333333333334
1777169293,16,,Aggregated,27.100000,14.000000,180,190,200,210,270,290,340,360,460,460,460,3223,1698,190,191.23224627004345,82.96270901337266,5238.547250017291,120.15792739683525
1777169294,16,GET,bulk_update_departures,1.400000,0.900000,190,200,210,250,250,270,270,270,270,270,270,140,97,190,196.46138635788313,91.06408298248425,365.75658299261704,137.17142857142858
1777169294,16,GET,large_scan,2.900000,2.900000,190,200,200,220,280,310,320,320,320,320,320,322,322,200,208.71310418221148,82.96270901337266,2681.880666001234,141.19565217391303
1777169294,16,GET,next_departures,10.100000,10.100000,190,200,200,210,250,290,350,460,460,460,460,1212,1212,200,219.05879841376577,87.28470801725052,3266.949957993347,158.43646864686468
1777169294,16,GET,point_read,12.500000,0.000000,110,140,190,230,260,280,300,340,340,340,340,1451,0,110,162.8991330110397,83.86937499744818,5238.547250017291,81.21364576154376
1777169294,16,GET,trips_per_route,1.000000,0.500000,190,200,230,240,280,280,280,280,280,280,280,122,78,200,208.23906316516394,93.58670801157132,396.0068750020582,126.98360655737704
1777169294,16,,Aggregated,27.900000,14.400000,180,190,200,220,260,280,310,340,460,460,460,3247,1709,190,191.55567755448982,82.96270901337266,5238.547250017291,120.11918694179242
1777169295,16,GET,bulk_update_departures,1.400000,0.900000,190,190,250,250,290,330,330,330,330,330,330,142,98,200,198.0493861979405,91.06408298248425,365.75658299261704,137.05633802816902
1777169295,16,GET,large_scan,2.700000,2.700000,190,190,200,200,220,270,280,280,280,280,280,323,323,200,208.59986533951115,82.96270901337266,2681.880666001234,141.13931888544892
1777169295,16,GET,next_departures,10.300000,10.300000,190,200,200,230,290,320,390,460,460,460,460,1221,1221,200,219.41724000863343,87.28470801725052,3266.949957993347,158.43570843570845
1777169295,16,GET,point_read,12.500000,0.000000,110,160,190,230,270,290,300,340,340,340,340,1464,0,110,163.24001864071403,83.86937499744818,5238.547250017291,81.21311475409836
1777169295,16,GET,trips_per_route,1.000000,0.400000,200,240,260,280,280,320,320,320,320,320,320,124,80,200,209.60930206567883,93.58670801157132,396.0068750020582,127.35483870967742
1777169295,16,,Aggregated,27.900000,14.300000,180,190,200,230,270,300,340,350,460,460,460,3274,1722,190,191.93163107558357,82.96270901337266,5238.547250017291,120.094074526573
1777169296,16,GET,bulk_update_departures,1.600000,1.100000,190,210,250,250,290,330,330,330,330,330,330,143,98,200,197.67514719661176,91.06408298248425,365.75658299261704,136.84615384615384
1777169296,16,GET,large_scan,2.800000,2.800000,190,190,200,220,280,340,340,340,340,340,340,326,326,200,209.30814571981105,82.96270901337266,2681.880666001234,141.13803680981596
1777169296,16,GET,next_departures,9.800000,9.800000,190,200,240,250,290,320,390,460,460,460,460,1228,1228,200,219.552629248037,87.28470801725052,3266.949957993347,158.40798045602605
1777169296,16,GET,point_read,12.400000,0.000000,120,170,200,230,270,290,300,340,340,340,340,1474,0,110,163.27738517502735,83.86937499744818,5238.547250017291,81.21099050203527
1777169296,16,GET,trips_per_route,1.100000,0.400000,230,260,280,280,310,320,320,320,320,320,320,125,81,200,210.4474086491391,93.58670801157132,396.0068750020582,127.536
1777169296,16,,Aggregated,27.700000,14.100000,180,200,230,250,280,320,340,350,460,460,460,3296,1733,190,192.07810136513834,82.96270901337266,5238.547250017291,120.07038834951456
1777169297,16,GET,bulk_update_departures,1.500000,1.100000,190,190,250,250,290,330,330,330,330,330,330,146,100,190,196.77410992552137,91.06408298248425,365.75658299261704,136.83561643835617
1777169297,16,GET,large_scan,2.600000,2.600000,190,200,220,220,280,340,340,340,340,340,340,328,328,200,209.2355809349456,82.96270901337266,2681.880666001234,141.1920731707317
1777169297,16,GET,next_departures,9.400000,9.400000,190,200,240,250,290,320,390,460,460,460,460,1240,1240,200,218.97821395128454,87.28470801725052,3266.949957993347,158.40725806451613
1777169297,16,GET,point_read,12.600000,0.000000,120,170,200,230,260,290,300,340,340,340,340,1489,0,110,162.7644107333543,83.86937499744818,5238.547250017291,81.21087978509067
1777169297,16,GET,trips_per_route,1.200000,0.500000,230,260,280,280,310,320,320,320,320,320,320,126,81,200,209.89953404078113,93.58670801157132,396.0068750020582,127.21428571428571
1777169297,16,,Aggregated,27.300000,13.600000,180,190,230,250,280,310,340,350,460,460,460,3329,1749,190,191.55747214373207,82.96270901337266,5238.547250017291,120.05587263442476
1777169298,16,GET,bulk_update_departures,1.200000,0.800000,190,190,250,250,290,330,330,330,330,330,330,146,100,190,196.77410992552137,91.06408298248425,365.75658299261704,136.83561643835617
1777169298,16,GET,large_scan,2.500000,2.500000,190,200,220,220,280,340,340,340,340,340,340,331,331,200,209.07867713182463,82.96270901337266,2681.880666001234,141.27190332326285
1777169298,16,GET,next_departures,9.200000,9.200000,190,200,230,250,290,320,390,460,460,460,460,1249,1249,200,218.56056309017217,87.28470801725052,3266.949957993347,158.4267413931145
1777169298,16,GET,point_read,13.100000,0.000000,120,170,210,230,270,290,300,340,340,340,340,1504,0,110,162.2239871987713,83.86937499744818,5238.547250017291,81.20811170212765
1777169298,16,GET,trips_per_route,1.500000,0.800000,230,260,280,280,310,320,320,320,320,320,320,127,81,200,209.09283954446667,93.58670801157132,396.0068750020582,126.88976377952756
1777169298,16,,Aggregated,27.500000,13.300000,180,200,220,250,280,320,340,350,460,460,460,3357,1761,190,191.08009319287592,82.96270901337266,5238.547250017291,120.00774501042598
1777169299,16,GET,bulk_update_departures,1.100000,0.700000,190,210,250,250,290,330,330,330,330,330,330,147,101,190,196.8319578172297,91.06408298248425,365.75658299261704,136.9251700680272
1777169299,16,GET,large_scan,2.600000,2.600000,190,200,220,230,280,340,340,340,340,340,340,335,335,200,208.7324508855036,82.96270901337266,2681.880666001234,141.2955223880597
1777169299,16,GET,next_departures,8.500000,8.500000,190,200,230,250,290,320,390,460,460,460,460,1263,1263,200,217.9986501454268,87.28470801725052,3266.949957993347,158.41250989707046
1777169299,16,GET,point_read,13.900000,0.000000,120,170,200,230,270,290,300,340,340,340,340,1515,0,110,161.7769790138464,83.86937499744818,5238.547250017291,81.20792079207921
1777169299,16,GET,trips_per_route,1.400000,0.600000,230,260,280,280,310,320,320,320,320,320,320,128,81,200,208.3632971730367,93.58670801157132,396.0068750020582,126.578125
1777169299,16,,Aggregated,27.500000,12.400000,180,200,220,240,280,310,340,350,460,460,460,3388,1780,190,190.65955998334607,82.96270901337266,5238.547250017291,120.06168831168831
1777169300,16,GET,bulk_update_departures,1.200000,0.800000,190,190,250,250,290,330,330,330,330,330,330,149,102,190,196.11696928959097,91.06408298248425,365.75658299261704,136.8255033557047
1777169300,16,GET,large_scan,2.600000,2.600000,190,200,220,230,280,340,340,340,340,340,340,337,337,200,208.60781195747614,82.96270901337266,2681.880666001234,141.34718100890208
1777169300,16,GET,next_departures,8.400000,8.400000,190,200,220,250,290,320,390,460,460,460,460,1275,1275,200,217.4666351699453,87.28470801725052,3266.949957993347,158.41176470588235
1777169300,16,GET,point_read,13.900000,0.000000,120,170,210,230,270,290,300,340,340,340,340,1523,0,110,161.47346424164897,83.86937499744818,5238.547250017291,81.20945502298096
1777169300,16,GET,trips_per_route,1.300000,0.500000,230,260,280,280,310,320,320,320,320,320,320,131,84,200,208.10773058102168,93.58670801157132,396.0068750020582,127.1145038167939
1777169300,16,,Aggregated,27.400000,12.300000,190,200,230,250,280,320,340,350,460,460,460,3415,1798,190,190.33043034894408,82.96270901337266,5238.547250017291,120.15519765739386
1777169301,16,GET,bulk_update_departures,1.200000,0.900000,180,190,210,250,290,330,330,330,330,330,330,151,103,190,195.5048008288013,91.06408298248425,365.75658299261704,136.72185430463577
1777169301,16,GET,large_scan,2.400000,2.400000,190,210,220,220,280,340,340,340,340,340,340,338,338,200,208.61009172979846,82.96270901337266,2681.880666001234,141.37278106508876
1777169301,16,GET,next_departures,8.900000,8.900000,190,200,220,250,290,320,390,460,460,460,460,1286,1286,200,217.1040547283929,87.28470801725052,3266.949957993347,158.39813374805598
1777169301,16,GET,point_read,13.400000,0.000000,120,170,210,230,270,290,300,340,340,340,340,1537,0,110,160.9806753949504,83.86937499744818,5238.547250017291,81.21080026024724
1777169301,16,GET,trips_per_route,1.400000,0.500000,230,240,280,280,310,320,320,320,320,320,320,133,86,200,208.34616414372832,93.58670801157132,396.0068750020582,127.45864661654136
1777169301,16,,Aggregated,27.300000,12.700000,190,200,220,240,280,310,340,350,460,460,460,3445,1813,190,189.94617945535234,82.96270901337266,5238.547250017291,120.14571843251089
1777169302,16,GET,bulk_update_departures,1.100000,0.800000,180,190,200,210,290,330,330,330,330,330,330,152,104,190,195.53659627088467,91.06408298248425,365.75658299261704,136.80921052631578
1777169302,16,GET,large_scan,2.600000,2.600000,190,210,220,220,270,340,340,340,340,340,340,338,338,200,208.61009172979846,82.96270901337266,2681.880666001234,141.37278106508876
1777169302,16,GET,next_departures,8.800000,8.800000,190,200,200,210,260,320,340,390,390,390,390,1299,1299,200,216.49044043934487,87.28470801725052,3266.949957993347,158.4103156274057
1777169302,16,GET,point_read,13.400000,0.000000,110,150,170,200,250,280,290,340,340,340,340,1553,0,110,160.4540204694781,83.86937499744818,5238.547250017291,81.20927237604636
1777169302,16,GET,trips_per_route,1.600000,0.700000,220,240,280,280,310,320,320,320,320,320,320,134,87,200,208.40890701589132,93.58670801157132,396.0068750020582,127.6268656716418
1777169302,16,,Aggregated,27.500000,12.900000,180,190,200,210,270,290,340,340,390,390,390,3476,1828,190,189.46051297404608,82.96270901337266,5238.547250017291,120.13060989643269
1777169303,16,GET,bulk_update_departures,1.200000,0.800000,190,200,210,220,290,330,330,330,330,330,330,154,106,190,195.6600790596552,91.06408298248425,365.75658299261704,136.9805194805195
1777169303,16,GET,large_scan,2.600000,2.600000,190,200,210,220,340,340,340,340,340,340,340,340,340,190,207.9831524638233,82.96270901337266,2681.880666001234,141.26470588235293
1777169303,16,GET,next_departures,9.300000,9.300000,190,200,200,210,250,280,320,340,390,390,390,1309,1309,200,216.1984629837463,87.28470801725052,3266.949957993347,158.4033613445378
1777169303,16,GET,point_read,12.700000,0.000000,110,130,150,170,210,260,290,340,340,340,340,1567,0,110,160.07773300776068,83.86937499744818,5238.547250017291,81.20931716656031
1777169303,16,GET,trips_per_route,1.600000,0.900000,220,240,260,280,310,320,320,320,320,320,320,134,87,200,208.40890701589132,93.58670801157132,396.0068750020582,127.6268656716418
1777169303,16,,Aggregated,27.400000,13.600000,160,190,200,210,240,290,340,340,390,390,390,3504,1842,190,189.1033998920951,82.96270901337266,5238.547250017291,120.10045662100457
1777169304,16,GET,bulk_update_departures,1.400000,0.900000,190,200,210,220,230,290,290,290,290,290,290,155,107,190,195.87804817542013,91.06408298248425,365.75658299261704,137.06451612903226
1777169304,16,GET,large_scan,2.100000,2.100000,190,200,210,230,340,340,340,340,340,340,340,341,341,200,208.20244527181208,82.96270901337266,2681.880666001234,141.29032258064515
1777169304,16,GET,next_departures,9.500000,9.500000,190,200,210,220,250,280,320,320,340,340,340,1325,1325,200,216.48841339905906,87.28470801725052,3266.949957993347,158.37735849056602
1777169304,16,GET,point_read,12.800000,0.000000,110,120,140,160,180,220,270,290,300,300,300,1575,0,110,160.27677648200003,83.86937499744818,5238.547250017291,81.2088888888889
1777169304,16,GET,trips_per_route,1.500000,0.900000,210,240,260,260,310,320,320,320,320,320,320,136,87,200,208.6290719859843,93.58670801157132,396.0068750020582,127.0220588235294
1777169304,16,,Aggregated,27.300000,13.400000,160,190,200,210,240,280,320,340,340,340,340,3532,1860,190,189.41527627629534,82.96270901337266,5238.547250017291,120.17383918459797
1777169305,16,GET,bulk_update_departures,1.600000,1.100000,190,200,220,220,240,330,330,330,330,330,330,158,109,190,196.89879357067667,91.06408298248425,365.75658299261704,137.04430379746836
1777169305,16,GET,large_scan,2.100000,2.100000,190,200,210,230,340,340,340,340,340,340,340,342,342,190,208.03656604585893,82.96270901337266,2681.880666001234,141.23684210526315
1777169305,16,GET,next_departures,9.900000,9.900000,190,200,210,220,250,270,320,320,330,330,330,1333,1333,200,216.59727266449752,87.28470801725052,3266.949957993347,158.3458364591148
1777169305,16,GET,point_read,12.800000,0.000000,110,120,130,140,180,210,300,310,320,320,320,1580,0,110,160.52784440956813,83.86937499744818,5238.547250017291,81.20822784810126
1777169305,16,GET,trips_per_route,1.500000,1.000000,210,220,240,240,260,350,350,350,350,350,350,139,90,200,209.79608182829685,93.58670801157132,396.0068750020582,127.5179856115108
1777169305,16,,Aggregated,27.900000,14.100000,160,190,200,210,230,270,320,340,350,350,350,3552,1874,190,189.68984486905316,82.96270901337266,5238.547250017291,120.23226351351352
1777169306,16,GET,bulk_update_departures,1.500000,1.000000,190,200,220,230,240,330,330,330,330,330,330,158,109,190,196.89879357067667,91.06408298248425,365.75658299261704,137.04430379746836
1777169306,16,GET,large_scan,2.000000,2.000000,190,200,210,220,280,310,310,310,310,310,310,345,345,200,208.33075580775966,82.96270901337266,2681.880666001234,141.31304347826088
1777169306,16,GET,next_departures,10.700000,10.700000,190,200,210,220,250,270,320,330,330,330,330,1342,1342,200,216.73816884258446,87.28470801725052,3266.949957993347,158.38301043219076
1777169306,16,GET,point_read,13.000000,0.000000,110,130,180,200,270,300,320,330,330,330,330,1599,0,110,161.60752178431375,83.86937499744818,5238.547250017291,81.20888055034396
1777169306,16,GET,trips_per_route,1.400000,1.000000,210,220,240,240,260,350,350,350,350,350,350,139,90,200,209.79608182829685,93.58670801157132,396.0068750020582,127.5179856115108
1777169306,16,,Aggregated,28.600000,14.700000,190,200,210,220,250,290,330,330,350,350,350,3583,1886,190,190.18108440743603,82.96270901337266,5238.547250017291,120.16020094892548
1777169307,16,GET,bulk_update_departures,1.500000,1.000000,190,210,220,230,240,330,330,330,330,330,330,159,109,190,196.85095734692928,91.06408298248425,365.75658299261704,136.86163522012578
1777169307,16,GET,large_scan,1.900000,1.900000,190,200,220,220,280,310,310,310,310,310,310,346,346,200,208.21943425923664,82.96270901337266,2681.880666001234,141.2601156069364
1777169307,16,GET,next_departures,11.400000,11.400000,200,210,220,230,260,290,320,330,330,330,330,1351,1351,200,216.75384092359403,87.28470801725052,3266.949957993347,158.41968911917098
1777169307,16,GET,point_read,12.000000,0.000000,120,160,200,220,280,300,330,330,330,330,330,1610,0,110,161.9226056161938,83.86937499744818,5238.547250017291,81.20683229813665
1777169307,16,GET,trips_per_route,1.600000,1.100000,210,220,240,240,260,350,350,350,350,350,350,139,90,200,209.79608182829685,93.58670801157132,396.0068750020582,127.5179856115108
1777169307,16,,Aggregated,28.400000,15.400000,190,200,220,230,270,300,330,330,350,350,350,3605,1896,190,190.30089208761123,82.96270901337266,5238.547250017291,120.14701803051318
1777169308,16,GET,bulk_update_departures,1.600000,1.100000,190,210,220,230,240,330,330,330,330,330,330,160,110,190,196.82441646982625,91.06408298248425,365.75658299261704,136.94375
1777169308,16,GET,large_scan,2.200000,2.200000,190,210,270,270,290,310,310,310,310,310,310,349,349,200,208.28854525978824,82.96270901337266,2681.880666001234,141.25787965616047
1777169308,16,GET,next_departures,11.500000,11.500000,200,210,230,240,270,290,320,330,330,330,330,1361,1361,200,216.65657026366304,87.28470801725052,3266.949957993347,158.41293166789126
1777169308,16,GET,point_read,11.700000,0.000000,130,180,200,220,280,300,330,330,330,330,330,1624,0,110,161.7488543202414,83.86937499744818,5238.547250017291,81.20997536945812
1777169308,16,GET,trips_per_route,1.400000,0.900000,210,220,240,240,260,350,350,350,350,350,350,140,90,200,208.99776844390934,93.58670801157132,396.0068750020582,127.21428571428571
1777169308,16,,Aggregated,28.400000,15.700000,190,200,220,230,270,300,330,330,350,350,350,3634,1910,190,190.14695323552644,82.96270901337266,5238.547250017291,120.1169510181618
1777169309,16,GET,bulk_update_departures,1.500000,1.100000,190,190,220,230,240,330,330,330,330,330,330,162,112,190,196.74886297614222,91.06408298248425,365.75658299261704,137.10493827160494
1777169309,16,GET,large_scan,1.800000,1.800000,190,210,270,270,290,310,310,310,310,310,310,352,352,190,207.2786319933419,82.96270901337266,2681.880666001234,141.10227272727272
1777169309,16,GET,next_departures,11.500000,11.500000,200,220,230,250,270,290,320,330,330,330,330,1371,1371,200,216.35061035360354,87.28470801725052,3266.949957993347,158.38803792851934
1777169309,16,GET,point_read,11.700000,0.000000,130,170,200,220,280,300,330,330,330,330,330,1638,0,110,161.20213329127077,83.86937499744818,5238.547250017291,81.20879120879121
1777169309,16,GET,trips_per_route,1.300000,0.900000,210,240,240,240,260,350,350,350,350,350,350,141,91,200,208.8660100435323,93.58670801157132,396.0068750020582,127.37588652482269
1777169309,16,,Aggregated,27.800000,15.300000,190,200,220,230,270,300,330,330,350,350,350,3664,1926,190,189.67010993608662,82.96270901337266,5238.547250017291,120.08979257641921
1777169310,16,GET,bulk_update_departures,1.300000,0.900000,190,200,230,230,270,330,330,330,330,330,330,165,115,190,197.05246850375482,91.06408298248425,365.75658299261704,137.33939393939394
1777169310,16,GET,large_scan,1.700000,1.700000,200,200,220,270,290,310,310,310,310,310,310,355,355,200,207.2054322864729,82.96270901337266,2681.880666001234,141.1774647887324
1777169310,16,GET,next_departures,11.200000,11.200000,200,220,230,250,270,290,320,330,330,330,330,1383,1383,200,215.974653473468,87.28470801725052,3266.949957993347,158.38756326825742
1777169310,16,GET,point_read,12.200000,0.000000,130,170,200,220,280,300,330,330,330,330,330,1649,0,110,160.89424494488532,83.86937499744818,5238.547250017291,81.2080048514251
1777169310,16,GET,trips_per_route,1.300000,0.900000,210,220,240,240,260,350,350,350,350,350,350,142,92,200,208.74638820512214,93.58670801157132,396.0068750020582,127.53521126760563
1777169310,16,,Aggregated,27.700000,14.700000,190,200,220,230,270,300,330,330,350,350,350,3694,1945,190,189.42098769839384,82.96270901337266,5238.547250017291,120.15457498646454
1777169311,16,GET,bulk_update_departures,1.400000,1.000000,190,220,230,240,270,330,330,330,330,330,330,165,115,190,197.05246850375482,91.06408298248425,365.75658299261704,137.33939393939394
1777169311,16,GET,large_scan,1.600000,1.600000,200,200,220,270,290,310,310,310,310,310,310,355,355,200,207.2054322864729,82.96270901337266,2681.880666001234,141.1774647887324
1777169311,16,GET,next_departures,11.100000,11.100000,200,220,230,250,270,290,320,330,330,330,330,1395,1395,200,215.6475359948659,87.28470801725052,3266.949957993347,158.38709677419354
1777169311,16,GET,point_read,12.000000,0.000000,130,170,200,220,280,300,330,330,330,330,330,1663,0,110,160.50212762907768,83.86937499744818,5238.547250017291,81.20926037282021
1777169311,16,GET,trips_per_route,1.300000,0.900000,200,220,240,240,260,350,350,350,350,350,350,144,93,200,208.04887181333874,93.58670801157132,396.0068750020582,127.40972222222223
1777169311,16,,Aggregated,27.400000,14.600000,190,200,220,240,270,300,330,330,350,350,350,3722,1958,190,189.08489367703717,82.96270901337266,5238.547250017291,120.13084363245567
1777169312,16,GET,bulk_update_departures,1.600000,1.200000,190,190,230,240,270,330,330,330,330,330,330,167,115,190,195.89380371909934,91.06408298248425,365.75658299261704,136.9880239520958
1777169312,16,GET,large_scan,1.800000,1.800000,190,200,210,220,280,290,310,310,310,310,310,359,359,200,207.04243547540264,82.96270901337266,2681.880666001234,141.27576601671308
1777169312,16,GET,next_departures,11.000000,11.000000,200,230,230,250,270,320,330,330,330,330,330,1403,1403,200,215.31013409114317,87.28470801725052,3266.949957993347,158.4105488239487
1777169312,16,GET,point_read,12.400000,0.000000,120,170,200,220,280,300,330,330,330,330,330,1677,0,110,160.00664507468386,83.86937499744818,5238.547250017291,81.20989862850328
1777169312,16,GET,trips_per_route,1.100000,0.800000,200,210,240,240,260,350,350,350,350,350,350,145,94,200,207.9659008559498,93.58670801157132,396.0068750020582,127.56551724137931
1777169312,16,,Aggregated,27.900000,14.800000,190,200,220,240,270,300,330,330,350,350,350,3751,1971,190,188.6453791258306,82.96270901337266,5238.547250017291,120.10957078112503
1777169313,16,GET,bulk_update_departures,1.600000,1.300000,190,190,200,240,270,330,330,330,330,330,330,168,116,190,195.9132071672121,91.06408298248425,365.75658299261704,137.0654761904762
1777169313,16,GET,large_scan,1.700000,1.700000,190,200,210,220,280,290,310,310,310,310,310,359,359,200,207.04243547540264,82.96270901337266,2681.880666001234,141.27576601671308
1777169313,16,GET,next_departures,11.000000,11.000000,200,220,230,240,270,290,330,330,330,330,330,1415,1415,200,214.98128233558512,87.28470801725052,3266.949957993347,158.3922261484099
1777169313,16,GET,point_read,12.500000,0.000000,120,160,200,200,270,300,330,330,330,330,330,1696,0,110,159.39871730025294,83.86937499744818,5238.547250017291,81.20990566037736
1777169313,16,GET,trips_per_route,0.900000,0.600000,200,200,240,240,260,350,350,350,350,350,350,146,94,200,207.1940844666455,93.58670801157132,396.0068750020582,127.28082191780823
1777169313,16,,Aggregated,27.700000,14.600000,190,200,220,230,270,290,330,330,350,350,350,3784,1984,190,188.16879717705427,82.96270901337266,5238.547250017291,120.02774841437632
1777169314,16,GET,bulk_update_departures,1.300000,1.100000,190,190,190,200,270,330,330,330,330,330,330,169,117,190,195.89974342076627,91.06408298248425,365.75658299261704,137.14201183431953
1777169314,16,GET,large_scan,2.000000,2.000000,190,200,200,210,270,290,310,310,310,310,310,363,363,190,206.03744089165664,82.96270901337266,2681.880666001234,141.1487603305785
1777169314,16,GET,next_departures,10.700000,10.700000,190,210,220,230,260,280,320,330,330,330,330,1425,1425,200,214.6726616995262,87.17870898544788,3266.949957993347,158.3859649122807
1777169314,16,GET,point_read,12.600000,0.000000,110,140,180,200,260,290,330,330,330,330,330,1707,0,110,159.0211896597357,83.86937499744818,5238.547250017291,81.20738137082601
1777169314,16,GET,trips_per_route,1.200000,0.800000,190,200,210,210,350,350,350,350,350,350,350,146,94,200,207.1940844666455,93.58670801157132,396.0068750020582,127.28082191780823
1777169314,16,,Aggregated,27.800000,14.600000,170,190,200,220,260,290,330,330,350,350,350,3810,1999,190,187.79703351309837,82.96270901337266,5238.547250017291,120.03097112860893
1777169315,16,GET,bulk_update_departures,1.400000,1.000000,190,190,190,200,270,330,330,330,330,330,330,170,118,190,195.8659267888459,91.06408298248425,365.75658299261704,137.21764705882353
1777169315,16,GET,large_scan,2.100000,2.100000,190,200,210,220,270,290,310,310,310,310,310,365,365,190,206.0991395031236,82.96270901337266,2681.880666001234,141.12328767123287
1777169315,16,GET,next_departures,10.500000,10.500000,200,200,220,230,250,290,330,350,350,350,350,1435,1435,200,214.66281620756388,87.17870898544788,3266.949957993347,158.37979094076655
1777169315,16,GET,point_read,12.600000,0.000000,110,130,160,180,220,270,330,330,330,330,330,1722,0,110,159.1124544118748,83.86937499744818,5238.547250017291,81.20789779326364
1777169315,16,GET,trips_per_route,1.100000,0.700000,190,200,210,270,350,350,350,350,350,350,350,147,95,200,207.64245492601006,93.58670801157132,396.0068750020582,127.43537414965986
1777169315,16,,Aggregated,27.700000,14.300000,160,190,200,210,240,270,320,330,350,350,350,3839,2013,190,187.8300656686559,82.96270901337266,5238.547250017291,120.00130242250586
1777169316,16,GET,bulk_update_departures,1.300000,0.900000,190,190,190,200,200,270,270,270,270,270,270,171,119,190,195.88452736317447,91.06408298248425,365.75658299261704,137.29239766081872
1777169316,16,GET,large_scan,1.900000,1.900000,190,200,200,210,250,270,290,290,290,290,290,366,366,190,206.22702949078274,82.96270901337266,2681.880666001234,141.14754098360655
1777169316,16,GET,next_departures,10.400000,10.400000,200,200,220,220,260,280,320,350,350,350,350,1443,1443,200,214.7422425564019,87.17870898544788,3266.949957993347,158.38530838530838
1777169316,16,GET,point_read,12.700000,0.000000,110,130,160,170,200,230,250,260,310,310,310,1735,0,110,159.519126752837,83.86937499744818,5238.547250017291,81.20922190201729
1777169316,16,GET,trips_per_route,1.200000,0.700000,190,200,210,210,270,270,270,270,270,270,270,147,95,200,207.64245492601006,93.58670801157132,396.0068750020582,127.43537414965986
1777169316,16,,Aggregated,27.500000,13.900000,160,190,200,200,230,260,290,310,350,350,350,3862,2023,190,188.02111050541504,82.96270901337266,5238.547250017291,119.96841015018126
1777169317,16,GET,bulk_update_departures,1.400000,1.000000,190,190,200,200,200,270,270,270,270,270,270,171,119,190,195.88452736317447,91.06408298248425,365.75658299261704,137.29239766081872
1777169317,16,GET,large_scan,2.200000,2.200000,190,200,200,210,250,260,270,270,270,270,270,369,369,190,206.19262387435933,82.96270901337266,2681.880666001234,141.14634146341464
1777169317,16,GET,next_departures,10.200000,10.200000,200,200,210,220,240,270,320,350,350,350,350,1455,1455,200,214.80399674357514,87.17870898544788,3266.949957993347,158.43642611683848
1777169317,16,GET,point_read,13.700000,0.000000,110,130,160,170,220,250,280,300,310,310,310,1747,0,110,159.9040708117821,83.86937499744818,5238.547250017291,81.208929593589
1777169317,16,GET,trips_per_route,0.800000,0.500000,190,200,210,210,270,270,270,270,270,270,270,147,95,200,207.64245492601006,93.58670801157132,396.0068750020582,127.43537414965986
1777169317,16,,Aggregated,28.300000,13.900000,160,190,200,210,230,260,280,310,350,350,350,3889,2038,190,188.22242227640783,82.96270901337266,5238.547250017291,120.00257135510414
1777169318,16,GET,bulk_update_departures,1.300000,1.000000,190,190,200,200,200,270,270,270,270,270,270,172,119,190,195.37399352973512,91.06408298248425,365.75658299261704,137.12790697674419
1777169318,16,GET,large_scan,2.100000,2.100000,190,200,210,240,250,250,260,260,260,260,260,372,372,200,206.3955599237146,82.96270901337266,2681.880666001234,141.1451612903226
1777169318,16,GET,next_departures,10.100000,10.100000,200,210,220,220,270,290,320,350,350,350,350,1462,1462,200,214.99822888911604,87.17870898544788,3266.949957993347,158.43023255813952
1777169318,16,GET,point_read,13.900000,0.000000,120,160,180,200,240,260,300,300,310,310,310,1762,0,110,160.35356408467536,83.86937499744818,5238.547250017291,81.20715096481271
1777169318,16,GET,trips_per_route,0.800000,0.500000,200,210,210,210,270,270,270,270,270,270,270,148,96,200,207.69079954137655,93.58670801157132,396.0068750020582,127.58783783783784
1777169318,16,,Aggregated,28.200000,13.700000,180,200,210,220,250,270,300,320,350,350,350,3916,2049,190,188.45559347904637,82.96270901337266,5238.547250017291,119.94050051072523
1777169319,16,GET,bulk_update_departures,1.300000,1.000000,190,190,200,200,320,320,320,320,320,320,320,173,120,190,196.06655378098534,91.06408298248425,365.75658299261704,137.20231213872833
1777169319,16,GET,large_scan,2.300000,2.300000,200,210,240,240,250,250,260,260,260,260,260,375,375,200,206.46838633491038,82.96270901337266,2681.880666001234,141.144
1777169319,16,GET,next_departures,10.400000,10.400000,200,210,220,220,270,300,320,350,350,350,350,1467,1467,200,214.95395396586449,87.17870898544788,3266.949957993347,158.45262440354466
1777169319,16,GET,point_read,13.900000,0.000000,130,170,200,210,250,260,300,300,310,310,310,1776,0,110,160.49493513074177,83.86937499744818,5238.547250017291,81.20833333333333
1777169319,16,GET,trips_per_route,0.800000,0.500000,210,210,220,220,270,320,320,320,320,320,320,152,99,200,208.2800668758864,93.58670801157132,396.0068750020582,127.75657894736842
1777169319,16,,Aggregated,28.700000,14.200000,190,200,210,220,250,280,310,320,350,350,350,3943,2061,190,188.53162163453135,82.96270901337266,5238.547250017291,119.8985544002029
