Timestamp,User Count,Type,Name,Requests/s,Failures/s,50%,66%,75%,80%,90%,95%,98%,99%,99.9%,99.99%,100%,Total Request Count,Total Failure Count,Total Median Response Time,Total Average Response Time,Total Min Response Time,Total Max Response Time,Total Average Content Size
1777169775,0,,Aggregated,0.000000,0.000000,N/A,N/A,N/A,N/A,N/A,N/A,N/A,N/A,N/A,N/A,N/A,0,0,0,0.0,0,0,0
1777169776,20,GET,bulk_update_departures,0.000000,0.000000,0,0,0,0,0,0,0,0,0,0,0,1,1,882.8271250240505,882.8271250240505,882.8271250240505,882.8271250240505,150.0
1777169776,20,GET,large_scan,0.000000,0.000000,0,0,0,0,0,0,0,0,0,0,0,2,2,640,760.3906044969335,637.4873339955229,883.2938749983441,136.5
1777169776,20,GET,next_departures,0.000000,0.000000,0,0,0,0,0,0,0,0,0,0,0,3,3,640.7538329949602,721.5897773373096,640.7538329949602,882.8329160169233,166.66666666666666
1777169776,20,GET,point_read,0.000000,0.000000,0,0,0,0,0,0,0,0,0,0,0,14,0,640.2067499875557,689.2909762121105,640.2067499875557,753.6138329887763,81.14285714285714
1777169776,20,,Aggregated,0.000000,0.000000,0,0,0,0,0,0,0,0,0,0,0,20,6,640,710.9225666499697,637.4873339955229,883.2938749983441,102.95
1777169777,40,GET,bulk_update_departures,0.000000,0.000000,0,0,0,0,0,0,0,0,0,0,0,2,2,194.22899998608045,538.5280625050655,194.22899998608045,882.8271250240505,150.0
1777169777,40,GET,large_scan,0.000000,0.000000,290,570,570,570,880,880,880,880,880,880,880,8,8,290,416.4769741255441,109.24533399520442,883.2938749983441,136.5
1777169777,40,GET,next_departures,0.000000,0.000000,240,470,470,470,470,580,880,880,880,880,880,26,26,240,347.7097066923027,95.45012502348982,882.8329160169233,158.65384615384616
1777169777,40,GET,point_read,0.000000,0.000000,140,170,370,460,480,480,480,480,480,480,480,47,0,370,359.09831112726255,88.95224999287166,753.6138329887763,81.25531914893617
1777169777,40,GET,trips_per_route,0.000000,0.000000,0,0,0,0,0,0,0,0,0,0,0,1,1,219.20279201003723,219.20279201003723,219.20279201003723,219.20279201003723,150.0
1777169777,40,,Aggregated,0.000000,0.000000,200,370,470,470,480,580,880,880,880,880,880,84,37,250,363.644615559592,88.95224999287166,883.2938749983441,112.92857142857143
1777169778,60,GET,bulk_update_departures,0.000000,0.000000,200,200,200,200,200,200,200,200,200,200,200,4,4,190,366.7658854974434,188.69620899204165,882.8271250240505,150.0
1777169778,60,GET,large_scan,1.000000,1.000000,200,290,340,340,570,880,880,880,880,880,880,17,17,200,312.4551962383146,109.24533399520442,883.2938749983441,142.05882352941177
1777169778,60,GET,next_departures,2.000000,2.000000,200,220,230,280,470,470,580,880,880,880,880,71,71,200,254.84562554875467,95.45012502348982,882.8329160169233,154.92957746478874
1777169778,60,GET,point_read,14.000000,0.000000,110,140,210,250,370,470,480,480,480,480,480,97,0,120,245.503720784195,88.95224999287166,753.6138329887763,81.19587628865979
1777169778,60,GET,trips_per_route,0.000000,0.000000,0,0,0,0,0,0,0,0,0,0,0,4,4,190,236.0338542566751,188.3898749947548,342.5790000183042,150.0
1777169778,60,,Aggregated,17.000000,3.000000,190,200,230,260,470,480,580,880,880,880,880,193,96,190,257.1545990937633,88.95224999287166,883.2938749983441,116.53367875647669
1777169779,80,GET,bulk_update_departures,1.000000,1.000000,200,210,210,250,330,340,340,340,340,340,340,15,15,200,267.3837332695257,187.5623330124654,882.8271250240505,150.0
1777169779,80,GET,large_scan,3.500000,3.500000,210,220,250,320,570,570,880,880,880,880,880,31,31,210,271.29249071285517,109.24533399520442,883.2938749983441,145.6451612903226
1777169779,80,GET,next_departures,11.000000,11.000000,200,210,230,240,350,470,470,580,880,880,880,120,120,200,239.4305867734753,92.50491700368002,882.8329160169233,153.75
1777169779,80,GET,point_read,17.000000,0.000000,110,120,140,210,250,380,480,480,480,480,480,168,0,110,194.09272864296716,84.28458400885575,753.6138329887763,81.21428571428571
1777169779,80,GET,trips_per_route,0.000000,0.000000,210,210,220,220,230,230,230,230,230,230,230,10,9,200,208.31313760427292,93.86541700223461,342.5790000183042,143.6
1777169779,80,,Aggregated,32.500000,15.500000,190,200,220,230,330,470,480,580,880,880,880,344,175,190,220.47442852331292,84.28458400885575,883.2938749983441,117.13662790697674
1777169780,100,GET,bulk_update_departures,1.333333,1.333333,210,220,230,230,330,340,370,370,370,370,370,26,25,210,247.05972919204774,106.30879199015908,882.8271250240505,148.3846153846154
1777169780,100,GET,large_scan,5.000000,5.000000,210,220,230,240,340,570,880,880,880,880,880,43,43,210,255.43960956125628,109.24533399520442,883.2938749983441,146.86046511627907
1777169780,100,GET,next_departures,19.333333,19.333333,200,220,230,240,350,470,470,580,880,880,880,173,173,200,235.0939527622322,89.34529099497013,882.8329160169233,153.03468208092485
1777169780,100,GET,point_read,28.666667,0.000000,110,120,130,160,260,300,470,480,480,480,480,264,0,110,171.0721161745658,84.28458400885575,753.6138329887763,81.2159090909091
1777169780,100,GET,trips_per_route,1.333333,1.333333,210,210,230,230,230,390,390,390,390,390,390,16,15,200,218.57543756595987,93.86541700223461,393.16999999573454,146.0
1777169780,100,,Aggregated,55.666667,27.000000,190,200,220,230,300,370,470,570,880,880,880,522,256,190,204.48075798684704,84.28458400885575,883.2938749983441,115.75670498084291
1777169781,120,GET,bulk_update_departures,3.250000,3.250000,210,210,220,230,250,340,370,370,370,370,370,38,36,210,233.64472591952347,106.30879199015908,882.8271250240505,147.78947368421052
1777169781,120,GET,large_scan,7.000000,7.000000,210,220,230,230,340,410,570,880,880,880,880,62,62,210,248.96739390556655,109.24533399520442,883.2938749983441,147.38709677419354
1777169781,120,GET,next_departures,26.250000,26.250000,210,220,230,240,360,390,470,470,880,880,880,244,244,210,232.6340184211359,89.34529099497013,882.8329160169233,152.56147540983608
1777169781,120,GET,point_read,35.250000,0.000000,110,120,130,140,250,300,460,480,480,480,480,354,0,110,160.97387771212922,84.28458400885575,753.6138329887763,81.2090395480226
1777169781,120,GET,trips_per_route,1.750000,1.750000,200,210,230,230,380,380,390,390,390,390,390,30,29,200,225.44193893651632,93.86541700223461,393.16999999573454,147.86666666666667
1777169781,120,,Aggregated,73.500000,38.250000,190,210,220,230,300,380,470,480,880,880,880,728,371,190,198.9356996978481,84.28458400885575,883.2938749983441,116.98214285714286
1777169782,140,GET,bulk_update_departures,4.200000,4.200000,200,210,210,220,250,340,370,370,370,370,370,55,53,200,225.98186592698437,106.30879199015908,882.8271250240505,148.47272727272727
1777169782,140,GET,large_scan,8.400000,8.400000,200,220,220,230,340,380,570,880,880,880,880,82,82,200,234.83125818502896,94.49654197669588,883.2938749983441,147.03658536585365
1777169782,140,GET,next_departures,31.000000,31.000000,200,210,220,230,340,380,470,470,880,880,880,335,335,200,225.8231042085021,89.34529099497013,882.8329160169233,152.16417910447763
1777169782,140,GET,point_read,47.400000,0.000000,110,120,130,140,250,290,370,470,480,480,480,464,9,110,152.34955549178642,84.28458400885575,753.6138329887763,82.54094827586206
1777169782,140,GET,trips_per_route,2.600000,2.400000,200,210,220,230,360,380,390,390,390,390,390,37,36,200,223.88595162428336,93.86541700223461,393.16999999573454,148.27027027027026
1777169782,140,,Aggregated,93.600000,46.000000,190,200,210,220,280,370,470,480,880,880,880,973,515,190,191.47983521612755,84.28458400885575,883.2938749983441,118.17368961973278
1777169783,160,GET,bulk_update_departures,5.666667,5.500000,210,210,220,220,250,330,370,370,370,370,370,63,60,210,224.47291536428523,106.30879199015908,882.8271250240505,148.0
1777169783,160,GET,large_scan,10.166667,10.166667,210,220,230,250,340,380,570,570,880,880,880,111,111,210,237.4336929739608,94.49654197669588,883.2938749983441,147.8108108108108
1777169783,160,GET,next_departures,36.333333,36.333333,200,220,230,240,330,370,470,470,880,880,880,443,443,200,226.69321340796512,89.34529099497013,882.8329160169233,151.74943566591423
1777169783,160,GET,point_read,54.500000,0.000000,110,120,130,150,250,290,310,470,480,480,480,574,31,110,152.24067376194787,84.28458400885575,753.6138329887763,84.93205574912892
1777169783,160,GET,trips_per_route,4.833333,4.666667,200,220,230,240,360,380,390,390,390,390,390,54,52,200,224.38918674177128,93.86541700223461,393.16999999573454,147.62962962962962
1777169783,160,,Aggregated,111.500000,56.666667,190,210,220,230,290,350,390,470,880,880,880,1245,697,190,193.11260237044328,84.28458400885575,883.2938749983441,120.22409638554217
1777169784,180,GET,bulk_update_departures,7.857143,7.571429,210,220,220,230,290,330,370,370,370,370,370,71,68,210,228.437691323974,106.30879199015908,882.8271250240505,148.22535211267606
1777169784,180,GET,large_scan,10.714286,10.714286,220,230,250,270,340,380,570,580,880,880,880,136,136,220,243.95944180993385,94.49654197669588,883.2938749983441,148.21323529411765
1777169784,180,GET,next_departures,45.142857,45.142857,210,220,240,250,330,380,470,470,880,880,880,543,543,210,232.8026845481896,89.34529099497013,882.8329160169233,151.7034990791897
1777169784,180,GET,point_read,61.285714,0.000000,120,140,180,210,270,300,380,460,480,480,480,695,53,120,161.76248697154458,84.28458400885575,753.6138329887763,86.46330935251798
1777169784,180,GET,trips_per_route,4.857143,4.714286,210,230,260,270,340,380,390,390,390,390,390,67,65,210,234.40028607511698,93.86541700223461,393.16999999573454,148.08955223880596
1777169784,180,,Aggregated,129.857143,68.142857,200,210,230,240,300,350,410,470,880,880,880,1512,865,200,201.01796659528864,84.28458400885575,883.2938749983441,121.07804232804233
1777169785,200,GET,bulk_update_departures,7.750000,7.500000,210,230,250,270,330,370,810,820,820,820,820,88,85,210,255.33581489699745,106.30879199015908,882.8271250240505,148.5681818181818
1777169785,200,GET,large_scan,13.000000,13.000000,220,240,260,280,340,390,570,580,880,880,880,166,166,220,248.11676732637548,94.49654197669588,883.2938749983441,148.53614457831324
1777169785,200,GET,next_departures,51.375000,51.375000,210,240,270,300,360,390,580,820,880,880,880,653,653,210,250.8715927073337,89.34529099497013,882.8329160169233,151.416539050536
1777169785,200,GET,point_read,67.000000,1.125000,120,180,220,250,300,320,390,480,840,840,840,810,78,120,179.4041827532684,84.28458400885575,840.0876669911668,87.84938271604938
1777169785,200,GET,trips_per_route,6.125000,6.000000,220,260,290,300,360,380,390,390,390,390,390,80,78,220,242.93550883812713,93.86541700223461,393.16999999573454,148.4
1777169785,200,,Aggregated,145.250000,79.000000,200,230,250,280,330,380,470,670,880,880,880,1797,1060,200,218.26839947813056,84.28458400885575,883.2938749983441,122.2237061769616
1777169786,220,GET,bulk_update_departures,7.444444,7.111111,210,240,270,310,340,400,810,820,820,820,820,101,96,210,264.1400677015968,106.30879199015908,882.8271250240505,147.93069306930693
1777169786,220,GET,large_scan,14.666667,14.666667,220,250,270,290,340,380,430,580,710,710,710,191,191,220,252.91872862939778,94.49654197669588,883.2938749983441,148.58638743455498
1777169786,220,GET,next_departures,57.777778,57.777778,220,250,290,310,350,380,580,810,850,850,850,772,772,220,257.1371325593363,89.34529099497013,882.8329160169233,151.3924870466321
1777169786,220,GET,point_read,74.000000,3.888889,150,210,250,270,300,330,390,570,890,890,890,968,105,160,195.45904608677412,84.28458400885575,891.3818750006612,88.68285123966942
1777169786,220,GET,trips_per_route,7.333333,7.111111,230,260,290,310,350,380,390,390,390,390,390,88,85,220,245.84235085289535,93.86541700223461,393.16999999573454,147.82954545454547
1777169786,220,,Aggregated,161.222222,90.555556,210,240,270,290,330,370,540,680,850,890,890,2120,1249,210,228.45942161742263,84.28458400885575,891.3818750006612,122.19339622641509
1777169787,240,GET,bulk_update_departures,8.200000,7.900000,220,250,280,310,340,400,810,810,820,820,820,115,110,220,268.61537359882675,106.30879199015908,882.8271250240505,148.18260869565216
1777169787,240,GET,large_scan,15.400000,15.400000,240,270,300,310,350,410,580,690,710,710,710,237,237,240,266.47489876051645,94.49654197669588,883.2938749983441,148.86075949367088
1777169787,240,GET,next_departures,61.700000,61.700000,230,270,300,320,360,400,690,760,850,850,850,900,900,230,264.6836206062451,89.34529099497013,882.8329160169233,151.30555555555554
1777169787,240,GET,point_read,78.500000,5.300000,180,230,270,280,320,350,550,690,890,890,890,1149,187,180,206.333825601415,84.28458400885575,891.3818750006612,92.40905134899913
1777169787,240,GET,trips_per_route,7.800000,7.600000,240,280,310,320,360,380,390,390,390,390,390,98,95,230,253.65939076600253,93.86541700223461,393.16999999573454,148.05102040816325
1777169787,240,,Aggregated,171.600000,97.900000,220,250,290,300,340,380,650,690,850,890,890,2499,1529,220,237.77381489668753,84.28458400885575,891.3818750006612,123.72268907563026
1777169788,260,GET,bulk_update_departures,9.300000,9.000000,240,280,300,320,340,560,810,810,820,820,820,136,131,240,275.2604960433553,106.30879199015908,882.8271250240505,148.46323529411765
1777169788,260,GET,large_scan,18.700000,18.700000,250,280,300,310,350,410,560,690,710,710,710,281,281,250,272.22973979438666,94.49654197669588,883.2938749983441,149.0391459074733
1777169788,260,GET,next_departures,73.400000,73.400000,250,290,310,320,350,410,680,750,850,850,850,1046,1046,240,268.87128577405366,89.34529099497013,882.8329160169233,151.24282982791587
1777169788,260,GET,point_read,91.900000,9.000000,190,240,270,290,320,350,560,650,890,890,890,1320,251,190,207.9418007175043,84.28458400885575,891.3818750006612,94.28636363636363
1777169788,260,GET,trips_per_route,8.500000,8.300000,250,290,310,320,360,380,390,390,560,560,560,114,110,250,258.9213640629232,93.86541700223461,559.2260420089588,147.7719298245614
1777169788,260,,Aggregated,201.800000,118.400000,230,270,290,300,340,380,570,690,850,890,890,2897,1819,220,241.34330746084157,84.28458400885575,891.3818750006612,124.81014842940974
1777169789,280,GET,bulk_update_departures,10.500000,10.000000,240,270,300,310,340,560,810,810,820,820,820,153,148,230,269.16982872496067,106.30879199015908,882.8271250240505,148.63398692810458
1777169789,280,GET,large_scan,21.700000,21.700000,250,280,300,310,350,410,560,690,710,710,710,325,325,240,266.07675283798017,92.02991699567065,883.2938749983441,149.08615384615385
1777169789,280,GET,next_departures,84.600000,84.600000,240,280,300,310,340,390,680,750,850,850,850,1220,1220,240,263.1239276964763,89.34529099497013,882.8329160169233,151.10655737704917
1777169789,280,GET,point_read,105.300000,15.900000,200,240,270,280,320,340,550,650,890,890,890,1514,356,190,204.7664609643424,84.28458400885575,891.3818750006612,97.37978863936591
1777169789,280,GET,trips_per_route,9.500000,9.200000,240,270,300,320,340,370,390,390,560,560,560,137,133,230,252.37141059283303,93.86541700223461,559.2260420089588,148.14598540145985
1777169789,280,,Aggregated,231.600000,141.400000,230,260,290,300,330,380,560,690,850,890,890,3349,2182,220,236.86486276745183,84.28458400885575,891.3818750006612,126.38787697820244
1777169790,300,GET,bulk_update_departures,12.800000,12.300000,230,270,300,310,340,560,810,810,820,820,820,172,167,230,263.866883976186,106.30879199015908,882.8271250240505,148.78488372093022
1777169790,300,GET,large_scan,25.300000,25.300000,240,270,290,310,340,410,560,690,710,710,710,356,356,230,261.7830893101976,92.02991699567065,883.2938749983441,149.16573033707866
1777169790,300,GET,next_departures,94.600000,94.600000,230,270,290,310,340,380,580,690,850,850,850,1411,1411,230,256.54633125788774,89.34529099497013,882.8329160169233,151.08079376328845
1777169790,300,GET,point_read,116.900000,22.100000,200,230,260,280,310,340,550,650,890,890,890,1761,469,190,199.4367545506591,84.28458400885575,891.3818750006612,99.5298126064736
1777169790,300,GET,trips_per_route,10.600000,10.300000,230,270,290,310,340,360,390,390,560,560,560,158,154,230,247.5585503935817,93.86541700223461,559.2260420089588,148.39240506329114
1777169790,300,,Aggregated,260.200000,164.600000,220,250,280,290,330,360,560,690,850,890,890,3858,2557,220,230.91994115321683,84.28458400885575,891.3818750006612,127.16096423017107
1777169791,320,GET,bulk_update_departures,13.600000,13.100000,230,270,290,300,340,400,810,810,820,820,820,199,192,220,256.18133690979226,99.83225000905804,882.8271250240505,148.52763819095478
1777169791,320,GET,large_scan,28.800000,28.800000,240,270,290,300,340,400,560,680,710,710,710,401,401,230,257.49499709844736,92.02991699567065,883.2938749983441,149.1920199501247
1777169791,320,GET,next_departures,107.300000,107.300000,230,260,290,300,340,380,570,690,850,850,850,1611,1611,220,252.17357960433588,89.34529099497013,882.8329160169233,150.96213531967723
1777169791,320,GET,point_read,131.700000,32.800000,210,230,250,270,310,340,440,650,890,890,890,2004,624,190,198.00034566746572,84.28458400885575,891.3818750006612,102.62824351297405
1777169791,320,GET,trips_per_route,12.300000,11.900000,230,260,280,300,330,350,390,390,560,560,560,179,175,230,244.12874862689566,93.86541700223461,559.2260420089588,148.58100558659217
1777169791,320,,Aggregated,293.700000,193.900000,220,250,270,290,330,360,560,690,850,890,890,4394,3003,210,227.80586148063878,84.28458400885575,891.3818750006612,128.5493855257169
1777169792,340,GET,bulk_update_departures,14.900000,14.400000,230,250,280,300,340,400,750,810,820,820,820,225,218,220,252.9971955734719,99.83225000905804,882.8271250240505,148.6977777777778
1777169792,340,GET,large_scan,30.900000,30.900000,240,270,290,300,340,400,560,680,710,710,710,451,451,230,257.1428850655957,92.02991699567065,883.2938749983441,149.28159645232816
1777169792,340,GET,next_departures,121.300000,121.300000,230,260,290,300,340,370,560,690,850,850,850,1801,1801,220,250.63835419646256,89.34529099497013,882.8329160169233,150.91615769017213
1777169792,340,GET,point_read,143.800000,43.600000,210,230,260,280,320,350,420,570,890,890,890,2222,767,200,200.30925096014013,84.28458400885575,891.3818750006612,104.95679567956796
1777169792,340,GET,trips_per_route,13.800000,13.500000,230,260,280,300,330,350,390,390,560,560,560,198,194,220,242.29688679895276,93.86541700223461,559.2260420089588,148.7171717171717
1777169792,340,,Aggregated,324.700000,223.700000,220,250,280,290,330,360,560,680,850,890,890,4897,3431,210,228.17182464694056,84.28458400885575,891.3818750006612,129.72084949969368
1777169793,360,GET,bulk_update_departures,15.500000,15.100000,230,250,270,300,330,380,750,810,820,820,820,256,249,220,249.4085319218584,99.83225000905804,882.8271250240505,148.85546875
1777169793,360,GET,large_scan,32.600000,32.600000,230,260,280,290,330,370,560,680,710,710,710,514,514,230,252.31775793874073,92.02991699567065,883.2938749983441,149.3171206225681
1777169793,360,GET,next_departures,133.500000,133.500000,230,250,280,300,330,360,560,690,850,850,850,2018,2018,220,247.44311861173912,89.34529099497013,882.8329160169233,150.84241823587712
1777169793,360,GET,point_read,159.000000,59.000000,210,230,250,270,310,340,410,560,890,890,890,2519,940,200,197.71574628363305,84.28458400885575,891.3818750006612,106.88050813815006
1777169793,360,GET,trips_per_route,14.100000,13.800000,220,250,270,290,320,350,370,390,560,560,560,224,218,220,238.46909860380296,93.86541700223461,559.2260420089588,148.29464285714286
1777169793,360,,Aggregated,354.700000,254.000000,220,240,270,290,320,350,440,680,840,890,890,5531,3939,210,224.97616490448772,84.28458400885575,891.3818750006612,130.48381847767132
1777169794,380,GET,bulk_update_departures,16.500000,16.000000,220,240,250,270,320,350,690,810,820,820,820,290,282,210,244.08988823817143,99.83225000905804,882.8271250240505,148.8448275862069
1777169794,380,GET,large_scan,36.000000,36.000000,220,250,270,290,320,360,410,560,710,710,710,579,579,220,246.9183898938354,92.02991699567065,883.2938749983441,149.34715025906735
1777169794,380,GET,next_departures,144.300000,144.300000,220,240,260,280,320,350,430,690,850,850,850,2244,2244,220,243.6141386570592,89.34529099497013,882.8329160169233,150.82442067736184
1777169794,380,GET,point_read,173.100000,72.700000,200,220,240,250,300,330,390,550,840,890,890,2828,1102,200,195.6443015911836,84.28458400885575,891.3818750006612,108.01096181046677
1777169794,380,GET,trips_per_route,15.900000,15.600000,210,230,250,270,310,330,350,380,560,560,560,251,245,220,235.73512684118347,93.86541700223461,559.2260420089588,148.4780876494024
1777169794,380,,Aggregated,385.800000,284.600000,210,230,250,270,310,340,410,560,840,890,890,6192,4452,210,221.71730365326962,84.28458400885575,891.3818750006612,130.94476744186048
1777169795,400,GET,bulk_update_departures,18.200000,17.700000,210,230,250,260,300,330,410,560,750,750,750,334,324,210,241.5070589044491,99.83225000905804,882.8271250240505,148.74550898203591
1777169795,400,GET,large_scan,39.300000,39.300000,220,240,260,270,310,350,410,560,690,690,690,648,648,220,244.29983757192846,92.02991699567065,883.2938749983441,149.41666666666666
1777169795,400,GET,next_departures,155.400000,155.400000,220,230,250,270,310,340,380,560,750,760,760,2455,2455,220,241.642167947569,89.34529099497013,882.8329160169233,150.75356415478615
1777169795,400,GET,point_read,190.500000,89.900000,200,220,230,240,290,320,370,410,760,890,890,3081,1282,200,196.51766676923023,84.28458400885575,891.3818750006612,109.82830249918858
1777169795,400,GET,trips_per_route,16.800000,16.500000,210,230,250,260,310,320,350,380,560,560,560,280,274,210,234.31809273980824,93.86541700223461,559.2260420089588,148.63571428571427
1777169795,400,,Aggregated,420.200000,318.800000,210,230,240,250,300,330,370,440,750,890,890,6798,4983,210,221.13580053179203,84.28458400885575,891.3818750006612,131.89202706678435
1777169796,420,GET,bulk_update_departures,21.200000,20.800000,220,240,260,280,320,560,680,760,950,950,950,358,348,220,259.5203730419009,99.83225000905804,945.2174589969218,148.8296089385475
1777169796,420,GET,large_scan,43.400000,43.400000,220,250,270,290,340,580,790,830,860,860,860,697,697,220,266.85748815447477,92.02991699567065,883.2938749983441,149.38020086083213
1777169796,420,GET,next_departures,165.300000,165.300000,220,240,270,290,340,560,750,790,870,900,900,2665,2665,220,261.47267989988796,89.34529099497013,897.4709160102066,150.75046904315198
1777169796,420,GET,point_read,203.900000,103.400000,200,220,240,260,330,600,750,810,880,920,920,3309,1438,200,221.12419738435452,84.28458400885575,916.2127079907805,111.10154125113327
1777169796,420,GET,trips_per_route,17.800000,17.400000,220,230,250,280,330,560,740,760,780,780,780,301,295,220,255.31079668526158,93.86541700223461,783.14975000103,148.73089700996678
1777169796,420,,Aggregated,451.600000,350.300000,210,230,250,280,340,580,760,790,880,950,950,7330,5443,210,243.42171537148207,84.28458400885575,945.2174589969218,132.54461118690313
1777169797,440,GET,bulk_update_departures,24.100000,23.600000,220,240,260,290,370,580,780,950,1300,1300,1300,380,370,220,269.08906349716216,99.83225000905804,1250.8017499931157,148.89736842105262
1777169797,440,GET,large_scan,48.200000,48.200000,220,250,270,300,360,750,820,850,1300,1300,1300,732,732,230,274.5218470993533,92.02991699567065,1250.6506250065286,149.40983606557376
1777169797,440,GET,next_departures,180.300000,180.300000,220,240,280,310,350,590,770,800,1300,1300,1300,2826,2826,220,268.29488497183024,89.34529099497013,1252.0230000081938,150.72540693559802
1777169797,440,GET,point_read,220.800000,121.200000,210,230,250,280,350,630,770,840,1100,1100,1100,3500,1553,200,226.4048173990616,84.28458400885575,1077.0865829836112,111.732
1777169797,440,GET,trips_per_route,19.900000,19.500000,220,230,250,310,350,570,750,760,1200,1200,1200,315,309,220,262.07826749277524,93.86541700223461,1249.6319169877097,148.78730158730158
1777169797,440,,Aggregated,493.300000,392.800000,210,230,260,290,350,610,780,830,1300,1300,1300,7753,5790,210,249.75837692415587,84.28458400885575,1252.0230000081938,132.82974332516446
1777169798,460,GET,bulk_update_departures,24.800000,24.100000,220,240,290,310,380,610,780,950,1300,1300,1300,401,391,220,273.0527032466322,99.83225000905804,1250.8017499931157,148.95511221945137
1777169798,460,GET,large_scan,47.600000,47.600000,220,260,300,320,410,760,830,1100,1300,1300,1300,794,794,230,280.19195758767387,92.02991699567065,1250.6506250065286,149.455919395466
1777169798,460,GET,next_departures,178.800000,178.800000,220,260,300,320,390,610,790,840,1300,1300,1300,2998,2998,230,271.78454684108,89.34529099497013,1252.0230000081938,150.72548365577052
1777169798,460,GET,point_read,218.600000,119.200000,210,230,270,290,390,650,800,900,1100,1300,1300,3794,1668,200,231.99689805819992,84.28458400885575,1288.7158750090748,111.45255666842382
1777169798,460,GET,trips_per_route,19.800000,19.400000,220,250,300,320,360,650,760,910,1200,1200,1200,346,337,230,268.5354799225676,93.86541700223461,1249.6319169877097,148.34104046242774
1777169798,460,,Aggregated,489.600000,389.100000,220,240,290,310,390,640,790,880,1300,1300,1300,8333,6188,220,254.3965111054948,84.28458400885575,1288.7158750090748,132.53942157686308
1777169799,480,GET,bulk_update_departures,26.700000,26.200000,230,280,310,320,390,650,780,1200,2300,2300,2300,428,418,230,280.51455121484116,99.83225000905804,2298.8207500020508,149.0210280373832
1777169799,480,GET,large_scan,50.000000,50.000000,240,300,320,340,460,780,860,1200,3000,3000,3000,856,856,240,293.74032388044145,92.02991699567065,2952.4502080166712,149.49532710280374
1777169799,480,GET,next_departures,191.500000,191.500000,240,290,330,340,420,680,800,1200,3000,3000,3000,3250,3250,230,285.1230670696823,89.34529099497013,2963.1504580029286,150.6846153846154
1777169799,480,GET,point_read,235.600000,135.400000,210,260,300,320,440,730,860,1100,2900,3000,3000,4039,1840,210,246.90435383730778,84.28458400885575,2955.258792004315,112.54642238177767
1777169799,480,GET,trips_per_route,21.800000,21.500000,230,290,320,340,460,660,780,920,2500,2500,2500,366,357,230,278.64494436669236,93.86541700223461,2542.8467500023544,148.43169398907105
1777169799,480,,Aggregated,525.600000,424.600000,220,280,310,340,440,710,850,1100,2900,3000,3000,8939,6721,220,268.1936064353035,84.28458400885575,2963.1504580029286,133.16646157288287
1777169800,500,GET,bulk_update_departures,26.400000,25.900000,220,280,300,320,390,650,910,1200,2300,2300,2300,462,451,220,276.9986600106082,99.83225000905804,2298.8207500020508,149.0
1777169800,500,GET,large_scan,51.100000,51.100000,230,290,320,340,480,790,1100,2500,3000,3000,3000,956,956,230,299.07476912727157,92.02991699567065,2952.4502080166712,149.51987447698744
1777169800,500,GET,next_departures,193.900000,193.900000,240,290,320,340,420,690,850,1300,2800,3000,3000,3562,3562,230,283.685167608815,87.05812500556931,2963.1504580029286,150.66676024705222
1777169800,500,GET,point_read,240.900000,139.100000,210,260,290,320,450,740,920,2400,3000,3100,3100,4430,2091,210,250.52435853641137,84.28458400885575,3117.199250002159,113.6762979683973
1777169800,500,GET,trips_per_route,22.300000,22.000000,220,280,310,340,420,660,910,960,2500,2500,2500,405,396,230,273.80618172680477,93.86541700223461,2542.8467500023544,148.58271604938273
1777169800,500,,Aggregated,534.600000,432.000000,220,270,310,330,450,740,910,1300,3000,3100,3100,9815,7456,220,269.49463465602054,84.28458400885575,3117.199250002159,133.6949566989302
1777169801,512,GET,bulk_update_departures,27.100000,26.600000,220,280,300,320,380,650,910,1200,2300,2300,2300,501,489,220,272.8373639596586,99.83225000905804,2298.8207500020508,148.99401197604791
1777169801,512,GET,large_scan,52.000000,52.000000,230,290,320,340,490,790,1100,2500,3000,3000,3000,1021,1021,230,294.8809036393328,92.02991699567065,2952.4502080166712,149.55044074436827
1777169801,512,GET,next_departures,200.000000,200.000000,230,290,320,340,420,680,850,1300,2800,3000,3000,3856,3856,220,279.16055024211516,87.05812500556931,2963.1504580029286,150.62240663900414
1777169801,512,GET,point_read,246.900000,144.100000,210,250,290,320,450,740,920,2400,3000,3100,3100,4807,2374,200,246.35573546068557,83.16145799471997,3117.199250002159,115.17994591221135
1777169801,512,GET,trips_per_route,23.100000,22.600000,220,270,310,320,380,650,780,960,2500,2500,2500,445,436,220,267.6104439446033,93.86541700223461,2542.8467500023544,148.71011235955055
1777169801,512,,Aggregated,549.100000,445.300000,220,270,310,330,440,730,910,1300,3000,3100,3100,10630,8176,220,265.0542494457208,83.16145799471997,3117.199250002159,134.3351834430856
1777169802,512,GET,bulk_update_departures,28.000000,27.500000,210,260,300,320,370,650,910,1200,2300,2300,2300,535,523,210,268.06931380877734,99.83225000905804,2298.8207500020508,149.05794392523364
1777169802,512,GET,large_scan,57.000000,57.000000,220,280,310,340,490,790,1100,2500,3000,3000,3000,1085,1085,220,288.9392677748475,92.02991699567065,2952.4502080166712,149.52718894009217
1777169802,512,GET,next_departures,206.800000,206.800000,220,270,310,340,400,660,830,1200,2800,3000,3000,4173,4173,220,272.84782781845826,87.05812500556931,2963.1504580029286,150.61107117181882
1777169802,512,GET,point_read,259.900000,160.100000,200,230,270,310,440,730,910,2400,3000,3100,3100,5221,2691,200,240.92232585338385,83.16145799471997,3117.199250002159,116.66213369086383
1777169802,512,GET,trips_per_route,23.600000,23.100000,210,250,290,320,370,580,780,960,2500,2500,2500,490,481,210,261.0088433127741,93.86541700223461,2542.8467500023544,148.82857142857142
1777169802,512,,Aggregated,575.300000,474.500000,210,250,300,320,430,710,900,1300,2900,3100,3100,11504,8953,210,259.14985834610695,83.16145799471997,3117.199250002159,134.95323365785814
1777169803,512,GET,bulk_update_departures,29.500000,28.900000,210,280,310,330,430,650,910,1200,2300,2300,2300,564,552,210,266.97099566261915,99.83225000905804,2298.8207500020508,149.10638297872342
1777169803,512,GET,large_scan,61.400000,61.400000,230,290,330,350,490,790,1100,2500,3000,3000,3000,1147,1147,220,287.28210341388626,92.02991699567065,2952.4502080166712,149.52920662598083
1777169803,512,GET,next_departures,221.800000,221.800000,220,270,310,340,420,620,810,1200,2800,3000,3000,4463,4463,220,270.63080733242106,87.05812500556931,2963.1504580029286,150.5769661662559
1777169803,512,GET,point_read,275.600000,174.200000,210,240,280,310,450,720,910,2300,3000,3100,3100,5538,2975,200,241.035554372038,83.16145799471997,3117.199250002159,118.16106897797039
1777169803,512,GET,trips_per_route,26.700000,26.200000,210,250,290,320,380,580,780,960,2500,2500,2500,528,519,210,258.99563386415,93.86541700223461,2542.8467500023544,148.91287878787878
1777169803,512,,Aggregated,615.000000,512.500000,210,260,300,330,440,700,880,1200,2900,3100,3100,12240,9656,210,258.1302370985835,83.16145799471997,3117.199250002159,135.67263071895425
1777169804,512,GET,bulk_update_departures,30.200000,29.700000,240,300,340,370,540,670,910,1200,2300,2300,2300,584,571,220,272.2662815577765,99.83225000905804,2298.8207500020508,149.06506849315068
1777169804,512,GET,large_scan,63.500000,63.500000,260,320,370,410,580,790,1100,2500,3000,3000,3000,1204,1204,230,295.01932820490777,92.02991699567065,2952.4502080166712,149.55149501661128
1777169804,512,GET,next_departures,231.000000,231.000000,240,310,350,370,530,660,830,1200,2800,3000,3000,4651,4651,220,277.6285192177339,87.05812500556931,2963.1504580029286,150.57514513007956
1777169804,512,GET,point_read,289.700000,189.700000,220,270,320,360,530,710,910,2200,3000,3100,3100,5901,3130,200,248.20585836321567,83.16145799471997,3117.199250002159,117.69361125233011
1777169804,512,GET,trips_per_route,27.900000,27.400000,220,290,340,350,540,650,780,960,2500,2500,2500,552,542,220,267.4572659516475,93.86541700223461,2542.8467500023544,148.84420289855072
1777169804,512,,Aggregated,642.300000,541.300000,230,290,340,370,540,700,880,1200,2900,3100,3100,12892,10098,210,265.10674864076867,83.16145799471997,3117.199250002159,135.28630158237667
1777169805,512,GET,bulk_update_departures,31.300000,30.800000,250,310,340,370,540,670,910,1200,2300,2300,2300,631,617,220,273.84007609787506,99.83225000905804,2298.8207500020508,149.06814580031696
1777169805,512,GET,large_scan,63.500000,63.500000,250,320,360,390,570,790,1000,1300,3000,3000,3000,1303,1303,230,293.21252372194385,92.02991699567065,2952.4502080166712,149.544128933231
1777169805,512,GET,next_departures,245.400000,245.400000,240,300,350,370,510,660,850,1200,2800,3000,3000,4997,4997,220,278.5540585623859,87.05812500556931,2963.1504580029286,150.55033019811887
1777169805,512,GET,point_read,302.200000,202.200000,220,270,330,370,510,700,910,1200,2900,3100,3100,6234,3404,210,248.96383648724634,83.16145799471997,3117.199250002159,118.7688482515239
1777169805,512,GET,trips_per_route,30.700000,30.200000,230,290,340,360,520,650,910,960,2500,2500,2500,581,571,220,269.4579782224903,93.86541700223461,2542.8467500023544,148.90189328743546
1777169805,512,,Aggregated,673.100000,572.100000,230,290,340,370,520,690,890,1200,2900,3100,3100,13746,10892,220,265.92312520533045,83.16145799471997,3117.199250002159,135.9038993161647
1777169806,512,GET,bulk_update_departures,30.000000,29.500000,210,270,310,340,390,540,720,910,2300,2300,2300,658,643,220,271.0916313567354,99.83225000905804,2298.8207500020508,149.04255319148936
1777169806,512,GET,large_scan,62.600000,62.600000,230,280,330,360,450,570,960,1100,3000,3000,3000,1377,1377,230,289.2307955016507,92.02991699567065,2952.4502080166712,149.54901960784315
1777169806,512,GET,next_departures,244.100000,244.100000,220,270,310,340,400,540,670,920,2800,3000,3000,5252,5252,220,275.56570292460265,87.05812500556931,2963.1504580029286,150.53313023610053
1777169806,512,GET,point_read,304.500000,203.100000,210,230,280,310,400,520,790,1200,2900,3100,3100,6588,3659,210,245.68677936501362,83.16145799471997,3117.199250002159,119.41272009714632
1777169806,512,GET,trips_per_route,30.300000,30.000000,210,260,290,310,380,540,660,920,2500,2500,2500,610,600,220,267.25388048870343,93.86541700223461,2542.8467500023544,148.95409836065573
1777169806,512,,Aggregated,671.500000,569.300000,210,250,300,330,400,540,790,1000,2900,3100,3100,14485,11531,210,262.72209459118756,83.16145799471997,3117.199250002159,136.15132896099414
1777169807,512,GET,bulk_update_departures,28.600000,28.100000,220,270,310,340,390,480,670,910,2300,2300,2300,682,666,220,272.728361702011,99.83225000905804,2298.8207500020508,149.01466275659823
1777169807,512,GET,large_scan,63.000000,63.000000,240,290,330,360,440,560,900,1100,3000,3000,3000,1458,1458,230,290.4180628654973,92.02991699567065,2952.4502080166712,149.57407407407408
1777169807,512,GET,next_departures,240.400000,240.400000,230,270,320,340,390,530,610,910,2800,3000,3000,5549,5549,230,277.97971792437545,87.05812500556931,2963.1504580029286,150.52712200396468
1777169807,512,GET,point_read,300.900000,196.100000,210,250,290,320,400,510,740,1100,2900,3100,3100,6972,3910,210,249.38975962113696,83.16145799471997,3117.199250002159,119.78628800917957
1777169807,512,GET,trips_per_route,28.900000,28.500000,220,270,300,330,390,540,640,910,2500,2500,2500,650,640,220,270.59210003102913,93.86541700223461,2542.8467500023544,149.01846153846154
1777169807,512,,Aggregated,661.800000,556.100000,220,270,310,340,400,520,670,970,2900,3100,3100,15311,12223,220,265.5979362680275,83.16145799471997,3117.199250002159,136.30683822088693
1777169808,512,GET,bulk_update_departures,30.200000,29.800000,220,260,300,320,380,440,580,890,2300,2300,2300,718,701,220,272.17909270022125,99.83225000905804,2298.8207500020508,149.00696378830082
1777169808,512,GET,large_scan,67.300000,67.300000,230,280,320,340,400,550,820,1000,3000,3000,3000,1530,1530,230,290.2918094980075,92.02991699567065,2952.4502080166712,149.57647058823528
1777169808,512,GET,next_departures,258.300000,258.300000,220,270,300,330,380,510,590,870,2800,3000,3000,5771,5771,230,278.2677166964758,87.05812500556931,2963.1504580029286,150.51550857736962
1777169808,512,GET,point_read,328.400000,229.100000,210,250,290,310,380,500,590,1100,2900,3100,3100,7238,4101,210,250.5291923455037,83.16145799471997,3117.199250002159,120.18209450124344
1777169808,512,GET,trips_per_route,31.600000,31.200000,220,270,300,320,380,510,590,660,2500,2500,2500,677,667,230,271.80841035029727,93.86541700223461,2542.8467500023544,149.0576070901034
1777169808,512,,Aggregated,715.800000,615.700000,220,260,300,320,380,500,590,950,2900,3100,3100,15934,12770,220,266.2732922147599,83.16145799471997,3117.199250002159,136.51650558554036
1777169809,512,GET,bulk_update_departures,29.100000,28.600000,230,260,300,320,380,440,550,580,890,890,890,754,737,230,273.281379994323,99.83225000905804,2298.8207500020508,149.05437665782495
1777169809,512,GET,large_scan,69.300000,69.300000,240,280,320,340,390,490,570,650,900,900,900,1604,1604,240,290.4918557967749,92.02991699567065,2952.4502080166712,149.59600997506234
1777169809,512,GET,next_departures,258.900000,258.900000,230,280,320,340,390,480,570,580,960,2100,2100,6072,6072,230,280.05557367415184,87.05812500556931,2963.1504580029286,150.51054018445322
1777169809,512,GET,point_read,330.300000,230.400000,220,260,290,310,380,460,540,570,1100,2400,2400,7581,4334,210,251.4714425248276,83.16145799471997,3117.199250002159,120.5325154992745
1777169809,512,GET,trips_per_route,31.200000,30.800000,230,270,310,330,380,460,580,590,910,910,910,708,697,230,273.0196208464038,93.86541700223461,2542.8467500023544,149.0084745762712
1777169809,512,,Aggregated,718.800000,618.000000,220,270,300,330,380,470,560,580,960,2400,2400,16719,13444,220,267.492280513379,83.16145799471997,3117.199250002159,136.70040074167116
1777169810,512,GET,bulk_update_departures,30.100000,29.500000,250,290,320,340,390,440,550,580,890,890,890,788,770,230,275.08879380413214,99.83225000905804,2298.8207500020508,149.04314720812184
1777169810,512,GET,large_scan,70.100000,70.100000,260,310,340,360,400,490,570,650,900,900,900,1681,1681,240,291.9964967181086,92.02991699567065,2952.4502080166712,149.61451516954193
1777169810,512,GET,next_departures,270.100000,270.100000,250,300,330,350,390,490,570,590,960,2100,2100,6328,6328,240,281.5909067521647,87.05812500556931,2963.1504580029286,150.50173830594184
1777169810,512,GET,point_read,340.700000,239.600000,230,280,310,330,380,470,540,570,1100,2400,2400,7889,4552,210,252.80585068307883,83.16145799471997,3117.199250002159,120.8983394600076
1777169810,512,GET,trips_per_route,32.800000,32.400000,260,300,330,350,390,490,580,590,910,910,910,746,735,230,274.67358134510295,93.86541700223461,2542.8467500023544,149.05898123324397
1777169810,512,,Aggregated,743.800000,641.700000,240,290,320,340,390,480,560,580,960,2400,2400,17432,14066,230,268.9774659333851,83.16145799471997,3117.199250002159,136.89123451124368
1777169811,512,GET,bulk_update_departures,32.400000,31.700000,260,300,320,340,390,440,540,570,890,890,890,823,805,230,274.4857058682839,99.83225000905804,2298.8207500020508,149.0838396111786
1777169811,512,GET,large_scan,72.900000,72.900000,270,310,340,350,400,480,570,640,900,900,900,1751,1751,240,290.6303214763136,92.02991699567065,2952.4502080166712,149.62992575671046
1777169811,512,GET,next_departures,274.600000,274.600000,270,310,330,350,390,480,560,580,960,2100,2100,6663,6663,240,280.45517063187947,87.05812500556931,2963.1504580029286,150.4990244634549
1777169811,512,GET,point_read,349.000000,251.100000,240,290,310,330,380,460,540,570,1100,2400,2400,8274,4825,210,251.9284794232338,83.16145799471997,3117.199250002159,121.3211264201112
1777169811,512,GET,trips_per_route,33.200000,33.100000,270,310,330,350,390,490,580,590,910,910,910,778,767,240,274.2233704143368,93.86541700223461,2542.8467500023544,149.09768637532133
1777169811,512,,Aggregated,762.100000,663.400000,260,300,330,340,390,470,550,580,930,2400,2400,18289,14811,230,267.9900624246834,83.16145799471997,3117.199250002159,137.09235059325277
1777169812,512,GET,bulk_update_departures,31.800000,31.100000,260,300,320,330,390,440,540,570,890,890,890,880,862,220,269.371467913284,99.83225000905804,2298.8207500020508,149.14318181818183
1777169812,512,GET,large_scan,71.300000,71.300000,270,310,340,350,390,480,570,640,900,900,900,1831,1831,240,286.41847514527444,92.02991699567065,2952.4502080166712,149.63134898962315
1777169812,512,GET,next_departures,273.500000,273.500000,270,310,340,350,390,480,560,580,960,2100,2100,6976,6976,230,276.5558069349435,87.05812500556931,2963.1504580029286,150.48738532110093
1777169812,512,GET,point_read,341.700000,240.700000,240,290,320,330,380,460,540,570,1100,2400,2400,8647,5118,210,248.59928935871716,83.16145799471997,3117.199250002159,121.92182259743264
1777169812,512,GET,trips_per_route,33.700000,33.500000,280,310,340,350,400,510,580,640,910,910,910,799,788,230,272.10361088899424,93.86541700223461,2542.8467500023544,149.12140175219025
1777169812,512,,Aggregated,752.000000,650.100000,260,300,330,340,390,470,550,580,930,2400,2400,19133,15575,220,264.3485741450891,83.16145799471997,3117.199250002159,137.37662677050122
1777169813,512,GET,bulk_update_departures,32.000000,31.300000,240,270,300,320,360,390,440,460,890,890,890,918,900,220,266.4749993777059,99.83225000905804,2298.8207500020508,149.17864923747277
1777169813,512,GET,large_scan,71.300000,71.300000,250,290,310,320,360,390,430,450,900,900,900,1922,1922,230,282.1935497689477,92.02991699567065,2952.4502080166712,149.6207075962539
1777169813,512,GET,next_departures,271.100000,271.100000,250,290,320,330,360,400,460,490,960,2100,2100,7268,7268,230,273.46058760058935,87.05812500556931,2963.1504580029286,150.47812328013208
1777169813,512,GET,point_read,340.400000,240.800000,220,260,290,310,340,380,430,460,1100,2400,2400,9049,5418,210,245.44056165059814,83.16145799471997,3117.199250002159,122.39319261796884
1777169813,512,GET,trips_per_route,32.800000,32.600000,260,290,310,330,360,400,460,510,910,910,910,837,825,230,268.72271348299734,93.86541700223461,2542.8467500023544,149.0836320191159
1777169813,512,,Aggregated,747.600000,647.100000,240,280,300,320,350,390,450,480,930,2400,2400,19994,16333,220,261.0995376776661,83.16145799471997,3117.199250002159,137.56682004601382
1777169814,512,GET,bulk_update_departures,32.400000,31.800000,220,260,290,310,340,380,440,460,890,890,890,954,936,220,264.50077342216645,99.83225000905804,2298.8207500020508,149.20964360587
1777169814,512,GET,large_scan,72.000000,72.000000,230,270,300,320,350,380,430,450,900,900,900,1997,1997,230,279.43582224989166,92.02991699567065,2952.4502080166712,149.62143214822234
1777169814,512,GET,next_departures,273.900000,273.900000,230,280,310,320,360,390,460,500,920,2100,2100,7606,7606,220,270.7239925355918,87.05812500556931,2963.1504580029286,150.4667367867473
1777169814,512,GET,point_read,338.900000,237.300000,210,250,290,300,340,380,430,470,1100,2400,2400,9431,5695,210,243.28201666645458,83.16145799471997,3117.199250002159,122.74615629307603
1777169814,512,GET,trips_per_route,31.700000,31.500000,240,280,310,320,350,390,460,500,910,910,910,878,866,220,265.93011737834814,93.86541700223461,2542.8467500023544,149.126423690205
1777169814,512,,Aggregated,748.900000,646.500000,220,270,300,310,350,380,450,490,920,2400,2400,20866,17100,220,258.668317087271,83.16145799471997,3117.199250002159,137.74283523435253
1777169815,512,GET,bulk_update_departures,34.200000,33.600000,210,250,280,300,330,370,420,460,500,500,500,990,972,210,261.97679958846,99.83225000905804,2298.8207500020508,149.23838383838384
1777169815,512,GET,large_scan,73.100000,73.100000,220,270,290,310,340,380,420,450,720,720,720,2075,2075,220,276.35953292721905,92.02991699567065,2952.4502080166712,149.6356626506024
1777169815,512,GET,next_departures,268.500000,268.500000,210,260,290,310,350,390,460,490,590,2100,2100,7953,7953,220,267.3907526062725,87.05812500556931,2963.1504580029286,150.46523324531623
1777169815,512,GET,point_read,338.300000,238.700000,210,240,280,300,330,360,420,460,640,2400,2400,9807,5972,210,240.5413274292247,83.16145799471997,3117.199250002159,123.09707351891507
1777169815,512,GET,trips_per_route,29.600000,29.400000,230,270,300,310,350,380,460,480,510,510,510,916,904,220,262.99380528622135,93.86541700223461,2542.8467500023544,149.1626637554585
1777169815,512,,Aggregated,743.700000,643.300000,210,260,290,300,340,380,440,480,630,2400,2400,21741,17876,210,255.7036402021442,83.16145799471997,3117.199250002159,137.92999402051424
1777169816,512,GET,bulk_update_departures,35.400000,34.800000,210,240,270,290,320,360,420,460,500,500,500,1029,1010,210,259.3909693562887,99.83225000905804,2298.8207500020508,149.22643343051507
1777169816,512,GET,large_scan,76.400000,76.400000,210,250,290,310,340,380,420,450,720,720,720,2132,2132,220,274.1593166796704,92.02991699567065,2952.4502080166712,149.6327392120075
1777169816,512,GET,next_departures,280.500000,280.500000,210,240,280,300,340,380,450,490,580,680,680,8289,8289,220,264.50657561885185,87.05812500556931,2963.1504580029286,150.45240680419835
1777169816,512,GET,point_read,346.900000,248.800000,200,220,260,290,330,360,420,460,550,670,670,10184,6248,200,237.99574655334683,83.16145799471997,3117.199250002159,123.41084053417124
1777169816,512,GET,trips_per_route,31.000000,30.700000,210,250,290,310,340,380,460,480,510,510,510,961,949,220,259.94914352778625,93.86541700223461,2542.8467500023544,149.2018730489074
1777169816,512,,Aggregated,770.200000,671.200000,200,240,280,300,340,370,440,470,550,720,720,22595,18628,210,253.0416369003243,83.16145799471997,3117.199250002159,138.07789333923435
1777169817,512,GET,bulk_update_departures,36.000000,35.500000,200,220,250,270,320,340,420,460,500,500,500,1056,1036,210,257.89644973930547,99.83225000905804,2298.8207500020508,149.2064393939394
1777169817,512,GET,large_scan,76.800000,76.800000,200,220,260,280,330,360,400,430,720,720,720,2201,2201,220,271.99706091733395,92.02991699567065,2952.4502080166712,149.63198546115402
1777169817,512,GET,next_departures,293.800000,293.800000,200,220,250,280,330,360,430,480,580,680,680,8577,8577,220,262.5464135815067,87.05812500556931,2963.1504580029286,150.44596012591816
1777169817,512,GET,point_read,359.900000,263.900000,200,210,230,250,310,340,380,440,550,670,670,10583,6540,200,235.86256863056533,83.16145799471997,3117.199250002159,123.71709345176227
1777169817,512,GET,trips_per_route,33.200000,33.000000,200,220,250,270,320,350,400,460,500,500,500,1012,999,210,257.13059425617087,93.86541700223461,2542.8467500023544,149.17885375494072
1777169817,512,,Aggregated,799.700000,703.000000,200,210,240,270,320,350,410,460,550,720,720,23429,19353,210,250.9374918475762,83.16145799471997,3117.199250002159,138.18532587818515
1777169818,512,GET,bulk_update_departures,36.400000,36.000000,200,210,260,300,390,440,490,500,530,530,530,1089,1069,210,262.6312323312486,99.83225000905804,2298.8207500020508,149.23048668503213
1777169818,512,GET,large_scan,76.700000,76.700000,200,220,270,300,370,420,480,520,720,720,720,2250,2250,220,275.32085438581026,92.02991699567065,2952.4502080166712,149.64
1777169818,512,GET,next_departures,301.100000,301.100000,200,220,270,310,390,440,490,510,580,680,680,8849,8849,220,267.44538136204574,87.05812500556931,2963.1504580029286,150.44072776584926
1777169818,512,GET,point_read,357.100000,256.600000,200,210,240,280,340,430,480,500,640,670,670,10916,6787,210,240.68015213750527,83.16145799471997,3117.199250002159,123.97645657750091
1777169818,512,GET,trips_per_route,34.000000,33.800000,200,220,260,290,350,420,470,490,500,500,500,1036,1023,210,260.7671794674908,93.86541700223461,2542.8467500023544,149.19787644787644
1777169818,512,,Aggregated,805.300000,704.200000,200,210,250,290,370,430,490,500,600,720,720,24140,19978,210,255.57252910981285,83.16145799471997,3117.199250002159,138.29113504556753
1777169819,512,GET,bulk_update_departures,37.700000,37.300000,200,220,280,300,360,420,470,500,530,530,530,1123,1102,220,263.8620777423475,99.83225000905804,2298.8207500020508,149.21638468388247
1777169819,512,GET,large_scan,75.300000,75.300000,200,220,270,290,350,400,470,520,720,720,720,2324,2324,220,276.0043067603228,92.02991699567065,2952.4502080166712,149.63984509466437
1777169819,512,GET,next_departures,305.400000,305.400000,200,220,270,300,360,420,480,510,580,680,680,9165,9165,220,268.305524318273,87.05812500556931,2963.1504580029286,150.4364429896345
1777169819,512,GET,point_read,364.100000,263.400000,200,210,250,280,340,420,480,500,640,670,670,11279,7032,210,241.97115489270593,83.16145799471997,3117.199250002159,124.09468924550049
1777169819,512,GET,trips_per_route,35.800000,35.600000,200,220,260,280,340,410,450,480,490,490,490,1061,1048,220,261.67593140644,93.86541700223461,2542.8467500023544,149.2167766258247
1777169819,512,,Aggregated,818.300000,717.000000,200,220,260,290,350,420,480,500,600,720,720,24952,20671,210,256.6368255790993,83.16145799471997,3117.199250002159,138.34826867585764
1777169820,512,GET,bulk_update_departures,36.900000,36.500000,200,210,280,310,400,460,500,530,550,550,550,1146,1124,220,266.68717227808634,99.83225000905804,2298.8207500020508,149.19633507853402
1777169820,512,GET,large_scan,73.200000,73.200000,200,210,250,280,370,450,520,540,720,720,720,2372,2372,230,278.0171769928586,92.02991699567065,2952.4502080166712,149.63575042158516
1777169820,512,GET,next_departures,301.400000,301.400000,200,220,260,300,400,460,510,530,590,680,680,9369,9369,220,270.78014810380694,87.05812500556931,2963.1504580029286,150.4376134059131
1777169820,512,GET,point_read,360.400000,262.400000,200,210,240,290,370,460,510,530,640,670,670,11559,7223,210,244.94067713895492,83.16145799471997,3117.199250002159,124.19266372523575
1777169820,512,GET,trips_per_route,35.400000,35.100000,200,210,230,280,370,430,490,520,550,550,550,1089,1076,220,264.0866715383459,93.86541700223461,2542.8467500023544,149.23691460055096
1777169820,512,,Aggregated,807.300000,708.600000,200,210,250,290,380,460,510,530,600,720,720,25535,21164,210,259.2864352142846,83.16145799471997,3117.199250002159,138.37583708635208
1777169821,512,GET,bulk_update_departures,35.200000,34.900000,200,230,290,330,400,460,500,530,550,550,550,1185,1163,220,266.50855335417276,99.83225000905804,2298.8207500020508,149.22278481012657
1777169821,512,GET,large_scan,71.300000,71.300000,210,230,280,300,370,450,520,550,860,860,860,2439,2439,230,278.13381503404435,92.02991699567065,2952.4502080166712,149.63468634686348
1777169821,512,GET,next_departures,302.300000,302.300000,210,240,290,320,410,460,510,540,870,880,880,9635,9635,220,271.32366719446304,87.05812500556931,2963.1504580029286,150.43331603528802
1777169821,512,GET,point_read,360.700000,261.500000,200,230,270,300,380,460,520,540,870,880,880,11978,7508,210,245.7309227971539,83.16145799471997,3117.199250002159,124.32492903656704
1777169821,512,GET,trips_per_route,35.400000,35.100000,210,220,270,300,370,430,490,520,550,550,550,1123,1110,220,264.8515965566833,93.86541700223461,2542.8467500023544,149.260017809439
1777169821,512,,Aggregated,804.900000,705.100000,210,230,280,310,390,460,510,540,860,880,880,26360,21855,220,259.83224128258183,83.16145799471997,3117.199250002159,138.39135053110775
1777169822,512,GET,bulk_update_departures,35.900000,35.500000,220,280,320,340,420,470,500,530,980,980,980,1210,1188,220,267.4361318625723,99.83225000905804,2298.8207500020508,149.2388429752066
1777169822,512,GET,large_scan,69.500000,69.500000,220,270,300,320,370,450,520,550,860,860,860,2515,2515,230,278.6018791069831,92.02991699567065,2952.4502080166712,149.64572564612325
1777169822,512,GET,next_departures,301.400000,301.400000,210,280,320,340,420,470,520,570,990,1100,1100,9850,9850,230,272.6512595901337,87.05812500556931,2963.1504580029286,150.43147208121826
1777169822,512,GET,point_read,362.600000,262.600000,210,260,300,320,390,470,520,560,980,1300,1300,12277,7723,210,246.74729080556267,83.16145799471997,3117.199250002159,124.47918872688767
1777169822,512,GET,trips_per_route,34.100000,33.900000,210,260,300,330,380,430,490,530,1000,1000,1000,1148,1135,220,266.3582762187797,93.86541700223461,2542.8467500023544,149.2761324041812
1777169822,512,,Aggregated,803.500000,702.900000,210,270,310,330,400,470,520,560,980,1300,1300,27000,22411,220,260.9256349181355,83.16145799471997,3117.199250002159,138.4551111111111
1777169823,512,GET,bulk_update_departures,36.400000,36.000000,220,280,310,340,410,470,500,530,980,980,980,1247,1225,220,265.7815284423759,99.83225000905804,2298.8207500020508,149.26142742582198
1777169823,512,GET,large_scan,68.500000,68.500000,230,270,310,330,380,450,520,550,860,860,860,2589,2589,230,276.61788648630613,92.02991699567065,2952.4502080166712,149.64542294322132
1777169823,512,GET,next_departures,300.000000,300.000000,220,270,310,330,410,470,520,570,1100,2600,2600,10227,10227,220,270.7242130556018,87.05812500556931,2963.1504580029286,150.425344675858
1777169823,512,GET,point_read,366.200000,266.300000,210,250,290,320,380,470,520,560,980,1300,1300,12725,8083,210,244.77860205119921,83.16145799471997,3117.199250002159,124.9026326129666
1777169823,512,GET,trips_per_route,33.400000,33.200000,210,260,290,320,370,430,490,530,1000,1000,1000,1195,1182,220,264.003730242805,93.86541700223461,2542.8467500023544,149.30460251046026
1777169823,512,,Aggregated,804.500000,704.000000,210,260,300,330,390,470,520,560,990,2600,2600,27983,23306,220,258.96372689640145,83.16145799471997,3117.199250002159,138.64725011614195
1777169824,512,GET,bulk_update_departures,34.300000,33.900000,220,280,310,340,420,470,500,530,980,980,980,1279,1255,220,264.07562614667233,95.12941597495228,2298.8207500020508,149.21501172791244
1777169824,512,GET,large_scan,66.300000,66.300000,230,270,310,320,370,450,520,540,860,860,860,2673,2673,230,274.31965827860625,92.02991699567065,2952.4502080166712,149.64646464646464
1777169824,512,GET,next_departures,287.200000,287.200000,220,270,310,340,410,470,520,570,1100,2600,2600,10516,10516,220,268.89363570189664,87.05812500556931,2963.1504580029286,150.42791936097376
1777169824,512,GET,point_read,359.300000,257.200000,210,260,290,320,380,460,520,560,980,1300,1300,13065,8324,210,242.9822504192416,83.16145799471997,3117.199250002159,125.03421354764639
1777169824,512,GET,trips_per_route,34.000000,33.800000,210,260,290,320,370,420,490,530,1000,1000,1000,1240,1226,220,261.76611748965263,93.86541700223461,2542.8467500023544,149.27822580645162
1777169824,512,,Aggregated,781.100000,678.400000,220,270,300,330,390,460,520,550,990,2600,2600,28773,23994,220,257.1107542792209,83.16145799471997,3117.199250002159,138.72130121989366
1777169825,512,GET,bulk_update_departures,31.900000,31.500000,240,290,330,350,420,470,500,530,980,980,980,1310,1286,220,264.34385092950777,95.12941597495228,2298.8207500020508,149.23358778625953
1777169825,512,GET,large_scan,67.400000,67.400000,240,280,310,330,390,450,520,540,860,860,860,2724,2724,230,274.0715954763621,92.02991699567065,2952.4502080166712,149.65308370044053
1777169825,512,GET,next_departures,285.300000,285.300000,240,290,330,340,420,470,520,570,1100,2600,2600,10735,10735,220,268.88366745844365,87.05812500556931,2963.1504580029286,150.41918956683745
1777169825,512,GET,point_read,354.000000,251.500000,220,260,300,320,390,470,520,560,980,1300,1300,13336,8495,210,242.5038597455457,83.16145799471997,3117.199250002159,125.0254949010198
1777169825,512,GET,trips_per_route,34.200000,34.000000,220,280,320,340,380,430,490,530,1000,1000,1000,1273,1259,220,262.2520624321272,93.86541700223461,2542.8467500023544,149.2969363707777
1777169825,512,,Aggregated,772.800000,669.700000,230,280,310,330,400,460,520,560,990,2600,2600,29378,24499,220,256.89992477378865,83.16145799471997,3117.199250002159,138.71931377221048
1777169826,512,GET,bulk_update_departures,32.000000,31.600000,250,300,340,350,420,470,500,530,980,980,980,1354,1330,220,263.64907457210717,95.12941597495228,2298.8207500020508,149.25849335302806
1777169826,512,GET,large_scan,64.800000,64.800000,250,290,320,340,400,450,520,550,880,880,880,2814,2814,230,273.0283199736122,92.02991699567065,2952.4502080166712,149.66417910447763
1777169826,512,GET,next_departures,286.300000,286.300000,250,300,330,350,420,470,520,570,1100,2600,2600,11118,11118,220,267.8735733005422,87.05812500556931,2963.1504580029286,150.4249865083648
1777169826,512,GET,point_read,357.600000,256.500000,230,270,310,330,400,470,520,560,980,1300,1300,13772,8839,210,241.5244401491938,83.16145799471997,3117.199250002159,125.35746442056346
1777169826,512,GET,trips_per_route,34.800000,34.700000,230,280,320,340,390,440,490,530,1000,1000,1000,1321,1306,220,261.0228490228497,93.86541700223461,2542.8467500023544,149.27403482210445
1777169826,512,,Aggregated,775.500000,673.900000,240,290,320,340,410,460,520,560,990,2600,2600,30379,25407,210,255.9197702566147,83.16145799471997,3117.199250002159,138.88837683926397
1777169827,512,GET,bulk_update_departures,31.900000,31.300000,230,290,320,340,390,440,500,530,980,980,980,1397,1373,220,261.68441846651746,95.12941597495228,2298.8207500020508,149.28131710808876
1777169827,512,GET,large_scan,66.200000,66.200000,230,280,300,320,370,440,490,550,880,880,880,2910,2910,220,270.6643620222692,92.02991699567065,2952.4502080166712,149.67525773195877
1777169827,512,GET,next_departures,284.000000,284.000000,240,280,320,330,390,440,520,570,1100,2600,2600,11421,11421,220,266.0907315792332,87.05812500556931,2963.1504580029286,150.41371158392434
1777169827,512,GET,point_read,357.300000,256.800000,220,260,290,310,360,450,510,560,980,1300,1300,14189,9152,210,239.6375369378143,83.16145799471997,3117.199250002159,125.57770103601382
1777169827,512,GET,trips_per_route,35.400000,35.200000,220,280,320,340,380,430,490,530,1000,1000,1000,1363,1348,220,259.08709817250127,93.86541700223461,2542.8467500023544,149.29640498899485
1777169827,512,,Aggregated,774.800000,673.500000,230,270,300,320,370,440,500,550,990,2600,2600,31280,26204,210,254.01475057125103,83.16145799471997,3117.199250002159,138.9798273657289
1777169828,512,GET,bulk_update_departures,32.300000,31.700000,220,260,290,300,350,400,480,530,980,980,980,1433,1408,210,260.1205642698336,93.93912501400337,2298.8207500020508,149.27006280530355
1777169828,512,GET,large_scan,65.300000,65.300000,210,250,280,300,340,390,460,530,880,880,880,2977,2977,220,269.1162430523617,92.02991699567065,2952.4502080166712,149.67349680886798
1777169828,512,GET,next_departures,278.200000,278.200000,220,250,280,300,350,400,480,540,1100,2600,2600,11764,11764,220,264.17020521984114,87.05812500556931,2963.1504580029286,150.4165249914995
1777169828,512,GET,point_read,352.000000,251.400000,210,230,260,280,330,390,480,540,980,1300,1300,14544,9398,210,238.03406423780257,83.16145799471997,3117.199250002159,125.65882838283828
1777169828,512,GET,trips_per_route,34.900000,34.700000,210,240,280,290,350,390,450,530,1000,1000,1000,1406,1390,210,257.28051604489116,93.86541700223461,2542.8467500023544,149.27311522048365
1777169828,512,,Aggregated,762.700000,661.300000,210,240,270,290,340,390,480,540,990,2600,2600,32124,26937,210,252.3133468498783,83.16145799471997,3117.199250002159,139.03754202465447
1777169829,512,GET,bulk_update_departures,32.100000,31.600000,210,240,280,290,360,410,480,530,980,980,980,1466,1441,210,260.23747016630745,93.93912501400337,2298.8207500020508,149.28649386084584
1777169829,512,GET,large_scan,66.300000,66.300000,210,240,270,290,340,420,460,520,880,880,880,3046,3046,220,268.9403358857738,92.02991699567065,2952.4502080166712,149.68089297439263
1777169829,512,GET,next_departures,275.800000,275.800000,210,250,280,300,350,410,480,540,1100,2600,2600,12051,12051,220,264.07091064404955,87.05812500556931,2963.1504580029286,150.4066052609742
1777169829,512,GET,point_read,349.400000,249.700000,210,230,250,280,330,390,480,540,980,1300,1300,14862,9587,210,238.101604529572,83.16145799471997,3117.199250002159,125.5829632620105
1777169829,512,GET,trips_per_route,34.700000,34.400000,210,240,280,290,350,400,450,530,1000,1000,1000,1433,1417,210,257.42338588700125,93.86541700223461,2542.8467500023544,149.28681088625262
1777169829,512,,Aggregated,758.300000,657.800000,210,240,270,290,340,400,480,540,990,2600,2600,32858,27542,210,252.31519560039874,83.16145799471997,3117.199250002159,139.01253880333556
1777169830,512,GET,bulk_update_departures,34.100000,33.700000,210,250,280,300,340,370,410,450,980,980,980,1499,1474,220,261.2526691787046,93.93912501400337,2298.8207500020508,149.3022014676451
1777169830,512,GET,large_scan,71.200000,71.200000,220,250,280,300,340,370,420,450,880,880,880,3122,3122,220,270.00951795773295,92.02991699567065,2952.4502080166712,149.68866111467008
1777169830,512,GET,next_departures,284.300000,284.300000,210,240,280,290,330,360,410,450,1100,2600,2600,12322,12322,220,264.92333284376986,87.05812500556931,2963.1504580029286,150.41592273981496
1777169830,512,GET,point_read,358.700000,259.300000,210,230,250,270,320,350,380,430,980,1300,1300,15221,9883,210,239.38670228222674,83.16145799471997,3117.199250002159,125.87392418369357
1777169830,512,GET,trips_per_route,35.600000,35.400000,210,240,280,290,350,380,400,430,1000,1000,1000,1465,1448,220,258.7578978504725,93.86541700223461,2542.8467500023544,149.259385665529
1777169830,512,,Aggregated,783.900000,683.900000,210,240,260,280,330,360,400,440,990,2600,2600,33629,28249,210,253.40503997301707,83.16145799471997,3117.199250002159,139.14029557822118
1777169831,512,GET,bulk_update_departures,34.200000,33.700000,210,250,280,300,340,370,410,450,450,450,450,1529,1504,220,261.5614844773501,93.93912501400337,2298.8207500020508,149.31589274035318
1777169831,512,GET,large_scan,72.500000,72.500000,220,250,280,300,340,360,410,430,880,880,880,3197,3197,220,270.13565579228884,92.02991699567065,2952.4502080166712,149.6959649671567
1777169831,512,GET,next_departures,290.300000,290.300000,210,250,280,290,330,360,400,430,840,2600,2600,12623,12623,220,265.3201224891205,87.05812500556931,2963.1504580029286,150.40600491166919
1777169831,512,GET,point_read,362.000000,260.300000,210,230,260,280,320,350,370,400,470,1300,1300,15586,10127,210,240.08684205253607,83.16145799471997,3117.199250002159,125.90549210830233
1777169831,512,GET,trips_per_route,36.500000,36.200000,210,230,270,290,340,370,400,420,450,450,450,1486,1469,220,259.1921250133712,93.86541700223461,2542.8467500023544,149.2698519515478
1777169831,512,,Aggregated,795.500000,693.000000,210,240,270,290,330,350,390,420,480,2600,2600,34421,28920,220,253.91011665886305,83.16145799471997,3117.199250002159,139.14863019668226
1777169832,512,GET,bulk_update_departures,34.700000,34.300000,210,240,280,310,340,370,410,450,450,450,450,1551,1526,220,262.12615088132156,93.93912501400337,2298.8207500020508,149.32559638942618
1777169832,512,GET,large_scan,73.200000,73.200000,220,240,280,290,340,370,410,440,880,880,880,3252,3252,230,270.57524316732685,92.02991699567065,2952.4502080166712,149.69280442804427
1777169832,512,GET,next_departures,291.600000,291.600000,220,250,280,300,340,360,400,430,840,2600,2600,12853,12853,220,265.7813966019625,87.05812500556931,2963.1504580029286,150.41430016338597
1777169832,512,GET,point_read,360.500000,257.700000,210,230,260,280,330,350,380,410,470,520,520,15831,10298,210,240.8613115129794,83.16145799471997,3117.199250002159,125.95717263596741
1777169832,512,GET,trips_per_route,37.400000,37.100000,210,230,260,300,340,380,400,420,450,450,450,1515,1497,220,259.69281882497563,93.86541700223461,2542.8467500023544,149.24092409240924
1777169832,512,,Aggregated,797.400000,693.900000,210,240,270,290,330,360,400,420,470,2600,2600,35002,29426,220,254.53021782766606,83.16145799471997,3117.199250002159,139.1865607679561
1777169833,512,GET,bulk_update_departures,33.400000,33.100000,220,280,310,320,350,380,450,450,470,470,470,1585,1560,220,263.29182900553747,93.93912501400337,2298.8207500020508,149.34006309148265
1777169833,512,GET,large_scan,73.800000,73.800000,220,270,300,320,350,390,430,450,880,880,880,3305,3305,230,271.54778467874155,92.02991699567065,2952.4502080166712,149.69773071104387
1777169833,512,GET,next_departures,290.900000,290.900000,230,270,300,320,350,390,420,440,480,840,840,13113,13113,220,266.90186873875706,87.05812500556931,2963.1504580029286,150.40608556394417
1777169833,512,GET,point_read,356.100000,255.900000,220,260,290,300,340,370,410,440,470,580,580,16200,10568,210,242.05997579833533,83.16145799471997,3117.199250002159,126.08401234567901
1777169833,512,GET,trips_per_route,36.900000,36.500000,220,260,310,320,360,390,420,430,460,460,460,1553,1535,220,261.0716056451044,93.86541700223461,2542.8467500023544,149.25949774629748
1777169833,512,,Aggregated,791.100000,690.200000,220,260,290,310,350,380,420,440,480,880,880,35756,30081,220,255.66290954268513,83.16145799471997,3117.199250002159,139.22393444456875
1777169834,512,GET,bulk_update_departures,34.200000,33.900000,230,290,320,330,350,380,450,450,470,470,470,1619,1594,220,262.7978995106591,93.93912501400337,2298.8207500020508,149.3539221741816
1777169834,512,GET,large_scan,75.500000,75.500000,230,280,310,330,360,390,430,450,880,880,880,3388,3388,230,271.306333526665,92.02991699567065,2952.4502080166712,149.70513577331758
1777169834,512,GET,next_departures,299.100000,299.100000,240,280,310,320,350,390,430,450,760,840,840,13421,13421,220,266.7868543585692,87.05812500556931,2963.1504580029286,150.41166828105207
1777169834,512,GET,point_read,358.100000,259.200000,220,270,300,310,350,370,420,450,760,780,780,16566,10817,210,241.88908059494898,83.16145799471997,3117.199250002159,126.12676566461427
1777169834,512,GET,trips_per_route,36.500000,36.100000,230,290,310,330,370,390,430,450,760,760,760,1593,1575,220,261.27162805075636,93.86541700223461,2542.8467500023544,149.278091650973
1777169834,512,,Aggregated,803.400000,703.800000,230,280,300,320,350,380,430,450,760,880,880,36587,30795,220,255.51540826695893,83.16145799471997,3117.199250002159,139.25427064257798
1777169835,512,GET,bulk_update_departures,34.000000,33.700000,230,280,310,320,340,370,430,450,470,470,470,1665,1639,220,262.8875402485296,93.93912501400337,2298.8207500020508,149.34654654654653
1777169835,512,GET,large_scan,72.800000,72.800000,230,280,310,330,360,390,430,450,880,880,880,3454,3454,230,271.0587011769721,92.02991699567065,2952.4502080166712,149.70295309785755
1777169835,512,GET,next_departures,294.100000,294.100000,230,280,300,320,350,390,430,450,760,840,840,13752,13752,220,266.5798840148108,87.05812500556931,2963.1504580029286,150.4053955788249
1777169835,512,GET,point_read,352.500000,254.600000,220,270,300,310,350,370,420,440,760,780,780,16954,11125,210,241.64429623843463,83.16145799471997,3117.199250002159,126.34900318508906
1777169835,512,GET,trips_per_route,35.700000,35.200000,220,270,310,320,360,390,430,450,760,760,760,1636,1618,220,260.98190318578656,93.86541700223461,2542.8467500023544,149.29706601466992
1777169835,512,,Aggregated,789.100000,690.400000,220,270,300,320,350,380,420,440,760,880,880,37461,31588,220,255.29897401001372,83.16145799471997,3117.199250002159,139.3577854301807
1777169836,512,GET,bulk_update_departures,34.000000,33.700000,230,280,310,320,340,370,430,450,470,470,470,1698,1672,220,261.8861784008588,93.93912501400337,2298.8207500020508,149.35924617196702
1777169836,512,GET,large_scan,72.500000,72.500000,240,280,310,330,360,390,420,450,770,770,770,3525,3525,230,270.2050006684867,92.02991699567065,2952.4502080166712,149.70127659574467
1777169836,512,GET,next_departures,293.100000,293.100000,230,280,310,320,350,390,430,450,760,800,800,14054,14054,220,265.9128057404892,87.05812500556931,2963.1504580029286,150.4002419240074
1777169836,512,GET,point_read,351.300000,252.300000,220,270,300,320,350,370,420,440,760,780,780,17334,11397,210,240.74967556052104,83.16145799471997,3117.199250002159,126.43879081573786
1777169836,512,GET,trips_per_route,36.200000,35.700000,220,270,310,330,360,390,430,450,760,760,760,1677,1658,220,260.01197775538395,93.86541700223461,2542.8467500023544,149.27668455575431
1777169836,512,,Aggregated,787.100000,687.300000,230,280,300,320,350,380,420,440,760,800,800,38288,32306,220,254.47892010603204,83.16145799471997,3117.199250002159,139.39252507312997
1777169837,512,GET,bulk_update_departures,35.100000,35.000000,230,280,310,320,340,370,430,450,470,470,470,1735,1707,220,260.6423616787232,93.93912501400337,2298.8207500020508,149.3250720461095
1777169837,512,GET,large_scan,70.700000,70.700000,240,280,310,330,360,390,420,450,770,770,770,3600,3600,220,268.91345552735504,92.02991699567065,2952.4502080166712,149.7075
1777169837,512,GET,next_departures,290.600000,290.600000,230,280,310,320,350,390,430,450,760,800,800,14361,14361,220,264.5708276697349,87.05812500556931,2963.1504580029286,150.4021307708377
1777169837,512,GET,point_read,352.400000,251.600000,220,270,300,320,350,370,420,440,760,780,780,17742,11695,210,239.3420892000325,83.16145799471997,3117.199250002159,126.55393980385526
1777169837,512,GET,trips_per_route,35.200000,34.800000,230,270,310,330,360,390,430,450,760,760,760,1714,1695,220,258.78073139540805,93.86541700223461,2542.8467500023544,149.29229871645273
1777169837,512,,Aggregated,784.000000,682.700000,230,280,300,320,350,380,420,440,760,800,800,39152,33058,220,253.10998451611272,83.16145799471997,3117.199250002159,139.43497139354312
1777169838,512,GET,bulk_update_departures,33.500000,33.300000,230,280,310,320,340,360,430,450,470,470,470,1779,1751,220,259.38424914300833,93.93912501400337,2298.8207500020508,149.34176503653737
1777169838,512,GET,large_scan,69.800000,69.800000,240,280,310,330,360,390,420,450,770,770,770,3672,3672,220,267.8595477315702,92.02991699567065,2952.4502080166712,149.71323529411765
1777169838,512,GET,next_departures,286.000000,286.000000,240,280,310,320,360,390,430,450,760,800,800,14672,14672,220,263.5050230397345,87.05812500556931,2963.1504580029286,150.3970147219193
1777169838,512,GET,point_read,346.800000,248.000000,220,270,300,320,350,370,420,440,760,780,780,18130,11993,210,238.3577336339319,83.16145799471997,3117.199250002159,126.7142305570877
1777169838,512,GET,trips_per_route,34.900000,34.500000,230,270,310,330,360,390,430,450,760,760,760,1756,1737,220,257.7316682481253,93.86541700223461,2542.8467500023544,149.30922551252849
1777169838,512,,Aggregated,771.000000,671.600000,230,280,310,320,350,380,420,440,760,800,800,40009,33825,220,252.07261008177187,83.16145799471997,3117.199250002159,139.50778574820666
1777169839,512,GET,bulk_update_departures,34.200000,34.000000,220,260,290,310,340,350,420,440,470,470,470,1810,1781,220,258.6325959798215,93.93912501400337,2298.8207500020508,149.32983425414363
1777169839,512,GET,large_scan,70.500000,70.500000,230,270,300,320,350,370,410,430,770,770,770,3742,3742,220,266.84249146638905,92.02991699567065,2952.4502080166712,149.71138428647782
1777169839,512,GET,next_departures,292.500000,292.500000,230,260,300,320,350,380,420,430,760,800,800,15003,15003,220,262.2860681589125,87.05812500556931,2963.1504580029286,150.39492101579685
1777169839,512,GET,point_read,352.300000,251.900000,220,250,290,300,340,370,410,440,760,780,780,18528,12296,210,237.30566451173908,83.16145799471997,3117.199250002159,126.86150690846287
1777169839,512,GET,trips_per_route,35.100000,34.700000,220,260,290,320,360,390,430,450,760,760,760,1786,1766,220,256.80531167337153,93.86541700223461,2542.8467500023544,149.28499440089587
1777169839,512,,Aggregated,784.600000,683.600000,220,260,290,310,350,370,420,440,760,800,800,40869,34588,210,250.9770515819083,83.16145799471997,3117.199250002159,139.5677652988818
1777169840,512,GET,bulk_update_departures,33.700000,33.300000,220,240,280,290,330,350,420,440,470,470,470,1843,1813,220,257.92356751578353,93.93912501400337,2298.8207500020508,149.31904503526857
1777169840,512,GET,large_scan,68.800000,68.800000,220,250,280,290,340,370,410,430,770,770,770,3806,3806,220,266.0948666112306,92.02991699567065,2952.4502080166712,149.71623751970571
1777169840,512,GET,next_departures,291.100000,291.100000,220,240,270,300,340,370,420,430,760,800,800,15285,15285,220,261.52408636520505,87.05812500556931,2963.1504580029286,150.3892705266601
1777169840,512,GET,point_read,354.800000,253.800000,210,230,260,290,330,370,410,440,760,780,780,18878,12549,210,236.58715161184946,83.16145799471997,3117.199250002159,126.9378641805276
1777169840,512,GET,trips_per_route,35.000000,34.600000,220,240,270,290,340,380,420,450,760,760,760,1821,1799,220,256.124860645621,93.86541700223461,2542.8467500023544,149.22899505766063
1777169840,512,,Aggregated,783.400000,681.600000,210,240,270,290,330,370,420,440,760,800,800,41633,35252,210,250.23902857613604,83.16145799471997,3117.199250002159,139.59584944635264
1777169841,512,GET,bulk_update_departures,34.700000,34.400000,220,250,280,300,330,360,420,440,470,470,470,1880,1849,220,258.37719571094607,93.93912501400337,2298.8207500020508,149.31010638297872
1777169841,512,GET,large_scan,68.400000,68.400000,220,250,280,300,350,370,410,430,770,770,770,3858,3858,220,266.5336344573154,92.02991699567065,2952.4502080166712,149.72006220839813
1777169841,512,GET,next_departures,287.600000,287.600000,220,250,280,300,340,380,420,430,760,800,800,15545,15545,220,262.02607328454275,87.05812500556931,2963.1504580029286,150.38919266645223
1777169841,512,GET,point_read,355.000000,255.900000,210,230,270,290,330,370,420,440,760,780,780,19165,12733,210,237.04440830298552,83.16145799471997,3117.199250002159,126.91270545264805
1777169841,512,GET,trips_per_route,35.100000,34.800000,220,240,270,290,340,380,420,450,760,760,760,1847,1824,220,256.5880706938911,93.86541700223461,2542.8467500023544,149.20573903627505
1777169841,512,,Aggregated,780.800000,681.100000,210,240,280,300,340,370,420,440,760,800,800,42295,35809,220,250.71770778057663,83.16145799471997,3117.199250002159,139.5906844780707
1777169842,512,GET,bulk_update_departures,34.400000,34.000000,220,250,280,300,330,360,370,430,470,470,470,1916,1885,220,259.05222647943333,93.93912501400337,2298.8207500020508,149.3230688935282
1777169842,512,GET,large_scan,69.100000,69.100000,220,260,280,300,340,370,400,420,770,770,770,3943,3943,230,267.1441110467771,92.02991699567065,2952.4502080166712,149.7192493025615
1777169842,512,GET,next_departures,295.500000,295.500000,220,250,280,300,340,370,400,430,760,800,800,15855,15855,220,262.56148242046015,87.05812500556931,2963.1504580029286,150.3847366761274
1777169842,512,GET,point_read,366.000000,270.300000,210,240,270,290,330,360,390,420,760,780,780,19536,13004,210,237.91005301757068,83.16145799471997,3117.199250002159,126.99846437346437
1777169842,512,GET,trips_per_route,35.300000,34.900000,220,240,280,300,340,380,410,450,760,760,760,1891,1867,220,257.37149679994786,93.86541700223461,2542.8467500023544,149.1909042834479
1777169842,512,,Aggregated,800.300000,703.800000,220,240,280,300,330,370,400,430,760,800,800,43141,36554,220,251.43380764860456,83.16145799471997,3117.199250002159,139.63417630560255
1777169843,512,GET,bulk_update_departures,34.800000,34.300000,220,240,270,290,320,360,400,420,550,550,550,1931,1900,220,259.435042152045,93.93912501400337,2298.8207500020508,149.32832729155876
1777169843,512,GET,large_scan,68.000000,68.000000,220,250,280,300,350,370,400,430,770,770,770,3995,3995,230,267.9635876674366,92.02991699567065,2952.4502080166712,149.70938673341678
1777169843,512,GET,next_departures,294.900000,294.900000,220,240,270,300,340,380,440,550,760,800,800,16064,16064,220,263.9082906436393,87.05812500556931,2963.1504580029286,150.38595617529882
1777169843,512,GET,point_read,364.100000,265.000000,210,230,260,280,330,370,420,510,760,780,780,19779,13149,210,239.3327258960107,83.16145799471997,3117.199250002159,126.9398351787249
1777169843,512,GET,trips_per_route,35.600000,35.100000,220,240,270,280,340,370,410,440,760,760,760,1915,1891,220,258.05469240040964,93.86541700223461,2542.8467500023544,149.20104438642298
1777169843,512,,Aggregated,797.400000,697.300000,210,240,270,290,340,370,420,510,760,800,800,43684,36999,220,252.69762616679958,83.16145799471997,3117.199250002159,139.60958245581907
1777169844,512,GET,bulk_update_departures,35.900000,35.300000,230,260,300,310,360,400,500,600,800,800,800,1976,1945,220,261.6849625205373,93.93912501400337,2298.8207500020508,149.34362348178138
1777169844,512,GET,large_scan,67.200000,67.200000,230,270,290,310,360,390,450,550,640,640,640,4067,4067,230,269.0847875956326,92.02991699567065,2952.4502080166712,149.71453159577084
1777169844,512,GET,next_departures,295.300000,295.300000,230,260,300,310,360,400,540,600,740,810,810,16371,16371,220,265.3239637081062,87.05812500556931,2963.1504580029286,150.38482682792744
1777169844,512,GET,point_read,365.400000,268.100000,220,250,290,310,360,380,490,570,680,830,830,20212,13439,210,240.8460145269508,83.16145799471997,3117.199250002159,126.94701167623194
1777169844,512,GET,trips_per_route,36.100000,35.500000,220,250,290,310,350,390,500,600,760,760,760,1952,1928,220,259.9759700905914,93.86541700223461,2542.8467500023544,149.21618852459017
1777169844,512,,Aggregated,799.900000,701.400000,220,260,290,310,360,390,500,580,750,830,830,44578,37750,220,254.17310480939142,83.16145799471997,3117.199250002159,139.5994661043564
1777169845,512,GET,bulk_update_departures,36.100000,35.500000,230,260,300,310,350,380,500,600,800,800,800,2010,1979,220,261.95821095799823,93.93912501400337,2298.8207500020508,149.3547263681592
1777169845,512,GET,large_scan,68.900000,68.900000,240,270,300,320,360,380,450,550,640,640,640,4127,4127,230,269.50127484236776,92.02991699567065,2952.4502080166712,149.71868185122364
1777169845,512,GET,next_departures,298.400000,298.400000,230,270,300,310,360,390,540,600,740,810,810,16623,16623,230,265.6625565352646,87.05812500556931,2963.1504580029286,150.38500872285388
1777169845,512,GET,point_read,366.500000,266.600000,220,260,290,310,360,380,490,570,680,830,830,20518,13680,210,241.45744218524575,83.16145799471997,3117.199250002159,127.07232673749878
1777169845,512,GET,trips_per_route,37.700000,37.100000,230,260,300,310,350,390,500,600,760,760,760,1977,1953,220,260.4072441562138,93.86541700223461,2542.8467500023544,149.22610015174507
1777169845,512,,Aggregated,807.600000,706.500000,230,260,300,310,360,390,500,580,750,830,830,45255,38362,220,254.64424622780922,83.16145799471997,3117.199250002159,139.65820351342393
1777169846,512,GET,bulk_update_departures,35.400000,34.800000,220,260,290,310,350,380,480,600,800,800,800,2062,2028,220,260.2097531060203,93.93912501400337,2298.8207500020508,149.31086323957322
1777169846,512,GET,large_scan,69.200000,69.200000,230,270,300,320,360,380,450,550,640,640,640,4214,4214,230,268.1147595079418,92.02991699567065,2952.4502080166712,149.71808258186996
1777169846,512,GET,next_departures,298.800000,298.800000,230,260,300,310,350,390,540,600,740,810,810,16944,16944,220,264.43520006473767,87.05812500556931,2963.1504580029286,150.38214117091596
1777169846,512,GET,point_read,363.600000,263.800000,220,250,280,310,350,380,490,570,680,830,830,20952,14022,210,240.23979767719356,83.16145799471997,3117.199250002159,127.24560901107293
1777169846,512,GET,trips_per_route,36.400000,35.800000,230,260,300,310,350,390,500,600,760,760,760,2011,1986,220,259.3782610152392,93.86541700223461,2542.8467500023544,149.20735952262555
1777169846,512,,Aggregated,803.400000,702.400000,220,260,290,310,350,380,500,580,750,830,830,46183,39194,220,253.38527296196162,83.16145799471997,3117.199250002159,139.72613299265964
1777169847,512,GET,bulk_update_departures,33.800000,33.200000,220,260,290,310,350,380,480,600,800,800,800,2099,2064,220,259.10905855537,93.93912501400337,2298.8207500020508,149.30300142925202
1777169847,512,GET,large_scan,66.600000,66.600000,230,270,300,320,360,380,450,550,640,640,640,4287,4287,230,266.9583337090118,92.02991699567065,2952.4502080166712,149.72288313505948
1777169847,512,GET,next_departures,286.700000,286.700000,230,260,300,310,350,390,540,600,740,810,810,17278,17278,220,263.13867157079045,87.05812500556931,2963.1504580029286,150.37620094918393
1777169847,512,GET,point_read,352.800000,250.400000,220,250,280,310,350,380,490,570,680,830,830,21333,14293,210,238.99768835928742,83.16145799471997,3117.199250002159,127.2971452678948
1777169847,512,GET,trips_per_route,34.800000,34.200000,220,260,290,310,350,390,500,600,760,760,760,2059,2034,220,257.8931852587065,93.86541700223461,2542.8467500023544,149.2258377853327
1777169847,512,,Aggregated,774.700000,671.100000,220,260,290,310,350,380,500,580,750,830,830,47056,39956,220,252.13299073730894,83.16145799471997,3117.199250002159,139.7555040802448
1777169848,512,GET,bulk_update_departures,34.800000,34.300000,230,270,300,310,350,400,500,600,800,800,800,2128,2093,220,258.98850087675845,93.93912501400337,2298.8207500020508,149.3125
1777169848,512,GET,large_scan,68.600000,68.600000,240,280,300,320,360,390,450,550,640,640,640,4350,4350,230,266.7994626014742,92.02991699567065,2952.4502080166712,149.7206896551724
1777169848,512,GET,next_departures,293.200000,293.200000,230,270,300,320,360,400,540,600,740,810,810,17532,17532,220,262.9316061339857,87.05812500556931,2963.1504580029286,150.37930641113394
1777169848,512,GET,point_read,364.100000,263.200000,220,260,290,310,360,380,490,570,680,830,830,21642,14455,210,238.6817262988809,83.16145799471997,3117.199250002159,127.15382127344978
1777169848,512,GET,trips_per_route,35.100000,34.500000,230,270,300,310,350,390,500,600,760,760,760,2083,2057,220,257.82468178429605,93.86541700223461,2542.8467500023544,149.20451272203553
1777169848,512,,Aggregated,795.800000,693.800000,230,270,300,310,360,390,500,590,750,830,830,47735,40487,220,251.89108292951363,83.16145799471997,3117.199250002159,139.6905415313711
1777169849,512,GET,bulk_update_departures,35.800000,35.000000,220,260,300,310,350,400,480,600,800,800,800,2177,2142,220,257.96573301778847,93.93912501400337,2298.8207500020508,149.32797427652733
1777169849,512,GET,large_scan,68.800000,68.800000,230,270,300,320,360,390,450,550,640,640,640,4441,4441,220,265.7193329462694,92.02991699567065,2952.4502080166712,149.7264129700518
1777169849,512,GET,next_departures,287.800000,287.800000,230,270,300,320,360,400,540,600,740,810,810,17878,17878,220,262.00028976682137,87.05812500556931,2963.1504580029286,150.3747622776597
1777169849,512,GET,point_read,359.200000,259.900000,220,260,290,310,360,380,490,570,680,830,830,22101,14873,210,238.0646234944685,83.16145799471997,3117.199250002159,127.50088231301751
1777169849,512,GET,trips_per_route,33.600000,33.000000,230,270,300,310,350,390,500,600,760,760,760,2118,2092,220,257.0887482232188,93.86541700223461,2542.8467500023544,149.2176581680831
1777169849,512,,Aggregated,785.300000,684.500000,230,270,300,310,360,390,500,580,750,830,830,48715,41426,220,251.0863666516156,83.16145799471997,3117.199250002159,139.84115775428512
1777169850,512,GET,bulk_update_departures,35.900000,35.200000,220,260,280,310,350,380,480,600,800,800,800,2224,2188,220,257.2371388586813,93.93912501400337,2298.8207500020508,149.3232913669065
1777169850,512,GET,large_scan,69.100000,69.100000,240,270,300,320,360,390,450,540,640,640,640,4518,4518,220,265.2685397918094,92.02991699567065,2952.4502080166712,149.72509960159363
1777169850,512,GET,next_departures,291.500000,291.500000,230,270,300,320,360,400,540,600,740,810,810,18177,18177,220,261.4712111132286,87.05812500556931,2963.1504580029286,150.37547450074268
1777169850,512,GET,point_read,357.900000,258.600000,220,260,290,310,360,380,490,570,680,830,830,22456,15109,210,237.54723165545735,83.16145799471997,3117.199250002159,127.49167260420377
1777169850,512,GET,trips_per_route,34.100000,33.500000,230,270,300,310,350,390,500,600,760,760,760,2149,2122,220,256.7778750724687,93.86541700223461,2542.8467500023544,149.1996277338297
1777169850,512,,Aggregated,788.500000,687.900000,230,270,290,310,360,390,500,580,750,830,830,49524,42114,220,250.57582488474364,83.16145799471997,3117.199250002159,139.84151118649544
1777169851,512,GET,bulk_update_departures,35.100000,34.400000,220,250,270,290,340,380,480,600,800,800,800,2264,2228,220,256.7402679406084,93.93912501400337,2298.8207500020508,149.33524734982333
1777169851,512,GET,large_scan,68.300000,68.300000,230,260,280,300,350,380,450,540,640,640,640,4592,4592,220,264.6872425939427,92.02991699567065,2952.4502080166712,149.72952961672473
1777169851,512,GET,next_departures,290.200000,290.200000,220,250,280,300,350,390,540,600,740,810,810,18508,18508,220,260.87019414086706,87.05812500556931,2963.1504580029286,150.37011022260643
1777169851,512,GET,point_read,356.000000,251.000000,210,240,270,290,340,380,490,570,680,830,830,22810,15378,210,237.0022244926623,83.16145799471997,3117.199250002159,127.58487505480052
1777169851,512,GET,trips_per_route,32.600000,31.900000,220,250,280,300,350,380,500,600,760,760,760,2179,2152,220,256.30773332116576,93.86541700223461,2542.8467500023544,149.21064708581918
1777169851,512,,Aggregated,782.200000,675.800000,220,250,280,300,350,380,500,580,750,830,830,50353,42858,220,250.02293069633652,83.16145799471997,3117.199250002159,139.89323376958671
1777169852,512,GET,bulk_update_departures,36.000000,35.400000,220,240,260,270,340,400,480,600,800,800,800,2276,2240,220,256.85684982404536,93.93912501400337,2298.8207500020508,149.33875219683657
1777169852,512,GET,large_scan,69.100000,69.100000,220,250,280,300,360,390,460,550,640,640,640,4648,4648,230,264.86036486861656,92.02991699567065,2952.4502080166712,149.71536144578315
1777169852,512,GET,next_departures,283.600000,283.600000,220,250,270,290,350,410,540,600,740,810,810,18709,18709,220,261.05507114993736,87.05812500556931,2963.1504580029286,150.37548773317656
1777169852,512,GET,point_read,353.500000,253.900000,210,240,270,290,350,390,500,570,680,830,830,23025,15493,210,237.04687736384287,83.16145799471997,3117.199250002159,127.49554831704668
1777169852,512,GET,trips_per_route,32.700000,32.100000,220,250,280,300,350,430,500,600,760,760,760,2206,2179,220,256.86915204164734,93.86541700223461,2542.8467500023544,149.22030825022665
1777169852,512,,Aggregated,774.900000,674.100000,220,240,270,290,350,400,500,590,750,830,830,50864,43269,220,250.16542530983583,83.16145799471997,3117.199250002159,139.86143441333752
1777169853,512,GET,bulk_update_departures,38.300000,37.700000,220,250,270,300,370,430,510,600,670,670,670,2318,2282,220,259.3363579018733,93.93912501400337,2298.8207500020508,149.35073339085417
1777169853,512,GET,large_scan,71.700000,71.700000,230,260,280,310,370,420,500,520,670,670,670,4735,4735,230,266.8834775327245,92.02991699567065,2952.4502080166712,149.7205913410771
1777169853,512,GET,next_departures,291.400000,291.400000,220,250,280,300,360,420,490,550,670,680,680,19048,19048,220,263.1287381446295,87.05812500556931,2963.1504580029286,150.36880512389752
1777169853,512,GET,point_read,357.700000,255.900000,210,240,270,290,350,400,470,530,660,660,660,23433,15767,210,239.3126900851993,83.16145799471997,3117.199250002159,127.49349208381342
1777169853,512,GET,trips_per_route,33.300000,32.800000,230,250,290,320,380,450,490,510,670,670,670,2255,2228,220,259.49128310587423,93.86541700223461,2542.8467500023544,149.23725055432374
1777169853,512,,Aggregated,792.400000,689.500000,220,250,280,300,360,420,490,540,660,680,680,51789,44060,220,252.36784371359215,83.16145799471997,3117.199250002159,139.86429550676786
1777169854,512,GET,bulk_update_departures,37.400000,36.900000,220,260,280,310,400,470,500,560,670,670,670,2355,2319,220,261.1189487034177,93.93912501400337,2298.8207500020508,149.36093418259023
1777169854,512,GET,large_scan,71.200000,71.200000,230,260,300,320,380,430,500,520,670,670,670,4795,4795,230,267.8902760593316,92.02991699567065,2952.4502080166712,149.72408759124087
1777169854,512,GET,next_departures,288.400000,288.400000,220,260,290,310,380,450,490,530,670,680,680,19277,19277,220,264.26796828540085,87.05812500556931,2963.1504580029286,150.3735021009493
1777169854,512,GET,point_read,353.600000,253.600000,210,240,280,300,360,420,490,530,660,660,660,23709,15965,210,240.28002006851878,83.16145799471997,3117.199250002159,127.52878653675819
1777169854,512,GET,trips_per_route,32.400000,32.000000,230,260,300,320,410,460,500,510,670,670,670,2280,2253,220,260.6290225091103,93.86541700223461,2542.8467500023544,149.24561403508773
1777169854,512,,Aggregated,783.000000,682.100000,220,250,280,310,370,440,490,530,660,680,680,52416,44609,220,253.44924812393342,83.16145799471997,3117.199250002159,139.88633241758242
1777169855,512,GET,bulk_update_departures,36.700000,36.200000,220,260,290,320,400,480,510,650,720,720,720,2378,2342,220,261.8439306444663,93.93912501400337,2298.8207500020508,149.36711522287638
1777169855,512,GET,large_scan,70.900000,70.900000,230,270,300,330,410,500,710,740,760,760,760,4852,4852,230,270.0892625365509,92.02991699567065,2952.4502080166712,149.72176422093983
1777169855,512,GET,next_departures,290.000000,290.000000,230,260,300,320,410,480,660,720,750,750,750,19525,19525,230,266.00208479372355,87.05812500556931,2963.1504580029286,150.37387964148527
1777169855,512,GET,point_read,351.500000,251.500000,210,250,280,310,380,460,650,710,750,750,750,24008,16133,210,241.9886826825898,83.16145799471997,3117.199250002159,127.43352215928024
1777169855,512,GET,trips_per_route,32.000000,31.700000,230,280,320,350,430,490,670,720,750,750,750,2319,2291,220,262.6470505531165,93.86541700223461,2542.8467500023544,149.23113410952996
1777169855,512,,Aggregated,781.100000,680.300000,220,260,290,320,400,470,660,720,750,760,760,53082,45143,220,255.18201044749142,83.16145799471997,3117.199250002159,139.8437511774236
1777169856,512,GET,bulk_update_departures,37.400000,36.900000,240,270,320,340,420,480,520,650,720,720,720,2405,2368,220,262.26920203966273,93.93912501400337,2298.8207500020508,149.35717255717256
1777169856,512,GET,large_scan,72.700000,72.700000,250,290,320,340,430,500,710,740,760,760,760,4928,4928,230,270.6254746587559,92.02991699567065,2952.4502080166712,149.72605519480518
1777169856,512,GET,next_departures,287.600000,287.600000,240,280,320,340,420,480,660,720,750,750,750,19739,19739,230,266.4511139144569,87.05812500556931,2963.1504580029286,150.37362581691067
1777169856,512,GET,point_read,352.700000,249.100000,230,280,310,320,390,460,650,710,750,750,750,24309,16381,210,242.69369479496515,83.16145799471997,3117.199250002159,127.56300135752191
1777169856,512,GET,trips_per_route,32.700000,32.400000,250,300,330,350,430,490,670,720,750,750,750,2355,2327,220,263.42149111069045,93.86541700223461,2542.8467500023544,149.2428874734607
1777169856,512,,Aggregated,783.100000,678.700000,240,280,310,330,410,470,660,720,750,760,760,53736,45743,220,255.7666544945248,83.16145799471997,3117.199250002159,139.90016004168527
1777169857,512,GET,bulk_update_departures,37.800000,37.300000,240,280,320,340,420,480,520,650,720,720,720,2442,2404,220,261.866418812997,93.93912501400337,2298.8207500020508,149.34930384930385
1777169857,512,GET,large_scan,72.600000,72.600000,260,300,320,340,430,500,710,740,760,760,760,5005,5005,230,270.04408307398995,92.02991699567065,2952.4502080166712,149.72487512487513
1777169857,512,GET,next_departures,290.200000,290.200000,250,290,320,340,420,480,660,720,750,750,750,20097,20097,230,265.8221881813485,87.05812500556931,2963.1504580029286,150.37194606160122
1777169857,512,GET,point_read,348.300000,251.200000,240,280,310,320,390,460,650,710,750,750,750,24749,16721,210,242.14174126642334,83.16145799471997,3117.199250002159,127.68390642046143
1777169857,512,GET,trips_per_route,32.800000,32.500000,250,310,340,360,440,490,670,720,750,750,750,2396,2368,220,263.03843557957066,93.86541700223461,2542.8467500023544,149.2558430717863
1777169857,512,,Aggregated,781.700000,683.800000,240,290,310,330,410,470,660,720,750,760,760,54689,46595,220,255.19360369834232,83.16145799471997,3117.199250002159,139.95090420377042
1777169858,512,GET,bulk_update_departures,36.900000,36.400000,240,270,310,340,410,480,520,650,720,720,720,2477,2439,220,261.04554776998333,93.93912501400337,2298.8207500020508,149.35849818328623
1777169858,512,GET,large_scan,72.200000,72.200000,250,290,310,340,420,500,710,740,760,760,760,5078,5078,230,269.04805644355986,92.02991699567065,2952.4502080166712,149.71819614021268
1777169858,512,GET,next_departures,287.600000,287.600000,240,280,310,330,420,480,660,720,750,750,750,20386,20386,230,264.9193891217868,87.05812500556931,2963.1504580029286,150.36912587069557
1777169858,512,GET,point_read,345.300000,241.600000,230,280,300,320,390,460,650,710,750,750,750,25115,16982,210,241.14781581743074,83.16145799471997,3117.199250002159,127.72172008759705
1777169858,512,GET,trips_per_route,33.800000,33.400000,250,300,330,350,440,490,670,720,750,750,750,2425,2397,220,262.2822395111578,93.86541700223461,2542.8467500023544,149.26474226804123
1777169858,512,,Aggregated,775.800000,671.200000,240,280,310,330,410,470,660,720,750,760,760,55481,47282,220,254.24819927818183,83.16145799471997,3117.199250002159,139.96418593752816
1777169859,512,GET,bulk_update_departures,34.500000,34.200000,240,270,310,340,410,480,520,650,720,720,720,2524,2486,220,260.1663219387235,93.93912501400337,2298.8207500020508,149.37044374009508
1777169859,512,GET,large_scan,70.500000,70.500000,250,290,310,340,420,500,710,740,760,760,760,5145,5145,230,268.22214234607094,92.02991699567065,2952.4502080166712,149.72186588921284
1777169859,512,GET,next_departures,277.800000,277.800000,240,280,310,330,420,480,660,720,750,750,750,20695,20695,220,264.1090934444918,87.05812500556931,2963.1504580029286,150.3708625271805
1777169859,512,GET,point_read,333.900000,234.100000,230,270,300,320,390,460,650,710,750,750,750,25485,17258,210,240.3588342936612,83.16145799471997,3117.199250002159,127.79148518736511
1777169859,512,GET,trips_per_route,34.200000,33.900000,240,300,330,350,440,490,670,720,750,750,750,2465,2437,220,261.49673745133884,93.86541700223461,2542.8467500023544,149.27667342799188
1777169859,512,,Aggregated,750.800000,650.500000,240,280,310,330,410,470,660,720,750,760,760,56314,48021,220,253.44558648949177,83.16145799471997,3117.199250002159,140.00049721206094
1777169860,512,GET,bulk_update_departures,33.900000,33.600000,240,300,330,340,420,480,520,650,720,720,720,2555,2517,220,260.18912567998103,93.93912501400337,2298.8207500020508,149.37808219178083
1777169860,512,GET,large_scan,70.700000,70.700000,250,300,320,350,430,500,720,740,760,760,760,5208,5208,230,268.21530722705205,92.02991699567065,2952.4502080166712,149.72523041474653
1777169860,512,GET,next_departures,278.500000,278.500000,240,290,320,340,420,480,670,720,750,750,750,21003,21003,220,264.0201280768353,87.05812500556931,2963.1504580029286,150.3689949054897
1777169860,512,GET,point_read,337.200000,238.400000,230,270,310,320,390,460,650,710,750,750,750,25845,17496,210,240.18998365345186,83.16145799471997,3117.199250002159,127.77647514025924
1777169860,512,GET,trips_per_route,33.800000,33.500000,250,310,340,350,440,490,670,720,750,750,750,2500,2471,220,261.41348914342234,93.86541700223461,2542.8467500023544,149.2616
1777169860,512,,Aggregated,754.100000,654.700000,240,280,320,330,410,480,660,720,750,760,760,57111,48695,220,253.33310809705145,83.16145799471997,3117.199250002159,139.99346885888883
1777169861,512,GET,bulk_update_departures,34.200000,33.900000,240,290,320,340,410,480,520,650,720,720,720,2601,2563,220,259.5995498475452,93.93912501400337,2298.8207500020508,149.38908112264514
1777169861,512,GET,large_scan,70.900000,70.900000,250,300,320,340,420,500,720,740,760,760,760,5291,5291,230,267.499609500551,92.02991699567065,2952.4502080166712,149.72954072954073
1777169861,512,GET,next_departures,276.800000,276.800000,240,290,320,340,420,480,660,720,750,750,750,21326,21326,220,263.4404359664533,87.05812500556931,2963.1504580029286,150.369267560724
1777169861,512,GET,point_read,336.700000,242.100000,230,270,310,320,390,460,650,710,750,750,750,26241,17798,210,239.59366239775787,83.16145799471997,3117.199250002159,127.86547768758813
1777169861,512,GET,trips_per_route,33.700000,33.500000,250,300,330,350,430,490,650,720,750,750,750,2543,2513,220,260.8603514481482,93.86541700223461,2542.8467500023544,149.24891860007864
1777169861,512,,Aggregated,752.300000,657.200000,240,280,310,330,410,470,660,720,750,760,760,58002,49491,220,252.7367119953405,83.16145799471997,3117.199250002159,140.03677459397952
1777169862,512,GET,bulk_update_departures,34.600000,34.300000,240,270,310,330,380,460,490,630,720,720,720,2640,2602,220,259.1932499460117,93.93912501400337,2298.8207500020508,149.39810606060607
1777169862,512,GET,large_scan,70.200000,70.200000,240,290,310,330,400,460,720,740,760,760,760,5349,5349,230,267.06486404661774,92.02991699567065,2952.4502080166712,149.7274256870443
1777169862,512,GET,next_departures,280.300000,280.300000,230,270,310,320,380,460,660,720,750,750,750,21586,21586,220,263.0197387679355,87.05812500556931,2963.1504580029286,150.36829426480125
1777169862,512,GET,point_read,336.800000,236.900000,220,260,290,310,350,420,640,710,750,750,750,26580,18039,210,239.09648995243765,83.16145799471997,3117.199250002159,127.89443190368698
1777169862,512,GET,trips_per_route,34.600000,34.400000,240,280,320,340,400,460,650,720,750,750,750,2576,2546,220,260.51763343580575,93.86541700223461,2542.8467500023544,149.2585403726708
1777169862,512,,Aggregated,756.500000,656.100000,230,270,300,320,370,450,660,720,750,760,760,58731,50122,220,252.27941539142827,83.16145799471997,3117.199250002159,140.04660230542643
1777169864,512,GET,bulk_update_departures,33.700000,33.500000,230,260,280,310,360,480,600,630,720,720,720,2663,2625,220,261.28168945755976,93.93912501400337,2298.8207500020508,149.40330454374765
1777169864,512,GET,large_scan,69.900000,69.900000,230,270,310,330,460,550,720,740,760,760,760,5418,5418,230,269.4934716451207,92.02991699567065,2952.4502080166712,149.72591362126246
1777169864,512,GET,next_departures,281.900000,281.900000,230,260,300,320,430,550,670,720,750,750,750,21834,21834,230,265.505103529253,87.05812500556931,2963.1504580029286,150.3698360355409
1777169864,512,GET,point_read,343.200000,242.100000,220,250,280,300,350,470,660,710,750,750,750,26834,18200,210,240.83339770632486,83.16145799471997,3117.199250002159,127.8655064470448
1777169864,512,GET,trips_per_route,36.400000,36.100000,230,270,300,320,400,510,670,720,750,750,750,2594,2564,220,262.2792947766745,93.86541700223461,2542.8467500023544,149.26368542791056
1777169864,512,,Aggregated,765.100000,663.500000,220,260,290,310,400,500,670,720,750,760,760,59343,50641,220,254.3825402079222,83.16145799471997,3117.199250002159,140.04320644389398
1777169865,512,GET,bulk_update_departures,33.700000,33.500000,230,270,300,330,400,480,570,610,660,660,660,2701,2663,220,262.7122008464932,93.93912501400337,2298.8207500020508,149.4116993706035
1777169865,512,GET,large_scan,69.900000,69.900000,240,280,320,340,450,480,540,600,630,630,630,5500,5500,230,270.9098673024564,92.02991699567065,2952.4502080166712,149.73
1777169865,512,GET,next_departures,281.900000,281.900000,230,270,310,330,430,490,580,600,670,700,700,22085,22085,230,266.66215631260076,87.05812500556931,2963.1504580029286,150.36902875254697
1777169865,512,GET,point_read,343.200000,242.100000,220,250,280,300,360,460,500,530,650,660,660,27152,18405,210,241.81150408546296,83.16145799471997,3117.199250002159,127.83805981143193
1777169865,512,GET,trips_per_route,36.400000,36.100000,230,260,300,320,410,480,570,630,670,670,670,2621,2590,220,263.2836796962069,93.86541700223461,2542.8467500023544,149.24647081266693
1777169865,512,,Aggregated,765.100000,663.500000,220,260,290,320,400,470,530,590,660,700,700,60059,51243,220,255.49136899092426,83.16145799471997,3117.199250002159,140.0324680730615
1777169866,512,GET,bulk_update_departures,33.900000,33.700000,230,270,300,340,420,490,570,610,660,660,660,2724,2686,220,263.45279698509756,93.93912501400337,2298.8207500020508,149.41666666666666
1777169866,512,GET,large_scan,66.400000,66.400000,230,290,330,360,460,490,540,600,630,630,630,5560,5560,230,271.71898423965223,92.02991699567065,2952.4502080166712,149.72805755395683
1777169866,512,GET,next_departures,273.900000,273.900000,230,270,320,350,450,490,580,600,670,700,700,22306,22306,230,267.51227076607427,87.05812500556931,2963.1504580029286,150.36761409486238
1777169866,512,GET,point_read,334.900000,238.100000,220,240,270,300,370,460,500,530,650,660,660,27434,18600,210,242.36498933540665,83.16145799471997,3117.199250002159,127.84745206677844
1777169866,512,GET,trips_per_route,33.500000,33.200000,230,260,300,330,420,480,570,630,670,670,670,2653,2619,230,264.1090254981884,93.86541700223461,2542.8467500023544,149.1835657745948
1777169866,512,,Aggregated,742.600000,645.300000,220,250,300,330,410,480,530,590,660,700,700,60677,51771,220,256.19681337479034,83.16145799471997,3117.199250002159,140.03246699737957
1777169867,512,GET,bulk_update_departures,33.900000,33.700000,240,290,330,350,440,490,570,610,660,660,660,2758,2720,220,264.1288776244895,93.93912501400337,2298.8207500020508,149.4238578680203
1777169867,512,GET,large_scan,66.400000,66.400000,250,310,350,380,470,490,540,600,630,630,630,5623,5623,230,272.3077389293008,92.02991699567065,2952.4502080166712,149.73110439267296
1777169867,512,GET,next_departures,273.900000,273.900000,240,300,350,370,460,500,580,610,670,700,700,22590,22590,230,268.27338122899084,87.05812500556931,2963.1504580029286,150.36741921204072
1777169867,512,GET,point_read,334.900000,238.100000,220,260,300,330,400,470,500,530,660,660,660,27744,18803,210,243.08369897399902,83.16145799471997,3117.199250002159,127.82951268742791
1777169867,512,GET,trips_per_route,33.500000,33.200000,240,290,340,350,440,480,570,630,670,670,670,2684,2650,230,264.93386271370525,93.86541700223461,2542.8467500023544,149.1929955290611
1777169867,512,,Aggregated,742.600000,645.300000,230,280,330,350,440,480,530,590,660,700,700,61399,52386,220,256.92838929475874,83.16145799471997,3117.199250002159,140.03135230215477
1777169868,512,GET,bulk_update_departures,34.600000,34.400000,260,310,350,370,460,490,600,620,660,660,660,2773,2735,230,264.4251879247489,93.93912501400337,2298.8207500020508,149.42697439596105
1777169868,512,GET,large_scan,70.500000,70.500000,280,330,360,390,470,490,550,600,630,630,630,5659,5659,230,272.57346610081476,92.02991699567065,2952.4502080166712,149.73281498497968
1777169868,512,GET,next_departures,280.800000,280.800000,260,330,360,380,470,500,590,610,670,700,700,22742,22742,230,268.5440715948273,87.05812500556931,2963.1504580029286,150.3715592296192
1777169868,512,GET,point_read,344.300000,244.000000,230,280,320,340,410,470,510,530,660,660,660,27908,18874,210,243.23755603537637,83.16145799471997,3117.199250002159,127.73090153361044
1777169868,512,GET,trips_per_route,34.100000,33.700000,260,310,340,360,440,480,570,630,670,670,670,2700,2666,230,265.2059873087004,93.86541700223461,2542.8467500023544,149.1977777777778
1777169868,512,,Aggregated,764.300000,663.400000,250,300,340,360,450,490,540,590,660,700,700,61782,52676,220,257.15100590071785,83.16145799471997,3117.199250002159,139.99218218898707
1777169869,512,GET,bulk_update_departures,35.000000,34.900000,290,350,380,420,540,760,980,1000,1100,1100,1100,2812,2773,230,268.79162195992376,93.93912501400337,2298.8207500020508,149.41998577524893
1777169869,512,GET,large_scan,69.200000,69.200000,300,350,390,420,490,600,910,1000,1100,1100,1100,5720,5720,230,275.2175759317175,92.02991699567065,2952.4502080166712,149.73566433566432
1777169869,512,GET,next_departures,282.500000,282.500000,290,350,400,440,530,730,890,1000,1100,1100,1100,23075,23075,230,272.37750329414706,87.05812500556931,2963.1504580029286,150.36728060671723
1777169869,512,GET,point_read,340.900000,239.600000,250,320,350,390,500,780,960,1000,1100,1100,1100,28315,19142,220,247.76814490125938,83.16145799471997,3117.199250002159,127.7132615221614
1777169869,512,GET,trips_per_route,32.500000,31.900000,290,340,390,440,590,830,1000,1100,1100,1100,1100,2745,2709,230,270.5705405065352,93.86541700223461,2542.8467500023544,149.16429872495445
1777169869,512,,Aggregated,760.100000,658.100000,270,340,380,420,510,760,910,1000,1100,1100,1100,62667,53419,220,261.2773648070392,83.16145799471997,3117.199250002159,139.9786011776533
1777169870,512,GET,bulk_update_departures,33.100000,33.100000,280,340,380,420,540,760,980,1000,1100,1100,1100,2847,2808,230,268.3876795866749,93.93912501400337,2298.8207500020508,149.4271162627327
1777169870,512,GET,large_scan,64.900000,64.900000,280,350,390,420,490,610,970,1000,1100,1100,1100,5786,5786,230,274.9184133680367,92.02991699567065,2952.4502080166712,149.73401313515382
1777169870,512,GET,next_departures,263.000000,263.000000,290,360,410,450,550,780,970,1000,1100,1100,1100,23304,23304,230,272.2944574726963,87.05812500556931,2963.1504580029286,150.36688980432544
1777169870,512,GET,point_read,314.700000,214.100000,250,310,360,400,510,800,1000,1000,1100,1200,1200,28646,19401,220,247.8849407393188,83.16145799471997,3117.199250002159,127.79773790407037
1777169870,512,GET,trips_per_route,30.000000,29.400000,290,350,410,450,630,840,1000,1100,1100,1100,1100,2766,2730,230,270.6232856354006,93.86541700223461,2542.8467500023544,149.1706435285611
1777169870,512,,Aggregated,705.700000,604.500000,270,340,380,430,530,800,990,1000,1100,1200,1200,63349,54029,220,261.24775009803517,83.16145799471997,3117.199250002159,140.00899777423479
1777169871,512,GET,bulk_update_departures,33.100000,33.100000,280,350,390,430,550,810,980,1000,1100,1100,1100,2881,2841,230,267.6935502100805,93.93912501400337,2298.8207500020508,149.4189517528636
1777169871,512,GET,large_scan,64.900000,64.900000,280,350,390,430,490,610,970,1000,1100,1100,1100,5864,5864,230,274.0722441155213,92.02991699567065,2952.4502080166712,149.73755115961802
1777169871,512,GET,next_departures,263.000000,263.000000,280,350,410,450,550,780,970,1000,1100,1100,1100,23633,23633,230,271.47864763941675,87.05812500556931,2963.1504580029286,150.3681293107096
1777169871,512,GET,point_read,314.700000,214.100000,250,310,350,400,510,810,1000,1000,1100,1300,1300,29056,19726,220,247.20889852692957,83.16145799471997,3117.199250002159,127.90986371145374
1777169871,512,GET,trips_per_route,30.000000,29.400000,290,350,410,450,630,840,1000,1100,1100,1100,1100,2807,2770,230,269.81489834434615,93.86541700223461,2542.8467500023544,149.1603135019594
1777169871,512,,Aggregated,705.700000,604.500000,270,340,380,430,530,800,990,1000,1100,1300,1300,64241,54834,220,260.49581750847534,83.16145799471997,3117.199250002159,140.05742438629537
1777169872,512,GET,bulk_update_departures,31.900000,31.800000,280,350,390,430,550,810,980,1000,1100,1100,1100,2919,2879,220,266.92756030531234,93.93912501400337,2298.8207500020508,149.42651593011306
1777169872,512,GET,large_scan,63.600000,63.600000,270,340,380,410,490,600,960,1000,1100,1100,1100,5957,5957,230,273.00575022954536,92.02991699567065,2952.4502080166712,149.7416484807789
1777169872,512,GET,next_departures,259.100000,259.100000,270,350,410,450,540,770,970,1000,1100,1100,1100,23961,23961,230,270.6103005609784,87.05812500556931,2963.1504580029286,150.36517674554486
1777169872,512,GET,point_read,314.200000,212.400000,250,310,350,400,510,800,1000,1000,1100,1300,1300,29415,19973,210,246.37194043726004,83.16145799471997,3117.199250002159,127.91755906850247
1777169872,512,GET,trips_per_route,29.900000,29.100000,280,340,400,450,630,840,1000,1100,1100,1100,1100,2852,2815,230,268.8571370334761,93.86541700223461,2542.8467500023544,149.17356241234222
1777169872,512,,Aggregated,698.700000,596.000000,260,330,380,420,530,790,980,1000,1100,1300,1300,65104,55585,220,259.63629572947315,83.16145799471997,3117.199250002159,140.07165458343573
1777169873,512,GET,bulk_update_departures,32.600000,32.400000,240,290,350,370,470,760,980,1000,1100,1100,1100,2959,2919,220,266.1501041558695,93.93912501400337,2298.8207500020508,149.4342683338966
1777169873,512,GET,large_scan,65.600000,65.600000,230,290,340,370,440,530,960,1000,1100,1100,1100,6031,6031,230,272.22079046232545,92.02991699567065,2952.4502080166712,149.73138782954734
1777169873,512,GET,next_departures,263.000000,263.000000,240,300,350,380,470,760,960,1000,1100,1100,1100,24259,24259,230,269.78999820672135,87.05812500556931,2963.1504580029286,150.36584360443547
1777169873,512,GET,point_read,321.100000,223.000000,230,270,310,340,470,800,990,1000,1100,1300,1300,29803,20265,210,245.56475322682007,83.16145799471997,3117.199250002159,127.98355870214408
1777169873,512,GET,trips_per_route,30.700000,29.900000,240,300,350,380,500,830,1000,1100,1100,1100,1100,2891,2854,220,267.9962230441208,93.86541700223461,2542.8467500023544,149.18471117260464
1777169873,512,,Aggregated,713.000000,613.900000,230,280,330,360,470,780,980,1000,1100,1300,1300,65943,56328,220,258.8217207772139,83.16145799471997,3117.199250002159,140.09853964787771
1777169874,512,GET,bulk_update_departures,31.500000,31.300000,220,250,290,320,420,740,980,1000,1100,1100,1100,3004,2964,220,265.3666004591454,93.93912501400337,2298.8207500020508,149.4427430093209
1777169874,512,GET,large_scan,66.500000,66.500000,220,240,280,310,400,500,960,1000,1100,1100,1100,6118,6118,230,271.32380031357394,92.02991699567065,2952.4502080166712,149.7263811703171
1777169874,512,GET,next_departures,261.500000,261.500000,220,260,300,330,450,750,940,1000,1100,1100,1100,24581,24581,230,269.0270469703388,87.05812500556931,2963.1504580029286,150.36308530979213
1777169874,512,GET,point_read,315.800000,216.000000,220,240,280,310,420,800,990,1000,1100,1300,1300,30186,20546,210,244.88355544680027,83.16145799471997,3117.199250002159,128.03027893725567
1777169874,512,GET,trips_per_route,30.700000,30.000000,220,270,310,350,480,830,1000,1100,1100,1100,1100,2926,2889,220,267.32939125889675,93.86541700223461,2542.8467500023544,149.19446343130554
1777169874,512,,Aggregated,706.000000,605.300000,220,250,290,320,440,770,980,1000,1100,1300,1300,66815,57098,220,258.0907718808083,83.16145799471997,3117.199250002159,140.12260719898225
1777169875,512,GET,bulk_update_departures,31.500000,31.300000,220,240,260,280,390,740,980,1000,1100,1100,1100,3040,3000,220,264.8139987362715,93.93912501400337,2298.8207500020508,149.44934210526316
1777169875,512,GET,large_scan,68.000000,68.000000,210,230,250,270,350,480,960,1000,1100,1100,1100,6195,6195,230,270.65715462492636,92.02991699567065,2952.4502080166712,149.72978208232445
1777169875,512,GET,next_departures,266.000000,266.000000,220,240,260,290,410,720,900,1000,1100,1100,1100,24908,24908,230,268.32363558833237,87.05812500556931,2963.1504580029286,150.3643407740485
1777169875,512,GET,point_read,321.200000,221.500000,210,230,250,270,410,780,990,1000,1100,1300,1300,30556,20807,210,244.24223194368938,83.16145799471997,3117.199250002159,128.05082471527686
1777169875,512,GET,trips_per_route,31.400000,30.700000,220,240,270,300,440,830,1000,1100,1100,1100,1100,2966,2929,220,266.6849218898774,93.86541700223461,2542.8467500023544,149.2053270397842
1777169875,512,,Aggregated,718.100000,617.500000,210,230,260,280,400,760,970,1000,1100,1300,1300,67665,57839,220,257.4331465586425,83.16145799471997,3117.199250002159,140.13804773516588
1777169876,512,GET,bulk_update_departures,34.400000,34.200000,220,240,260,280,390,740,980,1000,1100,1100,1100,3078,3038,220,265.40863356663874,93.93912501400337,2298.8207500020508,149.4561403508772
1777169876,512,GET,large_scan,70.400000,70.400000,210,230,250,270,340,420,910,1000,1100,1100,1100,6284,6284,230,270.94658640138135,92.02991699567065,2952.4502080166712,149.72931253978356
1777169876,512,GET,next_departures,276.300000,276.300000,220,230,260,280,380,720,900,1000,1100,1100,1100,25193,25193,230,268.6882024879961,87.05812500556931,2963.1504580029286,150.36121144762433
1777169876,512,GET,point_read,336.300000,235.800000,210,230,250,270,390,780,990,1000,1100,1300,1300,30863,21035,210,244.4703476445755,83.16145799471997,3117.199250002159,128.09334802190324
1777169876,512,GET,trips_per_route,33.200000,32.500000,220,240,270,300,400,830,1000,1100,1100,1100,1100,2999,2962,220,267.18094493780495,93.86541700223461,2542.8467500023544,149.21407135711905
1777169876,512,,Aggregated,750.600000,649.200000,210,230,250,270,380,760,970,1000,1100,1300,1300,68417,58512,220,257.75731180214547,83.16145799471997,3117.199250002159,140.16710759021882
1777169877,512,GET,bulk_update_departures,34.400000,34.200000,220,240,280,300,410,730,980,1000,1100,1100,1100,3112,3071,220,266.19489346209275,93.93912501400337,2298.8207500020508,149.44858611825194
1777169877,512,GET,large_scan,70.400000,70.400000,220,230,260,280,360,500,910,1000,1100,1100,1100,6348,6348,230,271.65754839891775,92.02991699567065,2952.4502080166712,149.72778827977316
1777169877,512,GET,next_departures,276.300000,276.300000,220,240,260,290,390,700,900,1000,1100,1100,1100,25410,25410,230,269.34827925629946,87.05812500556931,2963.1504580029286,150.36402990948446
1777169877,512,GET,point_read,336.300000,235.800000,210,230,250,280,370,780,990,1000,1100,1300,1300,31140,21186,210,244.8232507045836,83.16145799471997,3117.199250002159,128.0096981374438
1777169877,512,GET,trips_per_route,33.200000,32.500000,220,240,270,310,480,810,1000,1100,1100,1100,1100,3021,2984,220,267.95391153310237,93.86541700223461,2542.8467500023544,149.21979476994372
1777169877,512,,Aggregated,750.600000,649.200000,210,230,260,280,390,740,970,1000,1100,1300,1300,69031,58999,220,258.29417501231484,83.16145799471997,3117.199250002159,140.1301009691298
1777169878,512,GET,bulk_update_departures,33.600000,33.400000,220,240,270,290,340,390,430,470,500,500,500,3141,3100,220,266.44637517130184,93.93912501400337,2298.8207500020508,149.45367717287488
1777169878,512,GET,large_scan,68.600000,68.600000,220,240,260,280,340,370,400,500,1000,1000,1000,6434,6434,230,271.7246342063029,92.02991699567065,2952.4502080166712,149.73142679515075
1777169878,512,GET,next_departures,279.600000,279.600000,220,240,260,280,340,370,420,470,1100,1100,1100,25676,25676,230,269.45259541597915,87.05812500556931,2963.1504580029286,150.36220595108273
1777169878,512,GET,point_read,336.900000,236.900000,210,230,250,260,320,350,400,450,1100,1300,1300,31451,21411,210,245.11881920539818,83.16145799471997,3117.199250002159,128.03949000031795
1777169878,512,GET,trips_per_route,34.000000,33.400000,220,230,260,280,340,390,430,480,1100,1100,1100,3048,3011,230,268.1266411277779,93.86541700223461,2542.8467500023544,149.2267060367454
1777169878,512,,Aggregated,752.700000,651.900000,210,230,250,270,330,360,410,470,1100,1300,1300,69750,59632,220,258.49650445567664,83.16145799471997,3117.199250002159,140.14794265232976
1777169879,512,GET,bulk_update_departures,34.400000,34.200000,220,260,300,310,370,410,470,490,500,500,500,3175,3134,230,267.20124184885464,93.93912501400337,2298.8207500020508,149.45952755905512
1777169879,512,GET,large_scan,71.400000,71.400000,220,250,280,310,360,390,470,500,590,590,590,6490,6490,230,272.30915058741346,92.02991699567065,2952.4502080166712,149.72958397534669
1777169879,512,GET,next_departures,284.900000,284.900000,220,250,290,310,360,400,460,490,540,550,550,25973,25973,230,270.3041377240912,87.05812500556931,2963.1504580029286,150.36480190967544
1777169879,512,GET,point_read,339.000000,239.600000,210,240,270,290,340,370,420,480,580,1300,1300,31792,21653,220,246.02173288568716,83.16145799471997,3117.199250002159,128.0607700050327
1777169879,512,GET,trips_per_route,34.000000,33.700000,220,250,290,310,370,410,480,490,510,510,510,3087,3050,230,268.95067968882756,93.86541700223461,2542.8467500023544,149.236475542598
1777169879,512,,Aggregated,763.700000,663.800000,220,250,280,300,350,390,450,490,540,1300,1300,70517,60300,220,259.34219237051093,83.16145799471997,3117.199250002159,140.16059957173448
1777169880,512,GET,bulk_update_departures,36.800000,36.500000,240,290,310,330,380,420,480,490,500,500,500,3207,3166,230,267.6805524356565,93.93912501400337,2298.8207500020508,149.46492048643591
1777169880,512,GET,large_scan,77.500000,77.500000,230,270,300,330,360,390,470,500,590,590,590,6544,6544,230,272.49442385322106,92.02991699567065,2952.4502080166712,149.72356356968214
1777169880,512,GET,next_departures,293.400000,293.400000,230,280,310,330,380,420,470,490,540,550,550,26226,26226,230,270.8303691228091,87.05812500556931,2963.1504580029286,150.36795546404332
1777169880,512,GET,point_read,354.300000,253.700000,220,260,290,310,350,370,420,480,570,710,710,32080,21834,220,246.20165220603806,83.16145799471997,3117.199250002159,128.02821072319202
1777169880,512,GET,trips_per_route,34.800000,34.500000,230,280,320,330,390,420,480,490,510,510,510,3114,3076,230,269.30627143207886,93.86541700223461,2542.8467500023544,149.22190109184328
1777169880,512,,Aggregated,796.800000,695.600000,230,270,300,320,360,400,460,490,540,710,710,71171,60846,220,259.67347703391147,83.16145799471997,3117.199250002159,140.14833288839554
1777169881,512,GET,bulk_update_departures,36.400000,36.200000,240,290,320,340,390,430,480,490,500,500,500,3248,3207,230,267.4590102352999,93.93912501400337,2298.8207500020508,149.4716748768473
1777169881,512,GET,large_scan,77.300000,77.300000,240,280,310,330,370,400,470,500,590,590,590,6634,6634,230,272.1164560830977,92.02991699567065,2952.4502080166712,149.72731383780524
1777169881,512,GET,next_departures,291.200000,291.200000,240,290,320,340,390,430,480,490,540,550,550,26564,26564,230,270.6832799148335,87.05812500556931,2963.1504580029286,150.363273603373
1777169881,512,GET,point_read,349.200000,252.600000,220,270,300,310,350,400,460,480,570,710,710,32498,22146,220,245.99800493213783,83.16145799471997,3117.199250002159,128.0864053172503
1777169881,512,GET,trips_per_route,34.500000,34.400000,230,290,320,340,400,430,480,490,510,510,510,3159,3121,230,268.90931944147053,93.86541700223461,2542.8467500023544,149.232985121874
1777169881,512,,Aggregated,788.600000,691.700000,230,280,310,330,370,410,470,490,540,710,710,72103,61672,220,259.46612189447404,83.16145799471997,3117.199250002159,140.17452810562668
1777169882,512,GET,bulk_update_departures,36.400000,36.200000,240,300,320,340,390,430,490,500,580,580,580,3284,3241,230,266.9507483487362,93.93912501400337,2298.8207500020508,149.45188794153472
1777169882,512,GET,large_scan,76.100000,76.100000,240,280,320,330,370,420,500,510,690,690,690,6711,6711,230,271.74715566295487,92.02991699567065,2952.4502080166712,149.726419311578
1777169882,512,GET,next_departures,293.500000,293.500000,240,300,320,340,390,440,490,510,650,710,710,26872,26872,230,270.22962004584514,87.05812500556931,2963.1504580029286,150.36097052694254
1777169882,512,GET,point_read,344.200000,245.200000,220,270,300,310,360,400,460,480,540,710,710,32878,22433,210,245.3034844624281,83.16145799471997,3117.199250002159,128.14532514143195
1777169882,512,GET,trips_per_route,34.900000,34.800000,230,290,320,340,400,430,480,500,510,510,510,3201,3162,230,268.13547572057416,93.86541700223461,2542.8467500023544,149.2233676975945
1777169882,512,,Aggregated,785.100000,685.800000,230,280,310,330,370,420,480,500,640,710,710,72946,62419,220,258.8950921097856,83.16145799471997,3117.199250002159,140.19877717763825
1777169883,512,GET,bulk_update_departures,36.600000,36.500000,240,300,320,340,390,440,490,500,580,580,580,3324,3281,220,266.25200936169546,93.93912501400337,2298.8207500020508,149.45848375451263
1777169883,512,GET,large_scan,77.000000,77.000000,240,290,320,340,380,430,500,510,690,690,690,6781,6781,230,271.0752546303008,92.02991699567065,2952.4502080166712,149.72128004719067
1777169883,512,GET,next_departures,292.900000,292.900000,240,300,330,340,390,440,490,510,650,710,710,27174,27174,230,269.59785123341123,87.05812500556931,2963.1504580029286,150.35787885478766
1777169883,512,GET,point_read,343.900000,241.700000,220,260,300,310,360,400,460,480,540,710,710,33291,22742,210,244.59852597108076,83.16145799471997,3117.199250002159,128.20137574719894
1777169883,512,GET,trips_per_route,35.200000,35.100000,230,280,320,340,400,430,480,500,510,510,510,3237,3197,230,267.48549443577946,93.86541700223461,2542.8467500023544,149.21223354958295
1777169883,512,,Aggregated,785.600000,683.200000,230,280,310,330,370,420,480,500,650,710,710,73807,63175,220,258.2141946397331,83.16145799471997,3117.199250002159,140.21484412047639
1777169884,512,GET,bulk_update_departures,36.600000,36.500000,240,290,320,340,390,430,490,500,580,580,580,3366,3322,220,265.4798612819812,93.93912501400337,2298.8207500020508,149.45306001188354
1777169884,512,GET,large_scan,77.000000,77.000000,240,290,320,340,380,430,500,510,690,690,690,6853,6853,230,270.38697722108645,92.02991699567065,2952.4502080166712,149.72420837589377
1777169884,512,GET,next_departures,292.900000,292.900000,240,300,330,340,400,440,490,510,650,710,710,27441,27441,230,268.971687400339,87.05812500556931,2963.1504580029286,150.35530775117525
1777169884,512,GET,point_read,343.900000,241.700000,220,260,290,310,350,400,460,480,580,710,710,33650,22997,210,243.92500101590028,83.16145799471997,3117.199250002159,128.22121842496284
1777169884,512,GET,trips_per_route,35.200000,35.100000,230,280,320,340,400,430,480,500,510,510,510,3270,3230,220,266.895177480948,93.86541700223461,2542.8467500023544,149.22018348623854
1777169884,512,,Aggregated,785.600000,683.200000,230,280,310,330,380,420,480,500,650,710,710,74580,63843,220,257.55219571562816,83.16145799471997,3117.199250002159,140.22007240547063
1777169885,512,GET,bulk_update_departures,36.500000,36.200000,230,280,310,340,390,450,490,500,580,580,580,3403,3359,220,265.3153833238531,93.93912501400337,2298.8207500020508,149.45900675874228
1777169885,512,GET,large_scan,74.800000,74.800000,230,270,310,330,380,440,500,510,690,690,690,6943,6943,230,270.11705103168794,92.02991699567065,2952.4502080166712,149.72000576119834
1777169885,512,GET,next_departures,290.500000,290.500000,230,290,320,340,400,450,490,510,650,710,710,27741,27741,230,268.77428240044594,87.05812500556931,2963.1504580029286,150.3550701128294
1777169885,512,GET,point_read,347.500000,246.400000,220,250,280,300,340,380,450,480,580,710,710,34078,23285,210,243.59560569819308,83.16145799471997,3117.199250002159,128.2120429602676
1777169885,512,GET,trips_per_route,34.500000,34.200000,230,270,320,340,400,460,490,500,510,510,510,3308,3266,220,266.83977857517715,93.86541700223461,2542.8467500023544,149.19044740024185
1777169885,512,,Aggregated,783.800000,682.100000,220,270,300,320,370,430,480,500,650,710,710,75473,64594,220,257.2882400506728,83.16145799471997,3117.199250002159,140.20705417831542
1777169886,512,GET,bulk_update_departures,36.200000,35.800000,220,250,290,310,370,430,480,490,580,580,580,3431,3387,220,265.0696620026526,93.93912501400337,2298.8207500020508,149.4634217429321
1777169886,512,GET,large_scan,73.700000,73.700000,220,250,280,300,350,400,470,500,690,690,690,7014,7014,230,269.724711003578,92.02991699567065,2952.4502080166712,149.71899059024807
1777169886,512,GET,next_departures,286.200000,286.200000,220,260,300,320,380,430,480,510,650,710,710,28034,28034,230,268.4319421650376,87.05812500556931,2963.1504580029286,150.354034386816
1777169886,512,GET,point_read,346.700000,245.300000,210,240,270,290,330,370,440,480,540,710,710,34450,23585,210,243.2999412092354,83.16145799471997,3117.199250002159,128.3032801161103
1777169886,512,GET,trips_per_route,34.500000,34.200000,220,250,290,310,360,410,480,490,510,510,510,3359,3316,220,266.55248961406807,93.86541700223461,2542.8467500023544,149.18398332837154
1777169886,512,,Aggregated,777.300000,675.200000,220,250,280,300,350,410,470,490,650,710,710,76288,65336,220,256.9677667160835,83.16145799471997,3117.199250002159,140.24643456375838
1777169887,512,GET,bulk_update_departures,36.200000,35.800000,220,240,260,290,360,420,480,490,580,580,580,3478,3434,220,264.5296000949355,93.93912501400337,2298.8207500020508,149.47067280046002
1777169887,512,GET,large_scan,73.700000,73.700000,210,240,260,290,340,410,470,500,690,690,690,7093,7093,230,269.28086223855155,92.02991699567065,2952.4502080166712,149.72212040039474
1777169887,512,GET,next_departures,286.200000,286.200000,220,250,280,310,380,430,480,510,650,710,710,28308,28308,230,268.0296761865065,87.05812500556931,2963.1504580029286,150.35502331496397
1777169887,512,GET,point_read,346.700000,245.300000,210,230,250,270,320,370,440,480,540,710,710,34755,23819,210,242.99943896797876,83.16145799471997,3117.199250002159,128.35272622644223
1777169887,512,GET,trips_per_route,34.500000,34.200000,220,240,260,300,360,410,480,490,510,510,510,3389,3346,220,266.20677479478695,93.86541700223461,2542.8467500023544,149.1912068456772
1777169887,512,,Aggregated,777.300000,675.200000,210,240,260,290,340,410,470,490,650,710,710,77023,66000,220,256.6122773663372,83.16145799471997,3117.199250002159,140.27752749178816
1777169888,512,GET,bulk_update_departures,36.600000,36.200000,220,240,260,280,340,380,470,480,580,580,580,3511,3467,220,265.00750702766493,93.93912501400337,2298.8207500020508,149.47564796354314
1777169888,512,GET,large_scan,75.600000,75.600000,220,240,270,290,340,370,450,480,690,690,690,7166,7166,230,269.7018955004162,92.02991699567065,2952.4502080166712,149.72495115824728
1777169888,512,GET,next_departures,285.700000,285.700000,220,250,280,300,360,410,460,480,650,710,710,28589,28589,230,268.4965580143571,87.05812500556931,2963.1504580029286,150.35328273112037
1777169888,512,GET,point_read,355.200000,250.600000,210,230,250,260,310,350,380,440,500,650,650,35105,24062,210,243.29220470479794,83.16145799471997,3117.199250002159,128.35875231448512
1777169888,512,GET,trips_per_route,34.400000,33.900000,220,250,280,300,350,370,440,480,500,500,500,3430,3387,230,266.77747581094883,93.86541700223461,2542.8467500023544,149.2008746355685
1777169888,512,,Aggregated,787.500000,682.000000,210,230,260,280,330,370,440,470,640,710,710,77801,66671,220,257.0017458078429,83.16145799471997,3117.199250002159,140.2807290394725
1777169889,512,GET,bulk_update_departures,36.600000,36.300000,220,240,280,300,370,440,510,520,580,580,580,3546,3501,220,266.2289270206451,93.93912501400337,2298.8207500020508,149.4689791314157
1777169889,512,GET,large_scan,74.500000,74.500000,220,240,280,300,360,420,480,520,690,690,690,7230,7230,230,270.49817776390466,92.02991699567065,2952.4502080166712,149.72365145228216
1777169889,512,GET,next_departures,289.800000,289.800000,220,250,280,310,380,440,480,510,650,710,710,28858,28858,230,269.4190350091898,87.05812500556931,2963.1504580029286,150.35258853697414
1777169889,512,GET,point_read,361.500000,263.300000,210,230,250,260,330,370,440,470,520,650,650,35416,24269,210,243.9643136515319,83.16145799471997,3117.199250002159,128.34693358933816
1777169889,512,GET,trips_per_route,36.800000,36.200000,220,250,290,310,360,390,450,480,500,500,500,3465,3422,230,267.49624700360584,93.86541700223461,2542.8467500023544,149.2089466089466
1777169889,512,,Aggregated,799.200000,700.100000,210,240,260,290,350,410,470,500,640,710,710,78515,67280,220,257.8075366604275,83.16145799471997,3117.199250002159,140.27813793542634
1777169890,512,GET,bulk_update_departures,36.600000,36.300000,220,250,300,350,440,520,670,730,820,820,820,3567,3522,230,268.01434522657365,93.93912501400337,2298.8207500020508,149.47210541070928
1777169890,512,GET,large_scan,74.500000,74.500000,220,260,310,330,410,490,650,690,770,770,770,7265,7265,230,271.82554836918234,92.02991699567065,2952.4502080166712,149.7212663454921
1777169890,512,GET,next_departures,289.800000,289.800000,220,260,310,340,430,510,660,730,830,870,870,29012,29012,230,270.95713358827027,87.05812500556931,2963.1504580029286,150.35416379429202
1777169890,512,GET,point_read,361.500000,263.300000,210,240,260,290,350,420,580,670,730,800,800,35635,24347,220,245.24180942628058,83.16145799471997,3117.199250002159,128.20794163041953
1777169890,512,GET,trips_per_route,36.800000,36.200000,230,280,340,350,460,620,730,740,900,900,900,3500,3454,230,270.72122923672265,93.86541700223461,2542.8467500023544,149.1622857142857
1777169890,512,,Aggregated,799.200000,700.100000,220,250,290,320,390,480,640,700,790,900,900,78979,67600,220,259.29100544729766,83.16145799471997,3117.199250002159,140.21100545714683
1777169891,512,GET,bulk_update_departures,37.000000,36.700000,240,290,340,360,440,520,730,820,1100,1100,1100,3601,3554,230,268.83717248883795,93.93912501400337,2298.8207500020508,149.45376284365454
1777169891,512,GET,large_scan,73.200000,73.200000,240,290,320,340,400,480,620,710,1000,1000,1000,7324,7324,230,272.3103625902651,92.02991699567065,2952.4502080166712,149.72351174221737
1777169891,512,GET,next_departures,291.300000,291.300000,240,290,330,350,430,510,710,760,1100,1200,1200,29258,29258,230,271.65670867648015,87.05812500556931,2963.1504580029286,150.35118600041014
1777169891,512,GET,point_read,365.400000,265.100000,220,250,290,310,360,440,650,710,1100,1400,1400,35915,24555,220,245.9164827414066,83.16145799471997,3117.199250002159,128.24003898092718
1777169891,512,GET,trips_per_route,38.200000,37.600000,250,310,340,360,480,680,740,900,1000,1000,1000,3536,3490,230,271.56382641588687,93.86541700223461,2542.8467500023544,149.170814479638
1777169891,512,,Aggregated,805.100000,703.900000,230,270,310,340,400,490,680,750,1100,1400,1400,79634,68181,220,259.9763405588559,83.16145799471997,3117.199250002159,140.22831956199613
1777169892,512,GET,bulk_update_departures,36.000000,35.600000,250,310,360,380,490,560,730,820,1100,1100,1100,3644,3597,230,269.61715556623494,93.93912501400337,2298.8207500020508,149.46020856201977
1777169892,512,GET,large_scan,72.300000,72.300000,250,300,340,360,450,540,630,710,1000,1000,1000,7395,7395,230,272.91369387980956,92.02991699567065,2952.4502080166712,149.72251521298173
1777169892,512,GET,next_departures,279.100000,279.100000,250,310,350,380,470,550,710,760,1100,1200,1200,29601,29601,230,272.22495536463714,87.05812500556931,2963.1504580029286,150.35302861389818
1777169892,512,GET,point_read,356.600000,251.300000,230,270,310,330,400,470,650,710,1100,1400,1400,36368,24878,220,246.44315194615078,83.16145799471997,3117.199250002159,128.26531566212054
1777169892,512,GET,trips_per_route,38.700000,37.800000,260,330,360,390,520,650,740,900,1000,1000,1000,3585,3537,230,272.2084212110565,93.86541700223461,2542.8467500023544,149.14672245467224
1777169892,512,,Aggregated,782.700000,676.100000,240,290,330,360,440,530,680,750,1100,1400,1400,80593,69008,220,260.5353358839135,83.16145799471997,3117.199250002159,140.23395332100802
1777169893,512,GET,bulk_update_departures,35.400000,34.800000,250,320,370,390,490,580,730,820,1100,1100,1100,3678,3631,230,269.0623804976787,93.93912501400337,2298.8207500020508,149.46519847743338
1777169893,512,GET,large_scan,69.000000,69.000000,250,300,340,360,450,540,630,710,1000,1000,1000,7468,7468,230,272.25190118294665,92.02991699567065,2952.4502080166712,149.71799678628815
1777169893,512,GET,next_departures,269.600000,269.600000,250,310,350,380,470,550,710,760,1100,1200,1200,29886,29886,230,271.57747398301916,87.05812500556931,2963.1504580029286,150.3546811215954
1777169893,512,GET,point_read,342.000000,241.200000,230,270,310,330,400,470,650,710,1100,1400,1400,36754,25191,220,245.84219824753626,83.16145799471997,3117.199250002159,128.3572128203733
1777169893,512,GET,trips_per_route,37.700000,36.900000,260,330,360,390,520,650,740,900,1000,1000,1000,3619,3571,230,271.6055295558827,93.86541700223461,2542.8467500023544,149.15473887814312
1777169893,512,,Aggregated,753.700000,651.500000,240,300,330,360,440,530,680,750,1100,1400,1400,81405,69747,220,259.90759273771477,83.16145799471997,3117.199250002159,140.27097844112768
1777169894,512,GET,bulk_update_departures,35.900000,35.400000,250,300,360,380,490,580,730,820,1100,1100,1100,3709,3662,230,268.58289884184734,93.93912501400337,2298.8207500020508,149.46966837422485
1777169894,512,GET,large_scan,67.500000,67.500000,240,290,330,350,450,540,630,710,1000,1000,1000,7545,7545,230,271.6198059683635,92.02991699567065,2952.4502080166712,149.72087475149107
1777169894,512,GET,next_departures,268.300000,268.300000,240,310,340,370,470,550,710,760,1100,1200,1200,30176,30176,230,270.984930228843,87.05812500556931,2963.1504580029286,150.35210100742313
1777169894,512,GET,point_read,343.900000,239.200000,230,270,310,330,400,480,650,710,1100,1400,1400,37126,25470,210,245.2841595952592,83.16145799471997,3117.199250002159,128.40141679685397
1777169894,512,GET,trips_per_route,38.100000,37.200000,250,310,350,380,520,650,740,900,1000,1000,1000,3655,3607,230,270.9914636138808,93.86541700223461,2542.8467500023544,149.16306429548564
1777169894,512,,Aggregated,753.700000,647.600000,240,290,330,350,440,530,680,750,1100,1400,1400,82211,70460,220,259.32880236298513,83.16145799471997,3117.199250002159,140.28869615988128
1777169895,512,GET,bulk_update_departures,35.100000,34.700000,250,300,350,370,490,560,730,820,1100,1100,1100,3753,3706,230,268.20315049305987,93.93912501400337,2298.8207500020508,149.47588595790035
1777169895,512,GET,large_scan,67.600000,67.600000,240,290,330,350,450,540,630,710,1000,1000,1000,7618,7618,230,271.2403291150244,92.02991699567065,2952.4502080166712,149.71646101338933
1777169895,512,GET,next_departures,268.600000,268.600000,240,300,340,360,470,550,700,760,1100,1200,1200,30488,30488,230,270.58672988422296,87.05812500556931,2963.1504580029286,150.35423773287852
1777169895,512,GET,point_read,341.200000,242.400000,230,270,300,330,400,470,640,710,1100,1400,1400,37564,25795,210,244.87898531759095,83.16145799471997,3117.199250002159,128.4465445639442
1777169895,512,GET,trips_per_route,37.900000,37.100000,240,310,350,380,520,650,740,900,1000,1000,1000,3699,3650,230,270.52078642004966,93.86541700223461,2542.8467500023544,149.15598810489323
1777169895,512,,Aggregated,750.400000,650.400000,240,280,320,350,430,520,680,750,1100,1400,1400,83122,71257,220,258.9183858081667,83.16145799471997,3117.199250002159,140.3024109140781
1777169896,512,GET,bulk_update_departures,34.200000,33.900000,260,330,370,390,490,580,730,820,1100,1100,1100,3782,3735,230,268.3403907682156,93.93912501400337,2298.8207500020508,149.47990481226864
1777169896,512,GET,large_scan,68.900000,68.900000,250,310,340,360,450,550,650,710,1000,1000,1000,7683,7683,230,271.20292945832614,92.02991699567065,2952.4502080166712,149.71885982038268
1777169896,512,GET,next_departures,271.700000,271.700000,240,310,350,370,470,550,710,760,1100,1200,1200,30746,30746,230,270.425683572632,87.05812500556931,2963.1504580029286,150.35126520522994
1777169896,512,GET,point_read,345.200000,245.700000,230,270,320,340,400,470,650,710,1100,1400,1400,37876,26032,210,244.85046643153478,83.16145799471997,3117.199250002159,128.48796071390854
1777169896,512,GET,trips_per_route,38.500000,37.700000,240,320,360,390,520,650,730,900,1000,1000,1000,3744,3695,230,270.45368132526045,93.86541700223461,2542.8467500023544,149.16613247863248
1777169896,512,,Aggregated,758.500000,657.900000,240,300,340,360,440,530,680,750,1100,1400,1400,83831,71891,220,258.8488552144219,83.16145799471997,3117.199250002159,140.3229235008529
1777169897,512,GET,bulk_update_departures,34.600000,34.300000,240,290,360,380,490,580,730,820,1100,1100,1100,3831,3782,230,267.6478005988818,93.93912501400337,2298.8207500020508,149.46489167319237
1777169897,512,GET,large_scan,66.600000,66.600000,230,270,320,360,450,550,650,710,1000,1000,1000,7761,7761,230,270.66050852393266,92.02991699567065,2952.4502080166712,149.7147274835717
1777169897,512,GET,next_departures,271.400000,271.400000,230,270,320,360,470,540,690,760,1100,1200,1200,31093,31093,230,269.81640003489554,87.05812500556931,2963.1504580029286,150.3505612195671
1777169897,512,GET,point_read,340.000000,245.800000,220,250,290,320,400,470,640,700,1100,1400,1400,38310,26329,210,244.1801131587306,83.16145799471997,3117.199250002159,128.48561733228922
1777169897,512,GET,trips_per_route,38.600000,38.000000,230,290,350,380,520,650,730,900,1000,1000,1000,3787,3736,230,269.85278740026905,90.9458749811165,2542.8467500023544,149.14153683654607
1777169897,512,,Aggregated,751.200000,656.100000,220,260,310,340,430,520,680,750,1100,1400,1400,84782,72701,220,258.2131690456599,83.16145799471997,3117.199250002159,140.31833408034726
1777169898,512,GET,bulk_update_departures,35.300000,35.000000,230,250,290,320,420,560,730,820,1100,1100,1100,3867,3818,220,267.16496332486605,93.93912501400337,2298.8207500020508,149.46987328678563
1777169898,512,GET,large_scan,67.300000,67.300000,220,250,270,300,410,550,650,710,1000,1000,1000,7828,7828,230,270.1883576466787,92.02991699567065,2952.4502080166712,149.7171691364333
1777169898,512,GET,next_departures,274.500000,274.500000,220,240,270,310,430,550,700,760,1100,1200,1200,31354,31354,230,269.3751143074524,87.05812500556931,2963.1504580029286,150.34764304394974
1777169898,512,GET,point_read,344.900000,247.600000,210,240,260,290,380,440,640,700,1100,1400,1400,38661,26606,210,243.76847550694566,83.16145799471997,3117.199250002159,128.5492356638473
1777169898,512,GET,trips_per_route,38.800000,38.200000,220,250,310,350,520,650,730,900,1000,1000,1000,3821,3770,230,269.36031452653594,90.9458749811165,2542.8467500023544,149.14917560847945
1777169898,512,,Aggregated,760.800000,662.600000,220,240,270,300,400,520,680,740,1100,1400,1400,85531,73376,220,257.7744619402447,83.16145799471997,3117.199250002159,140.3435830283757
1777169899,512,GET,bulk_update_departures,34.100000,33.800000,230,250,280,300,360,420,580,620,1100,1100,1100,3896,3847,230,267.371462240091,93.93912501400337,2298.8207500020508,149.47381930184804
1777169899,512,GET,large_scan,65.800000,65.800000,220,250,270,300,350,390,550,590,1000,1000,1000,7889,7889,230,270.4558782417542,92.02991699567065,2952.4502080166712,149.71935606540754
1777169899,512,GET,next_departures,271.800000,271.800000,220,250,270,300,360,410,550,610,1100,1200,1200,31609,31609,230,269.7297471880681,87.05812500556931,2963.1504580029286,150.34483849536525
1777169899,512,GET,point_read,347.000000,245.400000,210,230,260,280,340,390,460,530,1100,1400,1400,38953,26812,210,244.037720696222,83.16145799471997,3117.199250002159,128.55792878597285
1777169899,512,GET,trips_per_route,38.700000,38.100000,220,240,270,310,360,470,550,620,1000,1000,1000,3846,3795,230,269.5912697311273,90.9458749811165,2542.8467500023544,149.15470618824753
1777169899,512,,Aggregated,757.400000,654.900000,220,240,270,290,350,400,520,600,1100,1400,1400,86193,73952,220,258.07249517791445,83.16145799471997,3117.199250002159,140.34900746000255
1777169900,512,GET,bulk_update_departures,34.100000,33.800000,230,250,280,310,380,420,530,580,620,620,620,3928,3879,230,267.89805395375595,93.93912501400337,2298.8207500020508,149.47810590631366
1777169900,512,GET,large_scan,65.800000,65.800000,220,250,270,310,370,430,540,570,630,630,630,7939,7939,230,270.9951699194056,92.02991699567065,2952.4502080166712,149.71092077087795
1777169900,512,GET,next_departures,271.800000,271.800000,220,240,270,300,380,430,530,570,620,630,630,31793,31793,230,270.20177782847037,87.05812500556931,2963.1504580029286,150.3483471204353
1777169900,512,GET,point_read,347.000000,245.400000,210,230,260,280,350,400,460,500,600,640,640,39213,26966,220,244.5125515031507,83.16145799471997,3117.199250002159,128.51386019942365
1777169900,512,GET,trips_per_route,38.700000,38.100000,220,240,270,300,370,470,530,550,620,620,620,3869,3818,230,270.02528803022557,90.9458749811165,2542.8467500023544,149.15973119669164
1777169900,512,,Aggregated,757.400000,654.900000,220,240,270,290,360,420,500,540,620,640,640,86742,74395,220,258.54900571698727,83.16145799471997,3117.199250002159,140.32698116252794
1777169901,512,GET,bulk_update_departures,35.200000,34.700000,230,260,290,320,390,450,580,640,720,720,720,3954,3905,230,269.31729824515264,93.93912501400337,2298.8207500020508,149.48153768335862
1777169901,512,GET,large_scan,66.100000,66.100000,230,260,300,330,390,550,670,720,780,780,780,7999,7999,230,272.804892401464,92.02991699567065,2952.4502080166712,149.71308913614203
1777169901,512,GET,next_departures,274.600000,274.600000,220,250,280,310,380,470,630,690,760,790,790,31958,31958,230,271.53136358397234,87.05812500556931,2963.1504580029286,150.34654859503098
1777169901,512,GET,point_read,351.400000,252.500000,210,240,270,290,370,450,670,710,760,780,780,39450,27122,220,246.11633709139022,83.16145799471997,3117.199250002159,128.50187579214196
1777169901,512,GET,trips_per_route,38.700000,37.900000,220,240,280,310,380,470,630,670,760,760,760,3893,3842,230,271.486001716155,90.9458749811165,2542.8467500023544,149.16491137939892
1777169901,512,,Aggregated,766.000000,665.800000,220,240,280,300,380,460,650,700,760,790,790,87254,74826,220,260.0549058144429,83.16145799471997,3117.199250002159,140.3199624086002
1777169902,512,GET,bulk_update_departures,36.100000,35.700000,240,280,330,360,480,610,640,690,720,720,720,3993,3943,230,270.9837000509448,93.93912501400337,2298.8207500020508,149.47608314550465
1777169902,512,GET,large_scan,67.400000,67.400000,240,300,340,370,570,650,690,720,780,780,780,8096,8096,230,274.9646404071732,92.02991699567065,2952.4502080166712,149.7098567193676
1777169902,512,GET,next_departures,278.100000,278.100000,230,280,330,360,520,630,690,710,790,1100,1100,32270,32270,230,273.25580200232923,87.05812500556931,2963.1504580029286,150.34862101022622
1777169902,512,GET,point_read,357.800000,261.900000,230,270,310,340,540,620,680,720,760,780,780,39846,27325,220,248.19561517382917,83.16145799471997,3117.199250002159,128.38222155297896
1777169902,512,GET,trips_per_route,36.900000,36.400000,230,270,320,350,450,620,670,680,760,760,760,3926,3875,230,272.8265124521089,90.9458749811165,2542.8467500023544,149.17193071828834
1777169902,512,,Aggregated,776.300000,679.500000,230,270,320,350,530,620,680,710,760,1100,1100,88131,75509,220,261.9604423387712,83.16145799471997,3117.199250002159,140.26648965744175
1777169903,512,GET,bulk_update_departures,35.300000,35.100000,270,320,360,390,480,610,640,690,720,720,720,4029,3979,230,271.751367267922,93.93912501400337,2298.8207500020508,149.4807644576818
1777169903,512,GET,large_scan,67.500000,67.500000,270,330,370,400,580,650,690,720,780,780,780,8154,8154,230,275.43155369358215,92.02991699567065,2952.4502080166712,149.71192052980132
1777169903,512,GET,next_departures,270.000000,270.000000,260,320,360,390,520,630,690,710,790,1100,1100,32517,32517,230,273.8144799435472,87.05812500556931,2963.1504580029286,150.34597287572655
1777169903,512,GET,point_read,353.500000,256.700000,250,300,350,380,550,620,680,720,760,780,780,40133,27603,220,248.89560857460603,83.16145799471997,3117.199250002159,128.52144120798346
1777169903,512,GET,trips_per_route,35.700000,35.200000,260,320,360,380,470,620,670,680,760,760,760,3957,3906,230,273.47891783800395,90.9458749811165,2542.8467500023544,149.17841799342938
1777169903,512,,Aggregated,762.000000,664.500000,260,310,360,390,540,620,690,710,760,1100,1100,88790,76159,220,262.59110405083595,83.16145799471997,3117.199250002159,140.33178285843002
1777169904,512,GET,bulk_update_departures,34.500000,34.200000,260,320,360,390,480,610,640,690,720,720,720,4073,4023,230,271.04570433770704,93.93912501400337,2298.8207500020508,149.4863736803339
1777169904,512,GET,large_scan,69.200000,69.200000,260,330,370,400,570,650,690,720,780,780,780,8243,8243,230,274.6778207853199,92.02991699567065,2952.4502080166712,149.70847992235838
1777169904,512,GET,next_departures,265.400000,265.400000,250,310,360,390,520,630,690,710,790,1100,1100,32865,32865,230,273.07380280264937,87.05812500556931,2963.1504580029286,150.34915563669557
1777169904,512,GET,point_read,346.500000,242.900000,240,290,340,380,540,620,680,720,760,780,780,40581,27875,220,248.0375767902899,80.4168330214452,3117.199250002159,128.46026465587343
1777169904,512,GET,trips_per_route,33.700000,33.300000,240,300,350,380,450,620,670,680,760,760,760,4002,3951,230,272.71728400598835,90.9458749811165,2542.8467500023544,149.18765617191406
1777169904,512,,Aggregated,749.300000,645.000000,240,300,350,380,540,620,680,710,760,1100,1100,89764,76957,220,261.7946663910758,80.4168330214452,3117.199250002159,140.30374092063633
1777169905,512,GET,bulk_update_departures,35.800000,35.500000,240,300,350,390,480,610,640,690,720,720,720,4104,4053,230,270.51225382149966,93.93912501400337,2298.8207500020508,149.4780701754386
1777169905,512,GET,large_scan,70.000000,70.000000,250,310,360,390,580,650,690,720,780,780,780,8307,8307,230,274.0461618696613,92.02991699567065,2952.4502080166712,149.69772481040087
1777169905,512,GET,next_departures,268.000000,268.000000,240,300,350,380,520,630,690,710,790,1100,1100,33146,33146,230,272.4544922885577,87.05812500556931,2963.1504580029286,150.34845833584745
1777169905,512,GET,point_read,345.300000,246.000000,220,280,330,370,540,620,680,720,760,780,780,40967,28180,220,247.39861798656807,80.4168330214452,3117.199250002159,128.52735128273977
1777169905,512,GET,trips_per_route,34.300000,34.000000,230,280,350,370,510,620,670,690,760,760,760,4037,3986,230,272.0907175627851,90.9458749811165,2542.8467500023544,149.1946990339361
1777169905,512,,Aggregated,753.400000,653.500000,230,290,340,380,540,620,680,710,760,1100,1100,90561,77672,220,261.1617558064489,80.4168330214452,3117.199250002159,140.3266969225163
1777169906,512,GET,bulk_update_departures,35.300000,35.000000,230,300,350,390,480,610,640,690,720,720,720,4145,4094,230,269.8073088698537,93.93912501400337,2298.8207500020508,149.4832328106152
1777169906,512,GET,large_scan,68.600000,68.600000,240,310,350,390,570,650,690,720,780,780,780,8383,8383,230,273.3591916212937,92.02991699567065,2952.4502080166712,149.70046522724562
1777169906,512,GET,next_departures,263.400000,263.400000,230,290,350,380,510,620,690,710,790,1100,1100,33476,33476,230,271.7156036523869,87.05812500556931,2963.1504580029286,150.34651690763533
1777169906,512,GET,point_read,337.700000,235.300000,220,280,320,370,540,620,680,720,760,780,780,41356,28458,210,246.67330951580794,80.4168330214452,3117.199250002159,128.54458845149435
1777169906,512,GET,trips_per_route,33.700000,33.400000,230,280,350,370,510,620,670,690,760,760,760,4072,4021,230,271.4377657910246,90.9458749811165,2542.8467500023544,149.20162082514736
1777169906,512,,Aggregated,738.700000,635.700000,220,290,340,380,530,620,680,710,760,1100,1100,91432,78432,220,260.44042476518973,80.4168330214452,3117.199250002159,140.33583428121446
1777169907,512,GET,bulk_update_departures,34.700000,34.400000,230,300,350,390,490,610,640,690,720,720,720,4181,4130,230,269.36774813977775,93.93912501400337,2298.8207500020508,149.48768237263812
1777169907,512,GET,large_scan,68.700000,68.700000,240,310,350,390,580,650,690,720,780,780,780,8457,8457,230,272.9012103808,92.02991699567065,2952.4502080166712,149.69989357928344
1777169907,512,GET,next_departures,264.800000,264.800000,230,290,350,380,510,620,690,710,790,1100,1100,33803,33803,230,271.21869726255875,87.05812500556931,2963.1504580029286,150.34760228382098
1777169907,512,GET,point_read,337.400000,238.000000,220,280,320,370,540,620,680,720,760,780,780,41738,28755,210,246.26936256047043,80.4168330214452,3117.199250002159,128.6007954382098
1777169907,512,GET,trips_per_route,34.100000,33.800000,230,280,350,370,510,620,670,690,760,760,760,4109,4057,230,270.96374163618833,90.9458749811165,2542.8467500023544,149.19347773180823
1777169907,512,,Aggregated,739.700000,639.700000,230,290,340,380,530,620,680,710,760,1100,1100,92288,79202,220,259.99413123765817,80.4168330214452,3117.199250002159,140.36273404993065
1777169908,512,GET,bulk_update_departures,36.300000,35.900000,230,270,350,380,480,610,640,690,720,720,720,4223,4172,230,268.97050262713975,93.93912501400337,2298.8207500020508,149.49277764622306
1777169908,512,GET,large_scan,69.700000,69.700000,230,280,340,390,570,650,690,720,780,780,780,8535,8535,230,272.5488979040894,92.02991699567065,2952.4502080166712,149.70263620386643
1777169908,512,GET,next_departures,270.700000,270.700000,220,260,320,370,500,620,690,710,790,1100,1100,34084,34084,230,270.8653970015103,87.05812500556931,2963.1504580029286,150.34547001525644
1777169908,512,GET,point_read,341.500000,240.500000,210,260,310,360,540,620,680,720,760,780,780,42115,29015,210,245.86623754823572,80.4168330214452,3117.199250002159,128.60149590407218
1777169908,512,GET,trips_per_route,33.000000,32.800000,220,270,320,370,510,620,670,690,760,760,760,4133,4081,230,270.6747147278419,90.9458749811165,2542.8467500023544,149.19816114202757
1777169908,512,,Aggregated,751.200000,649.600000,220,260,320,370,530,620,680,710,760,1100,1100,93090,79887,220,259.61541151487074,80.4168330214452,3117.199250002159,140.35968417660328
1777169909,512,GET,bulk_update_departures,36.100000,35.700000,220,250,270,330,450,610,640,690,720,720,720,4268,4217,230,268.50027898792393,93.93912501400337,2298.8207500020508,149.49812558575445
1777169909,512,GET,large_scan,69.200000,69.200000,220,260,290,330,560,630,690,720,780,780,780,8612,8612,230,272.13444696206227,92.02991699567065,2952.4502080166712,149.7052949372968
1777169909,512,GET,next_departures,273.500000,273.500000,220,250,270,300,490,620,690,710,790,1100,1100,34377,34377,230,270.4866032213535,87.05812500556931,2963.1504580029286,150.34834336911308
1777169909,512,GET,point_read,340.800000,242.400000,210,240,270,300,530,620,680,710,760,780,780,42486,29333,210,245.55144987289646,80.4168330214452,3117.199250002159,128.7025373064068
1777169909,512,GET,trips_per_route,32.500000,32.300000,220,240,270,310,450,620,670,680,760,760,760,4176,4124,230,270.2523633482182,90.9458749811165,2542.8467500023544,149.20641762452107
1777169909,512,,Aggregated,752.100000,653.100000,210,240,270,310,510,620,680,710,760,1100,1100,93919,80663,220,259.2571447262018,80.4168330214452,3117.199250002159,140.40808569086127
1777169910,512,GET,bulk_update_departures,36.100000,35.700000,220,240,260,270,390,550,630,640,720,720,720,4289,4238,230,268.3789644661949,93.93912501400337,2298.8207500020508,149.5005828864537
1777169910,512,GET,large_scan,69.200000,69.200000,220,240,260,280,410,590,650,670,710,710,710,8649,8649,230,272.04398233741904,92.02991699567065,2952.4502080166712,149.70655567117586
1777169910,512,GET,next_departures,273.500000,273.500000,220,240,260,270,380,570,640,680,720,1100,1100,34564,34564,230,270.31098366405126,87.05812500556931,2963.1504580029286,150.34645874320103
1777169910,512,GET,point_read,340.800000,242.400000,210,230,250,270,380,580,620,670,700,770,770,42722,29494,210,245.4005788717246,80.4168330214452,3117.199250002159,128.69924160853893
1777169910,512,GET,trips_per_route,32.500000,32.300000,220,230,250,270,380,450,630,650,690,690,690,4203,4151,230,269.998439657916,90.9458749811165,2542.8467500023544,149.2115155841066
1777169910,512,,Aggregated,752.100000,653.100000,210,230,250,270,380,580,630,680,710,1100,1100,94427,81096,220,259.09773257263294,80.4168330214452,3117.199250002159,140.40496891778835
1777169911,512,GET,bulk_update_departures,36.100000,35.700000,220,230,240,250,300,390,410,420,440,440,440,4289,4238,230,268.3789644661949,93.93912501400337,2298.8207500020508,149.5005828864537
1777169911,512,GET,large_scan,69.200000,69.200000,210,230,240,260,290,330,400,430,470,470,470,8649,8649,230,272.04398233741904,92.02991699567065,2952.4502080166712,149.70655567117586
1777169911,512,GET,next_departures,273.500000,273.500000,210,230,240,250,290,360,400,420,450,460,460,34564,34564,230,270.31098366405126,87.05812500556931,2963.1504580029286,150.34645874320103
1777169911,512,GET,point_read,340.800000,242.400000,200,220,230,240,280,350,400,420,460,480,480,42722,29494,210,245.4005788717246,80.4168330214452,3117.199250002159,128.69924160853893
1777169911,512,GET,trips_per_route,32.500000,32.300000,210,230,240,250,280,370,410,430,450,450,450,4203,4151,230,269.998439657916,90.9458749811165,2542.8467500023544,149.2115155841066
1777169911,512,,Aggregated,752.100000,653.100000,210,220,240,250,290,350,400,420,460,480,480,94427,81096,220,259.09773257263294,80.4168330214452,3117.199250002159,140.40496891778835
1777169912,512,GET,bulk_update_departures,36.400000,36.200000,220,230,240,250,310,1900,2100,2100,2100,2100,2100,4317,4266,230,279.1002558905349,93.93912501400337,2298.8207500020508,149.50382209867965
1777169912,512,GET,large_scan,71.600000,71.600000,210,230,240,250,280,1800,2000,2100,2100,2100,2100,8686,8686,230,278.9282994792115,92.02991699567065,2952.4502080166712,149.70469721390745
1777169912,512,GET,next_departures,275.800000,275.800000,210,220,240,250,280,1900,2000,2000,2100,2100,2100,34739,34739,230,278.4027889110872,87.05812500556931,2963.1504580029286,150.34687239126055
1777169912,512,GET,point_read,349.700000,250.300000,200,220,230,240,300,1900,2000,2000,2100,2300,2300,42971,29650,220,254.93188548811375,80.4168330214452,3117.199250002159,128.6738265341742
1777169912,512,GET,trips_per_route,32.700000,32.600000,210,220,230,250,280,1900,2000,2000,2100,2100,2100,4226,4174,230,278.8136986034518,90.9458749811165,2542.8467500023544,149.21580690960718
1777169912,512,,Aggregated,766.200000,666.500000,210,220,230,240,290,1900,2000,2000,2100,2300,2300,94939,81515,220,267.87754494513285,80.4168330214452,3117.199250002159,140.38985032494548
1777169913,512,GET,bulk_update_departures,33.500000,33.300000,220,240,260,310,710,1900,2100,2100,2100,2100,2100,4345,4294,230,280.9406788863836,93.93912501400337,2298.8207500020508,149.50701956271575
1777169913,512,GET,large_scan,65.000000,65.000000,220,240,260,280,580,1800,2000,2100,2100,2100,2100,8727,8727,230,280.2177139699131,92.02991699567065,2952.4502080166712,149.70299071845994
1777169913,512,GET,next_departures,260.600000,260.600000,210,240,260,280,640,1900,2000,2000,2100,2100,2100,34927,34927,230,279.93726943290375,87.05812500556931,2963.1504580029286,150.35001574712973
1777169913,512,GET,point_read,327.200000,237.200000,210,230,250,270,660,1900,2000,2000,2100,2300,2300,43180,29685,220,256.30205013097805,80.4168330214452,3117.199250002159,128.4996062992126
1777169913,512,GET,trips_per_route,31.000000,30.900000,210,230,250,260,690,1900,2000,2000,2100,2100,2100,4241,4189,230,279.8174359842533,90.9458749811165,2542.8467500023544,149.21858052346144
1777169913,512,,Aggregated,717.300000,627.000000,210,230,250,280,650,1900,2000,2000,2100,2300,2300,95420,81822,220,269.30773967433015,80.4168330214452,3117.199250002159,140.31429469712847
1777169914,512,GET,bulk_update_departures,33.200000,33.100000,240,280,360,470,710,1900,2100,2100,2100,2100,2100,4396,4343,230,281.8193109955307,93.93912501400337,2298.8207500020508,149.49408553230208
1777169914,512,GET,large_scan,61.400000,61.400000,230,260,300,360,560,1800,2000,2100,2100,2100,2100,8807,8807,230,280.7142582546017,92.02991699567065,2952.4502080166712,149.69649142727377
1777169914,512,GET,next_departures,255.100000,255.100000,230,260,320,420,660,1900,2000,2000,2100,2100,2100,35236,35236,230,280.5806765175712,87.05812500556931,2963.1504580029286,150.3497843114996
1777169914,512,GET,point_read,322.200000,242.200000,220,260,320,400,690,1900,2000,2000,2100,2300,2300,43676,30119,220,257.4030157657955,80.4168330214452,3117.199250002159,128.6459382727356
1777169914,512,GET,trips_per_route,31.000000,30.900000,230,260,300,370,690,1900,2000,2000,2100,2100,2100,4280,4228,230,280.2736772311143,90.9458749811165,2542.8467500023544,149.22570093457944
1777169914,512,,Aggregated,702.900000,622.700000,230,260,320,400,670,1900,2000,2000,2100,2300,2300,96395,82733,220,270.1340768348341,80.4168330214452,3117.199250002159,140.3672804606048
1777169915,512,GET,bulk_update_departures,31.600000,31.500000,240,300,410,490,1600,2000,2100,2100,2100,2100,2100,4416,4362,230,281.5242356418228,93.93912501400337,2298.8207500020508,149.486865942029
1777169915,512,GET,large_scan,57.400000,57.400000,240,280,320,400,640,1800,2000,2100,2100,2100,2100,8865,8865,230,280.49361083736846,92.02991699567065,2952.4502080166712,149.69238578680202
1777169915,512,GET,next_departures,241.000000,241.000000,240,280,340,450,710,1900,2000,2000,2100,2100,2100,35448,35448,230,280.3429382634846,87.05812500556931,2963.1504580029286,150.34980816971338
1777169915,512,GET,point_read,304.700000,208.200000,230,270,330,430,1000,1900,2000,2100,2100,2300,2300,43950,30259,220,256.97010155371913,80.4168330214452,3117.199250002159,128.56921501706483
1777169915,512,GET,trips_per_route,28.400000,28.300000,230,260,310,410,960,2000,2000,2000,2100,2100,2100,4306,4254,230,280.0390710852858,90.9458749811165,2542.8467500023544,149.230376219229
1777169915,512,,Aggregated,663.100000,566.400000,240,270,330,430,730,1900,2000,2000,2100,2300,2300,96985,83188,220,269.80530559994645,80.4168330214452,3117.199250002159,140.33056658246122
1777169916,512,GET,bulk_update_departures,31.100000,30.900000,250,310,390,480,1000,1900,2100,2100,2100,2100,2100,4462,4408,230,281.06246895455615,93.93912501400337,2298.8207500020508,149.49215598386374
1777169916,512,GET,large_scan,53.900000,53.900000,240,290,320,370,600,1800,2000,2100,2100,2100,2100,8944,8944,230,280.1178045089682,92.02991699567065,2952.4502080166712,149.69510286225403
1777169916,512,GET,next_departures,229.400000,229.400000,240,290,350,450,710,1900,2000,2000,2100,2100,2100,35780,35780,230,279.91852339935474,87.05812500556931,2963.1504580029286,150.34935718278368
1777169916,512,GET,point_read,296.600000,211.000000,240,280,330,420,940,1900,2000,2000,2100,2300,2300,44372,30549,220,256.62807611263355,80.4168330214452,3117.199250002159,128.56853421076354
1777169916,512,GET,trips_per_route,26.900000,26.800000,240,280,320,380,750,1900,2000,2000,2100,2100,2100,4348,4296,230,279.65632430825303,90.9458749811165,2542.8467500023544,149.2378104875805
1777169916,512,,Aggregated,637.900000,552.000000,240,280,340,430,710,1900,2000,2000,2100,2300,2300,97906,83977,220,269.4217498273277,80.4168330214452,3117.199250002159,140.32986742385555
1777169917,512,GET,bulk_update_departures,31.900000,31.600000,250,310,410,490,1600,2000,2100,2100,2100,2100,2100,4492,4438,230,280.6563211211494,93.93912501400337,2298.8207500020508,149.49554764024933
1777169917,512,GET,large_scan,56.600000,56.600000,240,300,330,410,660,1900,2000,2100,2100,2100,2100,8999,8999,230,279.7680337480999,92.02991699567065,2952.4502080166712,149.69096566285143
1777169917,512,GET,next_departures,234.100000,234.100000,240,290,350,450,710,1900,2000,2000,2100,2100,2100,36080,36080,230,279.3644536520466,87.05812500556931,2963.1504580029286,150.3485310421286
1777169917,512,GET,point_read,306.700000,213.500000,230,280,340,420,990,1900,2000,2000,2100,2300,2300,44723,30844,220,256.13182668763653,80.4168330214452,3117.199250002159,128.65067191378037
1777169917,512,GET,trips_per_route,27.400000,27.300000,230,280,310,380,750,1900,2000,2000,2100,2100,2100,4382,4329,230,279.0891945390836,90.9458749811165,2542.8467500023544,149.2293473299863
1777169917,512,,Aggregated,656.700000,563.100000,230,280,340,430,720,1900,2000,2000,2100,2300,2300,98676,84690,220,268.9181032202615,80.4168330214452,3117.199250002159,140.3658944424176
1777169918,512,GET,bulk_update_departures,30.800000,30.500000,250,310,410,490,1600,2000,2100,2100,2100,2100,2100,4525,4470,230,280.1694111266618,93.93912501400337,2298.8207500020508,149.48994475138122
1777169918,512,GET,large_scan,54.500000,54.500000,240,290,340,410,660,1900,2000,2100,2100,2100,2100,9064,9064,230,279.3342131638543,92.02991699567065,2952.4502080166712,149.6931818181818
1777169918,512,GET,next_departures,226.100000,226.100000,230,280,340,440,700,1900,2000,2000,2100,2100,2100,36392,36392,230,278.8571425912795,87.05812500556931,2963.1504580029286,150.3476038689822
1777169918,512,GET,point_read,293.900000,203.500000,220,280,340,430,1000,1900,2000,2100,2100,2300,2300,45097,31125,220,255.64107218314606,80.4168330214452,3117.199250002159,128.68574406279797
1777169918,512,GET,trips_per_route,26.500000,26.400000,220,260,310,350,640,1900,2000,2000,2100,2100,2100,4437,4384,230,278.3294126874848,90.9458749811165,2542.8467500023544,149.23890015776425
1777169918,512,,Aggregated,631.800000,541.000000,230,280,340,430,730,1900,2000,2000,2100,2300,2300,99515,85435,220,268.41595802627495,80.4168330214452,3117.199250002159,140.38310807415968
1777169919,512,GET,bulk_update_departures,30.600000,30.300000,250,310,370,470,710,1900,2100,2100,2100,2100,2100,4555,4500,230,279.9694643091384,93.93912501400337,2298.8207500020508,149.49330406147092
1777169919,512,GET,large_scan,54.900000,54.900000,230,280,320,360,540,1800,2000,2100,2100,2100,2100,9160,9160,230,278.8795347154192,92.02991699567065,2952.4502080166712,149.68755458515284
1777169919,512,GET,next_departures,228.400000,228.400000,230,270,320,380,610,1800,2000,2000,2100,2100,2100,36729,36729,230,278.52256893432644,87.05812500556931,2963.1504580029286,150.3450951564159
1777169919,512,GET,point_read,300.700000,212.000000,220,270,320,370,650,1900,2000,2000,2100,2300,2300,45496,31410,220,255.32217939499063,80.4168330214452,3117.199250002159,128.70050114295762
1777169919,512,GET,trips_per_route,28.000000,27.900000,220,260,300,330,560,1800,2000,2000,2100,2100,2100,4492,4437,230,277.8633934421733,90.9458749811165,2542.8467500023544,149.21994657168298
1777169919,512,,Aggregated,642.600000,553.500000,230,270,320,370,620,1900,2000,2000,2100,2300,2300,100432,86236,220,268.0814194619929,80.4168330214452,3117.199250002159,140.39110044607295
1777169920,512,GET,bulk_update_departures,30.100000,29.800000,240,310,370,470,710,1900,2000,2100,2100,2100,2100,4591,4535,230,279.4520608730214,93.93912501400337,2298.8207500020508,149.48812894794162
1777169920,512,GET,large_scan,52.400000,52.400000,230,280,310,350,540,1800,2000,2100,2100,2100,2100,9227,9227,230,278.46126297739033,92.02991699567065,2952.4502080166712,149.68689714966945
1777169920,512,GET,next_departures,230.200000,230.200000,230,270,320,370,610,1800,2000,2000,2100,2100,2100,36982,36982,230,278.1443635535339,87.05812500556931,2963.1504580029286,150.34341030771728
1777169920,512,GET,point_read,304.100000,211.500000,220,260,310,370,620,1900,2000,2000,2100,2300,2300,45853,31668,210,254.87778067517124,80.4168330214452,3117.199250002159,128.71772839290776
1777169920,512,GET,trips_per_route,30.000000,29.900000,230,260,300,330,570,1800,2000,2000,2100,2100,2100,4519,4464,230,277.56812059421804,90.9458749811165,2542.8467500023544,149.2246072139854
1777169920,512,,Aggregated,646.800000,553.800000,220,270,320,370,610,1900,2000,2000,2100,2300,2300,101172,86876,220,267.6620265702072,80.4168330214452,3117.199250002159,140.39359704266002
1777169921,512,GET,bulk_update_departures,28.800000,28.400000,230,280,310,330,470,550,650,680,1000,1000,1000,4622,4565,230,279.28250311120604,93.93912501400337,2298.8207500020508,149.4824751189961
1777169921,512,GET,large_scan,52.600000,52.600000,230,260,290,300,410,520,630,680,1000,1000,1000,9294,9294,230,278.2597376303329,92.02991699567065,2952.4502080166712,149.68043899289864
1777169921,512,GET,next_departures,229.600000,229.600000,220,260,280,300,420,550,650,710,1100,1300,1300,37221,37221,230,277.9899246342852,87.05812500556931,2963.1504580029286,150.3438918889874
1777169921,512,GET,point_read,294.900000,205.200000,220,250,270,290,400,510,620,710,1100,1200,1200,46203,31955,220,254.76073812601783,80.4168330214452,3117.199250002159,128.78518710906218
1777169921,512,GET,trips_per_route,30.000000,29.900000,220,250,280,290,360,460,590,640,960,960,960,4547,4492,230,277.37940483776896,90.9458749811165,2542.8467500023544,149.22938201011655
1777169921,512,,Aggregated,635.900000,545.700000,220,250,280,300,410,520,630,710,1100,1300,1300,101887,87527,220,267.51211884894656,80.4168330214452,3117.199250002159,140.41826729612217
