Timestamp,User Count,Type,Name,Requests/s,Failures/s,50%,66%,75%,80%,90%,95%,98%,99%,99.9%,99.99%,100%,Total Request Count,Total Failure Count,Total Median Response Time,Total Average Response Time,Total Min Response Time,Total Max Response Time,Total Average Content Size
1777169324,0,,Aggregated,0.000000,0.000000,N/A,N/A,N/A,N/A,N/A,N/A,N/A,N/A,N/A,N/A,N/A,0,0,0,0.0,0,0,0
1777169325,20,GET,bulk_update_departures,0.000000,0.000000,0,0,0,0,0,0,0,0,0,0,0,1,0,243.6567079857923,243.6567079857923,243.6567079857923,243.6567079857923,108.0
1777169325,20,GET,large_scan,0.000000,0.000000,0,0,0,0,0,0,0,0,0,0,0,3,3,240,286.754416670495,236.11358299967833,384.75833300617523,132.0
1777169325,20,GET,next_departures,0.000000,0.000000,0,0,0,0,0,0,0,0,0,0,0,15,15,240,239.6367305967336,101.56620800262317,374.38054199446924,160.0
1777169325,20,GET,point_read,0.000000,0.000000,0,0,0,0,0,0,0,0,0,0,0,18,0,110,167.76531016512308,90.81095800502226,278.8650000002235,81.11111111111111
1777169325,20,GET,trips_per_route,0.000000,0.000000,0,0,0,0,0,0,0,0,0,0,0,1,1,232.31037499499507,232.31037499499507,232.31037499499507,232.31037499499507,150.0
1777169325,20,,Aggregated,0.000000,0.000000,0,0,0,0,0,0,0,0,0,0,0,38,19,230,209.22518091882873,90.81095800502226,384.75833300617523,118.78947368421052
1777169326,40,GET,bulk_update_departures,0.000000,0.000000,210,210,210,210,210,210,210,210,210,210,210,2,1,210,226.44391648645978,209.23112498712726,243.6567079857923,129.0
1777169326,40,GET,large_scan,0.000000,0.000000,190,190,410,410,1200,1200,1200,1200,1200,1200,1200,10,10,190,318.1218624027679,102.48650002176873,1211.2160419928841,136.5
1777169326,40,GET,next_departures,0.000000,0.000000,220,240,410,410,460,460,470,470,470,470,470,30,30,230,266.2906277323297,98.44662499381229,469.8325830104295,156.66666666666666
1777169326,40,GET,point_read,0.000000,0.000000,110,130,170,200,330,350,380,380,380,380,380,54,0,110,172.9586265169524,90.81095800502226,381.8721660063602,81.0925925925926
1777169326,40,GET,trips_per_route,0.000000,0.000000,0,0,0,0,0,0,0,0,0,0,0,3,2,200,180.50820832528794,112.04062498291023,232.31037499499507,129.0
1777169326,40,,Aggregated,0.000000,0.000000,160,200,230,320,410,460,470,1200,1200,1200,1200,99,43,200,217.21329036224023,90.81095800502226,1211.2160419928841,112.01010101010101
1777169327,60,GET,bulk_update_departures,1.000000,0.000000,650,650,1800,1800,1800,1800,1800,1800,1800,1800,1800,5,3,270,643.4719331969973,209.23112498712726,1839.6333749988116,133.2
1777169327,60,GET,large_scan,3.000000,3.000000,190,320,410,410,650,1200,1200,1200,1200,1200,1200,14,14,240,329.8459761426784,102.48650002176873,1211.2160419928841,136.5
1777169327,60,GET,next_departures,7.000000,7.000000,260,320,370,380,460,470,1700,1700,1700,1700,1700,51,51,260,309.7568651553992,98.44662499381229,1679.0577500069048,154.90196078431373
1777169327,60,GET,point_read,8.000000,0.000000,150,210,320,320,410,430,520,1800,1800,1800,1800,84,0,160,221.50348860651278,90.81095800502226,1836.4418330020271,81.1547619047619
1777169327,60,GET,trips_per_route,0.000000,0.000000,280,280,650,650,650,650,650,650,650,650,650,5,4,230,294.47127499151975,112.04062498291023,653.0069999862462,137.4
1777169327,60,,Aggregated,19.000000,10.000000,210,270,330,370,450,650,1700,1800,1800,1800,1800,159,72,230,274.9147979422171,90.81095800502226,1839.6333749988116,113.0880503144654
1777169328,64,GET,bulk_update_departures,1.000000,0.500000,270,400,440,650,1800,1800,1800,1800,1800,1800,1800,11,9,240,449.3344581807667,202.95712500228547,1839.6333749988116,142.36363636363637
1777169328,64,GET,large_scan,3.500000,3.500000,320,370,400,410,650,1200,1200,1200,1200,1200,1200,17,17,250,331.746004823157,102.48650002176873,1211.2160419928841,137.2941176470588
1777169328,64,GET,next_departures,14.000000,14.000000,280,340,410,430,560,1700,1900,1900,1900,1900,1900,78,78,270,389.8419705764331,98.44662499381229,1946.6512910148595,154.16666666666666
1777169328,64,GET,point_read,18.000000,0.000000,210,260,320,330,410,480,540,1800,2000,2000,2000,129,0,210,255.55244445585998,90.81095800502226,2010.8995419868734,81.1937984496124
1777169328,64,GET,trips_per_route,1.000000,1.000000,280,300,300,650,650,650,650,650,650,650,650,7,6,230,282.0826069967422,112.04062498291023,653.0069999862462,141.0
1777169328,64,,Aggregated,37.500000,19.000000,240,310,340,390,460,650,1800,1900,2000,2000,2000,242,110,240,313.763960374905,90.81095800502226,2010.8995419868734,113.16528925619835
1777169329,64,GET,bulk_update_departures,1.000000,0.666667,270,320,400,400,650,1800,1800,1800,1800,1800,1800,17,14,270,387.1612499385853,202.95712500228547,1839.6333749988116,142.58823529411765
1777169329,64,GET,large_scan,3.333333,3.333333,260,320,370,400,650,1200,2600,2600,2600,2600,2600,26,26,250,391.63455599807025,102.48650002176873,2590.0067079928704,139.6153846153846
1777169329,64,GET,next_departures,14.333333,14.333333,290,330,370,420,470,1700,1900,2400,2500,2500,2500,120,120,290,395.54515619165613,98.44662499381229,2490.195207996294,153.95833333333334
1777169329,64,GET,point_read,25.333333,0.000000,210,270,310,320,420,540,2100,2300,2600,2600,2600,165,0,230,300.6652997559727,90.81095800502226,2622.967000002973,81.21212121212122
1777169329,64,GET,trips_per_route,1.333333,1.000000,280,300,330,650,2100,2100,2100,2100,2100,2100,2100,11,9,270,449.52482181410727,112.04062498291023,2096.14637499908,138.54545454545453
1777169329,64,,Aggregated,45.333333,19.333333,260,310,330,370,460,1500,2100,2400,2600,2600,2600,339,169,250,350.3958877510182,90.81095800502226,2622.967000002973,116.38053097345133
1777169330,64,GET,bulk_update_departures,2.250000,1.750000,320,340,400,410,440,650,1800,1800,1800,1800,1800,23,20,290,376.6777028238563,202.95712500228547,1839.6333749988116,144.52173913043478
1777169330,64,GET,large_scan,3.750000,3.750000,260,320,370,400,650,1200,2600,2600,2600,2600,2600,30,30,260,384.7421499657988,102.48650002176873,2590.0067079928704,141.0
1777169330,64,GET,next_departures,16.750000,16.750000,300,340,370,410,460,1500,1900,2400,2500,2500,2500,146,146,300,383.22799710245096,98.44662499381229,2490.195207996294,153.25342465753425
1777169330,64,GET,point_read,29.500000,0.000000,220,270,310,330,420,510,2100,2300,2600,2600,2600,198,0,220,293.7558442812808,90.81095800502226,2622.967000002973,81.22727272727273
1777169330,64,GET,trips_per_route,1.750000,1.500000,300,320,330,330,650,2100,2100,2100,2100,2100,2100,18,16,270,387.21342822019426,112.04062498291023,2096.14637499908,143.0
1777169330,64,,Aggregated,54.000000,23.750000,260,320,340,370,440,650,2100,2400,2600,2600,2600,415,212,260,340.4593689555123,90.81095800502226,2622.967000002973,117.07469879518072
1777169331,64,GET,bulk_update_departures,2.600000,2.200000,290,320,350,400,440,650,1800,1800,1800,1800,1800,28,25,280,356.85210110386834,202.95712500228547,1839.6333749988116,145.5
1777169331,64,GET,large_scan,4.000000,4.000000,260,320,330,340,410,650,2600,2600,2600,2600,2600,44,44,260,344.4929384548397,102.48650002176873,2590.0067079928704,143.25
1777169331,64,GET,next_departures,18.600000,18.600000,280,320,340,360,440,560,1900,2400,2500,2500,2500,194,194,280,359.61543359675505,90.77045900630765,2490.195207996294,153.09278350515464
1777169331,64,GET,point_read,29.000000,0.000000,200,250,290,320,410,480,2000,2100,2600,2600,2600,243,0,200,266.82000034852837,90.81095800502226,2622.967000002973,81.23045267489712
1777169331,64,GET,trips_per_route,1.600000,1.400000,290,310,320,330,430,650,2100,2100,2100,2100,2100,23,20,280,357.05719382689415,90.22900002310053,2096.14637499908,141.7391304347826
1777169331,64,,Aggregated,55.800000,26.200000,250,300,320,340,430,540,1900,2100,2600,2600,2600,532,283,250,315.7227777883509,90.22900002310053,2622.967000002973,118.56390977443608
1777169332,64,GET,bulk_update_departures,3.333333,2.833333,250,290,320,340,410,650,1800,1800,1800,1800,1800,39,33,240,303.9142478440996,98.75833400292322,1839.6333749988116,143.6153846153846
1777169332,64,GET,large_scan,4.666667,4.666667,260,310,330,340,410,650,2600,2600,2600,2600,2600,46,46,260,337.8227382395973,102.48650002176873,2590.0067079928704,143.54347826086956
1777169332,64,GET,next_departures,23.833333,23.833333,250,300,330,340,430,510,1900,2100,2500,2500,2500,244,244,250,325.107600720271,90.77045900630765,2490.195207996294,152.56147540983608
1777169332,64,GET,point_read,30.666667,0.000000,170,210,260,310,380,440,1800,2100,2600,2600,2600,297,0,180,237.05331412677478,86.54616700368933,2622.967000002973,81.23905723905725
1777169332,64,GET,trips_per_route,2.833333,2.500000,280,310,320,330,430,650,2100,2100,2100,2100,2100,25,22,270,343.92871664022096,90.22900002310053,2096.14637499908,142.4
1777169332,64,,Aggregated,65.333333,33.833333,220,270,310,320,410,470,1800,2100,2600,2600,2600,651,345,220,285.28695608655164,86.54616700368933,2622.967000002973,118.45929339477726
1777169333,64,GET,bulk_update_departures,4.000000,3.571429,240,290,320,340,410,650,1800,1800,1800,1800,1800,41,35,240,298.5803892171555,98.75833400292322,1839.6333749988116,143.9268292682927
1777169333,64,GET,large_scan,5.285714,5.285714,230,280,320,330,400,650,1200,2600,2600,2600,2600,56,56,240,311.76636685735764,102.48650002176873,2590.0067079928704,144.21428571428572
1777169333,64,GET,next_departures,24.714286,24.714286,240,280,320,330,410,460,1700,2100,2500,2500,2500,290,290,240,304.51893806106267,90.77045900630765,2490.195207996294,152.41379310344828
1777169333,64,GET,point_read,32.428571,0.000000,150,200,230,270,340,430,540,2100,2600,2600,2600,345,0,150,219.35681184851632,86.54616700368933,2622.967000002973,81.2463768115942
1777169333,64,GET,trips_per_route,2.857143,2.571429,240,290,310,320,430,650,2100,2100,2100,2100,2100,32,28,230,309.8088397809988,90.22900002310053,2096.14637499908,142.0625
1777169333,64,,Aggregated,69.285714,36.142857,200,250,290,320,390,440,1700,2100,2600,2600,2600,764,409,200,266.4963187177404,86.54616700368933,2622.967000002973,118.78664921465969
1777169334,64,GET,bulk_update_departures,4.125000,3.750000,230,280,320,320,410,440,1800,1800,1800,1800,1800,43,37,230,293.8342035096951,98.75833400292322,1839.6333749988116,144.2093023255814
1777169334,64,GET,large_scan,5.625000,5.625000,210,260,310,320,370,430,1200,2600,2600,2600,2600,65,65,210,294.4887243685886,102.48650002176873,2590.0067079928704,144.6
1777169334,64,GET,next_departures,28.000000,28.000000,220,260,300,320,380,450,1700,1900,2500,2500,2500,329,329,220,290.92544286549344,90.77045900630765,2490.195207996294,152.43161094224925
1777169334,64,GET,point_read,34.750000,0.000000,130,180,210,250,320,420,540,2100,2600,2600,2600,408,0,130,202.37160457241663,86.54616700368933,2622.967000002973,81.25
1777169334,64,GET,trips_per_route,3.000000,2.625000,210,280,300,320,330,650,2100,2100,2100,2100,2100,35,31,210,300.158642799527,90.22900002310053,2096.14637499908,142.74285714285713
1777169334,64,,Aggregated,75.500000,40.000000,200,230,270,300,350,440,1200,2100,2600,2600,2600,880,462,200,250.64122238767266,86.54616700368933,2622.967000002973,118.06363636363636
1777169335,64,GET,bulk_update_departures,4.333333,3.666667,210,270,290,320,410,440,1800,1800,1800,1800,1800,49,42,210,279.9054949368559,95.26845900109038,1839.6333749988116,144.0612244897959
1777169335,64,GET,large_scan,5.555556,5.555556,200,240,280,310,340,400,650,2600,2600,2600,2600,75,75,210,280.6173477997072,95.92908399645239,2590.0067079928704,144.96
1777169335,64,GET,next_departures,30.333333,30.333333,210,250,290,320,350,440,1700,1900,2500,2500,2500,363,363,210,281.34789552817637,90.77045900630765,2490.195207996294,152.4793388429752
1777169335,64,GET,point_read,36.666667,0.000000,120,160,200,220,310,410,520,2000,2600,2600,2600,469,0,120,189.56223560919386,84.73091598716564,2622.967000002973,81.2452025586354
1777169335,64,GET,trips_per_route,3.222222,2.888889,200,270,300,310,330,650,2100,2100,2100,2100,2100,41,36,200,281.61621541310126,90.22900002310053,2096.14637499908,142.26829268292684
1777169335,64,,Aggregated,80.111111,42.444444,190,220,250,280,340,430,650,2000,2600,2600,2600,997,516,190,238.05607798020168,84.73091598716564,2622.967000002973,117.57071213640923
1777169336,64,GET,bulk_update_departures,4.300000,3.700000,210,250,290,320,400,440,650,1800,1800,1800,1800,55,47,210,269.83439619811674,93.51287499885075,1839.6333749988116,143.94545454545454
1777169336,64,GET,large_scan,6.200000,6.200000,210,230,260,290,330,400,650,2600,2600,2600,2600,90,90,210,269.33509446680546,95.92908399645239,2590.0067079928704,145.8
1777169336,64,GET,next_departures,31.300000,31.300000,200,240,270,290,350,430,1500,1900,2500,2500,2500,412,412,210,271.498725101215,90.77045900630765,2490.195207996294,152.30582524271844
1777169336,64,GET,point_read,38.700000,0.000000,110,150,180,200,290,350,490,2000,2600,2600,2600,516,0,110,181.89789882894695,84.73091598716564,2622.967000002973,81.24806201550388
1777169336,64,GET,trips_per_route,3.500000,3.100000,200,240,300,310,330,650,2100,2100,2100,2100,2100,43,38,200,278.7076462768181,90.22900002310053,2096.14637499908,142.62790697674419
1777169336,64,,Aggregated,84.000000,44.300000,190,210,240,260,330,410,650,2000,2600,2600,2600,1116,587,190,230.0916394446678,84.73091598716564,2622.967000002973,118.1415770609319
1777169337,64,GET,bulk_update_departures,4.600000,4.100000,210,240,280,290,350,410,440,440,440,440,440,59,50,210,265.4731433539675,93.51287499885075,1839.6333749988116,143.64406779661016
1777169337,64,GET,large_scan,7.000000,7.000000,200,230,240,260,320,350,430,2600,2600,2600,2600,100,100,210,263.3755466804723,95.92908399645239,2590.0067079928704,146.22
1777169337,64,GET,next_departures,34.600000,34.600000,200,220,250,270,330,410,470,1900,2500,2500,2500,453,453,210,265.5056235159461,90.77045900630765,2490.195207996294,152.2626931567329
1777169337,64,GET,point_read,43.900000,0.000000,110,120,140,160,230,310,420,490,2600,2600,2600,573,0,110,175.0734909906915,84.73091598716564,2622.967000002973,81.24432809773124
1777169337,64,GET,trips_per_route,3.800000,3.400000,200,210,270,290,320,330,2100,2100,2100,2100,2100,49,43,200,267.1894098552448,90.22900002310053,2096.14637499908,142.22448979591837
1777169337,64,,Aggregated,93.900000,49.100000,190,200,220,240,310,360,440,1900,2600,2600,2600,1234,646,190,223.4067333867327,84.73091598716564,2622.967000002973,117.98541329011346
1777169338,64,GET,bulk_update_departures,5.100000,4.500000,210,220,250,280,320,340,410,410,410,410,410,61,52,210,263.65687157223994,93.51287499885075,1839.6333749988116,143.85245901639345
1777169338,64,GET,large_scan,7.700000,7.700000,200,220,240,260,290,330,430,2600,2600,2600,2600,113,113,200,255.42547496548747,95.92908399645239,2590.0067079928704,145.93805309734512
1777169338,64,GET,next_departures,36.800000,36.800000,200,220,240,250,300,340,410,440,2500,2500,2500,485,485,210,262.55094972535124,90.77045900630765,2490.195207996294,152.11340206185568
1777169338,64,GET,point_read,45.900000,0.000000,110,120,140,150,190,230,350,440,2600,2600,2600,626,0,110,171.69557927605382,84.73091598716564,2622.967000002973,81.24281150159744
1777169338,64,GET,trips_per_route,4.000000,3.500000,200,210,240,270,320,330,430,430,430,430,430,54,47,200,261.1699660348542,90.22900002310053,2096.14637499908,141.77777777777777
1777169338,64,,Aggregated,99.500000,52.500000,190,200,210,220,270,320,400,440,2600,2600,2600,1339,697,190,219.46823692792674,84.73091598716564,2622.967000002973,117.66616878267364
1777169339,64,GET,bulk_update_departures,5.500000,4.800000,210,230,260,270,320,330,360,360,360,360,360,68,59,220,267.1133517047993,93.51287499885075,1839.6333749988116,144.48529411764707
1777169339,64,GET,large_scan,8.600000,8.600000,200,220,240,250,290,330,440,520,520,520,520,122,122,210,259.5836537299472,95.92908399645239,2590.0067079928704,146.01639344262296
1777169339,64,GET,next_departures,39.100000,39.100000,200,210,230,240,280,320,380,480,2100,2100,2100,514,514,210,265.2157963459549,90.77045900630765,2490.195207996294,152.2373540856031
1777169339,64,GET,point_read,47.000000,0.000000,110,120,140,150,190,240,320,360,410,410,410,665,0,120,177.3124067681313,84.73091598716564,2622.967000002973,81.24661654135339
1777169339,64,GET,trips_per_route,4.200000,3.800000,200,210,210,240,310,320,500,500,500,500,500,56,49,200,265.4506123373202,90.22900002310053,2096.14637499908,142.07142857142858
1777169339,64,,Aggregated,104.400000,56.300000,190,200,210,220,260,310,360,410,520,2100,2100,1425,744,190,223.81180195403368,84.73091598716564,2622.967000002973,117.80631578947369
1777169340,64,GET,bulk_update_departures,5.200000,4.500000,200,220,240,250,280,330,360,360,360,360,360,74,64,220,267.06317509367204,93.51287499885075,1839.6333749988116,144.36486486486487
1777169340,64,GET,large_scan,9.400000,9.400000,200,220,230,240,260,320,440,520,520,520,520,132,132,210,259.1077582277869,95.92908399645239,2590.0067079928704,145.9090909090909
1777169340,64,GET,next_departures,40.900000,40.900000,200,210,220,240,280,310,370,420,520,520,520,558,558,210,264.47109032962027,90.77045900630765,2490.195207996294,152.24014336917563
1777169340,64,GET,point_read,48.200000,0.000000,110,120,150,160,240,290,320,360,410,410,410,709,0,120,181.56829690390754,84.73091598716564,2622.967000002973,81.24823695345557
1777169340,64,GET,trips_per_route,4.400000,3.900000,200,210,210,240,280,310,500,500,500,500,500,60,52,200,263.8828798488248,90.22900002310053,2096.14637499908,141.53333333333333
1777169340,64,,Aggregated,108.100000,58.700000,190,200,210,220,260,310,360,400,520,520,520,1533,806,200,225.76951255233377,84.73091598716564,2622.967000002973,118.06262230919765
1777169341,64,GET,bulk_update_departures,5.300000,4.600000,210,240,260,270,320,330,360,360,360,360,360,80,70,230,267.2715635246277,93.51287499885075,1839.6333749988116,144.7875
1777169341,64,GET,large_scan,10.000000,10.000000,200,220,230,240,280,320,440,520,520,520,520,138,138,210,258.4230915079757,95.92908399645239,2590.0067079928704,146.08695652173913
1777169341,64,GET,next_departures,41.400000,41.400000,200,220,240,250,300,330,400,430,520,520,520,589,589,220,265.96041628858666,90.77045900630765,2490.195207996294,152.20713073005092
1777169341,64,GET,point_read,50.700000,0.000000,110,140,180,200,260,310,360,390,410,410,410,760,0,130,183.9401104799962,84.73091598716564,2622.967000002973,81.24736842105263
1777169341,64,GET,trips_per_route,4.800000,4.200000,200,210,240,250,310,320,500,500,500,500,500,63,55,210,265.43978701432474,90.22900002310053,2096.14637499908,141.93650793650792
1777169341,64,,Aggregated,112.200000,60.200000,190,210,220,240,290,320,370,410,520,520,520,1630,852,200,227.12391868144047,84.73091598716564,2622.967000002973,117.84233128834356
1777169342,64,GET,bulk_update_departures,5.000000,4.400000,230,250,270,280,320,360,1100,1100,1100,1100,1100,83,73,230,277.3106506024908,93.51287499885075,1839.6333749988116,144.97590361445782
1777169342,64,GET,large_scan,9.700000,9.700000,210,230,240,250,290,320,440,520,520,520,520,147,147,210,257.41992746305584,95.92908399645239,2590.0067079928704,146.14285714285714
1777169342,64,GET,next_departures,39.500000,39.500000,210,230,250,280,310,340,410,430,520,520,520,622,622,220,265.3200574613392,90.77045900630765,2490.195207996294,152.2508038585209
1777169342,64,GET,point_read,50.300000,0.000000,120,160,190,210,260,310,360,390,410,410,410,807,0,130,182.95085652888744,84.73091598716564,2622.967000002973,81.2453531598513
1777169342,64,GET,trips_per_route,4.100000,3.600000,200,210,250,260,310,320,500,500,500,500,500,67,58,210,263.2020397746845,90.22900002310053,2096.14637499908,141.46268656716418
1777169342,64,,Aggregated,108.600000,57.200000,190,210,230,250,290,320,380,410,520,1100,1100,1726,900,200,226.62947100912223,84.73091598716564,2622.967000002973,117.7630359212051
1777169343,64,GET,bulk_update_departures,4.800000,4.100000,230,250,270,280,320,360,1100,1100,1100,1100,1100,86,76,230,275.0024123023925,93.51287499885075,1839.6333749988116,145.15116279069767
1777169343,64,GET,large_scan,9.900000,9.900000,210,240,250,260,300,320,440,520,520,520,520,156,156,210,255.20102434660285,95.92908399645239,2590.0067079928704,146.19230769230768
1777169343,64,GET,next_departures,40.500000,40.500000,210,240,260,280,310,340,400,430,520,520,520,665,665,220,261.4061798148918,90.77045900630765,2490.195207996294,152.21804511278197
1777169343,64,GET,point_read,51.000000,0.000000,120,160,190,210,260,310,360,390,410,410,410,867,0,130,177.5701920562781,84.73091598716564,2622.967000002973,81.24106113033449
1777169343,64,GET,trips_per_route,4.100000,3.500000,200,210,250,260,300,320,500,500,500,500,500,76,67,200,256.1029731433863,90.22900002310053,2096.14637499908,142.47368421052633
1777169343,64,,Aggregated,110.300000,58.000000,190,210,240,250,300,320,380,410,520,1100,1100,1850,964,200,222.00749151603748,84.73091598716564,2622.967000002973,117.71783783783783
1777169344,64,GET,bulk_update_departures,5.000000,4.300000,230,260,280,290,330,360,1100,1100,1100,1100,1100,90,80,230,275.1576476882393,93.51287499885075,1839.6333749988116,145.36666666666667
1777169344,64,GET,large_scan,9.900000,9.900000,210,230,250,250,300,320,440,520,520,520,520,170,170,210,249.8444902123404,95.92908399645239,2590.0067079928704,146.3470588235294
1777169344,64,GET,next_departures,38.200000,38.200000,210,240,260,280,310,340,410,430,520,520,520,698,698,210,257.98263209729345,90.77045900630765,2490.195207996294,152.22063037249285
1777169344,64,GET,point_read,51.000000,0.000000,120,160,190,210,260,310,360,390,410,410,410,922,0,120,173.2656626082129,84.73091598716564,2622.967000002973,81.23752711496746
1777169344,64,GET,trips_per_route,4.100000,3.600000,200,210,250,260,300,320,500,500,500,500,500,82,71,200,249.52545275566703,90.22900002310053,2096.14637499908,141.47560975609755
1777169344,64,,Aggregated,108.200000,56.000000,200,210,240,250,300,320,380,420,520,1100,1100,1962,1019,200,217.90094642338798,84.73091598716564,2622.967000002973,117.59123343527013
1777169345,64,GET,bulk_update_departures,4.700000,4.300000,240,260,280,320,360,510,1100,1100,1100,1100,1100,93,83,230,272.67727867690144,93.51287499885075,1839.6333749988116,145.51612903225808
1777169345,64,GET,large_scan,10.400000,10.400000,210,230,250,250,300,320,440,520,520,520,520,183,183,210,245.11524362335632,95.92908399645239,2590.0067079928704,146.31147540983608
1777169345,64,GET,next_departures,37.800000,37.800000,210,240,260,280,310,340,410,430,520,520,520,736,736,210,254.69184844425163,90.77045900630765,2490.195207996294,152.17391304347825
1777169345,64,GET,point_read,50.500000,0.000000,120,160,190,210,260,310,360,390,410,410,410,974,0,120,169.35620483557705,84.73091598716564,2622.967000002973,81.24229979466119
1777169345,64,GET,trips_per_route,4.500000,3.900000,200,210,210,250,280,320,320,500,500,500,500,95,84,200,242.18441405315198,90.22900002310053,2096.14637499908,142.6421052631579
1777169345,64,,Aggregated,107.900000,56.400000,190,210,240,250,300,320,380,420,520,1100,1100,2081,1086,190,214.1416337337322,84.73091598716564,2622.967000002973,117.72657376261412
1777169346,64,GET,bulk_update_departures,4.600000,4.200000,240,260,280,320,360,510,1100,1100,1100,1100,1100,98,88,220,269.0243894683924,93.51287499885075,1839.6333749988116,145.74489795918367
1777169346,64,GET,large_scan,10.500000,10.500000,200,220,250,250,300,320,440,520,520,520,520,189,189,200,242.93133906392436,89.80700001120567,2590.0067079928704,146.28571428571428
1777169346,64,GET,next_departures,37.200000,37.200000,210,230,260,280,310,340,400,430,520,520,520,786,786,210,250.84258731052932,90.77045900630765,2490.195207996294,152.13104325699746
1777169346,64,GET,point_read,51.200000,0.000000,120,160,190,210,260,310,360,390,410,410,410,1030,0,110,166.06278131920527,84.73091598716564,2622.967000002973,81.23592233009708
1777169346,64,GET,trips_per_route,4.400000,3.900000,200,210,210,250,280,320,320,500,500,500,500,100,88,200,239.01049294043332,90.22900002310053,2096.14637499908,142.37
1777169346,64,,Aggregated,107.900000,55.800000,190,210,230,250,300,320,380,420,520,1100,1100,2203,1151,190,210.79727686331591,84.73091598716564,2622.967000002973,117.7557875624149
1777169347,64,GET,bulk_update_departures,4.500000,4.100000,230,260,280,290,330,360,1100,1100,1100,1100,1100,103,92,220,264.89437865946684,93.51287499885075,1839.6333749988116,145.55339805825244
1777169347,64,GET,large_scan,10.400000,10.400000,200,220,250,250,300,320,440,520,520,520,520,196,196,200,241.2485227504643,89.80700001120567,2590.0067079928704,146.41836734693877
1777169347,64,GET,next_departures,37.200000,37.200000,210,230,260,280,310,340,400,430,520,520,520,827,827,210,247.85237625991434,89.27487500477582,2490.195207996294,152.14631197097944
1777169347,64,GET,point_read,50.400000,0.000000,120,160,190,210,260,310,360,390,410,410,410,1085,0,110,162.97382857765325,84.73091598716564,2622.967000002973,81.22857142857143
1777169347,64,GET,trips_per_route,5.100000,4.400000,200,210,220,250,280,320,320,500,500,500,500,103,91,200,238.0282391072929,90.22900002310053,2096.14637499908,142.59223300970874
1777169347,64,,Aggregated,107.600000,56.100000,190,210,230,250,300,320,380,420,520,1100,1100,2314,1206,190,207.8160152388808,84.73091598716564,2622.967000002973,117.69014693171997
1777169348,64,GET,bulk_update_departures,4.200000,3.900000,210,240,260,270,320,360,1100,1100,1100,1100,1100,107,96,220,262.3087204388935,93.51287499885075,1839.6333749988116,145.7196261682243
1777169348,64,GET,large_scan,10.200000,10.200000,200,210,230,240,270,300,320,360,360,360,360,203,203,200,239.71583210866615,87.83133298857138,2590.0067079928704,146.40886699507388
1777169348,64,GET,next_departures,37.100000,37.100000,200,220,230,250,290,320,340,360,430,430,430,872,872,210,245.0271875492002,87.14187500299886,2490.195207996294,152.17889908256882
1777169348,64,GET,point_read,50.900000,0.000000,110,120,160,180,240,280,320,330,390,390,390,1146,0,110,160.0465316036775,84.73091598716564,2622.967000002973,81.22513089005236
1777169348,64,GET,trips_per_route,5.500000,4.900000,200,200,210,220,260,300,320,320,320,320,320,109,97,200,235.9537970279493,90.22900002310053,2096.14637499908,143.0
1777169348,64,,Aggregated,107.900000,56.100000,190,200,210,230,270,310,330,360,510,1100,1100,2437,1268,190,204.97552057520898,84.73091598716564,2622.967000002973,117.63807960607303
1777169349,64,GET,bulk_update_departures,4.300000,4.100000,210,230,240,250,320,360,1100,1100,1100,1100,1100,112,101,220,260.7268155264007,93.51287499885075,1839.6333749988116,145.91071428571428
1777169349,64,GET,large_scan,9.500000,9.500000,200,210,230,240,270,300,320,360,360,360,360,211,211,200,238.5573673038026,87.83133298857138,2590.0067079928704,146.54502369668248
1777169349,64,GET,next_departures,37.700000,37.700000,200,210,220,230,290,320,340,360,430,430,430,910,910,210,242.96908274044765,87.14187500299886,2490.195207996294,152.1978021978022
1777169349,64,GET,point_read,51.200000,0.000000,110,120,130,140,210,250,310,330,390,390,390,1202,0,110,157.8050877427459,84.73091598716564,2622.967000002973,81.22212978369384
1777169349,64,GET,trips_per_route,5.700000,5.000000,200,200,210,210,260,300,320,320,320,320,320,114,102,200,234.25220175500215,90.22900002310053,2096.14637499908,143.30701754385964
1777169349,64,,Aggregated,108.400000,56.300000,190,200,210,220,250,300,330,360,510,1100,1100,2549,1324,190,202.83457810934382,84.73091598716564,2622.967000002973,117.58689682228325
1777169350,64,GET,bulk_update_departures,4.300000,4.100000,200,220,240,250,270,510,1100,1100,1100,1100,1100,114,102,220,260.2254715436669,93.51287499885075,1839.6333749988116,145.6140350877193
1777169350,64,GET,large_scan,9.200000,9.200000,200,210,230,240,270,300,320,330,330,330,330,220,220,200,239.2238859916688,87.83133298857138,2590.0067079928704,146.4409090909091
1777169350,64,GET,next_departures,37.300000,37.300000,200,210,220,230,280,310,340,350,390,390,390,944,944,210,244.54819487587977,87.14187500299886,2490.195207996294,152.198093220339
1777169350,64,GET,point_read,52.100000,0.000000,110,120,130,130,180,220,260,310,390,390,390,1239,0,110,158.83604268099182,84.73091598716564,2622.967000002973,81.2227602905569
1777169350,64,GET,trips_per_route,5.400000,4.800000,200,200,210,210,260,300,320,350,350,350,350,118,105,200,235.51299011924746,90.22900002310053,2096.14637499908,142.9915254237288
1777169350,64,,Aggregated,108.300000,55.400000,190,200,200,210,240,290,330,350,510,1100,1100,2635,1371,190,204.07470373920142,84.73091598716564,2622.967000002973,117.6470588235294
1777169351,64,GET,bulk_update_departures,4.500000,4.300000,200,210,230,250,330,460,510,510,510,510,510,120,108,220,262.8927410245524,93.51287499885075,1839.6333749988116,145.83333333333334
1777169351,64,GET,large_scan,8.900000,8.900000,200,210,230,240,310,340,360,490,490,490,490,229,229,210,243.16065794382627,87.83133298857138,2590.0067079928704,146.58078602620088
1777169351,64,GET,next_departures,38.300000,38.300000,200,210,220,240,300,340,390,420,490,490,490,973,973,210,246.82642883233027,87.14187500299886,2490.195207996294,152.23535457348407
1777169351,64,GET,point_read,52.700000,0.000000,110,120,130,140,200,250,310,320,340,340,340,1286,0,110,161.65410514370015,84.73091598716564,2622.967000002973,81.2185069984448
1777169351,64,GET,trips_per_route,5.700000,5.200000,200,200,210,220,300,350,350,410,410,410,410,123,110,200,239.8381473662661,90.22900002310053,2096.14637499908,143.27642276422765
1777169351,64,,Aggregated,110.100000,56.700000,190,200,210,210,260,320,350,410,490,510,510,2731,1420,190,206.80348084466823,84.73091598716564,2622.967000002973,117.63529842548517
1777169352,64,GET,bulk_update_departures,4.300000,4.100000,210,230,270,330,380,460,510,510,510,510,510,124,112,220,265.8736630236813,93.51287499885075,1839.6333749988116,145.96774193548387
1777169352,64,GET,large_scan,8.900000,8.900000,200,210,230,230,330,350,490,570,570,570,570,235,235,210,244.1998806900959,87.83133298857138,2590.0067079928704,146.5531914893617
1777169352,64,GET,next_departures,39.100000,39.100000,200,210,230,250,340,420,500,570,670,670,670,1008,1008,210,250.7815701903007,87.14187500299886,2490.195207996294,152.20734126984127
1777169352,64,GET,point_read,54.100000,0.000000,110,120,130,160,230,300,340,400,490,490,490,1317,0,120,164.5060147181961,84.73091598716564,2622.967000002973,81.2201974183751
1777169352,64,GET,trips_per_route,5.900000,5.400000,200,200,210,220,290,350,350,410,410,410,410,125,111,200,239.54505668045022,90.22900002310053,2096.14637499908,142.88
1777169352,64,,Aggregated,112.300000,57.500000,190,200,210,220,300,350,440,490,610,670,670,2809,1466,190,209.94684314626295,84.73091598716564,2622.967000002973,117.76148095407618
1777169353,64,GET,bulk_update_departures,4.000000,3.800000,210,260,300,330,380,460,510,510,510,510,510,128,115,220,265.5321354682201,93.51287499885075,1839.6333749988116,145.765625
1777169353,64,GET,large_scan,9.100000,9.100000,210,230,290,300,350,570,1100,1200,1200,1200,1200,245,245,210,254.98161429838677,87.83133298857138,2590.0067079928704,146.69387755102042
1777169353,64,GET,next_departures,38.300000,38.300000,210,220,250,290,350,450,550,610,1100,1100,1100,1046,1046,210,252.9445431403267,87.14187500299886,2490.195207996294,152.19885277246655
1777169353,64,GET,point_read,52.700000,0.000000,110,130,170,200,270,310,340,400,1200,1200,1200,1366,0,120,166.3203411184198,84.73091598716564,2622.967000002973,81.21742313323573
1777169353,64,GET,trips_per_route,6.000000,5.500000,200,210,220,260,340,350,410,410,410,410,410,129,115,200,239.9391993102365,90.22900002310053,2096.14637499908,143.10077519379846
1777169353,64,,Aggregated,110.100000,56.700000,190,210,220,240,320,370,490,570,1200,1200,1200,2914,1521,200,212.48604792264948,84.73091598716564,2622.967000002973,117.77659574468085
1777169354,64,GET,bulk_update_departures,4.100000,3.900000,220,290,320,330,350,380,460,460,460,460,460,135,122,220,266.14323276940183,93.51287499885075,1839.6333749988116,145.98518518518517
1777169354,64,GET,large_scan,8.800000,8.800000,210,250,300,310,350,570,1100,1200,1200,1200,1200,255,255,210,255.2217282747448,87.83133298857138,2590.0067079928704,146.8235294117647
1777169354,64,GET,next_departures,39.500000,39.500000,210,240,270,300,350,450,560,670,1200,1200,1200,1091,1091,210,253.39432424724492,87.14187500299886,2490.195207996294,152.22273143904675
1777169354,64,GET,point_read,52.400000,0.000000,120,150,190,210,270,310,360,400,1200,1200,1200,1413,0,120,165.80348295877738,84.73091598716564,2622.967000002973,81.21585279547062
1777169354,64,GET,trips_per_route,5.900000,5.400000,200,210,250,270,340,350,410,410,410,410,410,134,120,200,238.85028950766653,90.22900002310053,2096.14637499908,143.3582089552239
1777169354,64,,Aggregated,110.700000,57.600000,200,210,230,260,330,370,490,580,1200,1200,1200,3028,1588,200,212.59918926765295,84.73091598716564,2622.967000002973,117.96268163804491
1777169355,64,GET,bulk_update_departures,4.000000,3.800000,210,290,320,330,350,380,460,460,460,460,460,139,126,220,263.93768350278003,93.51287499885075,1839.6333749988116,146.10071942446044
1777169355,64,GET,large_scan,8.500000,8.500000,210,250,300,310,350,570,1100,1200,1200,1200,1200,265,265,210,251.83109419271,87.83133298857138,2590.0067079928704,146.6377358490566
1777169355,64,GET,next_departures,38.000000,38.000000,210,240,270,300,350,450,560,670,1200,1200,1200,1137,1137,210,251.02047413426718,87.14187500299886,2490.195207996294,152.17678100263853
1777169355,64,GET,point_read,51.800000,0.000000,120,150,190,210,270,310,360,400,1200,1200,1200,1466,0,120,163.5882517086335,83.18829099880531,2622.967000002973,81.21350613915416
1777169355,64,GET,trips_per_route,5.300000,4.800000,200,220,260,270,340,350,410,410,410,410,410,139,124,200,236.73595055408455,90.22900002310053,2096.14637499908,143.13669064748203
1777169355,64,,Aggregated,107.600000,55.100000,190,210,240,260,330,370,490,580,1200,1200,1200,3146,1652,190,210.28592854116047,83.18829099880531,2622.967000002973,117.97425301970756
1777169356,64,GET,bulk_update_departures,4.300000,4.000000,230,290,320,330,350,380,460,460,460,460,460,146,133,220,263.3869201293748,93.51287499885075,1839.6333749988116,146.2876712328767
1777169356,64,GET,large_scan,8.500000,8.500000,230,260,300,300,350,490,1100,1200,1200,1200,1200,278,278,210,250.90462155409807,87.83133298857138,2590.0067079928704,146.6978417266187
1777169356,64,GET,next_departures,38.600000,38.600000,220,250,280,300,350,450,560,670,1200,1200,1200,1174,1174,210,250.12460591203495,87.14187500299886,2490.195207996294,152.17206132879045
1777169356,64,GET,point_read,49.500000,0.000000,120,170,200,210,270,310,360,400,1200,1200,1200,1511,0,120,162.845693804763,83.18829099880531,2622.967000002973,81.21707478491065
1777169356,64,GET,trips_per_route,5.100000,4.600000,200,230,260,270,340,350,410,410,410,410,410,144,128,200,234.79079688897602,90.22900002310053,2096.14637499908,142.93055555555554
1777169356,64,,Aggregated,106.000000,55.700000,200,220,250,270,330,370,490,580,1200,1200,1200,3253,1713,190,209.56716279208928,83.18829099880531,2622.967000002973,118.07285582539194
1777169357,64,GET,bulk_update_departures,4.500000,4.200000,240,290,320,330,350,380,460,460,460,460,460,149,136,220,262.7012047374812,93.51287499885075,1839.6333749988116,146.36241610738256
1777169357,64,GET,large_scan,8.100000,8.100000,230,270,300,310,350,490,1100,1200,1200,1200,1200,286,286,210,249.63051821365693,87.83133298857138,2590.0067079928704,146.7902097902098
1777169357,64,GET,next_departures,38.800000,38.800000,220,250,290,300,350,460,560,670,1200,1200,1200,1209,1209,210,248.53752140511162,87.14187500299886,2490.195207996294,152.191894127378
1777169357,64,GET,point_read,49.600000,0.000000,130,170,200,220,280,310,370,400,1200,1200,1200,1565,0,120,161.0635669891367,83.18829099880531,2622.967000002973,81.22172523961662
1777169357,64,GET,trips_per_route,4.800000,4.500000,200,210,250,260,340,350,410,410,410,410,410,155,137,200,231.4351441098317,90.22900002310053,2096.14637499908,142.61290322580646
1777169357,64,,Aggregated,105.800000,55.600000,200,220,250,270,330,370,490,580,1200,1200,1200,3364,1768,190,207.77514886111575,83.18829099880531,2622.967000002973,118.01634958382877
1777169358,64,GET,bulk_update_departures,5.000000,4.700000,270,300,330,330,360,390,460,460,460,460,460,151,138,220,262.4249109067023,93.51287499885075,1839.6333749988116,146.41059602649005
1777169358,64,GET,large_scan,8.500000,8.500000,230,250,290,300,350,490,1100,1200,1200,1200,1200,299,299,210,247.90719132817873,87.83133298857138,2590.0067079928704,146.83946488294313
1777169358,64,GET,next_departures,38.900000,38.900000,220,250,290,300,350,450,560,670,1200,1200,1200,1252,1252,210,247.19119812115954,87.14187500299886,2490.195207996294,152.17651757188497
1777169358,64,GET,point_read,48.800000,0.000000,130,170,200,220,280,310,370,400,1200,1200,1200,1626,0,120,159.54064278404653,83.18829099880531,2622.967000002973,81.22632226322263
1777169358,64,GET,trips_per_route,4.200000,3.800000,200,220,250,270,340,350,410,410,410,410,410,158,140,200,230.9833713355872,90.22900002310053,2096.14637499908,142.75316455696202
1777169358,64,,Aggregated,105.400000,55.900000,200,230,250,270,330,370,490,580,1200,1200,1200,3486,1829,190,206.2943917497452,83.18829099880531,2622.967000002973,117.94807802639129
1777169359,64,GET,bulk_update_departures,4.700000,4.400000,240,290,320,330,350,380,460,460,460,460,460,157,143,220,259.7933567316675,93.51287499885075,1839.6333749988116,146.28025477707007
1777169359,64,GET,large_scan,9.400000,9.400000,220,250,290,300,340,490,1100,1200,1200,1200,1200,312,312,210,246.12480648134712,87.83133298857138,2590.0067079928704,146.97115384615384
1777169359,64,GET,next_departures,38.000000,38.000000,220,250,270,300,350,460,560,670,1200,1200,1200,1287,1287,210,246.0996596781125,87.14187500299886,2490.195207996294,152.21445221445222
1777169359,64,GET,point_read,48.900000,0.000000,120,160,200,210,280,310,360,400,1200,1200,1200,1682,0,120,158.2369839724964,83.18829099880531,2622.967000002973,81.2282996432818
1777169359,64,GET,trips_per_route,4.600000,4.200000,200,210,240,250,330,340,410,410,410,410,410,164,146,200,230.30900866469005,90.22900002310053,2096.14637499908,143.01829268292684
1777169359,64,,Aggregated,105.600000,56.000000,200,220,240,260,320,360,490,570,1200,1200,1200,3602,1888,190,204.95115022141337,83.18829099880531,2622.967000002973,117.93503609106052
1777169360,64,GET,bulk_update_departures,4.600000,4.400000,230,270,300,320,340,360,390,390,390,390,390,163,149,220,258.24165521414545,93.51287499885075,1839.6333749988116,146.41717791411043
1777169360,64,GET,large_scan,9.300000,9.300000,210,230,250,270,300,350,1100,1200,1200,1200,1200,323,323,210,244.86037163539999,87.83133298857138,2590.0067079928704,147.07430340557275
1777169360,64,GET,next_departures,38.700000,38.700000,210,230,250,260,320,420,560,670,1200,1200,1200,1332,1332,210,244.4831367677828,87.14187500299886,2490.195207996294,152.21471471471472
1777169360,64,GET,point_read,47.100000,0.000000,120,140,170,190,230,300,360,400,1200,1200,1200,1727,0,110,157.0911785134107,83.18829099880531,2622.967000002973,81.22872032426173
1777169360,64,GET,trips_per_route,5.000000,4.400000,200,210,220,230,280,330,350,350,350,350,350,170,152,200,229.35630076458705,90.22900002310053,2096.14637499908,143.26470588235293
1777169360,64,,Aggregated,104.700000,56.800000,190,210,230,240,300,340,470,570,1200,1200,1200,3715,1956,190,203.80130940389412,83.18829099880531,2622.967000002973,118.10444145356662
1777169361,64,GET,bulk_update_departures,4.300000,4.100000,210,240,270,290,300,330,360,360,360,360,360,168,154,220,256.546704172208,93.51287499885075,1839.6333749988116,146.52380952380952
1777169361,64,GET,large_scan,9.600000,9.600000,210,230,250,260,300,350,1000,1100,1200,1200,1200,333,333,210,245.29389112685422,87.83133298857138,2590.0067079928704,147.16216216216216
1777169361,64,GET,next_departures,38.500000,38.500000,210,230,240,250,290,320,350,550,1200,1200,1200,1371,1371,210,244.04386683124937,87.14187500299886,2490.195207996294,152.22465353756382
1777169361,64,GET,point_read,47.200000,0.000000,110,130,150,170,210,240,290,310,1200,1200,1200,1755,0,120,157.44618694223345,83.18829099880531,2622.967000002973,81.22735042735043
1777169361,64,GET,trips_per_route,4.900000,4.300000,200,210,220,230,280,300,310,330,330,330,330,177,159,200,230.0717796894227,90.22900002310053,2096.14637499908,143.5310734463277
1777169361,64,,Aggregated,104.500000,56.500000,190,200,220,230,270,300,350,370,1200,1200,1200,3804,2017,190,204.10294862262455,83.18829099880531,2622.967000002973,118.3701366982124
1777169362,64,GET,bulk_update_departures,4.600000,4.300000,210,230,260,270,300,330,360,360,360,360,360,174,160,220,255.69023543667055,93.51287499885075,1839.6333749988116,146.64367816091954
1777169362,64,GET,large_scan,10.200000,10.200000,210,230,250,260,300,350,1100,1200,1200,1200,1200,335,335,210,245.43510956199728,87.83133298857138,2590.0067079928704,147.17910447761193
1777169362,64,GET,next_departures,38.000000,38.000000,210,230,240,260,290,310,350,360,1200,1200,1200,1414,1414,210,244.7589498809682,87.14187500299886,2490.195207996294,152.22772277227722
1777169362,64,GET,point_read,48.000000,0.000000,120,140,160,180,220,270,310,330,1200,1200,1200,1800,0,120,159.66879564759438,83.18829099880531,2622.967000002973,81.22777777777777
1777169362,64,GET,trips_per_route,5.000000,4.400000,200,210,230,240,280,310,320,330,330,330,330,180,161,200,231.1701007221321,90.22900002310053,2096.14637499908,143.28333333333333
1777169362,64,,Aggregated,105.800000,56.900000,190,210,230,240,270,300,340,350,1200,1200,1200,3903,2070,190,205.4354261072489,83.18829099880531,2622.967000002973,118.38893159108378
1777169363,64,GET,bulk_update_departures,5.000000,4.800000,210,230,260,270,320,340,350,350,350,350,350,180,166,220,257.50320791089,93.51287499885075,1839.6333749988116,146.75555555555556
1777169363,64,GET,large_scan,10.100000,10.100000,210,230,240,260,300,320,350,350,350,350,350,349,349,210,246.51063214400438,87.83133298857138,2590.0067079928704,147.1375358166189
1777169363,64,GET,next_departures,39.300000,39.300000,210,230,240,250,290,320,340,350,360,360,360,1444,1444,210,245.30214378996422,87.14187500299886,2490.195207996294,152.21606648199446
1777169363,64,GET,point_read,47.400000,0.000000,120,150,180,210,260,290,320,330,340,340,340,1855,0,120,162.14077872862083,83.18829099880531,2622.967000002973,81.22533692722372
1777169363,64,GET,trips_per_route,5.400000,4.900000,200,210,230,240,280,300,320,330,330,330,330,183,163,200,231.57831240423747,90.22900002310053,2096.14637499908,143.04918032786884
1777169363,64,,Aggregated,107.200000,59.100000,190,210,230,240,280,310,330,340,350,360,360,4011,2122,200,206.86837681039472,83.18829099880531,2622.967000002973,118.27923211169285
1777169364,64,GET,bulk_update_departures,4.800000,4.600000,220,250,270,270,330,340,350,350,350,350,350,184,169,220,257.9453607659557,93.51287499885075,1839.6333749988116,146.59782608695653
1777169364,64,GET,large_scan,10.200000,10.200000,220,240,250,260,310,330,350,350,350,350,350,356,356,210,246.6409174697454,87.83133298857138,2590.0067079928704,147.0421348314607
1777169364,64,GET,next_departures,39.400000,39.400000,220,240,250,260,300,320,340,350,360,360,360,1477,1477,210,245.3748562997505,87.14187500299886,2490.195207996294,152.21733243060257
1777169364,64,GET,point_read,46.800000,0.000000,130,170,210,220,270,300,320,330,340,340,340,1903,0,120,163.24525063398198,83.18829099880531,2622.967000002973,81.22438255386233
1777169364,64,GET,trips_per_route,5.400000,4.900000,210,220,230,250,280,300,330,330,330,330,330,186,166,200,231.29775023644274,90.22900002310053,2096.14637499908,143.16129032258064
1777169364,64,,Aggregated,106.600000,59.100000,200,220,240,250,290,320,330,340,350,360,360,4106,2168,200,207.34580352054135,83.18829099880531,2622.967000002973,118.20360448124696
1777169365,64,GET,bulk_update_departures,5.300000,5.100000,230,250,270,300,330,340,350,350,350,350,350,188,173,220,257.9950807124446,93.51287499885075,1839.6333749988116,146.67021276595744
1777169365,64,GET,large_scan,10.000000,10.000000,220,240,260,260,310,330,350,350,350,350,350,367,367,210,246.46999714767614,87.83133298857138,2590.0067079928704,147.1307901907357
1777169365,64,GET,next_departures,39.900000,39.900000,220,240,260,270,300,320,340,350,360,360,360,1517,1517,210,245.30303820818185,87.14187500299886,2490.195207996294,152.2412656558998
1777169365,64,GET,point_read,47.200000,0.000000,140,180,210,220,270,300,320,330,340,340,340,1954,0,120,163.2768679843351,83.18829099880531,2622.967000002973,81.22620266120778
1777169365,64,GET,trips_per_route,5.300000,4.800000,210,220,240,260,290,320,320,330,330,330,330,192,171,200,231.45281295304207,90.22900002310053,2096.14637499908,143.04166666666666
1777169365,64,,Aggregated,107.700000,59.800000,200,220,240,260,290,320,330,340,350,360,360,4218,2228,200,207.3409704166248,83.18829099880531,2622.967000002973,118.23162636320531
1777169366,64,GET,bulk_update_departures,5.000000,4.900000,220,240,270,290,330,340,350,350,350,350,350,191,176,220,257.05255937676617,93.51287499885075,1839.6333749988116,146.72251308900525
1777169366,64,GET,large_scan,10.100000,10.100000,220,240,250,260,300,330,350,350,350,350,350,380,380,210,243.94619899539975,86.86237499932759,2590.0067079928704,147.0157894736842
1777169366,64,GET,next_departures,39.200000,39.200000,220,240,260,260,300,320,340,350,360,360,360,1559,1559,210,243.95695994092486,87.14187500299886,2490.195207996294,152.19692110327134
1777169366,64,GET,point_read,48.700000,0.000000,140,180,210,220,270,300,320,330,340,340,340,2007,0,120,161.60647545905618,83.18829099880531,2622.967000002973,81.22471350274041
1777169366,64,GET,trips_per_route,5.500000,4.900000,210,220,250,280,290,320,330,330,330,330,330,195,174,200,230.75472886154714,90.22900002310053,2096.14637499908,143.14871794871794
1777169366,64,,Aggregated,108.500000,59.100000,200,220,240,250,290,320,330,340,350,360,360,4332,2289,190,205.7864412237866,83.18829099880531,2622.967000002973,118.21260387811634
1777169367,64,GET,bulk_update_departures,4.900000,4.700000,210,230,250,270,330,340,350,350,350,350,350,198,182,220,254.2837851817809,93.04575002170168,1839.6333749988116,146.63131313131314
1777169367,64,GET,large_scan,10.800000,10.800000,210,230,250,260,300,330,350,350,350,350,350,388,388,210,243.02879261655838,86.86237499932759,2590.0067079928704,147.07731958762886
1777169367,64,GET,next_departures,38.100000,38.100000,210,230,250,260,300,320,340,350,360,360,360,1603,1603,210,242.41681194441762,87.14187500299886,2490.195207996294,152.19900187149096
1777169367,64,GET,point_read,48.800000,0.000000,130,180,210,220,270,300,320,330,340,340,340,2059,0,120,160.13293283069464,83.18829099880531,2622.967000002973,81.22632345798931
1777169367,64,GET,trips_per_route,5.200000,4.600000,210,220,250,280,290,320,330,330,330,330,330,200,179,200,229.73943335513468,90.22900002310053,2096.14637499908,143.32
1777169367,64,,Aggregated,107.800000,58.200000,200,220,230,250,290,320,330,340,350,360,360,4448,2352,190,204.33882776923247,83.18829099880531,2622.967000002973,118.25157374100719
1777169368,64,GET,bulk_update_departures,4.500000,4.300000,200,230,240,250,320,340,350,350,350,350,350,205,188,220,251.74291649756657,93.04575002170168,1839.6333749988116,146.53658536585365
1777169368,64,GET,large_scan,10.200000,10.200000,210,230,250,260,300,330,350,350,350,350,350,397,397,210,241.5852824162829,86.86237499932759,2590.0067079928704,147.07556675062972
1777169368,64,GET,next_departures,38.400000,38.400000,200,230,250,260,300,320,340,350,360,360,360,1642,1642,210,241.1719313378685,87.14187500299886,2490.195207996294,152.17722289890378
1777169368,64,GET,point_read,49.000000,0.000000,120,170,210,220,270,300,320,330,340,340,340,2121,0,120,158.31070259138912,83.18829099880531,2622.967000002973,81.22253653936822
1777169368,64,GET,trips_per_route,5.300000,4.700000,200,220,240,260,290,320,330,330,330,330,330,208,186,200,227.97777285100332,90.22900002310053,2096.14637499908,143.26923076923077
1777169368,64,,Aggregated,107.400000,57.600000,190,210,230,250,290,320,330,340,350,360,360,4573,2413,190,202.6497579723137,83.18829099880531,2622.967000002973,118.16684889569211
1777169369,64,GET,bulk_update_departures,4.800000,4.600000,210,230,240,270,330,340,350,350,350,350,350,209,192,210,250.53024105755523,93.04575002170168,1839.6333749988116,146.60287081339712
1777169369,64,GET,large_scan,9.900000,9.900000,210,230,250,260,310,330,350,350,350,350,350,405,405,210,240.79964905984434,86.86237499932759,2590.0067079928704,147.13333333333333
1777169369,64,GET,next_departures,39.000000,39.000000,210,230,250,260,300,320,340,350,360,360,360,1676,1676,210,240.16677814541424,87.14187500299886,2490.195207996294,152.1778042959427
1777169369,64,GET,point_read,48.600000,0.000000,120,170,210,220,270,300,320,330,340,340,340,2186,0,120,156.76097489180833,83.18829099880531,2622.967000002973,81.21912168344008
1777169369,64,GET,trips_per_route,4.900000,4.400000,200,210,220,260,290,320,330,330,330,330,330,217,194,200,226.350423788184,90.22900002310053,2096.14637499908,143.25345622119815
1777169369,64,,Aggregated,107.200000,57.900000,190,210,230,250,290,320,330,340,350,360,360,4693,2467,190,201.19363552045795,83.18829099880531,2622.967000002973,118.02897933091839
1777169370,64,GET,bulk_update_departures,5.000000,4.700000,200,230,240,270,330,340,350,350,350,350,350,211,193,210,249.7290144409649,93.04575002170168,1839.6333749988116,146.44075829383885
1777169370,64,GET,large_scan,9.700000,9.700000,210,240,260,280,310,340,350,360,360,360,360,417,417,210,240.57274609414708,86.86237499932759,2590.0067079928704,147.0863309352518
1777169370,64,GET,next_departures,38.600000,38.600000,210,230,260,270,310,330,350,350,370,370,370,1714,1714,210,240.1344246171114,87.14187500299886,2490.195207996294,152.18786464410735
1777169370,64,GET,point_read,50.200000,0.000000,120,170,210,220,270,300,320,330,340,340,340,2228,0,120,156.38994720131802,83.18829099880531,2622.967000002973,81.221723518851
1777169370,64,GET,trips_per_route,5.000000,4.700000,200,220,260,270,300,320,330,330,330,330,330,223,199,200,226.86104522887493,90.22900002310053,2096.14637499908,143.152466367713
1777169370,64,,Aggregated,108.500000,57.700000,190,210,230,250,290,320,340,350,360,370,370,4793,2523,190,201.04921268779626,83.18829099880531,2622.967000002973,118.08241185061549
1777169371,64,GET,bulk_update_departures,5.300000,4.900000,210,230,240,270,330,340,350,350,350,350,350,214,195,210,248.73768713580395,93.04575002170168,1839.6333749988116,146.28971962616822
1777169371,64,GET,large_scan,9.500000,9.500000,200,230,250,260,300,320,340,360,360,360,360,429,429,210,239.5288923784867,86.86237499932759,2590.0067079928704,147.16783216783216
1777169371,64,GET,next_departures,38.700000,38.700000,200,220,240,260,300,320,340,350,370,370,370,1753,1753,210,239.28726243285988,87.14187500299886,2490.195207996294,152.16771249286936
1777169371,64,GET,point_read,50.200000,0.000000,110,140,180,190,240,280,310,320,340,340,340,2291,0,110,155.0679407046928,83.18829099880531,2622.967000002973,81.2217372326495
1777169371,64,GET,trips_per_route,5.000000,4.600000,200,210,230,240,280,310,320,320,320,320,320,229,205,200,226.21514302638755,90.22900002310053,2096.14637499908,143.33187772925766
1777169371,64,,Aggregated,108.700000,57.700000,190,200,220,230,280,310,330,340,360,370,370,4916,2582,190,199.86213401743902,83.18829099880531,2622.967000002973,118.00101708706265
1777169372,64,GET,bulk_update_departures,5.100000,4.800000,200,220,230,240,290,330,340,340,340,340,340,218,199,210,248.54583909199465,93.04575002170168,1839.6333749988116,146.3577981651376
1777169372,64,GET,large_scan,9.300000,9.300000,200,220,240,250,280,320,340,360,360,360,360,439,439,210,238.75571411493624,86.86237499932759,2590.0067079928704,147.17084282460138
1777169372,64,GET,next_departures,38.000000,38.000000,200,210,220,240,270,320,340,350,370,370,370,1788,1788,210,238.63026727010407,87.14187500299886,2490.195207996294,152.167225950783
1777169372,64,GET,point_read,49.400000,0.000000,110,120,150,170,220,250,300,310,330,330,330,2333,0,110,154.5740051382248,83.18829099880531,2622.967000002973,81.22374624946421
1777169372,64,GET,trips_per_route,5.300000,4.800000,200,200,220,230,270,290,310,320,320,320,320,233,209,200,225.75662572967596,90.22900002310053,2096.14637499908,143.44635193133047
1777169372,64,,Aggregated,107.100000,56.900000,190,200,210,220,260,300,320,340,360,370,370,5011,2635,190,199.3394765675416,83.18829099880531,2622.967000002973,118.0417082418679
1777169373,64,GET,bulk_update_departures,4.500000,4.100000,210,220,230,250,300,340,390,390,390,390,390,222,203,220,249.42139942350542,93.04575002170168,1839.6333749988116,146.42342342342343
1777169373,64,GET,large_scan,9.600000,9.600000,200,210,230,240,260,300,340,360,360,360,360,445,445,210,238.83556104363257,86.86237499932759,2590.0067079928704,147.20898876404493
1777169373,64,GET,next_departures,38.100000,38.100000,200,210,230,240,280,320,350,370,460,460,460,1835,1835,210,239.26027865767318,87.14187500299886,2490.195207996294,152.19346049046322
1777169373,64,GET,point_read,51.900000,0.000000,110,120,140,170,210,240,290,310,330,330,330,2387,0,120,156.33428553481912,83.18829099880531,2622.967000002973,81.22203602848764
1777169373,64,GET,trips_per_route,5.100000,4.500000,200,200,220,230,270,310,320,390,390,390,390,236,212,200,226.81378621188233,90.22900002310053,2096.14637499908,143.52966101694915
1777169373,64,,Aggregated,109.200000,56.300000,190,200,210,220,260,300,330,350,400,460,460,5125,2695,190,200.46711800797706,83.18829099880531,2622.967000002973,118.05639024390244
1777169374,64,GET,bulk_update_departures,4.400000,3.900000,200,220,250,260,290,310,390,390,390,390,390,229,209,220,249.34060191702582,93.04575002170168,1839.6333749988116,146.35371179039302
1777169374,64,GET,large_scan,9.900000,9.900000,200,210,220,230,270,310,340,360,360,360,360,454,454,210,239.10372172558468,86.86237499932759,2590.0067079928704,147.14537444933922
1777169374,64,GET,next_departures,37.900000,37.900000,200,210,230,240,300,320,350,370,460,460,460,1863,1863,210,239.54917680080584,87.14187500299886,2490.195207996294,152.21417069243157
1777169374,64,GET,point_read,53.400000,0.000000,110,120,150,170,230,270,300,320,330,330,330,2419,0,120,157.29329686336564,83.18829099880531,2622.967000002973,81.2207523770153
1777169374,64,GET,trips_per_route,5.300000,4.700000,200,200,220,230,270,300,390,390,390,390,390,239,215,200,227.10583265700328,90.22900002310053,2096.14637499908,143.61087866108787
1777169374,64,,Aggregated,110.900000,56.400000,190,200,210,220,260,300,330,350,400,460,460,5204,2741,190,201.13431648728303,83.18829099880531,2622.967000002973,118.11875480399692
1777169375,64,GET,bulk_update_departures,4.200000,3.700000,210,230,270,280,320,430,470,470,470,470,470,236,216,220,252.18242339844622,93.04575002170168,1839.6333749988116,146.46186440677965
1777169375,64,GET,large_scan,10.300000,10.300000,200,210,230,250,300,330,340,360,360,360,360,459,459,210,239.7482087831865,86.86237499932759,2590.0067079928704,147.1764705882353
1777169375,64,GET,next_departures,37.900000,37.900000,210,220,240,270,320,360,390,430,500,500,500,1898,1898,210,241.05638834977574,87.14187500299886,2490.195207996294,152.19968387776606
1777169375,64,GET,point_read,53.600000,0.000000,110,140,180,210,260,300,320,350,380,380,380,2473,0,120,159.34266610534937,83.18829099880531,2622.967000002973,81.22442377678932
1777169375,64,GET,trips_per_route,5.500000,5.000000,200,220,260,270,360,390,450,470,470,470,470,248,223,200,231.15518953624903,90.22900002310053,2096.14637499908,143.58467741935485
1777169375,64,,Aggregated,111.500000,56.900000,190,210,220,240,300,330,380,400,470,500,500,5314,2796,190,202.94794977886883,83.18829099880531,2622.967000002973,118.07884832517877
1777169376,64,GET,bulk_update_departures,4.200000,3.700000,220,270,310,320,440,470,570,570,570,570,570,242,222,220,256.1654225496906,93.04575002170168,1839.6333749988116,146.5495867768595
1777169376,64,GET,large_scan,9.300000,9.300000,210,240,260,280,310,340,390,520,520,520,520,469,469,210,240.80956351696582,86.86237499932759,2590.0067079928704,147.17910447761193
1777169376,64,GET,next_departures,38.100000,38.100000,210,240,280,300,340,390,480,540,580,580,580,1931,1931,210,242.64647367734167,87.14187500299886,2490.195207996294,152.21387881926464
1777169376,64,GET,point_read,52.200000,0.000000,120,170,210,230,280,310,350,400,580,580,580,2505,0,120,160.38027519499371,83.18829099880531,2622.967000002973,81.224750499002
1777169376,64,GET,trips_per_route,5.300000,4.900000,200,240,290,290,360,450,470,630,630,630,630,250,225,200,232.98737418395467,90.22900002310053,2096.14637499908,143.636
1777169376,64,,Aggregated,109.100000,56.000000,200,220,240,270,310,360,460,520,580,630,630,5397,2847,190,204.46201429069424,83.18829099880531,2622.967000002973,118.17565314063368
1777169377,64,GET,bulk_update_departures,4.800000,4.300000,240,290,320,330,440,470,570,570,570,570,570,244,224,220,256.4267146763235,93.04575002170168,1839.6333749988116,146.577868852459
1777169377,64,GET,large_scan,9.100000,9.100000,210,240,270,280,310,340,390,520,520,520,520,478,478,210,240.5388876368953,86.86237499932759,2590.0067079928704,147.23221757322176
1777169377,64,GET,next_departures,38.400000,38.400000,220,250,280,300,340,390,480,540,580,580,580,1978,1978,210,242.10031176385206,87.14187500299886,2490.195207996294,152.237108190091
1777169377,64,GET,point_read,51.300000,0.000000,130,180,210,230,280,310,350,400,580,580,580,2555,0,120,160.01614595083575,83.18829099880531,2622.967000002973,81.22739726027397
1777169377,64,GET,trips_per_route,5.300000,4.900000,210,250,290,300,380,450,630,630,630,630,630,253,228,200,232.6128478419669,90.22900002310053,2096.14637499908,143.71146245059288
1777169377,64,,Aggregated,108.900000,56.700000,200,220,250,270,310,360,460,530,630,630,630,5508,2908,190,204.0872234474875,83.18829099880531,2622.967000002973,118.22113289760348
1777169378,64,GET,bulk_update_departures,5.000000,4.500000,250,290,320,330,440,470,570,570,570,570,570,249,229,220,255.5064355984216,93.04575002170168,1839.6333749988116,146.64658634538154
1777169378,64,GET,large_scan,8.900000,8.900000,210,240,260,270,310,340,390,520,520,520,520,494,494,210,239.1983426932122,86.86237499932759,2590.0067079928704,147.2672064777328
1777169378,64,GET,next_departures,37.000000,37.000000,220,250,280,300,340,390,480,540,580,580,580,2020,2020,210,241.21594117172893,87.14187500299886,2490.195207996294,152.21534653465346
1777169378,64,GET,point_read,50.600000,0.000000,130,180,210,230,280,310,350,400,580,580,580,2611,0,120,158.91969103153414,83.18829099880531,2622.967000002973,81.22941401761777
1777169378,64,GET,trips_per_route,5.700000,5.300000,210,260,290,300,380,450,630,630,630,630,630,258,232,200,231.48399549617628,90.22900002310053,2096.14637499908,143.5891472868217
1777169378,64,,Aggregated,107.200000,55.700000,200,220,250,270,310,360,460,530,630,630,630,5632,2975,190,203.0723489067286,83.18829099880531,2622.967000002973,118.23082386363636
1777169379,64,GET,bulk_update_departures,4.800000,4.300000,250,290,320,330,440,470,570,570,570,570,570,254,234,220,254.3224155472951,93.04575002170168,1839.6333749988116,146.71259842519686
1777169379,64,GET,large_scan,9.100000,9.100000,210,230,260,280,310,340,390,520,520,520,520,499,499,210,238.70347436165898,86.86237499932759,2590.0067079928704,147.29458917835672
1777169379,64,GET,next_departures,36.800000,36.800000,210,240,280,300,340,390,480,540,580,580,580,2069,2069,210,239.9568572372056,87.14187500299886,2490.195207996294,152.22329627839537
1777169379,64,GET,point_read,49.400000,0.000000,130,180,210,230,280,310,350,400,580,580,580,2662,0,120,157.7847672777012,83.18829099880531,2622.967000002973,81.22952667167543
1777169379,64,GET,trips_per_route,5.300000,4.900000,210,270,300,330,390,470,630,630,630,630,630,260,234,200,231.33226780382057,90.22900002310053,2096.14637499908,143.63846153846154
1777169379,64,,Aggregated,105.400000,55.100000,200,220,250,270,310,360,460,520,580,630,630,5744,3036,190,202.01098624677806,83.18829099880531,2622.967000002973,118.26149025069638
1777169380,64,GET,bulk_update_departures,4.600000,4.200000,240,280,310,320,440,470,570,570,570,570,570,257,237,220,253.50998349024385,93.04575002170168,1839.6333749988116,146.75097276264592
1777169380,64,GET,large_scan,9.500000,9.500000,210,230,260,270,300,330,390,520,520,520,520,506,506,210,238.06746038632411,86.86237499932759,2590.0067079928704,147.3320158102767
1777169380,64,GET,next_departures,37.500000,37.500000,210,230,270,290,330,390,480,540,580,580,580,2112,2112,210,238.73590908985506,87.14187500299886,2490.195207996294,152.2372159090909
1777169380,64,GET,point_read,49.100000,0.000000,130,170,210,220,280,310,350,400,580,580,580,2718,0,120,156.73076689225627,83.18829099880531,2622.967000002973,81.22921265636498
1777169380,64,GET,trips_per_route,5.100000,4.700000,200,240,290,330,390,470,630,630,630,630,630,266,240,200,230.4520503007518,90.22900002310053,2096.14637499908,143.78195488721803
1777169380,64,,Aggregated,105.800000,55.900000,200,220,240,270,310,360,460,520,580,630,630,5859,3095,190,200.90781882631833,83.18829099880531,2622.967000002973,118.24833589349718
1777169381,64,GET,bulk_update_departures,4.500000,4.200000,250,290,320,330,440,470,570,570,570,570,570,260,239,220,252.68862310767872,93.04575002170168,1839.6333749988116,146.63076923076923
1777169381,64,GET,large_scan,9.600000,9.600000,210,230,260,270,310,340,390,520,520,520,520,511,511,210,237.8537172964549,86.86237499932759,2590.0067079928704,147.35812133072406
1777169381,64,GET,next_departures,38.300000,38.300000,210,230,260,290,330,380,480,540,580,580,580,2160,2160,210,237.77318354293163,87.14187500299886,2490.195207996294,152.2337962962963
1777169381,64,GET,point_read,47.900000,0.000000,130,170,210,230,280,310,350,400,580,580,580,2773,0,120,155.79712322541866,83.18829099880531,2622.967000002973,81.2286332491886
1777169381,64,GET,trips_per_route,4.700000,4.300000,210,250,290,330,390,470,630,630,630,630,630,271,245,200,230.17133227293894,90.22900002310053,2096.14637499908,143.89667896678966
1777169381,64,,Aggregated,105.000000,56.400000,200,220,240,270,310,360,460,520,580,630,630,5975,3155,190,200.0392002927648,83.18829099880531,2622.967000002973,118.2413389121339
1777169382,64,GET,bulk_update_departures,4.600000,4.300000,210,250,280,320,440,470,570,570,570,570,570,271,247,210,249.5943198266836,93.04575002170168,1839.6333749988116,146.309963099631
1777169382,64,GET,large_scan,9.400000,9.400000,210,220,250,270,300,330,390,520,520,520,520,520,520,210,236.87377362780703,86.86237499932759,2590.0067079928704,147.35192307692307
1777169382,64,GET,next_departures,40.600000,40.600000,200,220,240,270,310,380,480,540,580,580,580,2194,2194,210,237.15429115027962,87.14187500299886,2490.195207996294,152.19917958067455
1777169382,64,GET,point_read,48.200000,0.000000,110,150,180,210,270,300,350,400,580,580,580,2828,0,110,154.7549828791009,83.18829099880531,2622.967000002973,81.22842998585573
1777169382,64,GET,trips_per_route,4.300000,4.000000,200,220,290,290,360,450,630,630,630,630,630,279,251,200,228.5822882399624,90.22900002310053,2096.14637499908,143.61290322580646
1777169382,64,,Aggregated,107.100000,58.300000,190,210,220,240,300,350,450,520,580,630,630,6092,3212,190,199.0401325909802,83.18829099880531,2622.967000002973,118.18450426789232
1777169383,64,GET,bulk_update_departures,4.800000,4.600000,200,240,270,310,430,470,530,570,570,570,570,278,254,210,248.3381551512217,93.04575002170168,1839.6333749988116,146.40287769784172
1777169383,64,GET,large_scan,8.500000,8.500000,210,220,240,260,280,330,390,520,520,520,520,528,528,210,236.2286706012321,86.86237499932759,2590.0067079928704,147.3409090909091
1777169383,64,GET,next_departures,39.800000,39.800000,200,210,230,250,310,380,480,540,580,580,580,2234,2234,210,236.37597761537975,87.14187500299886,2490.195207996294,152.18218442256043
1777169383,64,GET,point_read,48.700000,0.000000,110,120,150,170,240,280,350,400,580,580,580,2877,0,110,153.87919965905579,83.18829099880531,2622.967000002973,81.22732012513035
1777169383,64,GET,trips_per_route,4.200000,4.000000,200,200,220,290,360,450,630,630,630,630,630,287,259,200,227.51247634121884,90.22900002310053,2096.14637499908,143.79094076655053
1777169383,64,,Aggregated,106.000000,56.900000,190,200,210,220,290,340,450,520,580,630,630,6204,3275,190,198.23294927970372,83.18829099880531,2622.967000002973,118.21889103803997
1777169384,64,GET,bulk_update_departures,4.700000,4.500000,200,230,240,250,360,440,570,570,570,570,570,282,258,210,248.15097076957468,93.04575002170168,1839.6333749988116,146.45390070921985
1777169384,64,GET,large_scan,8.300000,8.300000,210,220,240,260,280,280,500,520,520,520,520,539,539,210,237.30982041471518,86.86237499932759,2590.0067079928704,147.29499072356217
1777169384,64,GET,next_departures,40.300000,40.300000,200,210,230,240,300,360,480,540,580,580,580,2270,2270,210,237.1854006941533,87.14187500299886,2490.195207996294,152.22466960352423
1777169384,64,GET,point_read,48.600000,0.000000,110,120,140,150,210,280,350,400,580,580,580,2924,0,110,154.48223006496198,83.18829099880531,2622.967000002973,81.22571819425444
1777169384,64,GET,trips_per_route,4.300000,4.100000,200,200,220,250,330,390,630,630,630,630,630,291,263,200,228.1275522642924,90.22900002310053,2096.14637499908,143.8762886597938
1777169384,64,,Aggregated,106.200000,57.200000,190,200,210,220,280,330,440,520,580,630,630,6306,3330,190,198.92016887966022,83.18829099880531,2622.967000002973,118.23882017126546
1777169385,64,GET,bulk_update_departures,5.100000,4.600000,200,210,240,240,270,300,440,440,440,440,440,285,260,210,248.21798701059856,93.04575002170168,1839.6333749988116,146.34736842105264
1777169385,64,GET,large_scan,8.300000,8.300000,210,220,250,260,280,350,500,500,500,500,500,550,550,210,238.69465044641402,86.86237499932759,2590.0067079928704,147.3490909090909
1777169385,64,GET,next_departures,40.200000,40.200000,200,210,230,240,300,370,480,490,500,500,500,2307,2307,210,238.46815645809886,87.14187500299886,2490.195207996294,152.18899003034244
1777169385,64,GET,point_read,49.100000,0.000000,110,120,140,160,210,260,300,300,340,340,340,2960,0,120,155.54707225607206,83.18829099880531,2622.967000002973,81.22635135135135
1777169385,64,GET,trips_per_route,5.000000,4.600000,200,200,210,220,270,310,390,390,390,390,390,295,266,200,228.670216952273,90.22900002310053,2096.14637499908,143.74237288135592
1777169385,64,,Aggregated,107.700000,57.700000,190,200,210,220,270,300,390,480,500,500,500,6397,3383,190,200.10118319075758,83.18829099880531,2622.967000002973,118.28747850554947
1777169386,64,GET,bulk_update_departures,5.600000,5.100000,200,210,240,240,270,290,420,420,420,420,420,288,262,220,249.46650219448605,93.04575002170168,1839.6333749988116,146.24305555555554
1777169386,64,GET,large_scan,8.700000,8.700000,210,220,260,280,450,600,640,640,640,640,640,559,559,210,242.52068752509146,86.86237499932759,2590.0067079928704,147.391771019678
1777169386,64,GET,next_departures,40.400000,40.400000,200,210,230,240,330,480,600,620,650,650,650,2342,2342,210,240.81064677107764,87.14187500299886,2490.195207996294,152.23099914602903
1777169386,64,GET,point_read,50.400000,0.000000,110,120,140,170,250,300,330,430,540,540,540,2990,0,120,157.0400744859584,83.18829099880531,2622.967000002973,81.22575250836121
1777169386,64,GET,trips_per_route,5.100000,4.700000,200,210,230,250,380,660,680,740,740,740,740,302,273,200,235.06408112556505,90.22900002310053,2096.14637499908,143.88741721854305
1777169386,64,,Aggregated,110.200000,58.900000,190,200,220,230,290,390,540,620,680,740,740,6481,3436,190,202.42757705745072,83.18829099880531,2622.967000002973,118.4005554698349
1777169387,64,GET,bulk_update_departures,4.900000,4.500000,200,210,240,240,270,290,420,420,420,420,420,290,264,210,249.08038350012845,93.04575002170168,1839.6333749988116,146.26896551724138
1777169387,64,GET,large_scan,8.800000,8.800000,210,230,270,280,470,600,640,640,640,640,640,566,566,210,242.3615760310609,86.86237499932759,2590.0067079928704,147.42402826855124
1777169387,64,GET,next_departures,41.300000,41.300000,200,220,240,250,340,480,600,620,650,650,650,2380,2380,210,240.54716648518044,87.14187500299886,2490.195207996294,152.21638655462183
1777169387,64,GET,point_read,49.400000,0.000000,110,140,180,200,270,300,330,430,540,540,540,3042,0,120,157.5712198257327,83.18829099880531,2622.967000002973,81.22485207100591
1777169387,64,GET,trips_per_route,5.000000,4.600000,200,230,260,290,380,660,680,740,740,740,740,308,279,200,235.39290056781627,90.22900002310053,2096.14637499908,144.0064935064935
1777169387,64,,Aggregated,109.400000,59.200000,190,200,220,240,300,390,540,620,680,740,740,6586,3489,190,202.51212929974392,83.18829099880531,2622.967000002973,118.3685089583966
1777169388,64,GET,bulk_update_departures,4.500000,4.000000,200,240,240,250,280,300,420,420,420,420,420,295,269,220,249.2560233290394,93.04575002170168,1839.6333749988116,146.3322033898305
1777169388,64,GET,large_scan,8.800000,8.800000,220,250,280,290,470,600,640,640,640,640,640,570,570,210,242.33270597821837,86.86237499932759,2590.0067079928704,147.44210526315788
1777169388,64,GET,next_departures,39.700000,39.700000,200,230,260,280,340,480,600,620,650,650,650,2424,2424,210,240.67245949616205,87.14187500299886,2490.195207996294,152.2174092409241
1777169388,64,GET,point_read,48.600000,0.000000,110,150,190,200,270,300,330,430,540,540,540,3093,0,120,157.24898706821256,83.18829099880531,2622.967000002973,81.2234076947947
1777169388,64,GET,trips_per_route,4.600000,4.200000,200,230,270,290,380,660,680,740,740,740,740,317,287,200,235.0370734790487,90.22900002310053,2096.14637499908,143.97476340694007
1777169388,64,,Aggregated,106.200000,56.700000,190,210,230,250,310,390,540,620,680,740,740,6699,3550,190,202.40753551323897,83.18829099880531,2622.967000002973,118.38319152112255
1777169389,64,GET,bulk_update_departures,4.400000,3.800000,200,240,250,250,280,300,420,420,420,420,420,297,271,220,249.06209205404264,93.04575002170168,1839.6333749988116,146.35690235690237
1777169389,64,GET,large_scan,8.900000,8.900000,220,250,270,280,450,600,640,640,640,640,640,585,585,210,240.85916878384913,86.86237499932759,2590.0067079928704,147.41538461538462
1777169389,64,GET,next_departures,40.800000,40.800000,210,240,260,280,350,480,600,620,650,650,650,2464,2464,210,239.97167758552206,87.14187500299886,2490.195207996294,152.21185064935065
1777169389,64,GET,point_read,48.700000,0.000000,120,150,190,200,270,300,330,430,540,540,540,3141,0,120,156.49287412735117,83.18829099880531,2622.967000002973,81.22349570200574
1777169389,64,GET,trips_per_route,5.600000,5.200000,200,230,270,290,380,660,680,740,740,740,740,320,290,200,234.74499089015808,90.22900002310053,2096.14637499908,144.03125
1777169389,64,,Aggregated,108.400000,58.700000,190,210,240,250,310,390,540,620,680,740,740,6807,3610,190,201.6786812646084,83.18829099880531,2622.967000002973,118.40296753342147
1777169390,64,GET,bulk_update_departures,4.700000,4.100000,210,240,250,250,280,300,420,420,420,420,420,302,276,220,248.6989594571368,93.04575002170168,1839.6333749988116,146.41721854304635
1777169390,64,GET,large_scan,8.200000,8.200000,210,250,260,280,450,600,640,640,640,640,640,594,594,210,240.50275468272793,86.86237499932759,2590.0067079928704,147.45454545454547
1777169390,64,GET,next_departures,40.600000,40.600000,210,230,260,280,340,480,600,620,650,650,650,2513,2513,210,239.2281555211572,87.14187500299886,2490.195207996294,152.2184639872662
1777169390,64,GET,point_read,47.900000,0.000000,120,150,190,200,270,300,330,430,540,540,540,3196,0,120,155.80014408921133,83.18829099880531,2622.967000002973,81.22277847309137
1777169390,64,GET,trips_per_route,5.600000,5.200000,210,230,280,290,380,660,680,740,740,740,740,323,293,200,234.707055987153,90.22900002310053,2096.14637499908,144.08668730650155
1777169390,64,,Aggregated,107.000000,58.100000,190,220,240,250,310,390,540,620,680,740,740,6928,3676,190,201.0527881719448,83.18829099880531,2622.967000002973,118.42653002309468
1777169391,64,GET,bulk_update_departures,4.300000,3.700000,220,240,250,250,280,300,420,420,420,420,420,307,281,220,248.23233511737632,93.04575002170168,1839.6333749988116,146.4755700325733
1777169391,64,GET,large_scan,8.200000,8.200000,220,250,260,280,450,600,640,640,640,640,640,602,602,210,239.7708760873137,84.83700000215322,2590.0067079928704,147.4435215946844
1777169391,64,GET,next_departures,39.800000,39.800000,210,240,260,280,340,480,600,620,650,650,650,2558,2558,210,238.4743088321548,87.14187500299886,2490.195207996294,152.22830336200155
1777169391,64,GET,point_read,48.400000,0.000000,120,150,190,210,270,300,330,430,540,540,540,3242,0,120,155.09699685508767,83.18829099880531,2622.967000002973,81.22208513263418
1777169391,64,GET,trips_per_route,6.000000,5.600000,210,240,290,290,380,660,680,740,740,740,740,325,295,200,234.54913679644682,90.22900002310053,2096.14637499908,144.12307692307692
1777169391,64,,Aggregated,106.700000,57.300000,200,220,240,250,310,390,540,620,680,740,740,7034,3736,190,200.40085435616845,83.18829099880531,2622.967000002973,118.46616434461188
1777169392,64,GET,bulk_update_departures,4.400000,3.800000,220,240,250,250,280,300,420,420,420,420,420,315,289,220,247.3267446033701,93.04575002170168,1839.6333749988116,146.56507936507936
1777169392,64,GET,large_scan,8.700000,8.700000,210,250,260,280,450,600,640,640,640,640,640,615,615,210,238.97575465465397,84.83700000215322,2590.0067079928704,147.45365853658538
1777169392,64,GET,next_departures,39.400000,39.400000,210,230,260,280,340,480,600,620,650,650,650,2601,2601,210,237.69593623939926,87.14187500299886,2490.195207996294,152.22991157247213
1777169392,64,GET,point_read,47.600000,0.000000,120,160,190,210,270,300,330,430,540,540,540,3293,0,120,154.39736204711792,83.18829099880531,2622.967000002973,81.22168235651382
1777169392,64,GET,trips_per_route,5.900000,5.500000,230,260,290,310,390,660,740,740,740,740,740,327,297,200,234.32491310052959,90.22900002310053,2096.14637499908,144.15902140672782
1777169392,64,,Aggregated,106.000000,57.400000,200,220,240,250,310,390,540,620,680,740,740,7151,3802,190,199.71750854794905,83.18829099880531,2622.967000002973,118.50160816668998
1777169393,64,GET,bulk_update_departures,4.700000,4.100000,230,240,250,250,280,300,420,420,420,420,420,321,295,220,246.70116500015084,93.04575002170168,1839.6333749988116,146.62928348909657
1777169393,64,GET,large_scan,8.800000,8.800000,210,230,250,260,370,600,640,640,640,640,640,627,627,210,237.92229882074577,84.83700000215322,2590.0067079928704,147.45933014354068
1777169393,64,GET,next_departures,40.100000,40.100000,210,230,250,270,330,480,600,620,650,650,650,2648,2648,210,236.87570669325234,87.14187500299886,2490.195207996294,152.22809667673715
1777169393,64,GET,point_read,47.200000,0.000000,120,150,190,210,270,300,330,430,540,540,540,3339,0,110,153.73421567569588,83.18829099880531,2622.967000002973,81.22132374962564
1777169393,64,GET,trips_per_route,5.700000,5.300000,220,250,290,310,390,660,740,740,740,740,740,334,304,200,233.53473428416507,90.22900002310053,2096.14637499908,144.2814371257485
1777169393,64,,Aggregated,106.500000,58.300000,190,220,230,250,310,390,540,620,680,740,740,7269,3874,190,199.05549237053899,83.18829099880531,2622.967000002973,118.5875636263585
1777169394,64,GET,bulk_update_departures,5.000000,4.500000,220,240,250,250,270,300,420,420,420,420,420,324,298,220,246.32906252175158,93.04575002170168,1839.6333749988116,146.6604938271605
1777169394,64,GET,large_scan,9.200000,9.200000,200,210,220,240,290,600,640,640,640,640,640,634,634,210,237.44301759085747,84.83700000215322,2590.0067079928704,147.48738170347002
1777169394,64,GET,next_departures,39.700000,39.700000,200,220,230,240,290,330,590,620,650,650,650,2693,2693,210,236.16629163192093,87.14187500299886,2490.195207996294,152.22799851466766
1777169394,64,GET,point_read,46.500000,0.000000,110,130,150,170,230,300,320,430,540,540,540,3388,0,110,153.05252958236454,83.18829099880531,2622.967000002973,81.22136953955136
1777169394,64,GET,trips_per_route,5.200000,4.800000,210,230,290,290,380,660,740,740,740,740,740,340,310,200,233.03273701150079,90.22900002310053,2096.14637499908,144.38235294117646
1777169394,64,,Aggregated,105.600000,58.200000,190,210,220,230,280,320,540,620,680,740,740,7379,3935,190,198.41691470163647,83.18829099880531,2622.967000002973,118.61268464561594
1777169395,64,GET,bulk_update_departures,4.700000,4.500000,220,240,240,250,260,300,420,420,420,420,420,329,302,220,245.6562667385368,93.04575002170168,1839.6333749988116,146.5835866261398
1777169395,64,GET,large_scan,9.400000,9.400000,200,210,230,240,260,600,640,640,640,640,640,644,644,210,237.09668890154242,84.83700000215322,2590.0067079928704,147.48447204968943
1777169395,64,GET,next_departures,41.100000,41.100000,200,220,230,240,280,330,590,620,650,650,650,2725,2725,210,235.79231993536627,87.14187500299886,2490.195207996294,152.24770642201835
1777169395,64,GET,point_read,46.200000,0.000000,110,120,140,150,190,230,280,300,330,330,330,3437,0,110,152.69794841083922,83.18829099880531,2622.967000002973,81.22257782950247
1777169395,64,GET,trips_per_route,4.400000,4.200000,210,230,250,290,380,660,740,740,740,740,740,343,312,200,232.84900838471188,90.22900002310053,2096.14637499908,144.23906705539358
1777169395,64,,Aggregated,105.800000,59.200000,190,200,210,220,260,300,490,620,680,740,740,7478,3983,190,198.0122104570013,83.18829099880531,2622.967000002973,118.57675849157529
1777169396,64,GET,bulk_update_departures,4.300000,4.100000,220,240,240,250,280,320,410,410,410,410,410,336,309,220,246.67646207429547,93.04575002170168,1839.6333749988116,146.6547619047619
1777169396,64,GET,large_scan,9.500000,9.500000,200,210,220,230,260,260,270,280,280,280,280,650,650,210,237.06652036397898,84.83700000215322,2590.0067079928704,147.5076923076923
1777169396,64,GET,next_departures,41.900000,41.900000,200,210,230,230,260,300,330,350,420,420,420,2758,2758,210,236.16454663482875,87.14187500299886,2490.195207996294,152.2298767222625
1777169396,64,GET,point_read,45.500000,0.000000,110,130,150,160,190,240,290,310,340,340,340,3490,0,120,153.84816789001735,83.18829099880531,2622.967000002973,81.22005730659026
1777169396,64,GET,trips_per_route,4.800000,4.600000,210,220,230,250,290,330,370,370,370,370,370,347,316,200,233.80537007766594,90.22900002310053,2096.14637499908,144.30547550432277
1777169396,64,,Aggregated,106.000000,60.100000,190,200,210,220,250,280,310,330,410,420,420,7581,4033,190,198.7045137139583,83.18829099880531,2622.967000002973,118.52499670228202
1777169397,64,GET,bulk_update_departures,4.100000,3.900000,220,240,240,250,280,340,410,410,410,410,410,338,310,220,246.80827862115373,93.04575002170168,1839.6333749988116,146.55029585798817
1777169397,64,GET,large_scan,9.300000,9.300000,200,210,230,230,260,260,280,330,330,330,330,660,660,210,237.20164051156837,84.83700000215322,2590.0067079928704,147.50454545454545
1777169397,64,GET,next_departures,41.400000,41.400000,200,220,230,230,260,310,350,380,420,420,420,2796,2796,210,236.65271407038114,87.14187500299886,2490.195207996294,152.2263948497854
1777169397,64,GET,point_read,47.400000,0.000000,110,130,160,180,230,280,310,320,340,340,340,3538,0,120,154.89908352743754,83.18829099880531,2622.967000002973,81.21961560203505
1777169397,64,GET,trips_per_route,5.000000,4.800000,210,210,230,250,290,330,370,370,370,370,370,351,319,200,234.13036645561235,90.22900002310053,2096.14637499908,144.1908831908832
1777169397,64,,Aggregated,107.200000,59.400000,190,200,220,230,250,290,330,350,410,420,420,7683,4085,190,199.3840928801724,83.18829099880531,2622.967000002973,118.50553169334896
1777169398,64,GET,bulk_update_departures,4.800000,4.600000,220,240,240,250,300,340,410,410,410,410,410,342,314,220,246.99370664604314,93.04575002170168,1839.6333749988116,146.5906432748538
1777169398,64,GET,large_scan,9.700000,9.700000,210,220,230,250,260,290,330,330,330,330,330,666,666,210,237.64005366314444,84.83700000215322,2590.0067079928704,147.52702702702703
1777169398,64,GET,next_departures,43.200000,43.200000,210,220,240,250,300,340,380,400,450,450,450,2836,2836,210,237.35934229574542,87.14187500299886,2490.195207996294,152.2302538787024
1777169398,64,GET,point_read,49.600000,0.000000,120,150,180,200,250,290,310,320,340,340,340,3593,0,120,155.79084581747986,83.18829099880531,2622.967000002973,81.21848037851377
1777169398,64,GET,trips_per_route,5.100000,4.900000,210,240,270,290,320,330,370,370,370,370,370,358,325,200,234.77760766164266,90.22900002310053,2096.14637499908,144.12569832402235
1777169398,64,,Aggregated,112.400000,62.400000,190,210,230,240,280,310,340,370,440,450,450,7795,4141,190,200.08955878491446,83.18829099880531,2622.967000002973,118.47684413085311
1777169399,64,GET,bulk_update_departures,4.800000,4.700000,220,240,250,270,300,340,410,410,410,410,410,349,320,220,246.72320751552698,93.04575002170168,1839.6333749988116,146.53868194842406
1777169399,64,GET,large_scan,8.900000,8.900000,210,230,260,260,280,300,330,340,340,340,340,677,677,210,237.76239104817608,84.83700000215322,2590.0067079928704,147.44756277695717
1777169399,64,GET,next_departures,42.200000,42.200000,210,230,250,260,320,350,380,400,450,450,450,2861,2861,210,237.62561250497154,87.14187500299886,2490.195207996294,152.2282418734708
1777169399,64,GET,point_read,49.700000,0.000000,130,170,190,210,250,290,310,320,340,340,340,3629,0,120,155.92809458036803,83.18829099880531,2622.967000002973,81.21961972995315
1777169399,64,GET,trips_per_route,4.100000,3.900000,220,240,270,290,320,330,370,370,370,370,370,364,331,200,235.151523463863,90.22900002310053,2096.14637499908,144.22252747252747
1777169399,64,,Aggregated,109.700000,59.700000,190,210,230,240,280,320,350,370,440,450,450,7880,4189,190,200.30160219698723,83.18829099880531,2622.967000002973,118.49390862944162
1777169400,64,GET,bulk_update_departures,4.700000,4.500000,220,240,270,270,300,340,410,410,410,410,410,355,326,220,246.54426679980915,93.04575002170168,1839.6333749988116,146.59718309859156
1777169400,64,GET,large_scan,9.400000,9.400000,220,250,260,270,290,310,330,340,340,340,340,687,687,210,238.27034229933918,84.83700000215322,2590.0067079928704,147.48471615720524
1777169400,64,GET,next_departures,41.000000,41.000000,210,240,260,270,320,350,380,400,450,450,450,2899,2899,210,237.47078314477653,87.14187500299886,2490.195207996294,152.22490513970334
1777169400,64,GET,point_read,49.100000,0.000000,130,180,200,210,250,290,310,320,340,340,340,3688,0,120,155.61277368524827,83.18829099880531,2622.967000002973,81.21963123644251
1777169400,64,GET,trips_per_route,4.100000,3.800000,220,260,270,290,330,330,370,370,370,370,370,372,338,200,234.8978039860207,90.22900002310053,2096.14637499908,144.17741935483872
1777169400,64,,Aggregated,108.300000,58.700000,190,220,240,250,290,320,350,370,440,450,450,8001,4250,190,200.09056775956515,83.18829099880531,2622.967000002973,118.4646919135108
1777169401,64,GET,bulk_update_departures,5.200000,5.000000,220,240,270,270,300,340,410,410,410,410,410,363,334,220,245.73441817327057,93.04575002170168,1839.6333749988116,146.67217630853995
1777169401,64,GET,large_scan,9.200000,9.200000,210,250,260,270,290,310,330,340,340,340,340,696,696,210,237.78747723796792,84.83700000215322,2590.0067079928704,147.51724137931035
1777169401,64,GET,next_departures,40.100000,40.100000,210,230,250,270,320,350,380,400,450,450,450,2940,2940,210,236.91956760258046,87.14187500299886,2490.195207996294,152.2278911564626
1777169401,64,GET,point_read,48.900000,0.000000,130,180,200,210,250,290,310,320,340,340,340,3737,0,120,154.95984671750622,83.18829099880531,2622.967000002973,81.21889215948622
1777169401,64,GET,trips_per_route,4.200000,3.900000,210,240,270,290,320,330,340,370,370,370,370,378,343,200,234.0610676767519,90.22900002310053,2096.14637499908,144.1005291005291
1777169401,64,,Aggregated,107.600000,58.200000,200,220,240,250,290,320,350,370,440,450,450,8114,4313,190,199.50767038097638,83.18829099880531,2622.967000002973,118.49260537342865
1777169402,64,GET,bulk_update_departures,5.200000,4.900000,220,250,270,270,300,340,410,410,410,410,410,366,337,220,245.36064391501841,93.04575002170168,1839.6333749988116,146.69945355191257
1777169402,64,GET,large_scan,9.300000,9.300000,210,250,260,270,290,310,330,340,340,340,340,706,706,210,237.1160402983805,84.83700000215322,2590.0067079928704,147.514164305949
1777169402,64,GET,next_departures,39.000000,39.000000,210,240,260,270,320,350,380,400,450,450,450,2980,2980,210,236.32720255823463,87.14187500299886,2490.195207996294,152.2231543624161
1777169402,64,GET,point_read,49.400000,0.000000,130,170,200,210,250,290,310,320,340,340,340,3794,0,120,154.19876957439718,83.18829099880531,2622.967000002973,81.2182393252504
1777169402,64,GET,trips_per_route,4.500000,4.200000,210,240,270,290,320,330,340,370,370,370,370,384,349,200,233.4875525125426,90.22900002310053,2096.14637499908,144.19270833333334
1777169402,64,,Aggregated,107.400000,57.400000,200,220,240,250,290,320,350,370,440,450,450,8230,4372,190,198.8031999607742,83.18829099880531,2622.967000002973,118.46585662211422
1777169403,64,GET,bulk_update_departures,5.000000,4.700000,220,240,270,270,300,340,410,410,410,410,410,372,343,220,244.60844334391115,93.04575002170168,1839.6333749988116,146.752688172043
1777169403,64,GET,large_scan,9.400000,9.400000,210,250,260,260,290,310,330,340,340,340,340,719,719,210,236.41916277281803,84.83700000215322,2590.0067079928704,147.55910987482613
1777169403,64,GET,next_departures,38.100000,38.100000,210,240,260,270,320,350,380,400,450,450,450,3020,3020,210,235.63622516505336,87.14187500299886,2490.195207996294,152.23509933774835
1777169403,64,GET,point_read,49.800000,0.000000,130,170,190,210,250,280,310,320,340,340,340,3845,0,120,153.48099371764576,83.18829099880531,2622.967000002973,81.21794538361509
1777169403,64,GET,trips_per_route,5.000000,4.600000,210,240,270,270,320,330,340,370,370,370,370,393,355,200,231.93260273221068,90.22900002310053,2096.14637499908,143.83969465648855
1777169403,64,,Aggregated,107.300000,56.800000,200,220,240,250,290,320,350,370,440,450,450,8349,4437,190,198.09378999570714,83.18829099880531,2622.967000002973,118.4871242064918
1777169404,64,GET,bulk_update_departures,5.300000,5.000000,210,240,270,270,300,340,340,410,410,410,410,376,347,220,244.0788701487497,93.04575002170168,1839.6333749988116,146.7872340425532
1777169404,64,GET,large_scan,9.200000,9.200000,210,240,260,260,290,310,330,340,340,340,340,733,733,210,235.58476033512855,84.83700000215322,2590.0067079928704,147.56889495225101
1777169404,64,GET,next_departures,38.000000,38.000000,210,230,250,270,320,350,380,400,450,450,450,3069,3069,210,234.99475373162883,87.14187500299886,2490.195207996294,152.20755946562397
1777169404,64,GET,point_read,49.500000,0.000000,120,170,200,210,250,290,310,320,340,340,340,3891,0,120,152.87379022364308,83.18829099880531,2622.967000002973,81.218966846569
1777169404,64,GET,trips_per_route,5.700000,5.200000,210,240,270,290,320,330,340,370,370,370,370,395,356,200,231.52470506014467,90.22900002310053,2096.14637499908,143.7113924050633
1777169404,64,,Aggregated,107.700000,57.400000,200,210,230,250,290,320,350,370,440,450,450,8464,4505,190,197.5354867631026,83.18829099880531,2622.967000002973,118.53426275992439
1777169405,64,GET,bulk_update_departures,4.900000,4.600000,210,230,250,250,270,300,300,340,340,340,340,385,356,210,243.26584017381992,93.04575002170168,1839.6333749988116,146.86233766233767
1777169405,64,GET,large_scan,9.300000,9.300000,210,230,260,260,290,310,330,340,340,340,340,743,743,210,234.87334038972483,84.83700000215322,2590.0067079928704,147.52893674293406
1777169405,64,GET,next_departures,37.800000,37.800000,200,220,250,260,320,340,370,390,450,450,450,3109,3109,210,234.54057482191342,87.14187500299886,2490.195207996294,152.19523962688967
1777169405,64,GET,point_read,50.000000,0.000000,110,140,180,200,240,280,310,310,320,320,320,3946,0,110,152.269281690127,83.18829099880531,2622.967000002973,81.21768879878358
1777169405,64,GET,trips_per_route,5.800000,5.300000,200,230,260,270,300,330,330,340,340,340,340,400,360,200,230.81691947678337,90.22900002310053,2096.14637499908,143.6325
1777169405,64,,Aggregated,107.800000,57.000000,190,210,220,240,280,310,340,350,440,450,450,8583,4568,190,196.9633276054724,83.18829099880531,2622.967000002973,118.52137947104742
1777169406,64,GET,bulk_update_departures,5.200000,4.900000,210,220,230,250,270,300,300,340,340,340,340,389,359,210,242.54499477361853,93.04575002170168,1839.6333749988116,146.7892030848329
1777169406,64,GET,large_scan,9.600000,9.600000,200,210,240,260,280,300,330,330,340,340,340,758,758,210,234.07390720130647,84.83700000215322,2590.0067079928704,147.5778364116095
1777169406,64,GET,next_departures,37.300000,37.300000,200,210,230,250,300,330,350,390,450,450,450,3149,3149,210,233.9997941925292,87.14187500299886,2490.195207996294,152.19911082883456
1777169406,64,GET,point_read,50.400000,0.000000,110,120,150,170,210,260,280,310,320,320,320,3985,0,110,151.798953797795,83.18829099880531,2622.967000002973,81.2180677540778
1777169406,64,GET,trips_per_route,5.600000,4.800000,200,220,240,260,290,330,330,340,340,340,340,404,364,200,230.6074333731039,90.22900002310053,2096.14637499908,143.69554455445544
1777169406,64,,Aggregated,108.100000,56.600000,190,200,210,220,260,300,330,340,440,450,450,8685,4630,190,196.51440535460557,83.18829099880531,2622.967000002973,118.58917674150835
1777169407,64,GET,bulk_update_departures,5.500000,5.200000,210,220,230,250,290,300,320,380,380,380,380,395,365,210,243.09376014663272,93.04575002170168,1839.6333749988116,146.8379746835443
1777169407,64,GET,large_scan,9.900000,9.900000,200,220,240,250,290,310,330,340,350,350,350,773,773,210,234.4023028727022,84.83700000215322,2590.0067079928704,147.58990944372573
1777169407,64,GET,next_departures,38.100000,38.100000,200,210,220,230,280,330,350,360,380,380,380,3182,3182,210,234.15859168677878,87.14187500299886,2490.195207996294,152.22344437460717
1777169407,64,GET,point_read,49.200000,0.000000,110,120,130,150,200,220,250,280,320,320,320,4023,0,110,151.98512338657753,83.18829099880531,2622.967000002973,81.21799652000995
1777169407,64,GET,trips_per_route,5.600000,4.700000,200,220,240,260,280,330,330,340,340,340,340,408,367,200,230.63431382523086,90.22900002310053,2096.14637499908,143.59803921568627
1777169407,64,,Aggregated,108.300000,57.900000,190,200,210,220,260,290,330,340,380,380,380,8781,4687,190,196.77059623627653,83.18829099880531,2622.967000002973,118.64149869035417
1777169408,64,GET,bulk_update_departures,5.400000,5.200000,210,220,230,240,290,380,400,450,450,450,450,399,368,220,243.86852435053694,93.04575002170168,1839.6333749988116,146.7644110275689
1777169408,64,GET,large_scan,10.000000,10.000000,200,210,230,250,290,310,340,350,350,350,350,784,784,210,234.56765374694257,84.83700000215322,2590.0067079928704,147.6237244897959
1777169408,64,GET,next_departures,38.500000,38.500000,200,210,230,240,300,330,350,390,450,450,450,3223,3223,210,234.79329346177227,87.14187500299886,2490.195207996294,152.20291653738752
1777169408,64,GET,point_read,48.800000,0.000000,110,120,140,160,210,240,300,320,330,330,330,4067,0,120,152.9985425599442,83.18829099880531,2622.967000002973,81.21858864027539
1777169408,64,GET,trips_per_route,5.500000,4.600000,200,210,250,260,330,340,410,450,450,450,450,415,374,200,232.21923794866686,90.22900002310053,2096.14637499908,143.70602409638553
1777169408,64,,Aggregated,108.200000,58.300000,190,200,210,220,260,310,340,360,450,450,450,8888,4749,190,197.6326983484191,83.18829099880531,2622.967000002973,118.67686768676867
1777169409,64,GET,bulk_update_departures,5.700000,5.400000,210,220,230,240,280,380,400,450,450,450,450,405,374,220,243.81298695282757,93.04575002170168,1839.6333749988116,146.81234567901234
1777169409,64,GET,large_scan,11.100000,11.100000,200,210,220,230,270,300,330,350,350,350,350,790,790,210,234.5362744666194,84.83700000215322,2590.0067079928704,147.60759493670886
1777169409,64,GET,next_departures,38.100000,38.100000,200,210,220,230,290,330,350,390,450,450,450,3247,3247,210,234.94350488641044,87.14187500299886,2490.195207996294,152.23283030489682
1777169409,64,GET,point_read,49.000000,0.000000,110,120,150,180,230,260,300,320,330,330,330,4107,0,120,153.71335706581183,83.18829099880531,2622.967000002973,81.21816411005601
1777169409,64,GET,trips_per_route,5.600000,4.700000,200,210,230,260,330,350,450,450,450,450,450,417,375,200,232.52035491294126,90.22900002310053,2096.14637499908,143.58273381294964
1777169409,64,,Aggregated,109.500000,59.300000,190,200,210,220,260,300,330,360,450,450,450,8966,4786,190,197.98697550509536,83.18829099880531,2622.967000002973,118.64889582868615
1777169410,64,GET,bulk_update_departures,5.600000,5.400000,210,230,260,280,330,420,450,480,480,480,480,414,383,220,245.17110086436742,93.04575002170168,1839.6333749988116,146.8816425120773
1777169410,64,GET,large_scan,11.900000,11.900000,200,210,220,230,300,350,420,480,520,520,520,797,797,210,235.53205159552093,84.83700000215322,2590.0067079928704,147.59473023839396
1777169410,64,GET,next_departures,38.600000,38.600000,200,220,250,280,330,390,450,490,670,670,670,3283,3283,210,236.40727501286253,87.14187500299886,2490.195207996294,152.21596101127017
1777169410,64,GET,point_read,49.100000,0.000000,120,150,190,220,260,300,320,360,420,420,420,4161,0,120,154.74949493543372,83.18829099880531,2622.967000002973,81.21821677481374
1777169410,64,GET,trips_per_route,5.500000,4.600000,200,240,280,280,390,450,590,590,590,590,590,422,380,200,234.96052487855403,90.22900002310053,2096.14637499908,143.65876777251185
1777169410,64,,Aggregated,110.700000,60.500000,200,210,230,240,300,340,420,480,600,670,670,9077,4843,190,199.23002695513887,83.18829099880531,2622.967000002973,118.62289302633029
1777169411,64,GET,bulk_update_departures,5.600000,5.300000,220,260,280,290,350,420,450,480,480,480,480,421,389,220,245.65064233703973,93.04575002170168,1839.6333749988116,146.83372921615202
1777169411,64,GET,large_scan,11.800000,11.800000,210,220,230,250,310,350,420,480,520,520,520,811,811,210,235.78605224489223,84.83700000215322,2590.0067079928704,147.56966707768188
1777169411,64,GET,next_departures,38.700000,38.700000,210,230,270,300,330,390,450,490,670,670,670,3325,3325,210,236.7175322259195,87.14187500299886,2490.195207996294,152.21804511278197
1777169411,64,GET,point_read,47.500000,0.000000,120,170,200,220,260,300,320,360,420,420,420,4198,0,120,154.70420006771758,83.18829099880531,2622.967000002973,81.21819914244878
1777169411,64,GET,trips_per_route,5.400000,4.600000,210,280,300,330,390,450,590,590,590,590,590,425,383,200,235.46090117354385,90.22900002310053,2096.14637499908,143.70352941176472
1777169411,64,,Aggregated,109.000000,60.400000,200,210,240,260,310,350,420,480,600,670,670,9180,4908,190,199.48216975258367,83.18829099880531,2622.967000002973,118.69814814814815
1777169412,64,GET,bulk_update_departures,5.500000,5.300000,210,260,280,290,350,420,450,480,480,480,480,425,392,220,244.89567050799343,93.04575002170168,1839.6333749988116,146.76470588235293
1777169412,64,GET,large_scan,11.000000,11.000000,210,220,230,250,310,350,420,480,520,520,520,819,819,210,235.42084279188703,84.83700000215322,2590.0067079928704,147.5934065934066
1777169412,64,GET,next_departures,38.600000,38.600000,210,230,280,300,330,390,450,490,670,670,670,3365,3365,210,236.19038826839778,87.14187500299886,2490.195207996294,152.2065378900446
1777169412,64,GET,point_read,47.600000,0.000000,120,170,200,220,260,300,320,360,420,420,420,4261,0,120,153.90155171166978,83.18829099880531,2622.967000002973,81.21825862473598
1777169412,64,GET,trips_per_route,5.400000,4.500000,210,280,300,330,390,450,590,590,590,590,590,429,387,200,235.20161324418922,90.22900002310053,2096.14637499908,143.76223776223776
1777169412,64,,Aggregated,108.100000,59.400000,200,210,240,260,310,350,420,480,600,670,670,9299,4963,190,198.768361185159,83.18829099880531,2622.967000002973,118.63361651790515
1777169413,64,GET,bulk_update_departures,5.900000,5.700000,220,260,280,290,350,420,450,480,480,480,480,431,397,220,244.09802921325414,93.04575002170168,1839.6333749988116,146.7122969837587
1777169413,64,GET,large_scan,10.700000,10.700000,210,220,240,250,310,350,420,480,520,520,520,832,832,210,234.70774238533593,84.83700000215322,2590.0067079928704,147.56610576923077
1777169413,64,GET,next_departures,37.800000,37.800000,210,240,280,300,330,390,450,490,670,670,670,3406,3406,210,235.69801472172657,87.14187500299886,2490.195207996294,152.20199647680565
1777169413,64,GET,point_read,46.000000,0.000000,120,170,200,220,260,300,320,360,420,420,420,4316,0,120,153.332387088852,83.18829099880531,2622.967000002973,81.21825764596849
1777169413,64,GET,trips_per_route,4.900000,4.100000,210,280,300,330,390,450,590,590,590,590,590,437,394,200,234.29384991714147,90.22900002310053,2096.14637499908,143.72997711670482
1777169413,64,,Aggregated,105.300000,58.300000,200,210,240,260,310,350,420,480,600,670,670,9422,5029,190,198.19990718393004,83.18829099880531,2622.967000002973,118.6325620887285
1777169414,64,GET,bulk_update_departures,5.600000,5.300000,210,250,280,290,350,420,450,480,480,480,480,438,404,210,243.41435818473136,93.04575002170168,1839.6333749988116,146.7648401826484
1777169414,64,GET,large_scan,11.500000,11.500000,210,230,240,250,310,350,420,480,520,520,520,844,844,210,234.1559389805776,84.83700000215322,2590.0067079928704,147.56872037914692
1777169414,64,GET,next_departures,38.800000,38.800000,210,240,280,300,330,390,450,490,670,670,670,3444,3444,210,235.28999619342733,87.14187500299886,2490.195207996294,152.19221835075493
1777169414,64,GET,point_read,45.800000,0.000000,120,160,200,220,260,300,320,360,420,420,420,4369,0,120,152.77482590605567,83.18829099880531,2622.967000002973,81.21927214465553
1777169414,64,GET,trips_per_route,4.200000,3.500000,210,280,300,330,390,450,590,590,590,590,590,439,396,200,234.12652476491823,90.22900002310053,2096.14637499908,143.75854214123007
1777169414,64,,Aggregated,105.900000,59.100000,200,210,240,260,310,350,420,480,600,670,670,9534,5088,190,197.6963086878582,83.18829099880531,2622.967000002973,118.62156492552968
1777169415,64,GET,bulk_update_departures,6.000000,5.600000,210,260,280,290,350,420,450,480,480,480,480,444,410,210,242.79901044117338,93.04575002170168,1839.6333749988116,146.80855855855856
1777169415,64,GET,large_scan,11.300000,11.300000,210,230,240,260,310,350,420,480,520,520,520,852,852,210,233.86745852772273,84.83700000215322,2590.0067079928704,147.59154929577466
1777169415,64,GET,next_departures,38.200000,38.200000,210,230,270,300,330,390,450,490,670,670,670,3490,3490,210,234.66786674217502,87.14187500299886,2490.195207996294,152.20630372492838
1777169415,64,GET,point_read,46.800000,0.000000,120,160,200,220,260,300,320,360,420,420,420,4421,0,120,152.23582897204972,83.18829099880531,2622.967000002973,81.21963356706627
1777169415,64,GET,trips_per_route,4.400000,3.700000,210,260,280,330,390,450,590,590,590,590,590,446,403,200,233.57385985611734,90.22900002310053,2096.14637499908,143.85650224215246
1777169415,64,,Aggregated,106.700000,58.800000,200,210,240,260,310,350,420,480,600,670,670,9653,5155,190,197.16743308950086,83.18829099880531,2622.967000002973,118.65357919817673
1777169416,64,GET,bulk_update_departures,5.800000,5.300000,210,250,280,290,350,420,450,480,480,480,480,448,413,210,242.2969737027805,93.04575002170168,1839.6333749988116,146.74330357142858
1777169416,64,GET,large_scan,11.200000,11.200000,210,230,240,260,310,350,480,520,520,520,520,861,861,210,233.53186130380223,84.83700000215322,2590.0067079928704,147.61672473867597
1777169416,64,GET,next_departures,38.200000,38.200000,210,230,270,290,330,390,450,490,670,670,670,3529,3529,210,234.29094641291118,87.14187500299886,2490.195207996294,152.20317370359876
1777169416,64,GET,point_read,46.800000,0.000000,120,150,190,210,260,300,320,360,420,420,420,4484,0,110,151.66786077576842,83.18829099880531,2622.967000002973,81.21966993755575
1777169416,64,GET,trips_per_route,4.400000,3.900000,220,260,280,330,390,450,590,590,590,590,590,450,407,200,233.47829360398464,90.22900002310053,2096.14637499908,143.9111111111111
1777169416,64,,Aggregated,106.400000,58.600000,200,210,230,250,310,350,420,480,600,670,670,9772,5210,190,196.6410813070939,83.18829099880531,2622.967000002973,118.59527220630372
1777169417,64,GET,bulk_update_departures,6.300000,5.800000,210,240,270,280,330,420,450,480,480,480,480,453,418,210,241.925952103396,93.04575002170168,1839.6333749988116,146.7792494481236
1777169417,64,GET,large_scan,10.800000,10.800000,210,220,230,240,300,350,480,520,520,520,520,878,878,210,233.04480846655972,84.83700000215322,2590.0067079928704,147.6628701594533
1777169417,64,GET,next_departures,37.200000,37.200000,200,220,240,270,320,390,450,490,670,670,670,3572,3572,210,233.80746319010063,87.14187500299886,2490.195207996294,152.21164613661813
1777169417,64,GET,point_read,48.300000,0.000000,110,130,160,180,240,280,320,360,420,420,420,4533,0,110,151.29026813866108,83.18829099880531,2622.967000002973,81.21972203838517
1777169417,64,GET,trips_per_route,4.300000,3.900000,210,240,280,330,390,450,590,590,590,590,590,454,411,200,233.1812804642914,90.22900002310053,2096.14637499908,143.9647577092511
1777169417,64,,Aggregated,106.900000,57.700000,190,210,220,240,300,340,420,480,600,670,670,9890,5279,190,196.2617940803697,83.18829099880531,2622.967000002973,118.64186046511628
1777169418,64,GET,bulk_update_departures,5.800000,5.300000,210,220,240,260,300,350,420,480,480,480,480,461,426,210,241.4269021429665,93.04575002170168,1839.6333749988116,146.8351409978308
1777169418,64,GET,large_scan,10.800000,10.800000,210,220,230,240,300,380,480,520,520,520,520,883,883,210,233.20345559532782,84.83700000215322,2590.0067079928704,147.67610419026047
1777169418,64,GET,next_departures,38.000000,38.000000,200,210,230,250,310,360,450,490,670,670,670,3605,3605,210,233.67204237507298,87.14187500299886,2490.195207996294,152.21914008321775
1777169418,64,GET,point_read,48.400000,0.000000,110,130,140,160,220,260,310,360,420,420,420,4569,0,110,151.2307281990689,83.18829099880531,2622.967000002973,81.21886627270737
1777169418,64,GET,trips_per_route,4.800000,4.500000,210,220,240,280,370,400,590,590,590,590,590,459,415,200,233.01322984047314,90.22900002310053,2096.14637499908,143.89106753812635
1777169418,64,,Aggregated,107.800000,58.600000,190,200,210,220,280,330,400,480,600,670,670,9977,5329,190,196.2043134789058,83.18829099880531,2622.967000002973,118.67034178610805
1777169419,64,GET,bulk_update_departures,5.700000,5.200000,210,220,250,280,330,400,430,460,460,460,460,467,431,210,242.83304303188757,93.04575002170168,1839.6333749988116,146.78586723768737
1777169419,64,GET,large_scan,10.300000,10.300000,210,220,230,240,330,390,410,420,440,440,440,895,895,210,234.60277537285225,84.83700000215322,2590.0067079928704,147.61675977653633
1777169419,64,GET,next_departures,38.200000,38.200000,200,210,230,240,310,350,400,430,440,440,440,3639,3639,210,234.3786121451147,87.14187500299886,2490.195207996294,152.22588623248146
1777169419,64,GET,point_read,49.500000,0.000000,110,120,140,160,220,270,340,390,430,430,430,4612,0,120,152.40013083859762,83.18829099880531,2622.967000002973,81.22072853425846
1777169419,64,GET,trips_per_route,4.800000,4.500000,200,220,230,280,330,340,400,400,400,400,400,463,419,200,233.89838750275018,90.22900002310053,2096.14637499908,143.9438444924406
1777169419,64,,Aggregated,108.500000,58.200000,190,200,210,220,280,330,390,420,440,460,460,10076,5384,190,197.24500213299447,83.18829099880531,2622.967000002973,118.68320762207225
1777169420,64,GET,bulk_update_departures,6.300000,5.800000,210,220,230,270,290,400,430,460,460,460,460,469,433,210,242.9783440232009,93.04575002170168,1839.6333749988116,146.79957356076758
1777169420,64,GET,large_scan,9.800000,9.800000,210,230,240,250,310,390,410,420,440,440,440,905,905,210,234.87402490682345,84.83700000215322,2590.0067079928704,147.64309392265193
1777169420,64,GET,next_departures,38.200000,38.200000,200,210,220,230,280,330,400,430,440,440,440,3674,3674,210,234.40915502421475,87.14187500299886,2490.195207996294,152.21829069134458
1777169420,64,GET,point_read,49.600000,0.000000,110,130,150,170,240,300,340,390,430,430,430,4658,0,120,153.2261360943852,83.18829099880531,2622.967000002973,81.22048089308716
1777169420,64,GET,trips_per_route,4.700000,4.500000,200,210,220,230,300,340,400,400,400,400,400,471,427,200,233.73406996983627,90.22900002310053,2096.14637499908,144.04670912951167
1777169420,64,,Aggregated,108.600000,58.300000,190,200,210,220,280,320,390,420,440,460,460,10177,5439,190,197.65679083521277,83.18829099880531,2622.967000002973,118.68792374963152
1777169421,64,GET,bulk_update_departures,6.100000,5.700000,210,220,230,240,300,400,460,460,460,460,460,470,434,210,243.13984373380043,93.04575002170168,1839.6333749988116,146.8063829787234
1777169421,64,GET,large_scan,10.300000,10.300000,210,230,240,250,340,390,420,440,440,440,440,911,911,210,235.17729289977072,84.83700000215322,2590.0067079928704,147.65861690450055
1777169421,64,GET,next_departures,38.900000,38.900000,200,210,230,240,300,350,400,430,440,440,440,3704,3704,210,234.68731657611823,87.14187500299886,2490.195207996294,152.22732181425485
1777169421,64,GET,point_read,50.500000,0.000000,110,140,180,200,270,310,350,390,430,430,430,4712,0,120,153.97200219601655,83.18829099880531,2622.967000002973,81.22071307300509
1777169421,64,GET,trips_per_route,4.800000,4.500000,210,220,240,280,330,340,390,400,400,400,400,476,430,200,234.46160757732224,90.22900002310053,2096.14637499908,143.84453781512605
1777169421,64,,Aggregated,110.600000,59.400000,190,210,220,230,290,330,390,420,440,460,460,10273,5479,190,198.08467444163873,83.18829099880531,2622.967000002973,118.61656770174243
1777169422,64,GET,bulk_update_departures,6.100000,5.600000,210,220,260,280,320,400,460,460,460,460,460,478,440,220,243.34754770481373,93.04575002170168,1839.6333749988116,146.68410041841005
1777169422,64,GET,large_scan,10.700000,10.700000,210,230,250,290,370,390,420,440,440,440,440,918,918,210,235.3258020127426,84.83700000215322,2590.0067079928704,147.64705882352942
1777169422,64,GET,next_departures,38.900000,38.900000,210,230,250,270,320,350,400,430,440,440,440,3745,3745,210,235.2225441177586,87.14187500299886,2490.195207996294,152.22296395193592
1777169422,64,GET,point_read,48.700000,0.000000,120,170,190,210,270,310,350,390,430,430,430,4752,0,120,154.0771291762298,83.18829099880531,2622.967000002973,81.2209595959596
1777169422,64,GET,trips_per_route,4.600000,4.400000,210,240,290,310,340,390,400,440,440,440,440,482,436,200,235.58674714273457,90.22900002310053,2096.14637499908,143.92116182572613
1777169422,64,,Aggregated,109.000000,59.600000,200,210,230,250,310,340,400,420,440,460,460,10375,5539,190,198.45638281829847,83.18829099880531,2622.967000002973,118.65657831325301
1777169423,64,GET,bulk_update_departures,5.500000,5.000000,220,230,280,280,320,400,460,460,460,460,460,480,442,220,243.28276069979134,93.04575002170168,1839.6333749988116,146.69791666666666
1777169423,64,GET,large_scan,11.000000,11.000000,220,230,250,290,370,390,420,440,440,440,440,929,929,210,235.10700946147313,84.83700000215322,2590.0067079928704,147.67491926803015
1777169423,64,GET,next_departures,39.300000,39.300000,210,230,260,270,320,350,400,430,440,440,440,3800,3800,210,235.0088349368506,87.14187500299886,2490.195207996294,152.20394736842104
1777169423,64,GET,point_read,49.400000,0.000000,130,170,190,210,270,310,350,390,430,430,430,4802,0,120,153.7511908337084,83.18829099880531,2622.967000002973,81.22032486463974
1777169423,64,GET,trips_per_route,4.800000,4.600000,220,240,300,320,340,390,440,440,440,440,440,485,439,200,235.41863702223205,90.22900002310053,2096.14637499908,143.95876288659792
1777169423,64,,Aggregated,110.000000,59.900000,200,220,240,260,310,340,400,420,440,460,460,10496,5610,190,198.23884975465805,83.18829099880531,2622.967000002973,118.69474085365853
1777169424,64,GET,bulk_update_departures,5.100000,4.700000,220,230,280,280,320,400,460,460,460,460,460,486,448,210,242.67343709233586,93.04575002170168,1839.6333749988116,146.73868312757202
1777169424,64,GET,large_scan,9.900000,9.900000,210,230,250,290,370,390,420,440,440,440,440,938,938,210,234.54743754238447,84.83700000215322,2590.0067079928704,147.63965884861406
1777169424,64,GET,next_departures,37.600000,37.600000,210,230,260,270,320,350,400,430,440,440,440,3849,3849,210,234.43590176361056,87.14187500299886,2490.195207996294,152.19537542218757
1777169424,64,GET,point_read,50.800000,0.000000,130,170,200,210,270,310,350,390,430,430,430,4851,0,120,153.20816693393837,83.18829099880531,2622.967000002973,81.21933621933621
1777169424,64,GET,trips_per_route,5.400000,5.000000,220,240,290,320,340,390,440,440,440,440,440,490,443,200,234.8546025443618,90.22900002310053,2096.14637499908,143.88979591836735
1777169424,64,,Aggregated,108.800000,57.200000,200,220,240,260,310,340,400,420,440,460,460,10614,5678,190,197.7181218930697,83.18829099880531,2622.967000002973,118.7207461842849
1777169425,64,GET,bulk_update_departures,5.200000,4.700000,210,230,280,280,320,400,460,460,460,460,460,490,452,210,242.30387212621875,93.04575002170168,1839.6333749988116,146.76530612244898
1777169425,64,GET,large_scan,9.800000,9.800000,210,230,240,270,340,390,410,420,440,440,440,957,957,210,233.69414724530984,84.83700000215322,2590.0067079928704,147.65830721003135
1777169425,64,GET,next_departures,38.600000,38.600000,210,230,260,270,320,350,400,430,440,440,440,3886,3886,210,233.94122990916395,87.14187500299886,2490.195207996294,152.20663921770458
1777169425,64,GET,point_read,48.300000,0.000000,130,180,200,220,270,310,350,390,430,430,430,4893,0,120,152.7632980027586,83.18829099880531,2622.967000002973,81.21949724095647
1777169425,64,GET,trips_per_route,5.300000,4.900000,210,240,290,320,340,390,440,440,440,440,440,498,451,200,234.22676279260048,90.22900002310053,2096.14637499908,143.9879518072289
1777169425,64,,Aggregated,107.200000,58.000000,200,210,240,260,310,340,400,420,440,460,460,10724,5746,190,197.2757889482315,83.18829099880531,2622.967000002973,118.78142484147706
1777169426,64,GET,bulk_update_departures,4.800000,4.400000,220,230,280,290,330,400,460,460,460,460,460,499,461,210,242.21807024217694,93.04575002170168,1839.6333749988116,146.82364729458916
1777169426,64,GET,large_scan,9.700000,9.700000,210,230,260,290,340,390,410,420,440,440,440,971,971,210,233.51707157134473,84.83700000215322,2590.0067079928704,147.66426364572607
1777169426,64,GET,next_departures,39.300000,39.300000,210,230,260,280,320,350,400,430,440,440,440,3922,3922,210,233.7619605981851,87.14187500299886,2490.195207996294,152.20550739418664
1777169426,64,GET,point_read,48.700000,0.000000,140,180,200,220,280,310,360,390,430,430,430,4938,0,120,152.63299427145085,83.18829099880531,2622.967000002973,81.2201296071284
1777169426,64,GET,trips_per_route,4.900000,4.600000,210,240,290,310,340,390,400,440,440,440,440,503,455,200,233.87577285629996,90.22900002310053,2096.14637499908,143.92047713717693
1777169426,64,,Aggregated,107.400000,58.000000,200,220,240,260,310,340,400,420,440,460,460,10833,5809,190,197.15383942322947,83.18829099880531,2622.967000002973,118.80864026585434
1777169427,64,GET,bulk_update_departures,4.600000,4.200000,220,230,280,290,330,400,460,460,460,460,460,509,471,210,241.43788393875968,93.04575002170168,1839.6333749988116,146.8860510805501
1777169427,64,GET,large_scan,9.800000,9.800000,210,230,250,280,340,390,410,420,440,440,440,987,987,210,232.75135587209107,84.83700000215322,2590.0067079928704,147.64741641337386
1777169427,64,GET,next_departures,40.200000,40.200000,210,230,260,280,320,350,400,430,440,440,440,3963,3963,210,233.34072320134533,87.14187500299886,2490.195207996294,152.19530658591975
1777169427,64,GET,point_read,47.400000,0.000000,130,180,200,220,280,310,360,390,430,430,430,4984,0,120,152.21490571515938,83.18829099880531,2622.967000002973,81.22090690208668
1777169427,64,GET,trips_per_route,5.200000,4.800000,200,220,280,300,340,390,400,440,440,440,440,513,465,200,233.14260249831722,90.22900002310053,2096.14637499908,144.03898635477583
1777169427,64,,Aggregated,107.200000,59.000000,200,210,240,260,310,340,400,420,440,460,460,10956,5886,190,196.74954384661388,83.18829099880531,2622.967000002973,118.87002555677255
1777169428,64,GET,bulk_update_departures,5.000000,4.600000,210,220,230,280,300,320,330,340,340,340,340,515,476,210,240.8154411200158,93.04575002170168,1839.6333749988116,146.84077669902913
1777169428,64,GET,large_scan,10.800000,10.800000,200,220,230,230,300,310,340,370,380,380,380,993,993,210,232.50794292722213,84.83700000215322,2590.0067079928704,147.63444108761328
1777169428,64,GET,next_departures,39.400000,39.400000,200,220,240,260,300,330,350,360,420,420,420,4009,4009,210,232.8072229052062,87.14187500299886,2490.195207996294,152.20129708156648
1777169428,64,GET,point_read,46.600000,0.000000,110,160,190,200,260,290,320,330,350,350,350,5035,0,120,151.6934233857388,83.18829099880531,2622.967000002973,81.22085402184707
1777169428,64,GET,trips_per_route,4.900000,4.500000,200,210,220,270,320,340,360,440,440,440,440,517,469,200,232.82706253702312,90.22900002310053,2096.14637499908,144.08510638297872
1777169428,64,,Aggregated,106.700000,59.300000,190,200,220,240,280,310,340,350,420,440,440,11069,5947,190,196.25733798982222,83.18829099880531,2622.967000002973,118.87595988797543
1777169429,64,GET,bulk_update_departures,5.200000,4.900000,210,220,220,230,280,320,330,340,340,340,340,519,480,210,240.5693768666629,93.04575002170168,1839.6333749988116,146.8651252408478
1777169429,64,GET,large_scan,11.200000,11.200000,200,210,220,230,270,310,340,370,380,380,380,1005,1005,210,232.21762880766346,84.83700000215322,2590.0067079928704,147.66268656716417
1777169429,64,GET,next_departures,39.800000,39.800000,200,210,230,240,290,320,340,360,420,420,420,4044,4044,210,232.48906534494296,87.14187500299886,2490.195207996294,152.2007912957468
1777169429,64,GET,point_read,46.000000,0.000000,110,130,170,180,230,270,310,330,350,350,350,5081,0,110,151.3739797367385,83.18829099880531,2622.967000002973,81.22101948435348
1777169429,64,GET,trips_per_route,5.300000,4.800000,200,210,220,240,320,340,360,440,440,440,440,521,473,200,232.5944360165728,90.22900002310053,2096.14637499908,144.13051823416507
1777169429,64,,Aggregated,107.500000,60.700000,190,200,210,220,270,310,330,350,420,440,440,11170,6002,190,195.94743921284228,83.18829099880531,2622.967000002973,118.88093106535362
1777169430,64,GET,bulk_update_departures,5.300000,5.000000,210,220,240,260,330,340,340,490,490,490,490,527,487,210,241.64958374533472,93.04575002170168,1839.6333749988116,146.83301707779887
1777169430,64,GET,large_scan,11.000000,11.000000,200,210,220,230,300,360,380,380,510,510,510,1016,1016,210,232.8799779712627,84.83700000215322,2590.0067079928704,147.63484251968504
1777169430,64,GET,next_departures,39.500000,39.500000,200,220,240,260,300,330,360,390,440,440,440,4085,4085,210,233.05473414024868,87.14187500299886,2490.195207996294,152.19094247246022
1777169430,64,GET,point_read,45.400000,0.000000,110,130,160,190,230,270,310,330,350,350,350,5127,0,120,151.97891747074422,83.18829099880531,2622.967000002973,81.22215720694363
1777169430,64,GET,trips_per_route,5.800000,5.300000,200,210,240,270,330,360,440,510,510,510,510,526,477,200,233.42007921035702,90.22900002310053,2096.14637499908,144.06653992395437
1777169430,64,,Aggregated,107.000000,60.800000,190,200,220,230,280,320,340,370,510,510,510,11281,6065,190,196.61012753768838,83.18829099880531,2622.967000002973,118.89752681499867
1777169431,64,GET,bulk_update_departures,5.200000,4.800000,210,220,240,280,330,340,340,490,490,490,490,530,489,210,241.91893382033086,93.04575002170168,1839.6333749988116,146.77169811320755
1777169431,64,GET,large_scan,10.700000,10.700000,200,210,220,240,310,360,370,380,510,510,510,1023,1023,210,233.10633178078638,84.83700000215322,2590.0067079928704,147.62463343108504
1777169431,64,GET,next_departures,40.300000,40.300000,200,220,240,260,310,330,360,380,440,440,440,4118,4118,210,233.33176513765173,87.14187500299886,2490.195207996294,152.19766877124817
1777169431,64,GET,point_read,46.100000,0.000000,110,130,170,180,240,270,310,320,340,340,340,5174,0,120,152.7088468137888,83.18829099880531,2622.967000002973,81.22342481638964
1777169431,64,GET,trips_per_route,5.600000,5.200000,200,210,220,260,320,330,510,510,510,510,510,528,479,200,233.761755124347,90.22900002310053,2096.14637499908,144.08901515151516
1777169431,64,,Aggregated,107.900000,61.000000,190,200,220,230,280,320,340,370,510,510,510,11373,6109,190,197.05326662213724,83.18829099880531,2622.967000002973,118.86819660599666
1777169432,64,GET,bulk_update_departures,5.500000,5.200000,210,220,260,280,330,340,390,490,490,490,490,536,494,210,242.33351447531535,93.04575002170168,1839.6333749988116,146.7294776119403
1777169432,64,GET,large_scan,11.000000,11.000000,200,210,240,270,310,340,370,380,510,510,510,1038,1038,210,233.63031385905424,84.83700000215322,2590.0067079928704,147.63294797687863
1777169432,64,GET,next_departures,40.700000,40.700000,200,210,230,240,300,330,360,390,440,440,440,4150,4150,210,233.6428929125071,87.14187500299886,2490.195207996294,152.19277108433735
1777169432,64,GET,point_read,47.600000,0.000000,110,130,180,210,260,290,310,320,340,340,340,5204,0,120,153.28845375375747,83.18829099880531,2622.967000002973,81.22405841660262
1777169432,64,GET,trips_per_route,5.500000,5.100000,200,210,260,270,300,330,470,510,510,510,510,536,487,200,234.82960571579238,90.22900002310053,2096.14637499908,144.17723880597015
1777169432,64,,Aggregated,110.300000,62.000000,190,200,220,240,290,320,350,380,510,510,510,11464,6169,190,197.62725201758442,83.18829099880531,2622.967000002973,118.9339672016748
1777169433,64,GET,bulk_update_departures,5.700000,5.300000,210,220,270,280,330,380,390,490,490,490,490,537,495,210,242.58141551909057,93.04575002170168,1839.6333749988116,146.73556797020484
1777169433,64,GET,large_scan,11.100000,11.100000,200,220,250,270,330,360,410,500,510,510,510,1049,1049,210,234.04670034284865,84.83700000215322,2590.0067079928704,147.63203050524308
1777169433,64,GET,next_departures,40.900000,40.900000,200,220,250,270,320,340,400,440,510,510,510,4184,4184,210,233.98297774354148,87.14187500299886,2490.195207996294,152.19885277246655
1777169433,64,GET,point_read,47.000000,0.000000,120,170,210,230,280,310,320,360,400,400,400,5251,0,120,153.9676333076532,83.18829099880531,2622.967000002973,81.22300514187774
1777169433,64,GET,trips_per_route,5.400000,4.900000,200,230,270,280,330,470,510,590,590,590,590,543,493,200,236.20527892377362,90.22900002310053,2096.14637499908,144.13259668508286
1777169433,64,,Aggregated,110.100000,62.200000,200,210,240,260,310,330,390,440,510,590,590,11564,6221,190,198.15889801335803,83.18829099880531,2622.967000002973,118.92329643721895
1777169434,64,GET,bulk_update_departures,5.700000,5.200000,220,240,280,290,330,380,390,490,490,490,490,539,497,210,242.49391513871217,93.04575002170168,1839.6333749988116,146.74768089053802
1777169434,64,GET,large_scan,11.400000,11.400000,210,240,270,300,330,370,410,500,510,510,510,1057,1057,210,234.4924088529718,84.83700000215322,2590.0067079928704,147.64995269631032
1777169434,64,GET,next_departures,41.000000,41.000000,210,240,270,300,330,360,400,440,510,510,510,4237,4237,210,234.3389657889779,87.14187500299886,2490.195207996294,152.19494925654945
1777169434,64,GET,point_read,45.200000,0.000000,130,180,220,230,280,310,320,360,400,400,400,5291,0,120,153.8492491259499,83.18829099880531,2622.967000002973,81.22226422226423
1777169434,64,GET,trips_per_route,5.300000,5.000000,210,260,280,300,350,470,510,590,590,590,590,548,498,200,236.4175641653468,90.22900002310053,2096.14637499908,144.18613138686132
1777169434,64,,Aggregated,108.600000,62.600000,200,220,250,270,320,340,390,440,510,590,590,11672,6289,190,198.34048121600964,83.18829099880531,2622.967000002973,118.98337902673063
1777169435,64,GET,bulk_update_departures,5.600000,5.200000,220,260,280,300,340,380,490,490,490,490,490,541,499,210,242.32611500514136,93.04575002170168,1839.6333749988116,146.75970425138632
1777169435,64,GET,large_scan,11.500000,11.500000,210,240,270,300,340,370,410,500,510,510,510,1064,1064,210,234.1361253050384,84.83700000215322,2590.0067079928704,147.64003759398497
1777169435,64,GET,next_departures,38.300000,38.300000,210,240,270,300,330,360,400,440,510,510,510,4276,4276,210,233.93454157995868,87.14187500299886,2490.195207996294,152.1866230121609
1777169435,64,GET,point_read,45.000000,0.000000,120,180,210,230,280,310,320,360,400,400,400,5357,0,120,153.1802259894221,83.18829099880531,2622.967000002973,81.22363263020347
1777169435,64,GET,trips_per_route,5.200000,4.900000,200,260,280,300,350,470,510,590,590,590,590,555,504,200,235.6749561488385,90.22900002310053,2096.14637499908,144.14414414414415
1777169435,64,,Aggregated,105.600000,59.900000,200,220,250,270,320,340,390,440,510,590,590,11793,6343,190,197.7367452409212,83.18829099880531,2622.967000002973,118.91384719749004
1777169436,64,GET,bulk_update_departures,5.600000,5.200000,210,250,270,280,330,380,490,490,490,490,490,549,507,210,241.85797398324033,93.04575002170168,1839.6333749988116,146.80692167577413
1777169436,64,GET,large_scan,12.100000,12.100000,210,250,290,310,350,380,500,510,510,510,510,1070,1070,210,233.9597582070986,84.83700000215322,2590.0067079928704,147.65327102803738
1777169436,64,GET,next_departures,38.300000,38.300000,210,230,270,290,330,350,400,440,510,510,510,4321,4321,210,233.44954855123265,85.09375000721775,2490.195207996294,152.19856514695672
1777169436,64,GET,point_read,43.800000,0.000000,120,160,200,220,270,310,320,360,400,400,400,5415,0,120,152.69214917682257,83.18829099880531,2622.967000002973,81.22271468144044
1777169436,64,GET,trips_per_route,5.900000,5.500000,210,260,280,300,350,470,510,590,590,590,590,557,506,200,235.51392728114615,90.22900002310053,2096.14637499908,144.16517055655297
1777169436,64,,Aggregated,105.700000,61.100000,200,220,240,260,310,340,390,440,510,590,590,11912,6404,190,197.26844472602087,83.18829099880531,2622.967000002973,118.90169576897246
1777169437,64,GET,bulk_update_departures,5.100000,4.700000,220,260,280,300,340,390,490,490,490,490,490,551,508,210,241.51450409771564,93.04575002170168,1839.6333749988116,146.74228675136115
1777169437,64,GET,large_scan,11.600000,11.600000,220,250,290,310,350,380,500,510,510,510,510,1080,1080,210,233.63124262185818,84.83700000215322,2590.0067079928704,147.675
1777169437,64,GET,next_departures,39.300000,39.300000,210,230,260,290,330,350,400,440,510,510,510,4373,4373,210,233.00661352775495,85.09375000721775,2490.195207996294,152.18385547678938
1777169437,64,GET,point_read,44.600000,0.000000,120,160,200,220,270,310,320,360,400,400,400,5466,0,120,152.23767106634634,83.18829099880531,2622.967000002973,81.22264910354922
1777169437,64,GET,trips_per_route,5.700000,5.400000,200,260,280,300,350,470,510,590,590,590,590,564,513,200,234.96643032202437,90.22900002310053,2096.14637499908,144.23758865248226
1777169437,64,,Aggregated,106.300000,61.000000,200,220,240,260,310,340,390,440,510,590,590,12034,6474,190,196.85776396016195,83.18829099880531,2622.967000002973,118.9261259764002
1777169438,64,GET,bulk_update_departures,5.100000,4.700000,230,260,280,300,340,390,490,490,490,490,490,554,510,210,241.19816562605288,93.04575002170168,1839.6333749988116,146.6841155234657
1777169438,64,GET,large_scan,10.300000,10.300000,210,240,290,310,350,380,500,510,510,510,510,1093,1093,210,233.27840369403293,84.83700000215322,2590.0067079928704,147.6779505946935
1777169438,64,GET,next_departures,39.000000,39.000000,210,240,270,290,330,350,400,440,510,510,510,4411,4411,210,232.76072926545507,85.09375000721775,2490.195207996294,152.1933801858989
1777169438,64,GET,point_read,46.600000,0.000000,120,170,200,220,270,310,320,360,400,400,400,5520,0,120,151.9325902638651,83.18829099880531,2622.967000002973,81.2231884057971
1777169438,64,GET,trips_per_route,5.700000,5.300000,210,270,280,320,430,470,590,590,590,590,590,568,516,200,234.54810796937008,90.22900002310053,2096.14637499908,144.16549295774647
1777169438,64,,Aggregated,106.700000,59.300000,200,220,250,270,310,340,390,440,510,590,590,12146,6530,190,196.5417322054558,83.18829099880531,2622.967000002973,118.9064712662605
1777169439,64,GET,bulk_update_departures,4.700000,4.300000,200,260,270,290,340,390,490,490,490,490,490,560,516,210,240.67510418182272,93.04575002170168,1839.6333749988116,146.71964285714284
1777169439,64,GET,large_scan,9.400000,9.400000,210,240,270,310,340,370,500,510,510,510,510,1105,1105,210,232.84714372907092,84.83700000215322,2590.0067079928704,147.6787330316742
1777169439,64,GET,next_departures,39.600000,39.600000,210,230,260,290,330,350,400,440,510,510,510,4445,4445,210,232.47491382630108,85.09375000721775,2490.195207996294,152.1822272215973
1777169439,64,GET,point_read,47.600000,0.000000,110,150,200,220,270,310,320,360,400,400,400,5579,0,110,151.42660152762846,83.18829099880531,2622.967000002973,81.22333751568381
1777169439,64,GET,trips_per_route,5.600000,5.300000,220,260,280,320,430,470,590,590,590,590,590,572,520,200,234.4399367580113,90.22900002310053,2096.14637499908,144.2062937062937
1777169439,64,,Aggregated,106.900000,58.600000,190,210,240,260,310,340,390,440,510,590,590,12261,6586,190,196.09606050636714,83.18829099880531,2622.967000002973,118.86705815186363
1777169440,64,GET,bulk_update_departures,4.000000,3.500000,200,220,250,260,300,380,390,390,390,390,390,566,522,210,240.25755772926982,93.04575002170168,1839.6333749988116,146.75441696113074
1777169440,64,GET,large_scan,9.300000,9.300000,200,230,240,270,330,350,410,500,500,500,500,1114,1114,210,232.4078990005649,84.83700000215322,2590.0067079928704,147.64901256732495
1777169440,64,GET,next_departures,40.500000,40.500000,200,220,230,250,310,330,380,440,510,510,510,4483,4483,210,232.19822049069649,85.09375000721775,2490.195207996294,152.1804595137185
1777169440,64,GET,point_read,48.200000,0.000000,110,130,150,180,240,290,320,360,400,400,400,5638,0,110,151.05070743166277,83.18829099880531,2622.967000002973,81.22277403334516
1777169440,64,GET,trips_per_route,5.200000,4.900000,200,240,270,300,350,460,590,590,590,590,590,576,524,200,234.15699499582843,90.22900002310053,2096.14637499908,144.24652777777777
1777169440,64,,Aggregated,107.200000,58.200000,190,200,220,230,290,330,370,410,510,590,590,12377,6643,190,195.71229839528905,83.18829099880531,2622.967000002973,118.83243112224287
1777169441,64,GET,bulk_update_departures,3.900000,3.400000,200,210,230,250,290,380,390,390,390,390,390,570,526,210,240.25050754344352,93.04575002170168,1839.6333749988116,146.77719298245614
1777169441,64,GET,large_scan,9.800000,9.800000,200,230,240,260,330,350,410,500,500,500,500,1124,1124,210,232.5409920931213,84.83700000215322,2590.0067079928704,147.64590747330962
1777169441,64,GET,next_departures,39.500000,39.500000,200,220,230,250,310,330,380,440,510,510,510,4515,4515,210,232.2372060178744,85.09375000721775,2490.195207996294,152.18715393133996
1777169441,64,GET,point_read,48.800000,0.000000,110,120,140,160,220,260,310,340,400,400,400,5681,0,120,151.02616577200024,83.18829099880531,2622.967000002973,81.22179193803908
1777169441,64,GET,trips_per_route,5.200000,4.800000,200,220,240,260,350,460,590,590,590,590,590,577,525,200,234.14079894730781,90.22900002310053,2096.14637499908,144.25649913344887
1777169441,64,,Aggregated,107.200000,57.500000,190,200,210,220,270,330,370,410,510,590,590,12467,6690,190,195.71258027805067,83.18829099880531,2622.967000002973,118.82561963583862
1777169442,64,GET,bulk_update_departures,3.700000,3.200000,200,210,220,230,280,340,380,380,380,380,380,574,530,210,240.47444005357264,93.04575002170168,1839.6333749988116,146.79965156794424
1777169442,64,GET,large_scan,9.600000,9.600000,200,220,240,250,320,350,410,500,500,500,500,1135,1135,210,232.72023075124318,84.83700000215322,2590.0067079928704,147.64493392070486
1777169442,64,GET,next_departures,39.400000,39.400000,200,220,240,260,320,340,370,400,510,510,510,4554,4554,210,232.69488907239793,85.09375000721775,2490.195207996294,152.20136144049187
1777169442,64,GET,point_read,50.600000,0.000000,110,130,150,170,210,270,310,310,400,400,400,5732,0,120,151.78440126374701,83.18829099880531,2622.967000002973,81.2212142358688
1777169442,64,GET,trips_per_route,5.100000,4.700000,200,210,230,240,340,430,590,590,590,590,590,579,525,200,234.03174624624918,90.22900002310053,2096.14637499908,144.05699481865284
1777169442,64,,Aggregated,108.400000,56.900000,190,200,210,220,280,320,360,400,510,590,590,12574,6744,190,196.2299096905904,83.18829099880531,2622.967000002973,118.81135676793383
1777169443,64,GET,bulk_update_departures,4.100000,3.700000,200,220,220,250,270,290,520,520,520,520,520,578,534,210,241.02425614143698,93.04575002170168,1839.6333749988116,146.82179930795849
1777169443,64,GET,large_scan,9.700000,9.700000,200,220,230,250,300,340,390,430,430,430,430,1146,1146,210,233.30757924836365,84.83700000215322,2590.0067079928704,147.62041884816753
1777169443,64,GET,next_departures,39.600000,39.600000,200,220,240,250,310,340,360,410,460,460,460,4584,4584,210,233.21000125429595,85.09375000721775,2490.195207996294,152.18695462478186
1777169443,64,GET,point_read,51.300000,0.000000,110,130,160,190,240,280,320,340,350,350,350,5786,0,120,152.7403170587353,83.18829099880531,2622.967000002973,81.22035948842033
1777169443,64,GET,trips_per_route,5.100000,4.800000,200,200,210,210,230,260,510,510,510,510,510,581,527,200,234.45838151388222,90.22900002310053,2096.14637499908,144.0774526678141
1777169443,64,,Aggregated,109.800000,57.800000,190,200,220,230,280,320,350,370,510,520,520,12675,6791,190,196.89885173802523,83.18829099880531,2622.967000002973,118.76220907297831
1777169444,64,GET,bulk_update_departures,4.200000,3.900000,200,220,250,260,290,340,520,520,520,520,520,583,539,210,241.24286908363425,93.04575002170168,1839.6333749988116,146.8490566037736
1777169444,64,GET,large_scan,9.800000,9.800000,210,230,250,270,320,350,410,430,430,430,430,1153,1153,210,233.71429635268467,84.83700000215322,2590.0067079928704,147.63486556808326
1777169444,64,GET,next_departures,40.700000,40.700000,210,230,250,280,330,350,390,410,460,460,460,4622,4622,210,233.69705119597776,85.09375000721775,2490.195207996294,152.20683686715708
1777169444,64,GET,point_read,51.500000,0.000000,120,150,200,210,270,300,340,340,390,390,390,5830,0,120,153.33628549893393,83.18829099880531,2622.967000002973,81.21921097770155
1777169444,64,GET,trips_per_route,4.500000,4.200000,200,200,210,210,240,420,510,510,510,510,510,583,529,200,234.76567472998966,90.22900002310053,2096.14637499908,144.09777015437393
1777169444,64,,Aggregated,110.700000,58.600000,190,210,220,240,300,340,360,390,510,520,520,12771,6843,190,197.40692818295963,83.18829099880531,2622.967000002973,118.77323623835252
1777169445,64,GET,bulk_update_departures,3.900000,3.700000,210,250,270,280,320,350,520,520,520,520,520,586,542,210,241.48951224532175,93.04575002170168,1839.6333749988116,146.86518771331058
1777169445,64,GET,large_scan,9.900000,9.900000,210,240,270,290,320,350,410,430,430,430,430,1164,1164,210,234.10474680293322,84.83700000215322,2590.0067079928704,147.61082474226805
1777169445,64,GET,next_departures,40.700000,40.700000,210,250,280,300,340,350,390,410,460,460,460,4660,4660,210,234.13822757593076,85.09375000721775,2490.195207996294,152.19957081545064
1777169445,64,GET,point_read,52.900000,0.000000,120,170,210,220,270,300,340,350,390,390,390,5866,0,120,153.46054842221696,83.18829099880531,2622.967000002973,81.21905898397546
1777169445,64,GET,trips_per_route,4.300000,3.800000,200,210,230,260,340,420,510,510,510,510,510,588,534,200,235.2921223665566,90.22900002310053,2096.14637499908,144.14795918367346
1777169445,64,,Aggregated,111.700000,58.100000,200,220,240,270,310,340,370,390,510,520,520,12864,6900,190,197.733695969719,83.18829099880531,2622.967000002973,118.80612562189054
1777169446,64,GET,bulk_update_departures,4.100000,3.900000,210,250,270,280,320,350,520,520,520,520,520,589,545,210,241.41031035609703,93.04575002170168,1839.6333749988116,146.8811544991511
1777169446,64,GET,large_scan,9.200000,9.200000,220,250,270,290,320,350,390,410,430,430,430,1178,1178,210,233.79933381805367,84.83700000215322,2590.0067079928704,147.59337860780985
1777169446,64,GET,next_departures,39.500000,39.500000,220,260,290,300,340,350,390,410,460,460,460,4700,4700,210,233.8813037678297,85.09375000721775,2490.195207996294,152.1968085106383
1777169446,64,GET,point_read,53.200000,0.000000,130,170,210,220,270,300,340,350,390,390,390,5921,0,120,153.10429039396914,81.50870798272081,2622.967000002973,81.21921972639757
1777169446,64,GET,trips_per_route,3.600000,3.200000,210,230,260,270,340,420,510,510,510,510,510,593,539,200,235.2922215304808,90.22900002310053,2096.14637499908,144.1973018549747
1777169446,64,,Aggregated,109.600000,55.800000,200,220,250,270,310,340,370,390,510,520,520,12981,6962,190,197.43526743212917,81.50870798272081,2622.967000002973,118.79755026577305
1777169447,64,GET,bulk_update_departures,4.400000,4.200000,220,250,270,280,320,350,520,520,520,520,520,592,548,210,241.23179020229932,93.04575002170168,1839.6333749988116,146.89695945945945
1777169447,64,GET,large_scan,9.500000,9.500000,220,250,270,290,320,350,390,410,430,430,430,1185,1185,210,233.6266156006015,84.83700000215322,2590.0067079928704,147.60759493670886
1777169447,64,GET,next_departures,37.600000,37.600000,210,260,290,300,340,350,390,410,460,460,460,4748,4748,210,233.54220246287124,85.09375000721775,2490.195207996294,152.19039595619208
1777169447,64,GET,point_read,52.200000,0.000000,130,170,210,220,270,300,340,350,390,390,390,5970,0,120,152.74661380647572,81.50870798272081,2622.967000002973,81.21926298157454
1777169447,64,GET,trips_per_route,3.300000,2.900000,210,220,230,260,340,420,510,510,510,510,510,604,548,200,234.5125477940086,90.22900002310053,2096.14637499908,144.091059602649
1777169447,64,,Aggregated,107.000000,54.200000,200,220,240,270,310,340,370,390,510,520,520,13099,7029,190,197.11871134227218,81.50870798272081,2622.967000002973,118.81731429880143
1777169448,64,GET,bulk_update_departures,4.200000,4.000000,220,250,270,270,310,340,520,520,520,520,520,599,555,210,240.87042266237495,93.04575002170168,1839.6333749988116,146.93322203672787
1777169448,64,GET,large_scan,10.400000,10.400000,220,250,270,290,320,350,410,430,430,430,430,1196,1196,210,233.15790627399159,84.83700000215322,2590.0067079928704,147.58444816053512
1777169448,64,GET,next_departures,38.200000,38.200000,210,250,280,300,340,350,390,410,460,460,460,4789,4789,210,233.22218290240042,85.09375000721775,2490.195207996294,152.18208394236794
1777169448,64,GET,point_read,51.000000,0.000000,130,170,210,220,270,300,340,350,390,390,390,6018,0,120,152.3347431536575,81.50870798272081,2622.967000002973,81.21950814223995
1777169448,64,GET,trips_per_route,3.500000,3.200000,210,220,220,230,310,350,510,510,510,510,510,615,558,200,233.68286448720147,88.26245798263699,2096.14637499908,144.0910569105691
1777169448,64,,Aggregated,107.300000,55.800000,200,220,240,270,310,340,370,390,510,520,520,13217,7098,190,196.75453725931686,81.50870798272081,2622.967000002973,118.84081107664372
1777169449,64,GET,bulk_update_departures,4.100000,3.900000,220,240,260,270,310,340,520,520,520,520,520,605,561,210,240.50854381774207,93.04575002170168,1839.6333749988116,146.96363636363637
1777169449,64,GET,large_scan,10.500000,10.500000,220,240,270,280,320,350,390,410,430,430,430,1209,1209,210,232.7969924398876,84.83700000215322,2590.0067079928704,147.58808933002481
1777169449,64,GET,next_departures,37.900000,37.900000,220,250,280,300,340,350,390,410,460,460,460,4823,4823,210,233.01108491450188,85.09375000721775,2490.195207996294,152.17188471905453
1777169449,64,GET,point_read,50.200000,0.000000,130,170,210,220,270,300,340,350,390,390,390,6069,0,120,152.00022006107028,81.50870798272081,2622.967000002973,81.21914648212226
1777169449,64,GET,trips_per_route,3.400000,3.100000,200,210,220,220,310,350,510,510,510,510,510,622,563,200,233.12268789167555,88.26245798263699,2096.14637499908,143.95176848874598
1777169449,64,,Aggregated,106.100000,55.400000,200,220,240,270,310,340,370,390,510,520,520,13328,7156,190,196.44833004437686,81.50870798272081,2622.967000002973,118.82720588235294
1777169450,64,GET,bulk_update_departures,4.200000,4.100000,220,250,270,270,310,340,520,520,520,520,520,610,564,210,239.93354277331267,93.04575002170168,1839.6333749988116,146.85081967213114
1777169450,64,GET,large_scan,10.400000,10.400000,220,250,270,280,320,350,390,410,430,430,430,1218,1218,210,232.52570267632618,84.83700000215322,2590.0067079928704,147.58374384236453
1777169450,64,GET,next_departures,37.400000,37.400000,220,250,280,300,340,350,390,410,460,460,460,4861,4861,210,232.8137009369766,85.09375000721775,2490.195207996294,152.16519234725365
1777169450,64,GET,point_read,50.500000,0.000000,130,170,210,220,270,300,340,350,390,390,390,6128,0,120,151.63761157941676,81.50870798272081,2622.967000002973,81.21785248041776
1777169450,64,GET,trips_per_route,4.400000,3.900000,200,210,220,220,310,350,420,510,510,510,510,624,565,200,233.0421490282438,88.26245798263699,2096.14637499908,143.97115384615384
1777169450,64,,Aggregated,106.900000,55.800000,200,220,240,270,310,340,370,390,510,520,520,13441,7208,190,196.11165478449618,81.50870798272081,2622.967000002973,118.78223346477196
1777169451,64,GET,bulk_update_departures,4.400000,4.400000,210,230,250,270,310,340,520,520,520,520,520,617,570,210,239.31069733815363,93.04575002170168,1839.6333749988116,146.81847649918961
1777169451,64,GET,large_scan,10.200000,10.200000,210,240,260,270,320,350,410,430,430,430,430,1225,1225,210,232.31582461366887,84.83700000215322,2590.0067079928704,147.59755102040816
1777169451,64,GET,next_departures,37.700000,37.700000,210,230,260,280,330,350,380,410,460,460,460,4913,4913,210,232.34709735283906,85.09375000721775,2490.195207996294,152.16262975778545
1777169451,64,GET,point_read,49.900000,0.000000,120,150,190,210,270,300,340,350,390,390,390,6177,0,120,151.23668049629458,81.50870798272081,2622.967000002973,81.21790513194107
1777169451,64,GET,trips_per_route,4.600000,4.100000,200,210,220,220,310,350,420,510,510,510,510,630,571,200,232.6923389438196,88.26245798263699,2096.14637499908,144.02857142857144
1777169451,64,,Aggregated,106.800000,56.400000,200,210,230,250,300,340,360,390,510,520,520,13562,7279,190,195.73425922902925,81.50870798272081,2622.967000002973,118.81654623211915
1777169452,64,GET,bulk_update_departures,4.500000,4.500000,210,220,240,260,280,320,520,520,520,520,520,621,574,210,239.12088695430646,93.04575002170168,1839.6333749988116,146.8389694041868
1777169452,64,GET,large_scan,10.400000,10.400000,210,230,240,260,300,350,410,430,430,430,430,1230,1230,210,232.09309538190323,84.83700000215322,2590.0067079928704,147.58536585365854
1777169452,64,GET,next_departures,38.000000,38.000000,200,220,250,280,320,350,380,410,460,460,460,4947,4947,210,232.1886311494802,85.09375000721775,2490.195207996294,152.1629270264807
1777169452,64,GET,point_read,48.900000,0.000000,110,130,150,180,230,280,340,350,390,390,390,6220,0,120,150.98212029865584,81.50870798272081,2622.967000002973,81.21832797427653
1777169452,64,GET,trips_per_route,4.900000,4.200000,200,210,220,220,310,350,420,510,510,510,510,638,579,200,232.39795440222395,88.26245798263699,2096.14637499908,144.10344827586206
1777169452,64,,Aggregated,106.700000,57.100000,190,210,220,230,290,340,360,390,510,520,520,13656,7330,190,195.5173125059384,81.50870798272081,2622.967000002973,118.8183216168717
1777169453,64,GET,bulk_update_departures,4.400000,4.200000,210,220,240,260,310,350,370,370,370,370,370,625,578,210,239.55837534493767,93.04575002170168,1839.6333749988116,146.8592
1777169453,64,GET,large_scan,10.300000,10.300000,210,240,250,260,330,360,400,410,410,410,410,1242,1242,210,232.773129318676,84.83700000215322,2590.0067079928704,147.56521739130434
1777169453,64,GET,next_departures,37.800000,37.800000,210,220,250,270,320,350,380,390,410,410,410,4991,4991,210,232.71596525436482,85.09375000721775,2490.195207996294,152.16890402724906
1777169453,64,GET,point_read,48.900000,0.000000,110,130,150,170,210,270,310,330,390,390,390,6266,0,120,151.48607274873797,81.50870798272081,2622.967000002973,81.21879987232684
1777169453,64,GET,trips_per_route,4.800000,4.100000,200,210,220,230,310,350,360,420,420,420,420,641,582,200,232.68015534417594,88.26245798263699,2096.14637499908,144.13104524180966
1777169453,64,,Aggregated,106.200000,56.400000,190,210,220,230,290,330,360,380,410,420,420,13765,7393,190,196.05327317167576,81.50870798272081,2622.967000002973,118.84075553941155
1777169454,64,GET,bulk_update_departures,4.600000,4.300000,210,220,240,260,320,320,370,370,370,370,370,630,583,210,239.71666356914542,93.04575002170168,1839.6333749988116,146.884126984127
1777169454,64,GET,large_scan,10.000000,10.000000,210,230,250,280,320,340,360,380,400,400,400,1258,1258,210,233.17386969142103,84.83700000215322,2590.0067079928704,147.57472178060414
1777169454,64,GET,next_departures,38.400000,38.400000,200,220,240,260,300,330,360,380,410,410,410,5021,5021,210,232.84158906802824,85.09375000721775,2490.195207996294,152.16092411870144
1777169454,64,GET,point_read,49.100000,0.000000,110,130,140,170,230,260,300,310,330,330,330,6302,0,120,151.98337537188408,81.50870798272081,2622.967000002973,81.21929546175818
1777169454,64,GET,trips_per_route,5.700000,5.000000,200,210,220,220,290,310,350,360,360,360,360,645,585,200,232.48821252031078,88.26245798263699,2096.14637499908,144.06821705426356
1777169454,64,,Aggregated,107.800000,57.700000,190,210,220,230,280,320,350,360,410,410,410,13856,7447,190,196.39188607824363,81.50870798272081,2622.967000002973,118.86215357967667
1777169455,64,GET,bulk_update_departures,4.800000,4.500000,210,220,230,240,320,320,370,370,370,370,370,632,583,210,239.79908182689863,93.04575002170168,1839.6333749988116,146.7594936708861
1777169455,64,GET,large_scan,9.800000,9.800000,210,220,240,250,320,340,380,400,400,400,400,1269,1269,210,233.25788401950877,84.83700000215322,2590.0067079928704,147.5531914893617
1777169455,64,GET,next_departures,40.000000,40.000000,200,220,230,240,290,320,350,380,410,410,410,5062,5062,210,232.9777764473751,85.09375000721775,2490.195207996294,152.17305412880285
1777169455,64,GET,point_read,49.600000,0.000000,110,130,170,200,240,280,310,320,330,330,330,6358,0,120,152.61460309336056,81.50870798272081,2622.967000002973,81.21862220824158
1777169455,64,GET,trips_per_route,5.900000,5.400000,200,210,220,220,240,290,300,360,360,360,360,649,589,200,232.65795934916108,88.26245798263699,2096.14637499908,144.10477657935286
1777169455,64,,Aggregated,110.100000,59.700000,190,210,220,230,280,310,330,360,410,410,410,13970,7503,190,196.7222219754583,81.50870798272081,2622.967000002973,118.8410164638511
1777169456,64,GET,bulk_update_departures,4.700000,4.400000,210,220,240,270,320,320,370,370,370,370,370,634,585,210,239.9717866823559,93.04575002170168,1839.6333749988116,146.76971608832807
1777169456,64,GET,large_scan,10.000000,10.000000,210,230,260,290,330,340,380,400,400,400,400,1276,1276,210,233.546981997444,84.83700000215322,2590.0067079928704,147.5666144200627
1777169456,64,GET,next_departures,40.400000,40.400000,210,230,250,260,310,330,360,380,410,410,410,5099,5099,210,233.1919330016933,85.09375000721775,2490.195207996294,152.1572857423024
1777169456,64,GET,point_read,48.200000,0.000000,120,150,190,210,240,280,310,320,330,330,330,6406,0,120,152.65355124285225,81.50870798272081,2622.967000002973,81.21682797377458
1777169456,64,GET,trips_per_route,6.200000,5.700000,200,210,220,220,280,300,350,360,360,360,360,650,590,200,232.83606998864204,88.26245798263699,2096.14637499908,144.11384615384614
1777169456,64,,Aggregated,109.500000,60.500000,190,210,230,240,290,320,340,370,410,410,410,14065,7550,190,196.83155513084307,81.50870798272081,2622.967000002973,118.81592605758976
1777169457,64,GET,bulk_update_departures,4.700000,4.400000,210,220,240,290,320,320,370,370,370,370,370,638,589,210,239.80695991161963,93.04575002170168,1839.6333749988116,146.78996865203763
1777169457,64,GET,large_scan,10.700000,10.700000,210,240,290,300,330,340,380,400,400,400,400,1286,1286,210,233.68618201453913,84.83700000215322,2590.0067079928704,147.5855365474339
1777169457,64,GET,next_departures,40.200000,40.200000,210,230,260,270,320,330,360,380,410,410,410,5139,5139,210,233.14686252202273,85.09375000721775,2490.195207996294,152.16968281766881
1777169457,64,GET,point_read,48.900000,0.000000,120,160,190,200,240,280,310,320,330,330,330,6469,0,120,152.4185104938505,81.50870798272081,2622.967000002973,81.21657134023806
1777169457,64,GET,trips_per_route,6.400000,5.800000,200,210,220,230,290,320,360,360,360,360,360,655,595,200,232.827751388736,88.26245798263699,2096.14637499908,144.1587786259542
1777169457,64,,Aggregated,110.900000,61.100000,190,210,230,240,290,320,340,370,410,410,410,14187,7609,190,196.6699456220005,81.50870798272081,2622.967000002973,118.78910269965462
1777169458,64,GET,bulk_update_departures,4.400000,3.900000,200,210,240,290,320,320,370,370,370,370,370,643,594,210,239.4553663260318,93.04575002170168,1839.6333749988116,146.8149300155521
1777169458,64,GET,large_scan,10.100000,10.100000,210,250,290,300,330,340,380,400,400,400,400,1295,1295,210,233.32505922368549,84.83700000215322,2590.0067079928704,147.5814671814672
1777169458,64,GET,next_departures,39.800000,39.800000,210,230,250,270,320,330,360,380,410,410,410,5189,5189,210,232.71672162359027,85.09375000721775,2490.195207996294,152.1632299094238
1777169458,64,GET,point_read,48.800000,0.000000,120,160,190,210,240,280,310,320,330,330,330,6516,0,120,152.06223365678537,81.50870798272081,2622.967000002973,81.21685082872928
1777169458,64,GET,trips_per_route,5.900000,5.300000,200,210,230,240,290,320,360,360,360,360,360,658,598,200,232.6614539523161,88.26245798263699,2096.14637499908,144.1854103343465
1777169458,64,,Aggregated,109.000000,59.100000,190,210,230,240,290,320,340,370,410,410,410,14301,7676,190,196.32344395184634,81.50870798272081,2622.967000002973,118.81532759946857
1777169459,64,GET,bulk_update_departures,4.500000,4.000000,200,210,240,290,320,320,370,370,370,370,370,648,598,210,239.01004141769164,93.04575002170168,1839.6333749988116,146.77623456790124
1777169459,64,GET,large_scan,10.300000,10.300000,210,250,290,300,330,340,380,400,400,400,400,1305,1305,210,233.13274673309795,84.83700000215322,2590.0067079928704,147.6
1777169459,64,GET,next_departures,39.600000,39.600000,210,230,250,270,320,330,360,380,410,410,410,5230,5230,210,232.42188015579643,85.09375000721775,2490.195207996294,152.1606118546845
1777169459,64,GET,point_read,48.600000,0.000000,120,160,190,210,240,280,310,320,330,330,330,6569,0,120,151.6829486298563,81.50870798272081,2622.967000002973,81.21692799512863
1777169459,64,GET,trips_per_route,5.700000,5.100000,210,210,230,240,300,350,360,360,360,360,360,662,601,200,232.29623853268203,88.26245798263699,2096.14637499908,144.1238670694864
1777169459,64,,Aggregated,108.700000,59.000000,190,210,230,240,290,320,340,370,410,410,410,14414,7734,190,195.98089177177266,81.50870798272081,2622.967000002973,118.80484251422229
1777169460,64,GET,bulk_update_departures,4.500000,4.000000,200,220,230,270,320,320,370,370,370,370,370,658,608,210,238.4907737548398,93.04575002170168,1839.6333749988116,146.82522796352583
1777169460,64,GET,large_scan,10.400000,10.400000,210,250,290,300,330,340,380,400,400,400,400,1319,1319,210,232.8344836578536,84.83700000215322,2590.0067079928704,147.62547384382108
1777169460,64,GET,next_departures,38.900000,38.900000,210,230,250,270,320,330,350,380,410,410,410,5273,5273,210,232.05839876934428,85.09375000721775,2490.195207996294,152.1666982742272
1777169460,64,GET,point_read,49.700000,0.000000,120,170,190,210,240,280,310,320,330,330,330,6612,0,120,151.38144842219936,81.50870798272081,2622.967000002973,81.21612220205687
1777169460,64,GET,trips_per_route,4.700000,4.300000,200,210,230,240,290,320,360,360,360,360,360,668,607,200,232.00344316564463,88.26245798263699,2096.14637499908,144.17664670658684
1777169460,64,,Aggregated,108.200000,57.600000,190,210,230,240,290,320,340,370,410,410,410,14530,7807,190,195.70488553257923,81.50870798272081,2622.967000002973,118.85856847900895
1777169461,64,GET,bulk_update_departures,4.400000,3.900000,210,220,230,280,320,320,370,370,370,370,370,664,614,210,238.27144823902137,93.04575002170168,1839.6333749988116,146.8539156626506
1777169461,64,GET,large_scan,10.000000,10.000000,210,240,290,290,320,340,360,380,400,400,400,1332,1332,210,232.52754559883408,84.83700000215322,2590.0067079928704,147.6081081081081
1777169461,64,GET,next_departures,40.100000,40.100000,210,230,250,270,320,330,360,380,410,410,410,5316,5316,210,231.82142906693562,85.09375000721775,2490.195207996294,152.16798344620014
1777169461,64,GET,point_read,49.200000,0.000000,120,160,190,210,240,280,310,320,330,330,330,6663,0,120,151.1071910376025,81.50870798272081,2622.967000002973,81.21596878283056
1777169461,64,GET,trips_per_route,4.200000,3.900000,210,220,240,280,300,350,360,360,360,360,360,672,611,200,231.90615431641552,88.26245798263699,2096.14637499908,144.21130952380952
1777169461,64,,Aggregated,107.900000,57.900000,190,210,230,240,290,320,340,370,410,410,410,14647,7873,190,195.4645865277778,81.50870798272081,2622.967000002973,118.8708950638356
1777169462,64,GET,bulk_update_departures,4.600000,4.000000,210,210,220,280,300,320,370,370,370,370,370,668,618,210,238.05342347413952,93.04575002170168,1839.6333749988116,146.87275449101796
1777169462,64,GET,large_scan,9.800000,9.800000,210,240,260,290,310,330,340,340,360,360,360,1342,1342,210,232.2922369505613,84.83700000215322,2590.0067079928704,147.62593144560358
1777169462,64,GET,next_departures,40.100000,40.100000,210,220,240,260,310,330,350,350,410,410,410,5363,5363,210,231.4546056788888,85.09375000721775,2490.195207996294,152.17229162782024
1777169462,64,GET,point_read,49.100000,0.000000,120,150,180,200,240,280,310,320,330,330,330,6713,0,120,150.74929542924917,81.50870798272081,2622.967000002973,81.21644570236853
1777169462,64,GET,trips_per_route,4.100000,3.900000,210,220,230,240,290,350,360,360,360,360,360,677,616,200,231.69201697423907,88.26245798263699,2096.14637499908,144.25406203840473
1777169462,64,,Aggregated,107.700000,57.800000,190,210,220,240,290,320,330,350,390,410,410,14763,7939,190,195.14207375413974,81.50870798272081,2622.967000002973,118.89121452279348
1777169463,64,GET,bulk_update_departures,4.700000,4.300000,210,210,220,220,290,320,320,320,320,320,320,674,622,210,237.42743231264083,92.0902079960797,1839.6333749988116,146.7759643916914
1777169463,64,GET,large_scan,10.300000,10.300000,200,220,240,260,300,320,330,340,340,340,340,1355,1355,210,232.03879221229954,84.83700000215322,2590.0067079928704,147.64870848708486
1777169463,64,GET,next_departures,41.400000,41.400000,200,210,230,240,280,320,340,350,370,370,370,5395,5395,210,231.26147266038657,85.09375000721775,2490.195207996294,152.16867469879517
1777169463,64,GET,point_read,47.700000,0.000000,110,130,160,170,220,260,290,310,320,320,320,6769,0,120,150.40993513998714,81.50870798272081,2622.967000002973,81.21657556507608
1777169463,64,GET,trips_per_route,4.500000,4.300000,200,210,220,220,280,290,350,350,350,350,350,684,622,200,231.2755797858529,88.26245798263699,2096.14637499908,144.21929824561403
1777169463,64,,Aggregated,108.600000,60.300000,190,200,210,220,260,300,320,340,350,370,370,14877,7994,190,194.82500809069472,81.50870798272081,2622.967000002973,118.86415271896216
1777169464,64,GET,bulk_update_departures,4.700000,4.400000,210,210,220,220,290,300,340,340,340,340,340,678,625,210,237.5453861279102,92.0902079960797,1839.6333749988116,146.73451327433628
1777169464,64,GET,large_scan,10.700000,10.700000,200,220,240,240,290,300,310,320,330,330,330,1364,1364,210,232.04488299534924,84.83700000215322,2590.0067079928704,147.6642228739003
1777169464,64,GET,next_departures,40.400000,40.400000,200,210,220,230,270,310,340,350,370,370,370,5431,5431,210,231.19938964660665,85.09375000721775,2490.195207996294,152.17271220769655
1777169464,64,GET,point_read,49.000000,0.000000,110,120,140,160,190,230,280,300,330,330,330,6808,0,120,150.4930982921058,81.50870798272081,2622.967000002973,81.21621621621621
1777169464,64,GET,trips_per_route,3.800000,3.600000,200,210,220,220,240,280,350,350,350,350,350,688,625,200,231.0728651723049,88.26245798263699,2096.14637499908,144.15843023255815
1777169464,64,,Aggregated,108.600000,59.100000,190,200,210,220,250,290,320,340,370,370,370,14969,8045,190,194.8522961976284,81.50870798272081,2622.967000002973,118.87574320261875
1777169465,64,GET,bulk_update_departures,4.500000,4.200000,210,210,220,260,290,300,310,340,340,340,340,684,631,210,237.8345631149445,92.0902079960797,1839.6333749988116,146.76315789473685
1777169465,64,GET,large_scan,10.900000,10.900000,210,230,240,270,300,310,330,340,350,350,350,1375,1375,210,232.59181956775402,84.83700000215322,2590.0067079928704,147.624
1777169465,64,GET,next_departures,40.700000,40.700000,200,210,220,240,290,330,350,390,470,470,470,5467,5467,210,231.58575379633928,85.09375000721775,2490.195207996294,152.1721236509969
1777169465,64,GET,point_read,48.600000,0.000000,110,130,140,160,220,280,310,330,380,380,380,6866,0,120,151.37287061968203,81.50870798272081,2622.967000002973,81.21686571511798
1777169465,64,GET,trips_per_route,3.900000,3.700000,200,210,220,220,240,320,350,350,350,350,350,688,625,200,231.0728651723049,88.26245798263699,2096.14637499908,144.15843023255815
1777169465,64,,Aggregated,108.600000,59.500000,190,200,210,220,270,310,340,350,420,470,470,15080,8098,190,195.41619164417443,81.50870798272081,2622.967000002973,118.84018567639258
1777169466,64,GET,bulk_update_departures,4.900000,4.400000,210,210,220,230,270,300,310,340,340,340,340,688,635,210,237.83051968691092,92.0902079960797,1839.6333749988116,146.78197674418604
1777169466,64,GET,large_scan,11.000000,11.000000,210,230,250,270,310,320,340,340,350,350,350,1390,1390,210,233.02790013934643,84.83700000215322,2590.0067079928704,147.64964028776978
1777169466,64,GET,next_departures,40.700000,40.700000,200,210,220,230,270,320,350,390,470,470,470,5497,5497,210,231.7134907159542,85.09375000721775,2490.195207996294,152.16936510824087
1777169466,64,GET,point_read,50.200000,0.000000,110,130,160,190,250,290,320,330,380,380,380,6913,0,120,151.92325789710156,81.50870798272081,2622.967000002973,81.21611456675828
1777169466,64,GET,trips_per_route,4.100000,3.800000,200,210,220,220,230,280,330,330,330,330,330,692,629,200,231.13070277826398,88.26245798263699,2096.14637499908,144.19219653179192
1777169466,64,,Aggregated,110.900000,59.900000,190,200,210,220,270,310,340,350,420,470,470,15180,8151,190,195.7479028569898,81.50870798272081,2622.967000002973,118.83544137022398
1777169467,64,GET,bulk_update_departures,4.900000,4.300000,210,220,260,270,300,330,340,360,360,360,360,696,641,210,238.29422516035098,92.0902079960797,1839.6333749988116,146.69971264367817
1777169467,64,GET,large_scan,10.600000,10.600000,210,240,260,280,310,330,340,350,380,380,380,1395,1395,210,233.25345999476548,84.83700000215322,2590.0067079928704,147.65806451612903
1777169467,64,GET,next_departures,40.900000,40.900000,200,210,230,240,290,330,360,390,470,470,470,5521,5521,210,231.90045856902003,85.09375000721775,2490.195207996294,152.18257562035862
1777169467,64,GET,point_read,49.500000,0.000000,120,150,200,220,280,310,330,340,380,380,380,6948,0,120,152.43086728911226,81.50870798272081,2622.967000002973,81.21545768566494
1777169467,64,GET,trips_per_route,4.100000,3.800000,200,210,220,220,260,330,330,330,330,330,330,694,631,200,231.32047597057206,88.26245798263699,2096.14637499908,144.20893371757924
1777169467,64,,Aggregated,110.000000,59.600000,190,210,220,240,290,320,340,360,420,470,470,15254,8188,190,196.09216372179026,81.50870798272081,2622.967000002973,118.83125737511472
1777169468,64,GET,bulk_update_departures,5.200000,4.800000,210,220,270,270,310,340,360,480,480,480,480,699,644,210,238.63358905808553,92.0902079960797,1839.6333749988116,146.71387696709584
1777169468,64,GET,large_scan,10.700000,10.700000,220,250,270,290,320,340,380,420,550,550,550,1400,1400,210,233.72673760831407,84.83700000215322,2590.0067079928704,147.66642857142858
1777169468,64,GET,next_departures,40.500000,40.500000,210,230,260,280,350,510,640,720,840,840,840,5556,5556,210,233.5082157221751,85.09375000721775,2490.195207996294,152.19582433405327
1777169468,64,GET,point_read,49.800000,0.000000,130,180,220,250,310,370,550,610,720,720,720,6997,0,120,153.67334864466392,81.50870798272081,2622.967000002973,81.21580677433185
1777169468,64,GET,trips_per_route,4.100000,3.800000,200,220,220,230,330,510,860,860,860,860,860,697,634,200,232.69974771251373,88.26245798263699,2096.14637499908,144.2338593974175
1777169468,64,,Aggregated,110.300000,59.800000,200,220,250,270,320,390,570,640,840,860,860,15349,8234,190,197.33129862388296,81.50870798272081,2622.967000002973,118.81451560362238
1777169469,64,GET,bulk_update_departures,5.500000,5.100000,220,260,270,280,310,340,480,480,480,480,480,701,646,210,238.62129267843702,92.0902079960797,1839.6333749988116,146.72325249643367
1777169469,64,GET,large_scan,11.000000,11.000000,220,250,280,290,330,350,420,550,550,550,550,1405,1405,210,233.64200253852434,84.83700000215322,2590.0067079928704,147.67473309608542
1777169469,64,GET,next_departures,39.100000,39.100000,210,230,260,280,350,510,640,740,1100,1100,1100,5603,5603,210,233.3837542040867,85.09375000721775,2490.195207996294,152.18632875245405
1777169469,64,GET,point_read,49.900000,0.000000,130,190,230,260,310,380,570,670,1300,1300,1300,7051,0,120,153.62768494550974,81.50870798272081,2622.967000002973,81.215572259254
1777169469,64,GET,trips_per_route,4.100000,3.800000,200,220,220,230,330,510,860,860,860,860,860,703,640,200,232.40174133237684,88.26245798263699,2096.14637499908,144.28307254623044
1777169469,64,,Aggregated,109.600000,59.000000,200,220,250,270,330,400,600,670,1100,1300,1300,15463,8294,190,197.23190488567292,81.50870798272081,2622.967000002973,118.80734656922978
