Timestamp,User Count,Type,Name,Requests/s,Failures/s,50%,66%,75%,80%,90%,95%,98%,99%,99.9%,99.99%,100%,Total Request Count,Total Failure Count,Total Median Response Time,Total Average Response Time,Total Min Response Time,Total Max Response Time,Total Average Content Size
1777228347,0,,Aggregated,0.000000,0.000000,N/A,N/A,N/A,N/A,N/A,N/A,N/A,N/A,N/A,N/A,N/A,0,0,0,0.0,0,0,0
1777228348,16,GET,point_read,0.000000,0.000000,0,0,0,0,0,0,0,0,0,0,0,1,0,239.43062499165535,239.43062499165535,239.43062499165535,239.43062499165535,104.0
1777228348,16,,Aggregated,0.000000,0.000000,0,0,0,0,0,0,0,0,0,0,0,1,0,239.43062499165535,239.43062499165535,239.43062499165535,239.43062499165535,104.0
1777228349,16,GET,bulk_update_departures,0.000000,0.000000,0,0,0,0,0,0,0,0,0,0,0,2,0,1700,1767.3929164884612,1684.4108749646693,1850.374958012253,132.0
1777228349,16,GET,next_departures,0.000000,0.000000,0,0,0,0,0,0,0,0,0,0,0,8,0,1700,1688.9137762555038,1311.0558750340715,1784.4477499602363,109.375
1777228349,16,GET,point_read,0.000000,0.000000,1700,1700,1700,1700,1700,1700,1700,1700,1700,1700,1700,5,0,1700,1414.4410417997278,239.43062499165535,1741.2015830050223,104.4
1777228349,16,,Aggregated,0.000000,0.000000,1700,1700,1800,1800,1800,1900,1900,1900,1900,1900,1900,15,0,1700,1607.8867501346394,239.43062499165535,1850.374958012253,110.73333333333333
1777228350,16,GET,bulk_update_departures,0.000000,0.000000,0,0,0,0,0,0,0,0,0,0,0,3,0,1700,1204.1788889910094,77.75083399610594,1850.374958012253,131.66666666666666
1777228350,16,GET,next_departures,0.000000,0.000000,0,0,0,0,0,0,0,0,0,0,0,16,0,190,901.5325236214267,71.94579200586304,1784.4477499602363,109.25
1777228350,16,GET,point_read,1.000000,0.000000,130,240,1700,1700,1700,1700,1700,1700,1700,1700,1700,13,0,130,610.5977500824688,76.60545804537833,1741.2015830050223,104.53846153846153
1777228350,16,,Aggregated,1.000000,0.000000,190,1700,1700,1700,1800,1800,1900,1900,1900,1900,1900,32,0,170,811.7133686246234,71.94579200586304,1850.374958012253,109.4375
1777228351,16,GET,bulk_update_departures,0.000000,0.000000,64,64,64,64,64,64,64,64,64,64,64,4,0,78,919.2197709926404,64.34241699753329,1850.374958012253,131.5
1777228351,16,GET,next_departures,0.000000,0.000000,80,94,98,130,190,190,190,190,190,190,190,21,0,130,705.221097281624,65.50279102521017,1784.4477499602363,109.14285714285714
1777228351,16,GET,point_read,0.500000,0.000000,120,160,240,1700,1700,1700,1700,1700,1700,1700,1700,18,0,110,466.95394677873185,64.82770800357684,1741.2015830050223,104.44444444444444
1777228351,16,,Aggregated,0.500000,0.000000,120,240,1700,1700,1800,1800,1900,1900,1900,1900,1900,43,0,120,625.3882132302753,64.34241699753329,1850.374958012253,109.25581395348837
1777228352,16,GET,bulk_update_departures,1.000000,0.000000,64,64,64,64,64,64,64,64,64,64,64,4,0,78,919.2197709926404,64.34241699753329,1850.374958012253,131.5
1777228352,16,GET,next_departures,3.666667,0.000000,93,98,110,130,130,190,190,190,190,190,190,25,0,110,608.673215075396,65.50279102521017,1784.4477499602363,109.2
1777228352,16,GET,point_read,3.666667,0.000000,110,160,240,1700,1700,1700,1700,1700,1700,1700,1700,20,0,100,427.8252792020794,64.82770800357684,1741.2015830050223,104.45
1777228352,16,,Aggregated,8.333333,0.000000,110,170,1700,1700,1800,1800,1900,1900,1900,1900,1900,49,0,110,560.2084703040214,64.34241699753329,1850.374958012253,109.08163265306122
1777228353,16,GET,bulk_update_departures,1.000000,0.000000,64,64,64,64,64,64,64,64,64,64,64,4,0,78,919.2197709926404,64.34241699753329,1850.374958012253,131.5
1777228353,16,GET,next_departures,4.750000,0.000000,90,94,110,110,130,190,190,190,190,190,190,27,0,98,569.6030571427265,65.50279102521017,1784.4477499602363,109.25925925925925
1777228353,16,GET,point_read,4.000000,0.000000,120,160,160,240,1700,1700,1700,1700,1700,1700,1700,23,0,120,392.0296776088198,64.82770800357684,1741.2015830050223,104.52173913043478
1777228353,16,GET,trips_per_route,0.000000,0.000000,0,0,0,0,0,0,0,0,0,0,0,1,0,5343.258709006477,5343.258709006477,5343.258709006477,5343.258709006477,1200.0
1777228353,16,,Aggregated,9.750000,0.000000,110,160,1700,1700,1800,1800,1900,5300,5300,5300,5300,55,0,110,607.5655076515184,64.34241699753329,5343.258709006477,128.72727272727272
1777228354,16,GET,bulk_update_departures,0.800000,0.000000,64,64,64,64,64,64,64,64,64,64,64,4,0,78,919.2197709926404,64.34241699753329,1850.374958012253,131.5
1777228354,16,GET,large_scan,0.000000,0.000000,0,0,0,0,0,0,0,0,0,0,0,1,0,6013.910624955315,6013.910624955315,6013.910624955315,6013.910624955315,652262.0
1777228354,16,GET,next_departures,4.800000,0.000000,80,94,110,130,140,190,190,190,190,190,190,30,0,96,522.3194499946354,65.50279102521017,1784.4477499602363,109.26666666666667
1777228354,16,GET,point_read,3.800000,0.000000,110,160,160,240,1700,1700,1700,1700,1700,1700,1700,25,0,110,368.1841200403869,64.82770800357684,1741.2015830050223,104.56
1777228354,16,GET,trips_per_route,0.000000,0.000000,4500,4500,5300,5300,5300,5300,5300,5300,5300,5300,5300,3,0,4500,4748.183875344694,4418.710833997466,5343.258709006477,1200.0
1777228354,16,,Aggregated,9.400000,0.000000,110,160,1700,1700,1800,4400,5300,6000,6000,6000,6000,63,0,110,774.7544100922015,64.34241699753329,6013.910624955315,10512.380952380952
1777228355,16,GET,bulk_update_departures,0.666667,0.000000,100,100,130,130,130,130,130,130,130,130,130,6,0,100,651.9508751613708,64.34241699753329,1850.374958012253,131.33333333333334
1777228355,16,GET,large_scan,0.000000,0.000000,6000,6000,6000,6000,6000,6000,6000,6000,6000,6000,6000,2,0,5721.301208017394,5867.6059164863545,5721.301208017394,6013.910624955315,652261.5
1777228355,16,GET,next_departures,4.333333,0.000000,88,98,120,120,130,140,190,190,190,190,190,34,0,96,472.9573591132922,65.50279102521017,1784.4477499602363,109.3529411764706
1777228355,16,GET,point_read,3.500000,0.000000,100,130,160,160,1700,1700,1700,1700,1700,1700,1700,30,0,98,320.15667363496806,64.32158302050084,1741.2015830050223,104.53333333333333
1777228355,16,GET,trips_per_route,0.166667,0.000000,4500,4500,4500,4500,5300,5300,5300,5300,5300,5300,5300,6,0,4400,4561.193972331239,4276.839333004318,5343.258709006477,1199.1666666666667
1777228355,16,,Aggregated,8.666667,0.000000,110,160,1700,1700,4300,4500,5700,6000,6000,6000,6000,78,0,110,880.7606581644787,64.32158302050084,6013.910624955315,16914.871794871793
1777228356,16,GET,bulk_update_departures,0.571429,0.000000,100,100,130,130,130,130,130,130,130,130,130,6,0,100,651.9508751613708,64.34241699753329,1850.374958012253,131.33333333333334
1777228356,16,GET,large_scan,0.142857,0.000000,6000,6000,6000,6000,6000,6000,6000,6000,6000,6000,6000,4,0,5900,5918.996729000355,5721.301208017394,6045.9434580407105,652258.0
1777228356,16,GET,next_departures,4.000000,0.000000,89,98,110,120,130,140,190,190,190,190,190,41,0,96,407.82934053312624,64.1748330090195,1784.4477499602363,109.39024390243902
1777228356,16,GET,point_read,3.428571,0.000000,93,130,160,160,1700,1700,1700,1700,1700,1700,1700,35,0,93,288.31589883027067,64.32158302050084,1741.2015830050223,104.51428571428572
1777228356,16,GET,trips_per_route,0.142857,0.000000,4400,4500,4500,4500,5300,5300,5300,5300,5300,5300,5300,7,0,4400,4522.438880995781,4276.839333004318,5343.258709006477,1199.2857142857142
1777228356,16,,Aggregated,8.285714,0.000000,110,160,1700,1700,4300,5300,6000,6000,6000,6000,6000,93,0,110,925.342190912449,64.1748330090195,6045.9434580407105,28240.40860215054
1777228357,16,GET,bulk_update_departures,0.750000,0.000000,100,100,130,130,140,140,140,140,140,140,140,9,0,100,466.72028243645195,64.34241699753329,1850.374958012253,131.55555555555554
1777228357,16,GET,large_scan,0.125000,0.000000,5900,5900,6000,6000,6000,6000,6000,6000,6000,6000,6000,6,0,5700,5825.608777503173,5621.364791004453,6045.9434580407105,652259.0
1777228357,16,GET,next_departures,3.750000,0.000000,85,98,110,120,130,140,190,190,190,190,190,46,0,93,371.93197649574597,59.339541010558605,1784.4477499602363,109.34782608695652
1777228357,16,GET,point_read,3.375000,0.000000,87,110,160,160,240,1700,1700,1700,1700,1700,1700,42,0,85,254.15563000050108,60.43316697468981,1741.2015830050223,104.57142857142857
1777228357,16,GET,trips_per_route,0.625000,0.000000,4400,4500,4500,4500,5300,5300,5300,5300,5300,5300,5300,7,0,4400,4522.438880995781,4276.839333004318,5343.258709006477,1199.2857142857142
1777228357,16,,Aggregated,8.625000,0.000000,100,140,240,1700,4300,5600,5900,6000,6000,6000,6000,110,0,98,896.3146795703902,59.339541010558605,6045.9434580407105,35750.5
1777228358,16,GET,bulk_update_departures,0.666667,0.000000,82,100,130,130,140,140,140,140,140,140,140,10,0,82,428.0708333943039,64.34241699753329,1850.374958012253,131.5
1777228358,16,GET,large_scan,0.444444,0.000000,5700,5900,6000,6000,6000,6000,6000,6000,6000,6000,6000,7,0,5700,5796.92301171599,5621.364791004453,6045.9434580407105,652259.2857142857
1777228358,16,GET,next_departures,3.888889,0.000000,79,90,100,110,130,130,190,190,190,190,190,54,0,86,327.53934879373344,59.339541010558605,1784.4477499602363,109.35185185185185
1777228358,16,GET,point_read,3.444444,0.000000,85,110,130,160,170,1700,1700,1700,1700,1700,1700,48,0,85,234.10200262393724,60.43316697468981,1741.2015830050223,104.5625
1777228358,16,GET,trips_per_route,0.666667,0.000000,4400,4500,4500,4500,5300,5300,5300,5300,5300,5300,5300,8,0,4300,4433.724546877784,3812.7242080518045,5343.258709006477,1199.5
1777228358,16,,Aggregated,9.111111,0.000000,94,130,170,1700,4300,5600,5900,6000,6000,6000,6000,127,0,94,860.2597382030538,59.339541010558605,6045.9434580407105,36123.22834645669
1777228359,16,GET,bulk_update_departures,0.800000,0.000000,100,130,140,140,140,140,140,140,140,140,140,11,0,100,401.63597736020824,64.34241699753329,1850.374958012253,131.45454545454547
1777228359,16,GET,large_scan,0.600000,0.000000,5700,5900,6000,6000,6000,6000,6000,6000,6000,6000,6000,8,0,5700,5778.240176878171,5621.364791004453,6045.9434580407105,652258.75
1777228359,16,GET,next_departures,4.200000,0.000000,80,98,110,120,130,130,190,190,190,190,190,60,0,89,306.22749446483795,59.339541010558605,1784.4477499602363,109.38333333333334
1777228359,16,GET,point_read,3.800000,0.000000,85,100,120,120,160,160,170,170,170,170,170,53,0,88,223.19966667652446,53.12220798805356,1741.2015830050223,104.52830188679245
1777228359,16,GET,trips_per_route,0.700000,0.000000,4400,4500,4500,4500,5300,5300,5300,5300,5300,5300,5300,8,0,4300,4433.724546877784,3812.7242080518045,5343.258709006477,1199.5
1777228359,16,,Aggregated,10.100000,0.000000,89,120,130,160,4400,5600,5900,6000,6000,6000,6000,140,0,100,830.8353253054,53.12220798805356,6045.9434580407105,37437.25
1777228360,16,GET,bulk_update_departures,1.000000,0.000000,92,100,130,140,140,140,140,140,140,140,140,12,0,92,375.8684723288752,64.34241699753329,1850.374958012253,131.5
1777228360,16,GET,large_scan,0.700000,0.000000,5700,5900,6000,6000,6000,6000,6000,6000,6000,6000,6000,8,0,5700,5778.240176878171,5621.364791004453,6045.9434580407105,652258.75
1777228360,16,GET,next_departures,5.000000,0.000000,84,100,110,120,130,130,160,160,160,160,160,66,0,89,287.2856730298901,59.339541010558605,1784.4477499602363,109.4090909090909
1777228360,16,GET,point_read,4.300000,0.000000,83,110,120,120,160,160,170,170,170,170,170,63,0,88,202.63420702937606,53.12220798805356,1741.2015830050223,104.52380952380952
1777228360,16,GET,trips_per_route,0.700000,0.000000,4300,4400,4500,4500,5300,5300,5300,5300,5300,5300,5300,10,0,4300,4329.761379107367,3812.7242080518045,5343.258709006477,1199.7
1777228360,16,,Aggregated,11.700000,0.000000,93,120,140,160,4400,5600,5900,6000,6000,6000,6000,159,0,98,790.9482159551509,53.12220798805356,6045.9434580407105,32990.25786163522
1777228361,16,GET,bulk_update_departures,1.100000,0.000000,82,100,130,130,140,140,140,140,140,140,140,14,0,82,332.0246012839821,64.34241699753329,1850.374958012253,131.5
1777228361,16,GET,large_scan,0.700000,0.000000,5700,5700,5900,6000,6000,6000,6000,6000,6000,6000,6000,9,0,5700,5720.170735892478,5255.61520800693,6045.9434580407105,652259.0
1777228361,16,GET,next_departures,5.800000,0.000000,79,100,120,120,130,130,160,160,160,160,160,71,0,88,272.4633169439162,59.339541010558605,1784.4477499602363,109.4225352112676
1777228361,16,GET,point_read,4.800000,0.000000,88,110,120,140,160,160,160,170,170,170,170,74,0,94,189.0011424831165,53.12220798805356,1741.2015830050223,104.54054054054055
1777228361,16,GET,trips_per_route,0.800000,0.000000,4300,4400,4500,4500,5300,5300,5300,5300,5300,5300,5300,10,0,4300,4329.761379107367,3812.7242080518045,5343.258709006477,1199.7
1777228361,16,,Aggregated,13.200000,0.000000,97,120,140,150,4300,5600,5900,6000,6000,6000,6000,178,0,98,745.8341285328673,53.12220798805356,6045.9434580407105,33144.23595505618
1777228362,16,GET,bulk_update_departures,0.800000,0.000000,92,100,130,140,140,140,140,140,140,140,140,14,0,82,332.0246012839821,64.34241699753329,1850.374958012253,131.5
1777228362,16,GET,large_scan,0.800000,0.000000,5600,5700,5900,5900,6000,6000,6000,6000,6000,6000,6000,11,0,5600,5594.777617275461,5022.187041991856,6045.9434580407105,652259.5454545454
1777228362,16,GET,next_departures,5.200000,0.000000,80,100,120,120,130,140,140,160,160,160,160,78,0,88,257.45072171766645,59.339541010558605,1784.4477499602363,109.46153846153847
1777228362,16,GET,point_read,4.600000,0.000000,88,110,120,120,150,160,160,170,170,170,170,78,0,93,183.65508281754163,53.12220798805356,1741.2015830050223,104.55128205128206
1777228362,16,GET,trips_per_route,0.900000,0.000000,4300,4300,4500,4500,4500,5300,5300,5300,5300,5300,5300,12,0,4300,4224.597083254291,3644.0714999916963,5343.258709006477,1199.75
1777228362,16,,Aggregated,12.300000,0.000000,98,120,140,150,4300,5600,5900,6000,6000,6000,6000,193,0,100,783.8980101596038,53.12220798805356,6045.9434580407105,37346.0414507772
1777228363,16,GET,bulk_update_departures,0.900000,0.000000,92,120,130,130,140,140,140,140,140,140,140,15,0,92,318.1116306649831,64.34241699753329,1850.374958012253,131.46666666666667
1777228363,16,GET,large_scan,0.900000,0.000000,5600,5700,5700,5900,6000,6000,6000,6000,6000,6000,6000,13,0,5600,5506.588099228863,4911.989957967307,6045.9434580407105,652259.8461538461
1777228363,16,GET,next_departures,5.000000,0.000000,84,100,120,120,130,140,140,160,160,160,160,85,0,89,243.92284903647925,59.339541010558605,1784.4477499602363,109.45882352941176
1777228363,16,GET,point_read,5.000000,0.000000,88,110,120,120,160,160,170,180,180,180,180,89,0,98,175.26779212109912,53.12220798805356,1741.2015830050223,104.53932584269663
1777228363,16,GET,trips_per_route,1.000000,0.000000,4300,4300,4400,4400,4500,4500,4500,4500,4500,4500,4500,12,0,4300,4224.597083254291,3644.0714999916963,5343.258709006477,1199.75
1777228363,16,,Aggregated,12.800000,0.000000,100,120,140,150,4300,5300,5700,5900,6000,6000,6000,214,0,100,763.4801888592524,53.12220798805356,6045.9434580407105,39786.70560747664
1777228364,16,GET,bulk_update_departures,1.000000,0.000000,92,120,130,130,140,140,140,140,140,140,140,15,0,92,318.1116306649831,64.34241699753329,1850.374958012253,131.46666666666667
1777228364,16,GET,large_scan,0.900000,0.000000,5600,5600,5700,5700,5900,6000,6000,6000,6000,6000,6000,13,0,5600,5506.588099228863,4911.989957967307,6045.9434580407105,652259.8461538461
1777228364,16,GET,next_departures,5.100000,0.000000,88,100,120,120,130,140,140,160,160,160,160,92,0,90,233.82445652374452,59.339541010558605,1784.4477499602363,109.46739130434783
1777228364,16,GET,point_read,5.700000,0.000000,88,110,120,130,160,160,170,180,180,180,180,97,0,93,168.06874140021728,53.12220798805356,1741.2015830050223,104.52577319587628
1777228364,16,GET,trips_per_route,1.000000,0.000000,3900,3900,4300,4300,4300,4300,4300,4300,4300,4300,4300,12,0,4300,4224.597083254291,3644.0714999916963,5343.258709006477,1199.75
1777228364,16,,Aggregated,13.700000,0.000000,97,120,130,140,3900,5300,5700,5900,6000,6000,6000,229,0,100,719.9432430786333,53.12220798805356,6045.9434580407105,37187.58515283843
1777228365,16,GET,bulk_update_departures,1.100000,0.000000,82,92,120,140,140,140,140,140,140,140,140,15,0,92,318.1116306649831,64.34241699753329,1850.374958012253,131.46666666666667
1777228365,16,GET,large_scan,1.200000,0.000000,5300,5600,5600,5600,5700,5700,5700,5700,5700,5700,5700,13,0,5600,5506.588099228863,4911.989957967307,6045.9434580407105,652259.8461538461
1777228365,16,GET,next_departures,5.700000,0.000000,88,110,120,120,140,140,160,160,160,160,160,96,0,93,229.24100738722095,59.339541010558605,1784.4477499602363,109.46875
1777228365,16,GET,point_read,6.000000,0.000000,86,110,120,120,150,160,170,180,180,180,180,102,0,89,164.05446853776297,53.12220798805356,1741.2015830050223,104.52941176470588
1777228365,16,GET,trips_per_route,1.100000,0.000000,3900,3900,3900,3900,4300,4300,4300,4300,4300,4300,4300,12,0,4300,4224.597083254291,3644.0714999916963,5343.258709006477,1199.75
1777228365,16,,Aggregated,15.100000,0.000000,95,120,130,140,180,5000,5600,5600,5700,5700,5700,238,0,100,696.6099884412878,53.12220798805356,6045.9434580407105,35785.36974789916
1777228366,16,GET,bulk_update_departures,1.100000,0.000000,92,120,140,140,140,140,140,140,140,140,140,15,0,92,318.1116306649831,64.34241699753329,1850.374958012253,131.46666666666667
1777228366,16,GET,large_scan,1.200000,0.000000,5100,5300,5600,5600,5600,5600,5600,5600,5600,5600,5600,14,0,5600,5479.856246924361,4911.989957967307,6045.9434580407105,652259.9285714285
1777228366,16,GET,next_departures,6.000000,0.000000,88,110,120,120,140,140,160,160,160,160,160,99,0,94,225.14567215341341,59.339541010558605,1784.4477499602363,109.47474747474747
1777228366,16,GET,point_read,6.900000,0.000000,92,110,120,130,150,160,170,180,180,180,180,106,0,88,161.0594681592632,53.12220798805356,1741.2015830050223,104.50943396226415
1777228366,16,GET,trips_per_route,1.100000,0.000000,3900,3900,3900,3900,4300,4300,4300,4300,4300,4300,4300,12,0,4300,4224.597083254291,3644.0714999916963,5343.258709006477,1199.75
1777228366,16,,Aggregated,16.300000,0.000000,100,120,130,140,170,4900,5300,5600,5600,5600,5600,246,0,100,697.3437076586874,53.12220798805356,6045.9434580407105,37276.11382113821
1777228367,16,GET,bulk_update_departures,0.900000,0.000000,92,120,140,140,140,140,140,140,140,140,140,17,0,92,293.65987752509466,64.34241699753329,1850.374958012253,131.35294117647058
1777228367,16,GET,large_scan,1.200000,0.000000,5100,5100,5300,5300,5600,5600,5600,5600,5600,5600,5600,18,0,5200,5388.861560104286,4911.989957967307,6045.9434580407105,652259.8333333334
1777228367,16,GET,next_departures,6.500000,0.000000,97,120,120,130,140,140,160,160,160,160,160,100,0,93,223.76230168156326,59.339541010558605,1784.4477499602363,109.48
1777228367,16,GET,point_read,7.200000,0.000000,92,120,120,130,150,160,170,180,180,180,180,107,0,88,160.15759618598184,53.12220798805356,1741.2015830050223,104.50467289719626
1777228367,16,GET,trips_per_route,0.700000,0.000000,3800,3900,3900,3900,3900,3900,3900,3900,3900,3900,3900,12,0,4300,4224.597083254291,3644.0714999916963,5343.258709006477,1199.75
1777228367,16,,Aggregated,16.500000,0.000000,100,120,140,140,3800,5000,5200,5300,5600,5600,5600,254,0,100,756.6928502319355,53.12220798805356,6045.9434580407105,46375.73622047244
1777228368,16,GET,bulk_update_departures,0.900000,0.000000,100,120,140,140,140,140,140,140,140,140,140,18,0,92,283.0985880508605,64.34241699753329,1850.374958012253,131.27777777777777
1777228368,16,GET,large_scan,1.000000,0.000000,5000,5100,5100,5200,5300,5600,5600,5600,5600,5600,5600,20,0,5100,5329.570872892509,4748.501166992355,6045.9434580407105,652260.0
1777228368,16,GET,next_departures,6.100000,0.000000,97,120,120,130,140,140,160,160,160,160,160,103,0,93,219.79389524480635,59.339541010558605,1784.4477499602363,109.48543689320388
1777228368,16,GET,point_read,7.300000,0.000000,89,110,120,140,150,160,170,180,180,180,180,113,0,88,156.2452618047117,53.12220798805356,1741.2015830050223,104.49557522123894
1777228368,16,GET,trips_per_route,0.600000,0.000000,3800,3800,3900,3900,3900,3900,3900,3900,3900,3900,3900,14,0,3900,4153.2457350778195,3635.309750039596,5343.258709006477,1199.857142857143
1777228368,16,,Aggregated,15.900000,0.000000,100,120,140,150,3900,5000,5200,5300,5600,5600,5600,268,0,100,784.0564109253829,53.12220798805356,6045.9434580407105,48833.753731343284
1777228369,16,GET,bulk_update_departures,0.800000,0.000000,92,100,120,120,140,140,140,140,140,140,140,18,0,92,283.0985880508605,64.34241699753329,1850.374958012253,131.27777777777777
1777228369,16,GET,large_scan,0.900000,0.000000,5000,5100,5100,5100,5200,5300,5300,5300,5300,5300,5300,22,0,5100,5292.737598493907,4748.501166992355,6045.9434580407105,652260.1363636364
1777228369,16,GET,next_departures,5.700000,0.000000,95,110,120,130,140,140,160,160,160,160,160,107,0,89,214.25864916179486,59.339541010558605,1784.4477499602363,109.49532710280374
1777228369,16,GET,point_read,6.800000,0.000000,86,110,130,130,150,160,170,180,180,180,180,120,0,88,153.39095765035987,53.12220798805356,1741.2015830050223,104.48333333333333
1777228369,16,GET,trips_per_route,0.500000,0.000000,3800,3800,3800,3900,3900,3900,3900,3900,3900,3900,3900,14,0,3900,4153.2457350778195,3635.309750039596,5343.258709006477,1199.857142857143
1777228369,16,,Aggregated,14.700000,0.000000,100,120,140,150,4700,5000,5100,5200,5300,5300,5300,281,0,100,786.5268057694881,53.12220798805356,6045.9434580407105,51221.13167259786
1777228370,16,GET,bulk_update_departures,0.800000,0.000000,100,120,120,140,140,140,140,140,140,140,140,18,0,92,283.0985880508605,64.34241699753329,1850.374958012253,131.27777777777777
1777228370,16,GET,large_scan,1.100000,0.000000,5000,5000,5100,5100,5200,5300,5300,5300,5300,5300,5300,23,0,5100,5271.380601471047,4748.501166992355,6045.9434580407105,652260.2173913043
1777228370,16,GET,next_departures,5.200000,0.000000,92,110,120,130,140,140,160,160,160,160,160,116,0,89,205.22273133874165,59.339541010558605,1784.4477499602363,109.48275862068965
1777228370,16,GET,point_read,6.500000,0.000000,82,110,130,130,150,160,170,180,180,180,180,126,0,86,150.06714054782475,53.12220798805356,1741.2015830050223,104.48412698412699
1777228370,16,GET,trips_per_route,0.500000,0.000000,3800,3800,3800,3900,3900,3900,3900,3900,3900,3900,3900,14,0,3900,4153.2457350778195,3635.309750039596,5343.258709006477,1199.857142857143
1777228370,16,,Aggregated,14.100000,0.000000,100,120,140,150,4800,5000,5100,5100,5200,5200,5200,297,0,100,764.9739570847104,53.12220798805356,6045.9434580407105,50663.3367003367
1777228371,16,GET,bulk_update_departures,0.700000,0.000000,100,120,120,140,140,140,140,140,140,140,140,19,0,92,272.3517456784305,64.34241699753329,1850.374958012253,131.21052631578948
1777228371,16,GET,large_scan,1.400000,0.000000,5000,5000,5100,5100,5100,5200,5200,5200,5200,5200,5200,24,0,5100,5249.632276078046,4748.501166992355,6045.9434580407105,652260.25
1777228371,16,GET,next_departures,4.600000,0.000000,88,100,120,130,140,140,160,160,160,160,160,124,0,88,198.15505747899277,59.339541010558605,1784.4477499602363,109.50806451612904
1777228371,16,GET,point_read,6.600000,0.000000,76,92,120,130,150,160,170,180,180,180,180,130,0,85,147.47351763877444,53.12220798805356,1741.2015830050223,104.48461538461538
1777228371,16,GET,trips_per_route,0.600000,0.000000,3800,3800,3800,4200,4200,4200,4200,4200,4200,4200,4200,15,0,4200,4158.136772205277,3635.309750039596,5343.258709006477,1199.8666666666666
1777228371,16,,Aggregated,13.900000,0.000000,92,130,140,150,4800,5000,5100,5100,5200,5200,5200,312,0,97,760.5150442220456,53.12220798805356,6045.9434580407105,50326.59935897436
1777228372,16,GET,bulk_update_departures,0.700000,0.000000,100,120,120,140,140,140,140,140,140,140,140,19,0,92,272.3517456784305,64.34241699753329,1850.374958012253,131.21052631578948
1777228372,16,GET,large_scan,1.500000,0.000000,4900,5000,5100,5100,5200,5500,5500,5500,5500,5500,5500,25,0,5100,5259.958940036595,4748.501166992355,6045.9434580407105,652260.28
1777228372,16,GET,next_departures,4.800000,0.000000,88,100,120,130,140,140,160,160,160,160,160,128,0,88,194.2706461745729,58.27362497802824,1784.4477499602363,109.5
1777228372,16,GET,point_read,6.500000,0.000000,78,85,120,130,140,150,170,180,180,180,180,140,0,83,143.0180800716958,53.12220798805356,1741.2015830050223,104.47142857142858
1777228372,16,GET,trips_per_route,0.500000,0.000000,3800,3800,4200,4200,4200,4200,4200,4200,4200,4200,4200,16,0,4200,4161.571015632944,3635.309750039596,5343.258709006477,1199.9375
1777228372,16,,Aggregated,14.000000,0.000000,87,120,140,140,4700,4900,5100,5200,5500,5500,5500,328,0,94,756.5486793881552,53.12220798805356,6045.9434580407105,49868.41768292683
1777228373,16,GET,bulk_update_departures,0.500000,0.000000,120,120,140,140,140,140,140,140,140,140,140,20,0,92,265.76318754523527,64.34241699753329,1850.374958012253,131.25
1777228373,16,GET,large_scan,1.400000,0.000000,4900,5000,5100,5100,5200,5500,5500,5500,5500,5500,5500,26,0,5100,5244.937254841296,4748.501166992355,6045.9434580407105,652260.3076923077
1777228373,16,GET,next_departures,5.200000,0.000000,87,100,120,120,140,140,160,160,160,160,160,134,0,88,190.4368473381089,58.27362497802824,1784.4477499602363,109.48507462686567
1777228373,16,GET,point_read,6.100000,0.000000,78,85,100,110,140,150,150,150,150,150,150,147,0,85,140.81985743512038,53.12220798805356,1741.2015830050223,104.4625850340136
1777228373,16,GET,trips_per_route,0.400000,0.000000,3800,3800,4200,4200,4200,4200,4200,4200,4200,4200,4200,16,0,4200,4161.571015632944,3635.309750039596,5343.258709006477,1199.9375
1777228373,16,,Aggregated,13.600000,0.000000,87,120,140,140,4700,4900,5100,5200,5500,5500,5500,343,0,95,741.9470122833085,53.12220798805356,6045.9434580407105,49593.64139941691
1777228374,16,GET,bulk_update_departures,0.500000,0.000000,100,140,140,140,140,140,140,140,140,140,140,20,0,92,265.76318754523527,64.34241699753329,1850.374958012253,131.25
1777228374,16,GET,large_scan,1.600000,0.000000,5000,5100,5200,5200,5500,5700,5700,5700,5700,5700,5700,29,0,5100,5252.359875028246,4748.501166992355,6045.9434580407105,652260.4137931034
1777228374,16,GET,next_departures,5.200000,0.000000,82,90,110,120,140,140,160,160,160,160,160,138,0,87,187.04223008218992,58.27362497802824,1784.4477499602363,109.5
1777228374,16,GET,point_read,5.700000,0.000000,78,83,100,110,140,150,150,150,150,150,150,151,0,83,138.89337224471043,53.12220798805356,1741.2015830050223,104.4635761589404
1777228374,16,GET,trips_per_route,0.600000,0.000000,3800,3800,4200,4200,4200,4200,4200,4200,4200,4200,4200,16,0,4200,4161.571015632944,3635.309750039596,5343.258709006477,1199.9375
1777228374,16,,Aggregated,13.600000,0.000000,84,110,140,150,4800,5100,5500,5500,5700,5700,5700,354,0,93,765.5467890879786,53.12220798805356,6045.9434580407105,53582.6581920904
1777228375,16,GET,bulk_update_departures,0.500000,0.000000,100,140,140,140,140,140,140,140,140,140,140,20,0,92,265.76318754523527,64.34241699753329,1850.374958012253,131.25
1777228375,16,GET,large_scan,1.300000,0.000000,4900,5000,5200,5500,5500,5700,5700,5700,5700,5700,5700,29,0,5100,5252.359875028246,4748.501166992355,6045.9434580407105,652260.4137931034
1777228375,16,GET,next_departures,4.700000,0.000000,82,90,110,120,140,150,160,160,160,160,160,145,0,87,182.69841523584108,54.939040972385556,1784.4477499602363,109.46896551724137
1777228375,16,GET,point_read,6.300000,0.000000,78,85,100,110,130,140,150,150,150,150,150,159,0,83,135.94022642018612,53.12220798805356,1741.2015830050223,104.45911949685535
1777228375,16,GET,trips_per_route,0.400000,0.000000,4200,4200,4200,4200,4200,4200,4200,4200,4200,4200,4200,16,0,4200,4161.571015632944,3635.309750039596,5343.258709006477,1199.9375
1777228375,16,,Aggregated,13.200000,0.000000,83,110,140,140,4800,5000,5500,5500,5700,5700,5700,369,0,93,738.0070530809146,53.12220798805356,6045.9434580407105,51408.829268292684
1777228376,16,GET,bulk_update_departures,0.500000,0.000000,140,140,140,140,140,140,140,140,140,140,140,20,0,92,265.76318754523527,64.34241699753329,1850.374958012253,131.25
1777228376,16,GET,large_scan,1.300000,0.000000,5000,5200,5200,5400,5500,5700,5700,5700,5700,5700,5700,33,0,5100,5240.193598510373,4748.501166992355,6045.9434580407105,652260.5151515151
1777228376,16,GET,next_departures,4.800000,0.000000,82,90,110,120,140,150,160,160,160,160,160,149,0,87,180.26309396099649,54.939040972385556,1784.4477499602363,109.46979865771812
1777228376,16,GET,point_read,5.600000,0.000000,79,90,110,120,140,140,150,150,150,150,150,167,0,83,134.98552445974758,53.12220798805356,1741.2015830050223,104.45508982035928
1777228376,16,GET,trips_per_route,0.400000,0.000000,4200,4200,4200,4200,4200,4200,4200,4200,4200,4200,4200,16,0,4200,4161.571015632944,3635.309750039596,5343.258709006477,1199.9375
1777228376,16,,Aggregated,12.600000,0.000000,85,120,140,150,4800,5200,5500,5500,5700,5700,5700,385,0,94,764.2300580177674,53.12220798805356,6045.9434580407105,56052.40519480519
1777228377,16,GET,bulk_update_departures,0.500000,0.000000,140,140,140,140,140,140,140,140,140,140,140,20,0,92,265.76318754523527,64.34241699753329,1850.374958012253,131.25
1777228377,16,GET,large_scan,1.600000,0.000000,4900,5200,5400,5500,5500,5700,5700,5700,5700,5700,5700,33,0,5100,5240.193598510373,4748.501166992355,6045.9434580407105,652260.5151515151
1777228377,16,GET,next_departures,4.700000,0.000000,83,100,120,130,140,150,160,160,160,160,160,152,0,88,179.19734430363047,54.939040972385556,1784.4477499602363,109.47368421052632
1777228377,16,GET,point_read,5.300000,0.000000,79,95,110,120,140,140,150,150,150,150,150,172,0,83,133.6656528705092,53.12220798805356,1741.2015830050223,104.43604651162791
1777228377,16,GET,trips_per_route,0.400000,0.000000,4200,4200,4200,4200,4200,4200,4200,4200,4200,4200,4200,16,0,4200,4161.571015632944,3635.309750039596,5343.258709006477,1199.9375
1777228377,16,,Aggregated,12.500000,0.000000,85,120,140,140,4700,4900,5500,5500,5700,5700,5700,393,0,94,750.776787225836,53.12220798805356,6045.9434580407105,54913.54707379135
1777228378,16,GET,bulk_update_departures,0.500000,0.000000,140,140,140,140,140,140,140,140,140,140,140,20,0,92,265.76318754523527,64.34241699753329,1850.374958012253,131.25
1777228378,16,GET,large_scan,1.500000,0.000000,4900,5200,5400,5500,5500,5700,5700,5700,5700,5700,5700,36,0,5100,5210.839599577917,4685.802042018622,6045.9434580407105,652260.5833333334
1777228378,16,GET,next_departures,5.000000,0.000000,82,92,120,130,140,150,160,160,160,160,160,157,0,88,176.44548884839128,54.939040972385556,1784.4477499602363,109.46496815286625
1777228378,16,GET,point_read,5.800000,0.000000,81,98,110,130,140,140,150,150,150,150,150,175,0,83,133.2684478665968,53.12220798805356,1741.2015830050223,104.43428571428572
1777228378,16,GET,trips_per_route,0.400000,0.000000,4100,4200,4200,4200,4200,4200,4200,4200,4200,4200,4200,17,0,4200,4155.387610303211,3635.309750039596,5343.258709006477,1200.0
1777228378,16,,Aggregated,13.200000,0.000000,85,120,140,140,4700,5100,5500,5500,5700,5700,5700,405,0,95,776.7185156462127,53.12220798805356,6045.9434580407105,58123.130864197534
1777228379,16,GET,bulk_update_departures,0.400000,0.000000,140,140,140,140,140,140,140,140,140,140,140,20,0,92,265.76318754523527,64.34241699753329,1850.374958012253,131.25
1777228379,16,GET,large_scan,1.800000,0.000000,5000,5200,5400,5400,5500,5700,5700,5700,5700,5700,5700,37,0,5100,5205.664099129609,4685.802042018622,6045.9434580407105,652260.6216216217
1777228379,16,GET,next_departures,5.000000,0.000000,84,92,120,130,140,150,160,160,160,160,160,165,0,86,172.03769746807995,54.939040972385556,1784.4477499602363,109.44242424242424
1777228379,16,GET,point_read,6.300000,0.000000,80,95,110,110,140,140,150,150,150,150,150,180,0,83,132.00445070979185,53.12220798805356,1741.2015830050223,104.42777777777778
1777228379,16,GET,trips_per_route,0.400000,0.000000,4200,4200,4200,4200,4200,4200,4200,4200,4200,4200,4200,17,0,4200,4155.387610303211,3635.309750039596,5343.258709006477,1200.0
1777228379,16,,Aggregated,13.900000,0.000000,85,110,140,140,4700,5100,5500,5500,5700,5700,5700,419,0,94,765.4258854507173,53.12220798805356,6045.9434580407105,57741.10501193318
1777228380,16,GET,bulk_update_departures,0.200000,0.000000,79,79,140,140,140,140,140,140,140,140,140,21,0,92,256.1127897102519,63.104833010584116,1850.374958012253,131.28571428571428
1777228380,16,GET,large_scan,1.600000,0.000000,5100,5200,5400,5500,5500,5700,5700,5700,5700,5700,5700,37,0,5100,5205.664099129609,4685.802042018622,6045.9434580407105,652260.6216216217
1777228380,16,GET,next_departures,5.000000,0.000000,83,92,120,130,150,150,160,160,160,160,160,169,0,86,170.3673567472731,54.939040972385556,1784.4477499602363,109.45562130177515
1777228380,16,GET,point_read,6.300000,0.000000,83,98,110,120,140,140,150,150,150,150,150,187,0,85,130.80196391839664,53.12220798805356,1741.2015830050223,104.43315508021391
1777228380,16,GET,trips_per_route,0.500000,0.000000,4100,4200,4200,4200,4200,4200,4200,4200,4200,4200,4200,19,0,4100,4113.601315742065,3635.309750039596,5343.258709006477,1200.0526315789473
1777228380,16,,Aggregated,13.600000,0.000000,88,120,140,150,4700,5100,5500,5500,5700,5700,5700,433,0,93,760.7353713483589,53.12220798805356,6045.9434580407105,55882.74364896074
1777228381,16,GET,bulk_update_departures,0.200000,0.000000,140,140,140,140,140,140,140,140,140,140,140,21,0,92,256.1127897102519,63.104833010584116,1850.374958012253,131.28571428571428
1777228381,16,GET,large_scan,1.600000,0.000000,5000,5200,5400,5500,5500,5700,5700,5700,5700,5700,5700,38,0,5100,5195.07036078415,4685.802042018622,6045.9434580407105,652260.6578947369
1777228381,16,GET,next_departures,5.400000,0.000000,83,92,120,130,150,150,160,160,160,160,160,174,0,86,167.8723900765582,54.939040972385556,1784.4477499602363,109.45402298850574
1777228381,16,GET,point_read,6.200000,0.000000,87,100,110,120,140,140,150,150,150,150,150,197,0,85,128.9366266993347,53.12220798805356,1741.2015830050223,104.44162436548223
1777228381,16,GET,trips_per_route,0.300000,0.000000,4100,4200,4200,4200,4200,4200,4200,4200,4200,4200,4200,19,0,4100,4113.601315742065,3635.309750039596,5343.258709006477,1200.0526315789473
1777228381,16,,Aggregated,13.700000,0.000000,89,120,140,140,4700,5000,5400,5500,5700,5700,5700,449,0,92,747.3491728861966,53.12220798805356,6045.9434580407105,55347.62360801782
1777228382,16,GET,bulk_update_departures,0.300000,0.000000,78,78,140,140,140,140,140,140,140,140,140,23,0,82,240.62155799575797,63.104833010584116,1850.374958012253,131.34782608695653
1777228382,16,GET,large_scan,1.400000,0.000000,4900,5100,5200,5300,5500,5700,5700,5700,5700,5700,5700,43,0,5000,5153.842974831838,4685.802042018622,6045.9434580407105,652260.5581395349
1777228382,16,GET,next_departures,5.600000,0.000000,83,92,100,120,140,150,150,160,160,160,160,183,0,85,163.78640960278548,54.939040972385556,1784.4477499602363,109.4535519125683
1777228382,16,GET,point_read,5.900000,0.000000,89,110,120,130,140,140,150,160,160,160,160,206,0,85,128.00839279967053,53.12220798805356,1741.2015830050223,104.44174757281553
1777228382,16,GET,trips_per_route,0.400000,0.000000,4100,4200,4200,4200,4200,4200,4200,4200,4200,4200,4200,19,0,4100,4113.601315742065,3635.309750039596,5343.258709006477,1200.0526315789473
1777228382,16,,Aggregated,13.600000,0.000000,92,120,140,150,4800,5100,5400,5500,5700,5700,5700,474,0,92,762.9759717823049,53.12220798805356,6045.9434580407105,59313.44092827004
1777228383,16,GET,bulk_update_departures,0.300000,0.000000,78,80,80,140,140,140,140,140,140,140,140,24,0,80,233.9382639111136,63.104833010584116,1850.374958012253,131.33333333333334
1777228383,16,GET,large_scan,1.500000,0.000000,4900,5200,5200,5300,5500,5700,5700,5700,5700,5700,5700,43,0,5000,5153.842974831838,4685.802042018622,6045.9434580407105,652260.5581395349
1777228383,16,GET,next_departures,5.000000,0.000000,82,92,110,110,150,150,150,160,160,160,160,191,0,85,160.6993963737748,54.939040972385556,1784.4477499602363,109.45026178010471
1777228383,16,GET,point_read,6.300000,0.000000,89,110,120,130,140,140,150,160,160,160,160,217,0,86,125.99149788381138,53.12220798805356,1741.2015830050223,104.4331797235023
1777228383,16,GET,trips_per_route,0.500000,0.000000,4100,4200,4200,4200,4200,4200,4200,4200,4200,4200,4200,19,0,4100,4113.601315742065,3635.309750039596,5343.258709006477,1200.0526315789473
1777228383,16,,Aggregated,13.600000,0.000000,90,110,140,140,4700,5000,5400,5500,5700,5700,5700,494,0,92,735.6719250990142,53.12220798805356,6045.9434580407105,56916.445344129555
1777228384,16,GET,bulk_update_departures,0.400000,0.000000,80,86,140,140,150,150,150,150,150,150,150,26,0,82,225.12749360892207,63.104833010584116,1850.374958012253,131.3846153846154
1777228384,16,GET,large_scan,1.600000,0.000000,5000,5200,5300,5300,5500,5700,5700,5700,5700,5700,5700,44,0,5000,5158.263505699738,4685.802042018622,6045.9434580407105,652260.5681818182
1777228384,16,GET,next_departures,4.900000,0.000000,85,100,110,120,150,150,150,150,150,150,150,196,0,85,159.65871385426965,54.939040972385556,1784.4477499602363,109.45918367346938
1777228384,16,GET,point_read,6.600000,0.000000,92,110,120,130,140,150,150,160,160,160,160,221,0,86,125.89386839717753,53.12220798805356,1741.2015830050223,104.42986425339366
1777228384,16,GET,trips_per_route,0.300000,0.000000,3800,3800,4100,4100,4100,4100,4100,4100,4100,4100,4100,19,0,4100,4113.601315742065,3635.309750039596,5343.258709006477,1200.0526315789473
1777228384,16,,Aggregated,13.800000,0.000000,92,120,140,140,4700,4900,5300,5300,5400,5400,5400,506,0,93,731.4051124801042,53.12220798805356,6045.9434580407105,56858.13241106719
1777228385,16,GET,bulk_update_departures,0.400000,0.000000,78,80,86,86,150,150,150,150,150,150,150,27,0,82,219.4365416588779,63.104833010584116,1850.374958012253,131.37037037037038
1777228385,16,GET,large_scan,1.800000,0.000000,5000,5100,5200,5200,5300,5400,5400,5400,5400,5400,5400,45,0,5100,5157.003798172809,4685.802042018622,6045.9434580407105,652260.5777777778
1777228385,16,GET,next_departures,5.700000,0.000000,86,110,120,120,150,150,150,160,160,160,160,204,0,86,158.03647058012703,54.939040972385556,1784.4477499602363,109.44607843137256
1777228385,16,GET,point_read,6.800000,0.000000,94,110,130,140,140,140,150,160,160,160,160,224,0,86,125.49869214620101,53.12220798805356,1741.2015830050223,104.4375
1777228385,16,GET,trips_per_route,0.300000,0.000000,3800,3800,4100,4100,4100,4100,4100,4100,4100,4100,4100,19,0,4100,4113.601315742065,3635.309750039596,5343.258709006477,1200.0526315789473
1777228385,16,,Aggregated,15.000000,0.000000,98,120,140,150,4700,5000,5300,5300,5400,5400,5400,519,0,94,725.4326196161085,53.12220798805356,6045.9434580407105,56693.24662813102
1777228386,16,GET,bulk_update_departures,0.500000,0.000000,80,86,110,110,150,150,150,150,150,150,150,28,0,82,215.39441963666053,63.104833010584116,1850.374958012253,131.39285714285714
1777228386,16,GET,large_scan,1.800000,0.000000,4900,5100,5100,5200,5300,5300,5300,5300,5300,5300,5300,46,0,5100,5158.549367777912,4685.802042018622,6045.9434580407105,652260.5869565217
1777228386,16,GET,next_departures,5.700000,0.000000,92,110,120,120,150,150,160,160,160,160,160,208,0,87,157.45916466011505,54.939040972385556,1784.4477499602363,109.4423076923077
1777228386,16,GET,point_read,7.000000,0.000000,92,110,120,130,140,140,160,160,160,160,160,233,0,86,124.63872299465659,53.12220798805356,1741.2015830050223,104.42489270386267
1777228386,16,GET,trips_per_route,0.300000,0.000000,3800,3800,4100,4100,4100,4100,4100,4100,4100,4100,4100,19,0,4100,4113.601315742065,3635.309750039596,5343.258709006477,1200.0526315789473
1777228386,16,,Aggregated,15.300000,0.000000,98,120,140,140,3800,4800,5200,5300,5300,5300,5300,534,0,95,717.7435737336491,53.12220798805356,6045.9434580407105,56325.02247191011
1777228387,16,GET,bulk_update_departures,0.700000,0.000000,80,86,110,110,150,150,150,150,150,150,150,28,0,82,215.39441963666053,63.104833010584116,1850.374958012253,131.39285714285714
1777228387,16,GET,large_scan,1.500000,0.000000,4800,5000,5100,5200,5300,5300,5300,5300,5300,5300,5300,47,0,5100,5149.718953037704,4685.802042018622,6045.9434580407105,652260.5957446808
1777228387,16,GET,next_departures,5.800000,0.000000,92,110,120,130,150,160,160,160,160,160,160,211,0,88,157.21552704860372,54.939040972385556,1784.4477499602363,109.42654028436019
1777228387,16,GET,point_read,7.000000,0.000000,94,110,120,130,140,150,160,160,160,160,160,239,0,87,124.13159344212842,53.12220798805356,1741.2015830050223,104.418410041841
1777228387,16,GET,trips_per_route,0.300000,0.000000,3800,3800,4100,4100,4100,4100,4100,4100,4100,4100,4100,20,0,3900,4089.567324955715,3632.9215000150725,5343.258709006477,1200.1
1777228387,16,,Aggregated,15.300000,0.000000,99,120,140,150,3700,4800,5200,5300,5300,5300,5300,545,0,96,720.5488221681412,53.12220798805356,6045.9434580407105,56388.943119266056
1777228388,16,GET,bulk_update_departures,0.700000,0.000000,82,86,110,140,150,150,150,150,150,150,150,30,0,82,208.52534025907516,63.104833010584116,1850.374958012253,131.33333333333334
1777228388,16,GET,large_scan,1.700000,0.000000,4900,5100,5200,5200,5300,5300,5300,5300,5300,5300,5300,51,0,5100,5140.249950191526,4685.802042018622,6045.9434580407105,652260.6666666666
1777228388,16,GET,next_departures,6.100000,0.000000,96,110,120,130,150,160,160,160,160,160,160,215,0,88,156.12812654959947,54.939040972385556,1784.4477499602363,109.43255813953489
1777228388,16,GET,point_read,6.500000,0.000000,94,120,130,130,140,150,160,160,160,160,160,248,0,86,123.25080325653319,53.12220798805356,1741.2015830050223,104.41532258064517
1777228388,16,GET,trips_per_route,0.300000,0.000000,3700,3700,3800,3800,3800,3800,3800,3800,3800,3800,3800,20,0,3900,4089.567324955715,3632.9215000150725,5343.258709006477,1200.1
1777228388,16,,Aggregated,15.300000,0.000000,100,120,140,150,3700,4800,5200,5300,5300,5300,5300,564,0,97,734.6340435858839,53.12220798805356,6045.9434580407105,59118.18971631206
1777228389,16,GET,bulk_update_departures,0.800000,0.000000,82,100,110,110,140,150,150,150,150,150,150,31,0,86,205.05392470306927,63.104833010584116,1850.374958012253,131.32258064516128
1777228389,16,GET,large_scan,1.300000,0.000000,5000,5200,5200,5200,5300,5300,5300,5300,5300,5300,5300,53,0,5100,5140.774437127512,4685.802042018622,6045.9434580407105,652260.6981132076
1777228389,16,GET,next_departures,6.100000,0.000000,110,120,140,150,160,160,160,160,160,160,160,227,0,90,154.20136269205557,54.939040972385556,1784.4477499602363,109.44493392070484
1777228389,16,GET,point_read,6.700000,0.000000,98,120,130,140,140,150,160,160,160,160,160,256,0,87,122.59998550575801,53.12220798805356,1741.2015830050223,104.3984375
1777228389,16,GET,trips_per_route,0.300000,0.000000,3700,3700,3700,3700,3700,3700,3700,3700,3700,3700,3700,20,0,3900,4089.567324955715,3632.9215000150725,5343.258709006477,1200.1
1777228389,16,,Aggregated,15.200000,0.000000,110,130,140,150,3700,4900,5200,5300,5300,5300,5300,587,0,98,727.4248193411214,53.12220798805356,6045.9434580407105,59028.040885860304
1777228390,16,GET,bulk_update_departures,0.800000,0.000000,86,110,140,140,140,150,150,150,150,150,150,32,0,86,203.08334111905424,63.104833010584116,1850.374958012253,131.3125
1777228390,16,GET,large_scan,1.400000,0.000000,5000,5200,5200,5300,5300,5300,5300,5300,5300,5300,5300,53,0,5100,5140.774437127512,4685.802042018622,6045.9434580407105,652260.6981132076
1777228390,16,GET,next_departures,5.900000,0.000000,110,120,130,140,150,160,160,160,160,160,160,235,0,90,152.4367035361641,54.939040972385556,1784.4477499602363,109.44255319148937
1777228390,16,GET,point_read,7.000000,0.000000,98,120,130,140,150,160,160,220,220,220,220,267,0,87,122.0388458108648,53.12220798805356,1741.2015830050223,104.4119850187266
1777228390,16,GET,trips_per_route,0.300000,0.000000,3700,3700,3700,3700,3700,3700,3700,3700,3700,3700,3700,20,0,3900,4089.567324955715,3632.9215000150725,5343.258709006477,1200.1
1777228390,16,,Aggregated,15.400000,0.000000,110,130,140,150,220,4900,5200,5300,5300,5300,5300,607,0,98,707.0149188553239,53.12220798805356,6045.9434580407105,57086.68533772652
1777228391,16,GET,bulk_update_departures,1.000000,0.000000,100,110,140,140,150,150,150,150,150,150,150,32,0,86,203.08334111905424,63.104833010584116,1850.374958012253,131.3125
1777228391,16,GET,large_scan,1.500000,0.000000,5200,5200,5300,5300,5300,5400,5400,5400,5400,5400,5400,55,0,5100,5141.044897741681,4685.802042018622,6045.9434580407105,652260.7090909091
1777228391,16,GET,next_departures,5.700000,0.000000,110,120,130,140,160,160,160,160,160,160,160,236,0,90,152.09123851278585,54.939040972385556,1784.4477499602363,109.44491525423729
1777228391,16,GET,point_read,7.200000,0.000000,98,120,130,140,150,160,160,220,220,220,220,279,0,87,121.08331719913276,53.12220798805356,1741.2015830050223,104.41935483870968
1777228391,16,GET,trips_per_route,0.300000,0.000000,3700,3700,3900,3900,3900,3900,3900,3900,3900,3900,3900,21,0,3900,4082.074706337326,3632.9215000150725,5343.258709006477,1200.095238095238
1777228391,16,,Aggregated,15.700000,0.000000,110,130,140,150,220,5000,5300,5300,5400,5400,5400,623,0,98,713.7327173551549,53.12220798805356,6045.9434580407105,57718.62760834671
1777228392,16,GET,bulk_update_departures,1.000000,0.000000,110,140,140,140,150,150,150,150,150,150,150,32,0,86,203.08334111905424,63.104833010584116,1850.374958012253,131.3125
1777228392,16,GET,large_scan,1.600000,0.000000,5100,5200,5200,5300,5300,5400,5400,5400,5400,5400,5400,56,0,5000,5135.044273818494,4685.802042018622,6045.9434580407105,652260.7321428572
1777228392,16,GET,next_departures,6.000000,0.000000,120,130,150,150,160,160,160,160,160,160,160,239,0,90,151.69750556917705,54.939040972385556,1784.4477499602363,109.43933054393305
1777228392,16,GET,point_read,7.800000,0.000000,96,120,130,140,150,150,160,220,220,220,220,283,0,87,120.56938809706325,53.12220798805356,1741.2015830050223,104.40989399293287
1777228392,16,GET,trips_per_route,0.200000,0.000000,3700,3700,3900,3900,3900,3900,3900,3900,3900,3900,3900,21,0,3900,4082.074706337326,3632.9215000150725,5343.258709006477,1200.095238095238
1777228392,16,,Aggregated,16.600000,0.000000,110,130,150,150,3600,5000,5300,5300,5400,5400,5400,631,0,98,713.4097555391941,53.12220798805356,6045.9434580407105,58021.72583201268
1777228393,16,GET,bulk_update_departures,1.100000,0.000000,110,140,140,140,150,150,150,150,150,150,150,33,0,86,198.85309593342808,63.104833010584116,1850.374958012253,131.3030303030303
1777228393,16,GET,large_scan,1.500000,0.000000,5100,5200,5200,5300,5300,5400,5400,5400,5400,5400,5400,56,0,5000,5135.044273818494,4685.802042018622,6045.9434580407105,652260.7321428572
1777228393,16,GET,next_departures,6.500000,0.000000,120,130,140,150,160,160,160,160,160,160,160,242,0,90,150.91629647952888,54.939040972385556,1784.4477499602363,109.44214876033058
1777228393,16,GET,point_read,7.800000,0.000000,98,120,130,140,150,150,160,220,220,220,220,288,0,87,120.20188656747956,53.12220798805356,1741.2015830050223,104.41319444444444
1777228393,16,GET,trips_per_route,0.200000,0.000000,3700,3700,3900,3900,3900,3900,3900,3900,3900,3900,3900,22,0,3900,4064.9364052753135,3632.9215000150725,5343.258709006477,1200.1363636363637
1777228393,16,,Aggregated,17.100000,0.000000,120,130,150,150,3600,4900,5200,5300,5400,5400,5400,641,0,98,709.3496403980902,53.12220798805356,6045.9434580407105,57119.95787831513
1777228394,16,GET,bulk_update_departures,0.900000,0.000000,110,140,140,140,150,150,150,150,150,150,150,33,0,86,198.85309593342808,63.104833010584116,1850.374958012253,131.3030303030303
1777228394,16,GET,large_scan,1.400000,0.000000,5100,5200,5200,5200,5300,5400,5400,5400,5400,5400,5400,56,0,5000,5135.044273818494,4685.802042018622,6045.9434580407105,652260.7321428572
1777228394,16,GET,next_departures,6.000000,0.000000,120,130,150,150,160,160,160,160,160,160,160,243,0,90,150.91051250636778,54.939040972385556,1784.4477499602363,109.44444444444444
1777228394,16,GET,point_read,8.200000,0.000000,99,120,130,140,150,150,160,220,220,220,220,292,0,87,120.233637409138,53.12220798805356,1741.2015830050223,104.41438356164383
1777228394,16,GET,trips_per_route,0.200000,0.000000,3700,3700,3900,3900,3900,3900,3900,3900,3900,3900,3900,22,0,3900,4064.9364052753135,3632.9215000150725,5343.258709006477,1200.1363636363637
1777228394,16,,Aggregated,16.700000,0.000000,120,130,150,150,3700,5000,5200,5300,5400,5400,5400,646,0,98,704.8493948579123,53.12220798805356,6045.9434580407105,56678.67027863777
1777228395,16,GET,bulk_update_departures,0.800000,0.000000,110,110,140,140,140,140,140,140,140,140,140,33,0,86,198.85309593342808,63.104833010584116,1850.374958012253,131.3030303030303
1777228395,16,GET,large_scan,1.300000,0.000000,5000,5200,5200,5200,5300,5400,5400,5400,5400,5400,5400,58,0,5000,5120.755230618544,4674.1962500382215,6045.9434580407105,652260.7586206896
1777228395,16,GET,next_departures,5.300000,0.000000,110,120,140,150,160,160,160,160,160,160,160,246,0,90,150.19363904493952,54.939040972385556,1784.4477499602363,109.4430894308943
1777228395,16,GET,point_read,7.400000,0.000000,99,120,130,140,150,150,160,220,220,220,220,295,0,87,119.95957696759064,53.12220798805356,1741.2015830050223,104.4135593220339
1777228395,16,GET,trips_per_route,0.200000,0.000000,3800,3900,3900,3900,3900,3900,3900,3900,3900,3900,3900,24,0,3900,4044.3140485852687,3632.9215000150725,5343.258709006477,1200.1666666666667
1777228395,16,,Aggregated,15.000000,0.000000,110,130,150,150,3900,4900,5200,5300,5400,5400,5400,656,0,99,720.9835413387492,53.12220798805356,6045.9434580407105,57807.90548780488
1777228396,16,GET,bulk_update_departures,0.800000,0.000000,110,110,140,140,140,140,140,140,140,140,140,33,0,86,198.85309593342808,63.104833010584116,1850.374958012253,131.3030303030303
1777228396,16,GET,large_scan,1.200000,0.000000,4900,5200,5200,5300,5400,5500,5500,5500,5500,5500,5500,60,0,5000,5122.228150697386,4674.1962500382215,6045.9434580407105,652260.7833333333
1777228396,16,GET,next_departures,4.900000,0.000000,110,120,140,150,160,160,160,160,160,160,160,250,0,89,149.1886376561597,54.939040972385556,1784.4477499602363,109.436
1777228396,16,GET,point_read,7.200000,0.000000,90,120,130,140,150,150,160,220,220,220,220,300,0,87,119.12562290478188,53.12220798805356,1741.2015830050223,104.41333333333333
1777228396,16,GET,trips_per_route,0.300000,0.000000,3900,3900,3900,3900,4000,4000,4000,4000,4000,4000,4000,25,0,3900,4042.6968032796867,3632.9215000150725,5343.258709006477,1200.2
1777228396,16,,Aggregated,14.400000,0.000000,110,140,150,160,4700,4900,5300,5400,5500,5500,5500,668,0,98,730.5360891843009,53.12220798805356,6045.9434580407105,58725.55089820359
1777228397,16,GET,bulk_update_departures,0.600000,0.000000,100,140,140,140,140,140,140,140,140,140,140,33,0,86,198.85309593342808,63.104833010584116,1850.374958012253,131.3030303030303
1777228397,16,GET,large_scan,1.300000,0.000000,5000,5200,5300,5400,5500,5600,5600,5600,5600,5600,5600,63,0,5000,5116.672005950629,4210.523791029118,6045.9434580407105,652260.8253968254
1777228397,16,GET,next_departures,4.400000,0.000000,93,120,140,140,150,160,160,160,160,160,160,254,0,88,148.16147735430383,54.939040972385556,1784.4477499602363,109.4251968503937
1777228397,16,GET,point_read,7.100000,0.000000,89,110,130,130,140,150,160,220,220,220,220,307,0,87,118.57114113804334,53.12220798805356,1741.2015830050223,104.41693811074919
1777228397,16,GET,trips_per_route,0.400000,0.000000,3900,3900,3900,3900,4000,4000,4000,4000,4000,4000,4000,25,0,3900,4042.6968032796867,3632.9215000150725,5343.258709006477,1200.2
1777228397,16,,Aggregated,13.800000,0.000000,110,130,140,150,4700,5200,5400,5500,5600,5600,5600,682,0,98,739.0238478006706,53.12220798805356,6045.9434580407105,60390.93841642229
1777228398,16,GET,bulk_update_departures,0.600000,0.000000,100,100,140,140,140,140,140,140,140,140,140,33,0,86,198.85309593342808,63.104833010584116,1850.374958012253,131.3030303030303
1777228398,16,GET,large_scan,1.200000,0.000000,5200,5200,5400,5400,5500,5600,5600,5600,5600,5600,5600,64,0,5000,5118.736678373352,4210.523791029118,6045.9434580407105,652260.828125
1777228398,16,GET,next_departures,4.100000,0.000000,93,120,140,150,160,160,200,200,200,200,200,260,0,88,147.36269502318464,54.939040972385556,1784.4477499602363,109.41923076923077
1777228398,16,GET,point_read,6.900000,0.000000,89,110,130,130,140,150,180,220,220,220,220,312,0,87,118.29272875127991,53.12220798805356,1741.2015830050223,104.40705128205128
1777228398,16,GET,trips_per_route,0.500000,0.000000,3900,3900,3900,4000,4000,4000,4000,4000,4000,4000,4000,25,0,3900,4042.6968032796867,3632.9215000150725,5343.258709006477,1200.2
1777228398,16,,Aggregated,13.300000,0.000000,110,130,150,150,4000,4900,5400,5500,5600,5600,5600,694,0,98,735.5192388186126,53.12220798805356,6045.9434580407105,60288.26368876081
1777228399,16,GET,bulk_update_departures,0.500000,0.000000,140,140,140,140,140,140,140,140,140,140,140,33,0,86,198.85309593342808,63.104833010584116,1850.374958012253,131.3030303030303
1777228399,16,GET,large_scan,1.700000,0.000000,4900,5200,5300,5400,5500,5600,5600,5600,5600,5600,5600,67,0,5000,5115.315009938873,4210.523791029118,6045.9434580407105,652260.8656716418
1777228399,16,GET,next_departures,4.100000,0.000000,100,120,130,140,150,160,200,200,200,200,200,265,0,90,146.78012153182073,54.939040972385556,1784.4477499602363,109.41509433962264
1777228399,16,GET,point_read,6.600000,0.000000,89,120,130,130,140,150,160,180,180,180,180,320,0,87,117.9027277195928,53.12220798805356,1741.2015830050223,104.40625
1777228399,16,GET,trips_per_route,0.600000,0.000000,3900,3900,3900,4000,4000,4000,4000,4000,4000,4000,4000,25,0,3900,4042.6968032796867,3632.9215000150725,5343.258709006477,1200.2
1777228399,16,,Aggregated,13.500000,0.000000,110,130,150,160,4800,5200,5400,5500,5600,5600,5600,710,0,100,742.2271591407069,53.12220798805356,6045.9434580407105,61687.6352112676
1777228400,16,GET,bulk_update_departures,0.500000,0.000000,130,130,140,140,140,140,140,140,140,140,140,35,0,86,192.9218047365014,61.199790972750634,1850.374958012253,131.25714285714287
1777228400,16,GET,large_scan,1.600000,0.000000,4900,5200,5400,5500,5500,5600,5600,5600,5600,5600,5600,68,0,5000,5121.05789398415,4210.523791029118,6045.9434580407105,652260.8823529412
1777228400,16,GET,next_departures,4.400000,0.000000,100,120,130,140,150,160,200,200,200,200,200,270,0,90,145.9945768365826,54.939040972385556,1784.4477499602363,109.41111111111111
1777228400,16,GET,point_read,6.600000,0.000000,84,110,120,130,140,150,150,180,180,180,180,327,0,87,117.30983956333888,53.12220798805356,1741.2015830050223,104.41590214067278
1777228400,16,GET,trips_per_route,0.500000,0.000000,3900,3900,3900,4000,4000,4000,4000,4000,4000,4000,4000,25,0,3900,4042.6968032796867,3632.9215000150725,5343.258709006477,1200.2
1777228400,16,,Aggregated,13.600000,0.000000,110,130,150,160,4800,5200,5500,5500,5600,5600,5600,725,0,100,736.3178942369393,53.12220798805356,6045.9434580407105,61313.136551724136
1777228401,16,GET,bulk_update_departures,0.300000,0.000000,79,79,130,130,130,130,130,130,130,130,130,36,0,82,189.75024999397445,61.199790972750634,1850.374958012253,131.25
1777228401,16,GET,large_scan,1.300000,0.000000,4900,5200,5200,5300,5500,5600,5600,5600,5600,5600,5600,72,0,5000,5092.647061331566,4072.1202080021612,6045.9434580407105,652260.9305555555
1777228401,16,GET,next_departures,4.600000,0.000000,110,130,140,150,150,160,200,200,200,200,200,277,0,91,145.46375434626304,54.939040972385556,1784.4477499602363,109.41516245487365
1777228401,16,GET,point_read,6.300000,0.000000,93,120,120,130,130,140,150,180,180,180,180,332,0,87,117.05565987998501,53.12220798805356,1741.2015830050223,104.41265060240964
1777228401,16,GET,trips_per_route,0.500000,0.000000,3900,3900,4000,4000,4000,4000,4000,4000,4000,4000,4000,25,0,3900,4042.6968032796867,3632.9215000150725,5343.258709006477,1200.2
1777228401,16,,Aggregated,13.000000,0.000000,110,130,150,180,4800,5200,5500,5500,5600,5600,5600,742,0,100,746.2600492341212,53.12220798805356,6045.9434580407105,63426.536388140164
1777228402,16,GET,bulk_update_departures,0.200000,0.000000,79,80,80,130,130,130,130,130,130,130,130,37,0,82,186.79285810228336,61.199790972750634,1850.374958012253,131.27027027027026
1777228402,16,GET,large_scan,1.400000,0.000000,4900,5200,5300,5300,5500,5600,5600,5600,5600,5600,5600,74,0,5000,5094.4791092282485,4072.1202080021612,6045.9434580407105,652260.9459459459
1777228402,16,GET,next_departures,3.800000,0.000000,100,130,140,140,150,160,200,200,200,200,200,283,0,91,144.45317225068374,54.939040972385556,1784.4477499602363,109.40636042402826
1777228402,16,GET,point_read,6.100000,0.000000,91,120,120,130,130,150,180,180,180,180,180,338,0,87,116.72914828436956,53.12220798805356,1741.2015830050223,104.4171597633136
1777228402,16,GET,trips_per_route,0.500000,0.000000,3900,3900,4000,4000,4000,4000,4000,4000,4000,4000,4000,25,0,3900,4042.6968032796867,3632.9215000150725,5343.258709006477,1200.2
1777228402,16,,Aggregated,12.000000,0.000000,110,130,150,180,4800,5200,5500,5500,5600,5600,5600,757,0,100,746.7700261317403,53.12220798805356,6045.9434580407105,63894.88375165126
1777228403,16,GET,bulk_update_departures,0.300000,0.000000,80,80,91,91,130,130,130,130,130,130,130,38,0,82,184.26030262459167,61.199790972750634,1850.374958012253,131.26315789473685
1777228403,16,GET,large_scan,1.600000,0.000000,4900,5200,5300,5300,5500,5600,5600,5600,5600,5600,5600,74,0,5000,5094.4791092282485,4072.1202080021612,6045.9434580407105,652260.9459459459
1777228403,16,GET,next_departures,3.400000,0.000000,100,120,140,140,150,160,200,200,200,200,200,290,0,91,143.05749065162422,54.61004201788455,1784.4477499602363,109.40344827586208
1777228403,16,GET,point_read,5.900000,0.000000,86,110,120,130,130,160,180,180,180,180,180,346,0,87,116.2440210583854,53.12220798805356,1741.2015830050223,104.41907514450867
1777228403,16,GET,trips_per_route,0.400000,0.000000,4000,4000,4100,4100,4100,4100,4100,4100,4100,4100,4100,26,0,3900,4044.73818903968,3632.9215000150725,5343.258709006477,1200.1923076923076
1777228403,16,,Aggregated,11.600000,0.000000,110,130,140,180,4800,5200,5500,5500,5600,5600,5600,774,0,100,737.5499251586938,53.12220798805356,6045.9434580407105,62495.295865633074
1777228404,16,GET,bulk_update_departures,0.400000,0.000000,80,80,91,91,130,130,130,130,130,130,130,38,0,82,184.26030262459167,61.199790972750634,1850.374958012253,131.26315789473685
1777228404,16,GET,large_scan,1.700000,0.000000,4900,5200,5300,5300,5500,5600,5600,5600,5600,5600,5600,75,0,5000,5091.776943878892,4072.1202080021612,6045.9434580407105,652260.9466666667
1777228404,16,GET,next_departures,4.100000,0.000000,100,120,140,140,150,180,200,200,200,200,200,296,0,91,142.6283825877928,54.61004201788455,1784.4477499602363,109.4054054054054
1777228404,16,GET,point_read,5.200000,0.000000,82,96,120,120,130,160,180,180,180,180,180,353,0,87,115.47162179672225,53.12220798805356,1741.2015830050223,104.41076487252124
1777228404,16,GET,trips_per_route,0.400000,0.000000,4000,4000,4100,4100,4100,4100,4100,4100,4100,4100,4100,27,0,3900,4033.8551156671233,3632.9215000150725,5343.258709006477,1200.2222222222222
1777228404,16,,Aggregated,11.800000,0.000000,96,130,140,160,4800,5200,5500,5500,5600,5600,5600,789,0,99,736.0947200936544,53.12220798805356,6045.9434580407105,62137.14321926489
1777228405,16,GET,bulk_update_departures,0.500000,0.000000,80,91,130,130,220,220,220,220,220,220,220,39,0,86,185.19136324996512,61.199790972750634,1850.374958012253,131.28205128205127
1777228405,16,GET,large_scan,1.800000,0.000000,4900,5200,5300,5300,5500,5600,5600,5600,5600,5600,5600,75,0,5000,5091.776943878892,4072.1202080021612,6045.9434580407105,652260.9466666667
1777228405,16,GET,next_departures,4.600000,0.000000,110,130,140,140,180,200,230,300,300,300,300,302,0,92,143.14545818183583,54.61004201788455,1784.4477499602363,109.41059602649007
1777228405,16,GET,point_read,5.300000,0.000000,90,110,120,120,140,170,180,200,200,200,200,358,0,87,116.05257982441469,53.12220798805356,1741.2015830050223,104.41620111731844
1777228405,16,GET,trips_per_route,0.400000,0.000000,4000,4000,4100,4100,4100,4100,4100,4100,4100,4100,4100,28,0,3900,4019.8788496075263,3632.9215000150725,5343.258709006477,1200.25
1777228405,16,,Aggregated,12.600000,0.000000,110,130,150,180,4700,5000,5500,5500,5600,5600,5600,802,0,100,731.2208150807121,53.12220798805356,6045.9434580407105,61133.06857855362
1777228406,16,GET,bulk_update_departures,0.500000,0.000000,91,91,130,130,220,220,220,220,220,220,220,39,0,86,185.19136324996512,61.199790972750634,1850.374958012253,131.28205128205127
1777228406,16,GET,large_scan,1.800000,0.000000,4900,5000,5200,5300,5300,5500,5500,5500,5500,5500,5500,78,0,5000,5081.085104691551,4072.1202080021612,6045.9434580407105,652260.9615384615
1777228406,16,GET,next_departures,4.900000,0.000000,110,130,140,150,180,200,230,300,300,300,300,303,0,92,143.1763881877781,54.61004201788455,1784.4477499602363,109.40924092409242
1777228406,16,GET,point_read,5.800000,0.000000,94,120,120,130,170,180,200,300,300,300,300,367,0,89,116.67812713951618,53.12220798805356,1741.2015830050223,104.41961852861036
1777228406,16,GET,trips_per_route,0.400000,0.000000,3800,4000,4000,4100,4100,4100,4100,4100,4100,4100,4100,29,0,3900,4008.5235861378947,3632.9215000150725,5343.258709006477,1200.2758620689656
1777228406,16,,Aggregated,13.400000,0.000000,110,130,150,180,4100,4900,5300,5300,5500,5500,5500,816,0,100,742.6441220732694,53.12220798805356,6045.9434580407105,62484.99509803922
1777228407,16,GET,bulk_update_departures,0.500000,0.000000,91,91,130,130,220,220,220,220,220,220,220,39,0,86,185.19136324996512,61.199790972750634,1850.374958012253,131.28205128205127
1777228407,16,GET,large_scan,1.800000,0.000000,4900,5000,5000,5300,5300,5500,5500,5500,5500,5500,5500,78,0,5000,5081.085104691551,4072.1202080021612,6045.9434580407105,652260.9615384615
1777228407,16,GET,next_departures,5.300000,0.000000,110,130,140,150,160,200,230,300,300,300,300,306,0,92,143.13644470568607,54.61004201788455,1784.4477499602363,109.41176470588235
1777228407,16,GET,point_read,6.200000,0.000000,100,120,130,140,170,200,210,300,300,300,300,374,0,89,117.38669015822016,53.12220798805356,1741.2015830050223,104.42245989304813
1777228407,16,GET,trips_per_route,0.400000,0.000000,3800,4000,4000,4100,4100,4100,4100,4100,4100,4100,4100,29,0,3900,4008.5235861378947,3632.9215000150725,5343.258709006477,1200.2758620689656
1777228407,16,,Aggregated,14.200000,0.000000,110,140,160,180,4100,4900,5300,5300,5500,5500,5500,826,0,100,735.4681108108994,53.12220798805356,6045.9434580407105,61729.802663438255
1777228408,16,GET,bulk_update_departures,0.600000,0.000000,91,91,130,130,220,220,220,220,220,220,220,39,0,86,185.19136324996512,61.199790972750634,1850.374958012253,131.28205128205127
1777228408,16,GET,large_scan,1.800000,0.000000,4900,5000,5000,5300,5300,5500,5500,5500,5500,5500,5500,78,0,5000,5081.085104691551,4072.1202080021612,6045.9434580407105,652260.9615384615
1777228408,16,GET,next_departures,5.400000,0.000000,110,140,150,150,180,200,300,300,300,300,300,307,0,92,143.19274795422913,54.61004201788455,1784.4477499602363,109.41042345276873
1777228408,16,GET,point_read,6.200000,0.000000,110,130,130,150,170,200,210,300,300,300,300,377,0,90,117.61902816734457,53.12220798805356,1741.2015830050223,104.42705570291777
1777228408,16,GET,trips_per_route,0.400000,0.000000,3800,3800,4000,4000,4100,4100,4100,4100,4100,4100,4100,30,0,3900,4003.1797777007646,3632.9215000150725,5343.258709006477,1200.2666666666667
1777228408,16,,Aggregated,14.400000,0.000000,120,140,160,180,4100,4900,5300,5300,5500,5500,5500,831,0,100,736.395958970818,53.12220798805356,6045.9434580407105,61360.33814681107
1777228409,16,GET,bulk_update_departures,0.600000,0.000000,91,130,220,220,240,240,240,240,240,240,240,40,0,86,186.5261708429898,61.199790972750634,1850.374958012253,131.25
1777228409,16,GET,large_scan,1.500000,0.000000,4900,5000,5000,5300,5500,5600,5600,5600,5600,5600,5600,81,0,5000,5083.122652246082,4072.1202080021612,6045.9434580407105,652260.975308642
1777228409,16,GET,next_departures,5.300000,0.000000,110,140,150,150,180,220,300,300,300,300,300,310,0,92,143.1677693450418,54.61004201788455,1784.4477499602363,109.40967741935484
1777228409,16,GET,point_read,6.600000,0.000000,110,130,160,170,200,250,270,300,300,300,300,382,0,90,118.9436177856896,53.12220798805356,1741.2015830050223,104.42670157068063
1777228409,16,GET,trips_per_route,0.400000,0.000000,3800,3800,3800,3800,4100,4100,4100,4100,4100,4100,4100,31,0,3900,3991.999331903043,3632.9215000150725,5343.258709006477,1200.258064516129
1777228409,16,,Aggregated,14.400000,0.000000,130,160,180,230,4100,4900,5300,5500,5600,5600,5600,844,0,100,749.720890338558,53.12220798805356,6045.9434580407105,62736.26184834123
1777228410,16,GET,bulk_update_departures,0.600000,0.000000,91,220,220,240,240,240,240,240,240,240,240,40,0,86,186.5261708429898,61.199790972750634,1850.374958012253,131.25
1777228410,16,GET,large_scan,1.400000,0.000000,4900,5000,5000,5000,5300,5600,5600,5600,5600,5600,5600,82,0,5000,5082.685915633281,4072.1202080021612,6045.9434580407105,652260.987804878
1777228410,16,GET,next_departures,5.100000,0.000000,130,150,150,180,220,260,300,300,300,300,300,315,0,94,144.17645237168355,54.61004201788455,1784.4477499602363,109.41269841269842
1777228410,16,GET,point_read,6.700000,0.000000,120,140,160,170,200,270,270,300,300,300,300,384,0,90,118.85305575833627,53.12220798805356,1741.2015830050223,104.42708333333333
1777228410,16,GET,trips_per_route,0.400000,0.000000,3800,3800,3800,3800,4100,4100,4100,4100,4100,4100,4100,31,0,3900,3991.999331903043,3632.9215000150725,5343.258709006477,1200.258064516129
1777228410,16,,Aggregated,14.200000,0.000000,130,170,200,250,4100,4900,5000,5300,5600,5600,5600,852,0,100,750.0568393344183,53.12220798805356,6045.9434580407105,62913.64319248826
1777228411,16,GET,bulk_update_departures,0.600000,0.000000,91,220,220,240,240,240,240,240,240,240,240,41,0,86,183.32784148018308,55.39466696791351,1850.374958012253,131.2439024390244
1777228411,16,GET,large_scan,1.300000,0.000000,5000,5000,5000,5000,5300,5600,5600,5600,5600,5600,5600,84,0,5000,5077.412125974661,4072.1202080021612,6045.9434580407105,652261.0
1777228411,16,GET,next_departures,4.600000,0.000000,130,150,160,180,230,300,300,300,300,300,300,317,0,94,143.98704218323422,54.61004201788455,1784.4477499602363,109.41640378548895
1777228411,16,GET,point_read,6.600000,0.000000,120,150,160,170,200,270,270,300,300,300,300,386,0,90,118.81307986567347,53.12220798805356,1741.2015830050223,104.42746113989638
1777228411,16,GET,trips_per_route,0.500000,0.000000,3800,3800,3800,3800,4100,4100,4100,4100,4100,4100,4100,31,0,3900,3991.999331903043,3632.9215000150725,5343.258709006477,1200.258064516129
1777228411,16,,Aggregated,13.600000,0.000000,140,170,220,260,4700,5000,5000,5300,5600,5600,5600,859,0,100,755.8518982209413,53.12220798805356,6045.9434580407105,63920.26426076834
1777228412,16,GET,bulk_update_departures,0.700000,0.000000,220,220,240,240,240,240,240,240,240,240,240,41,0,86,183.32784148018308,55.39466696791351,1850.374958012253,131.2439024390244
1777228412,16,GET,large_scan,1.400000,0.000000,5000,5000,5200,5300,5400,5600,5600,5600,5600,5600,5600,87,0,5000,5078.71214365426,4072.1202080021612,6045.9434580407105,652261.0114942528
1777228412,16,GET,next_departures,4.600000,0.000000,120,150,160,180,230,300,300,300,300,300,300,323,0,93,142.81890091962748,54.61004201788455,1784.4477499602363,109.41486068111455
1777228412,16,GET,point_read,6.200000,0.000000,120,150,160,170,210,270,300,300,300,300,300,389,0,90,118.53356521898655,53.12220798805356,1741.2015830050223,104.426735218509
1777228412,16,GET,trips_per_route,0.600000,0.000000,3800,3800,4100,4100,4100,4100,4100,4100,4100,4100,4100,32,0,3900,3994.5627225934004,3632.9215000150725,5343.258709006477,1200.25
1777228412,16,,Aggregated,13.500000,0.000000,140,180,240,300,4700,5000,5200,5400,5600,5600,5600,872,0,100,767.6954896660808,53.12220798805356,6045.9434580407105,65213.83027522936
1777228413,16,GET,bulk_update_departures,0.500000,0.000000,160,220,220,240,240,240,240,240,240,240,240,42,0,86,182.7447658967382,55.39466696791351,1850.374958012253,131.26190476190476
1777228413,16,GET,large_scan,1.400000,0.000000,4900,5000,5000,5200,5400,5600,5600,5600,5600,5600,5600,88,0,5000,5074.508089465036,4072.1202080021612,6045.9434580407105,652261.0113636364
1777228413,16,GET,next_departures,4.500000,0.000000,120,150,160,180,230,300,300,300,300,300,300,327,0,92,141.93532160260438,54.61004201788455,1784.4477499602363,109.41590214067278
1777228413,16,GET,point_read,5.700000,0.000000,130,150,170,170,210,270,300,300,300,300,300,393,0,90,118.34842927247978,53.12220798805356,1741.2015830050223,104.43002544529261
1777228413,16,GET,trips_per_route,0.600000,0.000000,3800,3800,3800,3800,4100,4100,4100,4100,4100,4100,4100,32,0,3900,3994.5627225934004,3632.9215000150725,5343.258709006477,1200.25
1777228413,16,,Aggregated,12.700000,0.000000,150,190,260,300,4700,5000,5200,5400,5600,5600,5600,882,0,100,765.2854671561352,53.12220798805356,6045.9434580407105,65215.09070294785
1777228414,16,GET,bulk_update_departures,0.500000,0.000000,220,220,240,240,240,240,240,240,240,240,240,42,0,86,182.7447658967382,55.39466696791351,1850.374958012253,131.26190476190476
1777228414,16,GET,large_scan,1.400000,0.000000,4900,5000,5000,5200,5400,5600,5600,5600,5600,5600,5600,88,0,5000,5074.508089465036,4072.1202080021612,6045.9434580407105,652261.0113636364
1777228414,16,GET,next_departures,4.100000,0.000000,110,150,160,160,220,300,300,300,300,300,300,329,0,92,141.62231204885492,54.61004201788455,1784.4477499602363,109.41641337386018
1777228414,16,GET,point_read,5.300000,0.000000,130,150,170,170,210,270,300,300,300,300,300,397,0,91,118.215462624832,53.12220798805356,1741.2015830050223,104.42569269521411
1777228414,16,GET,trips_per_route,0.700000,0.000000,3700,3800,3800,4100,4100,4100,4100,4100,4100,4100,4100,32,0,3900,3994.5627225934004,3632.9215000150725,5343.258709006477,1200.25
1777228414,16,,Aggregated,12.000000,0.000000,150,180,260,300,4700,5000,5400,5600,5600,5600,5600,888,0,100,760.7919802812011,53.12220798805356,6045.9434580407105,64775.16328828829
1777228415,16,GET,bulk_update_departures,0.400000,0.000000,220,220,240,240,240,240,240,240,240,240,240,42,0,86,182.7447658967382,55.39466696791351,1850.374958012253,131.26190476190476
1777228415,16,GET,large_scan,1.400000,0.000000,4900,5000,5100,5200,5400,5600,5600,5600,5600,5600,5600,94,0,5000,5065.635948094535,4072.1202080021612,6045.9434580407105,652261.0425531915
1777228415,16,GET,next_departures,3.700000,0.000000,110,140,150,160,220,260,300,300,300,300,300,329,0,92,141.62231204885492,54.61004201788455,1784.4477499602363,109.41641337386018
1777228415,16,GET,point_read,5.000000,0.000000,120,130,150,160,210,270,300,300,300,300,300,406,0,91,117.79456627810387,53.12220798805356,1741.2015830050223,104.42118226600985
1777228415,16,GET,trips_per_route,0.700000,0.000000,3800,3800,4100,4100,4100,4100,4100,4100,4100,4100,4100,32,0,3900,3994.5627225934004,3632.9215000150725,5343.258709006477,1200.25
1777228415,16,,Aggregated,11.200000,0.000000,140,180,270,3800,4900,5100,5400,5600,5600,5600,5600,903,0,100,781.9373211345753,53.12220798805356,6045.9434580407105,68034.16611295681
1777228416,16,GET,bulk_update_departures,0.400000,0.000000,160,220,220,240,240,240,240,240,240,240,240,43,0,86,179.9790194111898,55.39466696791351,1850.374958012253,131.2325581395349
1777228416,16,GET,large_scan,1.400000,0.000000,4900,5000,5200,5300,5400,5600,5600,5600,5600,5600,5600,95,0,5000,5069.646814430598,4072.1202080021612,6045.9434580407105,652261.0421052632
1777228416,16,GET,next_departures,3.600000,0.000000,96,110,140,150,190,260,300,300,300,300,300,336,0,92,140.3781142026197,54.61004201788455,1784.4477499602363,109.41369047619048
1777228416,16,GET,point_read,4.400000,0.000000,120,130,130,150,180,250,270,270,270,270,270,414,0,90,117.09119412054844,53.12220798805356,1741.2015830050223,104.42028985507247
1777228416,16,GET,trips_per_route,0.600000,0.000000,3800,3800,4100,4100,4100,4100,4100,4100,4100,4100,4100,32,0,3900,3994.5627225934004,3632.9215000150725,5343.258709006477,1200.25
1777228416,16,,Aggregated,10.400000,0.000000,120,160,240,300,4900,5100,5400,5400,5600,5600,5600,920,0,100,774.8090794201784,53.12220798805356,6045.9434580407105,67487.87282608695
1777228417,16,GET,bulk_update_departures,0.400000,0.000000,160,160,240,240,240,240,240,240,240,240,240,43,0,86,179.9790194111898,55.39466696791351,1850.374958012253,131.2325581395349
1777228417,16,GET,large_scan,1.500000,0.000000,4900,5000,5200,5300,5400,5600,5600,5600,5600,5600,5600,97,0,5000,5062.01324739119,4072.1202080021612,6045.9434580407105,652261.0618556701
1777228417,16,GET,next_departures,3.200000,0.000000,88,110,140,150,190,260,300,300,300,300,300,341,0,92,139.81742460107913,54.61004201788455,1784.4477499602363,109.41642228739003
1777228417,16,GET,point_read,4.200000,0.000000,100,130,130,130,160,250,270,270,270,270,270,422,0,90,116.7097635066768,53.12220798805356,1741.2015830050223,104.42654028436019
1777228417,16,GET,trips_per_route,0.500000,0.000000,3800,3800,4100,4100,4100,4100,4100,4100,4100,4100,4100,32,0,3900,3994.5627225934004,3632.9215000150725,5343.258709006477,1200.25
1777228417,16,,Aggregated,9.800000,0.000000,120,150,250,3700,4900,5100,5400,5400,5600,5600,5600,935,0,100,773.8071143779689,53.12220798805356,6045.9434580407105,67801.87486631016
1777228418,16,GET,bulk_update_departures,0.300000,0.000000,71,160,160,240,240,240,240,240,240,240,240,44,0,82,177.50727372053504,55.39466696791351,1850.374958012253,131.25
1777228418,16,GET,large_scan,1.900000,0.000000,4900,5000,5200,5200,5400,5400,5600,5600,5600,5600,5600,99,0,5000,5061.630288685785,4072.1202080021612,6045.9434580407105,652261.0101010101
1777228418,16,GET,next_departures,2.800000,0.000000,86,110,110,140,190,260,300,300,300,300,300,344,0,92,139.27869124407067,54.61004201788455,1784.4477499602363,109.41279069767442
1777228418,16,GET,point_read,4.900000,0.000000,95,130,130,140,150,250,270,270,270,270,270,430,0,90,116.53240976941794,53.12220798805356,1741.2015830050223,104.42093023255813
1777228418,16,GET,trips_per_route,0.400000,0.000000,4100,4100,4100,4100,4100,4100,4100,4100,4100,4100,4100,32,0,3900,3994.5627225934004,3632.9215000150725,5343.258709006477,1200.25
1777228418,16,,Aggregated,10.300000,0.000000,110,140,220,300,4900,5200,5400,5400,5600,5600,5600,949,0,100,774.245028172176,53.12220798805356,6045.9434580407105,68177.62065331929
1777228419,16,GET,bulk_update_departures,0.400000,0.000000,71,160,160,240,240,240,240,240,240,240,240,44,0,82,177.50727372053504,55.39466696791351,1850.374958012253,131.25
1777228419,16,GET,large_scan,1.900000,0.000000,4900,5100,5200,5200,5400,5400,5400,5400,5400,5400,5400,101,0,5000,5062.541306474117,4072.1202080021612,6045.9434580407105,652260.9504950495
1777228419,16,GET,next_departures,3.400000,0.000000,86,110,110,130,150,190,300,300,300,300,300,349,0,92,138.80759657291898,54.61004201788455,1784.4477499602363,109.40974212034384
1777228419,16,GET,point_read,4.800000,0.000000,84,120,130,130,140,150,150,160,160,160,160,433,0,90,116.42611391643949,53.12220798805356,1741.2015830050223,104.41570438799076
1777228419,16,GET,trips_per_route,0.300000,0.000000,4100,4100,4100,4100,4100,4100,4100,4100,4100,4100,4100,32,0,3900,3994.5627225934004,3632.9215000150725,5343.258709006477,1200.25
1777228419,16,,Aggregated,10.800000,0.000000,110,130,150,190,4800,5100,5300,5400,5400,5400,5400,959,0,100,777.6948463507249,53.12220798805356,6045.9434580407105,68827.87799791449
1777228420,16,GET,bulk_update_departures,0.500000,0.000000,71,71,160,160,160,160,160,160,160,160,160,44,0,82,177.50727372053504,55.39466696791351,1850.374958012253,131.25
1777228420,16,GET,large_scan,2.100000,0.000000,4900,5100,5200,5200,5400,5400,5400,5400,5400,5400,5400,101,0,5000,5062.541306474117,4072.1202080021612,6045.9434580407105,652260.9504950495
1777228420,16,GET,next_departures,3.500000,0.000000,79,98,110,110,140,140,150,150,150,150,150,353,0,92,138.384397770542,54.61004201788455,1784.4477499602363,109.41076487252124
1777228420,16,GET,point_read,5.100000,0.000000,85,120,130,130,140,150,150,160,160,160,160,436,0,90,116.32251355451544,53.12220798805356,1741.2015830050223,104.4151376146789
1777228420,16,GET,trips_per_route,0.300000,0.000000,3800,3800,4100,4100,4100,4100,4100,4100,4100,4100,4100,35,0,3800,3964.1110106570914,3566.3960830424912,5343.258709006477,1200.2571428571428
1777228420,16,,Aggregated,11.500000,0.000000,100,130,140,160,4800,5100,5300,5400,5400,5400,5400,969,0,100,781.6689222841668,53.12220798805356,6045.9434580407105,68122.07120743034
1777228421,16,GET,bulk_update_departures,0.500000,0.000000,71,71,160,160,160,160,160,160,160,160,160,44,0,82,177.50727372053504,55.39466696791351,1850.374958012253,131.25
1777228421,16,GET,large_scan,2.300000,0.000000,4900,5100,5200,5200,5400,5400,5400,5400,5400,5400,5400,102,0,5000,5059.12486596978,4072.1202080021612,6045.9434580407105,652260.9607843137
1777228421,16,GET,next_departures,3.900000,0.000000,79,110,110,120,130,140,150,150,150,150,150,356,0,92,138.20886164589712,54.61004201788455,1784.4477499602363,109.40730337078652
1777228421,16,GET,point_read,5.300000,0.000000,88,120,130,130,140,140,150,160,160,160,160,440,0,90,116.17722214498578,53.12220798805356,1741.2015830050223,104.4159090909091
1777228421,16,GET,trips_per_route,0.200000,0.000000,3600,3800,3800,4100,4100,4100,4100,4100,4100,4100,4100,36,0,3800,3955.2155578340817,3566.3960830424912,5343.258709006477,1200.2777777777778
1777228421,16,,Aggregated,12.200000,0.000000,100,130,140,150,4700,5100,5300,5400,5400,5400,5400,978,0,100,783.7925858327005,53.12220798805356,6045.9434580407105,68164.10531697342
1777228422,16,GET,bulk_update_departures,0.400000,0.000000,71,71,160,160,160,160,160,160,160,160,160,44,0,82,177.50727372053504,55.39466696791351,1850.374958012253,131.25
1777228422,16,GET,large_scan,2.000000,0.000000,4900,5100,5200,5200,5400,5400,5400,5400,5400,5400,5400,103,0,5000,5060.793973668818,4072.1202080021612,6045.9434580407105,652260.9611650485
1777228422,16,GET,next_departures,3.800000,0.000000,89,110,120,120,140,140,150,150,150,150,150,359,0,92,137.90012208610634,54.61004201788455,1784.4477499602363,109.41225626740948
1777228422,16,GET,point_read,5.200000,0.000000,92,120,130,130,140,140,150,160,160,160,160,443,0,90,116.07195643532567,53.12220798805356,1741.2015830050223,104.41534988713319
1777228422,16,GET,trips_per_route,0.100000,0.000000,3800,3800,4100,4100,4100,4100,4100,4100,4100,4100,4100,37,0,3800,3960.2746790010683,3566.3960830424912,5343.258709006477,1200.2702702702702
1777228422,16,,Aggregated,11.500000,0.000000,110,130,140,150,4700,5100,5200,5300,5400,5400,5400,986,0,100,787.5540395379237,53.12220798805356,6045.9434580407105,68274.44117647059
1777228423,16,GET,bulk_update_departures,0.400000,0.000000,71,71,160,160,160,160,160,160,160,160,160,45,0,82,175.08056392608626,55.39466696791351,1850.374958012253,131.26666666666668
1777228423,16,GET,large_scan,1.800000,0.000000,4900,5100,5100,5200,5300,5400,5400,5400,5400,5400,5400,105,0,5000,5057.46352019875,4072.1202080021612,6045.9434580407105,652260.9619047618
1777228423,16,GET,next_departures,4.000000,0.000000,100,110,120,130,140,140,150,150,150,150,150,364,0,92,137.54166207665827,54.61004201788455,1784.4477499602363,109.4010989010989
1777228423,16,GET,point_read,5.200000,0.000000,92,120,130,130,140,140,150,160,160,160,160,445,0,90,115.983047828816,53.12220798805356,1741.2015830050223,104.41573033707866
1777228423,16,GET,trips_per_route,0.400000,0.000000,3700,3800,4100,4100,4100,4100,4100,4100,4100,4100,4100,38,0,3800,3953.19092757908,3566.3960830424912,5343.258709006477,1200.2894736842106
1777228423,16,,Aggregated,11.800000,0.000000,110,130,140,3600,4800,5100,5200,5300,5400,5400,5400,997,0,110,793.1907437565441,53.12220798805356,6045.9434580407105,68831.70110330993
1777228424,16,GET,bulk_update_departures,0.300000,0.000000,69,71,71,93,93,93,93,93,93,93,93,47,0,82,171.071492950432,55.39466696791351,1850.374958012253,131.27659574468086
1777228424,16,GET,large_scan,1.600000,0.000000,4900,5100,5200,5200,5300,5400,5400,5400,5400,5400,5400,108,0,5000,5053.800275026501,4072.1202080021612,6045.9434580407105,652260.9814814815
1777228424,16,GET,next_departures,3.800000,0.000000,110,120,130,140,140,150,180,180,180,180,180,369,0,93,137.527709563394,54.61004201788455,1784.4477499602363,109.39837398373983
1777228424,16,GET,point_read,5.400000,0.000000,85,120,130,130,140,140,150,160,160,160,160,448,0,90,115.77207476083069,53.12220798805356,1741.2015830050223,104.41517857142857
1777228424,16,GET,trips_per_route,0.400000,0.000000,3700,3800,4100,4100,4100,4100,4100,4100,4100,4100,4100,38,0,3800,3953.19092757908,3566.3960830424912,5343.258709006477,1200.2894736842106
1777228424,16,,Aggregated,11.500000,0.000000,110,130,140,3600,4800,5100,5200,5300,5400,5400,5400,1010,0,110,798.6986727141407,53.12220798805356,6045.9434580407105,69884.2702970297
1777228425,16,GET,bulk_update_departures,0.300000,0.000000,69,71,71,93,93,93,93,93,93,93,93,47,0,82,171.071492950432,55.39466696791351,1850.374958012253,131.27659574468086
1777228425,16,GET,large_scan,1.500000,0.000000,4900,5100,5100,5200,5200,5200,5200,5200,5200,5200,5200,108,0,5000,5053.800275026501,4072.1202080021612,6045.9434580407105,652260.9814814815
1777228425,16,GET,next_departures,3.600000,0.000000,94,120,130,130,140,140,180,180,180,180,180,377,0,92,136.31107669202635,54.61004201788455,1784.4477499602363,109.40053050397879
1777228425,16,GET,point_read,5.400000,0.000000,85,120,130,130,140,140,160,160,160,160,160,452,0,90,115.59794725622545,53.12220798805356,1741.2015830050223,104.41814159292035
1777228425,16,GET,trips_per_route,0.500000,0.000000,3700,3800,3800,3800,4100,4100,4100,4100,4100,4100,4100,39,0,3800,3950.405888845965,3566.3960830424912,5343.258709006477,1200.3076923076924
1777228425,16,,Aggregated,11.300000,0.000000,110,130,140,150,4700,5000,5200,5200,5200,5200,5200,1023,0,100,793.3100367636686,53.12220798805356,6045.9434580407105,68998.64027370479
1777228426,16,GET,bulk_update_departures,0.300000,0.000000,71,71,93,93,93,93,93,93,93,93,93,47,0,82,171.071492950432,55.39466696791351,1850.374958012253,131.27659574468086
1777228426,16,GET,large_scan,1.800000,0.000000,5100,5200,5200,5200,5200,5500,5500,5500,5500,5500,5500,110,0,5000,5058.939917371291,4072.1202080021612,6045.9434580407105,652260.9363636364
1777228426,16,GET,next_departures,3.700000,0.000000,92,110,130,130,140,140,180,180,180,180,180,380,0,92,135.8632162181158,54.61004201788455,1784.4477499602363,109.40526315789474
1777228426,16,GET,point_read,5.200000,0.000000,82,110,130,130,140,140,160,160,160,160,160,458,0,89,115.03432895154509,53.12220798805356,1741.2015830050223,104.41921397379913
1777228426,16,GET,trips_per_route,0.600000,0.000000,3700,3800,3800,3800,4100,4100,4100,4100,4100,4100,4100,39,0,3800,3950.405888845965,3566.3960830424912,5343.258709006477,1200.3076923076924
1777228426,16,,Aggregated,11.600000,0.000000,100,130,140,160,4800,5100,5200,5200,5500,5500,5500,1034,0,100,795.8446088657607,53.12220798805356,6045.9434580407105,69527.15957446808
1777228427,16,GET,bulk_update_departures,0.500000,0.000000,71,76,76,93,93,93,93,93,93,93,93,48,0,82,169.09406949343975,55.39466696791351,1850.374958012253,131.27083333333334
1777228427,16,GET,large_scan,1.800000,0.000000,5100,5200,5200,5200,5200,5500,5500,5500,5500,5500,5500,114,0,5000,5056.250665515555,4072.1202080021612,6045.9434580407105,652260.8947368421
1777228427,16,GET,next_departures,4.200000,0.000000,89,110,130,130,140,140,180,180,180,180,180,383,0,92,135.33118699966656,54.61004201788455,1784.4477499602363,109.40731070496084
1777228427,16,GET,point_read,5.100000,0.000000,77,99,110,120,130,130,140,140,140,140,140,465,0,89,114.35414550297703,53.12220798805356,1741.2015830050223,104.41505376344087
1777228427,16,GET,trips_per_route,0.600000,0.000000,3700,3800,3800,3800,4100,4100,4100,4100,4100,4100,4100,39,0,3800,3950.405888845965,3566.3960830424912,5343.258709006477,1200.3076923076924
1777228427,16,,Aggregated,12.200000,0.000000,100,130,140,3600,4800,5200,5200,5200,5500,5500,5500,1049,0,100,804.1958466627336,53.12220798805356,6045.9434580407105,71021.26882745473
1777228428,16,GET,bulk_update_departures,0.500000,0.000000,71,71,76,76,93,93,93,93,93,93,93,49,0,82,166.80779511688695,55.39466696791351,1850.374958012253,131.26530612244898
1777228428,16,GET,large_scan,1.300000,0.000000,5100,5200,5200,5200,5200,5500,5500,5500,5500,5500,5500,115,0,5000,5053.096300310901,4072.1202080021612,6045.9434580407105,652260.9043478261
1777228428,16,GET,next_departures,4.800000,0.000000,85,100,130,130,140,140,180,180,180,180,180,388,0,91,134.4760622755389,54.61004201788455,1784.4477499602363,109.40463917525773
1777228428,16,GET,point_read,4.600000,0.000000,76,88,100,110,130,130,130,130,130,130,130,473,0,88,113.68174778199587,53.12220798805356,1741.2015830050223,104.41649048625793
1777228428,16,GET,trips_per_route,0.700000,0.000000,3800,3800,4100,4100,4200,4200,4200,4200,4200,4200,4200,40,0,3800,3955.4226509993896,3566.3960830424912,5343.258709006477,1200.3
1777228428,16,,Aggregated,11.900000,0.000000,88,130,140,180,4700,5200,5200,5200,5500,5500,5500,1065,0,100,801.3565646950702,53.12220798805356,6045.9434580407105,70569.28262910798
1777228429,16,GET,bulk_update_departures,0.400000,0.000000,71,76,93,93,140,140,140,140,140,140,140,50,0,82,166.32990255369805,55.39466696791351,1850.374958012253,131.24
1777228429,16,GET,large_scan,1.300000,0.000000,5000,5200,5200,5200,5200,5500,5500,5500,5500,5500,5500,115,0,5000,5053.096300310901,4072.1202080021612,6045.9434580407105,652260.9043478261
1777228429,16,GET,next_departures,4.400000,0.000000,79,100,120,130,140,140,180,180,180,180,180,390,0,90,134.10867573812794,54.61004201788455,1784.4477499602363,109.40512820512821
1777228429,16,GET,point_read,4.200000,0.000000,74,92,100,110,130,130,130,130,130,130,130,477,0,89,113.55493936247916,53.12220798805356,1741.2015830050223,104.41509433962264
1777228429,16,GET,trips_per_route,0.700000,0.000000,3700,3800,3800,4100,4200,4200,4200,4200,4200,4200,4200,41,0,3800,3946.962681877222,3566.3960830424912,5343.258709006477,1200.2926829268292
1777228429,16,,Aggregated,11.000000,0.000000,88,130,140,3600,4700,5200,5200,5200,5500,5500,5500,1073,0,100,799.3626553906589,53.12220798805356,6045.9434580407105,70044.96924510718
1777228430,16,GET,bulk_update_departures,0.400000,0.000000,76,76,93,93,140,140,140,140,140,140,140,50,0,82,166.32990255369805,55.39466696791351,1850.374958012253,131.24
1777228430,16,GET,large_scan,1.500000,0.000000,5000,5200,5200,5200,5400,5500,5500,5500,5500,5500,5500,116,0,5000,5056.261394351042,4072.1202080021612,6045.9434580407105,652260.9051724138
1777228430,16,GET,next_departures,4.300000,0.000000,79,100,110,130,140,140,180,180,180,180,180,393,0,91,133.8058044857277,54.61004201788455,1784.4477499602363,109.40966921119593
1777228430,16,GET,point_read,4.000000,0.000000,74,99,110,110,130,130,140,140,140,140,140,480,0,89,113.47518366443789,53.12220798805356,1741.2015830050223,104.41666666666667
1777228430,16,GET,trips_per_route,0.700000,0.000000,3800,3800,4100,4100,4200,4200,4200,4200,4200,4200,4200,41,0,3800,3946.962681877222,3566.3960830424912,5343.258709006477,1200.2926829268292
1777228430,16,,Aggregated,10.900000,0.000000,86,110,140,180,4800,5200,5200,5400,5500,5500,5500,1080,0,100,799.742644584438,53.12220798805356,6045.9434580407105,70195.51574074074
1777228431,16,GET,bulk_update_departures,0.600000,0.000000,76,76,93,93,140,140,140,140,140,140,140,50,0,82,166.32990255369805,55.39466696791351,1850.374958012253,131.24
1777228431,16,GET,large_scan,1.400000,0.000000,5000,5200,5200,5200,5500,5500,5500,5500,5500,5500,5500,120,0,5000,5054.1419735639165,4072.1202080021612,6045.9434580407105,652260.925
1777228431,16,GET,next_departures,4.200000,0.000000,79,94,110,130,140,140,180,180,180,180,180,395,0,91,133.67401708073655,54.61004201788455,1784.4477499602363,109.41012658227848
1777228431,16,GET,point_read,4.200000,0.000000,74,99,110,110,130,130,140,140,140,140,140,484,0,89,113.42887421069312,53.12220798805356,1741.2015830050223,104.41322314049587
1777228431,16,GET,trips_per_route,0.800000,0.000000,3800,3800,4100,4100,4200,4200,4200,4200,4200,4200,4200,42,0,3800,3942.1838511424585,3566.3960830424912,5343.258709006477,1200.2857142857142
1777228431,16,,Aggregated,11.200000,0.000000,88,130,140,3700,4800,5200,5400,5500,5500,5500,5500,1091,0,100,814.011059182589,53.12220798805356,6045.9434580407105,71880.87809349221
1777228432,16,GET,bulk_update_departures,0.600000,0.000000,76,76,93,93,140,140,140,140,140,140,140,50,0,82,166.32990255369805,55.39466696791351,1850.374958012253,131.24
1777228432,16,GET,large_scan,1.400000,0.000000,5000,5200,5200,5200,5500,5500,5500,5500,5500,5500,5500,120,0,5000,5054.1419735639165,4072.1202080021612,6045.9434580407105,652260.925
1777228432,16,GET,next_departures,4.300000,0.000000,79,88,110,130,140,140,180,180,180,180,180,399,0,90,133.14620874408413,54.61004201788455,1784.4477499602363,109.41353383458646
1777228432,16,GET,point_read,4.400000,0.000000,74,100,110,120,140,140,160,160,160,160,160,489,0,89,113.44676668713333,53.12220798805356,1741.2015830050223,104.41308793456032
1777228432,16,GET,trips_per_route,0.900000,0.000000,3700,3700,3800,3800,4200,4200,4200,4200,4200,4200,4200,43,0,3800,3933.95334879088,3566.3960830424912,5343.258709006477,1200.3023255813953
1777228432,16,,Aggregated,11.600000,0.000000,85,130,140,3600,4800,5200,5400,5500,5500,5500,5500,1101,0,100,810.6942163054136,53.12220798805356,6045.9434580407105,71229.9727520436
1777228433,16,GET,bulk_update_departures,0.600000,0.000000,76,93,93,140,140,140,140,140,140,140,140,50,0,82,166.32990255369805,55.39466696791351,1850.374958012253,131.24
1777228433,16,GET,large_scan,1.600000,0.000000,5000,5200,5200,5400,5500,5500,5500,5500,5500,5500,5500,121,0,5000,5052.312637691305,4072.1202080021612,6045.9434580407105,652260.9338842975
1777228433,16,GET,next_departures,3.800000,0.000000,75,85,100,110,140,140,180,180,180,180,180,407,0,90,132.2002262429103,54.61004201788455,1784.4477499602363,109.41277641277641
1777228433,16,GET,point_read,4.500000,0.000000,74,100,110,120,140,140,160,160,160,160,160,492,0,89,113.40027454872786,53.12220798805356,1741.2015830050223,104.41463414634147
1777228433,16,GET,trips_per_route,0.600000,0.000000,3700,3800,4100,4100,4200,4200,4200,4200,4200,4200,4200,46,0,3800,3932.8910696735284,3566.3960830424912,5343.258709006477,1200.0217391304348
1777228433,16,,Aggregated,11.100000,0.000000,82,120,140,180,4800,5200,5400,5500,5500,5500,5500,1116,0,100,815.553531050317,53.12220798805356,6045.9434580407105,70861.3252688172
1777228434,16,GET,bulk_update_departures,0.600000,0.000000,76,76,93,93,140,140,140,140,140,140,140,51,0,82,164.5339959547581,55.39466696791351,1850.374958012253,131.2549019607843
1777228434,16,GET,large_scan,1.800000,0.000000,5000,5200,5200,5200,5500,5500,5500,5500,5500,5500,5500,122,0,5000,5049.719392021423,4072.1202080021612,6045.9434580407105,652260.9426229508
1777228434,16,GET,next_departures,3.900000,0.000000,74,80,86,99,120,140,170,170,170,170,170,414,0,89,131.4448365477107,54.61004201788455,1784.4477499602363,109.41304347826087
1777228434,16,GET,point_read,4.400000,0.000000,77,92,110,110,140,140,160,160,160,160,160,505,0,89,112.74117474250569,53.12220798805356,1741.2015830050223,104.41782178217822
1777228434,16,GET,trips_per_route,0.600000,0.000000,3700,3800,4100,4100,4200,4200,4200,4200,4200,4200,4200,47,0,3800,3928.4697951491366,3566.3960830424912,5343.258709006477,1200.0212765957447
1777228434,16,,Aggregated,11.300000,0.000000,81,110,140,160,4700,5000,5400,5500,5500,5500,5500,1139,0,100,808.1189952309336,53.12220798805356,6045.9434580407105,70006.10886742757
1777228435,16,GET,bulk_update_departures,0.600000,0.000000,76,76,140,140,140,140,140,140,140,140,140,51,0,82,164.5339959547581,55.39466696791351,1850.374958012253,131.2549019607843
1777228435,16,GET,large_scan,1.700000,0.000000,4800,5200,5200,5400,5500,5500,5500,5500,5500,5500,5500,123,0,5000,5046.952305501232,4072.1202080021612,6045.9434580407105,652260.9430894309
1777228435,16,GET,next_departures,4.000000,0.000000,75,86,99,100,130,150,170,170,170,170,170,424,0,89,130.71239641925237,54.61004201788455,1784.4477499602363,109.41981132075472
1777228435,16,GET,point_read,4.700000,0.000000,79,94,110,120,140,150,160,160,160,160,160,514,0,89,112.56285318660872,53.12220798805356,1741.2015830050223,104.41634241245136
1777228435,16,GET,trips_per_route,0.700000,0.000000,3800,4100,4100,4100,4200,4200,4200,4200,4200,4200,4200,48,0,3800,3931.398045083673,3566.3960830424912,5343.258709006477,1200.0416666666667
1777228435,16,,Aggregated,11.700000,0.000000,85,110,140,160,4700,5000,5400,5500,5500,5500,5500,1160,0,100,802.717962201759,53.12220798805356,6045.9434580407105,69303.84137931034
1777228436,16,GET,bulk_update_departures,0.500000,0.000000,76,140,140,140,140,140,140,140,140,140,140,52,0,82,164.00470916750447,55.39466696791351,1850.374958012253,131.25
1777228436,16,GET,large_scan,1.600000,0.000000,4800,5000,5200,5200,5400,5500,5500,5500,5500,5500,5500,124,0,5000,5044.545811432463,4072.1202080021612,6045.9434580407105,652260.9435483871
1777228436,16,GET,next_departures,4.400000,0.000000,75,95,100,110,140,150,170,170,170,170,170,429,0,89,130.34507575458989,54.61004201788455,1784.4477499602363,109.42657342657343
1777228436,16,GET,point_read,5.000000,0.000000,85,100,120,130,140,150,160,160,160,160,160,527,0,89,112.40398695069918,53.12220798805356,1741.2015830050223,104.41935483870968
1777228436,16,GET,trips_per_route,0.800000,0.000000,3800,4100,4100,4100,4200,4200,4200,4200,4200,4200,4200,49,0,3800,3928.088744836194,3566.3960830424912,5343.258709006477,1200.061224489796
1777228436,16,,Aggregated,12.300000,0.000000,92,120,140,150,4200,4800,5200,5400,5500,5500,5500,1181,0,100,797.3608912896245,53.12220798805356,6045.9434580407105,68626.55207451312
1777228437,16,GET,bulk_update_departures,0.400000,0.000000,140,140,140,140,140,140,140,140,140,140,140,52,0,82,164.00470916750447,55.39466696791351,1850.374958012253,131.25
1777228437,16,GET,large_scan,1.500000,0.000000,4800,5000,5400,5400,5400,5500,5500,5500,5500,5500,5500,125,0,5000,5047.68570394069,4072.1202080021612,6045.9434580407105,652260.944
1777228437,16,GET,next_departures,4.400000,0.000000,78,99,110,110,130,150,160,170,170,170,170,435,0,89,129.83404769824455,54.61004201788455,1784.4477499602363,109.42528735632185
1777228437,16,GET,point_read,5.700000,0.000000,92,110,130,130,140,150,160,170,170,170,170,538,0,89,112.3218386748643,53.12220798805356,1741.2015830050223,104.42379182156134
1777228437,16,GET,trips_per_route,0.900000,0.000000,3800,4100,4100,4100,4200,4200,4200,4200,4200,4200,4200,49,0,3800,3928.088744836194,3566.3960830424912,5343.258709006477,1200.061224489796
1777228437,16,,Aggregated,12.900000,0.000000,95,120,140,150,4100,4700,5400,5400,5500,5500,5500,1199,0,100,791.386377249444,53.12220798805356,6045.9434580407105,68141.80650542119
1777228438,16,GET,bulk_update_departures,0.400000,0.000000,140,140,140,140,140,140,140,140,140,140,140,52,0,82,164.00470916750447,55.39466696791351,1850.374958012253,131.25
1777228438,16,GET,large_scan,1.500000,0.000000,4800,5000,5400,5400,5400,5500,5500,5500,5500,5500,5500,125,0,5000,5047.68570394069,4072.1202080021612,6045.9434580407105,652260.944
1777228438,16,GET,next_departures,4.600000,0.000000,79,100,110,120,130,150,160,170,170,170,170,442,0,89,129.0550065015883,53.83074999554083,1784.4477499602363,109.42307692307692
1777228438,16,GET,point_read,6.200000,0.000000,92,110,130,130,140,150,160,170,170,170,170,545,0,89,111.84311926817743,53.12220798805356,1741.2015830050223,104.42385321100917
1777228438,16,GET,trips_per_route,0.900000,0.000000,3700,3800,4100,4100,4100,4100,4100,4100,4100,4100,4100,49,0,3800,3928.088744836194,3566.3960830424912,5343.258709006477,1200.061224489796
1777228438,16,,Aggregated,13.600000,0.000000,95,120,140,140,3700,4700,5400,5400,5500,5500,5500,1213,0,100,783.1509639250854,53.12220798805356,6045.9434580407105,67356.57213520198
1777228439,16,GET,bulk_update_departures,0.500000,0.000000,75,140,140,140,140,140,140,140,140,140,140,53,0,82,162.17486716516947,55.39466696791351,1850.374958012253,131.22641509433961
1777228439,16,GET,large_scan,1.400000,0.000000,4800,5000,5400,5400,5400,5500,5500,5500,5500,5500,5500,126,0,5000,5044.636659004489,4072.1202080021612,6045.9434580407105,652260.9523809524
1777228439,16,GET,next_departures,4.700000,0.000000,79,100,120,120,140,160,160,170,170,170,170,447,0,89,128.70879166590788,53.83074999554083,1784.4477499602363,109.42058165548099
1777228439,16,GET,point_read,7.000000,0.000000,90,110,130,130,140,150,160,170,170,170,170,552,0,89,111.58672554175492,53.12220798805356,1741.2015830050223,104.42753623188406
1777228439,16,GET,trips_per_route,1.000000,0.000000,3800,4100,4100,4100,4100,4100,4100,4100,4100,4100,4100,51,0,3800,3935.5639427633246,3566.3960830424912,5343.258709006477,1200.0980392156862
1777228439,16,,Aggregated,14.600000,0.000000,94,120,140,150,4100,4700,5000,5400,5500,5500,5500,1229,0,100,784.4279499177858,53.12220798805356,6045.9434580407105,67013.50284784377
1777228440,16,GET,bulk_update_departures,0.400000,0.000000,130,130,140,140,140,140,140,140,140,140,140,54,0,82,161.64646608780862,55.39466696791351,1850.374958012253,131.24074074074073
1777228440,16,GET,large_scan,1.100000,0.000000,4700,4800,5000,5400,5500,5500,5500,5500,5500,5500,5500,127,0,5000,5041.892913327365,4072.1202080021612,6045.9434580407105,652260.9606299213
1777228440,16,GET,next_departures,5.100000,0.000000,79,99,110,120,140,160,160,170,170,170,170,451,0,88,128.20865105470526,53.83074999554083,1784.4477499602363,109.41906873614191
1777228440,16,GET,point_read,7.200000,0.000000,89,110,130,130,140,160,160,170,170,170,170,554,0,89,111.61303993334258,53.12220798805356,1741.2015830050223,104.42960288808665
1777228440,16,GET,trips_per_route,1.000000,0.000000,3800,4100,4100,4100,4100,4100,4100,4100,4100,4100,4100,52,0,3800,3930.2804358449066,3566.3960830424912,5343.258709006477,1200.0961538461538
1777228440,16,,Aggregated,14.800000,0.000000,92,120,140,150,3800,4700,4800,5400,5500,5500,5500,1238,0,100,786.0093841470082,53.12220798805356,6045.9434580407105,67054.79483037157
1777228441,16,GET,bulk_update_departures,0.300000,0.000000,130,130,140,140,140,140,140,140,140,140,140,54,0,82,161.64646608780862,55.39466696791351,1850.374958012253,131.24074074074073
1777228441,16,GET,large_scan,1.000000,0.000000,4700,4800,5000,5400,5500,5500,5500,5500,5500,5500,5500,127,0,5000,5041.892913327365,4072.1202080021612,6045.9434580407105,652260.9606299213
1777228441,16,GET,next_departures,5.400000,0.000000,75,95,110,120,130,150,160,170,170,170,170,456,0,88,127.70337472938353,53.83074999554083,1784.4477499602363,109.42105263157895
1777228441,16,GET,point_read,7.200000,0.000000,85,110,130,130,150,160,160,170,170,170,170,559,0,89,111.43193425402822,53.12220798805356,1741.2015830050223,104.42397137745975
1777228441,16,GET,trips_per_route,0.900000,0.000000,4100,4100,4100,4100,4100,4100,4100,4100,4100,4100,4100,53,0,3800,3932.9287310741524,3566.3960830424912,5343.258709006477,1200.0943396226414
1777228441,16,,Aggregated,14.800000,0.000000,89,120,130,140,3700,4100,4700,4800,5400,5400,5400,1249,0,100,783.0406101143698,53.12220798805356,6045.9434580407105,66466.05524419536
1777228442,16,GET,bulk_update_departures,0.300000,0.000000,130,130,140,140,140,140,140,140,140,140,140,54,0,82,161.64646608780862,55.39466696791351,1850.374958012253,131.24074074074073
1777228442,16,GET,large_scan,1.100000,0.000000,4700,4800,4900,5300,5400,5400,5400,5400,5400,5400,5400,130,0,5000,5039.35216244337,4072.1202080021612,6045.9434580407105,652260.9769230769
1777228442,16,GET,next_departures,5.700000,0.000000,75,95,120,120,140,160,170,170,170,170,170,458,0,88,127.64757369351614,53.83074999554083,1784.4477499602363,109.41921397379913
1777228442,16,GET,point_read,7.400000,0.000000,89,110,130,130,150,150,160,170,170,170,170,565,0,89,111.33930258065529,53.12220798805356,1741.2015830050223,104.42300884955752
1777228442,16,GET,trips_per_route,1.000000,0.000000,4100,4100,4100,4100,4100,4100,4100,4100,4100,4100,4100,53,0,3800,3932.9287310741524,3566.3960830424912,5343.258709006477,1200.0943396226414
1777228442,16,,Aggregated,15.500000,0.000000,90,120,140,150,3800,4700,4800,5300,5400,5400,5400,1260,0,100,788.6184188436591,53.12220798805356,6045.9434580407105,67439.46984126983
1777228443,16,GET,bulk_update_departures,0.400000,0.000000,130,130,140,140,140,140,140,140,140,140,140,54,0,82,161.64646608780862,55.39466696791351,1850.374958012253,131.24074074074073
1777228443,16,GET,large_scan,1.000000,0.000000,4700,4900,5300,5300,5400,5400,5400,5400,5400,5400,5400,130,0,5000,5039.35216244337,4072.1202080021612,6045.9434580407105,652260.9769230769
1777228443,16,GET,next_departures,5.900000,0.000000,79,99,120,120,140,160,160,170,170,170,170,464,0,88,127.29532193243985,53.83074999554083,1784.4477499602363,109.41594827586206
1777228443,16,GET,point_read,7.400000,0.000000,90,110,130,140,150,150,160,170,170,170,170,570,0,89,111.45210372827326,53.12220798805356,1741.2015830050223,104.42631578947369
1777228443,16,GET,trips_per_route,1.100000,0.000000,3800,4100,4100,4100,4100,4100,4100,4100,4100,4100,4100,55,0,3800,3921.99185523522,3566.3960830424912,5343.258709006477,1200.1272727272728
1777228443,16,,Aggregated,15.800000,0.000000,94,130,140,140,3600,4600,4700,5300,5400,5400,5400,1273,0,100,787.2324986850626,53.12220798805356,6045.9434580407105,66753.5844461901
1777228444,16,GET,bulk_update_departures,0.400000,0.000000,91,130,130,140,140,140,140,140,140,140,140,55,0,82,160.36556366809899,55.39466696791351,1850.374958012253,131.25454545454545
1777228444,16,GET,large_scan,0.800000,0.000000,4800,4900,4900,4900,5300,5400,5400,5400,5400,5400,5400,133,0,4900,5036.184515298127,4072.1202080021612,6045.9434580407105,652260.984962406
1777228444,16,GET,next_departures,6.200000,0.000000,79,100,120,120,140,160,170,170,170,170,170,472,0,88,126.74142947613846,53.83074999554083,1784.4477499602363,109.41949152542372
1777228444,16,GET,point_read,7.500000,0.000000,94,120,130,140,150,150,160,170,170,170,170,576,0,89,111.2248255922168,53.12220798805356,1741.2015830050223,104.42534722222223
1777228444,16,GET,trips_per_route,1.100000,0.000000,4100,4100,4100,4100,4100,4100,4100,4100,4100,4100,4100,55,0,3800,3921.99185523522,3566.3960830424912,5343.258709006477,1200.1272727272728
1777228444,16,,Aggregated,16.000000,0.000000,95,130,140,150,3800,4700,4900,5300,5400,5400,5400,1291,0,100,788.7139061411214,53.12220798805356,6045.9434580407105,67339.8388845856
1777228445,16,GET,bulk_update_departures,0.400000,0.000000,91,130,130,140,140,140,140,140,140,140,140,56,0,82,158.74532071029535,55.39466696791351,1850.374958012253,131.25
1777228445,16,GET,large_scan,1.000000,0.000000,4900,4900,5000,5000,5300,5400,5400,5400,5400,5400,5400,135,0,4900,5034.910178345335,4072.1202080021612,6045.9434580407105,652261.0
1777228445,16,GET,next_departures,5.900000,0.000000,79,100,120,130,140,160,170,170,170,170,170,476,0,88,126.74234393006289,53.83074999554083,1784.4477499602363,109.41806722689076
1777228445,16,GET,point_read,7.500000,0.000000,84,110,130,140,140,150,160,170,170,170,170,585,0,89,110.77024615061286,53.12220798805356,1741.2015830050223,104.42393162393162
1777228445,16,GET,trips_per_route,0.900000,0.000000,3800,3800,4100,4100,4100,4100,4100,4100,4100,4100,4100,57,0,3800,3912.851823754241,3565.626958035864,5343.258709006477,1200.157894736842
1777228445,16,,Aggregated,15.700000,0.000000,97,130,140,150,4100,4800,5000,5300,5400,5400,5400,1309,0,100,792.028354239272,53.12220798805356,6045.9434580407105,67413.41864018334
1777228446,16,GET,bulk_update_departures,0.400000,0.000000,82,91,130,130,140,140,140,140,140,140,140,58,0,82,155.94389082277837,55.39466696791351,1850.374958012253,131.27586206896552
1777228446,16,GET,large_scan,0.800000,0.000000,4900,4900,5000,5000,5300,5400,5400,5400,5400,5400,5400,135,0,4900,5034.910178345335,4072.1202080021612,6045.9434580407105,652261.0
1777228446,16,GET,next_departures,5.700000,0.000000,75,100,120,130,140,160,170,170,170,170,170,480,0,88,126.42033351391244,53.83074999554083,1784.4477499602363,109.41666666666667
1777228446,16,GET,point_read,7.600000,0.000000,87,110,130,130,140,150,160,170,170,170,170,599,0,89,110.5214533976587,53.12220798805356,1741.2015830050223,104.42570951585977
1777228446,16,GET,trips_per_route,0.900000,0.000000,3800,3800,4100,4100,4100,4100,4100,4100,4100,4100,4100,57,0,3800,3912.851823754241,3565.626958035864,5343.258709006477,1200.157894736842
1777228446,16,,Aggregated,15.400000,0.000000,92,130,140,150,3800,4800,5000,5300,5400,5400,5400,1329,0,100,781.5457369226551,53.12220798805356,6045.9434580407105,66400.54853273138
1777228447,16,GET,bulk_update_departures,0.400000,0.000000,73,82,91,130,150,150,150,150,150,150,150,61,0,82,152.82040850266998,55.39466696791351,1850.374958012253,131.29508196721312
1777228447,16,GET,large_scan,1.000000,0.000000,4900,4900,4900,5000,5300,5400,5400,5400,5400,5400,5400,137,0,4900,5030.214277931394,4072.1202080021612,6045.9434580407105,652261.0145985401
1777228447,16,GET,next_departures,5.700000,0.000000,75,92,120,130,140,160,170,170,170,170,170,487,0,88,125.85315093167654,53.83074999554083,1784.4477499602363,109.42299794661191
1777228447,16,GET,point_read,7.200000,0.000000,79,100,130,130,150,160,160,160,160,160,160,607,0,89,110.39410008438226,53.12220798805356,1741.2015830050223,104.42668863261945
1777228447,16,GET,trips_per_route,0.800000,0.000000,3800,4100,4100,4100,4100,4100,4100,4100,4100,4100,4100,57,0,3800,3912.851823754241,3565.626958035864,5343.258709006477,1200.157894736842
1777228447,16,,Aggregated,15.100000,0.000000,87,130,140,150,4100,4800,4900,5000,5300,5300,5300,1349,0,100,778.2013774679037,53.12220798805356,6045.9434580407105,66384.6204595997
1777228448,16,GET,bulk_update_departures,0.500000,0.000000,73,82,91,130,150,150,150,150,150,150,150,62,0,80,151.25334949416649,55.39466696791351,1850.374958012253,131.29032258064515
1777228448,16,GET,large_scan,1.200000,0.000000,4900,4900,4900,4900,5000,5300,5300,5300,5300,5300,5300,137,0,4900,5030.214277931394,4072.1202080021612,6045.9434580407105,652261.0145985401
1777228448,16,GET,next_departures,5.200000,0.000000,79,88,110,120,140,160,170,170,170,170,170,498,0,87,124.84325452351916,53.83074999554083,1784.4477499602363,109.42168674698796
1777228448,16,GET,point_read,7.100000,0.000000,81,110,130,130,150,160,160,160,160,160,160,612,0,88,110.12477648729426,53.12220798805356,1741.2015830050223,104.42647058823529
1777228448,16,GET,trips_per_route,0.900000,0.000000,3800,4100,4100,4100,4100,4100,4100,4100,4100,4100,4100,58,0,3800,3915.878473344492,3565.626958035864,5343.258709006477,1200.155172413793
1777228448,16,,Aggregated,14.900000,0.000000,86,120,140,150,4100,4800,4900,5000,5300,5300,5300,1367,0,100,771.9139130666836,53.12220798805356,6045.9434580407105,65512.73518653987
1777228449,16,GET,bulk_update_departures,0.600000,0.000000,73,82,91,130,150,150,150,150,150,150,150,63,0,80,149.93766207332973,55.39466696791351,1850.374958012253,131.3015873015873
1777228449,16,GET,large_scan,1.100000,0.000000,4900,4900,4900,4900,5000,5300,5300,5300,5300,5300,5300,137,0,4900,5030.214277931394,4072.1202080021612,6045.9434580407105,652261.0145985401
1777228449,16,GET,next_departures,5.100000,0.000000,79,88,110,110,140,160,170,170,170,170,170,506,0,87,124.14240736694704,53.83074999554083,1784.4477499602363,109.41699604743083
1777228449,16,GET,point_read,7.100000,0.000000,86,110,130,130,150,160,160,160,160,160,160,617,0,89,110.01003910244006,53.12220798805356,1741.2015830050223,104.42949756888169
1777228449,16,GET,trips_per_route,0.800000,0.000000,3700,3800,4100,4100,4100,4100,4100,4100,4100,4100,4100,58,0,3800,3915.878473344492,3565.626958035864,5343.258709006477,1200.155172413793
1777228449,16,,Aggregated,14.700000,0.000000,86,110,140,150,3700,4800,4900,5000,5300,5300,5300,1381,0,100,764.9519424294583,53.12220798805356,6045.9434580407105,64849.70166545981
1777228450,16,GET,bulk_update_departures,0.900000,0.000000,73,82,91,130,150,150,150,150,150,150,150,63,0,80,149.93766207332973,55.39466696791351,1850.374958012253,131.3015873015873
1777228450,16,GET,large_scan,1.200000,0.000000,4900,4900,4900,4900,5000,5300,5300,5300,5300,5300,5300,139,0,4900,5027.643248457679,4072.1202080021612,6045.9434580407105,652261.0215827338
1777228450,16,GET,next_departures,5.300000,0.000000,79,88,110,110,140,160,170,170,170,170,170,512,0,86,123.58856893297343,53.83074999554083,1784.4477499602363,109.41796875
1777228450,16,GET,point_read,7.000000,0.000000,86,110,130,130,140,150,160,160,160,160,160,624,0,88,109.80613515260838,53.12220798805356,1741.2015830050223,104.43108974358974
1777228450,16,GET,trips_per_route,0.800000,0.000000,3800,3800,4100,4100,4100,4100,4100,4100,4100,4100,4100,58,0,3800,3915.878473344492,3565.626958035864,5343.258709006477,1200.155172413793
1777228450,16,,Aggregated,15.200000,0.000000,86,110,140,140,3600,4800,4900,5000,5300,5300,5300,1396,0,99,764.4740768833293,53.12220798805356,6045.9434580407105,65088.359598853865
1777228451,16,GET,bulk_update_departures,0.900000,0.000000,73,82,91,130,150,150,150,150,150,150,150,63,0,80,149.93766207332973,55.39466696791351,1850.374958012253,131.3015873015873
1777228451,16,GET,large_scan,1.200000,0.000000,4900,4900,4900,4900,5000,5600,5600,5600,5600,5600,5600,140,0,4900,5031.518491025781,4072.1202080021612,6045.9434580407105,652261.0214285714
1777228451,16,GET,next_departures,5.600000,0.000000,78,86,100,110,140,160,160,170,170,170,170,514,0,86,123.38619098970521,53.83074999554083,1784.4477499602363,109.41634241245136
1777228451,16,GET,point_read,6.800000,0.000000,87,110,130,130,140,160,160,180,180,180,180,630,0,89,109.87236415588534,53.12220798805356,1741.2015830050223,104.43174603174603
1777228451,16,GET,trips_per_route,0.900000,0.000000,3600,3800,4100,4100,4100,4100,4100,4100,4100,4100,4100,59,0,3800,3910.6207047283287,3565.626958035864,5343.258709006477,1200.135593220339
1777228451,16,,Aggregated,15.500000,0.000000,86,110,130,140,3600,4800,4900,5000,5600,5600,5600,1406,0,99,766.1631398436108,53.12220798805356,6045.9434580407105,65090.79302987198
1777228452,16,GET,bulk_update_departures,1.000000,0.000000,73,82,91,110,150,150,150,150,150,150,150,64,0,80,149.35900265027158,55.39466696791351,1850.374958012253,131.296875
1777228452,16,GET,large_scan,1.100000,0.000000,4900,4900,4900,5000,5300,5600,5600,5600,5600,5600,5600,142,0,4900,5031.836408701591,4072.1202080021612,6045.9434580407105,652261.0281690141
1777228452,16,GET,next_departures,5.700000,0.000000,80,88,110,110,140,160,160,170,170,170,170,516,0,86,123.27564841988244,53.83074999554083,1784.4477499602363,109.4186046511628
1777228452,16,GET,point_read,6.500000,0.000000,83,100,130,130,140,160,160,180,180,180,180,635,0,88,109.59316896738514,53.12220798805356,1741.2015830050223,104.4283464566929
1777228452,16,GET,trips_per_route,0.700000,0.000000,3600,3600,3800,3800,4100,4100,4100,4100,4100,4100,4100,59,0,3800,3910.6207047283287,3565.626958035864,5343.258709006477,1200.135593220339
1777228452,16,,Aggregated,15.000000,0.000000,85,110,130,140,3600,4800,4900,5300,5600,5600,5600,1416,0,99,768.367418547432,53.12220798805356,6045.9434580407105,65553.00070621469
1777228453,16,GET,bulk_update_departures,0.900000,0.000000,73,82,91,110,150,150,150,150,150,150,150,64,0,80,149.35900265027158,55.39466696791351,1850.374958012253,131.296875
1777228453,16,GET,large_scan,1.200000,0.000000,4900,5000,5200,5300,5300,5600,5600,5600,5600,5600,5600,144,0,4900,5035.113358754137,4072.1202080021612,6045.9434580407105,652261.0277777778
1777228453,16,GET,next_departures,6.000000,0.000000,79,86,110,110,140,160,170,180,180,180,180,519,0,86,123.28882073343827,53.83074999554083,1784.4477499602363,109.41618497109826
1777228453,16,GET,point_read,7.000000,0.000000,86,100,130,130,140,150,160,180,180,180,180,644,0,89,109.56042236531,53.12220798805356,1741.2015830050223,104.43167701863354
1777228453,16,GET,trips_per_route,0.600000,0.000000,3600,3800,3800,3800,4100,4100,4100,4100,4100,4100,4100,60,0,3800,3908.9930339493244,3565.626958035864,5343.258709006477,1200.15
1777228453,16,,Aggregated,15.700000,0.000000,86,110,130,140,3800,4900,5200,5300,5600,5600,5600,1431,0,100,771.277911831647,53.12220798805356,6045.9434580407105,65779.20405310972
1777228454,16,GET,bulk_update_departures,0.900000,0.000000,70,73,82,110,150,150,150,150,150,150,150,64,0,80,149.35900265027158,55.39466696791351,1850.374958012253,131.296875
1777228454,16,GET,large_scan,1.200000,0.000000,4900,5200,5300,5300,5300,5600,5600,5600,5600,5600,5600,144,0,4900,5035.113358754137,4072.1202080021612,6045.9434580407105,652261.0277777778
1777228454,16,GET,next_departures,5.800000,0.000000,79,94,110,120,140,160,160,180,180,180,180,527,0,86,122.98289801089528,53.83074999554083,1784.4477499602363,109.41366223908918
1777228454,16,GET,point_read,7.300000,0.000000,87,100,130,130,140,150,160,180,180,180,180,648,0,89,109.5136216624078,53.12220798805356,1741.2015830050223,104.43364197530865
1777228454,16,GET,trips_per_route,0.600000,0.000000,3800,3800,4100,4100,4200,4200,4200,4200,4200,4200,4200,61,0,3800,3913.4466105730457,3565.626958035864,5343.258709006477,1200.1639344262296
1777228454,16,,Aggregated,15.800000,0.000000,86,110,130,140,3600,4800,5200,5300,5600,5600,5600,1444,0,100,768.0833498366696,53.12220798805356,6045.9434580407105,65188.73614958449
1777228455,16,GET,bulk_update_departures,1.000000,0.000000,69,69,110,110,150,150,150,150,150,150,150,64,0,80,149.35900265027158,55.39466696791351,1850.374958012253,131.296875
1777228455,16,GET,large_scan,1.300000,0.000000,4800,5200,5300,5300,5300,5600,5600,5600,5600,5600,5600,146,0,4900,5030.776386366908,4072.1202080021612,6045.9434580407105,652261.0342465753
1777228455,16,GET,next_departures,5.800000,0.000000,79,86,110,110,120,150,160,180,180,180,180,532,0,86,122.5806387869818,53.83074999554083,1784.4477499602363,109.41353383458646
1777228455,16,GET,point_read,7.000000,0.000000,86,100,120,130,150,160,160,180,180,180,180,652,0,89,109.41449719353685,53.12220798805356,1741.2015830050223,104.43711656441718
1777228455,16,GET,trips_per_route,0.600000,0.000000,3800,4100,4100,4200,4200,4200,4200,4200,4200,4200,4200,62,0,3800,3911.641453547711,3565.626958035864,5343.258709006477,1200.1774193548388
1777228455,16,,Aggregated,15.700000,0.000000,86,110,130,150,4100,4800,5300,5300,5600,5600,5600,1456,0,99,771.3772326263767,53.12220798805356,6045.9434580407105,65548.91895604396
1777228457,16,GET,bulk_update_departures,1.000000,0.000000,89,89,110,110,110,110,110,110,110,110,110,65,0,82,148.42632825558002,55.39466696791351,1850.374958012253,131.2923076923077
1777228457,16,GET,large_scan,1.400000,0.000000,4800,5200,5300,5300,5500,5600,5600,5600,5600,5600,5600,149,0,4900,5030.470013097725,4072.1202080021612,6045.9434580407105,652261.0469798658
1777228457,16,GET,next_departures,5.400000,0.000000,80,86,100,110,120,150,180,180,180,180,180,538,0,86,122.1410112353137,53.83074999554083,1784.4477499602363,109.41449814126393
1777228457,16,GET,point_read,7.300000,0.000000,90,110,120,130,140,150,180,180,180,180,180,657,0,89,109.35505803525972,53.12220798805356,1741.2015830050223,104.43835616438356
1777228457,16,GET,trips_per_route,0.500000,0.000000,3800,4100,4100,4200,4200,4200,4200,4200,4200,4200,4200,62,0,3800,3911.641453547711,3565.626958035864,5343.258709006477,1200.1774193548388
1777228457,16,,Aggregated,15.600000,0.000000,88,110,130,150,4700,4900,5300,5500,5600,5600,5600,1471,0,99,774.4851465546542,53.12220798805356,6045.9434580407105,66211.63970088375
1777228458,16,GET,bulk_update_departures,0.900000,0.000000,100,100,110,110,110,110,110,110,110,110,110,66,0,82,147.7386875547271,55.39466696791351,1850.374958012253,131.28787878787878
1777228458,16,GET,large_scan,1.100000,0.000000,4900,5300,5300,5300,5500,5600,5600,5600,5600,5600,5600,150,0,4900,5032.251351343778,4072.1202080021612,6045.9434580407105,652261.0466666666
1777228458,16,GET,next_departures,5.500000,0.000000,83,91,110,110,140,150,180,180,180,180,180,546,0,86,121.86861050467863,53.83074999554083,1784.4477499602363,109.41941391941391
1777228458,16,GET,point_read,7.100000,0.000000,95,110,130,130,150,150,180,180,180,180,180,661,0,89,109.50391371128588,53.12220798805356,1741.2015830050223,104.44024205748866
1777228458,16,GET,trips_per_route,0.600000,0.000000,3800,4100,4100,4200,4200,4200,4200,4200,4200,4200,4200,62,0,3800,3911.641453547711,3565.626958035864,5343.258709006477,1200.1774193548388
1777228458,16,,Aggregated,15.200000,0.000000,95,120,140,150,4700,5200,5300,5500,5600,5600,5600,1485,0,100,771.7391074066339,53.12220798805356,6045.9434580407105,66027.61683501683
1777228459,16,GET,bulk_update_departures,0.800000,0.000000,89,100,100,110,110,110,110,110,110,110,110,67,0,82,146.4989086362853,55.39466696791351,1850.374958012253,131.29850746268656
1777228459,16,GET,large_scan,1.100000,0.000000,4900,5200,5300,5300,5500,5600,5600,5600,5600,5600,5600,152,0,4900,5028.7282921743,4072.1202080021612,6045.9434580407105,652261.0592105263
1777228459,16,GET,next_departures,5.600000,0.000000,83,100,110,120,140,160,180,180,180,180,180,550,0,86,121.70637561008334,53.83074999554083,1784.4477499602363,109.41818181818182
1777228459,16,GET,point_read,6.600000,0.000000,94,120,130,130,150,150,160,180,180,180,180,671,0,89,109.39974454127463,53.12220798805356,1741.2015830050223,104.43666169895678
1777228459,16,GET,trips_per_route,0.500000,0.000000,3800,3800,4200,4200,4200,4200,4200,4200,4200,4200,4200,62,0,3800,3911.641453547711,3565.626958035864,5343.258709006477,1200.1774193548388
1777228459,16,,Aggregated,14.600000,0.000000,99,130,140,150,4700,4900,5300,5500,5600,5600,5600,1502,0,100,770.3393026510146,53.12220798805356,6045.9434580407105,66149.89747003994
1777228460,16,GET,bulk_update_departures,0.700000,0.000000,100,110,110,110,110,110,110,110,110,110,110,68,0,82,146.0233094797278,55.39466696791351,1850.374958012253,131.30882352941177
1777228460,16,GET,large_scan,1.400000,0.000000,4800,5200,5300,5300,5500,5600,5600,5600,5600,5600,5600,154,0,4900,5025.349194224011,4072.1202080021612,6045.9434580407105,652261.064935065
1777228460,16,GET,next_departures,5.800000,0.000000,84,100,120,130,140,160,180,180,180,180,180,556,0,86,121.3666200567675,53.83074999554083,1784.4477499602363,109.41726618705036
1777228460,16,GET,point_read,5.800000,0.000000,94,120,130,130,150,150,160,180,180,180,180,676,0,89,109.21785220000604,53.12220798805356,1741.2015830050223,104.4319526627219
1777228460,16,GET,trips_per_route,0.500000,0.000000,4100,4100,4200,4200,4400,4400,4400,4400,4400,4400,4400,64,0,3800,3921.1239628120893,3565.626958035864,5343.258709006477,1200.15625
1777228460,16,,Aggregated,14.200000,0.000000,100,130,150,160,4700,4900,5300,5500,5600,5600,5600,1518,0,100,774.7670641725031,53.12220798805356,6045.9434580407105,66314.47628458498
1777228461,16,GET,bulk_update_departures,0.500000,0.000000,100,100,110,110,110,110,110,110,110,110,110,69,0,82,144.97150970450804,55.39466696791351,1850.374958012253,131.31884057971016
1777228461,16,GET,large_scan,1.500000,0.000000,4800,5200,5300,5300,5300,5500,5500,5500,5500,5500,5500,154,0,4900,5025.349194224011,4072.1202080021612,6045.9434580407105,652261.064935065
1777228461,16,GET,next_departures,5.200000,0.000000,84,100,120,130,150,160,180,180,180,180,180,560,0,86,121.27984159378684,53.83074999554083,1784.4477499602363,109.42142857142858
1777228461,16,GET,point_read,5.800000,0.000000,92,120,130,130,150,150,150,160,160,160,160,683,0,89,109.05695809402515,53.12220798805356,1741.2015830050223,104.43191800878478
1777228461,16,GET,trips_per_route,0.400000,0.000000,3900,4100,4200,4200,4400,4400,4400,4400,4400,4400,4400,65,0,3800,3920.701578769009,3565.626958035864,5343.258709006477,1200.1692307692308
1777228461,16,,Aggregated,13.300000,0.000000,100,130,150,160,4700,4800,5300,5300,5500,5500,5500,1531,0,100,771.4925057941438,53.12220798805356,6045.9434580407105,65753.0235140431
1777228462,16,GET,bulk_update_departures,0.500000,0.000000,89,100,110,110,110,110,110,110,110,110,110,70,0,80,143.78074170921795,55.39466696791351,1850.374958012253,131.32857142857142
1777228462,16,GET,large_scan,1.500000,0.000000,4800,4900,5200,5200,5300,5500,5500,5500,5500,5500,5500,154,0,4900,5025.349194224011,4072.1202080021612,6045.9434580407105,652261.064935065
1777228462,16,GET,next_departures,5.200000,0.000000,84,110,120,130,150,160,180,180,180,180,180,563,0,86,121.13443272912852,53.83074999554083,1784.4477499602363,109.42095914742451
1777228462,16,GET,point_read,5.800000,0.000000,92,120,130,130,150,150,150,160,160,160,160,686,0,89,108.85043021457123,53.12220798805356,1741.2015830050223,104.43148688046647
1777228462,16,GET,trips_per_route,0.400000,0.000000,4100,4100,4200,4200,4400,4400,4400,4400,4400,4400,4400,65,0,3800,3920.701578769009,3565.626958035864,5343.258709006477,1200.1692307692308
1777228462,16,,Aggregated,13.300000,0.000000,99,130,140,150,4200,4700,5200,5300,5500,5500,5500,1538,0,99,768.3251698334354,53.12220798805356,6045.9434580407105,65454.260078023406
1777228463,16,GET,bulk_update_departures,0.500000,0.000000,100,110,110,110,160,160,160,160,160,160,160,71,0,82,143.94367727677297,55.39466696791351,1850.374958012253,131.33802816901408
1777228463,16,GET,large_scan,1.700000,0.000000,4800,5200,5200,5300,5400,5500,5500,5500,5500,5500,5500,156,0,4900,5028.6572502276,4072.1202080021612,6045.9434580407105,652261.0641025641
1777228463,16,GET,next_departures,5.000000,0.000000,83,100,120,130,140,160,160,160,160,160,160,566,0,86,120.8332355026001,53.83074999554083,1784.4477499602363,109.41696113074205
1777228463,16,GET,point_read,5.900000,0.000000,95,120,130,130,140,150,160,160,160,160,160,688,0,89,108.89134787235932,53.12220798805356,1741.2015830050223,104.43313953488372
1777228463,16,GET,trips_per_route,0.600000,0.000000,4100,4100,4200,4200,4400,4400,4400,4400,4400,4400,4400,66,0,3800,3916.148474665754,3565.626958035864,5343.258709006477,1200.1666666666667
1777228463,16,,Aggregated,13.700000,0.000000,99,130,140,150,4600,4800,5300,5400,5500,5500,5500,1547,0,99,773.4099483392057,53.12220798805356,6045.9434580407105,65917.93277310925
1777228464,16,GET,bulk_update_departures,0.700000,0.000000,89,100,110,110,160,160,160,160,160,160,160,71,0,82,143.94367727677297,55.39466696791351,1850.374958012253,131.33802816901408
1777228464,16,GET,large_scan,1.400000,0.000000,4800,5200,5200,5300,5400,5500,5500,5500,5500,5500,5500,158,0,4900,5027.2941576616095,4072.1202080021612,6045.9434580407105,652261.0696202532
1777228464,16,GET,next_departures,4.800000,0.000000,83,99,110,120,130,140,160,160,160,160,160,568,0,86,120.71936407649535,53.83074999554083,1784.4477499602363,109.41725352112677
1777228464,16,GET,point_read,5.400000,0.000000,95,120,130,130,140,150,160,160,160,160,160,692,0,89,108.85006105820003,53.12220798805356,1741.2015830050223,104.4320809248555
1777228464,16,GET,trips_per_route,0.600000,0.000000,3900,3900,4100,4100,4400,4400,4400,4400,4400,4400,4400,67,0,3800,3912.9068512823987,3565.626958035864,5343.258709006477,1200.1641791044776
1777228464,16,,Aggregated,12.900000,0.000000,99,130,140,160,4700,4900,5300,5400,5500,5500,5500,1556,0,99,778.0141889979625,53.12220798805356,6045.9434580407105,66376.22172236504
1777228465,16,GET,bulk_update_departures,0.700000,0.000000,100,110,120,120,160,160,160,160,160,160,160,72,0,82,143.6076082585108,55.39466696791351,1850.374958012253,131.34722222222223
1777228465,16,GET,large_scan,1.300000,0.000000,4900,5200,5200,5300,5400,5500,5500,5500,5500,5500,5500,159,0,4900,5027.31802014183,4072.1202080021612,6045.9434580407105,652261.0691823899
1777228465,16,GET,next_departures,5.000000,0.000000,84,99,110,120,140,160,160,160,160,160,160,570,0,86,120.60884291657426,53.83074999554083,1784.4477499602363,109.41754385964913
1777228465,16,GET,point_read,5.300000,0.000000,99,120,130,140,150,150,160,160,160,160,160,698,0,89,108.95495899461936,53.12220798805356,1741.2015830050223,104.432664756447
1777228465,16,GET,trips_per_route,0.700000,0.000000,3900,4100,4200,4200,4400,4400,4400,4400,4400,4400,4400,68,0,3800,3917.2645838664134,3565.626958035864,5343.258709006477,1200.1617647058824
1777228465,16,,Aggregated,13.000000,0.000000,100,130,150,160,4700,5000,5300,5400,5500,5500,5500,1567,0,100,779.1033226169569,53.12220798805356,6045.9434580407105,66327.91320995532
1777228466,16,GET,bulk_update_departures,0.700000,0.000000,110,120,130,130,160,160,160,160,160,160,160,73,0,82,143.46403999442285,55.39466696791351,1850.374958012253,131.34246575342465
1777228466,16,GET,large_scan,1.300000,0.000000,4800,5000,5200,5200,5300,5400,5400,5400,5400,5400,5400,162,0,4900,5018.147552941773,4060.466875031125,6045.9434580407105,652261.074074074
1777228466,16,GET,next_departures,5.000000,0.000000,91,100,130,130,140,160,160,160,160,160,160,574,0,86,120.56714714533578,53.83074999554083,1784.4477499602363,109.41811846689896
1777228466,16,GET,point_read,5.300000,0.000000,100,120,140,140,150,150,170,170,170,170,170,706,0,90,108.99945267191863,53.12220798805356,1741.2015830050223,104.43484419263456
1777228466,16,GET,trips_per_route,0.700000,0.000000,4100,4200,4400,4400,4400,4400,4400,4400,4400,4400,4400,69,0,3800,3924.5512801149953,3565.626958035864,5343.258709006477,1200.159420289855
1777228466,16,,Aggregated,13.000000,0.000000,110,140,150,160,4600,4900,5200,5300,5400,5400,5400,1584,0,100,783.0593263080127,53.12220798805356,6045.9434580407105,66853.04924242424
1777228467,16,GET,bulk_update_departures,0.800000,0.000000,120,120,130,130,160,160,160,160,160,160,160,75,0,82,142.99001280839244,55.39466696791351,1850.374958012253,131.33333333333334
1777228467,16,GET,large_scan,1.500000,0.000000,4800,4900,5000,5200,5200,5400,5400,5400,5400,5400,5400,163,0,4900,5016.157088144911,4060.466875031125,6045.9434580407105,652261.0797546012
1777228467,16,GET,next_departures,4.300000,0.000000,95,110,130,140,150,160,160,160,160,160,160,582,0,86,120.4449102996418,53.83074999554083,1784.4477499602363,109.42096219931271
1777228467,16,GET,point_read,4.900000,0.000000,92,110,130,130,140,150,150,170,170,170,170,714,0,89,108.72374801861946,53.12220798805356,1741.2015830050223,104.43417366946778
1777228467,16,GET,trips_per_route,0.700000,0.000000,4100,4200,4400,4400,4400,4400,4400,4400,4400,4400,4400,70,0,3800,3919.3089213563194,3557.5861670076847,5343.258709006477,1200.142857142857
1777228467,16,,Aggregated,12.200000,0.000000,100,130,150,160,4600,4800,5200,5200,5400,5400,5400,1604,0,100,779.5742984431909,53.12220798805356,6045.9434580407105,66428.09538653366
1777228468,16,GET,bulk_update_departures,0.900000,0.000000,120,130,130,130,160,160,160,160,160,160,160,77,0,82,141.84995077387129,55.39466696791351,1850.374958012253,131.33766233766235
1777228468,16,GET,large_scan,1.600000,0.000000,4800,4800,5200,5200,5200,5400,5400,5400,5400,5400,5400,164,0,4900,5014.360981412366,4060.466875031125,6045.9434580407105,652261.0853658536
1777228468,16,GET,next_departures,4.200000,0.000000,110,130,130,140,150,160,160,160,160,160,160,593,0,87,120.53367699891828,53.83074999554083,1784.4477499602363,109.42158516020235
1777228468,16,GET,point_read,5.400000,0.000000,85,100,120,130,140,150,170,170,170,170,170,720,0,89,108.4199752337655,53.12220798805356,1741.2015830050223,104.43472222222222
1777228468,16,GET,trips_per_route,0.700000,0.000000,4100,4200,4400,4400,4400,4400,4400,4400,4400,4400,4400,70,0,3800,3919.3089213563194,3557.5861670076847,5343.258709006477,1200.142857142857
1777228468,16,,Aggregated,12.800000,0.000000,110,130,150,160,4400,4700,5200,5200,5400,5400,5400,1624,0,100,774.1183031310518,53.12220798805356,6045.9434580407105,66012.94396551725
1777228469,16,GET,bulk_update_departures,1.000000,0.000000,120,130,130,130,160,170,170,170,170,170,170,79,0,86,141.7036503236564,55.39466696791351,1850.374958012253,131.34177215189874
1777228469,16,GET,large_scan,1.400000,0.000000,4800,5000,5200,5200,5200,5400,5400,5400,5400,5400,5400,165,0,4900,5015.405342640059,4060.466875031125,6045.9434580407105,652261.0848484848
1777228469,16,GET,next_departures,4.300000,0.000000,110,130,140,140,150,160,160,160,160,160,160,596,0,87,120.3551700256879,53.83074999554083,1784.4477499602363,109.42114093959732
1777228469,16,GET,point_read,5.700000,0.000000,90,100,130,130,140,150,170,170,170,170,170,729,0,89,108.3539344407254,53.12220798805356,1741.2015830050223,104.43621399176955
1777228469,16,GET,trips_per_route,0.800000,0.000000,3900,3900,4200,4200,4400,4400,4400,4400,4400,4400,4400,70,0,3800,3919.3089213563194,3557.5861670076847,5343.258709006477,1200.142857142857
1777228469,16,,Aggregated,13.200000,0.000000,110,130,140,150,4100,4700,5200,5200,5400,5400,5400,1639,0,100,771.0859023482121,53.12220798805356,6045.9434580407105,65807.6961561928
1777228470,16,GET,bulk_update_departures,1.100000,0.000000,130,130,130,130,160,170,170,170,170,170,170,81,0,89,141.07624795805248,55.39466696791351,1850.374958012253,131.34567901234567
1777228470,16,GET,large_scan,1.300000,0.000000,4800,5200,5200,5200,5200,5400,5400,5400,5400,5400,5400,167,0,4900,5015.584878452697,4060.466875031125,6045.9434580407105,652261.0898203593
1777228470,16,GET,next_departures,4.600000,0.000000,110,130,140,140,150,160,170,170,170,170,170,602,0,87,120.32427173620322,53.83074999554083,1784.4477499602363,109.42358803986711
1777228470,16,GET,point_read,5.800000,0.000000,90,100,120,130,150,170,170,170,170,170,170,736,0,89,108.14053747455308,53.12220798805356,1741.2015830050223,104.43478260869566
1777228470,16,GET,trips_per_route,0.800000,0.000000,3900,3900,4200,4200,4400,4400,4400,4400,4400,4400,4400,70,0,3800,3919.3089213563194,3557.5861670076847,5343.258709006477,1200.142857142857
1777228470,16,,Aggregated,13.600000,0.000000,110,130,150,160,4400,4800,5200,5200,5400,5400,5400,1656,0,100,770.173986985272,53.12220798805356,6045.9434580407105,65920.88647342996
1777228471,16,GET,bulk_update_departures,1.100000,0.000000,130,130,130,130,160,170,170,170,170,170,170,81,0,89,141.07624795805248,55.39466696791351,1850.374958012253,131.34567901234567
1777228471,16,GET,large_scan,1.300000,0.000000,4800,5000,5200,5200,5200,5400,5400,5400,5400,5400,5400,169,0,4900,5009.472969879145,4060.466875031125,6045.9434580407105,652261.100591716
1777228471,16,GET,next_departures,4.600000,0.000000,110,130,140,150,160,160,170,170,170,170,170,608,0,88,120.50358518794575,53.83074999554083,1784.4477499602363,109.42434210526316
1777228471,16,GET,point_read,5.800000,0.000000,90,100,120,130,150,170,170,170,170,170,170,739,0,89,108.05448708422192,53.12220798805356,1741.2015830050223,104.43572395128552
1777228471,16,GET,trips_per_route,0.800000,0.000000,3700,4200,4200,4400,4400,4400,4400,4400,4400,4400,4400,70,0,3800,3919.3089213563194,3557.5861670076847,5343.258709006477,1200.142857142857
1777228471,16,,Aggregated,13.600000,0.000000,110,140,150,170,4700,4800,5200,5200,5400,5400,5400,1667,0,100,771.1446780075772,53.12220798805356,6045.9434580407105,66269.03599280144
1777228472,16,GET,bulk_update_departures,1.300000,0.000000,130,130,130,130,160,170,170,170,170,170,170,81,0,89,141.07624795805248,55.39466696791351,1850.374958012253,131.34567901234567
1777228472,16,GET,large_scan,1.300000,0.000000,4800,5000,5200,5200,5200,5400,5400,5400,5400,5400,5400,169,0,4900,5009.472969879145,4060.466875031125,6045.9434580407105,652261.100591716
1777228472,16,GET,next_departures,4.500000,0.000000,120,130,140,150,160,160,170,170,170,170,170,612,0,88,120.44775810509653,53.83074999554083,1784.4477499602363,109.41993464052288
1777228472,16,GET,point_read,6.000000,0.000000,85,100,120,130,150,170,170,170,170,170,170,745,0,89,107.96466090227321,53.12220798805356,1741.2015830050223,104.43489932885906
1777228472,16,GET,trips_per_route,0.600000,0.000000,4100,4100,4200,4200,4400,4400,4400,4400,4400,4400,4400,72,0,3800,3918.929167749108,3557.5861670076847,5343.258709006477,1200.1666666666667
1777228472,16,,Aggregated,13.700000,0.000000,110,140,150,160,4200,4800,5200,5200,5200,5200,5200,1679,0,100,770.8985755834582,53.12220798805356,6045.9434580407105,65797.46634901727
1777228473,16,GET,bulk_update_departures,1.200000,0.000000,120,130,130,130,130,170,170,170,170,170,170,82,0,89,140.5786372019864,55.39466696791351,1850.374958012253,131.34146341463415
1777228473,16,GET,large_scan,1.500000,0.000000,4800,4800,5000,5200,5200,5200,5200,5200,5200,5200,5200,170,0,4900,5008.13292618567,4060.466875031125,6045.9434580407105,652261.1058823529
1777228473,16,GET,next_departures,4.800000,0.000000,120,130,140,150,160,160,170,170,170,170,170,614,0,88,120.40982777239522,53.83074999554083,1784.4477499602363,109.42019543973942
1777228473,16,GET,point_read,5.700000,0.000000,85,100,120,130,150,170,170,170,170,170,170,754,0,89,107.88896882910262,53.12220798805356,1741.2015830050223,104.43501326259947
1777228473,16,GET,trips_per_route,0.500000,0.000000,4100,4100,4200,4200,4400,4400,4400,4400,4400,4400,4400,73,0,3800,3914.5330256018597,3557.5861670076847,5343.258709006477,1200.1780821917807
1777228473,16,,Aggregated,13.700000,0.000000,110,130,150,160,4200,4800,5200,5200,5200,5200,5200,1693,0,100,770.2013427764067,53.12220798805356,6045.9434580407105,65640.10572947431
1777228474,16,GET,bulk_update_departures,1.100000,0.000000,130,130,130,130,150,170,170,170,170,170,170,84,0,91,140.36315428079217,55.39466696791351,1850.374958012253,131.33333333333334
1777228474,16,GET,large_scan,1.500000,0.000000,4800,4800,4800,4800,5200,5200,5200,5200,5200,5200,5200,170,0,4900,5008.13292618567,4060.466875031125,6045.9434580407105,652261.1058823529
1777228474,16,GET,next_departures,4.900000,0.000000,120,140,140,150,160,170,170,170,170,170,170,622,0,88,120.32947528334724,53.83074999554083,1784.4477499602363,109.41800643086816
1777228474,16,GET,point_read,5.800000,0.000000,84,98,110,130,150,170,170,170,170,170,170,757,0,89,107.7752461428711,53.12220798805356,1741.2015830050223,104.43593130779392
1777228474,16,GET,trips_per_route,0.700000,0.000000,3800,3800,4100,4100,4400,4400,4400,4400,4400,4400,4400,74,0,3800,3912.6349098231594,3557.5861670076847,5343.258709006477,1200.1891891891892
1777228474,16,,Aggregated,14.000000,0.000000,110,130,150,160,3700,4700,4800,5200,5200,5200,5200,1707,0,100,766.9237731074749,53.12220798805356,6045.9434580407105,65103.30990041007
1777228475,16,GET,bulk_update_departures,1.100000,0.000000,120,130,130,130,150,170,170,170,170,170,170,84,0,91,140.36315428079217,55.39466696791351,1850.374958012253,131.33333333333334
1777228475,16,GET,large_scan,1.400000,0.000000,4800,4800,4900,4900,5200,5200,5200,5200,5200,5200,5200,173,0,4900,5003.86341253492,4060.466875031125,6045.9434580407105,652261.1098265896
1777228475,16,GET,next_departures,4.800000,0.000000,110,130,140,150,150,170,170,170,170,170,170,633,0,88,119.94447301947078,53.83074999554083,1784.4477499602363,109.41074249605056
1777228475,16,GET,point_read,6.500000,0.000000,77,91,110,120,140,170,170,170,170,170,170,763,0,89,107.68713875778073,53.12220798805356,1741.2015830050223,104.42988204456094
1777228475,16,GET,trips_per_route,0.700000,0.000000,3700,3800,3800,3800,4100,4100,4100,4100,4100,4100,4100,76,0,3800,3909.297054196175,3557.5861670076847,5343.258709006477,1200.1973684210527
1777228475,16,,Aggregated,14.500000,0.000000,110,130,150,150,3700,4700,4900,5200,5200,5200,5200,1729,0,100,770.7666800118848,53.12220798805356,6045.9434580407105,65409.112781954886
1777228476,16,GET,bulk_update_departures,1.300000,0.000000,110,130,130,150,170,170,170,170,170,170,170,85,0,91,139.8823480539517,55.39466696791351,1850.374958012253,131.31764705882352
1777228476,16,GET,large_scan,1.400000,0.000000,4800,4800,4900,4900,5200,5200,5200,5200,5200,5200,5200,174,0,4900,5002.874610836527,4060.466875031125,6045.9434580407105,652261.1091954022
1777228476,16,GET,next_departures,5.100000,0.000000,110,130,140,140,150,160,170,170,170,170,170,643,0,88,119.54532673276097,53.83074999554083,1784.4477499602363,109.41368584758942
1777228476,16,GET,point_read,6.500000,0.000000,77,90,110,120,140,170,170,170,170,170,170,772,0,88,107.34915381754082,53.12220798805356,1741.2015830050223,104.43005181347151
1777228476,16,GET,trips_per_route,0.700000,0.000000,3700,3800,3800,3800,4100,4100,4100,4100,4100,4100,4100,76,0,3800,3909.297054196175,3557.5861670076847,5343.258709006477,1200.1973684210527
1777228476,16,,Aggregated,15.000000,0.000000,100,130,140,150,3700,4700,4900,5200,5200,5200,5200,1750,0,100,765.2788284716329,53.12220798805356,6045.9434580407105,64998.161714285714
1777228477,16,GET,bulk_update_departures,1.300000,0.000000,110,130,150,150,170,170,170,170,170,170,170,85,0,91,139.8823480539517,55.39466696791351,1850.374958012253,131.31764705882352
1777228477,16,GET,large_scan,1.400000,0.000000,4800,4800,5000,5000,5200,5200,5200,5200,5200,5200,5200,175,0,4900,5002.583106631812,4060.466875031125,6045.9434580407105,652261.1085714286
1777228477,16,GET,next_departures,5.100000,0.000000,100,120,140,140,160,170,170,220,220,220,220,651,0,88,119.40470213405273,53.83074999554083,1784.4477499602363,109.41935483870968
1777228477,16,GET,point_read,6.500000,0.000000,84,96,120,130,140,160,170,170,170,170,170,783,0,89,107.32816597092945,53.12220798805356,1741.2015830050223,104.43167305236271
1777228477,16,GET,trips_per_route,0.700000,0.000000,3700,3800,3800,3800,4100,4100,4100,4100,4100,4100,4100,76,0,3800,3909.297054196175,3557.5861670076847,5343.258709006477,1200.1973684210527
1777228477,16,,Aggregated,15.000000,0.000000,100,130,140,150,3800,4800,5000,5200,5200,5200,5200,1770,0,100,760.5757256545584,53.12220798805356,6045.9434580407105,64633.374576271184
1777228478,16,GET,bulk_update_departures,1.200000,0.000000,110,110,130,130,150,150,150,150,150,150,150,85,0,91,139.8823480539517,55.39466696791351,1850.374958012253,131.31764705882352
1777228478,16,GET,large_scan,1.400000,0.000000,4800,4800,4900,4900,5000,5200,5200,5200,5200,5200,5200,176,0,4900,5000.592055838338,4060.466875031125,6045.9434580407105,652261.1079545454
1777228478,16,GET,next_departures,6.000000,0.000000,100,120,140,140,160,170,170,220,220,220,220,656,0,88,119.16589234817543,53.83074999554083,1784.4477499602363,109.41768292682927
1777228478,16,GET,point_read,6.400000,0.000000,77,91,110,120,140,150,170,170,170,170,170,795,0,88,106.90344029828121,53.12220798805356,1741.2015830050223,104.42389937106918
1777228478,16,GET,trips_per_route,0.800000,0.000000,3800,3800,3800,3800,4100,4100,4100,4100,4100,4100,4100,76,0,3800,3909.297054196175,3557.5861670076847,5343.258709006477,1200.1973684210527
1777228478,16,,Aggregated,15.800000,0.000000,97,120,140,150,3700,4700,4900,5000,5200,5200,5200,1788,0,100,756.2985670853352,53.12220798805356,6045.9434580407105,64348.50503355705
1777228479,16,GET,bulk_update_departures,1.000000,0.000000,100,110,130,130,150,150,150,150,150,150,150,86,0,91,139.0511661924985,55.39466696791351,1850.374958012253,131.3139534883721
1777228479,16,GET,large_scan,1.200000,0.000000,4800,4800,4900,5000,5300,5300,5300,5300,5300,5300,5300,177,0,4900,5002.024363432708,4060.466875031125,6045.9434580407105,652261.1073446327
1777228479,16,GET,next_departures,7.000000,0.000000,92,110,130,130,150,160,170,220,220,220,220,663,0,88,118.66331178776437,53.83074999554083,1784.4477499602363,109.41628959276018
1777228479,16,GET,point_read,6.900000,0.000000,81,94,110,120,140,150,160,170,170,170,170,803,0,87,106.80364118207589,53.12220798805356,1741.2015830050223,104.42341220423413
1777228479,16,GET,trips_per_route,0.600000,0.000000,3800,3800,3800,3800,4100,4100,4100,4100,4100,4100,4100,76,0,3800,3909.297054196175,3557.5861670076847,5343.258709006477,1200.1973684210527
1777228479,16,,Aggregated,16.700000,0.000000,91,120,130,150,3700,4700,4900,5000,5300,5300,5300,1805,0,100,752.8312400684478,53.12220798805356,6045.9434580407105,64104.77506925208
1777228480,16,GET,bulk_update_departures,0.800000,0.000000,100,100,110,110,150,150,150,150,150,150,150,87,0,91,138.35920738564784,55.39466696791351,1850.374958012253,131.32183908045977
1777228480,16,GET,large_scan,1.300000,0.000000,4800,4900,5000,5000,5000,5300,5300,5300,5300,5300,5300,178,0,4900,5001.788656334877,4060.466875031125,6045.9434580407105,652261.1067415731
1777228480,16,GET,next_departures,6.400000,0.000000,87,100,110,130,140,150,170,220,220,220,220,669,0,88,118.31007337572487,53.83074999554083,1784.4477499602363,109.4170403587444
1777228480,16,GET,point_read,7.600000,0.000000,81,91,110,120,140,150,160,170,170,170,170,807,0,87,106.6084287932565,53.12220798805356,1741.2015830050223,104.42255266418836
1777228480,16,GET,trips_per_route,0.600000,0.000000,3800,3800,3800,3800,4100,4100,4100,4100,4100,4100,4100,76,0,3800,3909.297054196175,3557.5861670076847,5343.258709006477,1200.1973684210527
1777228480,16,,Aggregated,16.700000,0.000000,88,110,130,140,3600,4700,5000,5000,5300,5300,5300,1817,0,99,751.0427347900862,53.12220798805356,6045.9434580407105,64041.0489818382
1777228481,16,GET,bulk_update_departures,0.800000,0.000000,99,100,110,110,150,150,150,150,150,150,150,88,0,89,137.4938702786246,55.39466696791351,1850.374958012253,131.32954545454547
1777228481,16,GET,large_scan,1.300000,0.000000,4900,5000,5000,5300,5300,5300,5300,5300,5300,5300,5300,179,0,4900,5003.285573293681,4060.466875031125,6045.9434580407105,652261.1061452514
1777228481,16,GET,next_departures,6.400000,0.000000,87,98,110,130,150,160,170,220,220,220,220,671,0,88,118.33675205568754,53.83074999554083,1784.4477499602363,109.41877794336811
1777228481,16,GET,point_read,7.600000,0.000000,81,91,110,120,140,160,170,210,210,210,210,810,0,87,106.84010775948093,53.12220798805356,1741.2015830050223,104.42098765432098
1777228481,16,GET,trips_per_route,0.600000,0.000000,3800,3800,3800,4300,4300,4300,4300,4300,4300,4300,4300,77,0,3800,3914.5433521933865,3557.5861670076847,5343.258709006477,1200.1948051948052
1777228481,16,,Aggregated,16.700000,0.000000,88,110,130,140,3600,4700,5000,5300,5300,5300,5300,1825,0,99,753.453076294534,53.12220798805356,6045.9434580407105,64118.74575342466
1777228482,16,GET,bulk_update_departures,0.600000,0.000000,99,99,110,110,150,150,150,150,150,150,150,88,0,89,137.4938702786246,55.39466696791351,1850.374958012253,131.32954545454547
1777228482,16,GET,large_scan,1.100000,0.000000,4800,5000,5000,5000,5300,5300,5300,5300,5300,5300,5300,180,0,4900,5002.040356447752,4060.466875031125,6045.9434580407105,652261.1111111111
1777228482,16,GET,next_departures,6.800000,0.000000,86,98,110,120,150,160,170,220,220,220,220,674,0,88,118.12739120381788,53.83074999554083,1784.4477499602363,109.41839762611276
1777228482,16,GET,point_read,7.000000,0.000000,82,96,110,120,140,150,160,210,210,210,210,814,0,87,106.80866599160461,53.12220798805356,1741.2015830050223,104.42014742014742
1777228482,16,GET,trips_per_route,0.600000,0.000000,3800,3800,4300,4300,4300,4300,4300,4300,4300,4300,4300,77,0,3800,3914.5433521933865,3557.5861670076847,5343.258709006477,1200.1948051948052
1777228482,16,,Aggregated,16.100000,0.000000,87,110,130,140,220,4700,5000,5300,5300,5300,5300,1833,0,99,753.1078443276293,53.12220798805356,6045.9434580407105,64195.15439170758
1777228483,16,GET,bulk_update_departures,0.700000,0.000000,99,99,110,110,150,150,150,150,150,150,150,88,0,89,137.4938702786246,55.39466696791351,1850.374958012253,131.32954545454547
1777228483,16,GET,large_scan,1.000000,0.000000,5000,5000,5300,5300,5300,5400,5400,5400,5400,5400,5400,182,0,4900,5005.544595662466,4060.466875031125,6045.9434580407105,652261.1098901099
1777228483,16,GET,next_departures,6.300000,0.000000,85,98,110,130,150,160,170,220,220,220,220,677,0,88,118.14672501821022,53.83074999554083,1784.4477499602363,109.41506646971935
1777228483,16,GET,point_read,7.100000,0.000000,81,96,110,120,140,160,160,210,210,210,210,819,0,87,106.72136196728468,53.12220798805356,1741.2015830050223,104.42124542124542
1777228483,16,GET,trips_per_route,0.700000,0.000000,3800,4100,4100,4300,4300,4300,4300,4300,4300,4300,4300,79,0,3800,3907.515889150827,3179.2562910122797,5343.258709006477,1200.2025316455697
1777228483,16,,Aggregated,15.800000,0.000000,86,110,140,150,3800,4800,5300,5300,5400,5400,5400,1845,0,99,758.3698973043564,53.12220798805356,6045.9434580407105,64486.444444444445
1777228484,16,GET,bulk_update_departures,0.700000,0.000000,79,79,99,99,99,99,99,99,99,99,99,88,0,89,137.4938702786246,55.39466696791351,1850.374958012253,131.32954545454547
1777228484,16,GET,large_scan,1.000000,0.000000,5000,5300,5300,5300,5300,5400,5400,5400,5400,5400,5400,184,0,4900,5005.425042763818,4060.466875031125,6045.9434580407105,652261.1195652174
1777228484,16,GET,next_departures,6.300000,0.000000,85,97,110,120,150,160,160,220,220,220,220,681,0,88,118.01443423242644,53.83074999554083,1784.4477499602363,109.41409691629956
1777228484,16,GET,point_read,7.100000,0.000000,81,110,120,130,140,160,160,210,210,210,210,821,0,87,106.74121964221762,53.12220798805356,1741.2015830050223,104.42143727161998
1777228484,16,GET,trips_per_route,0.700000,0.000000,3800,4100,4100,4300,4300,4300,4300,4300,4300,4300,4300,79,0,3800,3907.515889150827,3179.2562910122797,5343.258709006477,1200.2025316455697
1777228484,16,,Aggregated,15.800000,0.000000,85,110,130,140,4100,5000,5300,5300,5400,5400,5400,1853,0,100,760.8169426521964,53.12220798805356,6045.9434580407105,64912.39071775499
1777228485,16,GET,bulk_update_departures,0.600000,0.000000,79,79,99,99,99,99,99,99,99,99,99,88,0,89,137.4938702786246,55.39466696791351,1850.374958012253,131.32954545454547
1777228485,16,GET,large_scan,1.200000,0.000000,5000,5200,5300,5300,5300,5400,5400,5400,5400,5400,5400,186,0,4900,5002.199176271754,4060.466875031125,6045.9434580407105,652261.123655914
1777228485,16,GET,next_departures,6.200000,0.000000,82,89,110,120,160,160,220,220,220,220,220,685,0,88,117.8997340076773,53.83074999554083,1784.4477499602363,109.41605839416059
1777228485,16,GET,point_read,6.500000,0.000000,83,110,120,130,140,160,160,210,210,210,210,825,0,87,106.64362130333868,53.12220798805356,1741.2015830050223,104.42060606060606
1777228485,16,GET,trips_per_route,0.600000,0.000000,3800,4100,4100,4300,4300,4300,4300,4300,4300,4300,4300,79,0,3800,3907.515889150827,3179.2562910122797,5343.258709006477,1200.2025316455697
1777228485,16,,Aggregated,15.100000,0.000000,85,110,140,160,4700,5000,5300,5300,5400,5400,5400,1863,0,99,762.1817326808878,53.12220798805356,6045.9434580407105,65264.64787976382
1777228486,16,GET,bulk_update_departures,0.400000,0.000000,68,68,79,79,79,79,79,79,79,79,79,88,0,89,137.4938702786246,55.39466696791351,1850.374958012253,131.32954545454547
1777228486,16,GET,large_scan,1.400000,0.000000,5000,5300,5300,5300,5400,5500,5500,5500,5500,5500,5500,189,0,4900,5004.077314357298,4060.466875031125,6045.9434580407105,652261.1322751322
1777228486,16,GET,next_departures,6.200000,0.000000,81,89,110,110,160,160,170,170,170,170,170,688,0,88,117.88134533039843,53.83074999554083,1784.4477499602363,109.41424418604652
1777228486,16,GET,point_read,6.400000,0.000000,79,110,120,130,160,160,210,210,210,210,210,832,0,87,106.65147274805629,53.12220798805356,1741.2015830050223,104.42307692307692
1777228486,16,GET,trips_per_route,0.500000,0.000000,3800,4100,4100,4300,4300,4300,4300,4300,4300,4300,4300,79,0,3800,3907.515889150827,3179.2562910122797,5343.258709006477,1200.2025316455697
1777228486,16,,Aggregated,14.900000,0.000000,85,120,150,160,4700,5200,5300,5400,5500,5500,5500,1876,0,100,765.6717586112263,53.12220798805356,6045.9434580407105,65856.01492537314
1777228487,16,GET,bulk_update_departures,0.400000,0.000000,68,68,79,79,79,79,79,79,79,79,79,88,0,89,137.4938702786246,55.39466696791351,1850.374958012253,131.32954545454547
1777228487,16,GET,large_scan,1.300000,0.000000,5000,5200,5300,5300,5400,5500,5500,5500,5500,5500,5500,191,0,4900,5000.757185625844,4060.466875031125,6045.9434580407105,652261.1413612566
1777228487,16,GET,next_departures,5.500000,0.000000,82,98,120,150,160,170,180,180,180,180,180,694,0,88,117.88321116195068,53.83074999554083,1784.4477499602363,109.4178674351585
1777228487,16,GET,point_read,6.300000,0.000000,85,120,130,140,160,160,210,210,210,210,210,837,0,87,106.68083163123777,53.12220798805356,1741.2015830050223,104.42174432497013
1777228487,16,GET,trips_per_route,0.300000,0.000000,4100,4100,4300,4300,4300,4300,4300,4300,4300,4300,4300,80,0,3800,3905.9410431364086,3179.2562910122797,5343.258709006477,1200.2125
1777228487,16,,Aggregated,13.800000,0.000000,90,140,160,180,4700,5200,5300,5400,5500,5500,5500,1890,0,100,767.6307783659828,53.12220798805356,6045.9434580407105,66059.67671957672
1777228488,16,GET,bulk_update_departures,0.400000,0.000000,79,79,79,79,79,79,79,79,79,79,79,88,0,89,137.4938702786246,55.39466696791351,1850.374958012253,131.32954545454547
1777228488,16,GET,large_scan,1.300000,0.000000,5000,5200,5300,5300,5400,5500,5500,5500,5500,5500,5500,192,0,4900,4999.329445726592,4060.466875031125,6045.9434580407105,652261.1458333334
1777228488,16,GET,next_departures,5.500000,0.000000,82,100,120,150,160,170,180,180,180,180,180,697,0,88,117.68728754858299,53.83074999554083,1784.4477499602363,109.42037302725969
1777228488,16,GET,point_read,6.300000,0.000000,82,120,130,140,160,160,210,210,210,210,210,844,0,87,106.51100655722209,53.12220798805356,1741.2015830050223,104.4218009478673
1777228488,16,GET,trips_per_route,0.300000,0.000000,4100,4100,4300,4300,4300,4300,4300,4300,4300,4300,4300,80,0,3800,3905.9410431364086,3179.2562910122797,5343.258709006477,1200.2125
1777228488,16,,Aggregated,13.800000,0.000000,100,150,170,3200,4800,5300,5400,5500,5500,5500,5500,1901,0,100,766.1069576910022,53.12220798805356,6045.9434580407105,66021.10047343503
1777228489,16,GET,bulk_update_departures,0.300000,0.000000,62,62,62,62,62,62,62,62,62,62,62,88,0,89,137.4938702786246,55.39466696791351,1850.374958012253,131.32954545454547
1777228489,16,GET,large_scan,1.600000,0.000000,4800,5200,5300,5300,5400,5500,5500,5500,5500,5500,5500,194,0,4900,4999.936696713834,4060.466875031125,6045.9434580407105,652261.149484536
1777228489,16,GET,next_departures,4.100000,0.000000,82,100,150,150,160,170,180,180,180,180,180,701,0,88,117.46592273651363,53.83074999554083,1784.4477499602363,109.41940085592012
1777228489,16,GET,point_read,5.300000,0.000000,85,120,140,140,160,160,210,210,210,210,210,854,0,87,106.47303590326639,53.12220798805356,1741.2015830050223,104.4215456674473
1777228489,16,GET,trips_per_route,0.400000,0.000000,3800,4100,4100,4300,4300,4300,4300,4300,4300,4300,4300,81,0,3800,3902.9215014558345,3179.2562910122797,5343.258709006477,1200.20987654321
1777228489,16,,Aggregated,11.700000,0.000000,110,150,170,3200,4700,5200,5300,5400,5500,5500,5500,1918,0,100,767.2030270409858,53.12220798805356,6045.9434580407105,66117.47445255474
1777228490,16,GET,bulk_update_departures,0.300000,0.000000,62,62,62,62,62,62,62,62,62,62,62,88,0,89,137.4938702786246,55.39466696791351,1850.374958012253,131.32954545454547
1777228490,16,GET,large_scan,1.600000,0.000000,4800,5200,5300,5300,5400,5500,5500,5500,5500,5500,5500,196,0,4900,5000.05750699748,4060.466875031125,6045.9434580407105,652261.1530612245
1777228490,16,GET,next_departures,4.100000,0.000000,79,89,120,140,160,170,180,180,180,180,180,707,0,87,117.16919955479698,53.83074999554083,1784.4477499602363,109.42008486562942
1777228490,16,GET,point_read,5.300000,0.000000,85,120,130,140,150,160,160,170,170,170,170,862,0,87,106.51724192395152,53.12220798805356,1741.2015830050223,104.41763341067285
1777228490,16,GET,trips_per_route,0.400000,0.000000,3800,4100,4100,4300,4300,4300,4300,4300,4300,4300,4300,81,0,3800,3902.9215014558345,3179.2562910122797,5343.258709006477,1200.20987654321
1777228490,16,,Aggregated,11.700000,0.000000,100,140,160,180,4700,5200,5400,5400,5500,5500,5500,1934,0,100,766.7548398126346,53.12220798805356,6045.9434580407105,66245.77456049639
1777228491,16,GET,bulk_update_departures,0.200000,0.000000,64,64,89,89,89,89,89,89,89,89,89,90,0,89,136.1408342613787,55.39466696791351,1850.374958012253,131.32222222222222
1777228491,16,GET,large_scan,1.800000,0.000000,4800,5000,5300,5300,5400,5500,5500,5500,5500,5500,5500,197,0,4900,4998.5536820891075,4060.466875031125,6045.9434580407105,652261.1573604061
1777228491,16,GET,next_departures,3.800000,0.000000,79,100,120,140,160,170,180,180,180,180,180,711,0,87,117.0151281662897,53.83074999554083,1784.4477499602363,109.41772151898734
1777228491,16,GET,point_read,5.000000,0.000000,85,130,140,140,150,160,160,170,170,170,170,874,0,87,106.41279628977725,53.12220798805356,1741.2015830050223,104.41075514874142
1777228491,16,GET,trips_per_route,0.500000,0.000000,3800,3800,4100,4100,4100,4100,4100,4100,4100,4100,4100,81,0,3800,3902.9215014558345,3179.2562910122797,5343.258709006477,1200.20987654321
1777228491,16,,Aggregated,11.300000,0.000000,100,140,160,170,4700,5000,5400,5400,5500,5500,5500,1953,0,100,762.5739539971828,53.12220798805356,6045.9434580407105,65936.26984126984
1777228492,16,GET,bulk_update_departures,0.100000,0.000000,64,64,89,89,89,89,89,89,89,89,89,90,0,89,136.1408342613787,55.39466696791351,1850.374958012253,131.32222222222222
1777228492,16,GET,large_scan,1.800000,0.000000,4800,4900,5000,5300,5400,5500,5500,5500,5500,5500,5500,200,0,4900,4996.796203938138,4060.466875031125,6045.9434580407105,652261.165
1777228492,16,GET,next_departures,3.800000,0.000000,78,84,110,120,160,170,180,180,180,180,180,715,0,87,116.80081002414227,53.83074999554083,1784.4477499602363,109.41538461538461
1777228492,16,GET,point_read,5.600000,0.000000,97,130,140,140,150,160,160,170,170,170,170,885,0,87,106.46151675945306,53.12220798805356,1741.2015830050223,104.4135593220339
1777228492,16,GET,trips_per_route,0.500000,0.000000,3800,3800,4100,4100,4100,4100,4100,4100,4100,4100,4100,81,0,3800,3902.9215014558345,3179.2562910122797,5343.258709006477,1200.20987654321
1777228492,16,,Aggregated,11.800000,0.000000,100,130,150,160,4700,4900,5300,5400,5500,5500,5500,1971,0,100,763.8151085684688,53.12220798805356,6045.9434580407105,66327.70522577372
1777228493,16,GET,bulk_update_departures,0.100000,0.000000,89,89,110,110,110,110,110,110,110,110,110,91,0,89,135.85576328006317,55.39466696791351,1850.374958012253,131.32967032967034
1777228493,16,GET,large_scan,1.800000,0.000000,4800,4900,4900,5000,5400,5500,5500,5500,5500,5500,5500,201,0,4900,4995.451350102725,4060.466875031125,6045.9434580407105,652261.1691542289
1777228493,16,GET,next_departures,3.800000,0.000000,78,100,110,120,160,170,180,180,180,180,180,719,0,87,116.67465536741175,53.83074999554083,1784.4477499602363,109.41724617524339
1777228493,16,GET,point_read,5.600000,0.000000,87,130,140,140,150,160,160,170,170,170,170,891,0,87,106.39243710114005,53.12220798805356,1741.2015830050223,104.41301907968575
1777228493,16,GET,trips_per_route,0.500000,0.000000,3700,3800,3800,4100,4100,4100,4100,4100,4100,4100,4100,82,0,3800,3900.687094425737,3179.2562910122797,5343.258709006477,1200.2073170731708
1777228493,16,,Aggregated,11.800000,0.000000,100,130,150,160,4700,4800,5300,5400,5500,5500,5500,1984,0,100,763.603667458835,53.12220798805356,6045.9434580407105,66223.06754032258
