Timestamp,User Count,Type,Name,Requests/s,Failures/s,50%,66%,75%,80%,90%,95%,98%,99%,99.9%,99.99%,100%,Total Request Count,Total Failure Count,Total Median Response Time,Total Average Response Time,Total Min Response Time,Total Max Response Time,Total Average Content Size
1777228497,0,,Aggregated,0.000000,0.000000,N/A,N/A,N/A,N/A,N/A,N/A,N/A,N/A,N/A,N/A,N/A,0,0,0,0.0,0,0,0
1777228498,20,GET,bulk_update_departures,0.000000,0.000000,0,0,0,0,0,0,0,0,0,0,0,3,0,514.5222499850206,517.115805336895,514.5222499850206,522.123750008177,131.33333333333334
1777228498,20,GET,next_departures,0.000000,0.000000,0,0,0,0,0,0,0,0,0,0,0,11,0,530,340.63991664019835,66.92145898705348,630.6795830023475,109.27272727272727
1777228498,20,GET,point_read,0.000000,0.000000,0,0,0,0,0,0,0,0,0,0,0,12,0,520,406.7027222384543,64.21320798108354,618.9290409674868,104.33333333333333
1777228498,20,,Aggregated,0.000000,0.000000,0,0,0,0,0,0,0,0,0,0,0,26,0,520,391.49304484285847,64.21320798108354,630.6795830023475,109.53846153846153
1777228499,40,GET,bulk_update_departures,0.000000,0.000000,0,0,0,0,0,0,0,0,0,0,0,6,0,300,336.36527765581076,71.6875409707427,522.123750008177,131.16666666666666
1777228499,40,GET,next_departures,0.000000,0.000000,0,0,0,0,0,0,0,0,0,0,0,30,0,86,219.11118197022006,66.77033298183233,630.6795830023475,109.53333333333333
1777228499,40,GET,point_read,0.000000,0.000000,0,0,0,0,0,0,0,0,0,0,0,20,0,160,300.0134813977638,60.349709005095065,618.9290409674868,104.25
1777228499,40,,Aggregated,0.000000,0.000000,160,300,520,530,580,610,620,630,630,630,630,56,0,100,260.56779916065614,60.349709005095065,630.6795830023475,109.96428571428571
1777228500,60,GET,bulk_update_departures,0.000000,0.000000,87,87,300,300,300,300,300,300,300,300,300,9,0,91,248.1678933254443,63.50291596027091,522.123750008177,131.33333333333334
1777228500,60,GET,next_departures,0.000000,0.000000,220,300,1000,1100,1200,1400,1400,1400,1400,1400,1400,41,0,180,355.6930589554945,66.77033298183233,1356.0624160454609,109.51219512195122
1777228500,60,GET,point_read,0.000000,0.000000,180,300,350,360,1000,1100,1100,1100,1100,1100,1100,47,0,220,341.75846197498726,60.349709005095065,1124.5981670217589,104.38297872340425
1777228500,60,,Aggregated,0.000000,0.000000,190,340,520,570,1000,1100,1400,1400,1400,1400,1400,97,0,190,338.9646821642131,60.349709005095065,1356.0624160454609,109.05154639175258
1777228501,64,GET,bulk_update_departures,2.500000,0.000000,87,100,180,180,300,300,300,300,300,300,300,12,0,91,216.1508227485077,63.50291596027091,522.123750008177,131.33333333333334
1777228501,64,GET,next_departures,9.000000,0.000000,170,300,1100,1200,1500,1600,1700,1700,1700,1700,1700,61,0,150,425.3817943934366,59.225792007055134,1666.0985419875942,109.42622950819673
1777228501,64,GET,point_read,6.000000,0.000000,150,220,350,610,1400,1600,1600,1700,1700,1700,1700,78,0,150,383.8359674711962,57.245666976086795,1747.9571250150912,104.3974358974359
1777228501,64,,Aggregated,17.500000,0.000000,150,300,530,590,1200,1600,1600,1700,1700,1700,1700,151,0,150,387.2934092300333,57.245666976086795,1747.9571250150912,108.56953642384106
1777228502,64,GET,bulk_update_departures,2.000000,0.000000,87,100,180,180,300,300,300,300,300,300,300,13,0,91,205.72171453834295,63.50291596027091,522.123750008177,131.3846153846154
1777228502,64,GET,next_departures,11.666667,0.000000,120,180,300,420,1400,1600,1700,1700,1700,1700,1700,79,0,120,350.65643093769756,59.225792007055134,1666.0985419875942,109.44303797468355
1777228502,64,GET,point_read,8.333333,0.000000,110,160,230,340,1100,1500,1600,1700,1700,1700,1700,98,0,110,325.03509955844197,56.217667006421834,1747.9571250150912,104.40816326530613
1777228502,64,GET,trips_per_route,0.000000,0.000000,0,0,0,0,0,0,0,0,0,0,0,4,0,3700,3838.332708008238,3593.190208019223,4085.315291013103,1200.5
1777228502,64,,Aggregated,22.000000,0.000000,120,210,360,550,1200,1600,3600,4000,4100,4100,4100,194,0,120,399.9124274321486,56.217667006421834,4085.315291013103,130.8659793814433
1777228503,64,GET,bulk_update_departures,2.750000,0.000000,87,100,150,150,180,300,300,300,300,300,300,17,0,91,182.79596305835773,63.50291596027091,522.123750008177,131.47058823529412
1777228503,64,GET,large_scan,0.000000,0.000000,0,0,0,0,0,0,0,0,0,0,0,1,0,5890.922958031297,5890.922958031297,5890.922958031297,5890.922958031297,652261.0
1777228503,64,GET,next_departures,10.750000,0.000000,120,140,220,300,1400,1600,1700,1700,1700,1700,1700,97,0,110,306.3085537335413,59.225792007055134,1666.0985419875942,109.45360824742268
1777228503,64,GET,point_read,13.000000,0.000000,110,150,200,300,1000,1500,1600,1700,1700,1700,1700,112,0,110,296.6525554792107,56.217667006421834,1747.9571250150912,104.41964285714286
1777228503,64,GET,trips_per_route,0.000000,0.000000,3700,3700,4000,4000,4000,4000,4000,4000,4000,4000,4000,5,0,3700,3806.9390914053656,3593.190208019223,4085.315291013103,1200.6
1777228503,64,,Aggregated,26.500000,0.000000,110,160,300,510,1100,1600,3700,4000,5900,5900,5900,232,0,110,392.11278324515223,56.217667006421834,5890.922958031297,2943.1508620689656
1777228504,64,GET,bulk_update_departures,2.400000,0.000000,81,100,140,150,180,300,300,300,300,300,300,18,0,87,176.65320122291126,63.50291596027091,522.123750008177,131.5
1777228504,64,GET,large_scan,0.000000,0.000000,0,0,0,0,0,0,0,0,0,0,0,6,0,5100,5273.34004168127,4431.531000009272,6187.008665991016,652261.5
1777228504,64,GET,next_departures,13.000000,0.000000,100,130,150,210,1100,1500,1600,1700,1700,1700,1700,120,0,100,265.76048195177765,59.225792007055134,1666.0985419875942,109.50833333333334
1777228504,64,GET,point_read,16.400000,0.000000,100,140,160,200,920,1400,1600,1600,1700,1700,1700,133,0,110,266.68687535168016,56.217667006421834,1747.9571250150912,104.41353383458646
1777228504,64,GET,trips_per_route,0.200000,0.000000,4300,4400,4500,4500,5300,5300,5300,5300,5300,5300,5300,9,0,4100,4156.273833333722,3593.190208019223,5266.108249954414,1200.4444444444443
1777228504,64,,Aggregated,32.000000,0.000000,110,150,300,510,1400,3600,4900,5300,6200,6200,6200,286,0,110,488.06599520311295,56.217667006421834,6187.008665991016,13824.363636363636
1777228505,64,GET,bulk_update_departures,2.500000,0.000000,81,100,140,150,180,300,300,300,300,300,300,18,0,87,176.65320122291126,63.50291596027091,522.123750008177,131.5
1777228505,64,GET,large_scan,0.000000,0.000000,5900,5900,5900,5900,6200,6200,6200,6200,6200,6200,6200,9,0,5300,5416.0119723399275,4431.531000009272,6187.008665991016,652261.4444444445
1777228505,64,GET,next_departures,13.666667,0.000000,94,130,140,170,1000,1500,1600,1700,1700,1700,1700,135,0,94,246.80654754155074,59.225792007055134,1666.0985419875942,109.51851851851852
1777228505,64,GET,point_read,16.833333,0.000000,97,130,150,170,360,1100,1600,1600,1700,1700,1700,156,0,98,240.7532927501075,56.217667006421834,1747.9571250150912,104.42307692307692
1777228505,64,GET,trips_per_route,0.666667,0.000000,4300,4400,4500,4500,5300,5700,5700,5700,5700,5700,5700,12,0,4100,4250.184784750066,3593.190208019223,5691.277333011385,1199.9166666666667
1777228505,64,,Aggregated,33.666667,0.000000,100,140,220,360,1500,4000,5300,5900,6200,6200,6200,330,0,100,526.6741829612081,56.217667006421834,6187.008665991016,17933.92121212121
1777228506,64,GET,bulk_update_departures,2.428571,0.000000,87,96,100,140,180,300,300,300,300,300,300,22,0,87,160.20122718129477,63.50291596027091,522.123750008177,131.5909090909091
1777228506,64,GET,large_scan,0.428571,0.000000,5800,5900,6100,6200,6800,7000,7000,7000,7000,7000,7000,20,0,5800,5679.339768749196,4431.531000009272,7019.079083984252,652261.05
1777228506,64,GET,next_departures,15.000000,0.000000,91,120,140,150,330,1400,1600,1700,1700,1700,1700,156,0,91,226.29891775058917,59.225792007055134,1666.0985419875942,109.51923076923077
1777228506,64,GET,point_read,16.571429,0.000000,97,130,150,160,350,1100,1600,1600,1700,1700,1700,181,0,98,222.90010106600616,56.217667006421834,1747.9571250150912,104.44198895027624
1777228506,64,GET,trips_per_route,0.714286,0.000000,4300,4400,4500,4600,5300,5700,5700,5700,5700,5700,5700,15,0,4300,4280.626638866185,3593.190208019223,5691.277333011385,1199.6
1777228506,64,,Aggregated,35.142857,0.000000,100,140,200,420,1600,5000,5900,6200,7000,7000,7000,394,0,100,652.2034807563558,56.217667006421834,7019.079083984252,33254.058375634515
1777228507,64,GET,bulk_update_departures,2.250000,0.000000,87,96,140,150,180,300,300,300,300,300,300,25,0,87,153.90837991843,62.748834025114775,522.123750008177,131.52
1777228507,64,GET,large_scan,0.750000,0.000000,5800,5900,6200,6300,6800,7000,7300,7300,7300,7300,7300,27,0,5800,5745.507586408941,4431.531000009272,7258.865958021488,652260.6666666666
1777228507,64,GET,next_departures,15.500000,0.000000,91,120,140,150,300,1200,1600,1700,1700,1700,1700,183,0,91,208.22699318125925,59.225792007055134,1666.0985419875942,109.46994535519126
1777228507,64,GET,point_read,17.500000,0.000000,97,130,150,160,300,1000,1600,1600,1700,1700,1700,202,0,98,211.12500187147887,56.217667006421834,1747.9571250150912,104.44059405940594
1777228507,64,GET,trips_per_route,1.125000,0.000000,4300,4400,4400,4500,5300,5700,5700,5700,5700,5700,5700,18,0,4200,4211.2501526684755,3593.190208019223,5691.277333011385,1199.7222222222222
1777228507,64,,Aggregated,37.125000,0.000000,100,140,190,350,1700,5200,5900,6300,7300,7300,7300,455,0,100,693.4762795807559,56.217667006421834,7258.865958021488,38850.661538461536
1777228508,64,GET,bulk_update_departures,2.000000,0.000000,91,100,140,150,180,180,300,300,300,300,300,29,0,91,149.39287641278372,62.748834025114775,522.123750008177,131.51724137931035
1777228508,64,GET,large_scan,1.333333,0.000000,5800,5900,5900,6200,6800,7000,7300,7300,7300,7300,7300,32,0,5700,5719.535971311416,4431.531000009272,7258.865958021488,652260.71875
1777228508,64,GET,next_departures,15.555556,0.000000,91,120,140,150,300,1200,1600,1700,1700,1700,1700,204,0,91,197.11913458926503,59.225792007055134,1666.0985419875942,109.47058823529412
1777228508,64,GET,point_read,17.666667,0.000000,94,130,150,150,230,1000,1500,1600,1700,1700,1700,230,0,95,197.54329909211145,56.217667006421834,1747.9571250150912,104.4304347826087
1777228508,64,GET,trips_per_route,1.333333,0.000000,4200,4300,4400,4500,5300,5700,5700,5700,5700,5700,5700,20,0,4100,4166.429606205202,3593.190208019223,5691.277333011385,1199.8
1777228508,64,,Aggregated,37.888889,0.000000,100,140,160,220,3700,5300,5900,6300,7300,7300,7300,515,0,100,691.9095123678364,56.217667006421834,7258.865958021488,40672.82330097087
1777228509,64,GET,bulk_update_departures,2.400000,0.000000,87,96,120,140,160,180,180,180,180,180,180,30,0,91,147.1093583308781,62.748834025114775,522.123750008177,131.53333333333333
1777228509,64,GET,large_scan,2.100000,0.000000,5700,5800,5900,6100,6700,7000,7300,7300,7300,7300,7300,36,0,5700,5684.911593720446,4431.531000009272,7258.865958021488,652260.6388888889
1777228509,64,GET,next_departures,15.700000,0.000000,89,110,130,140,160,420,1600,1700,1700,1700,1700,229,0,90,185.42394396649698,59.225792007055134,1666.0985419875942,109.48471615720524
1777228509,64,GET,point_read,18.200000,0.000000,94,120,140,150,190,360,1500,1600,1700,1700,1700,255,0,97,188.0823633850406,56.217667006421834,1747.9571250150912,104.43921568627451
1777228509,64,GET,trips_per_route,1.500000,0.000000,4300,4400,4400,4500,5300,5700,5700,5700,5700,5700,5700,21,0,4200,4176.06236105175,3593.190208019223,5691.277333011385,1199.5238095238096
1777228509,64,,Aggregated,39.900000,0.000000,98,130,150,170,3700,5300,5900,6200,7300,7300,7300,571,0,100,678.0919326400391,56.217667006421834,7258.865958021488,41264.83887915937
1777228510,64,GET,bulk_update_departures,2.500000,0.000000,92,110,120,130,150,160,180,180,180,180,180,34,0,91,141.1823688523488,61.51212501572445,522.123750008177,131.44117647058823
1777228510,64,GET,large_scan,2.700000,0.000000,5600,5800,5900,6000,6700,7000,7300,7300,7300,7300,7300,42,0,5600,5576.158511857058,4320.860708015971,7258.865958021488,652260.7380952381
1777228510,64,GET,next_departures,18.500000,0.000000,89,110,120,130,150,170,1500,1600,1700,1700,1700,245,0,90,180.25701275708306,59.225792007055134,1666.0985419875942,109.49795918367347
1777228510,64,GET,point_read,20.400000,0.000000,94,110,140,140,160,190,1500,1600,1700,1700,1700,290,0,96,178.61360918614082,56.217667006421834,1747.9571250150912,104.43103448275862
1777228510,64,GET,trips_per_route,1.800000,0.000000,4300,4400,4400,4400,4600,5300,5700,5700,5700,5700,5700,22,0,4200,4184.323246185985,3593.190208019223,5691.277333011385,1199.5454545454545
1777228510,64,,Aggregated,45.900000,0.000000,98,130,150,160,4300,5300,5900,6200,7300,7300,7300,633,0,100,674.589074635915,56.217667006421834,7258.865958021488,43416.93838862559
1777228511,64,GET,bulk_update_departures,2.400000,0.000000,96,110,130,130,160,160,180,180,180,180,180,40,0,92,136.60298017348396,61.51212501572445,522.123750008177,131.4
1777228511,64,GET,large_scan,3.300000,0.000000,5600,5800,5900,5900,6300,6800,7300,7300,7300,7300,7300,46,0,5500,5520.050074218054,4320.860708015971,7258.865958021488,652260.7826086957
1777228511,64,GET,next_departures,19.100000,0.000000,90,110,120,130,150,160,170,180,330,330,330,268,0,93,174.78143315112442,59.225792007055134,1666.0985419875942,109.46641791044776
1777228511,64,GET,point_read,22.000000,0.000000,93,110,130,140,150,160,170,180,190,190,190,314,0,97,172.9751211519881,56.217667006421834,1747.9571250150912,104.43949044585987
1777228511,64,GET,trips_per_route,2.000000,0.000000,4300,4400,4400,4400,4600,5300,5700,5700,5700,5700,5700,24,0,4200,4171.938663212738,3593.190208019223,5691.277333011385,1199.5833333333333
1777228511,64,,Aggregated,48.800000,0.000000,100,130,150,150,4300,5300,5900,6200,7300,7300,7300,692,0,100,665.7060154108398,56.217667006421834,7258.865958021488,43497.35982658959
1777228512,64,GET,bulk_update_departures,2.400000,0.000000,96,120,130,130,160,160,180,180,180,180,180,41,0,96,136.88871338849933,61.51212501572445,522.123750008177,131.41463414634146
1777228512,64,GET,large_scan,3.800000,0.000000,5300,5700,5800,5900,6200,6800,7000,7300,7300,7300,7300,54,0,5300,5439.080422019793,4225.653375033289,7258.865958021488,652260.9074074074
1777228512,64,GET,next_departures,19.500000,0.000000,92,110,130,130,150,160,170,180,330,330,330,292,0,93,170.22651355683305,59.225792007055134,1666.0985419875942,109.47945205479452
1777228512,64,GET,point_read,23.300000,0.000000,94,120,140,140,160,160,180,190,370,370,370,343,0,98,168.8148143810543,55.769417027477175,1747.9571250150912,104.41107871720116
1777228512,64,GET,trips_per_route,2.100000,0.000000,4300,4300,4400,4400,4600,5300,5700,5700,5700,5700,5700,28,0,4000,4106.3002529325395,3593.190208019223,5691.277333011385,1199.7857142857142
1777228512,64,,Aggregated,51.100000,0.000000,100,130,150,160,4400,5300,5900,6200,7300,7300,7300,758,0,110,688.5340506746771,55.769417027477175,7258.865958021488,46607.984168865434
1777228513,64,GET,bulk_update_departures,2.300000,0.000000,96,110,120,130,160,160,180,180,180,180,180,47,0,92,131.0318608054931,61.51212501572445,522.123750008177,131.4255319148936
1777228513,64,GET,large_scan,4.200000,0.000000,5300,5600,5800,5800,6200,6800,7000,7300,7300,7300,7300,61,0,5200,5391.289894787793,4225.653375033289,7258.865958021488,652260.9508196721
1777228513,64,GET,next_departures,20.400000,0.000000,91,110,130,130,150,160,170,170,190,190,190,317,0,93,164.65932833583884,59.225792007055134,1666.0985419875942,109.47003154574132
1777228513,64,GET,point_read,24.000000,0.000000,95,120,130,140,160,160,170,190,370,370,370,368,0,98,164.66801030828324,55.769417027477175,1747.9571250150912,104.39945652173913
1777228513,64,GET,trips_per_route,2.300000,0.000000,4300,4400,4400,4400,4600,5300,5700,5700,5700,5700,5700,28,0,4000,4106.3002529325395,3593.190208019223,5691.277333011385,1199.7857142857142
1777228513,64,,Aggregated,53.200000,0.000000,100,130,150,160,4800,5300,5800,6200,7300,7300,7300,821,0,100,685.5035602898098,55.769417027477175,7258.865958021488,48600.25578562728
1777228514,64,GET,bulk_update_departures,2.800000,0.000000,92,100,120,130,150,160,180,180,180,180,180,50,0,91,128.2491557963658,61.51212501572445,522.123750008177,131.4
1777228514,64,GET,large_scan,4.700000,0.000000,5200,5600,5800,5800,6100,6800,7000,7300,7300,7300,7300,64,0,5200,5368.651943328587,4225.653375033289,7258.865958021488,652260.859375
1777228514,64,GET,next_departures,20.400000,0.000000,91,110,130,130,150,160,170,170,190,190,190,343,0,93,159.71182384979625,59.225792007055134,1666.0985419875942,109.46938775510205
1777228514,64,GET,point_read,23.300000,0.000000,97,120,130,140,160,160,180,190,370,370,370,394,0,98,160.7941246919776,55.769417027477175,1747.9571250150912,104.4010152284264
1777228514,64,GET,trips_per_route,2.300000,0.000000,3900,4300,4300,4400,4400,4600,5700,5700,5700,5700,5700,31,0,4000,4085.777377649661,3593.190208019223,5691.277333011385,1199.6451612903227
1777228514,64,,Aggregated,53.500000,0.000000,100,130,150,160,4400,5200,5800,6100,7300,7300,7300,882,0,100,674.3756480488737,55.769417027477175,7258.865958021488,47468.4081632653
1777228515,64,GET,bulk_update_departures,2.800000,0.000000,95,110,120,130,150,160,180,180,180,180,180,53,0,92,126.64299526027808,61.51212501572445,522.123750008177,131.41509433962264
1777228515,64,GET,large_scan,5.500000,0.000000,5200,5400,5700,5700,5900,6700,6800,7300,7300,7300,7300,68,0,5200,5372.2716752073375,4225.653375033289,7258.865958021488,652260.8676470588
1777228515,64,GET,next_departures,21.400000,0.000000,91,110,120,130,150,160,170,170,190,190,190,367,0,93,155.1396540560879,59.225792007055134,1666.0985419875942,109.47138964577657
1777228515,64,GET,point_read,24.300000,0.000000,99,120,140,140,160,160,180,190,370,370,370,417,0,99,157.95254128205096,55.769417027477175,1747.9571250150912,104.40047961630695
1777228515,64,GET,trips_per_route,2.400000,0.000000,3800,4200,4300,4300,4400,4400,4600,4600,4600,4600,4600,33,0,3900,4063.8635302787984,3593.190208019223,5691.277333011385,1199.6969696969697
1777228515,64,,Aggregated,56.400000,0.000000,100,130,150,160,4300,5200,5700,5900,7300,7300,7300,938,0,100,670.5080084384792,55.769417027477175,7258.865958021488,47424.31236673774
1777228516,64,GET,bulk_update_departures,3.100000,0.000000,95,110,120,120,130,160,160,160,160,160,160,55,0,92,124.9178886148994,61.51212501572445,522.123750008177,131.4181818181818
1777228516,64,GET,large_scan,5.900000,0.000000,5100,5300,5400,5600,5800,6000,6300,7300,7300,7300,7300,73,0,5200,5348.090497658059,4225.653375033289,7258.865958021488,652260.904109589
1777228516,64,GET,next_departures,21.900000,0.000000,93,110,130,130,150,160,170,170,190,190,190,388,0,93,152.62192460728122,59.225792007055134,1666.0985419875942,109.47164948453609
1777228516,64,GET,point_read,25.600000,0.000000,95,120,130,140,150,160,170,190,370,370,370,446,0,96,153.576615761006,55.769417027477175,1747.9571250150912,104.40582959641256
1777228516,64,GET,trips_per_route,2.300000,0.000000,3700,3800,3900,4200,4300,4400,4400,4400,4400,4400,4400,37,0,3800,4020.821932383901,3564.693249994889,5691.277333011385,1199.837837837838
1777228516,64,,Aggregated,58.800000,0.000000,100,130,150,150,3800,5000,5600,5800,7300,7300,7300,999,0,100,674.4384174955915,55.769417027477175,7258.865958021488,47803.51151151151
1777228517,64,GET,bulk_update_departures,3.400000,0.000000,96,110,120,130,150,160,160,160,160,160,160,58,0,92,124.57981103216298,61.51212501572445,522.123750008177,131.43103448275863
1777228517,64,GET,large_scan,5.800000,0.000000,5100,5300,5400,5400,5600,5700,6000,6000,6000,6000,6000,75,0,5200,5344.257681039938,4225.653375033289,7258.865958021488,652260.92
1777228517,64,GET,next_departures,22.200000,0.000000,94,110,130,140,150,160,170,170,170,170,170,414,0,93,149.88910395537889,57.87229200359434,1666.0985419875942,109.46135265700484
1777228517,64,GET,point_read,26.300000,0.000000,96,120,130,140,150,160,170,190,370,370,370,469,0,96,151.11142183469832,55.769417027477175,1747.9571250150912,104.4051172707889
1777228517,64,GET,trips_per_route,2.300000,0.000000,3700,3800,4200,4300,4400,4400,4400,4400,4400,4400,4400,38,0,3800,4028.010712662332,3564.693249994889,5691.277333011385,1199.8684210526317
1777228517,64,,Aggregated,60.000000,0.000000,100,130,140,150,3700,4900,5400,5600,6000,6000,6000,1054,0,100,658.4769526347532,55.769417027477175,7258.865958021488,46553.19734345351
1777228518,64,GET,bulk_update_departures,3.600000,0.000000,91,99,110,120,130,160,160,160,160,160,160,62,0,91,121.40685612628717,61.51212501572445,522.123750008177,131.43548387096774
1777228518,64,GET,large_scan,5.700000,0.000000,5000,5200,5300,5300,5400,5500,5600,5600,5600,5600,5600,82,0,5200,5318.803643207236,4225.653375033289,7258.865958021488,652260.9756097561
1777228518,64,GET,next_departures,23.200000,0.000000,96,120,130,140,150,160,170,170,170,170,170,428,0,93,148.48095978143468,57.87229200359434,1666.0985419875942,109.46028037383178
1777228518,64,GET,point_read,26.200000,0.000000,95,120,130,140,150,160,170,190,370,370,370,495,0,95,148.05301331663316,55.769417027477175,1747.9571250150912,104.41010101010102
1777228518,64,GET,trips_per_route,2.200000,0.000000,3700,3800,4300,4300,4400,4400,4400,4400,4400,4400,4400,40,0,3800,4027.8171582787763,3564.693249994889,5691.277333011385,1199.925
1777228518,64,,Aggregated,60.900000,0.000000,100,130,140,150,3700,4900,5300,5400,5600,5600,5600,1107,0,100,669.9348713027657,55.769417027477175,7258.865958021488,48455.355013550135
1777228519,64,GET,bulk_update_departures,3.100000,0.000000,91,99,110,120,130,160,160,160,160,160,160,64,0,91,119.95600126283534,61.255167005583644,522.123750008177,131.4375
1777228519,64,GET,large_scan,5.200000,0.000000,4900,5100,5200,5300,5400,5500,5500,5600,5600,5600,5600,91,0,5100,5260.639356602122,3921.570124977734,7258.865958021488,652261.0
1777228519,64,GET,next_departures,23.400000,0.000000,100,120,130,140,150,160,170,170,170,170,170,444,0,93,146.9405705572278,57.87229200359434,1666.0985419875942,109.45945945945945
1777228519,64,GET,point_read,26.900000,0.000000,92,120,130,140,150,160,170,190,370,370,370,520,0,94,145.130923661278,55.769417027477175,1747.9571250150912,104.4
1777228519,64,GET,trips_per_route,2.200000,0.000000,3700,3800,4100,4200,4300,4300,4400,4400,4400,4400,4400,43,0,3800,4011.5916675841977,3564.693249994889,5691.277333011385,1200.0
1777228519,64,,Aggregated,60.800000,0.000000,100,130,150,160,3900,4900,5300,5400,5600,5600,5600,1162,0,100,688.1269370645514,55.769417027477175,7258.865958021488,51220.87005163511
1777228520,64,GET,bulk_update_departures,3.300000,0.000000,88,98,110,120,150,160,160,160,160,160,160,67,0,91,119.17744025174501,61.255167005583644,522.123750008177,131.44776119402985
1777228520,64,GET,large_scan,4.900000,0.000000,4900,5100,5200,5300,5400,5500,5600,5800,5800,5800,5800,97,0,5100,5245.4779741729935,3921.570124977734,7258.865958021488,652260.9587628866
1777228520,64,GET,next_departures,23.200000,0.000000,96,110,130,140,150,160,170,170,170,170,170,464,0,93,144.60195202866151,57.87229200359434,1666.0985419875942,109.45043103448276
1777228520,64,GET,point_read,26.600000,0.000000,92,120,130,140,150,160,170,200,370,370,370,549,0,95,143.34911432007806,55.769417027477175,1747.9571250150912,104.40437158469945
1777228520,64,GET,trips_per_route,2.000000,0.000000,3700,3800,4100,4200,4300,4300,4300,4300,4300,4300,4300,43,0,3800,4011.5916675841977,3564.693249994889,5691.277333011385,1200.0
1777228520,64,,Aggregated,60.000000,0.000000,100,130,150,160,4100,4900,5300,5400,5800,5800,5800,1220,0,100,684.4989042629423,55.769417027477175,7258.865958021488,51998.21557377049
1777228521,64,GET,bulk_update_departures,3.300000,0.000000,87,92,99,110,150,150,160,160,160,160,160,67,0,91,119.17744025174501,61.255167005583644,522.123750008177,131.44776119402985
1777228521,64,GET,large_scan,5.000000,0.000000,4900,5100,5300,5300,5400,5500,5600,5800,5800,5800,5800,99,0,5100,5242.657419563403,3921.570124977734,7258.865958021488,652260.9595959596
1777228521,64,GET,next_departures,21.900000,0.000000,94,110,130,130,150,160,170,170,170,170,170,484,0,93,142.6858909923366,57.87229200359434,1666.0985419875942,109.44834710743801
1777228521,64,GET,point_read,26.400000,0.000000,91,120,130,130,150,160,170,200,370,370,370,573,0,94,141.66335917407497,55.769417027477175,1747.9571250150912,104.40663176265271
1777228521,64,GET,trips_per_route,2.000000,0.000000,3700,3800,4100,4200,4200,4300,4300,4300,4300,4300,4300,49,0,3800,4008.0613681835084,3564.693249994889,5691.277333011385,1200.1020408163265
1777228521,64,,Aggregated,58.600000,0.000000,99,130,150,150,4100,4900,5300,5400,5800,5800,5800,1272,0,100,686.8207988377922,55.769417027477175,7258.865958021488,50907.42531446541
1777228522,64,GET,bulk_update_departures,3.400000,0.000000,87,92,98,110,130,150,160,160,160,160,160,68,0,89,118.49540682177415,61.255167005583644,522.123750008177,131.4264705882353
1777228522,64,GET,large_scan,5.300000,0.000000,4900,5000,5200,5300,5400,5600,5600,5800,5800,5800,5800,109,0,5100,5212.0844177686,3921.570124977734,7258.865958021488,652261.0183486239
1777228522,64,GET,next_departures,21.500000,0.000000,91,110,120,130,150,160,170,170,180,180,180,504,0,93,141.17867392344615,57.87229200359434,1666.0985419875942,109.44444444444444
1777228522,64,GET,point_read,26.400000,0.000000,91,120,130,130,150,160,170,180,200,200,200,602,0,94,139.966188358341,55.769417027477175,1747.9571250150912,104.4186046511628
1777228522,64,GET,trips_per_route,2.200000,0.000000,3700,3800,4100,4200,4200,4300,4300,4300,4300,4300,4300,49,0,3800,4008.0613681835084,3564.693249994889,5691.277333011385,1200.1020408163265
1777228522,64,,Aggregated,58.800000,0.000000,98,130,140,150,4200,4900,5300,5400,5800,5800,5800,1332,0,100,696.6843793474385,55.769417027477175,7258.865958021488,53515.174924924926
1777228523,64,GET,bulk_update_departures,3.300000,0.000000,86,91,95,99,110,150,160,160,160,160,160,69,0,89,117.69289307066819,61.255167005583644,522.123750008177,131.43478260869566
1777228523,64,GET,large_scan,5.500000,0.000000,4900,5000,5300,5300,5500,5600,5600,5800,5800,5800,5800,113,0,5000,5204.379338077764,3921.570124977734,7258.865958021488,652261.0353982301
1777228523,64,GET,next_departures,21.700000,0.000000,91,110,120,130,150,160,170,170,180,180,180,521,0,93,140.1711479355599,57.87229200359434,1666.0985419875942,109.43186180422265
1777228523,64,GET,point_read,25.700000,0.000000,90,120,130,130,150,160,170,180,200,200,200,624,0,95,139.1447512286481,55.769417027477175,1747.9571250150912,104.42147435897436
1777228523,64,GET,trips_per_route,2.000000,0.000000,3800,3800,4100,4200,4200,4300,4300,4300,4300,4300,4300,50,0,3800,4002.5011116603855,3564.693249994889,5691.277333011385,1200.12
1777228523,64,,Aggregated,58.200000,0.000000,99,130,140,160,4100,4900,5300,5500,5800,5800,5800,1377,0,100,694.4053908851023,55.769417027477175,7258.865958021488,53665.0290486565
1777228524,64,GET,bulk_update_departures,2.800000,0.000000,86,89,110,130,150,160,160,160,160,160,160,72,0,89,117.73578469324599,61.255167005583644,522.123750008177,131.44444444444446
1777228524,64,GET,large_scan,5.200000,0.000000,4900,5100,5300,5400,5500,5600,5600,5800,5800,5800,5800,120,0,5100,5203.342221831069,3921.570124977734,7258.865958021488,652261.05
1777228524,64,GET,next_departures,21.500000,0.000000,93,110,130,130,150,160,170,180,350,350,350,538,0,93,139.47870405090083,57.87229200359434,1666.0985419875942,109.42936802973978
1777228524,64,GET,point_read,25.800000,0.000000,89,120,130,130,150,160,170,180,390,390,390,643,0,95,138.51992401479444,55.769417027477175,1747.9571250150912,104.42146189735614
1777228524,64,GET,trips_per_route,2.500000,0.000000,3800,4100,4200,4200,4300,4300,4300,4300,4300,4300,4300,54,0,3800,4017.5431581662483,3564.693249994889,5691.277333011385,1200.1296296296296
1777228524,64,,Aggregated,57.800000,0.000000,99,130,150,160,4700,5000,5400,5500,5800,5800,5800,1427,0,100,710.5348476380636,55.769417027477175,7258.865958021488,54990.618780658726
1777228525,64,GET,bulk_update_departures,2.500000,0.000000,86,95,130,130,150,150,160,160,160,160,160,75,0,91,118.05889663829778,61.255167005583644,522.123750008177,131.45333333333335
1777228525,64,GET,large_scan,5.400000,0.000000,4900,5000,5300,5400,5500,5500,5600,5800,5800,5800,5800,124,0,5100,5201.163350094688,3921.570124977734,7258.865958021488,652261.0483870967
1777228525,64,GET,next_departures,20.800000,0.000000,94,110,130,140,150,160,170,180,350,350,350,555,0,93,138.25446731968876,57.46979097602889,1666.0985419875942,109.42882882882883
1777228525,64,GET,point_read,25.800000,0.000000,89,120,130,130,150,160,170,180,390,390,390,663,0,95,137.3259149343239,55.769417027477175,1747.9571250150912,104.42533936651584
1777228525,64,GET,trips_per_route,2.100000,0.000000,4100,4200,4200,4200,4300,4300,4400,4400,4400,4400,4400,60,0,3900,4016.16126386701,3560.250041016843,5691.277333011385,1200.1666666666667
1777228525,64,,Aggregated,56.600000,0.000000,100,130,150,160,4600,4900,5400,5500,5800,5800,5800,1477,0,100,719.3951655081369,55.769417027477175,7258.865958021488,54903.32159783345
1777228526,64,GET,bulk_update_departures,2.100000,0.000000,84,95,130,130,150,150,160,160,160,160,160,78,0,89,116.29691502401748,59.08954096958041,522.123750008177,131.42307692307693
1777228526,64,GET,large_scan,5.200000,0.000000,4900,5000,5300,5400,5500,5500,5600,5800,5800,5800,5800,128,0,5000,5190.582102833105,3921.570124977734,7258.865958021488,652261.046875
1777228526,64,GET,next_departures,19.800000,0.000000,93,110,130,130,150,160,170,180,350,350,350,578,0,93,136.8596109190624,57.46979097602889,1666.0985419875942,109.42214532871972
1777228526,64,GET,point_read,25.200000,0.000000,89,120,130,130,150,160,170,180,390,390,390,686,0,94,135.98384392639872,55.769417027477175,1747.9571250150912,104.43002915451895
1777228526,64,GET,trips_per_route,2.200000,0.000000,4100,4200,4200,4200,4300,4300,4400,4400,4400,4400,4400,62,0,3800,4008.028770806343,3560.250041016843,5691.277333011385,1200.1451612903227
1777228526,64,,Aggregated,54.500000,0.000000,100,130,150,160,4600,4900,5400,5500,5800,5800,5800,1532,0,100,714.329780919864,55.769417027477175,7258.865958021488,54640.31266318538
1777228527,64,GET,bulk_update_departures,2.000000,0.000000,82,89,130,130,150,150,350,350,350,350,350,80,0,89,118.57756089884788,59.08954096958041,522.123750008177,131.425
1777228527,64,GET,large_scan,5.600000,0.000000,4900,5000,5200,5300,5500,5500,5600,5800,5800,5800,5800,131,0,5000,5185.920706393823,3921.570124977734,7258.865958021488,652261.0610687023
1777228527,64,GET,next_departures,19.300000,0.000000,94,110,130,140,160,170,260,330,350,350,350,598,0,93,137.22443580101822,57.46979097602889,1666.0985419875942,109.41638795986623
1777228527,64,GET,point_read,24.200000,0.000000,93,130,130,140,160,190,260,270,390,390,390,715,0,95,136.94690835574264,55.769417027477175,1747.9571250150912,104.42797202797203
1777228527,64,GET,trips_per_route,2.200000,0.000000,4000,4100,4200,4200,4300,4300,4400,4400,4400,4400,4400,64,0,3800,4002.7058346095146,3560.250041016843,5691.277333011385,1200.140625
1777228527,64,,Aggregated,53.300000,0.000000,100,140,150,170,4600,4900,5300,5500,5800,5800,5800,1588,0,100,708.4334023349322,55.769417027477175,7258.865958021488,53950.64168765743
1777228528,64,GET,bulk_update_departures,2.100000,0.000000,88,130,140,150,160,350,350,350,350,350,350,81,0,91,119.12182507243145,59.08954096958041,522.123750008177,131.4320987654321
1777228528,64,GET,large_scan,5.500000,0.000000,4900,5000,5200,5300,5400,5500,5600,5800,5800,5800,5800,140,0,5000,5167.499372874902,3921.570124977734,7258.865958021488,652261.0857142857
1777228528,64,GET,next_departures,19.000000,0.000000,100,120,130,150,180,210,290,350,420,420,420,618,0,95,138.54276123153375,57.46979097602889,1666.0985419875942,109.41909385113269
1777228528,64,GET,point_read,24.600000,0.000000,110,130,140,150,180,210,270,280,390,390,390,740,0,97,137.96033605860822,55.769417027477175,1747.9571250150912,104.42972972972973
1777228528,64,GET,trips_per_route,2.600000,0.000000,3900,4100,4200,4200,4200,4300,4400,4400,4400,4400,4400,67,0,3800,3995.2393246123065,3560.250041016843,5691.277333011385,1200.134328358209
1777228528,64,,Aggregated,53.800000,0.000000,120,150,170,210,4600,4900,5400,5400,5800,5800,5800,1646,0,110,722.0473207210424,55.769417027477175,7258.865958021488,55621.20656136087
1777228529,64,GET,bulk_update_departures,2.300000,0.000000,95,130,150,150,160,350,350,350,350,350,350,82,0,91,119.54984092508533,59.08954096958041,522.123750008177,131.4268292682927
1777228529,64,GET,large_scan,5.600000,0.000000,4900,5100,5300,5400,5500,5600,5800,6200,6200,6200,6200,145,0,5000,5170.79402064455,3921.570124977734,7258.865958021488,652261.0965517241
1777228529,64,GET,next_departures,19.300000,0.000000,110,130,150,170,220,270,310,350,420,420,420,635,0,97,141.15654820160148,57.46979097602889,1666.0985419875942,109.41259842519685
1777228529,64,GET,point_read,24.100000,0.000000,120,140,160,170,220,260,300,310,390,390,390,761,0,99,140.60948813978445,55.769417027477175,1747.9571250150912,104.42706964520367
1777228529,64,GET,trips_per_route,2.500000,0.000000,3800,4100,4200,4200,4200,4300,4400,4400,4400,4400,4400,70,0,3800,3983.126311299358,3560.250041016843,5691.277333011385,1200.142857142857
1777228529,64,,Aggregated,53.800000,0.000000,130,160,210,260,4400,4900,5400,5500,6200,6200,6200,1693,0,110,729.4892441362462,55.769417027477175,7258.865958021488,56008.0283520378
1777228530,64,GET,bulk_update_departures,2.200000,0.000000,130,140,150,160,220,350,350,350,350,350,350,87,0,92,121.72944202146697,59.08954096958041,522.123750008177,131.42528735632183
1777228530,64,GET,large_scan,5.800000,0.000000,5000,5200,5300,5400,5500,5600,5600,6200,6200,6200,6200,150,0,5000,5169.583524669288,3921.570124977734,7258.865958021488,652261.1
1777228530,64,GET,next_departures,18.300000,0.000000,120,140,170,190,230,270,310,350,420,420,420,656,0,98,141.97539974533933,57.46979097602889,1666.0985419875942,109.41768292682927
1777228530,64,GET,point_read,24.700000,0.000000,130,150,170,190,230,270,300,310,390,390,390,787,0,100,142.0178333566,55.769417027477175,1747.9571250150912,104.43202033036849
1777228530,64,GET,trips_per_route,2.700000,0.000000,3900,4100,4200,4200,4300,4400,4500,4500,4500,4500,4500,73,0,3800,3987.5581660818257,3560.250041016843,5691.277333011385,1200.13698630137
1777228530,64,,Aggregated,53.700000,0.000000,140,180,220,270,4300,5000,5400,5500,6200,6200,6200,1753,0,110,731.3312226838682,55.769417027477175,7258.865958021488,55956.74557900742
1777228531,64,GET,bulk_update_departures,2.000000,0.000000,140,150,150,160,220,240,350,350,350,350,350,90,0,92,123.68130737643999,59.08954096958041,522.123750008177,131.43333333333334
1777228531,64,GET,large_scan,5.800000,0.000000,5000,5200,5300,5400,5500,5600,5600,6200,6200,6200,6200,152,0,5000,5171.870391397341,3921.570124977734,7258.865958021488,652261.0986842106
1777228531,64,GET,next_departures,19.100000,0.000000,130,170,190,200,250,280,320,350,420,420,420,684,0,100,143.86768461690468,57.46979097602889,1666.0985419875942,109.42543859649123
1777228531,64,GET,point_read,24.500000,0.000000,140,160,190,210,240,270,300,310,390,390,390,810,0,110,143.06005326367017,55.769417027477175,1747.9571250150912,104.43580246913581
1777228531,64,GET,trips_per_route,2.700000,0.000000,3800,4100,4200,4200,4200,4400,4500,4500,4500,4500,4500,75,0,3800,3973.783192759535,3251.4177080010995,5691.277333011385,1200.1466666666668
1777228531,64,,Aggregated,54.100000,0.000000,150,200,230,270,4300,5000,5400,5500,6200,6200,6200,1811,0,110,723.1217537464254,55.769417027477175,7258.865958021488,54889.54555494202
1777228532,64,GET,bulk_update_departures,1.900000,0.000000,150,150,160,170,220,240,350,350,350,350,350,94,0,95,126.15570696652867,59.08954096958041,522.123750008177,131.43617021276594
1777228532,64,GET,large_scan,5.400000,0.000000,5000,5200,5300,5400,5500,5500,6200,6200,6200,6200,6200,158,0,5000,5162.233400540987,3921.570124977734,7258.865958021488,652261.0632911392
1777228532,64,GET,next_departures,19.300000,0.000000,140,180,200,200,250,280,320,330,420,420,420,706,0,100,144.7816831161164,57.46979097602889,1666.0985419875942,109.42917847025495
1777228532,64,GET,point_read,24.200000,0.000000,150,170,200,210,250,280,310,310,390,390,390,832,0,110,143.90946065941534,55.769417027477175,1747.9571250150912,104.43509615384616
1777228532,64,GET,trips_per_route,2.700000,0.000000,3800,3900,4100,4200,4300,4400,4500,4500,4500,4500,4500,79,0,3800,3961.0301703413584,3251.4177080010995,5691.277333011385,1200.1645569620252
1777228532,64,,Aggregated,53.500000,0.000000,160,200,240,270,4200,5000,5300,5500,6200,6200,6200,1869,0,120,728.9253273118826,55.769417027477175,7258.865958021488,55285.48047084002
1777228533,64,GET,bulk_update_departures,2.000000,0.000000,150,150,160,170,220,240,350,350,350,350,350,96,0,96,126.4824747898577,59.08954096958041,522.123750008177,131.44791666666666
1777228533,64,GET,large_scan,5.300000,0.000000,5000,5200,5300,5400,5500,5500,6200,6200,6200,6200,6200,163,0,5000,5157.155775266166,3921.570124977734,7258.865958021488,652261.0736196319
1777228533,64,GET,next_departures,19.900000,0.000000,150,190,200,210,260,280,320,330,420,420,420,733,0,100,146.2738365564644,57.46979097602889,1666.0985419875942,109.42428376534788
1777228533,64,GET,point_read,24.400000,0.000000,160,190,210,210,250,270,310,310,390,390,390,866,0,110,145.27294305491952,55.769417027477175,1747.9571250150912,104.43995381062355
1777228533,64,GET,trips_per_route,3.000000,0.000000,3800,4000,4100,4200,4200,4400,4500,4500,4500,4500,4500,82,0,3800,3951.990427329381,3251.4177080010995,5691.277333011385,1200.1951219512196
1777228533,64,,Aggregated,54.600000,0.000000,170,210,240,270,4100,4900,5300,5400,6200,6200,6200,1940,0,120,726.7252653972522,55.769417027477175,7258.865958021488,54948.57886597938
1777228534,64,GET,bulk_update_departures,2.200000,0.000000,150,150,160,170,220,240,350,350,350,350,350,100,0,96,125.85074078757316,59.08954096958041,522.123750008177,131.46
1777228534,64,GET,large_scan,5.300000,0.000000,5000,5200,5300,5400,5400,5500,6200,6200,6200,6200,6200,167,0,5000,5155.31716487666,3921.570124977734,7258.865958021488,652261.0359281438
1777228534,64,GET,next_departures,20.300000,0.000000,150,190,200,210,260,280,310,320,420,420,420,755,0,100,145.24658536422837,57.46979097602889,1666.0985419875942,109.42781456953642
1777228534,64,GET,point_read,24.100000,0.000000,150,180,200,210,250,270,290,310,330,330,330,898,0,110,143.80185822415672,55.769417027477175,1747.9571250150912,104.44209354120267
1777228534,64,GET,trips_per_route,2.600000,0.000000,3800,3900,3900,4100,4200,4400,4500,4500,4500,4500,4500,84,0,3800,3948.073281238543,3251.4177080010995,5691.277333011385,1200.2142857142858
1777228534,64,,Aggregated,54.500000,0.000000,160,200,230,260,3900,4900,5300,5400,6200,6200,6200,2004,0,120,720.5371441479452,55.769417027477175,7258.865958021488,54499.982035928144
1777228535,64,GET,bulk_update_departures,2.600000,0.000000,150,160,160,170,220,240,350,350,350,350,350,101,0,98,125.77980605707882,59.08954096958041,522.123750008177,131.46534653465346
1777228535,64,GET,large_scan,4.900000,0.000000,5000,5100,5200,5300,5400,5500,6200,6200,6200,6200,6200,170,0,5000,5151.463060490513,3921.570124977734,7258.865958021488,652261.0411764706
1777228535,64,GET,next_departures,20.200000,0.000000,150,190,200,210,260,280,310,320,420,420,420,776,0,100,144.12181850271622,57.46979097602889,1666.0985419875942,109.43041237113403
1777228535,64,GET,point_read,23.000000,0.000000,150,180,200,210,240,270,290,310,330,330,330,930,0,110,142.36956471758793,55.769417027477175,1747.9571250150912,104.44623655913979
1777228535,64,GET,trips_per_route,3.000000,0.000000,3800,3800,3900,3900,4200,4300,4500,4500,4500,4500,4500,87,0,3800,3947.255089069481,3251.4177080010995,5691.277333011385,1200.2298850574712
1777228535,64,,Aggregated,53.700000,0.000000,160,200,230,260,3800,4900,5200,5400,6200,6200,6200,2064,0,120,715.1675871073942,55.769417027477175,7258.865958021488,53868.27906976744
1777228536,64,GET,bulk_update_departures,2.700000,0.000000,150,160,170,190,220,240,350,350,350,350,350,102,0,96,125.37501465447028,59.08954096958041,522.123750008177,131.47058823529412
1777228536,64,GET,large_scan,4.900000,0.000000,5000,5100,5300,5300,5400,5500,6200,6200,6200,6200,6200,176,0,5000,5143.551070496455,3921.570124977734,7258.865958021488,652261.0454545454
1777228536,64,GET,next_departures,21.100000,0.000000,160,190,200,210,260,280,310,320,420,420,420,794,0,100,143.23466807310305,57.46979097602889,1666.0985419875942,109.43702770780857
1777228536,64,GET,point_read,24.300000,0.000000,150,180,200,210,240,270,290,310,330,330,330,961,0,110,141.03218376956073,55.769417027477175,1747.9571250150912,104.4474505723205
1777228536,64,GET,trips_per_route,3.200000,0.000000,3800,3900,3900,4100,4200,4300,4500,4500,4500,4500,4500,91,0,3800,3950.073896966757,3251.4177080010995,5691.277333011385,1200.1648351648353
1777228536,64,,Aggregated,56.200000,0.000000,160,200,230,260,3900,4900,5300,5400,6200,6200,6200,2124,0,120,718.818370799764,55.769417027477175,7258.865958021488,54193.89642184557
1777228537,64,GET,bulk_update_departures,2.800000,0.000000,150,150,160,170,220,220,240,240,240,240,240,104,0,96,124.41543424714698,59.08954096958041,522.123750008177,131.47115384615384
1777228537,64,GET,large_scan,4.700000,0.000000,5000,5200,5300,5300,5400,5500,6200,6200,6200,6200,6200,176,0,5000,5143.551070496455,3921.570124977734,7258.865958021488,652261.0454545454
1777228537,64,GET,next_departures,21.700000,0.000000,150,180,200,210,240,280,310,320,420,420,420,812,0,100,142.1979388782383,56.49325001286343,1666.0985419875942,109.4396551724138
1777228537,64,GET,point_read,25.300000,0.000000,140,170,190,200,230,260,280,310,310,310,310,988,0,110,139.5229175733968,54.13204099750146,1747.9571250150912,104.4493927125506
1777228537,64,GET,trips_per_route,3.000000,0.000000,3700,3900,4100,4100,4200,4300,4500,4500,4500,4500,4500,92,0,3800,3951.222373630077,3251.4177080010995,5691.277333011385,1200.1630434782608
1777228537,64,,Aggregated,57.500000,0.000000,160,200,210,240,3700,4900,5300,5400,6200,6200,6200,2172,0,120,706.7357370509633,54.13204099750146,7258.865958021488,52999.12200736648
1777228538,64,GET,bulk_update_departures,2.700000,0.000000,140,150,160,170,220,220,240,240,240,240,240,105,0,96,123.86778765413467,59.08954096958041,522.123750008177,131.47619047619048
1777228538,64,GET,large_scan,4.600000,0.000000,5000,5100,5300,5300,5400,5600,6200,6200,6200,6200,6200,181,0,5000,5137.133268140339,3921.570124977734,7258.865958021488,652261.044198895
1777228538,64,GET,next_departures,21.400000,0.000000,140,170,190,200,240,270,300,310,320,320,320,834,0,100,140.95230324948162,56.49325001286343,1666.0985419875942,109.44484412470024
1777228538,64,GET,point_read,26.600000,0.000000,130,160,180,200,230,250,280,310,310,310,310,1015,0,110,138.21060757675744,54.13204099750146,1747.9571250150912,104.44039408866995
1777228538,64,GET,trips_per_route,2.700000,0.000000,3700,3900,4000,4100,4200,4300,4500,4500,4500,4500,4500,96,0,3800,3944.1088129163595,3251.4177080010995,5691.277333011385,1200.1875
1777228538,64,,Aggregated,58.000000,0.000000,150,180,210,240,3700,4800,5200,5400,6200,6200,6200,2231,0,120,707.8886924596738,54.13204099750146,7258.865958021488,53063.897803675485
1777228539,64,GET,bulk_update_departures,2.500000,0.000000,140,150,160,170,220,220,240,240,240,240,240,107,0,95,122.93513509103262,59.08954096958041,522.123750008177,131.46728971962617
1777228539,64,GET,large_scan,4.700000,0.000000,5000,5100,5200,5300,5400,5400,5600,5600,5600,5600,5600,187,0,5000,5136.735536943422,3921.570124977734,7258.865958021488,652261.0213903743
1777228539,64,GET,next_departures,21.200000,0.000000,120,150,180,190,210,250,280,310,320,320,320,856,0,100,139.47193617521782,56.49325001286343,1666.0985419875942,109.44158878504673
1777228539,64,GET,point_read,27.300000,0.000000,110,140,160,170,210,230,260,280,310,310,310,1045,0,100,136.77373315345798,54.13204099750146,1747.9571250150912,104.43827751196173
1777228539,64,GET,trips_per_route,2.900000,0.000000,3800,3900,4100,4100,4200,4300,4500,4500,4500,4500,4500,97,0,3800,3946.232840618642,3251.4177080010995,5691.277333011385,1200.1958762886597
1777228539,64,,Aggregated,58.600000,0.000000,130,160,200,210,3700,4800,5200,5400,5600,5600,5600,2292,0,110,706.2935073798075,54.13204099750146,7258.865958021488,53362.180191972075
1777228540,64,GET,bulk_update_departures,2.400000,0.000000,120,150,150,160,190,220,240,240,240,240,240,110,0,95,122.51849844310941,59.08954096958041,522.123750008177,131.48181818181817
1777228540,64,GET,large_scan,4.300000,0.000000,5000,5100,5200,5300,5400,5400,5500,5500,5500,5500,5500,193,0,5000,5132.496071634379,3921.570124977734,7258.865958021488,652261.0259067358
1777228540,64,GET,next_departures,21.400000,0.000000,110,140,160,170,210,240,280,290,320,320,320,880,0,100,138.29454805117248,56.49325001286343,1666.0985419875942,109.43977272727273
1777228540,64,GET,point_read,27.600000,0.000000,100,140,150,160,200,220,250,270,310,310,310,1071,0,100,136.04166096954214,54.13204099750146,1747.9571250150912,104.43977591036415
1777228540,64,GET,trips_per_route,2.800000,0.000000,3700,3900,4100,4100,4200,4300,4300,4300,4300,4300,4300,103,0,3800,3933.8746173109507,3251.4177080010995,5691.277333011385,1200.2135922330096
1777228540,64,,Aggregated,58.500000,0.000000,120,160,180,210,3700,4800,5200,5300,5500,5500,5500,2357,0,110,711.343947144937,54.13204099750146,7258.865958021488,53556.48069579974
1777228541,64,GET,bulk_update_departures,2.300000,0.000000,110,150,150,160,170,190,220,220,220,220,220,113,0,95,122.6924328386899,59.08954096958041,522.123750008177,131.4867256637168
1777228541,64,GET,large_scan,4.100000,0.000000,4900,5100,5200,5300,5400,5400,5500,5500,5500,5500,5500,195,0,5000,5132.9847324382845,3921.570124977734,7258.865958021488,652261.0307692308
1777228541,64,GET,next_departures,21.500000,0.000000,98,130,140,160,180,210,240,280,290,290,290,904,0,100,137.2077695367187,56.49325001286343,1666.0985419875942,109.43805309734513
1777228541,64,GET,point_read,27.500000,0.000000,95,130,140,150,170,200,230,250,310,310,310,1103,0,100,135.02756627759933,54.13204099750146,1747.9571250150912,104.441523118767
1777228541,64,GET,trips_per_route,3.000000,0.000000,3700,3900,4100,4100,4200,4300,4300,4300,4300,4300,4300,106,0,3800,3928.074173339344,3251.4177080010995,5691.277333011385,1200.2264150943397
1777228541,64,,Aggregated,58.400000,0.000000,110,140,160,180,3700,4800,5200,5300,5500,5500,5500,2421,0,110,703.9006027986757,54.13204099750146,7258.865958021488,52683.648905410984
1777228542,64,GET,bulk_update_departures,2.400000,0.000000,110,120,140,150,160,170,170,170,170,170,170,116,0,95,122.8100021097785,59.08954096958041,522.123750008177,131.5
1777228542,64,GET,large_scan,4.200000,0.000000,4900,5200,5200,5300,5400,5400,5500,5500,5500,5500,5500,205,0,5000,5120.985645285762,3878.7038329755887,7258.865958021488,652261.0048780488
1777228542,64,GET,next_departures,21.800000,0.000000,90,120,140,140,170,210,230,280,290,290,290,927,0,100,136.39215519984566,56.49325001286343,1666.0985419875942,109.42934196332254
1777228542,64,GET,point_read,28.100000,0.000000,89,120,130,140,160,180,210,240,260,260,260,1128,0,100,134.14106595315286,54.13204099750146,1747.9571250150912,104.44858156028369
1777228542,64,GET,trips_per_route,2.700000,0.000000,3700,3900,4100,4100,4200,4300,4300,4300,4300,4300,4300,106,0,3800,3928.074173339344,3251.4177080010995,5691.277333011385,1200.2264150943397
1777228542,64,,Aggregated,59.200000,0.000000,100,140,150,170,3700,4900,5200,5300,5500,5500,5500,2482,0,110,708.3684650151891,54.13204099750146,7258.865958021488,54019.03424657534
1777228543,64,GET,bulk_update_departures,2.300000,0.000000,93,110,130,140,150,170,170,170,170,170,170,118,0,95,122.26932763341041,59.08954096958041,522.123750008177,131.4915254237288
1777228543,64,GET,large_scan,4.300000,0.000000,4900,5000,5200,5200,5400,5400,5500,5500,5500,5500,5500,209,0,5000,5114.789897284936,3878.7038329755887,7258.865958021488,652261.014354067
1777228543,64,GET,next_departures,21.700000,0.000000,88,100,120,130,150,170,180,180,200,200,200,946,0,100,135.8052989716315,56.49325001286343,1666.0985419875942,109.4291754756871
1777228543,64,GET,point_read,27.800000,0.000000,87,100,120,130,150,160,170,170,180,180,180,1155,0,100,133.34732913009992,54.13204099750146,1747.9571250150912,104.44588744588745
1777228543,64,GET,trips_per_route,3.000000,0.000000,3700,3900,4100,4100,4200,4300,4300,4300,4300,4300,4300,108,0,3800,3923.9616118699173,3251.4177080010995,5691.277333011385,1200.2314814814815
1777228543,64,,Aggregated,59.100000,0.000000,91,120,140,150,3700,4800,5200,5300,5500,5500,5500,2536,0,110,705.7155762017642,54.13204099750146,7258.865958021488,53900.57097791798
1777228544,64,GET,bulk_update_departures,2.300000,0.000000,93,130,140,140,150,170,170,170,170,170,170,123,0,96,122.49194947733899,59.08954096958041,522.123750008177,131.4878048780488
1777228544,64,GET,large_scan,4.300000,0.000000,4900,5000,5200,5200,5300,5400,5500,5500,5500,5500,5500,214,0,5000,5105.757864053953,3878.7038329755887,7258.865958021488,652261.0233644859
1777228544,64,GET,next_departures,21.900000,0.000000,86,100,120,130,150,160,170,180,200,200,200,962,0,100,135.0488839586911,56.49325001286343,1666.0985419875942,109.42931392931393
1777228544,64,GET,point_read,28.900000,0.000000,85,100,120,130,140,160,160,170,180,180,180,1183,0,100,132.32502470709917,54.13204099750146,1747.9571250150912,104.4480135249366
1777228544,64,GET,trips_per_route,3.100000,0.000000,3700,4100,4100,4100,4300,4300,4400,4400,4400,4400,4400,112,0,3800,3927.9712347410427,3251.4177080010995,5691.277333011385,1200.2410714285713
1777228544,64,,Aggregated,60.500000,0.000000,90,120,140,150,3800,4800,5200,5300,5500,5500,5500,2594,0,110,707.0505017660041,54.13204099750146,7258.865958021488,53956.55050115652
1777228545,64,GET,bulk_update_departures,2.200000,0.000000,93,110,140,140,150,170,170,170,170,170,170,126,0,96,121.58954822798333,59.08954096958041,522.123750008177,131.5
1777228545,64,GET,large_scan,4.700000,0.000000,4900,5000,5200,5200,5300,5400,5500,5500,5500,5500,5500,216,0,5000,5106.744449803416,3878.7038329755887,7258.865958021488,652261.0324074074
1777228545,64,GET,next_departures,22.100000,0.000000,86,100,120,130,150,170,180,180,200,200,200,982,0,100,134.5966774821514,56.49325001286343,1666.0985419875942,109.43279022403259
1777228545,64,GET,point_read,29.700000,0.000000,87,100,120,130,140,160,170,170,180,180,180,1211,0,100,131.66177533918793,54.13204099750146,1747.9571250150912,104.44260941370769
1777228545,64,GET,trips_per_route,2.700000,0.000000,3700,4100,4100,4100,4300,4400,4400,4400,4400,4400,4400,115,0,3800,3927.9708612178774,3251.4177080010995,5691.277333011385,1200.2521739130434
1777228545,64,,Aggregated,61.400000,0.000000,91,120,140,150,3700,4800,5200,5300,5500,5500,5500,2650,0,110,702.5321058481317,54.13204099750146,7258.865958021488,53312.04679245283
1777228546,64,GET,bulk_update_departures,2.200000,0.000000,96,110,140,140,150,170,170,170,170,170,170,127,0,96,121.45958065905968,59.08954096958041,522.123750008177,131.50393700787401
1777228546,64,GET,large_scan,4.700000,0.000000,4900,5100,5200,5200,5300,5400,5500,5500,5500,5500,5500,220,0,5000,5107.877240488729,3878.7038329755887,7258.865958021488,652261.0363636364
1777228546,64,GET,next_departures,21.500000,0.000000,88,100,120,130,150,160,170,180,180,180,180,1004,0,100,133.86011171759714,56.49325001286343,1666.0985419875942,109.43625498007968
1777228546,64,GET,point_read,28.800000,0.000000,85,99,120,130,140,160,160,170,180,180,180,1230,0,100,131.1420832792812,54.13204099750146,1747.9571250150912,104.4430894308943
1777228546,64,GET,trips_per_route,2.600000,0.000000,3700,4000,4100,4100,4300,4400,4400,4400,4400,4400,4400,119,0,3800,3926.6722146221123,3251.4177080010995,5691.277333011385,1200.2605042016808
1777228546,64,,Aggregated,59.800000,0.000000,91,120,140,150,3700,4800,5200,5300,5500,5500,5500,2700,0,110,704.4935806626798,54.13204099750146,7258.865958021488,53294.555185185185
1777228548,64,GET,bulk_update_departures,2.400000,0.000000,96,130,140,140,150,170,170,170,170,170,170,128,0,96,121.25262592735453,59.08954096958041,522.123750008177,131.4921875
1777228548,64,GET,large_scan,4.600000,0.000000,4900,5000,5200,5200,5400,5500,5500,5500,5500,5500,5500,229,0,5000,5101.107422985069,3878.7038329755887,7258.865958021488,652261.0393013101
1777228548,64,GET,next_departures,20.600000,0.000000,88,100,120,130,150,160,170,180,180,180,180,1022,0,99,133.19331383808296,54.66037499718368,1666.0985419875942,109.4334637964775
1777228548,64,GET,point_read,27.800000,0.000000,88,100,120,130,150,160,170,170,180,180,180,1254,0,99,130.59197459448808,54.13204099750146,1747.9571250150912,104.44736842105263
1777228548,64,GET,trips_per_route,2.800000,0.000000,3700,3800,4100,4100,4200,4400,4400,4400,4400,4400,4400,124,0,3800,3918.674667661112,3206.448499986436,5691.277333011385,1200.217741935484
1777228548,64,,Aggregated,58.200000,0.000000,93,130,140,160,4100,4900,5200,5300,5500,5500,5500,2757,0,110,714.3545511992271,54.13204099750146,7258.865958021488,54325.8084874864
1777228549,64,GET,bulk_update_departures,2.400000,0.000000,95,110,140,140,150,170,170,170,170,170,170,132,0,95,119.89591346707928,59.08954096958041,522.123750008177,131.47727272727272
1777228549,64,GET,large_scan,4.600000,0.000000,4900,5000,5100,5200,5300,5500,5500,5500,5500,5500,5500,233,0,5000,5097.244109929681,3878.7038329755887,7258.865958021488,652261.042918455
1777228549,64,GET,next_departures,20.600000,0.000000,90,100,130,140,150,160,170,180,180,180,180,1052,0,98,132.2064663693747,54.66037499718368,1666.0985419875942,109.43821292775665
1777228549,64,GET,point_read,27.800000,0.000000,91,110,120,130,150,160,170,170,180,180,180,1279,0,100,130.1104704000837,54.13204099750146,1747.9571250150912,104.44409695074276
1777228549,64,GET,trips_per_route,2.800000,0.000000,3700,3800,4100,4100,4200,4400,4400,4400,4400,4400,4400,128,0,3800,3911.3537324064964,3206.448499986436,5691.277333011385,1200.234375
1777228549,64,,Aggregated,58.200000,0.000000,98,130,150,160,3900,4800,5200,5300,5500,5500,5500,2824,0,110,711.6253223093453,54.13204099750146,7258.865958021488,53964.773725212464
1777228550,64,GET,bulk_update_departures,2.400000,0.000000,95,110,140,140,150,170,170,170,170,170,170,136,0,95,119.1744650268982,59.08954096958041,522.123750008177,131.47794117647058
1777228550,64,GET,large_scan,4.400000,0.000000,4900,5000,5200,5200,5300,5500,5500,5500,5500,5500,5500,237,0,5000,5093.730816234469,3878.7038329755887,7258.865958021488,652261.0464135021
1777228550,64,GET,next_departures,20.800000,0.000000,90,110,130,140,150,160,170,180,180,180,180,1071,0,98,131.65460853759384,54.66037499718368,1666.0985419875942,109.43510737628385
1777228550,64,GET,point_read,26.500000,0.000000,91,110,120,130,150,160,160,170,180,180,180,1304,0,99,129.58290268396715,54.13204099750146,1747.9571250150912,104.44325153374233
1777228550,64,GET,trips_per_route,2.800000,0.000000,3700,3800,4100,4100,4200,4400,4400,4400,4400,4400,4400,130,0,3800,3909.2124112080246,3206.448499986436,5691.277333011385,1200.2307692307693
1777228550,64,,Aggregated,56.900000,0.000000,98,130,140,150,3800,4800,5200,5300,5500,5500,5500,2878,0,110,709.3807279332615,54.13204099750146,7258.865958021488,53861.42390548992
1777228551,64,GET,bulk_update_departures,2.400000,0.000000,92,110,130,140,150,150,170,170,170,170,170,136,0,95,119.1744650268982,59.08954096958041,522.123750008177,131.47794117647058
1777228551,64,GET,large_scan,5.200000,0.000000,4900,5000,5100,5200,5300,5400,5500,5500,5500,5500,5500,237,0,5000,5093.730816234469,3878.7038329755887,7258.865958021488,652261.0464135021
1777228551,64,GET,next_departures,20.800000,0.000000,91,110,130,140,150,160,170,180,180,180,180,1089,0,98,131.18555432484212,54.66037499718368,1666.0985419875942,109.43709825528008
1777228551,64,GET,point_read,25.900000,0.000000,91,110,120,130,150,160,160,170,180,180,180,1328,0,99,129.09461136227782,54.13204099750146,1747.9571250150912,104.44201807228916
1777228551,64,GET,trips_per_route,3.100000,0.000000,3700,3800,4100,4100,4200,4400,4400,4400,4400,4400,4400,132,0,3800,3909.1071486592145,3206.448499986436,5691.277333011385,1200.2424242424242
1777228551,64,,Aggregated,57.400000,0.000000,98,130,140,150,3900,4800,5200,5300,5500,5500,5500,2922,0,110,702.8483185705344,54.13204099750146,7258.865958021488,53052.72313483915
1777228552,64,GET,bulk_update_departures,2.700000,0.000000,89,110,110,120,140,150,150,150,150,150,150,139,0,95,118.51173616265677,59.08954096958041,522.123750008177,131.4748201438849
1777228552,64,GET,large_scan,5.100000,0.000000,4800,5000,5200,5200,5300,5300,5500,5500,5500,5500,5500,248,0,5000,5087.45562377613,3878.7038329755887,7258.865958021488,652261.0362903225
1777228552,64,GET,next_departures,21.800000,0.000000,90,110,120,130,150,160,170,180,180,180,180,1109,0,98,130.52395404313546,54.66037499718368,1666.0985419875942,109.43642921550946
1777228552,64,GET,point_read,26.300000,0.000000,91,110,130,130,150,160,160,170,180,180,180,1354,0,98,128.5136886507371,54.13204099750146,1747.9571250150912,104.4394387001477
1777228552,64,GET,trips_per_route,3.100000,0.000000,3700,3900,4100,4100,4200,4400,4400,4400,4400,4400,4400,135,0,3800,3909.4212419551764,3206.448499986436,5691.277333011385,1200.2296296296297
1777228552,64,,Aggregated,59.000000,0.000000,98,130,140,150,4100,4800,5200,5300,5500,5500,5500,2985,0,110,711.7898134519174,54.13204099750146,7258.865958021488,54339.6378559464
1777228553,64,GET,bulk_update_departures,2.900000,0.000000,89,110,120,140,140,150,150,150,150,150,150,143,0,95,118.15233562683844,59.08954096958041,522.123750008177,131.46153846153845
1777228553,64,GET,large_scan,5.000000,0.000000,4900,5100,5200,5200,5300,5400,5500,5500,5500,5500,5500,252,0,5000,5089.064420256089,3878.7038329755887,7258.865958021488,652261.0476190476
1777228553,64,GET,next_departures,21.500000,0.000000,90,110,120,130,150,160,170,180,180,180,180,1134,0,98,129.77104158894443,53.153500019107014,1666.0985419875942,109.43386243386243
1777228553,64,GET,point_read,25.900000,0.000000,91,110,120,130,150,150,160,160,180,180,180,1380,0,98,127.90873398037587,54.13204099750146,1747.9571250150912,104.44057971014493
1777228553,64,GET,trips_per_route,3.300000,0.000000,3700,3900,4100,4100,4200,4400,4400,4400,4400,4400,4400,139,0,3800,3904.411193913455,3206.448499986436,5691.277333011385,1200.2374100719423
1777228553,64,,Aggregated,58.600000,0.000000,98,130,140,150,4100,4800,5200,5300,5500,5500,5500,3048,0,110,710.5405472138859,53.153500019107014,7258.865958021488,54075.99803149606
1777228554,64,GET,bulk_update_departures,2.600000,0.000000,88,95,110,120,140,150,150,150,150,150,150,143,0,95,118.15233562683844,59.08954096958041,522.123750008177,131.46153846153845
1777228554,64,GET,large_scan,4.400000,0.000000,4900,5200,5200,5300,5300,5400,5500,5500,5500,5500,5500,256,0,5000,5086.230608677852,3878.7038329755887,7258.865958021488,652261.05859375
1777228554,64,GET,next_departures,20.900000,0.000000,91,110,120,130,150,160,170,170,180,180,180,1163,0,98,129.19345739809475,53.153500019107014,1666.0985419875942,109.43250214961307
1777228554,64,GET,point_read,25.700000,0.000000,92,120,130,130,150,160,160,170,180,180,180,1404,0,97,127.5185794272129,54.13204099750146,1747.9571250150912,104.44088319088318
1777228554,64,GET,trips_per_route,2.900000,0.000000,3700,3900,4000,4100,4200,4200,4400,4400,4400,4400,4400,141,0,3800,3904.2870259785145,3206.448499986436,5691.277333011385,1200.2482269503546
1777228554,64,,Aggregated,56.500000,0.000000,100,130,140,150,3900,4800,5200,5300,5500,5500,5500,3107,0,110,707.6805172027452,53.153500019107014,7258.865958021488,53891.46121660766
1777228555,64,GET,bulk_update_departures,2.600000,0.000000,89,95,120,130,140,150,150,150,150,150,150,144,0,95,118.30801385157328,59.08954096958041,522.123750008177,131.46527777777777
1777228555,64,GET,large_scan,5.300000,0.000000,4900,5200,5200,5300,5300,5400,5500,5500,5500,5500,5500,263,0,5000,5082.9338383632485,3878.7038329755887,7258.865958021488,652261.0646387832
1777228555,64,GET,next_departures,20.300000,0.000000,91,110,120,130,150,150,160,170,170,170,170,1190,0,98,128.67840409304304,53.153500019107014,1666.0985419875942,109.4327731092437
1777228555,64,GET,point_read,25.100000,0.000000,92,110,130,130,150,150,160,160,180,180,180,1429,0,97,127.04027088776432,54.13204099750146,1747.9571250150912,104.43876836948915
1777228555,64,GET,trips_per_route,2.900000,0.000000,3700,3900,4000,4100,4200,4200,4400,4400,4400,4400,4400,144,0,3800,3903.2403422776647,3206.448499986436,5691.277333011385,1200.2569444444443
1777228555,64,,Aggregated,56.200000,0.000000,100,130,150,150,4100,4900,5300,5300,5500,5500,5500,3170,0,110,709.9629055966817,53.153500019107014,7258.865958021488,54263.68958990536
1777228556,64,GET,bulk_update_departures,2.500000,0.000000,88,92,120,130,140,150,150,150,150,150,150,145,0,95,118.00752094232253,59.08954096958041,522.123750008177,131.46206896551723
1777228556,64,GET,large_scan,4.600000,0.000000,4900,5100,5200,5300,5400,5400,5500,5500,5500,5500,5500,269,0,5000,5078.089700545033,3878.7038329755887,7258.865958021488,652261.0743494424
1777228556,64,GET,next_departures,21.500000,0.000000,91,110,130,130,150,150,160,170,170,170,170,1215,0,98,128.1727723916226,53.153500019107014,1666.0985419875942,109.43456790123457
1777228556,64,GET,point_read,24.900000,0.000000,92,110,130,130,150,160,160,170,180,180,180,1469,0,97,126.43974691942756,54.13204099750146,1747.9571250150912,104.4356705241661
1777228556,64,GET,trips_per_route,3.300000,0.000000,3700,3800,3900,4000,4200,4200,4400,4400,4400,4400,4400,146,0,3800,3901.763473719132,3206.448499986436,5691.277333011385,1200.2671232876712
1777228556,64,,Aggregated,56.800000,0.000000,100,130,150,150,4000,4800,5300,5400,5500,5500,5500,3244,0,110,707.2270634484292,53.153500019107014,7258.865958021488,54235.17540073983
1777228557,64,GET,bulk_update_departures,2.100000,0.000000,88,94,120,130,140,150,150,150,150,150,150,148,0,94,117.44017309841159,59.08954096958041,522.123750008177,131.45945945945945
1777228557,64,GET,large_scan,4.900000,0.000000,4800,5100,5200,5300,5400,5400,5400,5400,5400,5400,5400,274,0,5000,5071.737739619294,3878.7038329755887,7258.865958021488,652261.0547445256
1777228557,64,GET,next_departures,22.800000,0.000000,92,110,120,130,150,160,160,170,170,170,170,1240,0,98,127.56119522720485,53.153500019107014,1666.0985419875942,109.43387096774194
1777228557,64,GET,point_read,24.600000,0.000000,91,110,130,130,150,160,160,160,170,170,170,1507,0,97,125.73209694991019,54.13204099750146,1747.9571250150912,104.43065693430657
1777228557,64,GET,trips_per_route,3.200000,0.000000,3700,3900,4000,4100,4100,4200,4400,4400,4400,4400,4400,147,0,3800,3903.346664939063,3206.448499986436,5691.277333011385,1200.265306122449
1777228557,64,,Aggregated,57.600000,0.000000,100,130,140,150,3700,4800,5200,5300,5400,5400,5400,3316,0,110,702.1964409546268,53.153500019107014,7258.865958021488,54043.576296743064
1777228558,64,GET,bulk_update_departures,2.100000,0.000000,92,120,130,130,140,150,150,150,150,150,150,152,0,94,116.91193279310889,59.08954096958041,522.123750008177,131.4671052631579
1777228558,64,GET,large_scan,4.900000,0.000000,4800,5200,5200,5300,5400,5400,5400,5400,5400,5400,5400,280,0,5000,5066.892646684261,3878.7038329755887,7258.865958021488,652261.0642857143
1777228558,64,GET,next_departures,22.800000,0.000000,91,110,120,130,150,160,170,170,180,180,180,1261,0,97,127.00905488311179,53.153500019107014,1666.0985419875942,109.43219666931007
1777228558,64,GET,point_read,24.600000,0.000000,87,110,130,140,150,160,160,170,190,190,190,1534,0,97,125.17519039211939,54.13204099750146,1747.9571250150912,104.4315514993481
1777228558,64,GET,trips_per_route,3.200000,0.000000,3800,3900,4100,4100,4200,4400,4400,4400,4400,4400,4400,147,0,3800,3903.346664939063,3206.448499986436,5691.277333011385,1200.265306122449
1777228558,64,,Aggregated,57.600000,0.000000,97,130,140,150,3900,4800,5300,5300,5400,5400,5400,3374,0,110,700.198480993273,53.153500019107014,7258.865958021488,54276.14463544754
1777228559,64,GET,bulk_update_departures,2.100000,0.000000,92,120,130,130,140,140,150,150,150,150,150,155,0,94,116.61913436537068,59.08954096958041,522.123750008177,131.47096774193548
1777228559,64,GET,large_scan,5.400000,0.000000,4800,4900,5200,5300,5400,5400,5400,5400,5400,5400,5400,286,0,4900,5060.160332267991,3878.7038329755887,7258.865958021488,652261.0769230769
1777228559,64,GET,next_departures,23.600000,0.000000,90,110,120,130,150,160,160,170,180,180,180,1286,0,96,126.32951202064942,53.153500019107014,1666.0985419875942,109.43157076205287
1777228559,64,GET,point_read,27.600000,0.000000,87,110,130,130,150,160,160,170,190,190,190,1559,0,96,124.6567696827342,53.44045802485198,1747.9571250150912,104.42783835792174
1777228559,64,GET,trips_per_route,2.800000,0.000000,3900,3900,4100,4100,4200,4400,4400,4400,4400,4400,4400,148,0,3800,3903.05742085872,3206.448499986436,5691.277333011385,1200.2635135135135
1777228559,64,,Aggregated,61.500000,0.000000,95,120,140,150,3900,4800,5200,5400,5400,5400,5400,3434,0,110,698.8159509424305,53.153500019107014,7258.865958021488,54469.486604542806
1777228560,64,GET,bulk_update_departures,2.400000,0.000000,94,120,130,130,140,140,160,160,160,160,160,158,0,94,116.74932326938769,59.08954096958041,522.123750008177,131.4620253164557
1777228560,64,GET,large_scan,5.100000,0.000000,4800,4900,5200,5300,5400,5400,5400,5400,5400,5400,5400,290,0,5000,5061.1766927713,3878.7038329755887,7258.865958021488,652261.0793103449
1777228560,64,GET,next_departures,23.900000,0.000000,90,110,120,130,150,150,160,170,180,180,180,1304,0,96,125.9792373754299,53.153500019107014,1666.0985419875942,109.42561349693251
1777228560,64,GET,point_read,28.200000,0.000000,89,110,120,130,150,160,160,170,190,190,190,1588,0,96,124.28905868086723,53.44045802485198,1747.9571250150912,104.4250629722922
1777228560,64,GET,trips_per_route,2.300000,0.000000,3900,3900,4100,4100,4200,4400,4400,4400,4400,4400,4400,150,0,3800,3904.0613519074395,3206.448499986436,5691.277333011385,1200.2666666666667
1777228560,64,,Aggregated,61.900000,0.000000,96,120,140,150,4100,4800,5300,5400,5400,5400,5400,3490,0,110,697.2621167590642,53.153500019107014,7258.865958021488,54345.28424068768
1777228561,64,GET,bulk_update_departures,2.300000,0.000000,94,120,130,130,140,160,160,160,160,160,160,159,0,94,116.50510163247034,59.08954096958041,522.123750008177,131.46540880503144
1777228561,64,GET,large_scan,5.300000,0.000000,4800,5000,5200,5300,5400,5400,5400,5400,5400,5400,5400,293,0,5000,5061.038852626785,3878.7038329755887,7258.865958021488,652261.0819112628
1777228561,64,GET,next_departures,23.300000,0.000000,91,110,120,130,150,150,160,170,180,180,180,1321,0,96,125.62311827829058,53.153500019107014,1666.0985419875942,109.42846328538985
1777228561,64,GET,point_read,27.700000,0.000000,89,110,130,130,150,160,170,170,190,190,190,1610,0,96,124.03181574545275,53.44045802485198,1747.9571250150912,104.42484472049689
1777228561,64,GET,trips_per_route,2.000000,0.000000,3800,4000,4100,4100,4200,4400,4400,4400,4400,4400,4400,154,0,3800,3903.956808935996,3206.448499986436,5691.277333011385,1200.2792207792209
1777228561,64,,Aggregated,60.600000,0.000000,97,120,140,150,3800,4700,5200,5400,5400,5400,5400,3537,0,110,697.8392440348191,53.153500019107014,7258.865958021488,54178.94317217981
1777228562,64,GET,bulk_update_departures,2.100000,0.000000,94,120,130,130,140,160,160,160,160,160,160,160,0,94,116.77821922239673,59.08954096958041,522.123750008177,131.46875
1777228562,64,GET,large_scan,5.300000,0.000000,4800,4900,5200,5300,5400,5400,5400,5400,5400,5400,5400,300,0,4900,5057.448662735212,3878.7038329755887,7258.865958021488,652261.09
1777228562,64,GET,next_departures,23.100000,0.000000,90,110,120,130,150,160,160,170,180,180,180,1337,0,96,125.33882114481251,53.153500019107014,1666.0985419875942,109.43156320119671
1777228562,64,GET,point_read,27.700000,0.000000,91,110,130,130,150,160,170,170,190,190,190,1644,0,96,123.60194878968656,53.44045802485198,1747.9571250150912,104.42153284671532
1777228562,64,GET,trips_per_route,2.000000,0.000000,3800,4100,4100,4100,4200,4400,4400,4400,4400,4400,4400,156,0,3800,3901.684082757222,3206.448499986436,5691.277333011385,1200.275641025641
1777228562,64,,Aggregated,60.200000,0.000000,98,130,140,150,3900,4800,5200,5400,5400,5400,5400,3597,0,110,699.2942559041236,53.153500019107014,7258.865958021488,54546.728940783985
1777228563,64,GET,bulk_update_departures,2.100000,0.000000,94,120,130,130,160,160,160,160,160,160,160,163,0,94,116.15477194202538,59.08954096958041,522.123750008177,131.46625766871165
1777228563,64,GET,large_scan,5.300000,0.000000,4800,5200,5300,5300,5400,5400,5400,5600,5600,5600,5600,308,0,5000,5059.744315706088,3878.7038329755887,7258.865958021488,652261.0909090909
1777228563,64,GET,next_departures,23.100000,0.000000,89,110,120,130,150,160,170,180,180,180,180,1354,0,96,125.07646574483678,53.153500019107014,1666.0985419875942,109.4327917282127
1777228563,64,GET,point_read,27.700000,0.000000,90,110,130,130,150,160,170,170,190,190,190,1673,0,96,123.1304781197042,53.44045802485198,1747.9571250150912,104.42378959952181
1777228563,64,GET,trips_per_route,2.000000,0.000000,3800,3900,4100,4100,4200,4400,4400,4400,4400,4400,4400,157,0,3800,3900.6592236884876,3206.448499986436,5691.277333011385,1200.28025477707
1777228563,64,,Aggregated,60.200000,0.000000,94,130,140,150,4100,4800,5300,5400,5600,5600,5600,3655,0,110,701.8026811753466,53.153500019107014,7258.865958021488,55110.577838577294
1777228564,64,GET,bulk_update_departures,2.100000,0.000000,94,110,120,130,140,160,160,160,160,160,160,169,0,94,115.89774626380208,59.08954096958041,522.123750008177,131.46153846153845
1777228564,64,GET,large_scan,5.100000,0.000000,4900,5200,5300,5300,5400,5400,5600,5600,5600,5600,5600,311,0,5000,5060.843806503074,3878.7038329755887,7258.865958021488,652261.0932475884
1777228564,64,GET,next_departures,22.800000,0.000000,87,100,120,130,150,160,170,180,180,180,180,1377,0,96,124.6504867099396,53.153500019107014,1666.0985419875942,109.43064633260711
1777228564,64,GET,point_read,28.900000,0.000000,90,110,130,130,150,160,170,180,190,190,190,1700,0,96,122.7923678554704,53.44045802485198,1747.9571250150912,104.42235294117647
1777228564,64,GET,trips_per_route,2.100000,0.000000,3800,3900,4100,4100,4100,4200,4200,4200,4200,4200,4200,159,0,3800,3898.9884058876055,3206.448499986436,5691.277333011385,1200.2830188679245
1777228564,64,,Aggregated,61.000000,0.000000,93,120,140,150,3800,4800,5300,5400,5600,5600,5600,3716,0,110,698.0191186843526,53.153500019107014,7258.865958021488,54734.786329386436
1777228565,64,GET,bulk_update_departures,2.000000,0.000000,94,110,120,130,140,160,160,160,160,160,160,169,0,94,115.89774626380208,59.08954096958041,522.123750008177,131.46153846153845
1777228565,64,GET,large_scan,5.600000,0.000000,4800,5000,5200,5300,5400,5400,5600,5600,5600,5600,5600,318,0,4900,5054.758311410394,3878.7038329755887,7258.865958021488,652261.106918239
1777228565,64,GET,next_departures,22.000000,0.000000,88,100,120,130,150,160,170,180,180,180,180,1399,0,96,124.32560056938608,53.153500019107014,1666.0985419875942,109.43316654753396
1777228565,64,GET,point_read,29.300000,0.000000,89,110,130,130,150,160,170,180,190,190,190,1732,0,95,122.39493580325211,53.44045802485198,1747.9571250150912,104.42032332563511
1777228565,64,GET,trips_per_route,1.800000,0.000000,3800,3900,4100,4100,4100,4200,4200,4200,4200,4200,4200,160,0,3800,3896.9743361631117,3206.448499986436,5691.277333011385,1200.28125
1777228565,64,,Aggregated,60.700000,0.000000,93,120,140,150,3900,4800,5200,5400,5600,5600,5600,3778,0,110,697.8388829912624,53.153500019107014,7258.865958021488,55046.91556379037
1777228566,64,GET,bulk_update_departures,2.600000,0.000000,97,120,130,130,150,160,160,160,160,160,160,171,0,95,116.00986862935028,59.08954096958041,522.123750008177,131.4561403508772
1777228566,64,GET,large_scan,5.500000,0.000000,4900,5000,5200,5300,5400,5400,5600,5600,5600,5600,5600,324,0,4900,5052.738740316227,3878.7038329755887,7258.865958021488,652261.1111111111
1777228566,64,GET,next_departures,21.300000,0.000000,88,100,120,130,150,160,160,180,180,180,180,1420,0,96,124.04366331441413,53.153500019107014,1666.0985419875942,109.43661971830986
1777228566,64,GET,point_read,29.400000,0.000000,90,110,130,130,150,160,170,180,190,190,190,1760,0,95,122.1433444471834,53.44045802485198,1747.9571250150912,104.42215909090909
1777228566,64,GET,trips_per_route,1.800000,0.000000,3800,3900,4100,4100,4300,4300,4300,4300,4300,4300,4300,165,0,3800,3899.5073795096355,3206.448499986436,5691.277333011385,1200.2848484848485
1777228566,64,,Aggregated,60.600000,0.000000,94,130,140,150,4100,4800,5300,5400,5600,5600,5600,3840,0,110,700.9005325913222,53.153500019107014,7258.865958021488,55180.288802083334
1777228567,64,GET,bulk_update_departures,2.600000,0.000000,100,120,140,140,160,160,160,160,160,160,160,172,0,95,116.16027612559941,59.08954096958041,522.123750008177,131.4593023255814
1777228567,64,GET,large_scan,5.500000,0.000000,4900,5000,5200,5300,5400,5400,5600,5600,5600,5600,5600,328,0,4900,5048.265803059267,3878.7038329755887,7258.865958021488,652261.112804878
1777228567,64,GET,next_departures,21.300000,0.000000,89,110,120,130,150,160,160,180,180,180,180,1441,0,96,123.75693929862841,53.153500019107014,1666.0985419875942,109.43580846634282
1777228567,64,GET,point_read,29.400000,0.000000,91,110,130,140,150,160,170,170,190,190,190,1793,0,96,121.90282576895598,53.063334024045616,1747.9571250150912,104.42108198549916
1777228567,64,GET,trips_per_route,1.800000,0.000000,3800,3900,4100,4200,4200,4300,4300,4300,4300,4300,4300,168,0,3800,3902.6525624649366,3206.448499986436,5691.277333011385,1200.297619047619
1777228567,64,,Aggregated,60.600000,0.000000,100,130,150,150,4100,4800,5300,5400,5600,5600,5600,3902,0,110,699.2213986479276,53.063334024045616,7258.865958021488,54974.584828293184
1777228568,64,GET,bulk_update_departures,2.600000,0.000000,100,120,140,150,160,160,160,160,160,160,160,175,0,95,116.04139258087214,59.08954096958041,522.123750008177,131.46285714285713
1777228568,64,GET,large_scan,5.400000,0.000000,4900,5000,5200,5300,5400,5400,5600,5600,5600,5600,5600,332,0,4900,5044.484716953172,3878.7038329755887,7258.865958021488,652261.1114457832
1777228568,64,GET,next_departures,20.600000,0.000000,91,110,130,140,150,160,180,180,180,180,180,1464,0,96,123.46762180425542,53.153500019107014,1666.0985419875942,109.43715846994536
1777228568,64,GET,point_read,29.000000,0.000000,91,110,130,130,150,160,170,170,190,190,190,1823,0,96,121.44395948749253,53.063334024045616,1747.9571250150912,104.42018650575973
1777228568,64,GET,trips_per_route,1.900000,0.000000,3800,3900,4100,4200,4200,4300,4300,4300,4300,4300,4300,170,0,3800,3899.9367676124057,3206.448499986436,5691.277333011385,1200.3
1777228568,64,,Aggregated,59.500000,0.000000,100,130,150,150,3900,4800,5200,5400,5600,5600,5600,3964,0,110,696.3204734337396,53.063334024045616,7258.865958021488,54775.05549949546
1777228569,64,GET,bulk_update_departures,2.400000,0.000000,97,110,140,140,160,160,160,160,160,160,160,175,0,95,116.04139258087214,59.08954096958041,522.123750008177,131.46285714285713
1777228569,64,GET,large_scan,5.400000,0.000000,4900,5000,5200,5200,5400,5400,5600,5600,5600,5600,5600,336,0,4900,5043.217604251237,3878.7038329755887,7258.865958021488,652261.0952380953
1777228569,64,GET,next_departures,20.100000,0.000000,93,110,120,130,150,160,170,180,180,180,180,1487,0,96,123.12157060619833,53.153500019107014,1666.0985419875942,109.43913920645595
1777228569,64,GET,point_read,28.700000,0.000000,92,110,130,140,150,160,170,180,190,190,190,1851,0,96,121.22790114617007,53.063334024045616,1747.9571250150912,104.42139384116693
1777228569,64,GET,trips_per_route,2.100000,0.000000,3800,3800,4100,4100,4200,4300,4300,4300,4300,4300,4300,171,0,3800,3899.205931983153,3206.448499986436,5691.277333011385,1200.3040935672514
1777228569,64,,Aggregated,58.700000,0.000000,100,130,150,160,3800,4800,5200,5400,5600,5600,5600,4020,0,110,693.79780935626,53.063334024045616,7258.865958021488,54662.68805970149
1777228570,64,GET,bulk_update_departures,2.300000,0.000000,97,110,140,140,160,160,180,180,180,180,180,180,0,94,115.68254116476358,59.08954096958041,522.123750008177,131.46666666666667
1777228570,64,GET,large_scan,5.200000,0.000000,4900,5000,5200,5200,5400,5400,5600,5600,5600,5600,5600,342,0,4900,5042.355958419499,3878.7038329755887,7258.865958021488,652261.0584795321
1777228570,64,GET,next_departures,20.300000,0.000000,93,110,130,140,150,160,170,180,180,180,180,1501,0,96,122.92090985837295,53.153500019107014,1666.0985419875942,109.4383744170553
1777228570,64,GET,point_read,28.800000,0.000000,91,110,130,130,150,160,170,170,190,190,190,1869,0,95,121.09868848136885,53.063334024045616,1747.9571250150912,104.42108079186731
1777228570,64,GET,trips_per_route,2.300000,0.000000,3800,3800,4100,4200,4300,4300,4300,4300,4300,4300,4300,174,0,3800,3898.012772471786,3206.448499986436,5691.277333011385,1200.3103448275863
1777228570,64,,Aggregated,58.900000,0.000000,100,130,150,160,4100,4900,5200,5300,5600,5600,5600,4066,0,110,697.0980206759255,53.063334024045616,7258.865958021488,55008.6645351697
1777228571,64,GET,bulk_update_departures,2.000000,0.000000,100,120,130,140,150,160,180,180,180,180,180,182,0,95,115.78040472346942,59.08954096958041,522.123750008177,131.46703296703296
1777228571,64,GET,large_scan,5.000000,0.000000,4900,5200,5200,5300,5400,5400,5600,5600,5600,5600,5600,349,0,4900,5042.930857416671,3878.7038329755887,7258.865958021488,652261.0601719198
1777228571,64,GET,next_departures,20.100000,0.000000,93,110,130,140,150,160,180,180,180,180,180,1517,0,96,122.73192770168126,53.153500019107014,1666.0985419875942,109.43704680290047
1777228571,64,GET,point_read,29.300000,0.000000,91,110,130,130,150,160,170,170,190,190,190,1896,0,95,120.7302788231116,53.063334024045616,1747.9571250150912,104.42194092827005
1777228571,64,GET,trips_per_route,2.300000,0.000000,3800,4100,4200,4200,4300,4300,4500,4500,4500,4500,4500,180,0,3800,3905.305994639639,3206.448499986436,5691.277333011385,1200.3055555555557
1777228571,64,,Aggregated,58.700000,0.000000,100,130,150,160,4300,4900,5300,5400,5600,5600,5600,4124,0,110,702.9822805298968,53.063334024045616,7258.865958021488,55345.07565470417
1777228572,64,GET,bulk_update_departures,2.200000,0.000000,110,120,140,140,160,180,180,180,180,180,180,183,0,95,115.65227090550302,59.08954096958041,522.123750008177,131.46994535519124
1777228572,64,GET,large_scan,5.100000,0.000000,4900,5000,5200,5200,5300,5400,5400,5400,5400,5400,5400,351,0,4900,5042.542204146566,3878.7038329755887,7258.865958021488,652261.0427350427
1777228572,64,GET,next_departures,19.900000,0.000000,94,110,130,140,150,160,180,180,180,180,180,1537,0,96,122.52874779724016,53.153500019107014,1666.0985419875942,109.43851659076122
1777228572,64,GET,point_read,28.600000,0.000000,91,110,130,130,150,160,170,170,190,190,190,1917,0,95,120.51973582033348,53.063334024045616,1747.9571250150912,104.42514345331247
1777228572,64,GET,trips_per_route,2.400000,0.000000,3800,3900,4200,4200,4300,4300,4500,4500,4500,4500,4500,184,0,3800,3900.732316310535,3206.448499986436,5691.277333011385,1200.2717391304348
1777228572,64,,Aggregated,58.200000,0.000000,100,130,150,160,4100,4800,5200,5300,5400,5400,5400,4172,0,110,701.8682752550882,53.063334024045616,7258.865958021488,55023.232262703736
1777228573,64,GET,bulk_update_departures,2.200000,0.000000,97,120,130,140,150,160,180,180,180,180,180,186,0,94,115.05949861145959,59.08954096958041,522.123750008177,131.4731182795699
1777228573,64,GET,large_scan,5.600000,0.000000,4800,4900,5000,5200,5200,5300,5400,5400,5400,5400,5400,354,0,4900,5040.458887326136,3878.7038329755887,7258.865958021488,652261.0310734464
1777228573,64,GET,next_departures,19.200000,0.000000,95,120,130,140,150,160,180,180,180,180,180,1556,0,96,122.3326315022233,53.153500019107014,1666.0985419875942,109.44087403598972
1777228573,64,GET,point_read,27.900000,0.000000,92,110,130,130,150,160,170,170,240,240,240,1934,0,95,120.45819742519976,53.063334024045616,1747.9571250150912,104.42657704239917
1777228573,64,GET,trips_per_route,2.500000,0.000000,3800,4100,4200,4200,4300,4300,4500,4500,4500,4500,4500,187,0,3800,3900.285709401864,3206.448499986436,5691.277333011385,1200.2780748663101
1777228573,64,,Aggregated,57.400000,0.000000,100,130,150,160,4100,4800,5000,5200,5400,5400,5400,4217,0,110,701.5396416768149,53.063334024045616,7258.865958021488,54901.959212710455
1777228574,64,GET,bulk_update_departures,2.300000,0.000000,92,110,130,140,160,180,180,180,180,180,180,187,0,94,114.89336604139154,59.08954096958041,522.123750008177,131.475935828877
1777228574,64,GET,large_scan,5.000000,0.000000,4900,5000,5200,5200,5300,5400,5500,5500,5500,5500,5500,360,0,4900,5040.559622768099,3878.7038329755887,7258.865958021488,652261.036111111
1777228574,64,GET,next_departures,19.300000,0.000000,95,120,130,130,150,160,180,180,180,180,180,1575,0,96,122.13608372583246,53.153500019107014,1666.0985419875942,109.43936507936507
1777228574,64,GET,point_read,27.100000,0.000000,93,110,130,130,150,160,170,170,240,240,240,1959,0,95,120.21749037950342,53.063334024045616,1747.9571250150912,104.42725880551302
1777228574,64,GET,trips_per_route,2.600000,0.000000,3800,4100,4200,4200,4300,4300,4500,4500,4500,4500,4500,187,0,3800,3900.285709401864,3206.448499986436,5691.277333011385,1200.2780748663101
1777228574,64,,Aggregated,56.300000,0.000000,100,130,150,160,4100,4800,5200,5300,5500,5500,5500,4268,0,110,701.3379444297184,53.063334024045616,7258.865958021488,55163.999765698216
1777228575,64,GET,bulk_update_departures,2.300000,0.000000,89,110,120,130,160,180,180,180,180,180,180,188,0,93,114.6548452590186,59.08954096958041,522.123750008177,131.47340425531914
1777228575,64,GET,large_scan,4.600000,0.000000,4900,5000,5200,5300,5400,5400,5500,5500,5500,5500,5500,368,0,4900,5040.928331256905,3878.7038329755887,7258.865958021488,652261.0434782609
1777228575,64,GET,next_departures,19.900000,0.000000,93,110,120,130,150,170,180,180,180,180,180,1599,0,95,121.65160863184859,53.153500019107014,1666.0985419875942,109.43714821763602
1777228575,64,GET,point_read,25.700000,0.000000,92,110,120,130,150,160,170,170,240,240,240,1981,0,95,119.91864604825376,53.063334024045616,1747.9571250150912,104.42806663301363
1777228575,64,GET,trips_per_route,2.800000,0.000000,3800,4100,4200,4200,4300,4300,4500,4500,4500,4500,4500,191,0,3800,3900.417432331002,3206.448499986436,5691.277333011385,1200.282722513089
1777228575,64,,Aggregated,55.300000,0.000000,100,130,140,160,4200,4800,5200,5400,5500,5500,5500,4327,0,110,705.7259594200079,53.063334024045616,7258.865958021488,55620.036283799396
1777228576,64,GET,bulk_update_departures,1.800000,0.000000,87,92,110,120,160,180,180,180,180,180,180,191,0,93,114.12308678391794,59.08954096958041,522.123750008177,131.47120418848166
1777228576,64,GET,large_scan,4.900000,0.000000,4900,5200,5200,5300,5400,5500,5500,5500,5500,5500,5500,374,0,4900,5041.112899918789,3878.7038329755887,7258.865958021488,652261.0454545454
1777228576,64,GET,next_departures,19.700000,0.000000,92,100,120,130,150,160,180,180,180,180,180,1621,0,94,121.21056682692483,53.153500019107014,1666.0985419875942,109.43923504009871
1777228576,64,GET,point_read,25.800000,0.000000,89,110,120,130,150,160,170,170,240,240,240,2010,0,95,119.57021952211157,53.063334024045616,1747.9571250150912,104.42636815920397
1777228576,64,GET,trips_per_route,2.800000,0.000000,3800,4000,4100,4200,4300,4300,4500,4500,4500,4500,4500,194,0,3800,3899.9868734546494,3206.448499986436,5691.277333011385,1200.2938144329896
1777228576,64,,Aggregated,55.000000,0.000000,97,120,140,160,4300,4900,5300,5400,5500,5500,5500,4390,0,110,706.2846600595551,53.063334024045616,7258.865958021488,55715.466287015945
1777228577,64,GET,bulk_update_departures,1.900000,0.000000,88,110,120,130,160,170,180,180,180,180,180,195,0,93,114.19190423479543,59.08954096958041,522.123750008177,131.47179487179488
1777228577,64,GET,large_scan,5.000000,0.000000,4900,5200,5300,5300,5400,5500,5500,5500,5500,5500,5500,380,0,4900,5040.796658846299,3878.7038329755887,7258.865958021488,652261.052631579
1777228577,64,GET,next_departures,20.100000,0.000000,92,110,120,130,140,160,170,180,180,180,180,1639,0,95,120.99699209068628,53.153500019107014,1666.0985419875942,109.43929225137279
1777228577,64,GET,point_read,24.800000,0.000000,90,110,120,130,150,160,170,170,240,240,240,2043,0,94,119.1939077697005,53.063334024045616,1747.9571250150912,104.4263338228096
1777228577,64,GET,trips_per_route,3.100000,0.000000,3800,4100,4200,4200,4300,4300,4500,4500,4500,4500,4500,195,0,3800,3901.978268334642,3206.448499986436,5691.277333011385,1200.2923076923078
1777228577,64,,Aggregated,54.900000,0.000000,97,120,140,160,4500,4900,5300,5400,5500,5500,5500,4452,0,110,705.4095097984651,53.063334024045616,7258.865958021488,55820.21743036837
1777228578,64,GET,bulk_update_departures,1.900000,0.000000,88,110,120,130,150,170,180,180,180,180,180,199,0,93,113.98408978758614,59.08954096958041,522.123750008177,131.4824120603015
1777228578,64,GET,large_scan,5.100000,0.000000,4900,5200,5300,5300,5400,5500,5500,5500,5500,5500,5500,385,0,4900,5037.757133515915,3878.7038329755887,7258.865958021488,652261.0597402598
1777228578,64,GET,next_departures,20.100000,0.000000,90,110,120,130,140,160,180,180,180,180,180,1663,0,94,120.71490170745912,53.153500019107014,1666.0985419875942,109.4383644016837
1777228578,64,GET,point_read,24.900000,0.000000,89,110,120,130,140,150,160,170,240,240,240,2073,0,94,118.82945071263181,53.063334024045616,1747.9571250150912,104.42595272551857
1777228578,64,GET,trips_per_route,2.900000,0.000000,3800,4100,4200,4200,4300,4300,4500,4500,4500,4500,4500,196,0,3800,3901.437963608519,3206.448499986436,5691.277333011385,1200.295918367347
1777228578,64,,Aggregated,54.900000,0.000000,96,120,140,150,4300,4900,5300,5400,5500,5500,5500,4516,0,110,702.8307139073111,53.063334024045616,7258.865958021488,55752.96767050487
1777228579,64,GET,bulk_update_departures,2.300000,0.000000,87,110,130,130,150,170,180,180,180,180,180,206,0,93,113.57518746455435,59.08954096958041,522.123750008177,131.48058252427185
1777228579,64,GET,large_scan,5.200000,0.000000,4900,5200,5300,5300,5400,5500,5500,5500,5500,5500,5500,391,0,4900,5039.560691674437,3878.7038329755887,7258.865958021488,652261.0613810741
1777228579,64,GET,next_departures,19.600000,0.000000,89,110,120,130,140,160,180,180,180,180,180,1682,0,94,120.44811610483501,53.153500019107014,1666.0985419875942,109.4423305588585
1777228579,64,GET,point_read,24.900000,0.000000,89,110,120,130,140,150,160,170,240,240,240,2103,0,94,118.58851115031193,53.063334024045616,1747.9571250150912,104.42463147883976
1777228579,64,GET,trips_per_route,2.700000,0.000000,3800,4100,4200,4300,4300,4300,4500,4500,4500,4500,4500,199,0,3800,3900.5458891975586,3206.448499986436,5691.277333011385,1200.3015075376884
1777228579,64,,Aggregated,54.700000,0.000000,95,120,140,150,4300,4900,5300,5400,5500,5500,5500,4581,0,100,703.352700556681,53.063334024045616,7258.865958021488,55818.3163064833
1777228580,64,GET,bulk_update_departures,2.400000,0.000000,84,92,110,120,150,150,170,170,170,170,170,208,0,93,113.2516738398408,59.08954096958041,522.123750008177,131.48557692307693
1777228580,64,GET,large_scan,5.300000,0.000000,4900,5200,5300,5300,5400,5500,5500,5500,5500,5500,5500,399,0,4900,5036.4816548364915,3878.7038329755887,7258.865958021488,652261.0551378446
1777228580,64,GET,next_departures,19.900000,0.000000,88,99,120,120,140,160,170,180,180,180,180,1704,0,94,120.04564384934072,53.153500019107014,1666.0985419875942,109.44131455399061
1777228580,64,GET,point_read,24.700000,0.000000,89,110,120,130,150,150,160,170,240,240,240,2137,0,94,118.3474177145617,53.063334024045616,1747.9571250150912,104.42489471221339
1777228580,64,GET,trips_per_route,2.600000,0.000000,3700,4000,4200,4200,4300,4300,4300,4300,4300,4300,4300,202,0,3800,3901.346487788735,3206.448499986436,5691.277333011385,1200.3019801980197
1777228580,64,,Aggregated,54.900000,0.000000,94,120,140,150,4200,4900,5300,5400,5500,5500,5500,4650,0,100,705.0861780101218,53.063334024045616,7258.865958021488,56114.32580645161
1777228581,64,GET,bulk_update_departures,3.100000,0.000000,84,100,110,110,150,150,170,170,170,170,170,210,0,93,113.19919262231062,59.08954096958041,522.123750008177,131.48095238095237
1777228581,64,GET,large_scan,5.500000,0.000000,4900,5100,5300,5300,5400,5500,5500,5500,5500,5500,5500,402,0,4900,5035.698447524325,3878.7038329755887,7258.865958021488,652261.0422885572
1777228581,64,GET,next_departures,19.500000,0.000000,88,100,120,120,140,160,170,180,180,180,180,1734,0,94,119.63895383514378,53.153500019107014,1666.0985419875942,109.44290657439447
1777228581,64,GET,point_read,24.700000,0.000000,89,110,120,130,150,150,160,170,240,240,240,2166,0,94,118.02560168059176,53.063334024045616,1747.9571250150912,104.4275161588181
1777228581,64,GET,trips_per_route,2.800000,0.000000,3700,4000,4200,4200,4300,4300,4300,4300,4300,4300,4300,206,0,3800,3898.9881443801264,3206.448499986436,5691.277333011385,1200.3155339805826
1777228581,64,,Aggregated,55.600000,0.000000,95,120,140,150,4200,4900,5300,5400,5500,5500,5500,4718,0,100,702.5035106587688,53.063334024045616,7258.865958021488,55722.71704111912
1777228582,64,GET,bulk_update_departures,2.900000,0.000000,84,110,110,130,150,150,170,170,170,170,170,211,0,93,113.01254794653725,59.08954096958041,522.123750008177,131.4834123222749
1777228582,64,GET,large_scan,5.700000,0.000000,4900,5200,5300,5300,5400,5500,5500,5500,5500,5500,5500,406,0,4900,5035.1391215856,3878.7038329755887,7258.865958021488,652261.0443349754
1777228582,64,GET,next_departures,20.100000,0.000000,88,100,120,130,140,160,170,170,180,180,180,1754,0,94,119.58884575315687,53.153500019107014,1666.0985419875942,109.4418472063854
1777228582,64,GET,point_read,26.600000,0.000000,91,110,120,130,150,150,160,170,170,170,170,2207,0,94,117.79869413057656,53.063334024045616,1747.9571250150912,104.42999546896239
1777228582,64,GET,trips_per_route,2.600000,0.000000,3700,4000,4200,4200,4200,4300,4300,4300,4300,4300,4300,206,0,3800,3898.9881443801264,3206.448499986436,5691.277333011385,1200.3155339805826
1777228582,64,,Aggregated,57.900000,0.000000,96,120,140,150,4100,4900,5300,5400,5500,5500,5500,4784,0,100,698.3788131521736,53.063334024045616,7258.865958021488,55500.71697324415
1777228583,64,GET,bulk_update_departures,2.900000,0.000000,85,110,110,130,150,150,170,170,170,170,170,217,0,93,112.47158272262698,59.08954096958041,522.123750008177,131.47465437788017
1777228583,64,GET,large_scan,5.300000,0.000000,4900,5100,5300,5300,5400,5500,5500,5500,5500,5500,5500,410,0,4900,5032.70500434077,3878.7038329755887,7258.865958021488,652261.0463414635
1777228583,64,GET,next_departures,21.800000,0.000000,88,100,120,130,140,160,170,180,180,180,180,1773,0,94,119.38066254830191,53.153500019107014,1666.0985419875942,109.44218838127468
1777228583,64,GET,point_read,27.500000,0.000000,91,110,130,130,150,150,160,170,170,170,170,2239,0,94,117.65073350686438,53.063334024045616,1747.9571250150912,104.42831621259491
1777228583,64,GET,trips_per_route,2.600000,0.000000,3800,4100,4200,4200,4200,4300,4300,4300,4300,4300,4300,208,0,3800,3899.7311349826655,3206.448499986436,5691.277333011385,1200.3221153846155
1777228583,64,,Aggregated,60.100000,0.000000,96,120,140,150,4000,4800,5300,5400,5500,5500,5500,4847,0,100,696.1092156647264,53.063334024045616,7258.865958021488,55319.38972560347
1777228584,64,GET,bulk_update_departures,2.800000,0.000000,82,110,110,120,140,150,170,170,170,170,170,220,0,92,112.02652079915755,59.08954096958041,522.123750008177,131.47272727272727
1777228584,64,GET,large_scan,5.600000,0.000000,4900,5000,5200,5300,5300,5400,5500,5500,5500,5500,5500,415,0,4900,5030.797403686152,3878.7038329755887,7258.865958021488,652261.0506024096
1777228584,64,GET,next_departures,21.800000,0.000000,88,110,120,130,150,160,180,180,190,190,190,1797,0,94,119.26108659605268,53.153500019107014,1666.0985419875942,109.4440734557596
1777228584,64,GET,point_read,27.800000,0.000000,91,110,130,130,150,160,160,160,170,170,170,2269,0,94,117.43760947846106,53.063334024045616,1747.9571250150912,104.4270603790216
1777228584,64,GET,trips_per_route,2.400000,0.000000,3800,4100,4200,4200,4200,4300,4300,4300,4300,4300,4300,212,0,3800,3899.335651501699,3206.448499986436,5691.277333011385,1200.3254716981132
1777228584,64,,Aggregated,60.400000,0.000000,96,120,140,150,3700,4800,5200,5300,5500,5500,5500,4913,0,100,696.0846781485168,53.063334024045616,7258.865958021488,55242.28475473234
1777228585,64,GET,bulk_update_departures,2.800000,0.000000,82,110,120,130,150,170,170,170,170,170,170,221,0,92,112.27776316190517,59.08954096958041,522.123750008177,131.47058823529412
1777228585,64,GET,large_scan,5.500000,0.000000,4900,5000,5200,5200,5300,5400,5500,5500,5500,5500,5500,420,0,4900,5031.161711082677,3878.7038329755887,7258.865958021488,652261.0547619048
1777228585,64,GET,next_departures,21.300000,0.000000,94,120,130,130,160,170,190,190,210,210,210,1826,0,94,119.40434512432725,53.153500019107014,1666.0985419875942,109.44633077765607
1777228585,64,GET,point_read,29.800000,0.000000,92,120,130,140,150,160,160,160,170,170,170,2294,0,94,117.3996000744087,53.063334024045616,1747.9571250150912,104.42807323452485
1777228585,64,GET,trips_per_route,2.100000,0.000000,3800,4100,4200,4200,4300,4300,4300,4300,4300,4300,4300,213,0,3800,3897.9706906963866,3206.448499986436,5691.277333011385,1200.3286384976525
1777228585,64,,Aggregated,61.500000,0.000000,100,130,140,150,3700,4800,5200,5300,5500,5500,5500,4974,0,100,694.7157374747791,53.063334024045616,7258.865958021488,55221.90892641737
1777228586,64,GET,bulk_update_departures,3.300000,0.000000,81,100,110,120,150,150,170,170,170,170,170,226,0,92,111.76814340607189,59.08954096958041,522.123750008177,131.47787610619469
1777228586,64,GET,large_scan,5.500000,0.000000,4900,5000,5200,5200,5300,5300,5500,5500,5500,5500,5500,428,0,4900,5029.845208013523,3878.7038329755887,7258.865958021488,652261.058411215
1777228586,64,GET,next_departures,21.800000,0.000000,91,120,130,130,150,170,190,190,210,210,210,1848,0,94,119.09567856545323,53.153500019107014,1666.0985419875942,109.44642857142857
1777228586,64,GET,point_read,30.600000,0.000000,92,120,130,140,150,160,160,160,170,170,170,2325,0,94,117.16061198400453,53.063334024045616,1747.9571250150912,104.42881720430107
1777228586,64,GET,trips_per_route,2.500000,0.000000,3700,4100,4100,4200,4200,4300,4300,4300,4300,4300,4300,215,0,3800,3896.011485433921,3206.448499986436,5691.277333011385,1200.3302325581396
1777228586,64,,Aggregated,63.700000,0.000000,100,130,140,150,3700,4800,5200,5300,5500,5500,5500,5042,0,100,695.7879919991315,53.063334024045616,7258.865958021488,55513.79849266164
1777228587,64,GET,bulk_update_departures,3.200000,0.000000,82,88,110,120,150,150,170,170,170,170,170,229,0,92,111.4633858898313,59.08954096958041,522.123750008177,131.48471615720524
1777228587,64,GET,large_scan,5.100000,0.000000,4900,5000,5200,5200,5300,5300,5500,5500,5500,5500,5500,430,0,4900,5027.07965588319,3878.7038329755887,7258.865958021488,652261.0627906977
1777228587,64,GET,next_departures,22.300000,0.000000,92,120,130,130,150,170,190,190,210,210,210,1873,0,94,118.80842606883617,53.153500019107014,1666.0985419875942,109.4447410571276
1777228587,64,GET,point_read,31.100000,0.000000,92,120,130,140,150,160,160,170,180,180,180,2356,0,94,116.9485586225907,53.063334024045616,1747.9571250150912,104.4295415959253
1777228587,64,GET,trips_per_route,2.100000,0.000000,3700,4100,4200,4200,4200,4200,4300,4300,4300,4300,4300,217,0,3800,3899.0054183611687,3206.448499986436,5691.277333011385,1200.3271889400921
1777228587,64,,Aggregated,63.800000,0.000000,100,130,140,150,3600,4800,5200,5300,5500,5500,5500,5105,0,100,691.7360488393086,53.063334024045616,7258.865958021488,55085.96748285994
1777228588,64,GET,bulk_update_departures,3.600000,0.000000,81,88,100,100,130,150,170,170,170,170,170,232,0,92,110.97551146868399,59.08954096958041,522.123750008177,131.48275862068965
1777228588,64,GET,large_scan,5.200000,0.000000,4800,4900,5000,5200,5300,5300,5500,5500,5500,5500,5500,433,0,4900,5025.476112944025,3878.7038329755887,7258.865958021488,652261.0669745959
1777228588,64,GET,next_departures,22.400000,0.000000,93,120,130,130,150,170,190,190,210,210,210,1898,0,94,118.4879015563868,53.153500019107014,1666.0985419875942,109.44467860906217
1777228588,64,GET,point_read,31.200000,0.000000,92,120,130,140,150,160,160,160,180,180,180,2379,0,94,116.75191258076683,53.063334024045616,1747.9571250150912,104.43085329970576
1777228588,64,GET,trips_per_route,2.000000,0.000000,3900,4100,4200,4200,4200,4200,4200,4200,4200,4200,4200,217,0,3800,3899.0054183611687,3206.448499986436,5691.277333011385,1200.3271889400921
1777228588,64,,Aggregated,64.400000,0.000000,98,130,140,150,3600,4800,5000,5300,5500,5500,5500,5159,0,100,688.2156403437754,53.063334024045616,7258.865958021488,54889.74297344447
1777228589,64,GET,bulk_update_departures,3.300000,0.000000,81,88,100,110,130,150,170,170,170,170,170,233,0,92,110.84234958255759,59.08954096958041,522.123750008177,131.48068669527896
1777228589,64,GET,large_scan,5.000000,0.000000,4900,4900,5200,5200,5300,5300,5500,5500,5500,5500,5500,441,0,4900,5025.262256870031,3878.7038329755887,7258.865958021488,652261.0680272109
1777228589,64,GET,next_departures,23.500000,0.000000,96,120,130,130,150,170,190,190,210,210,210,1914,0,94,118.3898400538674,53.153500019107014,1666.0985419875942,109.44461859979101
1777228589,64,GET,point_read,31.200000,0.000000,92,120,130,140,150,160,160,170,200,200,200,2401,0,94,116.62065663129815,53.063334024045616,1747.9571250150912,104.43356934610578
1777228589,64,GET,trips_per_route,2.200000,0.000000,3800,4100,4200,4200,4200,4200,4200,4200,4200,4200,4200,218,0,3800,3898.5823013778636,3206.448499986436,5691.277333011385,1200.3256880733945
1777228589,64,,Aggregated,65.200000,0.000000,100,130,140,150,3600,4800,5000,5300,5500,5500,5500,5207,0,100,691.0816621601003,53.063334024045616,7258.865958021488,55386.91357787594
1777228590,64,GET,bulk_update_departures,3.200000,0.000000,81,84,88,100,130,150,170,170,170,170,170,235,0,92,110.60196646722034,59.08954096958041,522.123750008177,131.47659574468085
1777228590,64,GET,large_scan,4.800000,0.000000,4900,4900,5000,5200,5300,5300,5500,5500,5500,5500,5500,445,0,4900,5023.491463832966,3878.7038329755887,7258.865958021488,652261.0719101124
1777228590,64,GET,next_departures,23.200000,0.000000,96,120,130,140,160,170,190,210,210,210,210,1930,0,94,118.20969092650604,53.153500019107014,1666.0985419875942,109.44611398963731
1777228590,64,GET,point_read,30.600000,0.000000,92,120,130,140,150,160,160,170,200,200,200,2428,0,94,116.44357593270377,53.063334024045616,1747.9571250150912,104.4328665568369
1777228590,64,GET,trips_per_route,2.100000,0.000000,3700,4100,4200,4200,4300,4300,4300,4300,4300,4300,4300,222,0,3800,3897.860287686313,3206.448499986436,5691.277333011385,1200.3333333333333
1777228590,64,,Aggregated,63.900000,0.000000,100,130,140,150,3700,4800,5000,5300,5500,5500,5500,5260,0,100,691.5665120236862,53.063334024045616,7258.865958021488,55326.68098859316
1777228591,64,GET,bulk_update_departures,2.600000,0.000000,81,87,89,100,130,150,170,170,170,170,170,236,0,91,110.51247967283786,59.08954096958041,522.123750008177,131.47881355932202
1777228591,64,GET,large_scan,4.900000,0.000000,4800,4900,5000,5100,5300,5300,5500,5500,5500,5500,5500,452,0,4900,5020.420567541274,3878.7038329755887,7258.865958021488,652261.0796460178
1777228591,64,GET,next_departures,23.300000,0.000000,96,120,130,140,160,170,190,190,210,210,210,1954,0,94,118.11449331846974,53.153500019107014,1666.0985419875942,109.44575230296827
1777228591,64,GET,point_read,30.000000,0.000000,92,120,130,140,150,160,160,160,200,200,200,2453,0,94,116.25324832963182,53.063334024045616,1747.9571250150912,104.43538524256013
1777228591,64,GET,trips_per_route,1.900000,0.000000,3700,3800,4100,4200,4200,4300,4300,4300,4300,4300,4300,226,0,3800,3894.3244306431397,3206.448499986436,5691.277333011385,1200.3407079646017
1777228591,64,,Aggregated,62.700000,0.000000,100,130,140,150,3800,4800,5000,5200,5500,5500,5500,5321,0,100,693.7405189163075,53.063334024045616,7258.865958021488,55552.40575079872
1777228592,64,GET,bulk_update_departures,2.700000,0.000000,83,92,100,100,130,150,170,170,170,170,170,240,0,92,110.22256924916292,59.08954096958041,522.123750008177,131.48333333333332
1777228592,64,GET,large_scan,4.700000,0.000000,4800,4900,5000,5200,5300,5400,5500,5500,5500,5500,5500,458,0,4900,5019.11519556896,3878.7038329755887,7258.865958021488,652261.0851528384
1777228592,64,GET,next_departures,22.400000,0.000000,95,120,130,130,160,170,190,190,210,210,210,1986,0,94,117.75070677461804,53.153500019107014,1666.0985419875942,109.44712990936556
1777228592,64,GET,point_read,29.200000,0.000000,92,120,130,140,150,160,160,190,200,200,200,2479,0,94,116.20969146982901,53.063334024045616,1747.9571250150912,104.43485276321097
1777228592,64,GET,trips_per_route,2.100000,0.000000,3800,4100,4200,4200,4200,4300,4300,4300,4300,4300,4300,231,0,3800,3896.5957773868518,3206.448499986436,5691.277333011385,1200.3419913419914
1777228592,64,,Aggregated,61.100000,0.000000,100,130,140,160,4100,4800,5100,5300,5500,5500,5500,5394,0,100,694.7086632508052,53.063334024045616,7258.865958021488,55528.4886911383
1777228593,64,GET,bulk_update_departures,2.600000,0.000000,84,94,110,120,130,150,170,170,170,170,170,242,0,92,110.31308813162018,59.08954096958041,522.123750008177,131.48347107438016
1777228593,64,GET,large_scan,4.900000,0.000000,4800,4900,5000,5200,5300,5400,5500,5500,5500,5500,5500,463,0,4900,5016.709800189201,3878.7038329755887,7258.865958021488,652261.0885529157
1777228593,64,GET,next_departures,21.900000,0.000000,94,120,130,140,160,170,190,190,210,210,210,2007,0,94,117.57075914969356,53.153500019107014,1666.0985419875942,109.44643746885899
1777228593,64,GET,point_read,28.800000,0.000000,92,110,130,130,150,160,160,190,200,200,200,2514,0,94,115.92928887701089,53.063334024045616,1747.9571250150912,104.43396976929196
1777228593,64,GET,trips_per_route,2.100000,0.000000,3800,4100,4200,4200,4200,4300,4300,4300,4300,4300,4300,233,0,3800,3896.864494070253,3206.448499986436,5691.277333011385,1200.3390557939915
1777228593,64,,Aggregated,60.300000,0.000000,100,130,140,160,4100,4800,5000,5300,5500,5500,5500,5459,0,100,693.3160977805571,53.063334024045616,7258.865958021488,55466.31031324418
1777228594,64,GET,bulk_update_departures,2.800000,0.000000,89,100,120,120,150,170,170,170,170,170,170,248,0,92,110.36525535441356,59.08954096958041,522.123750008177,131.48387096774192
1777228594,64,GET,large_scan,5.300000,0.000000,4800,4900,4900,5200,5300,5400,5500,5500,5500,5500,5500,466,0,4900,5017.817970552775,3878.7038329755887,7258.865958021488,652261.0879828326
1777228594,64,GET,next_departures,23.300000,0.000000,90,110,130,130,150,160,170,170,210,210,210,2029,0,94,117.43375925496271,53.153500019107014,1666.0985419875942,109.4475110892065
1777228594,64,GET,point_read,28.200000,0.000000,89,110,120,130,150,160,160,190,200,200,200,2547,0,94,115.70437554993386,53.063334024045616,1747.9571250150912,104.4350215940322
1777228594,64,GET,trips_per_route,2.500000,0.000000,3800,4100,4200,4200,4200,4300,4300,4300,4300,4300,4300,236,0,3800,3896.507612607635,3206.448499986436,5691.277333011385,1200.343220338983
1777228594,64,,Aggregated,62.100000,0.000000,96,120,140,150,3800,4800,4900,5300,5500,5500,5500,5526,0,100,690.9557901257492,53.063334024045616,7258.865958021488,55149.76854867897
1777228595,64,GET,bulk_update_departures,2.700000,0.000000,94,100,100,120,130,140,170,170,170,170,170,251,0,92,110.22986668098042,59.08954096958041,522.123750008177,131.48605577689244
1777228595,64,GET,large_scan,5.100000,0.000000,4800,4900,5100,5200,5300,5400,5500,5500,5500,5500,5500,470,0,4900,5017.840965747947,3878.7038329755887,7258.865958021488,652261.0872340426
1777228595,64,GET,next_departures,23.900000,0.000000,92,110,130,140,150,160,170,170,180,180,180,2049,0,94,117.35173291140389,53.153500019107014,1666.0985419875942,109.4480234260615
1777228595,64,GET,point_read,27.300000,0.000000,88,110,120,130,150,160,160,190,200,200,200,2576,0,94,115.56683295410559,53.063334024045616,1747.9571250150912,104.43672360248448
1777228595,64,GET,trips_per_route,2.700000,0.000000,3800,4100,4200,4200,4200,4300,4300,4300,4300,4300,4300,238,0,3800,3896.201771673719,3206.448499986436,5691.277333011385,1200.3403361344538
1777228595,64,,Aggregated,61.700000,0.000000,96,130,140,150,3800,4800,4900,5200,5500,5500,5500,5584,0,100,689.7390462969286,53.063334024045616,7258.865958021488,55045.60941977077
1777228596,64,GET,bulk_update_departures,2.400000,0.000000,95,100,120,120,140,160,170,170,170,170,170,253,0,92,110.47145584184058,59.08954096958041,522.123750008177,131.48616600790513
1777228596,64,GET,large_scan,5.000000,0.000000,4800,4900,5100,5200,5300,5400,5500,5500,5500,5500,5500,473,0,4900,5017.793939889204,3878.7038329755887,7258.865958021488,652261.088794926
1777228596,64,GET,next_departures,22.700000,0.000000,92,120,130,140,150,160,170,170,180,180,180,2066,0,94,117.2456171279408,53.153500019107014,1666.0985419875942,109.44724104549854
1777228596,64,GET,point_read,27.600000,0.000000,90,110,120,130,150,160,160,190,200,200,200,2603,0,94,115.43176974481811,53.063334024045616,1747.9571250150912,104.43757203227045
1777228596,64,GET,trips_per_route,2.300000,0.000000,3800,4100,4200,4200,4200,4300,4300,4300,4300,4300,4300,240,0,3800,3898.058769584653,3206.448499986436,5691.277333011385,1200.3458333333333
1777228596,64,,Aggregated,60.000000,0.000000,98,130,140,160,3800,4800,5100,5300,5500,5500,5500,5635,0,100,688.4823883279473,53.063334024045616,7258.865958021488,54895.973913043475
1777228597,64,GET,bulk_update_departures,2.900000,0.000000,96,110,120,120,140,160,170,170,170,170,170,254,0,92,110.37405164968258,59.08954096958041,522.123750008177,131.48818897637796
1777228597,64,GET,large_scan,5.000000,0.000000,4900,4900,5100,5200,5300,5400,5500,5500,5500,5500,5500,478,0,4900,5016.849507463494,3878.7038329755887,7258.865958021488,652261.0941422594
1777228597,64,GET,next_departures,21.900000,0.000000,93,120,130,140,160,160,170,170,180,180,180,2084,0,94,117.1625952630513,53.153500019107014,1666.0985419875942,109.4496161228407
1777228597,64,GET,point_read,27.700000,0.000000,90,110,120,130,150,160,160,190,200,200,200,2620,0,94,115.34727640751703,53.063334024045616,1747.9571250150912,104.43931297709923
1777228597,64,GET,trips_per_route,2.500000,0.000000,3800,4100,4100,4200,4200,4300,4300,4300,4300,4300,4300,243,0,3800,3896.1351877258066,3206.448499986436,5691.277333011385,1200.3539094650205
1777228597,64,,Aggregated,60.000000,0.000000,100,130,150,160,4100,4800,5200,5300,5500,5500,5500,5679,0,100,690.126190706081,53.063334024045616,7258.865958021488,55046.24247226625
1777228598,64,GET,bulk_update_departures,2.600000,0.000000,100,110,120,120,140,160,170,170,170,170,170,254,0,92,110.37405164968258,59.08954096958041,522.123750008177,131.48818897637796
1777228598,64,GET,large_scan,4.600000,0.000000,4900,4900,5100,5200,5300,5300,5500,5500,5500,5500,5500,485,0,4900,5015.252425910583,3878.7038329755887,7258.865958021488,652261.0989690722
1777228598,64,GET,next_departures,21.400000,0.000000,95,120,140,140,160,160,170,180,180,180,180,2105,0,94,117.17729684617481,53.153500019107014,1666.0985419875942,109.44845605700712
1777228598,64,GET,point_read,27.400000,0.000000,90,110,130,130,150,160,170,190,190,190,190,2656,0,94,115.19553761133126,53.063334024045616,1747.9571250150912,104.4378765060241
1777228598,64,GET,trips_per_route,2.600000,0.000000,3800,4100,4100,4200,4200,4300,4300,4300,4300,4300,4300,247,0,3800,3894.741904997476,3206.448499986436,5691.277333011385,1200.3603238866397
1777228598,64,,Aggregated,58.600000,0.000000,100,130,150,160,4100,4800,5200,5200,5500,5500,5500,5747,0,100,691.6741332829167,53.063334024045616,7258.865958021488,55191.28171219767
1777228599,64,GET,bulk_update_departures,2.600000,0.000000,100,120,120,130,140,160,170,170,170,170,170,259,0,92,110.14287996116637,59.08954096958041,522.123750008177,131.48262548262548
1777228599,64,GET,large_scan,4.500000,0.000000,4900,5000,5200,5200,5300,5400,5500,5500,5500,5500,5500,489,0,4900,5014.326599657732,3878.7038329755887,7258.865958021488,652261.1022494887
1777228599,64,GET,next_departures,21.000000,0.000000,95,120,130,140,160,160,170,180,180,180,180,2131,0,94,117.0447212299756,53.153500019107014,1666.0985419875942,109.44955419990615
1777228599,64,GET,point_read,26.300000,0.000000,91,100,120,130,150,160,170,190,190,190,190,2687,0,93,114.99530173752181,53.063334024045616,1747.9571250150912,104.43468552288797
1777228599,64,GET,trips_per_route,2.600000,0.000000,3800,3800,4100,4100,4200,4200,4300,4300,4300,4300,4300,251,0,3800,3891.3442742049815,3206.448499986436,5691.277333011385,1200.3585657370518
1777228599,64,,Aggregated,57.000000,0.000000,100,130,140,160,3800,4800,5200,5300,5500,5500,5500,5817,0,100,690.334330871209,53.063334024045616,7258.865958021488,54977.63039367372
1777228600,64,GET,bulk_update_departures,2.300000,0.000000,100,120,120,130,140,160,170,170,170,170,170,261,0,93,110.08669106112222,59.08954096958041,522.123750008177,131.48275862068965
1777228600,64,GET,large_scan,5.200000,0.000000,4900,5200,5200,5200,5300,5400,5500,5500,5500,5500,5500,497,0,4900,5014.927601405669,3878.7038329755887,7258.865958021488,652261.1046277666
1777228600,64,GET,next_departures,20.900000,0.000000,95,120,130,140,150,160,170,180,180,180,180,2158,0,94,116.81184350044995,53.153500019107014,1666.0985419875942,109.44902687673772
1777228600,64,GET,point_read,27.000000,0.000000,90,100,120,130,150,160,170,190,190,190,190,2717,0,93,114.74448968667501,53.063334024045616,1747.9571250150912,104.43577475156422
1777228600,64,GET,trips_per_route,3.000000,0.000000,3800,4100,4100,4100,4200,4200,4200,4200,4200,4200,4200,251,0,3800,3891.3442742049815,3206.448499986436,5691.277333011385,1200.3585657370518
1777228600,64,,Aggregated,58.400000,0.000000,100,130,140,150,3800,4800,5200,5300,5500,5500,5500,5884,0,100,690.2990812106879,53.063334024045616,7258.865958021488,55239.51716519375
1777228601,64,GET,bulk_update_departures,2.700000,0.000000,100,120,120,140,140,160,170,170,170,170,170,264,0,92,109.98431152256671,59.08954096958041,522.123750008177,131.4848484848485
1777228601,64,GET,large_scan,4.800000,0.000000,4900,5100,5200,5200,5300,5400,5500,5500,5500,5500,5500,501,0,4900,5013.39439567185,3878.7038329755887,7258.865958021488,652261.1097804392
1777228601,64,GET,next_departures,21.200000,0.000000,97,120,130,140,150,160,170,170,180,180,180,2183,0,94,116.6577096802116,53.153500019107014,1666.0985419875942,109.4493815849748
1777228601,64,GET,point_read,28.900000,0.000000,89,100,120,130,150,160,170,180,190,190,190,2746,0,93,114.60419239321837,53.063334024045616,1747.9571250150912,104.43554260742899
1777228601,64,GET,trips_per_route,3.100000,0.000000,3800,3800,4100,4100,4100,4200,4200,4200,4200,4200,4200,253,0,3800,3890.753686562891,3206.448499986436,5691.277333011385,1200.3596837944665
1777228601,64,,Aggregated,60.700000,0.000000,98,130,140,150,3700,4800,5200,5300,5500,5500,5500,5947,0,100,688.4940349281395,53.063334024045616,7258.865958021488,55094.48915419539
1777228602,64,GET,bulk_update_departures,2.600000,0.000000,100,120,120,130,140,160,170,170,170,170,170,267,0,92,109.57921844948962,59.08954096958041,522.123750008177,131.4868913857678
1777228602,64,GET,large_scan,5.000000,0.000000,4900,5100,5200,5200,5300,5400,5500,5500,5500,5500,5500,505,0,4900,5012.363917537789,3878.7038329755887,7258.865958021488,652261.1089108911
1777228602,64,GET,next_departures,22.800000,0.000000,99,120,130,140,150,160,170,170,180,180,180,2207,0,94,116.50343185723123,53.153500019107014,1666.0985419875942,109.45174444947894
1777228602,64,GET,point_read,28.800000,0.000000,89,100,130,130,150,160,170,180,190,190,190,2770,0,93,114.50859304185073,53.063334024045616,1747.9571250150912,104.4361010830325
1777228602,64,GET,trips_per_route,3.000000,0.000000,3800,3800,3800,4100,4100,4100,4200,4200,4200,4200,4200,255,0,3800,3888.491040495836,3206.448499986436,5691.277333011385,1200.3647058823528
1777228602,64,,Aggregated,62.200000,0.000000,100,130,140,150,3700,4900,5200,5300,5500,5500,5500,6004,0,100,687.2715725922504,53.063334024045616,7258.865958021488,55007.31312458361
1777228603,64,GET,bulk_update_departures,2.800000,0.000000,100,110,120,120,140,140,160,160,160,160,160,270,0,92,109.61550738537443,59.08954096958041,522.123750008177,131.4925925925926
1777228603,64,GET,large_scan,5.000000,0.000000,4900,5100,5200,5200,5300,5400,5500,5500,5500,5500,5500,508,0,4900,5009.886771290404,3878.7038329755887,7258.865958021488,652261.1122047245
1777228603,64,GET,next_departures,23.100000,0.000000,100,120,130,140,150,160,170,170,180,180,180,2224,0,94,116.4259972203267,53.153500019107014,1666.0985419875942,109.4523381294964
1777228603,64,GET,point_read,29.100000,0.000000,90,110,130,130,150,160,170,180,190,190,190,2802,0,93,114.27419764766431,53.063334024045616,1747.9571250150912,104.43504639543184
1777228603,64,GET,trips_per_route,2.700000,0.000000,3800,3800,4100,4100,4100,4200,4200,4200,4200,4200,4200,255,0,3800,3888.491040495836,3206.448499986436,5691.277333011385,1200.3647058823528
1777228603,64,,Aggregated,62.700000,0.000000,100,130,140,150,3700,4800,5200,5300,5500,5500,5500,6059,0,100,684.1577160856208,53.063334024045616,7258.865958021488,54831.868295098204
1777228604,64,GET,bulk_update_departures,2.700000,0.000000,93,100,110,120,140,140,160,160,160,160,160,275,0,92,109.15364937856793,59.08954096958041,522.123750008177,131.4909090909091
1777228604,64,GET,large_scan,4.500000,0.000000,4900,4900,5100,5200,5300,5400,5500,5500,5500,5500,5500,516,0,4900,5006.968062382634,3878.7038329755887,7258.865958021488,652261.1065891472
1777228604,64,GET,next_departures,22.100000,0.000000,100,120,130,140,150,160,170,180,180,180,180,2241,0,95,116.36179688441996,53.153500019107014,1666.0985419875942,109.45113788487282
1777228604,64,GET,point_read,29.100000,0.000000,90,110,130,130,150,160,170,180,190,190,190,2831,0,93,114.17938938603467,53.063334024045616,1747.9571250150912,104.43518191451784
1777228604,64,GET,trips_per_route,2.400000,0.000000,3700,3800,3800,3800,4100,4100,4100,4100,4100,4100,4100,260,0,3800,3883.3811230518713,3206.448499986436,5691.277333011385,1200.373076923077
1777228604,64,,Aggregated,60.800000,0.000000,100,130,140,150,3800,4800,5100,5300,5500,5500,5500,6123,0,100,687.1305738905572,53.063334024045616,7258.865958021488,55112.84076433121
1777228605,64,GET,bulk_update_departures,2.900000,0.000000,91,100,110,120,140,140,160,160,160,160,160,282,0,92,108.80064611704624,59.08954096958041,522.123750008177,131.48581560283688
1777228605,64,GET,large_scan,4.800000,0.000000,4900,5000,5200,5200,5300,5400,5500,5500,5500,5500,5500,522,0,4900,5008.574069648226,3878.7038329755887,7258.865958021488,652261.1053639847
1777228605,64,GET,next_departures,21.500000,0.000000,99,120,130,140,150,160,160,170,180,180,180,2266,0,95,116.2154891641522,53.153500019107014,1666.0985419875942,109.45057369814651
1777228605,64,GET,point_read,29.300000,0.000000,90,110,130,130,150,160,170,180,190,190,190,2857,0,93,114.01880541192511,53.063334024045616,1747.9571250150912,104.43542177108856
1777228605,64,GET,trips_per_route,2.200000,0.000000,3700,3700,3800,3800,3800,3800,4100,4100,4100,4100,4100,262,0,3800,3881.894279872325,3206.448499986436,5691.277333011385,1200.3778625954199
1777228605,64,,Aggregated,60.700000,0.000000,100,130,140,150,3700,4900,5200,5300,5500,5500,5500,6189,0,100,686.9138428495345,53.063334024045616,7258.865958021488,55158.872515753756
1777228606,64,GET,bulk_update_departures,3.100000,0.000000,91,100,110,120,140,140,160,160,160,160,160,282,0,92,108.80064611704624,59.08954096958041,522.123750008177,131.48581560283688
1777228606,64,GET,large_scan,4.900000,0.000000,4900,5000,5200,5200,5400,5400,5400,5500,5500,5500,5500,533,0,4900,5008.1529133460845,3878.7038329755887,7258.865958021488,652261.1144465291
1777228606,64,GET,next_departures,21.500000,0.000000,100,120,130,140,150,160,160,180,180,180,180,2289,0,95,116.17985052993325,53.153500019107014,1666.0985419875942,109.4525993883792
1777228606,64,GET,point_read,28.500000,0.000000,89,110,130,130,150,160,180,180,190,190,190,2888,0,93,113.88437301550935,53.063334024045616,1747.9571250150912,104.43698060941828
1777228606,64,GET,trips_per_route,2.400000,0.000000,3700,3700,3800,3800,3800,4100,4100,4100,4100,4100,4100,263,0,3800,3879.1624949069806,3163.4348339866847,5691.277333011385,1200.3764258555134
1777228606,64,,Aggregated,60.400000,0.000000,100,130,140,150,3900,4900,5200,5400,5500,5500,5500,6255,0,100,689.8610341024485,53.063334024045616,7258.865958021488,55725.036450839325
1777228607,64,GET,bulk_update_departures,3.100000,0.000000,91,100,110,120,140,140,170,170,170,170,170,283,0,92,109.01172952306895,59.08954096958041,522.123750008177,131.4876325088339
1777228607,64,GET,large_scan,5.200000,0.000000,4900,5000,5200,5200,5400,5400,5500,5500,5500,5500,5500,535,0,4900,5007.285957206497,3878.7038329755887,7258.865958021488,652261.1140186916
1777228607,64,GET,next_departures,21.700000,0.000000,98,110,130,130,150,160,160,170,180,180,180,2315,0,95,115.96689850062265,53.153500019107014,1666.0985419875942,109.4501079913607
1777228607,64,GET,point_read,28.000000,0.000000,89,110,130,140,150,160,170,180,190,190,190,2909,0,93,113.79807518963052,53.063334024045616,1747.9571250150912,104.43726366448952
1777228607,64,GET,trips_per_route,2.400000,0.000000,3700,3700,3800,3800,3800,4100,4100,4100,4100,4100,4100,266,0,3800,3878.7066868516877,3163.4348339866847,5691.277333011385,1200.3834586466166
1777228607,64,,Aggregated,60.400000,0.000000,100,130,140,150,3700,4800,5200,5400,5500,5500,5500,6308,0,100,688.1715688044762,53.063334024045616,7258.865958021488,55465.02758402029
1777228608,64,GET,bulk_update_departures,3.000000,0.000000,91,100,110,110,140,140,170,170,170,170,170,286,0,92,108.76980258055826,59.08954096958041,522.123750008177,131.48951048951048
1777228608,64,GET,large_scan,5.300000,0.000000,4900,5000,5100,5200,5400,5400,5500,5500,5500,5500,5500,537,0,4900,5006.549580270916,3878.7038329755887,7258.865958021488,652261.1154562384
1777228608,64,GET,next_departures,22.200000,0.000000,98,110,120,130,150,160,160,170,180,180,180,2337,0,95,115.81975250780083,53.153500019107014,1666.0985419875942,109.45014976465554
1777228608,64,GET,point_read,28.500000,0.000000,88,110,130,130,150,160,170,180,190,190,190,2936,0,93,113.74771814641961,53.063334024045616,1747.9571250150912,104.43732970027249
1777228608,64,GET,trips_per_route,2.300000,0.000000,3700,3700,3800,3800,4100,4200,4200,4200,4200,4200,4200,269,0,3800,3878.4918114703087,3163.4348339866847,5691.277333011385,1200.3903345724907
1777228608,64,,Aggregated,61.300000,0.000000,100,130,140,150,3700,4800,5200,5400,5500,5500,5500,6365,0,100,686.1859619037953,53.063334024045616,7258.865958021488,55174.72788688138
1777228609,64,GET,bulk_update_departures,2.800000,0.000000,91,100,110,110,140,140,170,170,170,170,170,288,0,92,108.67324174311459,59.08954096958041,522.123750008177,131.48958333333334
1777228609,64,GET,large_scan,5.900000,0.000000,4900,5000,5100,5200,5400,5400,5400,5400,5400,5400,5400,540,0,4900,5006.550124115677,3878.7038329755887,7258.865958021488,652261.1185185185
1777228609,64,GET,next_departures,22.700000,0.000000,98,110,120,130,140,160,160,170,180,180,180,2349,0,95,115.6375168086945,53.153500019107014,1666.0985419875942,109.44997871434653
1777228609,64,GET,point_read,28.400000,0.000000,87,110,130,140,150,160,170,180,190,190,190,2962,0,93,113.5612624557233,53.063334024045616,1747.9571250150912,104.43686698176907
1777228609,64,GET,trips_per_route,2.000000,0.000000,3700,3800,3800,4100,4100,4200,4200,4200,4200,4200,4200,274,0,3800,3879.636728837636,3163.4348339866847,5691.277333011385,1200.3941605839416
1777228609,64,,Aggregated,61.800000,0.000000,100,130,140,150,3800,4800,5100,5300,5400,5400,5400,6413,0,100,687.0195557030211,53.063334024045616,7258.865958021488,55068.48916263839
1777228610,64,GET,bulk_update_departures,3.200000,0.000000,84,100,100,110,120,140,170,170,170,170,170,289,0,92,108.50654093441506,59.08954096958041,522.123750008177,131.4878892733564
1777228610,64,GET,large_scan,5.100000,0.000000,4900,5000,5100,5200,5400,5400,5400,5400,5400,5400,5400,541,0,4900,5006.913852705121,3878.7038329755887,7258.865958021488,652261.1182994455
1777228610,64,GET,next_departures,22.800000,0.000000,93,110,120,130,150,160,160,170,180,180,180,2371,0,94,115.35193614837176,53.153500019107014,1666.0985419875942,109.45128637705609
1777228610,64,GET,point_read,28.300000,0.000000,87,110,130,130,150,160,170,180,190,190,190,2982,0,93,113.42054235707252,53.063334024045616,1747.9571250150912,104.43594902749832
1777228610,64,GET,trips_per_route,2.000000,0.000000,3700,3700,4100,4100,4200,4200,4300,4300,4300,4300,4300,277,0,3800,3879.7641034676803,3163.4348339866847,5691.277333011385,1200.3971119133573
1777228610,64,,Aggregated,61.400000,0.000000,98,120,140,150,3700,4800,5100,5300,5400,5400,5400,6460,0,100,685.2187212415861,53.063334024045616,7258.865958021488,54770.079256965946
1777228611,64,GET,bulk_update_departures,2.900000,0.000000,86,100,100,110,120,140,170,170,170,170,170,291,0,92,108.29347435763438,59.08954096958041,522.123750008177,131.4914089347079
1777228611,64,GET,large_scan,5.100000,0.000000,4900,5000,5200,5300,5400,5400,5500,5500,5500,5500,5500,552,0,4900,5008.068772306918,3878.7038329755887,7258.865958021488,652261.1268115942
1777228611,64,GET,next_departures,22.100000,0.000000,90,110,120,130,150,160,170,180,180,180,180,2394,0,94,115.25636199072922,53.153500019107014,1666.0985419875942,109.4486215538847
1777228611,64,GET,point_read,27.300000,0.000000,87,110,120,130,150,160,170,180,190,190,190,2998,0,93,113.3337811100296,53.063334024045616,1747.9571250150912,104.43695797198131
1777228611,64,GET,trips_per_route,2.300000,0.000000,3700,3800,4100,4100,4200,4200,4300,4300,4300,4300,4300,281,0,3800,3877.016552617886,3159.4391660182737,5691.277333011385,1200.4021352313168
1777228611,64,,Aggregated,59.700000,0.000000,98,120,140,150,4100,4800,5200,5400,5500,5500,5500,6516,0,100,690.7776889212386,53.063334024045616,7258.865958021488,55401.90930018416
1777228612,64,GET,bulk_update_departures,2.700000,0.000000,84,95,100,100,120,160,170,170,170,170,170,296,0,92,108.00608529058769,59.08954096958041,522.123750008177,131.49324324324326
1777228612,64,GET,large_scan,4.600000,0.000000,4900,5100,5300,5300,5400,5400,5500,5500,5500,5500,5500,555,0,4900,5008.549147561037,3878.7038329755887,7258.865958021488,652261.1279279279
1777228612,64,GET,next_departures,21.400000,0.000000,90,110,120,130,150,160,170,180,180,180,180,2416,0,94,115.12485014020588,53.153500019107014,1666.0985419875942,109.44867549668874
1777228612,64,GET,point_read,26.700000,0.000000,85,110,120,130,150,160,170,180,190,190,190,3029,0,93,113.10490660282767,53.063334024045616,1747.9571250150912,104.43578738857708
1777228612,64,GET,trips_per_route,2.500000,0.000000,3700,3800,4100,4100,4200,4200,4300,4300,4300,4300,4300,284,0,3800,3876.594193639442,3159.4391660182737,5691.277333011385,1200.4049295774648
1777228612,64,,Aggregated,57.900000,0.000000,96,120,150,160,4100,4800,5300,5400,5500,5500,5500,6580,0,100,688.9671320934177,53.063334024045616,7258.865958021488,55161.934194528876
1777228613,64,GET,bulk_update_departures,2.700000,0.000000,84,95,100,100,120,160,170,170,170,170,170,296,0,92,108.00608529058769,59.08954096958041,522.123750008177,131.49324324324326
1777228613,64,GET,large_scan,4.700000,0.000000,4900,5200,5300,5300,5400,5400,5500,5500,5500,5500,5500,559,0,4900,5007.896126379873,3878.7038329755887,7258.865958021488,652261.1305903399
1777228613,64,GET,next_departures,20.800000,0.000000,92,110,120,130,150,160,170,180,180,180,180,2432,0,94,115.12921942752847,53.153500019107014,1666.0985419875942,109.44777960526316
1777228613,64,GET,point_read,25.400000,0.000000,89,110,130,130,150,160,170,180,190,190,190,3061,0,93,113.02524006870986,53.063334024045616,1747.9571250150912,104.43580529238811
1777228613,64,GET,trips_per_route,2.700000,0.000000,3700,3800,4100,4100,4200,4200,4300,4300,4300,4300,4300,287,0,3800,3875.732411416888,3159.4391660182737,5691.277333011385,1200.4006968641115
1777228613,64,,Aggregated,56.300000,0.000000,100,130,150,160,4100,4900,5300,5400,5500,5500,5500,6635,0,100,688.7239577192274,53.063334024045616,7258.865958021488,55099.210851544834
1777228614,64,GET,bulk_update_departures,2.900000,0.000000,84,94,100,100,160,170,170,170,170,170,170,296,0,92,108.00608529058769,59.08954096958041,522.123750008177,131.49324324324326
1777228614,64,GET,large_scan,5.200000,0.000000,4900,5200,5300,5300,5400,5400,5500,5500,5500,5500,5500,567,0,4900,5005.405560515577,3878.7038329755887,7258.865958021488,652261.139329806
1777228614,64,GET,next_departures,21.000000,0.000000,91,110,120,140,150,160,180,180,180,180,180,2450,0,94,115.12969179497081,53.153500019107014,1666.0985419875942,109.44897959183673
1777228614,64,GET,point_read,26.100000,0.000000,90,110,130,130,150,160,170,170,190,190,190,3085,0,93,112.98922680147035,53.063334024045616,1747.9571250150912,104.43695299837925
1777228614,64,GET,trips_per_route,2.900000,0.000000,3700,3800,4100,4100,4200,4200,4300,4300,4300,4300,4300,291,0,3800,3874.9989133527824,3159.4391660182737,5691.277333011385,1200.3780068728522
1777228614,64,,Aggregated,58.100000,0.000000,100,130,150,160,4100,4800,5300,5400,5500,5500,5500,6689,0,100,691.9268870420414,53.063334024045616,7258.865958021488,55435.88518463149
1777228615,64,GET,bulk_update_departures,2.600000,0.000000,81,86,95,100,160,170,170,170,170,170,170,299,0,92,107.7065827588965,59.08954096958041,522.123750008177,131.49163879598663
1777228615,64,GET,large_scan,4.800000,0.000000,4800,5200,5300,5300,5400,5400,5500,5500,5500,5500,5500,570,0,4900,5005.363371749735,3878.7038329755887,7258.865958021488,652261.1385964912
1777228615,64,GET,next_departures,20.900000,0.000000,90,110,120,140,150,160,180,180,180,180,180,2469,0,94,114.93273687998942,53.153500019107014,1666.0985419875942,109.44835965978129
1777228615,64,GET,point_read,26.300000,0.000000,89,110,130,130,150,160,170,170,190,190,190,3105,0,93,112.86287391833862,53.063334024045616,1747.9571250150912,104.43832528180354
1777228615,64,GET,trips_per_route,3.100000,0.000000,3700,3800,4100,4100,4200,4200,4300,4300,4300,4300,4300,292,0,3800,3874.4940365090956,3159.4391660182737,5691.277333011385,1200.3801369863013
1777228615,64,,Aggregated,57.700000,0.000000,100,130,150,160,4100,4800,5300,5400,5500,5500,5500,6735,0,100,690.5451818375714,53.063334024045616,7258.865958021488,55348.65404602821
1777228616,64,GET,bulk_update_departures,2.100000,0.000000,82,92,95,100,160,170,170,170,170,170,170,301,0,92,107.69828791309308,59.08954096958041,522.123750008177,131.49501661129568
1777228616,64,GET,large_scan,5.100000,0.000000,4900,5200,5300,5300,5400,5500,5500,5500,5500,5500,5500,573,0,4900,5005.852607587075,3878.7038329755887,7258.865958021488,652261.1396160559
1777228616,64,GET,next_departures,21.300000,0.000000,88,110,120,140,150,160,170,180,180,180,180,2482,0,94,114.88976444631885,53.153500019107014,1666.0985419875942,109.44963738920225
1777228616,64,GET,point_read,25.100000,0.000000,89,110,130,130,150,160,170,170,190,190,190,3130,0,93,112.77641285152826,53.063334024045616,1747.9571250150912,104.43929712460064
1777228616,64,GET,trips_per_route,3.100000,0.000000,3700,3800,4100,4100,4200,4200,4300,4300,4300,4300,4300,296,0,3800,3872.867637650956,3159.4391660182737,5691.277333011385,1200.3851351351352
1777228616,64,,Aggregated,56.700000,0.000000,100,130,140,160,3800,4800,5300,5400,5500,5500,5500,6782,0,100,690.8413620075136,53.063334024045616,7258.865958021488,55254.95075199056
1777228617,64,GET,bulk_update_departures,1.600000,0.000000,81,86,94,94,120,160,160,160,160,160,160,302,0,92,107.59922363182424,59.08954096958041,522.123750008177,131.49668874172184
1777228617,64,GET,large_scan,4.800000,0.000000,4800,5200,5300,5300,5400,5400,5500,5500,5500,5500,5500,580,0,4900,5003.565598386822,3878.7038329755887,7258.865958021488,652261.1431034483
1777228617,64,GET,next_departures,20.400000,0.000000,88,110,130,140,160,160,170,180,180,180,180,2496,0,94,114.84100882325248,53.153500019107014,1666.0985419875942,109.44991987179488
1777228617,64,GET,point_read,25.300000,0.000000,89,110,130,130,150,150,170,170,190,190,190,3147,0,93,112.71005476654626,53.063334024045616,1747.9571250150912,104.43978392119479
1777228617,64,GET,trips_per_route,3.100000,0.000000,3800,3800,4100,4100,4200,4200,4300,4300,4300,4300,4300,303,0,3800,3872.7332601541184,3159.4391660182737,5691.277333011385,1200.3927392739274
1777228617,64,,Aggregated,55.200000,0.000000,100,130,150,160,4200,4800,5300,5400,5500,5500,5500,6828,0,100,695.5686717634761,53.063334024045616,7258.865958021488,55553.12727006444
1777228618,64,GET,bulk_update_departures,1.800000,0.000000,81,86,94,95,130,160,160,160,160,160,160,304,0,92,107.50409126922023,59.08954096958041,522.123750008177,131.48684210526315
1777228618,64,GET,large_scan,4.800000,0.000000,4800,5200,5300,5300,5400,5400,5500,5500,5500,5500,5500,586,0,4900,5001.224270090957,3878.7038329755887,7258.865958021488,652261.1467576792
1777228618,64,GET,next_departures,19.700000,0.000000,88,110,130,140,150,160,170,180,180,180,180,2517,0,94,114.7131801171326,53.153500019107014,1666.0985419875942,109.4513309495431
1777228618,64,GET,point_read,24.100000,0.000000,89,110,130,130,140,150,160,170,190,190,190,3169,0,93,112.63690185336762,53.063334024045616,1747.9571250150912,104.43957084253708
1777228618,64,GET,trips_per_route,3.200000,0.000000,3700,3800,4100,4100,4200,4200,4300,4300,4300,4300,4300,306,0,3800,3871.806246845403,3159.4391660182737,5691.277333011385,1200.3725490196077
1777228618,64,,Aggregated,53.600000,0.000000,100,130,150,160,4200,4800,5300,5400,5500,5500,5500,6882,0,100,696.5781449988334,53.063334024045616,7258.865958021488,55687.122348154604
1777228619,64,GET,bulk_update_departures,2.000000,0.000000,79,82,92,120,150,160,160,160,160,160,160,306,0,92,107.48478648000932,59.08954096958041,522.123750008177,131.48366013071896
1777228619,64,GET,large_scan,4.300000,0.000000,4800,5200,5300,5300,5400,5400,5500,5500,5500,5500,5500,589,0,4900,5002.29293431963,3878.7038329755887,7258.865958021488,652261.1443123939
1777228619,64,GET,next_departures,18.200000,0.000000,92,120,130,140,160,160,170,180,180,180,180,2533,0,94,114.68331975516952,53.153500019107014,1666.0985419875942,109.45124358468219
1777228619,64,GET,point_read,23.800000,0.000000,88,110,120,130,140,150,160,170,190,190,190,3188,0,92,112.43643124379396,53.063334024045616,1747.9571250150912,104.43946047678796
1777228619,64,GET,trips_per_route,3.500000,0.000000,3700,3800,4000,4100,4200,4200,4300,4300,4300,4300,4300,307,0,3800,3871.619447859092,3159.4391660182737,5691.277333011385,1200.3745928338762
1777228619,64,,Aggregated,51.800000,0.000000,100,130,150,160,4300,4800,5300,5400,5500,5500,5500,6923,0,100,695.7631438993117,53.063334024045616,7258.865958021488,55640.72743030478
1777228620,64,GET,bulk_update_departures,1.700000,0.000000,81,87,120,130,150,160,160,160,160,160,160,309,0,92,107.35909437834553,59.08954096958041,522.123750008177,131.4822006472492
1777228620,64,GET,large_scan,4.900000,0.000000,4900,5200,5300,5300,5300,5400,5500,5500,5500,5500,5500,597,0,4900,5003.496907072467,3878.7038329755887,7258.865958021488,652261.1457286432
1777228620,64,GET,next_departures,17.600000,0.000000,93,120,130,140,150,160,170,180,180,180,180,2547,0,94,114.59293040077351,53.153500019107014,1666.0985419875942,109.45151158225363
1777228620,64,GET,point_read,23.200000,0.000000,88,110,130,130,150,150,160,170,190,190,190,3210,0,92,112.40708167578393,53.063334024045616,1747.9571250150912,104.43862928348909
1777228620,64,GET,trips_per_route,3.800000,0.000000,3700,3800,4000,4100,4200,4200,4300,4300,4300,4300,4300,310,0,3800,3871.8084749797613,3159.4391660182737,5691.277333011385,1200.374193548387
1777228620,64,,Aggregated,51.200000,0.000000,100,130,150,160,4600,4900,5300,5300,5500,5500,5500,6973,0,100,698.869520556278,53.063334024045616,7258.865958021488,55991.20450308332
1777228621,64,GET,bulk_update_departures,1.800000,0.000000,81,87,120,130,150,170,170,170,170,170,170,313,0,91,107.2350814568471,59.08954096958041,522.123750008177,131.47923322683707
1777228621,64,GET,large_scan,4.900000,0.000000,4800,5200,5200,5300,5300,5400,5400,5400,5400,5400,5400,605,0,4900,5000.745271524407,3878.7038329755887,7258.865958021488,652261.1520661158
1777228621,64,GET,next_departures,18.100000,0.000000,92,120,130,140,160,170,170,180,180,180,180,2573,0,94,114.52714078269231,53.153500019107014,1666.0985419875942,109.45239020598522
1777228621,64,GET,point_read,22.300000,0.000000,92,110,130,140,150,150,170,180,210,210,210,3237,0,93,112.38286008444165,53.063334024045616,1747.9571250150912,104.43867778807538
1777228621,64,GET,trips_per_route,3.400000,0.000000,3700,3800,3800,4000,4200,4200,4300,4300,4300,4300,4300,314,0,3800,3870.395445973749,3159.4391660182737,5691.277333011385,1200.3726114649683
1777228621,64,,Aggregated,50.500000,0.000000,110,140,150,170,4600,4900,5300,5300,5400,5400,5400,7042,0,100,700.4801606264145,53.063334024045616,7258.865958021488,56185.14001704061
1777228622,64,GET,bulk_update_departures,2.000000,0.000000,82,92,120,120,130,150,170,170,170,170,170,318,0,91,107.01678379229416,59.08954096958041,522.123750008177,131.48427672955975
1777228622,64,GET,large_scan,5.600000,0.000000,4800,5000,5200,5300,5300,5400,5400,5400,5400,5400,5400,609,0,4900,5000.534370862527,3878.7038329755887,7258.865958021488,652261.144499179
1777228622,64,GET,next_departures,17.700000,0.000000,90,120,130,140,150,160,170,170,180,180,180,2591,0,94,114.37832908104603,53.153500019107014,1666.0985419875942,109.45079120030876
1777228622,64,GET,point_read,22.300000,0.000000,91,110,130,130,150,150,160,170,210,210,210,3274,0,92,112.1774991504093,53.063334024045616,1747.9571250150912,104.43799633475871
1777228622,64,GET,trips_per_route,3.200000,0.000000,3700,3800,3800,3800,4100,4200,4300,4300,4300,4300,4300,317,0,3800,3868.8760559707703,3159.4391660182737,5691.277333011385,1200.3753943217666
1777228622,64,,Aggregated,50.800000,0.000000,100,130,150,160,4700,4900,5300,5300,5400,5400,5400,7109,0,100,699.0313492349675,53.063334024045616,7258.865958021488,56024.037839358556
1777228623,64,GET,bulk_update_departures,2.200000,0.000000,85,100,120,130,150,170,170,170,170,170,170,323,0,92,107.18069116414839,59.08954096958041,522.123750008177,131.4829721362229
1777228623,64,GET,large_scan,5.600000,0.000000,4800,5200,5200,5300,5400,5400,5400,5400,5400,5400,5400,615,0,4900,5000.32864840847,3878.7038329755887,7258.865958021488,652261.1463414634
1777228623,64,GET,next_departures,18.000000,0.000000,90,110,130,130,150,160,170,170,180,180,180,2619,0,94,114.27279438112879,53.153500019107014,1666.0985419875942,109.45093547155403
1777228623,64,GET,point_read,23.400000,0.000000,91,110,120,130,140,150,160,170,210,210,210,3308,0,92,112.0598889466823,53.063334024045616,1747.9571250150912,104.43621523579202
1777228623,64,GET,trips_per_route,3.300000,0.000000,3700,3800,3800,4000,4200,4200,4300,4300,4300,4300,4300,319,0,3800,3869.3108935225505,3159.4391660182737,5691.277333011385,1200.373040752351
1777228623,64,,Aggregated,52.500000,0.000000,100,130,140,160,4200,4800,5300,5300,5400,5400,5400,7184,0,100,697.9546517498214,53.063334024045616,7258.865958021488,55985.26169265033
1777228624,64,GET,bulk_update_departures,2.100000,0.000000,87,100,120,130,170,170,170,170,170,170,170,326,0,92,107.28461808593589,59.08954096958041,522.123750008177,131.48466257668713
1777228624,64,GET,large_scan,5.300000,0.000000,4900,5200,5200,5300,5400,5400,5400,5400,5400,5400,5400,619,0,4900,4999.52843911669,3878.7038329755887,7258.865958021488,652261.1486268174
1777228624,64,GET,next_departures,17.500000,0.000000,93,110,130,140,150,160,170,170,180,180,180,2642,0,94,114.21407610381125,53.153500019107014,1666.0985419875942,109.44965934897805
1777228624,64,GET,point_read,24.400000,0.000000,91,110,120,130,140,150,160,170,210,210,210,3339,0,92,111.88729845865859,53.063334024045616,1747.9571250150912,104.43486073674752
1777228624,64,GET,trips_per_route,3.300000,0.000000,3700,3800,3800,4000,4200,4200,4300,4300,4300,4300,4300,319,0,3800,3869.3108935225505,3159.4391660182737,5691.277333011385,1200.373040752351
1777228624,64,,Aggregated,52.600000,0.000000,100,130,140,150,4100,4800,5300,5300,5400,5400,5400,7245,0,100,695.5608478899455,53.063334024045616,7258.865958021488,55874.85272601794
1777228625,64,GET,bulk_update_departures,2.600000,0.000000,100,120,130,130,160,170,170,170,170,170,170,333,0,92,107.44879466069683,59.08954096958041,522.123750008177,131.4834834834835
1777228625,64,GET,large_scan,5.800000,0.000000,4900,5200,5200,5300,5400,5400,5500,5500,5500,5500,5500,623,0,4900,5000.2518617932055,3878.7038329755887,7258.865958021488,652261.1476725521
1777228625,64,GET,next_departures,18.900000,0.000000,95,120,130,140,150,160,170,170,180,180,180,2663,0,94,114.11465106130579,53.153500019107014,1666.0985419875942,109.44874202027788
1777228625,64,GET,point_read,24.500000,0.000000,92,110,120,130,140,160,170,180,210,210,210,3359,0,93,111.913451973077,53.063334024045616,1747.9571250150912,104.43495087823757
1777228625,64,GET,trips_per_route,3.300000,0.000000,3800,3800,4000,4000,4200,4300,4300,4300,4300,4300,4300,321,0,3800,3868.411808257641,3159.4391660182737,5691.277333011385,1200.3738317757009
1777228625,64,,Aggregated,55.100000,0.000000,100,130,140,160,4100,4800,5200,5300,5500,5500,5500,7299,0,100,694.9585080043424,53.063334024045616,7258.865958021488,55819.98328538156
1777228626,64,GET,bulk_update_departures,2.900000,0.000000,100,130,130,140,160,170,170,170,170,170,170,336,0,92,107.51490797615372,59.08954096958041,522.123750008177,131.48214285714286
1777228626,64,GET,large_scan,5.400000,0.000000,4900,5200,5200,5300,5400,5400,5400,5500,5500,5500,5500,629,0,4900,4999.904913389692,3878.7038329755887,7258.865958021488,652261.1462639109
1777228626,64,GET,next_departures,19.400000,0.000000,93,110,130,130,150,160,170,170,180,180,180,2685,0,94,113.97179051146719,53.153500019107014,1666.0985419875942,109.4487895716946
1777228626,64,GET,point_read,25.800000,0.000000,92,110,120,130,150,160,170,180,210,210,210,3378,0,92,111.853999202312,53.063334024045616,1747.9571250150912,104.43487270574305
1777228626,64,GET,trips_per_route,2.900000,0.000000,3700,3800,4100,4200,4200,4300,4300,4300,4300,4300,4300,322,0,3800,3869.5207770208117,3159.4391660182737,5691.277333011385,1200.3726708074535
1777228626,64,,Aggregated,56.400000,0.000000,100,130,140,150,4200,4900,5300,5400,5500,5500,5500,7350,0,100,695.3616267525846,53.063334024045616,7258.865958021488,55965.933333333334
1777228627,64,GET,bulk_update_departures,3.500000,0.000000,100,130,130,140,160,170,170,170,170,170,170,338,0,92,107.35586266268938,59.08954096958041,522.123750008177,131.48224852071007
1777228627,64,GET,large_scan,5.300000,0.000000,4900,5100,5200,5300,5400,5400,5500,5500,5500,5500,5500,634,0,4900,4999.304838162738,3878.7038329755887,7258.865958021488,652261.1498422713
1777228627,64,GET,next_departures,19.100000,0.000000,97,120,130,130,150,160,170,180,180,180,180,2704,0,94,114.00240411734902,53.153500019107014,1666.0985419875942,109.44933431952663
1777228627,64,GET,point_read,25.500000,0.000000,93,110,120,130,150,160,170,180,210,210,210,3396,0,93,111.82187920031004,53.063334024045616,1747.9571250150912,104.43462897526501
1777228627,64,GET,trips_per_route,2.800000,0.000000,3700,3800,4200,4200,4300,4300,4300,4300,4300,4300,4300,325,0,3800,3869.26560549155,3159.4391660182737,5691.277333011385,1200.3753846153845
1777228627,64,,Aggregated,56.200000,0.000000,100,130,140,150,4000,4800,5300,5400,5500,5500,5500,7397,0,100,696.4129340621162,53.063334024045616,7258.865958021488,56052.283763687985
1777228628,64,GET,bulk_update_departures,3.500000,0.000000,100,120,130,140,160,170,170,170,170,170,170,339,0,92,107.47433971382875,59.08954096958041,522.123750008177,131.47787610619469
1777228628,64,GET,large_scan,5.300000,0.000000,4900,5000,5200,5300,5400,5400,5400,5500,5500,5500,5500,639,0,4900,4998.538540133238,3878.7038329755887,7258.865958021488,652261.1533646323
1777228628,64,GET,next_departures,20.100000,0.000000,97,120,130,130,150,160,170,180,180,180,180,2719,0,94,113.9685469938354,53.153500019107014,1666.0985419875942,109.44869437293123
1777228628,64,GET,point_read,25.100000,0.000000,95,120,130,130,150,160,180,180,210,210,210,3421,0,93,111.83878752924363,53.063334024045616,1747.9571250150912,104.43408360128618
1777228628,64,GET,trips_per_route,2.700000,0.000000,3700,3800,4200,4200,4300,4300,4400,4400,4400,4400,4400,329,0,3800,3870.8517464338856,3159.4391660182737,5691.277333011385,1200.3768996960487
1777228628,64,,Aggregated,56.700000,0.000000,100,130,150,160,4200,4900,5300,5400,5500,5500,5500,7447,0,100,697.7965790652133,53.063334024045616,7258.865958021488,56115.1110514301
1777228629,64,GET,bulk_update_departures,3.500000,0.000000,110,120,130,140,160,170,170,170,170,170,170,342,0,92,107.47937657288276,59.08954096958041,522.123750008177,131.47076023391813
1777228629,64,GET,large_scan,5.300000,0.000000,4900,5000,5300,5300,5400,5400,5400,5500,5500,5500,5500,648,0,4900,5000.884234659118,3878.7038329755887,7258.865958021488,652261.1527777778
1777228629,64,GET,next_departures,20.900000,0.000000,96,110,130,130,150,160,170,180,180,180,180,2736,0,94,113.90387679095606,53.153500019107014,1666.0985419875942,109.44956140350877
1777228629,64,GET,point_read,24.800000,0.000000,98,120,130,130,150,160,180,180,210,210,210,3443,0,93,111.77497825782025,53.063334024045616,1747.9571250150912,104.43479523671218
1777228629,64,GET,trips_per_route,2.500000,0.000000,3700,3800,3800,4200,4200,4300,4400,4400,4400,4400,4400,333,0,3800,3868.097718701944,3159.4391660182737,5691.277333011385,1200.3783783783783
1777228629,64,,Aggregated,57.000000,0.000000,110,130,150,160,4200,4900,5300,5400,5500,5500,5500,7502,0,100,701.3982575601844,53.063334024045616,7258.865958021488,56487.461876832844
1777228630,64,GET,bulk_update_departures,3.500000,0.000000,110,120,130,140,150,170,170,170,170,170,170,344,0,92,107.59105449400268,59.08954096958041,522.123750008177,131.47383720930233
1777228630,64,GET,large_scan,5.100000,0.000000,4900,5100,5300,5300,5400,5400,5500,5500,5500,5500,5500,653,0,4900,4999.699764574449,3878.7038329755887,7258.865958021488,652261.1577335375
1777228630,64,GET,next_departures,20.600000,0.000000,96,110,130,130,150,160,170,180,180,180,180,2760,0,94,113.75305811561175,53.153500019107014,1666.0985419875942,109.45
1777228630,64,GET,point_read,25.000000,0.000000,98,120,130,130,150,160,170,180,210,210,210,3465,0,93,111.74703741435722,53.063334024045616,1747.9571250150912,104.43607503607504
1777228630,64,GET,trips_per_route,2.200000,0.000000,3700,4200,4200,4200,4200,4300,4400,4400,4400,4400,4400,335,0,3800,3870.290796252996,3159.4391660182737,5691.277333011385,1200.376119402985
1777228630,64,,Aggregated,56.400000,0.000000,100,130,140,150,4200,4900,5300,5400,5500,5500,5500,7557,0,100,701.2736020639975,53.063334024045616,7258.865958021488,56508.91120815138
1777228631,64,GET,bulk_update_departures,3.500000,0.000000,120,120,130,140,160,170,170,170,170,170,170,346,0,92,107.52224215865539,59.08954096958041,522.123750008177,131.47398843930637
1777228631,64,GET,large_scan,5.600000,0.000000,4900,5100,5300,5300,5400,5400,5500,5500,5500,5500,5500,655,0,4900,4999.795392838321,3878.7038329755887,7258.865958021488,652261.158778626
1777228631,64,GET,next_departures,19.800000,0.000000,99,110,130,130,150,160,170,180,180,180,180,2783,0,94,113.73616263288868,53.153500019107014,1666.0985419875942,109.4502335609055
1777228631,64,GET,point_read,25.200000,0.000000,96,110,130,130,150,160,170,180,200,200,200,3493,0,93,111.54855913446279,53.063334024045616,1747.9571250150912,104.43458345261952
1777228631,64,GET,trips_per_route,2.600000,0.000000,3700,4200,4200,4200,4300,4300,4400,4400,4400,4400,4400,340,0,3800,3869.9564474112667,3159.4391660182737,5691.277333011385,1200.3823529411766
1777228631,64,,Aggregated,56.700000,0.000000,110,130,140,160,4200,4800,5300,5400,5500,5500,5500,7617,0,100,700.2784203596983,53.063334024045616,7258.865958021488,56236.58513850597
1777228632,64,GET,bulk_update_departures,3.600000,0.000000,120,120,130,140,150,160,170,170,170,170,170,346,0,92,107.52224215865539,59.08954096958041,522.123750008177,131.47398843930637
1777228632,64,GET,large_scan,5.300000,0.000000,4900,5200,5200,5300,5400,5400,5500,5500,5500,5500,5500,661,0,4900,4999.871455459928,3878.7038329755887,7258.865958021488,652261.1573373677
1777228632,64,GET,next_departures,20.700000,0.000000,100,110,130,130,150,160,170,180,190,190,190,2801,0,94,113.67844367347111,53.153500019107014,1666.0985419875942,109.44983934309175
1777228632,64,GET,point_read,25.300000,0.000000,92,110,130,130,150,160,170,180,200,200,200,3509,0,93,111.46788246136137,53.063334024045616,1747.9571250150912,104.43573667711598
1777228632,64,GET,trips_per_route,2.700000,0.000000,3700,4200,4200,4200,4300,4300,4400,4400,4400,4400,4400,342,0,3800,3870.5888846106227,3159.4391660182737,5691.277333011385,1200.3830409356726
1777228632,64,,Aggregated,57.600000,0.000000,110,130,150,160,4300,4900,5300,5400,5500,5500,5500,7659,0,100,701.8427009621413,53.063334024045616,7258.865958021488,56439.96344170257
1777228633,64,GET,bulk_update_departures,3.200000,0.000000,120,120,130,130,150,150,160,160,160,160,160,349,0,92,107.3944610626941,59.08954096958041,522.123750008177,131.4756446991404
1777228633,64,GET,large_scan,5.000000,0.000000,4900,5200,5200,5300,5400,5400,5500,5500,5500,5500,5500,666,0,4900,4999.395325352883,3878.7038329755887,7258.865958021488,652261.1561561562
1777228633,64,GET,next_departures,20.400000,0.000000,98,110,130,130,150,160,170,180,190,190,190,2823,0,94,113.57332847049867,53.153500019107014,1666.0985419875942,109.448813319164
1777228633,64,GET,point_read,25.600000,0.000000,92,110,130,130,150,160,170,180,200,200,200,3525,0,92,111.36871459064939,53.063334024045616,1747.9571250150912,104.43659574468086
1777228633,64,GET,trips_per_route,2.600000,0.000000,3700,4200,4200,4200,4300,4300,4400,4400,4400,4400,4400,345,0,3800,3870.564306990844,3159.4391660182737,5691.277333011385,1200.3652173913044
1777228633,64,,Aggregated,56.800000,0.000000,110,130,150,160,4400,4900,5300,5400,5500,5500,5500,7708,0,100,702.5966352765943,53.063334024045616,7258.865958021488,56505.32615464453
1777228634,64,GET,bulk_update_departures,3.000000,0.000000,120,120,120,130,150,150,150,150,150,150,150,349,0,92,107.3944610626941,59.08954096958041,522.123750008177,131.4756446991404
1777228634,64,GET,large_scan,5.000000,0.000000,4900,5200,5200,5300,5400,5400,5500,5500,5500,5500,5500,670,0,4900,4999.608531309059,3878.7038329755887,7258.865958021488,652261.1582089552
1777228634,64,GET,next_departures,21.200000,0.000000,98,110,130,130,150,160,170,180,190,190,190,2844,0,94,113.44777431260269,53.153500019107014,1666.0985419875942,109.44760900140648
1777228634,64,GET,point_read,23.700000,0.000000,92,110,130,130,150,160,160,180,200,200,200,3546,0,92,111.3231574227609,53.063334024045616,1747.9571250150912,104.43711223914269
1777228634,64,GET,trips_per_route,2.400000,0.000000,3700,4200,4200,4200,4300,4300,4400,4400,4400,4400,4400,349,0,3800,3872.794203778941,3159.4391660182737,5691.277333011385,1200.3638968481375
1777228634,64,,Aggregated,55.300000,0.000000,110,130,150,160,4600,4900,5300,5400,5500,5500,5500,7758,0,100,703.3025195118511,53.063334024045616,7258.865958021488,56478.65313225058
1777228635,64,GET,bulk_update_departures,2.700000,0.000000,120,120,130,140,150,150,150,150,150,150,150,352,0,92,107.57967789438474,59.08954096958041,522.123750008177,131.4744318181818
1777228635,64,GET,large_scan,5.100000,0.000000,4900,5100,5200,5300,5400,5400,5400,5400,5400,5400,5400,676,0,4900,4998.159349693923,3878.7038329755887,7258.865958021488,652261.1627218935
1777228635,64,GET,next_departures,20.300000,0.000000,95,110,130,140,150,160,170,180,190,190,190,2861,0,94,113.42541469305485,53.153500019107014,1666.0985419875942,109.44809507165327
1777228635,64,GET,point_read,22.200000,0.000000,92,110,130,130,150,160,160,160,200,200,200,3576,0,92,111.26379242756572,53.063334024045616,1747.9571250150912,104.43763982102908
1777228635,64,GET,trips_per_route,2.600000,0.000000,3700,4100,4200,4200,4300,4300,4400,4400,4400,4400,4400,351,0,3800,3873.928977429941,3159.4391660182737,5691.277333011385,1200.3675213675215
1777228635,64,,Aggregated,52.900000,0.000000,110,130,150,160,4600,4900,5300,5400,5400,5400,5400,7816,0,100,703.5263908965729,53.063334024045616,7258.865958021488,56561.25307062436
1777228636,64,GET,bulk_update_departures,2.400000,0.000000,120,120,130,130,140,150,150,150,150,150,150,353,0,92,107.64563241881179,59.08954096958041,522.123750008177,131.47592067988668
1777228636,64,GET,large_scan,5.000000,0.000000,4900,5000,5200,5200,5300,5400,5400,5400,5400,5400,5400,684,0,4900,4996.209923150641,3878.7038329755887,7258.865958021488,652261.1695906433
1777228636,64,GET,next_departures,20.200000,0.000000,95,110,130,140,150,160,180,190,190,190,190,2888,0,94,113.36012458824746,53.153500019107014,1666.0985419875942,109.44875346260388
1777228636,64,GET,point_read,21.400000,0.000000,91,110,120,130,150,150,160,160,200,200,200,3603,0,92,111.12292334249645,53.063334024045616,1747.9571250150912,104.43741326672217
1777228636,64,GET,trips_per_route,2.900000,0.000000,3800,4100,4200,4200,4300,4300,4400,4400,4400,4400,4400,355,0,3800,3869.955355149176,3159.4391660182737,5691.277333011385,1200.3577464788732
1777228636,64,,Aggregated,51.900000,0.000000,110,130,150,160,4700,4900,5200,5300,5400,5400,5400,7883,0,100,704.9347430382716,53.063334024045616,7258.865958021488,56743.822656349104
1777228637,64,GET,bulk_update_departures,2.100000,0.000000,120,120,130,130,140,150,150,150,150,150,150,354,0,92,107.6906694740249,59.08954096958041,522.123750008177,131.4774011299435
1777228637,64,GET,large_scan,5.200000,0.000000,4900,4900,5200,5200,5300,5400,5400,5400,5400,5400,5400,690,0,4900,4994.215374846481,3878.7038329755887,7258.865958021488,652261.1753623189
1777228637,64,GET,next_departures,20.500000,0.000000,94,110,130,140,150,160,170,190,190,190,190,2909,0,94,113.27783504463608,53.153500019107014,1666.0985419875942,109.44792024750774
1777228637,64,GET,point_read,21.500000,0.000000,90,110,130,130,150,160,160,160,200,200,200,3632,0,92,111.0295001642248,53.063334024045616,1747.9571250150912,104.43612334801762
1777228637,64,GET,trips_per_route,2.900000,0.000000,3800,4100,4100,4200,4300,4300,4300,4300,4300,4300,4300,356,0,3800,3869.76254645217,3159.4391660182737,5691.277333011385,1200.3539325842696
1777228637,64,,Aggregated,52.200000,0.000000,110,130,150,160,4700,4900,5200,5300,5400,5400,5400,7941,0,100,704.514663004173,53.063334024045616,7258.865958021488,56823.04193426521
1777228638,64,GET,bulk_update_departures,1.700000,0.000000,120,130,140,140,150,150,150,150,150,150,150,361,0,92,107.78068407703775,59.08954096958041,522.123750008177,131.4792243767313
1777228638,64,GET,large_scan,5.500000,0.000000,4800,4900,5200,5200,5300,5400,5400,5400,5400,5400,5400,695,0,4900,4994.498619332611,3878.7038329755887,7258.865958021488,652261.1669064749
1777228638,64,GET,next_departures,19.700000,0.000000,92,110,130,140,150,160,160,170,190,190,190,2927,0,94,113.21191956338193,53.153500019107014,1666.0985419875942,109.44789887256577
1777228638,64,GET,point_read,22.200000,0.000000,88,110,120,130,140,150,160,160,160,160,160,3657,0,92,110.97038187293691,53.063334024045616,1747.9571250150912,104.4369701941482
1777228638,64,GET,trips_per_route,3.300000,0.000000,3800,4100,4100,4200,4200,4300,4300,4300,4300,4300,4300,363,0,3800,3870.2977084323506,3159.4391660182737,5691.277333011385,1200.3553719008264
1777228638,64,,Aggregated,52.400000,0.000000,110,130,140,150,4300,4800,5200,5300,5400,5400,5400,8003,0,100,706.2593290791261,53.063334024045616,7258.865958021488,56792.07597151068
1777228639,64,GET,bulk_update_departures,1.700000,0.000000,120,130,140,140,150,160,160,160,160,160,160,364,0,92,107.78872560115485,59.08954096958041,522.123750008177,131.47527472527472
1777228639,64,GET,large_scan,5.700000,0.000000,4800,4900,5000,5200,5300,5400,5400,5400,5400,5400,5400,697,0,4900,4994.127763479506,3878.7038329755887,7258.865958021488,652261.1664275466
1777228639,64,GET,next_departures,20.000000,0.000000,92,120,130,140,150,160,160,190,190,190,190,2951,0,94,113.1552363948165,53.153500019107014,1666.0985419875942,109.44967807522873
1777228639,64,GET,point_read,23.300000,0.000000,89,110,120,130,140,150,160,160,160,160,160,3682,0,92,110.87157969210448,53.063334024045616,1747.9571250150912,104.43617599130907
1777228639,64,GET,trips_per_route,3.200000,0.000000,3800,4100,4100,4100,4300,4300,4300,4300,4300,4300,4300,364,0,3800,3870.9678738376388,3159.4391660182737,5691.277333011385,1200.3379120879122
1777228639,64,,Aggregated,53.900000,0.000000,100,130,140,150,4100,4800,5000,5200,5400,5400,5400,8058,0,100,703.8129451933912,53.063334024045616,7258.865958021488,56567.17957309506
1777228640,64,GET,bulk_update_departures,2.000000,0.000000,120,130,140,140,150,160,160,160,160,160,160,364,0,92,107.78872560115485,59.08954096958041,522.123750008177,131.47527472527472
1777228640,64,GET,large_scan,5.600000,0.000000,4800,4900,4900,5000,5300,5400,5400,5400,5400,5400,5400,701,0,4900,4991.584598339866,3878.7038329755887,7258.865958021488,652261.1683309558
1777228640,64,GET,next_departures,20.700000,0.000000,94,120,130,140,150,160,170,190,190,190,190,2969,0,94,113.20048399262444,53.153500019107014,1666.0985419875942,109.45099360053891
1777228640,64,GET,point_read,23.500000,0.000000,91,110,120,130,150,150,160,160,180,180,180,3709,0,92,110.87798718426134,53.063334024045616,1747.9571250150912,104.43434888110002
1777228640,64,GET,trips_per_route,3.500000,0.000000,3900,4100,4100,4200,4300,4300,4300,4300,4300,4300,4300,366,0,3800,3871.4366653958614,3159.4391660182737,5691.277333011385,1200.3415300546449
1777228640,64,,Aggregated,55.300000,0.000000,110,130,140,150,4200,4800,5000,5200,5400,5400,5400,8109,0,100,703.2458269244618,53.063334024045616,7258.865958021488,56534.044641756074
1777228641,64,GET,bulk_update_departures,2.000000,0.000000,120,130,140,140,150,160,160,160,160,160,160,368,0,92,107.82634928229685,59.08954096958041,522.123750008177,131.47826086956522
1777228641,64,GET,large_scan,5.200000,0.000000,4800,4900,5000,5200,5300,5400,5400,5400,5400,5400,5400,706,0,4900,4992.199021157586,3878.7038329755887,7258.865958021488,652261.171388102
1777228641,64,GET,next_departures,21.700000,0.000000,97,120,130,140,150,160,170,190,190,190,190,2990,0,95,113.19650542612007,53.153500019107014,1666.0985419875942,109.44983277591973
1777228641,64,GET,point_read,23.700000,0.000000,92,120,130,130,150,150,160,160,180,180,180,3733,0,92,110.87633253161192,53.063334024045616,1747.9571250150912,104.43557460487544
1777228641,64,GET,trips_per_route,3.200000,0.000000,3800,4100,4100,4200,4300,4300,4300,4300,4300,4300,4300,373,0,3800,3872.3128212490383,3159.4391660182737,5691.277333011385,1200.3404825737266
1777228641,64,,Aggregated,55.800000,0.000000,110,130,150,160,4200,4800,5100,5200,5400,5400,5400,8170,0,100,705.1290316234541,53.063334024045616,7258.865958021488,56512.80428396573
1777228642,64,GET,bulk_update_departures,2.000000,0.000000,120,120,140,140,150,160,160,160,160,160,160,370,0,92,107.73735707798797,58.12704097479582,522.123750008177,131.4756756756757
1777228642,64,GET,large_scan,4.900000,0.000000,4800,4900,5000,5200,5300,5400,5400,5400,5400,5400,5400,709,0,4900,4992.575602285263,3878.7038329755887,7258.865958021488,652261.1720733427
1777228642,64,GET,next_departures,20.600000,0.000000,96,120,130,140,150,160,170,190,190,190,190,3013,0,94,113.0457488566339,53.153500019107014,1666.0985419875942,109.44971788914702
1777228642,64,GET,point_read,24.400000,0.000000,94,120,130,140,150,160,160,170,180,180,180,3759,0,93,110.83321530628272,53.063334024045616,1747.9571250150912,104.4365522745411
1777228642,64,GET,trips_per_route,2.900000,0.000000,3800,4100,4100,4100,4200,4300,4300,4300,4300,4300,4300,377,0,3800,3871.519475999913,3159.4391660182737,5691.277333011385,1200.344827586207
1777228642,64,,Aggregated,54.800000,0.000000,110,130,150,160,4100,4800,5000,5200,5400,5400,5400,8228,0,100,704.471398180896,53.063334024045616,7258.865958021488,56353.51191054934
1777228643,64,GET,bulk_update_departures,2.100000,0.000000,120,130,140,140,150,160,160,160,160,160,160,373,0,92,107.83125087634433,58.12704097479582,522.123750008177,131.4798927613941
1777228643,64,GET,large_scan,4.800000,0.000000,4800,4900,5100,5200,5300,5400,5400,5400,5400,5400,5400,718,0,4900,4993.606513548914,3878.7038329755887,7258.865958021488,652261.1727019498
1777228643,64,GET,next_departures,20.700000,0.000000,100,120,130,140,160,160,170,190,190,190,190,3030,0,95,113.06881404456087,53.153500019107014,1666.0985419875942,109.44851485148514
1777228643,64,GET,point_read,23.800000,0.000000,94,120,130,130,150,160,160,170,180,180,180,3790,0,93,110.74786421543081,53.063334024045616,1747.9571250150912,104.43693931398417
1777228643,64,GET,trips_per_route,3.100000,0.000000,3800,4100,4100,4200,4300,4300,4300,4300,4300,4300,4300,379,0,3800,3871.804064627808,3159.4391660182737,5691.277333011385,1200.3430079155673
1777228643,64,,Aggregated,54.500000,0.000000,120,130,140,160,4200,4800,5200,5300,5400,5400,5400,8290,0,100,706.3181164934164,53.063334024045616,7258.865958021488,56641.12653799759
