Timestamp,User Count,Type,Name,Requests/s,Failures/s,50%,66%,75%,80%,90%,95%,98%,99%,99.9%,99.99%,100%,Total Request Count,Total Failure Count,Total Median Response Time,Total Average Response Time,Total Min Response Time,Total Max Response Time,Total Average Content Size
1777232700,0,,Aggregated,0.000000,0.000000,N/A,N/A,N/A,N/A,N/A,N/A,N/A,N/A,N/A,N/A,N/A,0,0,0,0.0,0,0,0
1777232701,10,,Aggregated,0.000000,0.000000,N/A,N/A,N/A,N/A,N/A,N/A,N/A,N/A,N/A,N/A,N/A,0,0,0,0.0,0,0,0
1777232702,20,,Aggregated,0.000000,0.000000,N/A,N/A,N/A,N/A,N/A,N/A,N/A,N/A,N/A,N/A,N/A,0,0,0,0.0,0,0,0
1777232703,30,,Aggregated,0.000000,0.000000,N/A,N/A,N/A,N/A,N/A,N/A,N/A,N/A,N/A,N/A,N/A,0,0,0,0.0,0,0,0
1777232704,40,,Aggregated,0.000000,0.000000,N/A,N/A,N/A,N/A,N/A,N/A,N/A,N/A,N/A,N/A,N/A,0,0,0,0.0,0,0,0
1777232705,50,,Aggregated,0.000000,0.000000,N/A,N/A,N/A,N/A,N/A,N/A,N/A,N/A,N/A,N/A,N/A,0,0,0,0.0,0,0,0
1777232706,60,GET,trips_per_route,0.000000,0.000000,0,0,0,0,0,0,0,0,0,0,0,3,0,5900,5880.639500013785,5831.604083010461,5918.130667007063,1198.0
1777232706,60,,Aggregated,0.000000,0.000000,5900,5900,5900,5900,5900,5900,5900,5900,5900,5900,5900,3,0,5900,5880.639500013785,5831.604083010461,5918.130667007063,1198.0
1777232707,70,GET,trips_per_route,0.000000,0.000000,0,0,0,0,0,0,0,0,0,0,0,16,0,5900,5993.481171875828,5725.858582998626,6297.7541250002105,1198.5
1777232707,70,,Aggregated,0.000000,0.000000,6000,6100,6200,6200,6300,6300,6300,6300,6300,6300,6300,16,0,5900,5993.481171875828,5725.858582998626,6297.7541250002105,1198.5
1777232708,80,GET,trips_per_route,0.000000,0.000000,5900,6000,6000,6100,6200,6300,6300,6300,6300,6300,6300,27,0,6000,5985.003362594095,5420.62041600002,6304.224333987804,1199.0
1777232708,80,,Aggregated,0.000000,0.000000,6000,6100,6200,6200,6300,6300,6300,6300,6300,6300,6300,27,0,6000,5985.003362594095,5420.62041600002,6304.224333987804,1199.0
1777232709,90,GET,trips_per_route,1.428571,0.000000,5900,6000,6100,6100,6300,6300,6300,6300,6300,6300,6300,38,0,5900,5981.663334395546,5420.62041600002,6329.764209018322,1199.3157894736842
1777232709,90,,Aggregated,1.428571,0.000000,5900,6100,6200,6200,6300,6300,6300,6300,6300,6300,6300,38,0,5900,5981.663334395546,5420.62041600002,6329.764209018322,1199.3157894736842
1777232710,100,GET,trips_per_route,2.500000,0.000000,5900,5900,6000,6000,6200,6300,6300,6300,6300,6300,6300,56,0,5900,5648.221787894727,3636.9855829980224,6329.764209018322,1199.3035714285713
1777232710,100,,Aggregated,2.500000,0.000000,5900,6000,6100,6100,6200,6300,6300,6300,6300,6300,6300,56,0,5900,5648.221787894727,3636.9855829980224,6329.764209018322,1199.3035714285713
1777232711,110,GET,trips_per_route,3.222222,0.000000,5800,5900,5900,6000,6100,6200,6300,6300,6300,6300,6300,76,0,5800,5425.964793289543,3237.0397920021787,6329.764209018322,1199.3947368421052
1777232711,110,,Aggregated,3.222222,0.000000,5800,5900,6000,6100,6200,6300,6300,6300,6300,6300,6300,76,0,5800,5425.964793289543,3237.0397920021787,6329.764209018322,1199.3947368421052
1777232712,120,GET,trips_per_route,4.000000,0.000000,5800,5900,5900,6000,6100,6200,6300,6300,6300,6300,6300,94,0,5800,5273.117315148912,3237.0397920021787,6329.764209018322,1199.563829787234
1777232712,120,,Aggregated,4.000000,0.000000,5800,5900,6000,6100,6200,6300,6300,6300,6300,6300,6300,94,0,5800,5273.117315148912,3237.0397920021787,6329.764209018322,1199.563829787234
1777232713,130,GET,trips_per_route,6.000000,0.000000,5700,5800,5900,5900,6100,6200,6300,6300,6300,6300,6300,115,0,5800,5153.322152895397,3237.0397920021787,6329.764209018322,1199.6173913043478
1777232713,130,,Aggregated,6.000000,0.000000,5800,5900,5900,6000,6100,6200,6300,6300,6300,6300,6300,115,0,5800,5153.322152895397,3237.0397920021787,6329.764209018322,1199.6173913043478
1777232714,140,GET,trips_per_route,8.100000,0.000000,5500,5800,5900,5900,6000,6100,6300,6300,6300,6300,6300,142,0,5700,4981.850264372606,3237.0397920021787,6329.764209018322,1199.605633802817
1777232714,140,,Aggregated,8.100000,0.000000,5500,5800,5900,5900,6000,6100,6300,6300,6300,6300,6300,142,0,5700,4981.850264372606,3237.0397920021787,6329.764209018322,1199.605633802817
1777232715,150,GET,trips_per_route,9.600000,0.000000,5400,5800,5800,5900,6000,6100,6200,6300,6300,6300,6300,176,0,5500,4878.986424477262,3237.0397920021787,6329.764209018322,1199.625
1777232715,150,,Aggregated,9.600000,0.000000,5400,5800,5800,5900,6000,6100,6200,6300,6300,6300,6300,176,0,5500,4878.986424477262,3237.0397920021787,6329.764209018322,1199.625
1777232716,160,GET,trips_per_route,11.600000,0.000000,4000,5800,5800,5900,6000,6100,6200,6300,6300,6300,6300,199,0,5400,4836.438046055483,3237.0397920021787,6329.764209018322,1199.608040201005
1777232716,160,,Aggregated,11.600000,0.000000,4000,5800,5800,5900,6000,6100,6200,6300,6300,6300,6300,199,0,5400,4836.438046055483,3237.0397920021787,6329.764209018322,1199.608040201005
1777232717,170,GET,trips_per_route,15.200000,0.000000,3900,5700,5800,5800,5900,6000,6100,6200,6300,6300,6300,227,0,4000,4769.783211823518,3237.0397920021787,6329.764209018322,1199.6740088105728
1777232717,170,,Aggregated,15.200000,0.000000,3900,5700,5800,5800,5900,6000,6100,6200,6300,6300,6300,227,0,4000,4769.783211823518,3237.0397920021787,6329.764209018322,1199.6740088105728
1777232718,180,GET,trips_per_route,18.400000,0.000000,3800,5600,5700,5800,5900,6000,6100,6200,6300,6300,6300,262,0,3900,4703.138923351026,3237.0397920021787,6329.764209018322,1199.7175572519084
1777232718,180,,Aggregated,18.400000,0.000000,3800,5600,5700,5800,5900,6000,6100,6200,6300,6300,6300,262,0,3900,4703.138923351026,3237.0397920021787,6329.764209018322,1199.7175572519084
1777232719,190,GET,trips_per_route,19.700000,0.000000,3800,5100,5600,5700,5800,5900,6100,6200,6300,6300,6300,306,0,3900,4643.096985444358,3237.0397920021787,6329.764209018322,1199.7320261437908
1777232719,190,,Aggregated,19.700000,0.000000,3800,5100,5600,5700,5800,5900,6100,6200,6300,6300,6300,306,0,3900,4643.096985444358,3237.0397920021787,6329.764209018322,1199.7320261437908
1777232720,200,GET,trips_per_route,21.300000,0.000000,3800,4300,5600,5700,5800,5900,6000,6100,6300,6300,6300,341,0,3900,4617.084322964958,3237.0397920021787,6329.764209018322,1199.7478005865103
1777232720,200,,Aggregated,21.300000,0.000000,3800,4300,5600,5700,5800,5900,6000,6100,6300,6300,6300,341,0,3900,4617.084322964958,3237.0397920021787,6329.764209018322,1199.7478005865103
1777232721,200,GET,trips_per_route,24.800000,0.000000,3800,4200,5500,5600,5800,5900,6000,6100,6300,6300,6300,377,0,3900,4584.171988620668,3237.0397920021787,6329.764209018322,1199.7294429708222
1777232721,200,,Aggregated,24.800000,0.000000,3800,4200,5500,5600,5800,5900,6000,6100,6300,6300,6300,377,0,3900,4584.171988620668,3237.0397920021787,6329.764209018322,1199.7294429708222
1777232722,200,GET,trips_per_route,28.000000,0.000000,3800,4200,5500,5600,5800,5900,6000,6000,6300,6300,6300,427,0,3900,4540.494899220211,3212.5494170177262,6329.764209018322,1199.7072599531616
1777232722,200,,Aggregated,28.000000,0.000000,3800,4200,5500,5600,5800,5900,6000,6000,6300,6300,6300,427,0,3900,4540.494899220211,3212.5494170177262,6329.764209018322,1199.7072599531616
1777232723,200,GET,trips_per_route,28.900000,0.000000,3800,4100,4900,5600,5800,5900,6000,6100,6300,6300,6300,484,0,3900,4490.218919361407,3212.5494170177262,6329.764209018322,1199.75
1777232723,200,,Aggregated,28.900000,0.000000,3800,4100,4900,5600,5800,5900,6000,6100,6300,6300,6300,484,0,3900,4490.218919361407,3212.5494170177262,6329.764209018322,1199.75
1777232724,200,GET,trips_per_route,30.900000,0.000000,3800,4100,4300,5500,5800,5900,6000,6100,6300,6300,6300,524,0,3900,4470.427589713618,3212.5494170177262,6329.764209018322,1199.7729007633588
1777232724,200,,Aggregated,30.900000,0.000000,3800,4100,4300,5500,5800,5900,6000,6100,6300,6300,6300,524,0,3900,4470.427589713618,3212.5494170177262,6329.764209018322,1199.7729007633588
1777232725,200,GET,trips_per_route,34.400000,0.000000,3800,4100,4300,5300,5700,5800,6000,6100,6300,6300,6300,566,0,3900,4440.692294549493,3212.5494170177262,6329.764209018322,1199.7897526501768
1777232725,200,,Aggregated,34.400000,0.000000,3800,4100,4300,5300,5700,5800,6000,6100,6300,6300,6300,566,0,3900,4440.692294549493,3212.5494170177262,6329.764209018322,1199.7897526501768
1777232726,200,GET,trips_per_route,38.500000,0.000000,3800,4100,4300,5100,5700,5800,6000,6000,6300,6300,6300,609,0,3800,4412.948594773451,3179.581167001743,6329.764209018322,1199.7668308702791
1777232726,200,,Aggregated,38.500000,0.000000,3800,4100,4300,5100,5700,5800,6000,6000,6300,6300,6300,609,0,3800,4412.948594773451,3179.581167001743,6329.764209018322,1199.7668308702791
1777232727,200,GET,trips_per_route,37.800000,0.000000,3800,4100,4200,4300,5700,5800,6000,6000,6300,6300,6300,675,0,3800,4354.741038333292,3179.581167001743,6329.764209018322,1199.802962962963
1777232727,200,,Aggregated,37.800000,0.000000,3800,4100,4200,4300,5700,5800,6000,6000,6300,6300,6300,675,0,3800,4354.741038333292,3179.581167001743,6329.764209018322,1199.802962962963
1777232728,200,GET,trips_per_route,39.100000,0.000000,3800,4000,4200,4300,5600,5800,5900,6000,6300,6300,6300,717,0,3800,4318.505107913467,3179.581167001743,6329.764209018322,1199.8200836820083
1777232728,200,,Aggregated,39.100000,0.000000,3800,4000,4200,4300,5600,5800,5900,6000,6300,6300,6300,717,0,3800,4318.505107913467,3179.581167001743,6329.764209018322,1199.8200836820083
1777232729,200,GET,trips_per_route,42.000000,0.000000,3700,3900,4100,4200,5400,5700,5900,6000,6100,6100,6100,760,0,3800,4285.87681699727,3179.581167001743,6329.764209018322,1199.825
1777232729,200,,Aggregated,42.000000,0.000000,3700,3900,4100,4200,5400,5700,5900,6000,6100,6100,6100,760,0,3800,4285.87681699727,3179.581167001743,6329.764209018322,1199.825
1777232730,200,GET,trips_per_route,46.400000,0.000000,3700,3800,4100,4200,5200,5700,5900,6000,6100,6100,6100,799,0,3800,4260.751869372826,3179.581167001743,6329.764209018322,1199.8410513141428
1777232730,200,,Aggregated,46.400000,0.000000,3700,3800,4100,4200,5200,5700,5900,6000,6100,6100,6100,799,0,3800,4260.751869372826,3179.581167001743,6329.764209018322,1199.8410513141428
1777232731,200,GET,trips_per_route,44.800000,0.000000,3700,3800,4000,4100,4300,5600,5700,5900,6100,6100,6100,856,0,3800,4228.7077301902855,3165.1876250107307,6329.764209018322,1199.8598130841121
1777232731,200,,Aggregated,44.800000,0.000000,3700,3800,4000,4100,4300,5600,5700,5900,6100,6100,6100,856,0,3800,4228.7077301902855,3165.1876250107307,6329.764209018322,1199.8598130841121
1777232732,200,GET,trips_per_route,44.600000,0.000000,3700,3800,4100,4100,4200,5400,5700,5800,6100,6100,6100,912,0,3800,4208.198369519513,3165.1876250107307,6329.764209018322,1199.872807017544
1777232732,200,,Aggregated,44.600000,0.000000,3700,3800,4100,4100,4200,5400,5700,5800,6100,6100,6100,912,0,3800,4208.198369519513,3165.1876250107307,6329.764209018322,1199.872807017544
1777232733,200,GET,trips_per_route,46.700000,0.000000,3700,3800,4000,4100,4200,4300,5600,5700,5700,5700,5700,951,0,3800,4191.598964027136,3165.1876250107307,6329.764209018322,1199.9032597266037
1777232733,200,,Aggregated,46.700000,0.000000,3700,3800,4000,4100,4200,4300,5600,5700,5700,5700,5700,951,0,3800,4191.598964027136,3165.1876250107307,6329.764209018322,1199.9032597266037
1777232734,200,GET,trips_per_route,48.700000,0.000000,3700,3800,4100,4100,4200,4300,5500,5700,5700,5700,5700,990,0,3800,4178.452944187683,3165.1876250107307,6329.764209018322,1199.9242424242425
1777232734,200,,Aggregated,48.700000,0.000000,3700,3800,4100,4100,4200,4300,5500,5700,5700,5700,5700,990,0,3800,4178.452944187683,3165.1876250107307,6329.764209018322,1199.9242424242425
1777232735,200,GET,trips_per_route,47.500000,0.000000,3700,3800,4000,4100,4200,4200,4300,5600,5700,5700,5700,1046,0,3800,4157.851843126929,3165.1876250107307,6329.764209018322,1199.9435946462715
1777232735,200,,Aggregated,47.500000,0.000000,3700,3800,4000,4100,4200,4200,4300,5600,5700,5700,5700,1046,0,3800,4157.851843126929,3165.1876250107307,6329.764209018322,1199.9435946462715
1777232736,200,GET,trips_per_route,45.800000,0.000000,3700,3800,4000,4100,4200,4200,4300,4300,4700,4700,4700,1102,0,3800,4139.31072198346,3165.1876250107307,6329.764209018322,1199.9446460980037
1777232736,200,,Aggregated,45.800000,0.000000,3700,3800,4000,4100,4200,4200,4300,4300,4700,4700,4700,1102,0,3800,4139.31072198346,3165.1876250107307,6329.764209018322,1199.9446460980037
1777232737,200,GET,trips_per_route,47.500000,0.000000,3700,4000,4100,4100,4200,4200,4300,4300,4500,4500,4500,1142,0,3800,4129.73851784309,3165.1876250107307,6329.764209018322,1199.9500875656743
1777232737,200,,Aggregated,47.500000,0.000000,3700,4000,4100,4100,4200,4200,4300,4300,4500,4500,4500,1142,0,3800,4129.73851784309,3165.1876250107307,6329.764209018322,1199.9500875656743
1777232738,200,GET,trips_per_route,48.900000,0.000000,3700,4000,4100,4100,4200,4200,4300,4300,4500,4500,4500,1183,0,3800,4118.540050263548,3165.1876250107307,6329.764209018322,1199.962806424345
1777232738,200,,Aggregated,48.900000,0.000000,3700,4000,4100,4100,4200,4200,4300,4300,4500,4500,4500,1183,0,3800,4118.540050263548,3165.1876250107307,6329.764209018322,1199.962806424345
1777232739,200,GET,trips_per_route,48.200000,0.000000,3700,4000,4100,4100,4200,4200,4300,4300,4500,4500,4500,1238,0,3800,4102.821587370536,3165.1876250107307,6329.764209018322,1199.9781906300484
1777232739,200,,Aggregated,48.200000,0.000000,3700,4000,4100,4100,4200,4200,4300,4300,4500,4500,4500,1238,0,3800,4102.821587370536,3165.1876250107307,6329.764209018322,1199.9781906300484
1777232740,200,GET,trips_per_route,45.500000,0.000000,3700,4000,4100,4100,4200,4200,4300,4300,4500,4500,4500,1299,0,3800,4085.8417725755717,3165.1876250107307,6329.764209018322,1199.986143187067
1777232740,200,,Aggregated,45.500000,0.000000,3700,4000,4100,4100,4200,4200,4300,4300,4500,4500,4500,1299,0,3800,4085.8417725755717,3165.1876250107307,6329.764209018322,1199.986143187067
1777232741,200,GET,trips_per_route,46.800000,0.000000,3700,3800,4100,4100,4200,4200,4300,4300,4500,4500,4500,1332,0,3800,4076.2409288924277,3165.1876250107307,6329.764209018322,1199.9887387387387
1777232741,200,,Aggregated,46.800000,0.000000,3700,3800,4100,4100,4200,4200,4300,4300,4500,4500,4500,1332,0,3800,4076.2409288924277,3165.1876250107307,6329.764209018322,1199.9887387387387
1777232742,200,GET,trips_per_route,48.200000,0.000000,3700,3800,4000,4100,4200,4200,4300,4300,4500,4500,4500,1375,0,3800,4066.3434005387276,3165.1876250107307,6329.764209018322,1200.0
1777232742,200,,Aggregated,48.200000,0.000000,3700,3800,4000,4100,4200,4200,4300,4300,4500,4500,4500,1375,0,3800,4066.3434005387276,3165.1876250107307,6329.764209018322,1200.0
1777232743,200,GET,trips_per_route,48.600000,0.000000,3700,3800,4000,4100,4200,4200,4300,4300,4500,4500,4500,1420,0,3800,4058.1519927456693,3165.1876250107307,6329.764209018322,1199.9887323943663
1777232743,200,,Aggregated,48.600000,0.000000,3700,3800,4000,4100,4200,4200,4300,4300,4500,4500,4500,1420,0,3800,4058.1519927456693,3165.1876250107307,6329.764209018322,1199.9887323943663
1777232744,200,GET,trips_per_route,46.400000,0.000000,3700,3800,4000,4100,4100,4200,4300,4300,4500,4500,4500,1490,0,3800,4047.197990207199,3165.1876250107307,6329.764209018322,1199.9993288590604
1777232744,200,,Aggregated,46.400000,0.000000,3700,3800,4000,4100,4100,4200,4300,4300,4500,4500,4500,1490,0,3800,4047.197990207199,3165.1876250107307,6329.764209018322,1199.9993288590604
1777232745,200,GET,trips_per_route,46.700000,0.000000,3700,3800,4000,4100,4200,4200,4300,4300,4500,4500,4500,1523,0,3700,4042.318918546768,3165.1876250107307,6329.764209018322,1200.000656598818
1777232745,200,,Aggregated,46.700000,0.000000,3700,3800,4000,4100,4200,4200,4300,4300,4500,4500,4500,1523,0,3700,4042.318918546768,3165.1876250107307,6329.764209018322,1200.000656598818
1777232746,200,GET,trips_per_route,47.600000,0.000000,3700,3800,4000,4100,4200,4200,4300,4300,4500,4500,4500,1566,0,3700,4036.704973701608,3165.1876250107307,6329.764209018322,1200.0012771392082
1777232746,200,,Aggregated,47.600000,0.000000,3700,3800,4000,4100,4200,4200,4300,4300,4500,4500,4500,1566,0,3700,4036.704973701608,3165.1876250107307,6329.764209018322,1200.0012771392082
1777232747,200,GET,trips_per_route,49.200000,0.000000,3700,3800,4000,4100,4200,4200,4300,4300,4300,4300,4300,1609,0,3700,4030.0224551123133,3165.1876250107307,6329.764209018322,1200.0105655686762
1777232747,200,,Aggregated,49.200000,0.000000,3700,3800,4000,4100,4200,4200,4300,4300,4300,4300,4300,1609,0,3700,4030.0224551123133,3165.1876250107307,6329.764209018322,1200.0105655686762
1777232748,200,GET,trips_per_route,47.000000,0.000000,3700,3800,4000,4100,4200,4200,4300,4300,4300,4300,4300,1678,0,3700,4021.481590027179,3165.1876250107307,6329.764209018322,1200.0148986889153
1777232748,200,,Aggregated,47.000000,0.000000,3700,3800,4000,4100,4200,4200,4300,4300,4300,4300,4300,1678,0,3700,4021.481590027179,3165.1876250107307,6329.764209018322,1200.0148986889153
1777232749,200,GET,trips_per_route,46.100000,0.000000,3700,3900,4100,4100,4200,4200,4300,4300,4300,4300,4300,1715,0,3700,4017.966970493037,3165.1876250107307,6329.764209018322,1200.0209912536443
1777232749,200,,Aggregated,46.100000,0.000000,3700,3900,4100,4100,4200,4200,4300,4300,4300,4300,4300,1715,0,3700,4017.966970493037,3165.1876250107307,6329.764209018322,1200.0209912536443
1777232750,200,GET,trips_per_route,47.000000,0.000000,3700,4000,4100,4100,4200,4200,4300,4300,4300,4300,4300,1759,0,3700,4012.9818623624105,3165.1876250107307,6329.764209018322,1200.025582717453
1777232750,200,,Aggregated,47.000000,0.000000,3700,4000,4100,4100,4200,4200,4300,4300,4300,4300,4300,1759,0,3700,4012.9818623624105,3165.1876250107307,6329.764209018322,1200.025582717453
1777232751,200,GET,trips_per_route,49.500000,0.000000,3700,4000,4100,4100,4200,4200,4300,4300,4300,4300,4300,1806,0,3700,4006.147366291558,3165.1876250107307,6329.764209018322,1200.0404208194907
1777232751,200,,Aggregated,49.500000,0.000000,3700,4000,4100,4100,4200,4200,4300,4300,4300,4300,4300,1806,0,3700,4006.147366291558,3165.1876250107307,6329.764209018322,1200.0404208194907
1777232752,200,GET,trips_per_route,47.200000,0.000000,3700,4000,4100,4100,4200,4200,4300,4300,4300,4300,4300,1870,0,3700,3995.565850634492,3165.1876250107307,6329.764209018322,1200.0417112299465
1777232752,200,,Aggregated,47.200000,0.000000,3700,4000,4100,4100,4200,4200,4300,4300,4300,4300,4300,1870,0,3700,3995.565850634492,3165.1876250107307,6329.764209018322,1200.0417112299465
1777232753,200,GET,trips_per_route,46.400000,0.000000,3700,3800,4000,4100,4200,4200,4300,4300,4300,4300,4300,1913,0,3700,3990.4374955000176,3165.1876250107307,6329.764209018322,1200.0517511761632
1777232753,200,,Aggregated,46.400000,0.000000,3700,3800,4000,4100,4200,4200,4300,4300,4300,4300,4300,1913,0,3700,3990.4374955000176,3165.1876250107307,6329.764209018322,1200.0517511761632
1777232754,200,GET,trips_per_route,47.200000,0.000000,3700,3800,4000,4100,4200,4200,4300,4300,4300,4300,4300,1945,0,3700,3986.356407785362,3165.1876250107307,6329.764209018322,1200.0431876606683
1777232754,200,,Aggregated,47.200000,0.000000,3700,3800,4000,4100,4200,4200,4300,4300,4300,4300,4300,1945,0,3700,3986.356407785362,3165.1876250107307,6329.764209018322,1200.0431876606683
1777232755,200,GET,trips_per_route,50.000000,0.000000,3700,3800,4000,4100,4200,4200,4200,4300,4300,4300,4300,1994,0,3700,3983.021435856352,3165.1876250107307,6329.764209018322,1200.0456369107321
1777232755,200,,Aggregated,50.000000,0.000000,3700,3800,4000,4100,4200,4200,4200,4300,4300,4300,4300,1994,0,3700,3983.021435856352,3165.1876250107307,6329.764209018322,1200.0456369107321
1777232756,200,GET,trips_per_route,48.300000,0.000000,3700,3800,4000,4100,4100,4200,4200,4300,4300,4300,4300,2053,0,3700,3977.533308843994,3165.1876250107307,6329.764209018322,1200.055041402825
1777232756,200,,Aggregated,48.300000,0.000000,3700,3800,4000,4100,4100,4200,4200,4300,4300,4300,4300,2053,0,3700,3977.533308843994,3165.1876250107307,6329.764209018322,1200.055041402825
1777232757,200,GET,trips_per_route,45.500000,0.000000,3700,3800,4000,4100,4200,4200,4200,4300,4300,4300,4300,2107,0,3700,3973.867167503418,3165.1876250107307,6329.764209018322,1200.0583768391077
1777232757,200,,Aggregated,45.500000,0.000000,3700,3800,4000,4100,4200,4200,4200,4300,4300,4300,4300,2107,0,3700,3973.867167503418,3165.1876250107307,6329.764209018322,1200.0583768391077
1777232758,200,GET,trips_per_route,46.900000,0.000000,3700,3800,4000,4100,4100,4200,4200,4200,4300,4300,4300,2139,0,3700,3971.519760992817,3165.1876250107307,6329.764209018322,1200.066386161758
1777232758,200,,Aggregated,46.900000,0.000000,3700,3800,4000,4100,4100,4200,4200,4200,4300,4300,4300,2139,0,3700,3971.519760992817,3165.1876250107307,6329.764209018322,1200.066386161758
1777232759,200,GET,trips_per_route,49.800000,0.000000,3700,3800,4000,4100,4100,4200,4200,4300,4300,4300,4300,2184,0,3700,3967.9188917956594,3165.1876250107307,6329.764209018322,1200.0764652014652
1777232759,200,,Aggregated,49.800000,0.000000,3700,3800,4000,4100,4100,4200,4200,4300,4300,4300,4300,2184,0,3700,3967.9188917956594,3165.1876250107307,6329.764209018322,1200.0764652014652
1777232760,200,GET,trips_per_route,48.600000,0.000000,3700,3800,4000,4100,4100,4200,4200,4300,4300,4300,4300,2242,0,3700,3964.554584995016,3165.1876250107307,6329.764209018322,1200.0887600356825
1777232760,200,,Aggregated,48.600000,0.000000,3700,3800,4000,4100,4100,4200,4200,4300,4300,4300,4300,2242,0,3700,3964.554584995016,3165.1876250107307,6329.764209018322,1200.0887600356825
1777232761,200,GET,trips_per_route,45.900000,0.000000,3700,3800,4100,4100,4200,4200,4200,4300,4300,4300,4300,2298,0,3700,3961.552888622613,3165.1876250107307,6329.764209018322,1200.0900783289817
1777232761,200,,Aggregated,45.900000,0.000000,3700,3800,4100,4100,4200,4200,4200,4300,4300,4300,4300,2298,0,3700,3961.552888622613,3165.1876250107307,6329.764209018322,1200.0900783289817
1777232762,200,GET,trips_per_route,46.900000,0.000000,3700,4000,4100,4100,4200,4200,4200,4300,4300,4300,4300,2336,0,3700,3959.617290994355,3165.1876250107307,6329.764209018322,1200.0890410958905
1777232762,200,,Aggregated,46.900000,0.000000,3700,4000,4100,4100,4200,4200,4200,4300,4300,4300,4300,2336,0,3700,3959.617290994355,3165.1876250107307,6329.764209018322,1200.0890410958905
1777232763,200,GET,trips_per_route,49.000000,0.000000,3700,4000,4100,4100,4200,4200,4200,4300,4300,4300,4300,2379,0,3700,3955.3881208191947,3165.1876250107307,6329.764209018322,1200.0949978982767
1777232763,200,,Aggregated,49.000000,0.000000,3700,4000,4100,4100,4200,4200,4200,4300,4300,4300,4300,2379,0,3700,3955.3881208191947,3165.1876250107307,6329.764209018322,1200.0949978982767
1777232764,200,GET,trips_per_route,49.000000,0.000000,3700,3900,4100,4100,4100,4200,4200,4300,4300,4300,4300,2433,0,3700,3949.9511955622324,3165.1876250107307,6329.764209018322,1200.1043978627208
1777232764,200,,Aggregated,49.000000,0.000000,3700,3900,4100,4100,4100,4200,4200,4300,4300,4300,4300,2433,0,3700,3949.9511955622324,3165.1876250107307,6329.764209018322,1200.1043978627208
1777232765,200,GET,trips_per_route,46.100000,0.000000,3700,3800,4000,4100,4100,4200,4300,4300,4300,4300,4300,2494,0,3700,3946.4887459947868,3165.1876250107307,6329.764209018322,1200.109462710505
1777232765,200,,Aggregated,46.100000,0.000000,3700,3800,4000,4100,4100,4200,4300,4300,4300,4300,4300,2494,0,3700,3946.4887459947868,3165.1876250107307,6329.764209018322,1200.109462710505
1777232766,200,GET,trips_per_route,46.500000,0.000000,3700,3800,4000,4100,4100,4200,4300,4300,4300,4300,4300,2522,0,3700,3944.285755175657,3165.1876250107307,6329.764209018322,1200.1130055511499
1777232766,200,,Aggregated,46.500000,0.000000,3700,3800,4000,4100,4100,4200,4300,4300,4300,4300,4300,2522,0,3700,3944.285755175657,3165.1876250107307,6329.764209018322,1200.1130055511499
1777232767,200,GET,trips_per_route,48.500000,0.000000,3700,3800,4000,4100,4100,4200,4300,4300,4300,4300,4300,2566,0,3700,3943.2462536917765,3165.1876250107307,6329.764209018322,1200.1176929072487
1777232767,200,,Aggregated,48.500000,0.000000,3700,3800,4000,4100,4100,4200,4300,4300,4300,4300,4300,2566,0,3700,3943.2462536917765,3165.1876250107307,6329.764209018322,1200.1176929072487
1777232768,200,GET,trips_per_route,49.400000,0.000000,3700,3800,4000,4100,4200,4200,4300,4300,4300,4300,4300,2616,0,3700,3940.794354491671,3165.1876250107307,6329.764209018322,1200.1227064220184
1777232768,200,,Aggregated,49.400000,0.000000,3700,3800,4000,4100,4200,4200,4300,4300,4300,4300,4300,2616,0,3700,3940.794354491671,3165.1876250107307,6329.764209018322,1200.1227064220184
1777232769,200,GET,trips_per_route,46.100000,0.000000,3700,3800,4000,4100,4200,4200,4300,4300,4300,4300,4300,2679,0,3700,3938.0001755700187,3165.1876250107307,6329.764209018322,1200.1213139231056
1777232769,200,,Aggregated,46.100000,0.000000,3700,3800,4000,4100,4200,4200,4300,4300,4300,4300,4300,2679,0,3700,3938.0001755700187,3165.1876250107307,6329.764209018322,1200.1213139231056
1777232770,200,GET,trips_per_route,46.400000,0.000000,3700,3800,4000,4100,4200,4200,4300,4300,4300,4300,4300,2717,0,3700,3937.146263255802,3165.1876250107307,6329.764209018322,1200.1218255428782
1777232770,200,,Aggregated,46.400000,0.000000,3700,3800,4000,4100,4200,4200,4300,4300,4300,4300,4300,2717,0,3700,3937.146263255802,3165.1876250107307,6329.764209018322,1200.1218255428782
1777232771,200,GET,trips_per_route,48.100000,0.000000,3700,3800,4000,4100,4200,4200,4300,4300,4300,4300,4300,2756,0,3700,3934.918461544632,3165.1876250107307,6329.764209018322,1200.1215529753265
1777232771,200,,Aggregated,48.100000,0.000000,3700,3800,4000,4100,4200,4200,4300,4300,4300,4300,4300,2756,0,3700,3934.918461544632,3165.1876250107307,6329.764209018322,1200.1215529753265
1777232772,200,GET,trips_per_route,50.000000,0.000000,3700,3800,4100,4100,4200,4200,4300,4300,4300,4300,4300,2802,0,3700,3934.025924314805,3165.1876250107307,6329.764209018322,1200.123483226267
1777232772,200,,Aggregated,50.000000,0.000000,3700,3800,4100,4100,4200,4200,4300,4300,4300,4300,4300,2802,0,3700,3934.025924314805,3165.1876250107307,6329.764209018322,1200.123483226267
1777232773,200,GET,trips_per_route,46.600000,0.000000,3700,3900,4100,4100,4200,4200,4300,4300,4300,4300,4300,2862,0,3700,3932.1265935143415,3165.1876250107307,6329.764209018322,1200.1261355695317
1777232773,200,,Aggregated,46.600000,0.000000,3700,3900,4100,4100,4200,4200,4300,4300,4300,4300,4300,2862,0,3700,3932.1265935143415,3165.1876250107307,6329.764209018322,1200.1261355695317
1777232774,200,GET,trips_per_route,45.800000,0.000000,3700,4000,4100,4100,4200,4200,4300,4300,4500,4500,4500,2915,0,3700,3931.3351899269605,3165.1876250107307,6329.764209018322,1200.130360205832
1777232774,200,,Aggregated,45.800000,0.000000,3700,4000,4100,4100,4200,4200,4300,4300,4500,4500,4500,2915,0,3700,3931.3351899269605,3165.1876250107307,6329.764209018322,1200.130360205832
1777232775,200,GET,trips_per_route,46.500000,0.000000,3700,4000,4100,4100,4200,4200,4300,4300,4500,4500,4500,2944,0,3700,3929.0869828648206,3165.1876250107307,6329.764209018322,1200.1345108695652
1777232775,200,,Aggregated,46.500000,0.000000,3700,4000,4100,4100,4200,4200,4300,4300,4500,4500,4500,2944,0,3700,3929.0869828648206,3165.1876250107307,6329.764209018322,1200.1345108695652
1777232776,200,GET,trips_per_route,49.100000,0.000000,3700,4000,4100,4100,4200,4200,4300,4300,4500,4500,4500,2992,0,3700,3926.9468404669565,3165.1876250107307,6329.764209018322,1200.138703208556
1777232776,200,,Aggregated,49.100000,0.000000,3700,4000,4100,4100,4200,4200,4300,4300,4500,4500,4500,2992,0,3700,3926.9468404669565,3165.1876250107307,6329.764209018322,1200.138703208556
1777232777,200,GET,trips_per_route,48.200000,0.000000,3700,3800,4100,4100,4200,4200,4300,4300,4500,4500,4500,3050,0,3700,3924.2575646089517,3165.1876250107307,6329.764209018322,1200.1416393442623
1777232777,200,,Aggregated,48.200000,0.000000,3700,3800,4100,4100,4200,4200,4300,4300,4500,4500,4500,3050,0,3700,3924.2575646089517,3165.1876250107307,6329.764209018322,1200.1416393442623
1777232778,200,GET,trips_per_route,45.300000,0.000000,3700,3800,4100,4100,4200,4200,4300,4300,4500,4500,4500,3104,0,3700,3921.9429013564386,3165.1876250107307,6329.764209018322,1200.1436855670104
1777232778,200,,Aggregated,45.300000,0.000000,3700,3800,4100,4100,4200,4200,4300,4300,4500,4500,4500,3104,0,3700,3921.9429013564386,3165.1876250107307,6329.764209018322,1200.1436855670104
1777232779,200,GET,trips_per_route,46.700000,0.000000,3700,3900,4100,4100,4200,4200,4300,4300,4500,4500,4500,3142,0,3700,3921.418537017961,3165.1876250107307,6329.764209018322,1200.144812221515
1777232779,200,,Aggregated,46.700000,0.000000,3700,3900,4100,4100,4200,4200,4300,4300,4500,4500,4500,3142,0,3700,3921.418537017961,3165.1876250107307,6329.764209018322,1200.144812221515
1777232780,200,GET,trips_per_route,49.300000,0.000000,3700,3800,4100,4100,4200,4200,4300,4300,4500,4500,4500,3182,0,3700,3919.4361773320425,3165.1876250107307,6329.764209018322,1200.1477058453802
1777232780,200,,Aggregated,49.300000,0.000000,3700,3800,4100,4100,4200,4200,4300,4300,4500,4500,4500,3182,0,3700,3919.4361773320425,3165.1876250107307,6329.764209018322,1200.1477058453802
1777232781,200,GET,trips_per_route,47.900000,0.000000,3700,3800,4100,4100,4200,4200,4300,4300,4500,4500,4500,3234,0,3700,3917.8618997577423,3165.1876250107307,6329.764209018322,1200.1465677179963
1777232781,200,,Aggregated,47.900000,0.000000,3700,3800,4100,4100,4200,4200,4300,4300,4500,4500,4500,3234,0,3700,3917.8618997577423,3165.1876250107307,6329.764209018322,1200.1465677179963
1777232782,200,GET,trips_per_route,45.700000,0.000000,3700,3800,4100,4100,4200,4200,4300,4300,4500,4500,4500,3292,0,3700,3916.191233909045,3165.1876250107307,6329.764209018322,1200.1494532199272
1777232782,200,,Aggregated,45.700000,0.000000,3700,3800,4100,4100,4200,4200,4300,4300,4500,4500,4500,3292,0,3700,3916.191233909045,3165.1876250107307,6329.764209018322,1200.1494532199272
1777232783,200,GET,trips_per_route,46.500000,0.000000,3700,3800,4100,4100,4200,4200,4300,4300,4500,4500,4500,3328,0,3700,3915.3218405906437,3165.1876250107307,6329.764209018322,1200.1508413461538
1777232783,200,,Aggregated,46.500000,0.000000,3700,3800,4100,4100,4200,4200,4300,4300,4500,4500,4500,3328,0,3700,3915.3218405906437,3165.1876250107307,6329.764209018322,1200.1508413461538
1777232784,200,GET,trips_per_route,48.700000,0.000000,3700,3800,4100,4100,4200,4200,4300,4300,4300,4300,4300,3370,0,3700,3915.1522314384783,3165.1876250107307,6329.764209018322,1200.152818991098
1777232784,200,,Aggregated,48.700000,0.000000,3700,3800,4100,4100,4200,4200,4300,4300,4300,4300,4300,3370,0,3700,3915.1522314384783,3165.1876250107307,6329.764209018322,1200.152818991098
1777232785,200,GET,trips_per_route,48.700000,0.000000,3700,3800,4100,4100,4200,4200,4300,4300,4300,4300,4300,3418,0,3700,3913.630577660529,3165.1876250107307,6329.764209018322,1200.1556465769456
1777232785,200,,Aggregated,48.700000,0.000000,3700,3800,4100,4100,4200,4200,4300,4300,4300,4300,4300,3418,0,3700,3913.630577660529,3165.1876250107307,6329.764209018322,1200.1556465769456
1777232786,200,GET,trips_per_route,46.200000,0.000000,3700,4000,4100,4100,4200,4200,4300,4300,4400,4400,4400,3484,0,3700,3912.4855134264467,3165.1876250107307,6329.764209018322,1200.160447761194
1777232786,200,,Aggregated,46.200000,0.000000,3700,4000,4100,4100,4200,4200,4300,4300,4400,4400,4400,3484,0,3700,3912.4855134264467,3165.1876250107307,6329.764209018322,1200.160447761194
1777232787,200,GET,trips_per_route,45.700000,0.000000,3700,4000,4100,4100,4200,4200,4300,4300,4400,4400,4400,3523,0,3700,3910.9244573706055,3165.1876250107307,6329.764209018322,1200.1634970195855
1777232787,200,,Aggregated,45.700000,0.000000,3700,4000,4100,4100,4200,4200,4300,4300,4400,4400,4400,3523,0,3700,3910.9244573706055,3165.1876250107307,6329.764209018322,1200.1634970195855
1777232788,200,GET,trips_per_route,47.900000,0.000000,3700,4000,4100,4100,4200,4200,4300,4300,4400,4400,4400,3562,0,3700,3909.2574220428132,3165.1876250107307,6329.764209018322,1200.1633913531723
1777232788,200,,Aggregated,47.900000,0.000000,3700,4000,4100,4100,4200,4200,4300,4300,4400,4400,4400,3562,0,3700,3909.2574220428132,3165.1876250107307,6329.764209018322,1200.1633913531723
1777232789,200,GET,trips_per_route,49.700000,0.000000,3700,3800,4100,4100,4200,4200,4300,4300,4400,4400,4400,3611,0,3700,3907.6291049865686,3165.1876250107307,6329.764209018322,1200.166712821933
1777232789,200,,Aggregated,49.700000,0.000000,3700,3800,4100,4100,4200,4200,4300,4300,4400,4400,4400,3611,0,3700,3907.6291049865686,3165.1876250107307,6329.764209018322,1200.166712821933
1777232790,200,GET,trips_per_route,46.500000,0.000000,3700,3800,4100,4100,4200,4200,4300,4300,4400,4400,4400,3671,0,3700,3905.5686070061183,3165.1876250107307,6329.764209018322,1200.1661672568782
1777232790,200,,Aggregated,46.500000,0.000000,3700,3800,4100,4100,4200,4200,4300,4300,4400,4400,4400,3671,0,3700,3905.5686070061183,3165.1876250107307,6329.764209018322,1200.1661672568782
1777232791,200,GET,trips_per_route,46.100000,0.000000,3700,3900,4100,4100,4200,4200,4300,4300,4400,4400,4400,3719,0,3700,3904.9010674760216,3165.1876250107307,6329.764209018322,1200.1591825759613
1777232791,200,,Aggregated,46.100000,0.000000,3700,3900,4100,4100,4200,4200,4300,4300,4400,4400,4400,3719,0,3700,3904.9010674760216,3165.1876250107307,6329.764209018322,1200.1591825759613
1777232792,200,GET,trips_per_route,47.400000,0.000000,3700,3800,4100,4100,4200,4200,4300,4300,4400,4400,4400,3752,0,3700,3903.5844523335077,3165.1876250107307,6329.764209018322,1200.1588486140724
1777232792,200,,Aggregated,47.400000,0.000000,3700,3800,4100,4100,4200,4200,4300,4300,4400,4400,4400,3752,0,3700,3903.5844523335077,3165.1876250107307,6329.764209018322,1200.1588486140724
1777232793,200,GET,trips_per_route,48.900000,0.000000,3700,3800,4100,4100,4200,4200,4300,4300,4400,4400,4400,3800,0,3700,3902.2089078492763,3165.1876250107307,6329.764209018322,1200.1581578947369
1777232793,200,,Aggregated,48.900000,0.000000,3700,3800,4100,4100,4200,4200,4300,4300,4400,4400,4400,3800,0,3700,3902.2089078492763,3165.1876250107307,6329.764209018322,1200.1581578947369
1777232794,200,GET,trips_per_route,47.500000,0.000000,3700,3800,4100,4100,4200,4200,4300,4300,4400,4400,4400,3858,0,3700,3901.1765612353825,3165.1876250107307,6329.764209018322,1200.1575946086055
1777232794,200,,Aggregated,47.500000,0.000000,3700,3800,4100,4100,4200,4200,4300,4300,4400,4400,4400,3858,0,3700,3901.1765612353825,3165.1876250107307,6329.764209018322,1200.1575946086055
1777232795,200,GET,trips_per_route,45.900000,0.000000,3700,3800,4100,4100,4200,4200,4300,4300,4400,4400,4400,3911,0,3700,3901.024288883968,3165.1876250107307,6329.764209018322,1200.16133981079
1777232795,200,,Aggregated,45.900000,0.000000,3700,3800,4100,4100,4200,4200,4300,4300,4400,4400,4400,3911,0,3700,3901.024288883968,3165.1876250107307,6329.764209018322,1200.16133981079
1777232796,200,GET,trips_per_route,46.700000,0.000000,3700,3800,4100,4100,4200,4200,4300,4300,4400,4400,4400,3946,0,3700,3900.5910684108767,3165.1876250107307,6329.764209018322,1200.1621895590472
1777232796,200,,Aggregated,46.700000,0.000000,3700,3800,4100,4100,4200,4200,4300,4300,4400,4400,4400,3946,0,3700,3900.5910684108767,3165.1876250107307,6329.764209018322,1200.1621895590472
1777232797,200,GET,trips_per_route,49.300000,0.000000,3700,3900,4100,4100,4200,4200,4300,4300,4400,4400,4400,3990,0,3700,3900.491291737669,3165.1876250107307,6329.764209018322,1200.163909774436
1777232797,200,,Aggregated,49.300000,0.000000,3700,3900,4100,4100,4200,4200,4300,4300,4400,4400,4400,3990,0,3700,3900.491291737669,3165.1876250107307,6329.764209018322,1200.163909774436
1777232798,200,GET,trips_per_route,48.700000,0.000000,3700,3900,4100,4100,4200,4200,4300,4300,4400,4400,4400,4053,0,3700,3898.3783843319384,3165.1876250107307,6329.764209018322,1200.1658031088082
1777232798,200,,Aggregated,48.700000,0.000000,3700,3900,4100,4100,4200,4200,4300,4300,4400,4400,4400,4053,0,3700,3898.3783843319384,3165.1876250107307,6329.764209018322,1200.1658031088082
1777232799,200,GET,trips_per_route,45.400000,0.000000,3700,3900,4100,4100,4200,4200,4300,4300,4400,4400,4400,4103,0,3700,3897.130455933756,3165.1876250107307,6329.764209018322,1200.1679259078724
1777232799,200,,Aggregated,45.400000,0.000000,3700,3900,4100,4100,4200,4200,4300,4300,4400,4400,4400,4103,0,3700,3897.130455933756,3165.1876250107307,6329.764209018322,1200.1679259078724
1777232800,200,GET,trips_per_route,46.500000,0.000000,3700,3900,4100,4100,4200,4200,4300,4300,4400,4400,4400,4137,0,3700,3895.9544391535383,3165.1876250107307,6329.764209018322,1200.170655064056
1777232800,200,,Aggregated,46.500000,0.000000,3700,3900,4100,4100,4200,4200,4300,4300,4400,4400,4400,4137,0,3700,3895.9544391535383,3165.1876250107307,6329.764209018322,1200.170655064056
1777232801,200,GET,trips_per_route,48.900000,0.000000,3700,3800,4100,4100,4200,4200,4300,4300,4300,4300,4300,4176,0,3700,3894.8056856214703,3165.1876250107307,6329.764209018322,1200.1733716475096
1777232801,200,,Aggregated,48.900000,0.000000,3700,3800,4100,4100,4200,4200,4300,4300,4300,4300,4300,4176,0,3700,3894.8056856214703,3165.1876250107307,6329.764209018322,1200.1733716475096
1777232802,200,GET,trips_per_route,48.400000,0.000000,3700,3800,4100,4100,4200,4200,4300,4300,4300,4300,4300,4232,0,3700,3893.760487522518,3165.1876250107307,6329.764209018322,1200.1758034026466
1777232802,200,,Aggregated,48.400000,0.000000,3700,3800,4100,4100,4200,4200,4300,4300,4300,4300,4300,4232,0,3700,3893.760487522518,3165.1876250107307,6329.764209018322,1200.1758034026466
1777232803,200,GET,trips_per_route,46.300000,0.000000,3700,3800,4100,4100,4200,4200,4300,4300,4400,4400,4400,4294,0,3700,3892.625361857541,3165.1876250107307,6329.764209018322,1200.1804843968328
1777232803,200,,Aggregated,46.300000,0.000000,3700,3800,4100,4100,4200,4200,4300,4300,4400,4400,4400,4294,0,3700,3892.625361857541,3165.1876250107307,6329.764209018322,1200.1804843968328
1777232804,200,GET,trips_per_route,45.600000,0.000000,3700,3800,4100,4100,4200,4200,4300,4300,4400,4400,4400,4334,0,3700,3891.691136052429,3165.1876250107307,6329.764209018322,1200.1829718504846
1777232804,200,,Aggregated,45.600000,0.000000,3700,3800,4100,4100,4200,4200,4300,4300,4400,4400,4400,4334,0,3700,3891.691136052429,3165.1876250107307,6329.764209018322,1200.1829718504846
1777232805,200,GET,trips_per_route,48.400000,0.000000,3700,3800,4100,4100,4200,4200,4300,4300,4400,4400,4400,4366,0,3700,3891.1733889011075,3165.1876250107307,6329.764209018322,1200.1848373797527
1777232805,200,,Aggregated,48.400000,0.000000,3700,3800,4100,4100,4200,4200,4300,4300,4400,4400,4400,4366,0,3700,3891.1733889011075,3165.1876250107307,6329.764209018322,1200.1848373797527
1777232806,200,GET,trips_per_route,49.500000,0.000000,3700,3800,4100,4100,4200,4200,4300,4300,4400,4400,4400,4421,0,3700,3890.035267252717,3165.1876250107307,6329.764209018322,1200.1884189097489
1777232806,200,,Aggregated,49.500000,0.000000,3700,3800,4100,4100,4200,4200,4300,4300,4400,4400,4400,4421,0,3700,3890.035267252717,3165.1876250107307,6329.764209018322,1200.1884189097489
1777232807,200,GET,trips_per_route,46.600000,0.000000,3700,3800,4100,4100,4200,4200,4300,4300,4400,4400,4400,4482,0,3700,3889.7961804674815,3165.1876250107307,6329.764209018322,1200.1871932173137
1777232807,200,,Aggregated,46.600000,0.000000,3700,3800,4100,4100,4200,4200,4300,4300,4400,4400,4400,4482,0,3700,3889.7961804674815,3165.1876250107307,6329.764209018322,1200.1871932173137
1777232808,200,GET,trips_per_route,45.300000,0.000000,3700,3800,4100,4100,4200,4200,4300,4300,4400,4400,4400,4524,0,3700,3890.0088082677407,3165.1876250107307,6329.764209018322,1200.1865605658709
1777232808,200,,Aggregated,45.300000,0.000000,3700,3800,4100,4100,4200,4200,4300,4300,4400,4400,4400,4524,0,3700,3890.0088082677407,3165.1876250107307,6329.764209018322,1200.1865605658709
1777232809,200,GET,trips_per_route,48.000000,0.000000,3700,4000,4100,4100,4200,4200,4300,4300,4400,4400,4400,4560,0,3700,3889.4896105950247,3165.1876250107307,6329.764209018322,1200.1901315789473
1777232809,200,,Aggregated,48.000000,0.000000,3700,4000,4100,4100,4200,4200,4300,4300,4400,4400,4400,4560,0,3700,3889.4896105950247,3165.1876250107307,6329.764209018322,1200.1901315789473
1777232810,200,GET,trips_per_route,49.000000,0.000000,3700,4000,4100,4100,4200,4200,4300,4300,4400,4400,4400,4612,0,3700,3888.1445510590447,3165.1876250107307,6329.764209018322,1200.1936253252386
1777232810,200,,Aggregated,49.000000,0.000000,3700,4000,4100,4100,4200,4200,4300,4300,4400,4400,4400,4612,0,3700,3888.1445510590447,3165.1876250107307,6329.764209018322,1200.1936253252386
1777232811,200,GET,trips_per_route,46.900000,0.000000,3700,3900,4100,4100,4200,4200,4300,4300,4400,4400,4400,4671,0,3700,3886.7161052655265,3165.1876250107307,6329.764209018322,1200.196103618069
1777232811,200,,Aggregated,46.900000,0.000000,3700,3900,4100,4100,4200,4200,4300,4300,4400,4400,4400,4671,0,3700,3886.7161052655265,3165.1876250107307,6329.764209018322,1200.196103618069
1777232812,200,GET,trips_per_route,45.600000,0.000000,3700,3800,4100,4100,4200,4200,4300,4300,4400,4400,4400,4719,0,3700,3885.67747976913,3165.1876250107307,6329.764209018322,1200.1979232888323
1777232812,200,,Aggregated,45.600000,0.000000,3700,3800,4100,4100,4200,4200,4300,4300,4400,4400,4400,4719,0,3700,3885.67747976913,3165.1876250107307,6329.764209018322,1200.1979232888323
1777232813,200,GET,trips_per_route,47.700000,0.000000,3700,3800,4100,4100,4200,4200,4300,4300,4300,4300,4300,4758,0,3700,3884.79358546814,3165.1876250107307,6329.764209018322,1200.2007145859604
1777232813,200,,Aggregated,47.700000,0.000000,3700,3800,4100,4100,4200,4200,4300,4300,4300,4300,4300,4758,0,3700,3884.79358546814,3165.1876250107307,6329.764209018322,1200.2007145859604
1777232814,200,GET,trips_per_route,49.400000,0.000000,3700,3800,4100,4100,4200,4200,4300,4300,4300,4300,4300,4797,0,3700,3883.853991389889,3165.1876250107307,6329.764209018322,1200.2001250781739
1777232814,200,,Aggregated,49.400000,0.000000,3700,3800,4100,4100,4200,4200,4300,4300,4300,4300,4300,4797,0,3700,3883.853991389889,3165.1876250107307,6329.764209018322,1200.2001250781739
1777232815,200,GET,trips_per_route,48.100000,0.000000,3700,3800,4100,4100,4200,4200,4300,4300,4300,4300,4300,4860,0,3700,3882.826273008716,3165.1876250107307,6329.764209018322,1200.2024691358024
1777232815,200,,Aggregated,48.100000,0.000000,3700,3800,4100,4100,4200,4200,4300,4300,4300,4300,4300,4860,0,3700,3882.826273008716,3165.1876250107307,6329.764209018322,1200.2024691358024
1777232816,200,GET,trips_per_route,46.000000,0.000000,3700,3800,4100,4100,4200,4200,4300,4300,4300,4300,4300,4913,0,3700,3882.0114108374587,3165.1876250107307,6329.764209018322,1200.2047628740077
1777232816,200,,Aggregated,46.000000,0.000000,3700,3800,4100,4100,4200,4200,4300,4300,4300,4300,4300,4913,0,3700,3882.0114108374587,3165.1876250107307,6329.764209018322,1200.2047628740077
1777232817,200,GET,trips_per_route,46.600000,0.000000,3700,3800,4100,4100,4200,4200,4300,4300,4300,4300,4300,4948,0,3700,3881.495057654916,3165.1876250107307,6329.764209018322,1200.2047291835086
1777232817,200,,Aggregated,46.600000,0.000000,3700,3800,4100,4100,4200,4200,4300,4300,4300,4300,4300,4948,0,3700,3881.495057654916,3165.1876250107307,6329.764209018322,1200.2047291835086
1777232818,200,GET,trips_per_route,49.200000,0.000000,3700,3800,4100,4100,4200,4200,4300,4300,4400,4400,4400,4985,0,3700,3881.391531265495,3165.1876250107307,6329.764209018322,1200.2054162487461
1777232818,200,,Aggregated,49.200000,0.000000,3700,3800,4100,4100,4200,4200,4300,4300,4400,4400,4400,4985,0,3700,3881.391531265495,3165.1876250107307,6329.764209018322,1200.2054162487461
1777232819,200,GET,trips_per_route,48.600000,0.000000,3700,3800,4100,4100,4200,4200,4300,4300,4400,4400,4400,5043,0,3700,3880.9203855969595,3165.1876250107307,6329.764209018322,1200.208605988499
1777232819,200,,Aggregated,48.600000,0.000000,3700,3800,4100,4100,4200,4200,4300,4300,4400,4400,4400,5043,0,3700,3880.9203855969595,3165.1876250107307,6329.764209018322,1200.208605988499
1777232820,200,GET,trips_per_route,46.400000,0.000000,3700,3800,4100,4100,4200,4200,4300,4300,4400,4400,4400,5099,0,3700,3881.124282413092,3165.1876250107307,6329.764209018322,1200.2104334183173
1777232820,200,,Aggregated,46.400000,0.000000,3700,3800,4100,4100,4200,4200,4300,4300,4400,4400,4400,5099,0,3700,3881.124282413092,3165.1876250107307,6329.764209018322,1200.2104334183173
1777232821,200,GET,trips_per_route,46.000000,0.000000,3700,4000,4100,4100,4200,4200,4300,4300,4400,4400,4400,5138,0,3700,3881.1273297048147,3165.1876250107307,6329.764209018322,1200.2123394316855
1777232821,200,,Aggregated,46.000000,0.000000,3700,4000,4100,4100,4200,4200,4300,4300,4400,4400,4400,5138,0,3700,3881.1273297048147,3165.1876250107307,6329.764209018322,1200.2123394316855
1777232822,200,GET,trips_per_route,48.600000,0.000000,3700,4000,4100,4100,4200,4200,4300,4300,4400,4400,4400,5179,0,3700,3880.4959534870304,3165.1876250107307,6329.764209018322,1200.2108515157365
1777232822,200,,Aggregated,48.600000,0.000000,3700,4000,4100,4100,4200,4200,4300,4300,4400,4400,4400,5179,0,3700,3880.4959534870304,3165.1876250107307,6329.764209018322,1200.2108515157365
1777232823,200,GET,trips_per_route,48.800000,0.000000,3700,4000,4100,4100,4200,4200,4300,4300,4400,4400,4400,5230,0,3700,3879.644976334865,3165.1876250107307,6329.764209018322,1200.2097514340344
1777232823,200,,Aggregated,48.800000,0.000000,3700,4000,4100,4100,4200,4200,4300,4300,4400,4400,4400,5230,0,3700,3879.644976334865,3165.1876250107307,6329.764209018322,1200.2097514340344
1777232824,200,GET,trips_per_route,46.600000,0.000000,3700,4000,4100,4100,4200,4200,4300,4300,4400,4400,4400,5290,0,3700,3878.6008750905917,3165.1876250107307,6329.764209018322,1200.2115311909263
1777232824,200,,Aggregated,46.600000,0.000000,3700,4000,4100,4100,4200,4200,4300,4300,4400,4400,4400,5290,0,3700,3878.6008750905917,3165.1876250107307,6329.764209018322,1200.2115311909263
1777232825,200,GET,trips_per_route,46.200000,0.000000,3700,4000,4100,4100,4200,4200,4300,4300,4400,4400,4400,5335,0,3700,3877.99656511628,3165.1876250107307,6329.764209018322,1200.2095595126523
1777232825,200,,Aggregated,46.200000,0.000000,3700,4000,4100,4100,4200,4200,4300,4300,4400,4400,4400,5335,0,3700,3877.99656511628,3165.1876250107307,6329.764209018322,1200.2095595126523
1777232826,200,GET,trips_per_route,47.500000,0.000000,3700,3900,4100,4100,4200,4200,4300,4300,4400,4400,4400,5372,0,3700,3877.3545065735575,3165.1876250107307,6329.764209018322,1200.2092330603127
1777232826,200,,Aggregated,47.500000,0.000000,3700,3900,4100,4100,4200,4200,4300,4300,4400,4400,4400,5372,0,3700,3877.3545065735575,3165.1876250107307,6329.764209018322,1200.2092330603127
1777232827,200,GET,trips_per_route,49.000000,0.000000,3700,3800,4100,4100,4200,4200,4300,4300,4400,4400,4400,5416,0,3700,3876.540693234879,3165.1876250107307,6329.764209018322,1200.2110413589364
1777232827,200,,Aggregated,49.000000,0.000000,3700,3800,4100,4100,4200,4200,4300,4300,4400,4400,4400,5416,0,3700,3876.540693234879,3165.1876250107307,6329.764209018322,1200.2110413589364
1777232828,200,GET,trips_per_route,47.400000,0.000000,3700,3800,4100,4100,4200,4200,4300,4300,4400,4400,4400,5480,0,3700,3876.0092853660867,3165.1876250107307,6329.764209018322,1200.2116788321168
1777232828,200,,Aggregated,47.400000,0.000000,3700,3800,4100,4100,4200,4200,4300,4300,4400,4400,4400,5480,0,3700,3876.0092853660867,3165.1876250107307,6329.764209018322,1200.2116788321168
1777232829,200,GET,trips_per_route,45.900000,0.000000,3700,3800,4100,4100,4200,4300,4300,4300,4400,4400,4400,5522,0,3700,3875.697424221856,3165.1876250107307,6329.764209018322,1200.2097066280332
1777232829,200,,Aggregated,45.900000,0.000000,3700,3800,4100,4100,4200,4300,4300,4300,4400,4400,4400,5522,0,3700,3875.697424221856,3165.1876250107307,6329.764209018322,1200.2097066280332
1777232830,200,GET,trips_per_route,46.700000,0.000000,3700,3800,4100,4100,4200,4300,4300,4300,4400,4400,4400,5560,0,3700,3875.575442756136,3165.1876250107307,6329.764209018322,1200.2095323741007
1777232830,200,,Aggregated,46.700000,0.000000,3700,3800,4100,4100,4200,4300,4300,4300,4400,4400,4400,5560,0,3700,3875.575442756136,3165.1876250107307,6329.764209018322,1200.2095323741007
1777232831,200,GET,trips_per_route,49.400000,0.000000,3700,3800,4100,4100,4200,4300,4300,4300,4400,4400,4400,5602,0,3700,3876.0592777388924,3165.1876250107307,6329.764209018322,1200.2086754730453
1777232831,200,,Aggregated,49.400000,0.000000,3700,3800,4100,4100,4200,4300,4300,4300,4400,4400,4400,5602,0,3700,3876.0592777388924,3165.1876250107307,6329.764209018322,1200.2086754730453
1777232832,200,GET,trips_per_route,47.700000,0.000000,3700,3800,4100,4100,4200,4200,4300,4300,4400,4400,4400,5666,0,3700,3876.1831639049033,3165.1876250107307,6329.764209018322,1200.2093187433816
1777232832,200,,Aggregated,47.700000,0.000000,3700,3800,4100,4100,4200,4200,4300,4300,4400,4400,4400,5666,0,3700,3876.1831639049033,3165.1876250107307,6329.764209018322,1200.2093187433816
1777232833,200,GET,trips_per_route,45.600000,0.000000,3700,3900,4100,4100,4200,4200,4300,4300,4400,4400,4400,5716,0,3700,3876.018499566323,3165.1876250107307,6329.764209018322,1200.2102869139258
1777232833,200,,Aggregated,45.600000,0.000000,3700,3900,4100,4100,4200,4200,4300,4300,4400,4400,4400,5716,0,3700,3876.018499566323,3165.1876250107307,6329.764209018322,1200.2102869139258
1777232835,200,GET,trips_per_route,46.300000,0.000000,3700,4000,4100,4100,4200,4200,4300,4300,4400,4400,4400,5749,0,3700,3875.5793317864072,3165.1876250107307,6329.764209018322,1200.2120368759784
1777232835,200,,Aggregated,46.300000,0.000000,3700,4000,4100,4100,4200,4200,4300,4300,4400,4400,4400,5749,0,3700,3875.5793317864072,3165.1876250107307,6329.764209018322,1200.2120368759784
1777232836,200,GET,trips_per_route,48.500000,0.000000,3700,4000,4100,4100,4200,4200,4300,4300,4400,4400,4400,5791,0,3700,3874.9447509034685,3165.1876250107307,6329.764209018322,1200.2134346399585
1777232836,200,,Aggregated,48.500000,0.000000,3700,4000,4100,4100,4200,4200,4300,4300,4400,4400,4400,5791,0,3700,3874.9447509034685,3165.1876250107307,6329.764209018322,1200.2134346399585
1777232837,200,GET,trips_per_route,48.300000,0.000000,3700,3900,4100,4100,4200,4200,4300,4300,4400,4400,4400,5854,0,3700,3873.982324361824,3165.1876250107307,6329.764209018322,1200.2166040314314
1777232837,200,,Aggregated,48.300000,0.000000,3700,3900,4100,4100,4200,4200,4300,4300,4400,4400,4400,5854,0,3700,3873.982324361824,3165.1876250107307,6329.764209018322,1200.2166040314314
1777232838,200,GET,trips_per_route,45.600000,0.000000,3700,3900,4100,4100,4200,4200,4300,4300,4400,4400,4400,5907,0,3700,3873.4968551268116,3165.1876250107307,6329.764209018322,1200.2185542576603
1777232838,200,,Aggregated,45.600000,0.000000,3700,3900,4100,4100,4200,4200,4300,4300,4400,4400,4400,5907,0,3700,3873.4968551268116,3165.1876250107307,6329.764209018322,1200.2185542576603
1777232839,200,GET,trips_per_route,45.600000,0.000000,3700,3900,4100,4100,4200,4200,4300,4300,4400,4400,4400,5943,0,3700,3873.232221890315,3165.1876250107307,6329.764209018322,1200.2202591283863
1777232839,200,,Aggregated,45.600000,0.000000,3700,3900,4100,4100,4200,4200,4300,4300,4400,4400,4400,5943,0,3700,3873.232221890315,3165.1876250107307,6329.764209018322,1200.2202591283863
1777232840,200,GET,trips_per_route,48.200000,0.000000,3700,3800,4100,4100,4200,4200,4300,4300,4400,4400,4400,5984,0,3700,3872.6566433526605,3165.1876250107307,6329.764209018322,1200.2214237967914
1777232840,200,,Aggregated,48.200000,0.000000,3700,3800,4100,4100,4200,4200,4300,4300,4400,4400,4400,5984,0,3700,3872.6566433526605,3165.1876250107307,6329.764209018322,1200.2214237967914
1777232841,200,GET,trips_per_route,46.300000,0.000000,3700,3800,4100,4100,4200,4200,4300,4300,4300,4300,4300,6039,0,3700,3871.9506157669016,3165.1876250107307,6329.764209018322,1200.2238781255176
1777232841,200,,Aggregated,46.300000,0.000000,3700,3800,4100,4100,4200,4200,4300,4300,4300,4300,4300,6039,0,3700,3871.9506157669016,3165.1876250107307,6329.764209018322,1200.2238781255176
1777232842,200,GET,trips_per_route,46.300000,0.000000,3700,3800,4100,4100,4200,4200,4300,4300,4400,4400,4400,6095,0,3700,3871.7122395742836,3165.1876250107307,6329.764209018322,1200.2260869565218
1777232842,200,,Aggregated,46.300000,0.000000,3700,3800,4100,4100,4200,4200,4300,4300,4400,4400,4400,6095,0,3700,3871.7122395742836,3165.1876250107307,6329.764209018322,1200.2260869565218
1777232843,200,GET,trips_per_route,47.800000,0.000000,3700,3800,4100,4100,4200,4200,4300,4300,4400,4400,4400,6132,0,3700,3871.8389902813556,3165.1876250107307,6329.764209018322,1200.2271689497718
1777232843,200,,Aggregated,47.800000,0.000000,3700,3800,4100,4100,4200,4200,4300,4300,4400,4400,4400,6132,0,3700,3871.8389902813556,3165.1876250107307,6329.764209018322,1200.2271689497718
1777232844,200,GET,trips_per_route,49.300000,0.000000,3700,3800,4100,4100,4200,4200,4300,4300,4400,4400,4400,6173,0,3700,3872.251385508069,3165.1876250107307,6329.764209018322,1200.2282520654462
1777232844,200,,Aggregated,49.300000,0.000000,3700,3800,4100,4100,4200,4200,4300,4300,4400,4400,4400,6173,0,3700,3872.251385508069,3165.1876250107307,6329.764209018322,1200.2282520654462
1777232845,200,GET,trips_per_route,49.300000,0.000000,3700,3900,4100,4100,4200,4200,4300,4300,4400,4400,4400,6223,0,3700,3871.9520321708683,3165.1876250107307,6329.764209018322,1200.2291499276876
1777232845,200,,Aggregated,49.300000,0.000000,3700,3900,4100,4100,4200,4200,4300,4300,4400,4400,4400,6223,0,3700,3871.9520321708683,3165.1876250107307,6329.764209018322,1200.2291499276876
1777232846,200,GET,trips_per_route,45.600000,0.000000,3700,4000,4100,4100,4200,4200,4300,4300,4400,4400,4400,6283,0,3700,3871.368081487604,3165.1876250107307,6329.764209018322,1200.2293490370841
1777232846,200,,Aggregated,45.600000,0.000000,3700,4000,4100,4100,4200,4200,4300,4300,4400,4400,4400,6283,0,3700,3871.368081487604,3165.1876250107307,6329.764209018322,1200.2293490370841
1777232847,200,GET,trips_per_route,47.400000,0.000000,3700,4000,4100,4100,4200,4200,4300,4300,4400,4400,4400,6326,0,3700,3871.631848889127,3165.1876250107307,6329.764209018322,1200.2304773948783
1777232847,200,,Aggregated,47.400000,0.000000,3700,4000,4100,4100,4200,4200,4300,4300,4400,4400,4400,6326,0,3700,3871.631848889127,3165.1876250107307,6329.764209018322,1200.2304773948783
1777232848,200,GET,trips_per_route,49.100000,0.000000,3700,4000,4100,4100,4200,4200,4300,4300,4800,4800,4800,6367,0,3700,3871.0806444218024,3165.1876250107307,6329.764209018322,1200.2316632637035
1777232848,200,,Aggregated,49.100000,0.000000,3700,4000,4100,4100,4200,4200,4300,4300,4800,4800,4800,6367,0,3700,3871.0806444218024,3165.1876250107307,6329.764209018322,1200.2316632637035
1777232849,200,GET,trips_per_route,47.100000,0.000000,3700,4000,4100,4100,4200,4200,4300,4300,4800,4800,4800,6413,0,3700,3870.508116799261,3165.1876250107307,6329.764209018322,1200.2314049586778
1777232849,200,,Aggregated,47.100000,0.000000,3700,4000,4100,4100,4200,4200,4300,4300,4800,4800,4800,6413,0,3700,3870.508116799261,3165.1876250107307,6329.764209018322,1200.2314049586778
1777232850,200,GET,trips_per_route,45.800000,0.000000,3700,4000,4100,4100,4200,4300,4300,4300,4800,4800,4800,6475,0,3700,3870.1048946835062,3165.1876250107307,6329.764209018322,1200.2318146718146
1777232850,200,,Aggregated,45.800000,0.000000,3700,4000,4100,4100,4200,4300,4300,4300,4800,4800,4800,6475,0,3700,3870.1048946835062,3165.1876250107307,6329.764209018322,1200.2318146718146
1777232851,200,GET,trips_per_route,46.900000,0.000000,3700,4000,4100,4100,4200,4200,4300,4300,4800,4800,4800,6523,0,3700,3869.3828777715307,3165.1876250107307,6329.764209018322,1200.2324084010424
1777232851,200,,Aggregated,46.900000,0.000000,3700,4000,4100,4100,4200,4200,4300,4300,4800,4800,4800,6523,0,3700,3869.3828777715307,3165.1876250107307,6329.764209018322,1200.2324084010424
1777232852,200,GET,trips_per_route,48.800000,0.000000,3700,3800,4100,4100,4200,4200,4300,4300,4800,4800,4800,6559,0,3700,3868.748497045683,3165.1876250107307,6329.764209018322,1200.232809879555
1777232852,200,,Aggregated,48.800000,0.000000,3700,3800,4100,4100,4200,4200,4300,4300,4800,4800,4800,6559,0,3700,3868.748497045683,3165.1876250107307,6329.764209018322,1200.232809879555
1777232853,200,GET,trips_per_route,48.400000,0.000000,3700,3800,4000,4100,4200,4200,4300,4300,4800,4800,4800,6601,0,3700,3867.9060282914043,3165.1876250107307,6329.764209018322,1200.2340554461446
1777232853,200,,Aggregated,48.400000,0.000000,3700,3800,4000,4100,4200,4200,4300,4300,4800,4800,4800,6601,0,3700,3867.9060282914043,3165.1876250107307,6329.764209018322,1200.2340554461446
1777232854,200,GET,trips_per_route,46.200000,0.000000,3700,3800,4000,4100,4200,4200,4300,4300,4800,4800,4800,6660,0,3700,3867.7922949325225,3165.1876250107307,6329.764209018322,1200.2345345345345
1777232854,200,,Aggregated,46.200000,0.000000,3700,3800,4000,4100,4200,4200,4300,4300,4800,4800,4800,6660,0,3700,3867.7922949325225,3165.1876250107307,6329.764209018322,1200.2345345345345
1777232855,200,GET,trips_per_route,46.900000,0.000000,3700,3800,4100,4100,4200,4200,4300,4300,4800,4800,4800,6706,0,3700,3868.1049954212076,3165.1876250107307,6329.764209018322,1200.2348643006262
1777232855,200,,Aggregated,46.900000,0.000000,3700,3800,4100,4100,4200,4200,4300,4300,4800,4800,4800,6706,0,3700,3868.1049954212076,3165.1876250107307,6329.764209018322,1200.2348643006262
1777232856,200,GET,trips_per_route,48.200000,0.000000,3700,3800,4100,4100,4200,4200,4300,4300,4800,4800,4800,6751,0,3700,3868.3009357256183,3165.1876250107307,6329.764209018322,1200.2350762849949
1777232856,200,,Aggregated,48.200000,0.000000,3700,3800,4100,4100,4200,4200,4300,4300,4800,4800,4800,6751,0,3700,3868.3009357256183,3165.1876250107307,6329.764209018322,1200.2350762849949
1777232857,200,GET,trips_per_route,48.000000,0.000000,3700,3800,4100,4100,4200,4200,4300,4300,4400,4400,4400,6793,0,3700,3868.0724259834537,3165.1876250107307,6329.764209018322,1200.237155895775
1777232857,200,,Aggregated,48.000000,0.000000,3700,3800,4100,4100,4200,4200,4300,4300,4400,4400,4400,6793,0,3700,3868.0724259834537,3165.1876250107307,6329.764209018322,1200.237155895775
1777232858,200,GET,trips_per_route,46.500000,0.000000,3700,3800,4100,4100,4200,4200,4300,4300,4400,4400,4400,6837,0,3700,3867.7246181859873,3165.1876250107307,6329.764209018322,1200.2369460289601
1777232858,200,,Aggregated,46.500000,0.000000,3700,3800,4100,4100,4200,4200,4300,4300,4400,4400,4400,6837,0,3700,3867.7246181859873,3165.1876250107307,6329.764209018322,1200.2369460289601
1777232859,200,GET,trips_per_route,46.500000,0.000000,3700,3800,4100,4100,4200,4200,4300,4300,4300,4300,4300,6900,0,3700,3867.6507963161544,3165.1876250107307,6329.764209018322,1200.2394202898552
1777232859,200,,Aggregated,46.500000,0.000000,3700,3800,4100,4100,4200,4200,4300,4300,4300,4300,4300,6900,0,3700,3867.6507963161544,3165.1876250107307,6329.764209018322,1200.2394202898552
1777232860,200,GET,trips_per_route,47.000000,0.000000,3700,3900,4100,4100,4200,4200,4300,4300,4300,4300,4300,6939,0,3700,3867.133314063906,3165.1876250107307,6329.764209018322,1200.239515780372
1777232860,200,,Aggregated,47.000000,0.000000,3700,3900,4100,4100,4200,4200,4300,4300,4300,4300,4300,6939,0,3700,3867.133314063906,3165.1876250107307,6329.764209018322,1200.239515780372
1777232861,200,GET,trips_per_route,48.200000,0.000000,3700,4000,4100,4100,4200,4200,4300,4300,4300,4300,4300,6980,0,3700,3867.120439451517,3165.1876250107307,6329.764209018322,1200.2408309455586
1777232861,200,,Aggregated,48.200000,0.000000,3700,4000,4100,4100,4200,4200,4300,4300,4300,4300,4300,6980,0,3700,3867.120439451517,3165.1876250107307,6329.764209018322,1200.2408309455586
1777232862,200,GET,trips_per_route,46.600000,0.000000,3700,4100,4100,4100,4200,4200,4300,4300,4300,4300,4300,7032,0,3700,3866.7696974599985,3165.1876250107307,6329.764209018322,1200.2417519908988
1777232862,200,,Aggregated,46.600000,0.000000,3700,4100,4100,4100,4200,4200,4300,4300,4300,4300,4300,7032,0,3700,3866.7696974599985,3165.1876250107307,6329.764209018322,1200.2417519908988
1777232863,200,GET,trips_per_route,45.600000,0.000000,3700,4000,4100,4100,4200,4300,4300,4300,4400,4400,4400,7091,0,3700,3865.920918199773,3165.1876250107307,6329.764209018322,1200.2401635876463
1777232863,200,,Aggregated,45.600000,0.000000,3700,4000,4100,4100,4200,4300,4300,4300,4400,4400,4400,7091,0,3700,3865.920918199773,3165.1876250107307,6329.764209018322,1200.2401635876463
1777232864,200,GET,trips_per_route,47.100000,0.000000,3700,3800,4100,4100,4200,4200,4300,4300,4400,4400,4400,7135,0,3700,3865.4315590400192,3165.1876250107307,6329.764209018322,1200.2412053258583
1777232864,200,,Aggregated,47.100000,0.000000,3700,3800,4100,4100,4200,4200,4300,4300,4400,4400,4400,7135,0,3700,3865.4315590400192,3165.1876250107307,6329.764209018322,1200.2412053258583
1777232865,200,GET,trips_per_route,48.900000,0.000000,3700,3800,4100,4100,4200,4200,4300,4300,4400,4400,4400,7168,0,3700,3864.8916167980688,3165.1876250107307,6329.764209018322,1200.2426060267858
1777232865,200,,Aggregated,48.900000,0.000000,3700,3800,4100,4100,4200,4200,4300,4300,4400,4400,4400,7168,0,3700,3864.8916167980688,3165.1876250107307,6329.764209018322,1200.2426060267858
1777232866,200,GET,trips_per_route,47.700000,0.000000,3700,3800,4100,4100,4200,4300,4300,4300,4400,4400,4400,7225,0,3700,3864.6461495274098,3165.1876250107307,6329.764209018322,1200.2420761245676
1777232866,200,,Aggregated,47.700000,0.000000,3700,3800,4100,4100,4200,4300,4300,4300,4400,4400,4400,7225,0,3700,3864.6461495274098,3165.1876250107307,6329.764209018322,1200.2420761245676
1777232867,200,GET,trips_per_route,46.200000,0.000000,3700,3800,4100,4100,4200,4200,4300,4300,4400,4400,4400,7274,0,3700,3864.7356366229787,3165.1876250107307,6329.764209018322,1200.2415452295847
1777232867,200,,Aggregated,46.200000,0.000000,3700,3800,4100,4100,4200,4200,4300,4300,4400,4400,4400,7274,0,3700,3864.7356366229787,3165.1876250107307,6329.764209018322,1200.2415452295847
1777232868,200,GET,trips_per_route,47.100000,0.000000,3700,3800,4100,4100,4200,4300,4300,4300,4400,4400,4400,7326,0,3700,3865.1815623527805,3165.1876250107307,6329.764209018322,1200.2428337428337
1777232868,200,,Aggregated,47.100000,0.000000,3700,3800,4100,4100,4200,4300,4300,4300,4400,4400,4400,7326,0,3700,3865.1815623527805,3165.1876250107307,6329.764209018322,1200.2428337428337
1777232869,200,GET,trips_per_route,47.600000,0.000000,3700,3800,4100,4100,4200,4200,4300,4300,4400,4400,4400,7362,0,3700,3864.808218560791,3165.1876250107307,6329.764209018322,1200.2440912795437
1777232869,200,,Aggregated,47.600000,0.000000,3700,3800,4100,4100,4200,4200,4300,4300,4400,4400,4400,7362,0,3700,3864.808218560791,3165.1876250107307,6329.764209018322,1200.2440912795437
1777232870,200,GET,trips_per_route,48.800000,0.000000,3700,3800,4100,4100,4200,4200,4300,4300,4400,4400,4400,7402,0,3700,3864.427211007898,3165.1876250107307,6329.764209018322,1200.2450689002972
1777232870,200,,Aggregated,48.800000,0.000000,3700,3800,4100,4100,4200,4200,4300,4300,4400,4400,4400,7402,0,3700,3864.427211007898,3165.1876250107307,6329.764209018322,1200.2450689002972
1777232871,200,GET,trips_per_route,46.600000,0.000000,3700,3800,4100,4100,4200,4200,4300,4300,4400,4400,4400,7465,0,3700,3864.4414263407234,3165.1876250107307,6329.764209018322,1200.2458137977228
1777232871,200,,Aggregated,46.600000,0.000000,3700,3800,4100,4100,4200,4200,4300,4300,4400,4400,4400,7465,0,3700,3864.4414263407234,3165.1876250107307,6329.764209018322,1200.2458137977228
1777232872,200,GET,trips_per_route,46.300000,0.000000,3700,3900,4100,4100,4200,4200,4300,4300,4400,4400,4400,7513,0,3700,3864.161855629643,3165.1876250107307,6329.764209018322,1200.2470384666578
1777232872,200,,Aggregated,46.300000,0.000000,3700,3900,4100,4100,4200,4200,4300,4300,4400,4400,4400,7513,0,3700,3864.161855629643,3165.1876250107307,6329.764209018322,1200.2470384666578
1777232873,200,GET,trips_per_route,48.200000,0.000000,3700,4000,4100,4100,4200,4200,4300,4300,4400,4400,4400,7558,0,3700,3864.0589364767775,3165.1876250107307,6329.764209018322,1200.2479491929082
1777232873,200,,Aggregated,48.200000,0.000000,3700,4000,4100,4100,4200,4200,4300,4300,4400,4400,4400,7558,0,3700,3864.0589364767775,3165.1876250107307,6329.764209018322,1200.2479491929082
1777232874,200,GET,trips_per_route,48.100000,0.000000,3700,4000,4100,4100,4200,4300,4300,4300,4400,4400,4400,7596,0,3700,3863.6877185546946,3165.1876250107307,6329.764209018322,1200.2488151658767
1777232874,200,,Aggregated,48.100000,0.000000,3700,4000,4100,4100,4200,4300,4300,4300,4400,4400,4400,7596,0,3700,3863.6877185546946,3165.1876250107307,6329.764209018322,1200.2488151658767
1777232875,200,GET,trips_per_route,46.300000,0.000000,3700,3900,4100,4100,4200,4300,4300,4300,4300,4300,4300,7650,0,3700,3863.104090111308,3165.1876250107307,6329.764209018322,1200.2491503267975
1777232875,200,,Aggregated,46.300000,0.000000,3700,3900,4100,4100,4200,4300,4300,4300,4300,4300,4300,7650,0,3700,3863.104090111308,3165.1876250107307,6329.764209018322,1200.2491503267975
1777232876,200,GET,trips_per_route,46.400000,0.000000,3700,3800,4100,4100,4200,4200,4300,4300,4300,4300,4300,7703,0,3700,3862.7499477287365,3165.1876250107307,6329.764209018322,1200.2488640789302
1777232876,200,,Aggregated,46.400000,0.000000,3700,3800,4100,4100,4200,4200,4300,4300,4300,4300,4300,7703,0,3700,3862.7499477287365,3165.1876250107307,6329.764209018322,1200.2488640789302
1777232877,200,GET,trips_per_route,47.600000,0.000000,3700,3800,4100,4100,4200,4200,4300,4300,4300,4300,4300,7750,0,3700,3862.371172201886,3165.1876250107307,6329.764209018322,1200.2503225806452
1777232877,200,,Aggregated,47.600000,0.000000,3700,3800,4100,4100,4200,4200,4300,4300,4300,4300,4300,7750,0,3700,3862.371172201886,3165.1876250107307,6329.764209018322,1200.2503225806452
1777232878,200,GET,trips_per_route,48.000000,0.000000,3700,3800,4100,4100,4200,4200,4300,4300,4300,4300,4300,7788,0,3700,3862.1623049430527,3165.1876250107307,6329.764209018322,1200.2507704160246
1777232878,200,,Aggregated,48.000000,0.000000,3700,3800,4100,4100,4200,4200,4300,4300,4300,4300,4300,7788,0,3700,3862.1623049430527,3165.1876250107307,6329.764209018322,1200.2507704160246
1777232879,200,GET,trips_per_route,47.900000,0.000000,3700,3800,4100,4100,4200,4300,4300,4300,4300,4300,4300,7837,0,3700,3862.5778712704414,3165.1876250107307,6329.764209018322,1200.2512440985072
1777232879,200,,Aggregated,47.900000,0.000000,3700,3800,4100,4100,4200,4300,4300,4300,4300,4300,4300,7837,0,3700,3862.5778712704414,3165.1876250107307,6329.764209018322,1200.2512440985072
1777232880,200,GET,trips_per_route,46.200000,0.000000,3700,3800,4100,4100,4200,4200,4300,4300,4300,4300,4300,7891,0,3700,3862.5306026615654,3165.1876250107307,6329.764209018322,1200.2510454948676
1777232880,200,,Aggregated,46.200000,0.000000,3700,3800,4100,4100,4200,4200,4300,4300,4300,4300,4300,7891,0,3700,3862.5306026615654,3165.1876250107307,6329.764209018322,1200.2510454948676
1777232881,200,GET,trips_per_route,46.800000,0.000000,3700,3800,4100,4100,4200,4200,4300,4300,4300,4300,4300,7940,0,3700,3862.408670552454,3165.1876250107307,6329.764209018322,1200.2507556675064
1777232881,200,,Aggregated,46.800000,0.000000,3700,3800,4100,4100,4200,4200,4300,4300,4300,4300,4300,7940,0,3700,3862.408670552454,3165.1876250107307,6329.764209018322,1200.2507556675064
1777232882,200,GET,trips_per_route,48.700000,0.000000,3700,3800,4100,4100,4200,4200,4300,4300,4300,4300,4300,7972,0,3700,3862.482102193236,3165.1876250107307,6329.764209018322,1200.2516307074761
1777232882,200,,Aggregated,48.700000,0.000000,3700,3800,4100,4100,4200,4200,4300,4300,4300,4300,4300,7972,0,3700,3862.482102193236,3165.1876250107307,6329.764209018322,1200.2516307074761
1777232883,200,GET,trips_per_route,47.400000,0.000000,3700,3800,4100,4100,4200,4200,4300,4300,4400,4400,4400,8023,0,3700,3862.375339323372,3165.1876250107307,6329.764209018322,1200.2520254268977
1777232883,200,,Aggregated,47.400000,0.000000,3700,3800,4100,4100,4200,4200,4300,4300,4400,4400,4400,8023,0,3700,3862.375339323372,3165.1876250107307,6329.764209018322,1200.2520254268977
1777232884,200,GET,trips_per_route,46.000000,0.000000,3700,4000,4100,4100,4200,4300,4300,4300,4400,4400,4400,8083,0,3700,3862.2018702651785,3165.1876250107307,6329.764209018322,1200.2515155264134
1777232884,200,,Aggregated,46.000000,0.000000,3700,4000,4100,4100,4200,4300,4300,4300,4400,4400,4400,8083,0,3700,3862.2018702651785,3165.1876250107307,6329.764209018322,1200.2515155264134
1777232885,200,GET,trips_per_route,46.200000,0.000000,3800,4000,4100,4100,4200,4300,4300,4300,4400,4400,4400,8133,0,3700,3862.1933347808085,3165.1876250107307,6329.764209018322,1200.2515676872003
1777232885,200,,Aggregated,46.200000,0.000000,3800,4000,4100,4100,4200,4300,4300,4300,4400,4400,4400,8133,0,3700,3862.1933347808085,3165.1876250107307,6329.764209018322,1200.2515676872003
1777232886,200,GET,trips_per_route,48.300000,0.000000,3700,4000,4100,4200,4200,4300,4300,4300,4400,4400,4400,8165,0,3700,3861.991448410814,3165.1876250107307,6329.764209018322,1200.250581751378
1777232886,200,,Aggregated,48.300000,0.000000,3700,4000,4100,4200,4200,4300,4300,4300,4400,4400,4400,8165,0,3700,3861.991448410814,3165.1876250107307,6329.764209018322,1200.250581751378
1777232887,200,GET,trips_per_route,48.200000,0.000000,3700,4000,4100,4100,4200,4300,4300,4300,4400,4400,4400,8210,0,3700,3861.436678520625,3165.1876250107307,6329.764209018322,1200.2514007308162
1777232887,200,,Aggregated,48.200000,0.000000,3700,4000,4100,4100,4200,4300,4300,4300,4400,4400,4400,8210,0,3700,3861.436678520625,3165.1876250107307,6329.764209018322,1200.2514007308162
1777232888,200,GET,trips_per_route,46.200000,0.000000,3700,3800,4100,4100,4200,4300,4300,4300,4400,4400,4400,8271,0,3700,3860.9940113945595,3165.1876250107307,6329.764209018322,1200.2512392697377
1777232888,200,,Aggregated,46.200000,0.000000,3700,3800,4100,4100,4200,4300,4300,4300,4400,4400,4400,8271,0,3700,3860.9940113945595,3165.1876250107307,6329.764209018322,1200.2512392697377
1777232889,200,GET,trips_per_route,45.500000,0.000000,3700,3800,4100,4100,4200,4300,4300,4300,4400,4400,4400,8321,0,3700,3860.908215983676,3165.1876250107307,6329.764209018322,1200.2524936906623
1777232889,200,,Aggregated,45.500000,0.000000,3700,3800,4100,4100,4200,4300,4300,4300,4400,4400,4400,8321,0,3700,3860.908215983676,3165.1876250107307,6329.764209018322,1200.2524936906623
1777232890,200,GET,trips_per_route,48.300000,0.000000,3700,3800,4100,4100,4200,4300,4300,4300,4400,4400,4400,8357,0,3700,3861.089562655877,3165.1876250107307,6329.764209018322,1200.2522436280963
1777232890,200,,Aggregated,48.300000,0.000000,3700,3800,4100,4100,4200,4300,4300,4300,4400,4400,4400,8357,0,3700,3861.089562655877,3165.1876250107307,6329.764209018322,1200.2522436280963
1777232891,200,GET,trips_per_route,48.800000,0.000000,3700,3800,4100,4100,4200,4300,4300,4300,4400,4400,4400,8401,0,3700,3861.3566337380134,3165.1876250107307,6329.764209018322,1200.2535412450898
1777232891,200,,Aggregated,48.800000,0.000000,3700,3800,4100,4100,4200,4300,4300,4300,4400,4400,4400,8401,0,3700,3861.3566337380134,3165.1876250107307,6329.764209018322,1200.2535412450898
1777232892,200,GET,trips_per_route,46.600000,0.000000,3700,3800,4100,4100,4200,4300,4300,4300,4400,4400,4400,8454,0,3700,3861.30490280201,3165.1876250107307,6329.764209018322,1200.2523066004258
1777232892,200,,Aggregated,46.600000,0.000000,3700,3800,4100,4100,4200,4300,4300,4300,4400,4400,4400,8454,0,3700,3861.30490280201,3165.1876250107307,6329.764209018322,1200.2523066004258
1777232893,200,GET,trips_per_route,46.100000,0.000000,3800,3900,4100,4100,4200,4300,4300,4300,4400,4400,4400,8507,0,3700,3861.633805737997,3165.1876250107307,6329.764209018322,1200.253673445398
1777232893,200,,Aggregated,46.100000,0.000000,3800,3900,4100,4100,4200,4300,4300,4300,4400,4400,4400,8507,0,3700,3861.633805737997,3165.1876250107307,6329.764209018322,1200.253673445398
1777232894,200,GET,trips_per_route,47.800000,0.000000,3800,3900,4100,4100,4200,4300,4300,4300,4400,4400,4400,8552,0,3700,3861.533004472661,3165.1876250107307,6329.764209018322,1200.2542095416277
1777232894,200,,Aggregated,47.800000,0.000000,3800,3900,4100,4100,4200,4300,4300,4300,4400,4400,4400,8552,0,3700,3861.533004472661,3165.1876250107307,6329.764209018322,1200.2542095416277
1777232895,200,GET,trips_per_route,48.500000,0.000000,3800,3900,4100,4100,4200,4300,4300,4300,4400,4400,4400,8589,0,3700,3861.429970902684,3165.1876250107307,6329.764209018322,1200.2543951565956
1777232895,200,,Aggregated,48.500000,0.000000,3800,3900,4100,4100,4200,4300,4300,4300,4400,4400,4400,8589,0,3700,3861.429970902684,3165.1876250107307,6329.764209018322,1200.2543951565956
1777232896,200,GET,trips_per_route,46.600000,0.000000,3800,4000,4100,4200,4200,4300,4300,4400,4400,4400,4400,8646,0,3700,3861.3094662942435,3165.1876250107307,6329.764209018322,1200.2552625491558
1777232896,200,,Aggregated,46.600000,0.000000,3800,4000,4100,4200,4200,4300,4300,4400,4400,4400,4400,8646,0,3700,3861.3094662942435,3165.1876250107307,6329.764209018322,1200.2552625491558
1777232897,200,GET,trips_per_route,46.000000,0.000000,3800,4000,4100,4200,4200,4300,4300,4400,4400,4400,4400,8697,0,3700,3861.248322663667,3165.1876250107307,6329.764209018322,1200.2553754168105
1777232897,200,,Aggregated,46.000000,0.000000,3800,4000,4100,4200,4200,4300,4300,4400,4400,4400,4400,8697,0,3700,3861.248322663667,3165.1876250107307,6329.764209018322,1200.2553754168105
1777232898,200,GET,trips_per_route,47.600000,0.000000,3800,4000,4100,4200,4200,4300,4300,4300,4400,4400,4400,8743,0,3700,3861.1033254075255,3165.1876250107307,6329.764209018322,1200.254031796866
1777232898,200,,Aggregated,47.600000,0.000000,3800,4000,4100,4200,4200,4300,4300,4300,4400,4400,4400,8743,0,3700,3861.1033254075255,3165.1876250107307,6329.764209018322,1200.254031796866
1777232899,200,GET,trips_per_route,48.200000,0.000000,3800,4000,4100,4200,4200,4300,4300,4400,4700,4700,4700,8780,0,3700,3860.79313868164,3165.1876250107307,6329.764209018322,1200.2551252847381
1777232899,200,,Aggregated,48.200000,0.000000,3800,4000,4100,4200,4200,4300,4300,4400,4700,4700,4700,8780,0,3700,3860.79313868164,3165.1876250107307,6329.764209018322,1200.2551252847381
1777232900,200,GET,trips_per_route,47.300000,0.000000,3700,3800,4100,4200,4200,4300,4300,4400,4700,4700,4700,8833,0,3700,3860.465214955712,3165.1876250107307,6329.764209018322,1200.2518962979734
1777232900,200,,Aggregated,47.300000,0.000000,3700,3800,4100,4200,4200,4300,4300,4400,4700,4700,4700,8833,0,3700,3860.465214955712,3165.1876250107307,6329.764209018322,1200.2518962979734
1777232901,200,GET,trips_per_route,45.900000,0.000000,3700,3800,4100,4200,4200,4300,4300,4400,4700,4700,4700,8881,0,3700,3860.2474985966564,3165.1876250107307,6329.764209018322,1200.2524490485305
1777232901,200,,Aggregated,45.900000,0.000000,3700,3800,4100,4200,4200,4300,4300,4400,4700,4700,4700,8881,0,3700,3860.2474985966564,3165.1876250107307,6329.764209018322,1200.2524490485305
1777232902,200,GET,trips_per_route,47.100000,0.000000,3700,3800,4100,4100,4200,4300,4300,4400,4700,4700,4700,8936,0,3700,3860.3122017681317,3165.1876250107307,6329.764209018322,1200.2540286481646
1777232902,200,,Aggregated,47.100000,0.000000,3700,3800,4100,4100,4200,4300,4300,4400,4700,4700,4700,8936,0,3700,3860.3122017681317,3165.1876250107307,6329.764209018322,1200.2540286481646
1777232903,200,GET,trips_per_route,47.900000,0.000000,3700,3800,4100,4100,4200,4300,4300,4400,4700,4700,4700,8971,0,3700,3860.491537528043,3165.1876250107307,6329.764209018322,1200.2548210901796
1777232903,200,,Aggregated,47.900000,0.000000,3700,3800,4100,4100,4200,4300,4300,4400,4700,4700,4700,8971,0,3700,3860.491537528043,3165.1876250107307,6329.764209018322,1200.2548210901796
1777232904,200,GET,trips_per_route,47.800000,0.000000,3700,3800,4100,4100,4200,4300,4300,4400,4700,4700,4700,9021,0,3700,3860.472620265511,3165.1876250107307,6329.764209018322,1200.2537412703691
1777232904,200,,Aggregated,47.800000,0.000000,3700,3800,4100,4100,4200,4300,4300,4400,4700,4700,4700,9021,0,3700,3860.472620265511,3165.1876250107307,6329.764209018322,1200.2537412703691
1777232905,200,GET,trips_per_route,46.100000,0.000000,3700,3900,4100,4100,4200,4300,4300,4300,4700,4700,4700,9071,0,3700,3860.650601862994,3165.1876250107307,6329.764209018322,1200.2546577003639
1777232905,200,,Aggregated,46.100000,0.000000,3700,3900,4100,4100,4200,4300,4300,4300,4700,4700,4700,9071,0,3700,3860.650601862994,3165.1876250107307,6329.764209018322,1200.2546577003639
1777232906,200,GET,trips_per_route,46.300000,0.000000,3700,3900,4100,4100,4200,4300,4300,4300,4700,4700,4700,9125,0,3700,3860.188622694156,3165.1876250107307,6329.764209018322,1200.2557808219178
1777232906,200,,Aggregated,46.300000,0.000000,3700,3900,4100,4100,4200,4300,4300,4300,4700,4700,4700,9125,0,3700,3860.188622694156,3165.1876250107307,6329.764209018322,1200.2557808219178
1777232907,200,GET,trips_per_route,47.700000,0.000000,3700,3900,4100,4100,4200,4300,4300,4300,4700,4700,4700,9161,0,3700,3860.1194431830736,3165.1876250107307,6329.764209018322,1200.256085580177
1777232907,200,,Aggregated,47.700000,0.000000,3700,3900,4100,4100,4200,4300,4300,4300,4700,4700,4700,9161,0,3700,3860.1194431830736,3165.1876250107307,6329.764209018322,1200.256085580177
1777232908,200,GET,trips_per_route,48.700000,0.000000,3700,3900,4100,4100,4200,4300,4300,4300,4700,4700,4700,9208,0,3700,3859.932778385657,3165.1876250107307,6329.764209018322,1200.256841876629
1777232908,200,,Aggregated,48.700000,0.000000,3700,3900,4100,4100,4200,4300,4300,4300,4700,4700,4700,9208,0,3700,3859.932778385657,3165.1876250107307,6329.764209018322,1200.256841876629
1777232909,200,GET,trips_per_route,47.300000,0.000000,3700,4000,4100,4100,4200,4300,4300,4300,4600,4600,4600,9260,0,3700,3859.56843673955,3165.1876250107307,6329.764209018322,1200.2565874730021
1777232909,200,,Aggregated,47.300000,0.000000,3700,4000,4100,4100,4200,4300,4300,4300,4600,4600,4600,9260,0,3700,3859.56843673955,3165.1876250107307,6329.764209018322,1200.2565874730021
1777232910,200,GET,trips_per_route,46.100000,0.000000,3700,4000,4100,4100,4200,4300,4300,4300,4600,4600,4600,9314,0,3700,3859.445813314267,3165.1876250107307,6329.764209018322,1200.257461885334
1777232910,200,,Aggregated,46.100000,0.000000,3700,4000,4100,4100,4200,4300,4300,4300,4600,4600,4600,9314,0,3700,3859.445813314267,3165.1876250107307,6329.764209018322,1200.257461885334
1777232911,200,GET,trips_per_route,47.600000,0.000000,3700,3900,4100,4100,4200,4300,4300,4300,4600,4600,4600,9351,0,3700,3859.230788048346,3165.1876250107307,6329.764209018322,1200.2579403272377
1777232911,200,,Aggregated,47.600000,0.000000,3700,3900,4100,4100,4200,4300,4300,4300,4600,4600,4600,9351,0,3700,3859.230788048346,3165.1876250107307,6329.764209018322,1200.2579403272377
1777232912,200,GET,trips_per_route,48.400000,0.000000,3700,3800,4100,4100,4200,4300,4300,4300,4400,4400,4400,9400,0,3700,3858.892066706063,3165.1876250107307,6329.764209018322,1200.2585106382978
1777232912,200,,Aggregated,48.400000,0.000000,3700,3800,4100,4100,4200,4300,4300,4300,4400,4400,4400,9400,0,3700,3858.892066706063,3165.1876250107307,6329.764209018322,1200.2585106382978
1777232913,200,GET,trips_per_route,47.500000,0.000000,3700,3800,4100,4100,4200,4300,4300,4300,4400,4400,4400,9445,0,3700,3858.832458513714,3165.1876250107307,6329.764209018322,1200.2590788777131
1777232913,200,,Aggregated,47.500000,0.000000,3700,3800,4100,4100,4200,4300,4300,4300,4400,4400,4400,9445,0,3700,3858.832458513714,3165.1876250107307,6329.764209018322,1200.2590788777131
1777232914,200,GET,trips_per_route,46.600000,0.000000,3700,3800,4100,4100,4200,4200,4300,4300,4400,4400,4400,9502,0,3700,3858.8430000260264,3165.1876250107307,6329.764209018322,1200.257945695643
1777232914,200,,Aggregated,46.600000,0.000000,3700,3800,4100,4100,4200,4200,4300,4300,4400,4400,4400,9502,0,3700,3858.8430000260264,3165.1876250107307,6329.764209018322,1200.257945695643
1777232915,200,GET,trips_per_route,47.600000,0.000000,3700,3800,4100,4100,4200,4200,4300,4300,4400,4400,4400,9545,0,3700,3859.11291280264,3165.1876250107307,6329.764209018322,1200.2584599266631
1777232915,200,,Aggregated,47.600000,0.000000,3700,3800,4100,4100,4200,4200,4300,4300,4400,4400,4400,9545,0,3700,3859.11291280264,3165.1876250107307,6329.764209018322,1200.2584599266631
1777232916,200,GET,trips_per_route,48.400000,0.000000,3700,3800,4100,4100,4200,4200,4300,4300,4400,4400,4400,9585,0,3700,3858.8521102759682,3165.1876250107307,6329.764209018322,1200.2576943140323
1777232916,200,,Aggregated,48.400000,0.000000,3700,3800,4100,4100,4200,4200,4300,4300,4400,4400,4400,9585,0,3700,3858.8521102759682,3165.1876250107307,6329.764209018322,1200.2576943140323
1777232917,200,GET,trips_per_route,47.800000,0.000000,3700,3800,4100,4100,4200,4300,4300,4300,4400,4400,4400,9637,0,3700,3858.8242267300047,3165.1876250107307,6329.764209018322,1200.2577565632457
1777232917,200,,Aggregated,47.800000,0.000000,3700,3800,4100,4100,4200,4300,4300,4300,4400,4400,4400,9637,0,3700,3858.8242267300047,3165.1876250107307,6329.764209018322,1200.2577565632457
1777232918,200,GET,trips_per_route,45.100000,0.000000,3700,3800,4100,4100,4200,4300,4300,4300,4400,4400,4400,9692,0,3700,3858.721122282606,3165.1876250107307,6329.764209018322,1200.2583574081716
1777232918,200,,Aggregated,45.100000,0.000000,3700,3800,4100,4100,4200,4300,4300,4300,4400,4400,4400,9692,0,3700,3858.721122282606,3165.1876250107307,6329.764209018322,1200.2583574081716
1777232919,200,GET,trips_per_route,46.900000,0.000000,3700,3800,4100,4100,4200,4300,4300,4300,4400,4400,4400,9737,0,3700,3858.485301140478,3165.1876250107307,6329.764209018322,1200.258190407723
1777232919,200,,Aggregated,46.900000,0.000000,3700,3800,4100,4100,4200,4300,4300,4300,4400,4400,4400,9737,0,3700,3858.485301140478,3165.1876250107307,6329.764209018322,1200.258190407723
1777232920,200,GET,trips_per_route,47.900000,0.000000,3700,3900,4100,4100,4200,4300,4300,4300,4400,4400,4400,9774,0,3700,3858.442120945446,3165.1876250107307,6329.764209018322,1200.2584407612032
1777232920,200,,Aggregated,47.900000,0.000000,3700,3900,4100,4100,4200,4300,4300,4300,4400,4400,4400,9774,0,3700,3858.442120945446,3165.1876250107307,6329.764209018322,1200.2584407612032
1777232921,200,GET,trips_per_route,47.700000,0.000000,3700,3900,4100,4100,4200,4300,4300,4300,4400,4400,4400,9823,0,3700,3858.2504226509914,3165.1876250107307,6329.764209018322,1200.2594930265702
1777232921,200,,Aggregated,47.700000,0.000000,3700,3900,4100,4100,4200,4300,4300,4300,4400,4400,4400,9823,0,3700,3858.2504226509914,3165.1876250107307,6329.764209018322,1200.2594930265702
1777232922,200,GET,trips_per_route,45.500000,0.000000,3700,3900,4100,4100,4200,4200,4300,4300,4300,4300,4300,9880,0,3700,3858.205970798971,3165.1876250107307,6329.764209018322,1200.2594129554657
1777232922,200,,Aggregated,45.500000,0.000000,3700,3900,4100,4100,4200,4200,4300,4300,4300,4300,4300,9880,0,3700,3858.205970798971,3165.1876250107307,6329.764209018322,1200.2594129554657
1777232923,200,GET,trips_per_route,46.100000,0.000000,3700,3900,4100,4100,4200,4300,4300,4300,4300,4300,4300,9928,0,3700,3858.006468619358,3165.1876250107307,6329.764209018322,1200.2602739726028
1777232923,200,,Aggregated,46.100000,0.000000,3700,3900,4100,4100,4200,4300,4300,4300,4300,4300,4300,9928,0,3700,3858.006468619358,3165.1876250107307,6329.764209018322,1200.2602739726028
1777232924,200,GET,trips_per_route,47.100000,0.000000,3700,3800,4100,4100,4200,4200,4300,4300,4300,4300,4300,9963,0,3700,3858.1411274083016,3165.1876250107307,6329.764209018322,1200.2608652012445
1777232924,200,,Aggregated,47.100000,0.000000,3700,3800,4100,4100,4200,4200,4300,4300,4300,4300,4300,9963,0,3700,3858.1411274083016,3165.1876250107307,6329.764209018322,1200.2608652012445
1777232925,200,GET,trips_per_route,48.000000,0.000000,3700,3800,4100,4100,4200,4200,4300,4300,4400,4400,4400,10013,0,3700,3857.8520042974997,3165.1876250107307,6329.764209018322,1200.261759712374
1777232925,200,,Aggregated,48.000000,0.000000,3700,3800,4100,4100,4200,4200,4300,4300,4400,4400,4400,10013,0,3700,3857.8520042974997,3165.1876250107307,6329.764209018322,1200.261759712374
1777232926,200,GET,trips_per_route,46.300000,0.000000,3700,3800,4100,4100,4200,4200,4300,4300,4400,4400,4400,10065,0,3700,3857.770706788367,3165.1876250107307,6329.764209018322,1200.2620963735717
1777232926,200,,Aggregated,46.300000,0.000000,3700,3800,4100,4100,4200,4200,4300,4300,4400,4400,4400,10065,0,3700,3857.770706788367,3165.1876250107307,6329.764209018322,1200.2620963735717
1777232927,200,GET,trips_per_route,46.300000,0.000000,3800,3900,4100,4100,4200,4300,4300,4300,4400,4400,4400,10119,0,3700,3857.97842508675,3165.1876250107307,6329.764209018322,1200.261982409329
1777232927,200,,Aggregated,46.300000,0.000000,3800,3900,4100,4100,4200,4300,4300,4300,4400,4400,4400,10119,0,3700,3857.97842508675,3165.1876250107307,6329.764209018322,1200.261982409329
1777232928,200,GET,trips_per_route,47.400000,0.000000,3700,3900,4100,4100,4200,4300,4300,4300,4400,4400,4400,10155,0,3700,3857.9006281669926,3165.1876250107307,6329.764209018322,1200.2626292466766
1777232928,200,,Aggregated,47.400000,0.000000,3700,3900,4100,4100,4200,4300,4300,4300,4400,4400,4400,10155,0,3700,3857.9006281669926,3165.1876250107307,6329.764209018322,1200.2626292466766
1777232929,200,GET,trips_per_route,48.200000,0.000000,3700,3900,4100,4100,4200,4300,4300,4300,4400,4400,4400,10202,0,3700,3857.7408281461126,3165.1876250107307,6329.764209018322,1200.262301509508
1777232929,200,,Aggregated,48.200000,0.000000,3700,3900,4100,4100,4200,4300,4300,4300,4400,4400,4400,10202,0,3700,3857.7408281461126,3165.1876250107307,6329.764209018322,1200.262301509508
1777232930,200,GET,trips_per_route,46.700000,0.000000,3700,3900,4100,4100,4200,4300,4300,4300,4400,4400,4400,10253,0,3700,3857.6280019745095,3165.1876250107307,6329.764209018322,1200.2623622354433
1777232930,200,,Aggregated,46.700000,0.000000,3700,3900,4100,4100,4200,4300,4300,4300,4400,4400,4400,10253,0,3700,3857.6280019745095,3165.1876250107307,6329.764209018322,1200.2623622354433
1777232931,200,GET,trips_per_route,45.800000,0.000000,3800,3900,4100,4100,4200,4300,4300,4300,4400,4400,4400,10306,0,3700,3857.5480265456845,3165.1876250107307,6329.764209018322,1200.2636328352417
1777232931,200,,Aggregated,45.800000,0.000000,3800,3900,4100,4100,4200,4300,4300,4300,4400,4400,4400,10306,0,3700,3857.5480265456845,3165.1876250107307,6329.764209018322,1200.2636328352417
1777232932,200,GET,trips_per_route,47.400000,0.000000,3800,3900,4100,4100,4200,4300,4300,4300,4400,4400,4400,10348,0,3700,3857.5388978100036,3165.1876250107307,6329.764209018322,1200.2638190954774
1777232932,200,,Aggregated,47.400000,0.000000,3800,3900,4100,4100,4200,4300,4300,4300,4400,4400,4400,10348,0,3700,3857.5388978100036,3165.1876250107307,6329.764209018322,1200.2638190954774
1777232933,200,GET,trips_per_route,48.300000,0.000000,3700,3800,4100,4100,4200,4300,4300,4300,4400,4400,4400,10387,0,3700,3857.3190964664523,3165.1876250107307,6329.764209018322,1200.2645614710696
1777232933,200,,Aggregated,48.300000,0.000000,3700,3800,4100,4100,4200,4300,4300,4300,4400,4400,4400,10387,0,3700,3857.3190964664523,3165.1876250107307,6329.764209018322,1200.2645614710696
1777232934,200,GET,trips_per_route,47.500000,0.000000,3700,3800,4100,4100,4200,4300,4300,4300,4400,4400,4400,10441,0,3700,3857.255546614597,3165.1876250107307,6329.764209018322,1200.2644382721962
1777232934,200,,Aggregated,47.500000,0.000000,3700,3800,4100,4100,4200,4300,4300,4300,4400,4400,4400,10441,0,3700,3857.255546614597,3165.1876250107307,6329.764209018322,1200.2644382721962
1777232935,200,GET,trips_per_route,46.100000,0.000000,3700,3800,4100,4100,4200,4300,4300,4300,4400,4400,4400,10494,0,3700,3857.1830229932452,3165.1876250107307,6329.764209018322,1200.2657709167142
1777232935,200,,Aggregated,46.100000,0.000000,3700,3800,4100,4100,4200,4300,4300,4300,4400,4400,4400,10494,0,3700,3857.1830229932452,3165.1876250107307,6329.764209018322,1200.2657709167142
1777232936,200,GET,trips_per_route,47.300000,0.000000,3700,3800,4100,4100,4200,4300,4300,4300,4400,4400,4400,10543,0,3700,3857.2247736493528,3165.1876250107307,6329.764209018322,1200.266148155174
1777232936,200,,Aggregated,47.300000,0.000000,3700,3800,4100,4100,4200,4300,4300,4300,4400,4400,4400,10543,0,3700,3857.2247736493528,3165.1876250107307,6329.764209018322,1200.266148155174
1777232937,200,GET,trips_per_route,47.500000,0.000000,3700,3800,4100,4100,4200,4300,4300,4300,4400,4400,4400,10576,0,3700,3857.123442625772,3165.1876250107307,6329.764209018322,1200.2667360060514
1777232937,200,,Aggregated,47.500000,0.000000,3700,3800,4100,4100,4200,4300,4300,4300,4400,4400,4400,10576,0,3700,3857.123442625772,3165.1876250107307,6329.764209018322,1200.2667360060514
1777232938,200,GET,trips_per_route,48.200000,0.000000,3700,3800,4100,4100,4200,4300,4300,4300,4400,4400,4400,10624,0,3700,3857.037875509897,3165.1876250107307,6329.764209018322,1200.2677899096386
1777232938,200,,Aggregated,48.200000,0.000000,3700,3800,4100,4100,4200,4300,4300,4300,4400,4400,4400,10624,0,3700,3857.037875509897,3165.1876250107307,6329.764209018322,1200.2677899096386
1777232939,200,GET,trips_per_route,46.200000,0.000000,3700,3900,4100,4100,4200,4300,4300,4300,4400,4400,4400,10681,0,3700,3857.330028777285,3165.1876250107307,6329.764209018322,1200.2675779421402
1777232939,200,,Aggregated,46.200000,0.000000,3700,3900,4100,4100,4200,4300,4300,4300,4400,4400,4400,10681,0,3700,3857.330028777285,3165.1876250107307,6329.764209018322,1200.2675779421402
1777232940,200,GET,trips_per_route,46.200000,0.000000,3700,3900,4100,4100,4200,4300,4300,4300,4400,4400,4400,10729,0,3700,3857.0173118372863,3165.1876250107307,6329.764209018322,1200.268058532948
1777232940,200,,Aggregated,46.200000,0.000000,3700,3900,4100,4100,4200,4300,4300,4300,4400,4400,4400,10729,0,3700,3857.0173118372863,3165.1876250107307,6329.764209018322,1200.268058532948
1777232941,200,GET,trips_per_route,47.800000,0.000000,3800,4000,4100,4100,4200,4300,4300,4300,4500,4500,4500,10767,0,3700,3857.20702995238,3165.1876250107307,6329.764209018322,1200.2674839788242
1777232941,200,,Aggregated,47.800000,0.000000,3800,4000,4100,4100,4200,4300,4300,4300,4500,4500,4500,10767,0,3700,3857.20702995238,3165.1876250107307,6329.764209018322,1200.2674839788242
1777232942,200,GET,trips_per_route,48.400000,0.000000,3700,3900,4100,4100,4200,4300,4300,4400,4500,4500,4500,10813,0,3700,3857.116209366171,3165.1876250107307,6329.764209018322,1200.2673633589197
1777232942,200,,Aggregated,48.400000,0.000000,3700,3900,4100,4100,4200,4300,4300,4400,4500,4500,4500,10813,0,3700,3857.116209366171,3165.1876250107307,6329.764209018322,1200.2673633589197
1777232943,200,GET,trips_per_route,46.100000,0.000000,3700,3800,4100,4100,4200,4300,4300,4400,4500,4500,4500,10867,0,3700,3856.840128186208,3165.1876250107307,6329.764209018322,1200.2688874574399
1777232943,200,,Aggregated,46.100000,0.000000,3700,3800,4100,4100,4200,4300,4300,4400,4500,4500,4500,10867,0,3700,3856.840128186208,3165.1876250107307,6329.764209018322,1200.2688874574399
1777232944,200,GET,trips_per_route,46.600000,0.000000,3700,3900,4100,4100,4200,4300,4300,4400,4500,4500,4500,10922,0,3700,3856.811956223915,3165.1876250107307,6329.764209018322,1200.2680827687236
1777232944,200,,Aggregated,46.600000,0.000000,3700,3900,4100,4100,4200,4300,4300,4400,4500,4500,4500,10922,0,3700,3856.811956223915,3165.1876250107307,6329.764209018322,1200.2680827687236
1777232945,200,GET,trips_per_route,48.000000,0.000000,3700,3800,4100,4100,4200,4300,4300,4400,4500,4500,4500,10957,0,3700,3856.779723449535,3165.1876250107307,6329.764209018322,1200.268595418454
1777232945,200,,Aggregated,48.000000,0.000000,3700,3800,4100,4100,4200,4300,4300,4400,4500,4500,4500,10957,0,3700,3856.779723449535,3165.1876250107307,6329.764209018322,1200.268595418454
1777232946,200,GET,trips_per_route,48.300000,0.000000,3700,3800,4100,4200,4200,4300,4300,4400,4500,4500,4500,11003,0,3700,3856.8753645897104,3165.1876250107307,6329.764209018322,1200.2686540034535
1777232946,200,,Aggregated,48.300000,0.000000,3700,3800,4100,4200,4200,4300,4300,4400,4500,4500,4500,11003,0,3700,3856.8753645897104,3165.1876250107307,6329.764209018322,1200.2686540034535
1777232947,200,GET,trips_per_route,46.900000,0.000000,3800,3800,4100,4200,4200,4300,4300,4400,4500,4500,4500,11055,0,3700,3856.8429253389027,3165.1876250107307,6329.764209018322,1200.2693803708728
1777232947,200,,Aggregated,46.900000,0.000000,3800,3800,4100,4200,4200,4300,4300,4400,4500,4500,4500,11055,0,3700,3856.8429253389027,3165.1876250107307,6329.764209018322,1200.2693803708728
1777232948,200,GET,trips_per_route,45.600000,0.000000,3700,3800,4100,4100,4200,4300,4300,4400,4500,4500,4500,11109,0,3700,3856.852009545275,3165.1876250107307,6329.764209018322,1200.2702313439554
1777232948,200,,Aggregated,45.600000,0.000000,3700,3800,4100,4100,4200,4300,4300,4400,4500,4500,4500,11109,0,3700,3856.852009545275,3165.1876250107307,6329.764209018322,1200.2702313439554
1777232949,200,GET,trips_per_route,47.100000,0.000000,3800,3900,4100,4200,4200,4300,4300,4400,4500,4500,4500,11146,0,3700,3856.9783175125226,3165.1876250107307,6329.764209018322,1200.2706800645972
1777232949,200,,Aggregated,47.100000,0.000000,3800,3900,4100,4200,4200,4300,4300,4400,4500,4500,4500,11146,0,3700,3856.9783175125226,3165.1876250107307,6329.764209018322,1200.2706800645972
1777232950,200,GET,trips_per_route,48.400000,0.000000,3800,3800,4100,4200,4200,4300,4300,4400,4400,4400,4400,11188,0,3700,3857.02481135624,3165.1876250107307,6329.764209018322,1200.271004647837
1777232950,200,,Aggregated,48.400000,0.000000,3800,3800,4100,4200,4200,4300,4300,4400,4400,4400,4400,11188,0,3700,3857.02481135624,3165.1876250107307,6329.764209018322,1200.271004647837
1777232951,200,GET,trips_per_route,47.100000,0.000000,3800,3900,4100,4200,4200,4300,4300,4400,4400,4400,4400,11240,0,3700,3857.1645906579824,3165.1876250107307,6329.764209018322,1200.2696619217081
1777232951,200,,Aggregated,47.100000,0.000000,3800,3900,4100,4200,4200,4300,4300,4400,4400,4400,4400,11240,0,3700,3857.1645906579824,3165.1876250107307,6329.764209018322,1200.2696619217081
1777232952,200,GET,trips_per_route,44.800000,0.000000,3800,3900,4100,4200,4200,4300,4300,4400,4400,4400,4400,11295,0,3700,3857.046111534465,3165.1876250107307,6329.764209018322,1200.2698539176627
1777232952,200,,Aggregated,44.800000,0.000000,3800,3900,4100,4200,4200,4300,4300,4400,4400,4400,4400,11295,0,3700,3857.046111534465,3165.1876250107307,6329.764209018322,1200.2698539176627
1777232953,200,GET,trips_per_route,46.700000,0.000000,3800,4000,4100,4200,4200,4300,4300,4400,4400,4400,4400,11336,0,3700,3857.214488288799,3165.1876250107307,6329.764209018322,1200.270201129146
1777232953,200,,Aggregated,46.700000,0.000000,3800,4000,4100,4200,4200,4300,4300,4400,4400,4400,4400,11336,0,3700,3857.214488288799,3165.1876250107307,6329.764209018322,1200.270201129146
1777232954,200,GET,trips_per_route,47.700000,0.000000,3800,3900,4100,4200,4200,4300,4300,4300,4400,4400,4400,11381,0,3700,3857.011285819511,3165.1876250107307,6329.764209018322,1200.2708022142167
1777232954,200,,Aggregated,47.700000,0.000000,3800,3900,4100,4200,4200,4300,4300,4300,4400,4400,4400,11381,0,3700,3857.011285819511,3165.1876250107307,6329.764209018322,1200.2708022142167
1777232955,200,GET,trips_per_route,46.900000,0.000000,3800,3900,4100,4200,4200,4300,4300,4300,4400,4400,4400,11426,0,3700,3856.860200689287,3165.1876250107307,6329.764209018322,1200.2705233677577
1777232955,200,,Aggregated,46.900000,0.000000,3800,3900,4100,4200,4200,4300,4300,4300,4400,4400,4400,11426,0,3700,3856.860200689287,3165.1876250107307,6329.764209018322,1200.2705233677577
1777232956,200,GET,trips_per_route,45.300000,0.000000,3800,3900,4100,4200,4200,4300,4300,4300,4400,4400,4400,11484,0,3700,3856.9416881778016,3165.1876250107307,6329.764209018322,1200.270811563915
1777232956,200,,Aggregated,45.300000,0.000000,3800,3900,4100,4200,4200,4300,4300,4300,4400,4400,4400,11484,0,3700,3856.9416881778016,3165.1876250107307,6329.764209018322,1200.270811563915
1777232957,200,GET,trips_per_route,46.400000,0.000000,3800,3900,4100,4200,4200,4300,4300,4300,4400,4400,4400,11528,0,3700,3856.96664065673,3165.1876250107307,6329.764209018322,1200.2710791117279
1777232957,200,,Aggregated,46.400000,0.000000,3800,3900,4100,4200,4200,4300,4300,4300,4400,4400,4400,11528,0,3700,3856.96664065673,3165.1876250107307,6329.764209018322,1200.2710791117279
1777232958,200,GET,trips_per_route,48.200000,0.000000,3800,3900,4100,4200,4200,4300,4300,4300,4400,4400,4400,11569,0,3700,3857.07799328591,3165.1876250107307,6329.764209018322,1200.270982798859
1777232958,200,,Aggregated,48.200000,0.000000,3800,3900,4100,4200,4200,4300,4300,4300,4400,4400,4400,11569,0,3700,3857.07799328591,3165.1876250107307,6329.764209018322,1200.270982798859
1777232959,200,GET,trips_per_route,48.100000,0.000000,3800,3900,4100,4200,4200,4300,4300,4300,4400,4400,4400,11612,0,3700,3856.9662261987223,3165.1876250107307,6329.764209018322,1200.2715294522907
1777232959,200,,Aggregated,48.100000,0.000000,3800,3900,4100,4200,4200,4300,4300,4300,4400,4400,4400,11612,0,3700,3856.9662261987223,3165.1876250107307,6329.764209018322,1200.2715294522907
1777232960,200,GET,trips_per_route,46.000000,0.000000,3700,3900,4100,4200,4200,4300,4300,4300,4400,4400,4400,11667,0,3700,3856.887989167774,3165.1876250107307,6329.764209018322,1200.2723922173652
1777232960,200,,Aggregated,46.000000,0.000000,3700,3900,4100,4200,4200,4300,4300,4300,4400,4400,4400,11667,0,3700,3856.887989167774,3165.1876250107307,6329.764209018322,1200.2723922173652
1777232961,200,GET,trips_per_route,46.500000,0.000000,3800,3900,4100,4200,4200,4300,4300,4300,4400,4400,4400,11719,0,3700,3857.1167839689733,3165.1876250107307,6329.764209018322,1200.2718662001878
1777232961,200,,Aggregated,46.500000,0.000000,3800,3900,4100,4200,4200,4300,4300,4300,4400,4400,4400,11719,0,3700,3857.1167839689733,3165.1876250107307,6329.764209018322,1200.2718662001878
1777232962,200,GET,trips_per_route,48.100000,0.000000,3800,3900,4100,4200,4200,4300,4300,4300,4400,4400,4400,11758,0,3700,3857.043602072585,3165.1876250107307,6329.764209018322,1200.2718149345126
1777232962,200,,Aggregated,48.100000,0.000000,3800,3900,4100,4200,4200,4300,4300,4300,4400,4400,4400,11758,0,3700,3857.043602072585,3165.1876250107307,6329.764209018322,1200.2718149345126
1777232963,200,GET,trips_per_route,48.400000,0.000000,3800,3900,4100,4200,4200,4300,4300,4300,4400,4400,4400,11799,0,3700,3857.033309705087,3165.1876250107307,6329.764209018322,1200.27256547165
1777232963,200,,Aggregated,48.400000,0.000000,3800,3900,4100,4200,4200,4300,4300,4300,4400,4400,4400,11799,0,3700,3857.033309705087,3165.1876250107307,6329.764209018322,1200.27256547165
1777232964,200,GET,trips_per_route,46.400000,0.000000,3800,4000,4100,4200,4200,4300,4300,4300,4400,4400,4400,11855,0,3700,3856.9941209371786,3165.1876250107307,6329.764209018322,1200.2727962884858
1777232964,200,,Aggregated,46.400000,0.000000,3800,4000,4100,4200,4200,4300,4300,4300,4400,4400,4400,11855,0,3700,3856.9941209371786,3165.1876250107307,6329.764209018322,1200.2727962884858
1777232965,200,GET,trips_per_route,45.900000,0.000000,3800,3900,4100,4200,4200,4300,4300,4300,4400,4400,4400,11911,0,3700,3856.868134133751,3165.1876250107307,6329.764209018322,1200.272940978927
1777232965,200,,Aggregated,45.900000,0.000000,3800,3900,4100,4200,4200,4300,4300,4300,4400,4400,4400,11911,0,3700,3856.868134133751,3165.1876250107307,6329.764209018322,1200.272940978927
1777232966,200,GET,trips_per_route,47.100000,0.000000,3700,3900,4100,4200,4200,4300,4300,4300,4400,4400,4400,11947,0,3700,3856.8758813932354,3165.1876250107307,6329.764209018322,1200.2727044446306
1777232966,200,,Aggregated,47.100000,0.000000,3700,3900,4100,4200,4200,4300,4300,4300,4400,4400,4400,11947,0,3700,3856.8758813932354,3165.1876250107307,6329.764209018322,1200.2727044446306
1777232967,200,GET,trips_per_route,48.000000,0.000000,3700,3800,4100,4200,4200,4300,4300,4300,4400,4400,4400,11991,0,3700,3856.8273438174515,3165.1876250107307,6329.764209018322,1200.2728713201568
1777232967,200,,Aggregated,48.000000,0.000000,3700,3800,4100,4200,4200,4300,4300,4300,4400,4400,4400,11991,0,3700,3856.8273438174515,3165.1876250107307,6329.764209018322,1200.2728713201568
1777232968,200,GET,trips_per_route,46.600000,0.000000,3700,3800,4100,4200,4200,4300,4300,4300,4400,4400,4400,12045,0,3700,3856.8620085795956,3165.1876250107307,6329.764209018322,1200.2732254047323
1777232968,200,,Aggregated,46.600000,0.000000,3700,3800,4100,4200,4200,4300,4300,4300,4400,4400,4400,12045,0,3700,3856.8620085795956,3165.1876250107307,6329.764209018322,1200.2732254047323
1777232969,200,GET,trips_per_route,45.800000,0.000000,3700,3800,4100,4100,4200,4300,4300,4300,4400,4400,4400,12095,0,3700,3856.557424077397,3165.1876250107307,6329.764209018322,1200.2739975196362
1777232969,200,,Aggregated,45.800000,0.000000,3700,3800,4100,4100,4200,4300,4300,4300,4400,4400,4400,12095,0,3700,3856.557424077397,3165.1876250107307,6329.764209018322,1200.2739975196362
1777232970,200,GET,trips_per_route,46.900000,0.000000,3700,3800,4100,4100,4200,4300,4300,4300,4400,4400,4400,12140,0,3700,3856.71374808575,3165.1876250107307,6329.764209018322,1200.272981878089
1777232970,200,,Aggregated,46.900000,0.000000,3700,3800,4100,4100,4200,4300,4300,4300,4400,4400,4400,12140,0,3700,3856.71374808575,3165.1876250107307,6329.764209018322,1200.272981878089
1777232971,200,GET,trips_per_route,47.500000,0.000000,3700,3800,4100,4100,4200,4300,4300,4300,4400,4400,4400,12182,0,3700,3856.5993474261895,3165.1876250107307,6329.764209018322,1200.2734362173699
1777232971,200,,Aggregated,47.500000,0.000000,3700,3800,4100,4100,4200,4300,4300,4300,4400,4400,4400,12182,0,3700,3856.5993474261895,3165.1876250107307,6329.764209018322,1200.2734362173699
1777232972,200,GET,trips_per_route,47.300000,0.000000,3700,3800,4100,4100,4200,4300,4300,4300,4400,4400,4400,12222,0,3700,3856.5449611641116,3165.1876250107307,6329.764209018322,1200.2737686139749
1777232972,200,,Aggregated,47.300000,0.000000,3700,3800,4100,4100,4200,4300,4300,4300,4400,4400,4400,12222,0,3700,3856.5449611641116,3165.1876250107307,6329.764209018322,1200.2737686139749
1777232973,200,GET,trips_per_route,46.500000,0.000000,3700,3800,4100,4100,4200,4300,4300,4300,4400,4400,4400,12281,0,3700,3856.6901716863294,3165.1876250107307,6329.764209018322,1200.2742447683413
1777232973,200,,Aggregated,46.500000,0.000000,3700,3800,4100,4100,4200,4300,4300,4300,4400,4400,4400,12281,0,3700,3856.6901716863294,3165.1876250107307,6329.764209018322,1200.2742447683413
1777232974,200,GET,trips_per_route,46.000000,0.000000,3700,3900,4100,4100,4200,4300,4300,4300,4400,4400,4400,12330,0,3700,3856.659702134277,3165.1876250107307,6329.764209018322,1200.274695863747
1777232974,200,,Aggregated,46.000000,0.000000,3700,3900,4100,4100,4200,4300,4300,4300,4400,4400,4400,12330,0,3700,3856.659702134277,3165.1876250107307,6329.764209018322,1200.274695863747
1777232975,200,GET,trips_per_route,47.600000,0.000000,3700,3800,4100,4100,4200,4300,4300,4300,4400,4400,4400,12374,0,3700,3856.5514060275973,3165.1876250107307,6329.764209018322,1200.275416195248
1777232975,200,,Aggregated,47.600000,0.000000,3700,3800,4100,4100,4200,4300,4300,4300,4400,4400,4400,12374,0,3700,3856.5514060275973,3165.1876250107307,6329.764209018322,1200.275416195248
1777232976,200,GET,trips_per_route,48.300000,0.000000,3700,3900,4100,4100,4200,4300,4300,4300,4400,4400,4400,12413,0,3700,3856.4902658750066,3165.1876250107307,6329.764209018322,1200.275759284621
1777232976,200,,Aggregated,48.300000,0.000000,3700,3900,4100,4100,4200,4300,4300,4300,4400,4400,4400,12413,0,3700,3856.4902658750066,3165.1876250107307,6329.764209018322,1200.275759284621
1777232977,200,GET,trips_per_route,47.000000,0.000000,3700,3900,4100,4100,4200,4300,4300,4300,4400,4400,4400,12467,0,3700,3856.4315033501766,3165.1876250107307,6329.764209018322,1200.2762492981471
1777232977,200,,Aggregated,47.000000,0.000000,3700,3900,4100,4100,4200,4300,4300,4300,4400,4400,4400,12467,0,3700,3856.4315033501766,3165.1876250107307,6329.764209018322,1200.2762492981471
1777232978,200,GET,trips_per_route,46.300000,0.000000,3700,3800,4100,4100,4200,4300,4300,4300,4400,4400,4400,12520,0,3700,3856.404002686876,3165.1876250107307,6329.764209018322,1200.276837060703
1777232978,200,,Aggregated,46.300000,0.000000,3700,3800,4100,4100,4200,4300,4300,4300,4400,4400,4400,12520,0,3700,3856.404002686876,3165.1876250107307,6329.764209018322,1200.276837060703
1777232979,200,GET,trips_per_route,47.100000,0.000000,3700,3800,4100,4100,4200,4300,4300,4300,4400,4400,4400,12565,0,3700,3856.2620801411535,3165.1876250107307,6329.764209018322,1200.2768802228413
1777232979,200,,Aggregated,47.100000,0.000000,3700,3800,4100,4100,4200,4300,4300,4300,4400,4400,4400,12565,0,3700,3856.2620801411535,3165.1876250107307,6329.764209018322,1200.2768802228413
1777232980,200,GET,trips_per_route,48.300000,0.000000,3700,3800,4100,4100,4200,4300,4300,4300,4400,4400,4400,12601,0,3700,3856.150842477476,3165.1876250107307,6329.764209018322,1200.2764859931751
1777232980,200,,Aggregated,48.300000,0.000000,3700,3800,4100,4100,4200,4300,4300,4300,4400,4400,4400,12601,0,3700,3856.150842477476,3165.1876250107307,6329.764209018322,1200.2764859931751
1777232981,200,GET,trips_per_route,47.700000,0.000000,3700,3900,4100,4100,4200,4300,4300,4300,4400,4400,4400,12651,0,3700,3856.1386206308352,3165.1876250107307,6329.764209018322,1200.2768160619714
1777232981,200,,Aggregated,47.700000,0.000000,3700,3900,4100,4100,4200,4300,4300,4300,4400,4400,4400,12651,0,3700,3856.1386206308352,3165.1876250107307,6329.764209018322,1200.2768160619714
1777232982,200,GET,trips_per_route,46.200000,0.000000,3700,3800,4100,4100,4200,4300,4300,4300,4400,4400,4400,12706,0,3700,3856.2032209074227,3165.1876250107307,6329.764209018322,1200.2758539272784
1777232982,200,,Aggregated,46.200000,0.000000,3700,3800,4100,4100,4200,4300,4300,4300,4400,4400,4400,12706,0,3700,3856.2032209074227,3165.1876250107307,6329.764209018322,1200.2758539272784
1777232983,200,GET,trips_per_route,47.000000,0.000000,3700,3800,4100,4100,4200,4300,4300,4300,4400,4400,4400,12759,0,3700,3856.062095868616,3165.1876250107307,6329.764209018322,1200.276353946234
1777232983,200,,Aggregated,47.000000,0.000000,3700,3800,4100,4100,4200,4300,4300,4300,4400,4400,4400,12759,0,3700,3856.062095868616,3165.1876250107307,6329.764209018322,1200.276353946234
1777232984,200,GET,trips_per_route,48.700000,0.000000,3700,3800,4100,4100,4200,4300,4300,4300,4400,4400,4400,12790,0,3700,3856.0528181013706,3165.1876250107307,6329.764209018322,1200.276465989054
1777232984,200,,Aggregated,48.700000,0.000000,3700,3800,4100,4100,4200,4300,4300,4300,4400,4400,4400,12790,0,3700,3856.0528181013706,3165.1876250107307,6329.764209018322,1200.276465989054
1777232985,200,GET,trips_per_route,47.900000,0.000000,3700,3900,4100,4100,4200,4300,4300,4300,4400,4400,4400,12844,0,3700,3856.227494275336,3165.1876250107307,6329.764209018322,1200.2773279352227
1777232985,200,,Aggregated,47.900000,0.000000,3700,3900,4100,4100,4200,4300,4300,4300,4400,4400,4400,12844,0,3700,3856.227494275336,3165.1876250107307,6329.764209018322,1200.2773279352227
1777232986,200,GET,trips_per_route,46.200000,0.000000,3700,3900,4100,4100,4200,4300,4300,4300,4300,4300,4300,12898,0,3700,3856.2640216582768,3165.1876250107307,6329.764209018322,1200.2777174755777
1777232986,200,,Aggregated,46.200000,0.000000,3700,3900,4100,4100,4200,4300,4300,4300,4300,4300,4300,12898,0,3700,3856.2640216582768,3165.1876250107307,6329.764209018322,1200.2777174755777
1777232987,200,GET,trips_per_route,46.000000,0.000000,3700,3900,4100,4100,4200,4200,4300,4300,4300,4300,4300,12946,0,3700,3856.069526141541,3165.1876250107307,6329.764209018322,1200.2779236829908
1777232987,200,,Aggregated,46.000000,0.000000,3700,3900,4100,4100,4200,4200,4300,4300,4300,4300,4300,12946,0,3700,3856.069526141541,3165.1876250107307,6329.764209018322,1200.2779236829908
1777232988,200,GET,trips_per_route,47.700000,0.000000,3700,4000,4100,4100,4200,4200,4300,4300,4300,4300,4300,12984,0,3700,3856.137583093599,3165.1876250107307,6329.764209018322,1200.2771102895872
1777232988,200,,Aggregated,47.700000,0.000000,3700,4000,4100,4100,4200,4200,4300,4300,4300,4300,4300,12984,0,3700,3856.137583093599,3165.1876250107307,6329.764209018322,1200.2771102895872
1777232989,200,GET,trips_per_route,47.900000,0.000000,3700,3900,4100,4100,4200,4200,4300,4300,4400,4400,4400,13031,0,3700,3856.0167574705924,3165.1876250107307,6329.764209018322,1200.2774153940604
1777232989,200,,Aggregated,47.900000,0.000000,3700,3900,4100,4100,4200,4200,4300,4300,4400,4400,4400,13031,0,3700,3856.0167574705924,3165.1876250107307,6329.764209018322,1200.2774153940604
1777232990,200,GET,trips_per_route,46.600000,0.000000,3700,3900,4100,4100,4200,4200,4300,4300,4400,4400,4400,13080,0,3700,3855.8240752880874,3165.1876250107307,6329.764209018322,1200.2782874617737
1777232990,200,,Aggregated,46.600000,0.000000,3700,3900,4100,4100,4200,4200,4300,4300,4400,4400,4400,13080,0,3700,3855.8240752880874,3165.1876250107307,6329.764209018322,1200.2782874617737
1777232991,200,GET,trips_per_route,45.800000,0.000000,3700,3900,4100,4100,4200,4200,4300,4300,4400,4400,4400,13138,0,3700,3855.8318191045214,3165.1876250107307,6329.764209018322,1200.2785812147968
1777232991,200,,Aggregated,45.800000,0.000000,3700,3900,4100,4100,4200,4200,4300,4300,4400,4400,4400,13138,0,3700,3855.8318191045214,3165.1876250107307,6329.764209018322,1200.2785812147968
1777232992,200,GET,trips_per_route,47.700000,0.000000,3700,3800,4100,4100,4200,4200,4300,4300,4400,4400,4400,13175,0,3700,3855.643278306579,3165.1876250107307,6329.764209018322,1200.2788614800759
1777232992,200,,Aggregated,47.700000,0.000000,3700,3800,4100,4100,4200,4200,4300,4300,4400,4400,4400,13175,0,3700,3855.643278306579,3165.1876250107307,6329.764209018322,1200.2788614800759
1777232993,200,GET,trips_per_route,48.000000,0.000000,3700,3800,4100,4100,4200,4200,4300,4300,4400,4400,4400,13217,0,3700,3855.610760543551,3165.1876250107307,6329.764209018322,1200.2794128773548
1777232993,200,,Aggregated,48.000000,0.000000,3700,3800,4100,4100,4200,4200,4300,4300,4400,4400,4400,13217,0,3700,3855.610760543551,3165.1876250107307,6329.764209018322,1200.2794128773548
1777232994,200,GET,trips_per_route,47.200000,0.000000,3700,3800,4100,4100,4200,4200,4300,4300,4400,4400,4400,13274,0,3700,3855.6424284174386,3165.1876250107307,6329.764209018322,1200.2793430766912
1777232994,200,,Aggregated,47.200000,0.000000,3700,3800,4100,4100,4200,4200,4300,4300,4400,4400,4400,13274,0,3700,3855.6424284174386,3165.1876250107307,6329.764209018322,1200.2793430766912
1777232995,200,GET,trips_per_route,45.200000,0.000000,3700,3800,4100,4100,4200,4200,4300,4300,4400,4400,4400,13328,0,3700,3855.574162472542,3165.1876250107307,6329.764209018322,1200.2798619447778
1777232995,200,,Aggregated,45.200000,0.000000,3700,3800,4100,4100,4200,4200,4300,4300,4400,4400,4400,13328,0,3700,3855.574162472542,3165.1876250107307,6329.764209018322,1200.2798619447778
1777232996,200,GET,trips_per_route,47.300000,0.000000,3700,3800,4100,4100,4200,4200,4300,4300,4400,4400,4400,13368,0,3700,3855.6256911671994,3165.1876250107307,6329.764209018322,1200.2805206463195
1777232996,200,,Aggregated,47.300000,0.000000,3700,3800,4100,4100,4200,4200,4300,4300,4400,4400,4400,13368,0,3700,3855.6256911671994,3165.1876250107307,6329.764209018322,1200.2805206463195
1777232997,200,GET,trips_per_route,48.300000,0.000000,3700,3800,4100,4100,4200,4200,4300,4300,4400,4400,4400,13398,0,3700,3855.6126001318157,3165.1876250107307,6329.764209018322,1200.2801910732944
1777232997,200,,Aggregated,48.300000,0.000000,3700,3800,4100,4100,4200,4200,4300,4300,4400,4400,4400,13398,0,3700,3855.6126001318157,3165.1876250107307,6329.764209018322,1200.2801910732944
1777232998,200,GET,trips_per_route,47.800000,0.000000,3700,3800,4100,4100,4200,4300,4300,4300,4600,4600,4600,13463,0,3700,3855.769087411293,3165.1876250107307,6329.764209018322,1200.2798039070044
1777232998,200,,Aggregated,47.800000,0.000000,3700,3800,4100,4100,4200,4300,4300,4300,4600,4600,4600,13463,0,3700,3855.769087411293,3165.1876250107307,6329.764209018322,1200.2798039070044
1777232999,200,GET,trips_per_route,45.600000,0.000000,3700,3800,4100,4100,4200,4300,4300,4300,4600,4600,4600,13514,0,3700,3855.6254120839394,3165.1876250107307,6329.764209018322,1200.28089388782
1777232999,200,,Aggregated,45.600000,0.000000,3700,3800,4100,4100,4200,4300,4300,4300,4600,4600,4600,13514,0,3700,3855.6254120839394,3165.1876250107307,6329.764209018322,1200.28089388782
1777233000,200,GET,trips_per_route,46.300000,0.000000,3700,3900,4100,4100,4200,4300,4300,4300,4600,4600,4600,13559,0,3700,3855.7023116247083,3165.1876250107307,6329.764209018322,1200.2810679253632
1777233000,200,,Aggregated,46.300000,0.000000,3700,3900,4100,4100,4200,4300,4300,4300,4600,4600,4600,13559,0,3700,3855.7023116247083,3165.1876250107307,6329.764209018322,1200.2810679253632
1777233001,200,GET,trips_per_route,48.000000,0.000000,3800,4000,4100,4200,4200,4300,4300,4300,4600,4600,4600,13593,0,3700,3855.8219927191567,3165.1876250107307,6329.764209018322,1200.2811741337453
1777233001,200,,Aggregated,48.000000,0.000000,3800,4000,4100,4200,4200,4300,4300,4300,4600,4600,4600,13593,0,3700,3855.8219927191567,3165.1876250107307,6329.764209018322,1200.2811741337453
1777233002,200,GET,trips_per_route,47.900000,0.000000,3800,3900,4100,4200,4200,4300,4300,4300,4600,4600,4600,13640,0,3700,3855.6576597383078,3165.1876250107307,6329.764209018322,1200.2815249266862
1777233002,200,,Aggregated,47.900000,0.000000,3800,3900,4100,4200,4200,4300,4300,4300,4600,4600,4600,13640,0,3700,3855.6576597383078,3165.1876250107307,6329.764209018322,1200.2815249266862
1777233003,200,GET,trips_per_route,45.600000,0.000000,3800,4000,4100,4200,4200,4300,4300,4300,4600,4600,4600,13700,0,3700,3855.8381665477145,3165.1876250107307,6329.764209018322,1200.2820437956204
1777233003,200,,Aggregated,45.600000,0.000000,3800,4000,4100,4200,4200,4300,4300,4300,4600,4600,4600,13700,0,3700,3855.8381665477145,3165.1876250107307,6329.764209018322,1200.2820437956204
1777233004,200,GET,trips_per_route,44.700000,0.000000,3800,3900,4100,4200,4200,4300,4300,4300,4600,4600,4600,13753,0,3700,3855.619852259332,3165.1876250107307,6329.764209018322,1200.2828473787538
1777233004,200,,Aggregated,44.700000,0.000000,3800,3900,4100,4200,4200,4300,4300,4300,4600,4600,4600,13753,0,3700,3855.619852259332,3165.1876250107307,6329.764209018322,1200.2828473787538
1777233005,200,GET,trips_per_route,48.900000,0.000000,3800,3800,4100,4200,4200,4300,4300,4300,4600,4600,4600,13782,0,3700,3855.58485889491,3165.1876250107307,6329.764209018322,1200.2832680307647
1777233005,200,,Aggregated,48.900000,0.000000,3800,3800,4100,4200,4200,4300,4300,4300,4600,4600,4600,13782,0,3700,3855.58485889491,3165.1876250107307,6329.764209018322,1200.2832680307647
1777233006,200,GET,trips_per_route,47.700000,0.000000,3700,3800,4100,4200,4200,4300,4300,4300,4600,4600,4600,13824,0,3700,3855.559269166502,3165.1876250107307,6329.764209018322,1200.2837818287037
1777233006,200,,Aggregated,47.700000,0.000000,3700,3800,4100,4200,4200,4300,4300,4300,4600,4600,4600,13824,0,3700,3855.559269166502,3165.1876250107307,6329.764209018322,1200.2837818287037
1777233007,200,GET,trips_per_route,46.400000,0.000000,3800,3800,4100,4200,4200,4300,4300,4300,4400,4400,4400,13885,0,3700,3855.6767578711406,3165.1876250107307,6329.764209018322,1200.2839755131438
1777233007,200,,Aggregated,46.400000,0.000000,3800,3800,4100,4200,4200,4300,4300,4300,4400,4400,4400,13885,0,3700,3855.6767578711406,3165.1876250107307,6329.764209018322,1200.2839755131438
1777233008,200,GET,trips_per_route,45.500000,0.000000,3800,3800,4100,4200,4200,4300,4300,4300,4400,4400,4400,13936,0,3700,3855.74939669459,3165.1876250107307,6329.764209018322,1200.2844431687715
1777233008,200,,Aggregated,45.500000,0.000000,3800,3800,4100,4200,4200,4300,4300,4300,4400,4400,4400,13936,0,3700,3855.74939669459,3165.1876250107307,6329.764209018322,1200.2844431687715
1777233009,200,GET,trips_per_route,48.100000,0.000000,3800,3900,4100,4200,4200,4300,4300,4300,4400,4400,4400,13970,0,3700,3855.979023064124,3165.1876250107307,6329.764209018322,1200.2845382963494
1777233009,200,,Aggregated,48.100000,0.000000,3800,3900,4100,4200,4200,4300,4300,4300,4400,4400,4400,13970,0,3700,3855.979023064124,3165.1876250107307,6329.764209018322,1200.2845382963494
1777233010,200,GET,trips_per_route,48.100000,0.000000,3800,3900,4100,4200,4200,4300,4300,4400,4400,4400,4400,14015,0,3700,3856.1188789895746,3165.1876250107307,6329.764209018322,1200.2843382090616
1777233010,200,,Aggregated,48.100000,0.000000,3800,3900,4100,4200,4200,4300,4300,4400,4400,4400,4400,14015,0,3700,3856.1188789895746,3165.1876250107307,6329.764209018322,1200.2843382090616
1777233011,200,GET,trips_per_route,46.800000,0.000000,3800,3900,4100,4200,4200,4300,4300,4400,4400,4400,4400,14069,0,3700,3856.086461703527,3165.1876250107307,6329.764209018322,1200.2850238112162
1777233011,200,,Aggregated,46.800000,0.000000,3800,3900,4100,4200,4200,4300,4300,4400,4400,4400,4400,14069,0,3700,3856.086461703527,3165.1876250107307,6329.764209018322,1200.2850238112162
1777233012,200,GET,trips_per_route,44.800000,0.000000,3800,3900,4100,4200,4200,4300,4300,4400,4400,4400,4400,14121,0,3700,3856.237092970324,3165.1876250107307,6329.764209018322,1200.2856738191347
1777233012,200,,Aggregated,44.800000,0.000000,3800,3900,4100,4200,4200,4300,4300,4400,4400,4400,4400,14121,0,3700,3856.237092970324,3165.1876250107307,6329.764209018322,1200.2856738191347
1777233013,200,GET,trips_per_route,46.500000,0.000000,3800,3900,4100,4200,4200,4300,4300,4400,4400,4400,4400,14160,0,3700,3856.4924275394783,3165.1876250107307,6329.764209018322,1200.2859463276836
1777233013,200,,Aggregated,46.500000,0.000000,3800,3900,4100,4200,4200,4300,4300,4400,4400,4400,4400,14160,0,3700,3856.4924275394783,3165.1876250107307,6329.764209018322,1200.2859463276836
1777233014,200,GET,trips_per_route,49.000000,0.000000,3800,4000,4100,4200,4200,4300,4300,4400,4400,4400,4400,14203,0,3700,3856.3769024123017,3165.1876250107307,6329.764209018322,1200.286629585299
1777233014,200,,Aggregated,49.000000,0.000000,3800,4000,4100,4200,4200,4300,4300,4400,4400,4400,4400,14203,0,3700,3856.3769024123017,3165.1876250107307,6329.764209018322,1200.286629585299
1777233015,200,GET,trips_per_route,46.800000,0.000000,3800,3900,4100,4200,4200,4300,4300,4400,4400,4400,4400,14255,0,3700,3856.421832489089,3165.1876250107307,6329.764209018322,1200.286636267976
1777233015,200,,Aggregated,46.800000,0.000000,3800,3900,4100,4200,4200,4300,4300,4400,4400,4400,4400,14255,0,3700,3856.421832489089,3165.1876250107307,6329.764209018322,1200.286636267976
1777233016,200,GET,trips_per_route,45.300000,0.000000,3800,3900,4100,4200,4300,4300,4300,4400,4400,4400,4400,14309,0,3700,3856.3634063094605,3165.1876250107307,6329.764209018322,1200.2858340904327
1777233016,200,,Aggregated,45.300000,0.000000,3800,3900,4100,4200,4300,4300,4300,4400,4400,4400,4400,14309,0,3700,3856.3634063094605,3165.1876250107307,6329.764209018322,1200.2858340904327
1777233017,200,GET,trips_per_route,46.200000,0.000000,3800,3900,4100,4200,4300,4300,4300,4400,4400,4400,4400,14355,0,3700,3856.3700257031105,3165.1876250107307,6329.764209018322,1200.2859630790665
1777233017,200,,Aggregated,46.200000,0.000000,3800,3900,4100,4200,4300,4300,4300,4400,4400,4400,4400,14355,0,3700,3856.3700257031105,3165.1876250107307,6329.764209018322,1200.2859630790665
1777233018,200,GET,trips_per_route,48.000000,0.000000,3800,3900,4100,4200,4300,4300,4300,4400,4400,4400,4400,14389,0,3700,3856.280061711666,3165.1876250107307,6329.764209018322,1200.2863993328237
1777233018,200,,Aggregated,48.000000,0.000000,3800,3900,4100,4200,4300,4300,4300,4400,4400,4400,4400,14389,0,3700,3856.280061711666,3165.1876250107307,6329.764209018322,1200.2863993328237
1777233019,200,GET,trips_per_route,47.100000,0.000000,3800,3900,4100,4200,4200,4300,4300,4400,4400,4400,4400,14442,0,3700,3856.3629304612364,3165.1876250107307,6329.764209018322,1200.2864561695055
1777233019,200,,Aggregated,47.100000,0.000000,3800,3900,4100,4200,4200,4300,4300,4400,4400,4400,4400,14442,0,3700,3856.3629304612364,3165.1876250107307,6329.764209018322,1200.2864561695055
1777233020,200,GET,trips_per_route,46.000000,0.000000,3800,3900,4100,4200,4200,4300,4300,4400,4400,4400,4400,14495,0,3700,3856.3772829921504,3165.1876250107307,6329.764209018322,1200.2870645050018
1777233020,200,,Aggregated,46.000000,0.000000,3800,3900,4100,4200,4200,4300,4300,4400,4400,4400,4400,14495,0,3700,3856.3772829921504,3165.1876250107307,6329.764209018322,1200.2870645050018
1777233021,200,GET,trips_per_route,45.800000,0.000000,3800,3900,4100,4200,4200,4300,4300,4400,4400,4400,4400,14541,0,3700,3856.274121198562,3165.1876250107307,6329.764209018322,1200.2873254934323
1777233021,200,,Aggregated,45.800000,0.000000,3800,3900,4100,4200,4200,4300,4300,4400,4400,4400,4400,14541,0,3700,3856.274121198562,3165.1876250107307,6329.764209018322,1200.2873254934323
1777233022,200,GET,trips_per_route,48.600000,0.000000,3800,3900,4100,4200,4200,4300,4300,4400,4600,4600,4600,14581,0,3700,3856.5397894358007,3165.1876250107307,6329.764209018322,1200.2873602633565
1777233022,200,,Aggregated,48.600000,0.000000,3800,3900,4100,4200,4200,4300,4300,4400,4600,4600,4600,14581,0,3700,3856.5397894358007,3165.1876250107307,6329.764209018322,1200.2873602633565
1777233023,200,GET,trips_per_route,48.500000,0.000000,3800,3900,4100,4200,4200,4300,4300,4400,4700,4700,4700,14621,0,3700,3856.6036426668766,3165.1876250107307,6329.764209018322,1200.2871212639354
1777233023,200,,Aggregated,48.500000,0.000000,3800,3900,4100,4200,4200,4300,4300,4400,4700,4700,4700,14621,0,3700,3856.6036426668766,3165.1876250107307,6329.764209018322,1200.2871212639354
1777233024,200,GET,trips_per_route,46.700000,0.000000,3800,3900,4100,4200,4200,4300,4300,4400,4700,4700,4700,14679,0,3700,3856.783381512655,3165.1876250107307,6329.764209018322,1200.2872811499421
1777233024,200,,Aggregated,46.700000,0.000000,3800,3900,4100,4200,4200,4300,4300,4400,4700,4700,4700,14679,0,3700,3856.783381512655,3165.1876250107307,6329.764209018322,1200.2872811499421
1777233025,200,GET,trips_per_route,45.300000,0.000000,3800,4000,4100,4200,4200,4300,4300,4400,4700,4700,4700,14735,0,3700,3856.8446857829176,3165.1876250107307,6329.764209018322,1200.2870037326095
1777233025,200,,Aggregated,45.300000,0.000000,3800,4000,4100,4200,4200,4300,4300,4400,4700,4700,4700,14735,0,3700,3856.8446857829176,3165.1876250107307,6329.764209018322,1200.2870037326095
1777233026,200,GET,trips_per_route,47.900000,0.000000,3800,4000,4100,4200,4200,4300,4300,4400,4700,4700,4700,14774,0,3700,3856.8214173214624,3165.1876250107307,6329.764209018322,1200.2872614051712
1777233026,200,,Aggregated,47.900000,0.000000,3800,4000,4100,4200,4200,4300,4300,4400,4700,4700,4700,14774,0,3700,3856.8214173214624,3165.1876250107307,6329.764209018322,1200.2872614051712
1777233027,200,GET,trips_per_route,48.500000,0.000000,3800,4000,4100,4200,4200,4300,4300,4400,4700,4700,4700,14809,0,3700,3856.822121747813,3165.1876250107307,6329.764209018322,1200.2871902221623
1777233027,200,,Aggregated,48.500000,0.000000,3800,4000,4100,4200,4200,4300,4300,4400,4700,4700,4700,14809,0,3700,3856.822121747813,3165.1876250107307,6329.764209018322,1200.2871902221623
1777233028,200,GET,trips_per_route,47.100000,0.000000,3800,3900,4100,4200,4200,4300,4300,4400,4700,4700,4700,14870,0,3700,3856.659127575619,3165.1876250107307,6329.764209018322,1200.288029589778
1777233028,200,,Aggregated,47.100000,0.000000,3800,3900,4100,4200,4200,4300,4300,4400,4700,4700,4700,14870,0,3700,3856.659127575619,3165.1876250107307,6329.764209018322,1200.288029589778
1777233029,200,GET,trips_per_route,45.500000,0.000000,3800,3900,4100,4200,4200,4300,4300,4400,4700,4700,4700,14926,0,3700,3856.4655085260974,3165.1876250107307,6329.764209018322,1200.2883558890526
1777233029,200,,Aggregated,45.500000,0.000000,3800,3900,4100,4200,4200,4300,4300,4400,4700,4700,4700,14926,0,3700,3856.4655085260974,3165.1876250107307,6329.764209018322,1200.2883558890526
1777233030,200,GET,trips_per_route,47.100000,0.000000,3800,3900,4100,4200,4200,4300,4300,4400,4700,4700,4700,14968,0,3700,3856.439859539847,3165.1876250107307,6329.764209018322,1200.287479957242
1777233030,200,,Aggregated,47.100000,0.000000,3800,3900,4100,4200,4200,4300,4300,4400,4700,4700,4700,14968,0,3700,3856.439859539847,3165.1876250107307,6329.764209018322,1200.287479957242
1777233031,200,GET,trips_per_route,48.000000,0.000000,3800,3900,4100,4200,4200,4300,4300,4400,4700,4700,4700,15000,0,3700,3856.404651667163,3165.1876250107307,6329.764209018322,1200.2878666666666
1777233031,200,,Aggregated,48.000000,0.000000,3800,3900,4100,4200,4200,4300,4300,4400,4700,4700,4700,15000,0,3700,3856.404651667163,3165.1876250107307,6329.764209018322,1200.2878666666666
1777233032,100,GET,trips_per_route,46.700000,0.000000,3700,3900,4100,4200,4200,4300,4300,4300,4400,4400,4400,15026,0,3700,3856.381162737689,3165.1876250107307,6329.764209018322,1200.2876347664048
1777233032,100,,Aggregated,46.700000,0.000000,3700,3900,4100,4200,4200,4300,4300,4300,4400,4400,4400,15026,0,3700,3856.381162737689,3165.1876250107307,6329.764209018322,1200.2876347664048
1777233033,0,GET,trips_per_route,46.700000,0.000000,3700,3800,4100,4100,4200,4300,4300,4300,4400,4400,4400,15026,0,3700,3856.381162737689,3165.1876250107307,6329.764209018322,1200.2876347664048
1777233033,0,,Aggregated,46.700000,0.000000,3700,3800,4100,4100,4200,4300,4300,4300,4400,4400,4400,15026,0,3700,3856.381162737689,3165.1876250107307,6329.764209018322,1200.2876347664048
1777233034,0,GET,trips_per_route,46.700000,0.000000,3700,3800,4100,4100,4200,4300,4300,4300,4400,4400,4400,15026,0,3700,3856.381162737689,3165.1876250107307,6329.764209018322,1200.2876347664048
1777233034,0,,Aggregated,46.700000,0.000000,3700,3800,4100,4100,4200,4300,4300,4300,4400,4400,4400,15026,0,3700,3856.381162737689,3165.1876250107307,6329.764209018322,1200.2876347664048
1777233035,0,GET,trips_per_route,46.700000,0.000000,3700,3800,4100,4100,4200,4300,4300,4300,4400,4400,4400,15026,0,3700,3856.381162737689,3165.1876250107307,6329.764209018322,1200.2876347664048
1777233035,0,,Aggregated,46.700000,0.000000,3700,3800,4100,4100,4200,4300,4300,4300,4400,4400,4400,15026,0,3700,3856.381162737689,3165.1876250107307,6329.764209018322,1200.2876347664048
1777233036,0,GET,trips_per_route,46.700000,0.000000,3700,3800,4100,4100,4200,4200,4300,4300,4400,4400,4400,15026,0,3700,3856.381162737689,3165.1876250107307,6329.764209018322,1200.2876347664048
1777233036,0,,Aggregated,46.700000,0.000000,3700,3800,4100,4100,4200,4200,4300,4300,4400,4400,4400,15026,0,3700,3856.381162737689,3165.1876250107307,6329.764209018322,1200.2876347664048
1777233037,0,GET,trips_per_route,46.700000,0.000000,3700,3800,4100,4100,4200,4200,4300,4300,4400,4400,4400,15026,0,3700,3856.381162737689,3165.1876250107307,6329.764209018322,1200.2876347664048
1777233037,0,,Aggregated,46.700000,0.000000,3700,3800,4100,4100,4200,4200,4300,4300,4400,4400,4400,15026,0,3700,3856.381162737689,3165.1876250107307,6329.764209018322,1200.2876347664048
1777233038,0,GET,trips_per_route,46.700000,0.000000,3700,3900,4100,4100,4200,4200,4300,4300,4400,4400,4400,15026,0,3700,3856.381162737689,3165.1876250107307,6329.764209018322,1200.2876347664048
1777233038,0,,Aggregated,46.700000,0.000000,3700,3900,4100,4100,4200,4200,4300,4300,4400,4400,4400,15026,0,3700,3856.381162737689,3165.1876250107307,6329.764209018322,1200.2876347664048
1777233039,0,GET,trips_per_route,46.700000,0.000000,3800,3900,4100,4100,4200,4200,4300,4400,4400,4400,4400,15026,0,3700,3856.381162737689,3165.1876250107307,6329.764209018322,1200.2876347664048
1777233039,0,,Aggregated,46.700000,0.000000,3800,3900,4100,4100,4200,4200,4300,4400,4400,4400,4400,15026,0,3700,3856.381162737689,3165.1876250107307,6329.764209018322,1200.2876347664048
1777233040,0,GET,trips_per_route,46.700000,0.000000,3700,3800,4000,4100,4200,4200,4400,4400,4400,4400,4400,15026,0,3700,3856.381162737689,3165.1876250107307,6329.764209018322,1200.2876347664048
1777233040,0,,Aggregated,46.700000,0.000000,3700,3800,4000,4100,4200,4200,4400,4400,4400,4400,4400,15026,0,3700,3856.381162737689,3165.1876250107307,6329.764209018322,1200.2876347664048
1777233041,0,GET,trips_per_route,46.700000,0.000000,4000,4100,4200,4200,4200,4400,4400,4400,4400,4400,4400,15026,0,3700,3856.381162737689,3165.1876250107307,6329.764209018322,1200.2876347664048
1777233041,0,,Aggregated,46.700000,0.000000,4000,4100,4200,4200,4200,4400,4400,4400,4400,4400,4400,15026,0,3700,3856.381162737689,3165.1876250107307,6329.764209018322,1200.2876347664048
1777233042,0,GET,trips_per_route,46.700000,0.000000,4000,4100,4200,4200,4200,4400,4400,4400,4400,4400,4400,15026,0,3700,3856.381162737689,3165.1876250107307,6329.764209018322,1200.2876347664048
1777233042,0,,Aggregated,46.700000,0.000000,4000,4100,4200,4200,4200,4400,4400,4400,4400,4400,4400,15026,0,3700,3856.381162737689,3165.1876250107307,6329.764209018322,1200.2876347664048
1777233043,0,GET,trips_per_route,46.700000,0.000000,4000,4100,4200,4200,4200,4400,4400,4400,4400,4400,4400,15026,0,3700,3856.381162737689,3165.1876250107307,6329.764209018322,1200.2876347664048
1777233043,0,,Aggregated,46.700000,0.000000,4000,4100,4200,4200,4200,4400,4400,4400,4400,4400,4400,15026,0,3700,3856.381162737689,3165.1876250107307,6329.764209018322,1200.2876347664048
1777233044,0,GET,trips_per_route,46.700000,0.000000,4000,4100,4200,4200,4200,4400,4400,4400,4400,4400,4400,15026,0,3700,3856.381162737689,3165.1876250107307,6329.764209018322,1200.2876347664048
1777233044,0,,Aggregated,46.700000,0.000000,4000,4100,4200,4200,4200,4400,4400,4400,4400,4400,4400,15026,0,3700,3856.381162737689,3165.1876250107307,6329.764209018322,1200.2876347664048
1777233045,0,GET,trips_per_route,46.700000,0.000000,4000,4100,4200,4200,4200,4400,4400,4400,4400,4400,4400,15026,0,3700,3856.381162737689,3165.1876250107307,6329.764209018322,1200.2876347664048
1777233045,0,,Aggregated,46.700000,0.000000,4000,4100,4200,4200,4200,4400,4400,4400,4400,4400,4400,15026,0,3700,3856.381162737689,3165.1876250107307,6329.764209018322,1200.2876347664048
1777233046,0,GET,trips_per_route,46.700000,0.000000,4000,4100,4200,4200,4200,4400,4400,4400,4400,4400,4400,15026,0,3700,3856.381162737689,3165.1876250107307,6329.764209018322,1200.2876347664048
1777233046,0,,Aggregated,46.700000,0.000000,4000,4100,4200,4200,4200,4400,4400,4400,4400,4400,4400,15026,0,3700,3856.381162737689,3165.1876250107307,6329.764209018322,1200.2876347664048
1777233047,0,GET,trips_per_route,46.700000,0.000000,4000,4100,4200,4200,4200,4400,4400,4400,4400,4400,4400,15026,0,3700,3856.381162737689,3165.1876250107307,6329.764209018322,1200.2876347664048
1777233047,0,,Aggregated,46.700000,0.000000,4000,4100,4200,4200,4200,4400,4400,4400,4400,4400,4400,15026,0,3700,3856.381162737689,3165.1876250107307,6329.764209018322,1200.2876347664048
1777233048,0,GET,trips_per_route,46.700000,0.000000,4000,4100,4200,4200,4200,4400,4400,4400,4400,4400,4400,15026,0,3700,3856.381162737689,3165.1876250107307,6329.764209018322,1200.2876347664048
1777233048,0,,Aggregated,46.700000,0.000000,4000,4100,4200,4200,4200,4400,4400,4400,4400,4400,4400,15026,0,3700,3856.381162737689,3165.1876250107307,6329.764209018322,1200.2876347664048
1777233049,0,GET,trips_per_route,46.700000,0.000000,4000,4100,4200,4200,4200,4400,4400,4400,4400,4400,4400,15026,0,3700,3856.381162737689,3165.1876250107307,6329.764209018322,1200.2876347664048
1777233049,0,,Aggregated,46.700000,0.000000,4000,4100,4200,4200,4200,4400,4400,4400,4400,4400,4400,15026,0,3700,3856.381162737689,3165.1876250107307,6329.764209018322,1200.2876347664048
1777233050,0,GET,trips_per_route,46.700000,0.000000,0,0,0,0,0,0,0,0,0,0,0,15026,0,3700,3856.381162737689,3165.1876250107307,6329.764209018322,1200.2876347664048
1777233050,0,,Aggregated,46.700000,0.000000,0,0,0,0,0,0,0,0,0,0,0,15026,0,3700,3856.381162737689,3165.1876250107307,6329.764209018322,1200.2876347664048
1777233051,0,GET,trips_per_route,46.700000,0.000000,0,0,0,0,0,0,0,0,0,0,0,15026,0,3700,3856.381162737689,3165.1876250107307,6329.764209018322,1200.2876347664048
1777233051,0,,Aggregated,46.700000,0.000000,0,0,0,0,0,0,0,0,0,0,0,15026,0,3700,3856.381162737689,3165.1876250107307,6329.764209018322,1200.2876347664048
1777233052,0,GET,trips_per_route,46.700000,0.000000,0,0,0,0,0,0,0,0,0,0,0,15026,0,3700,3856.381162737689,3165.1876250107307,6329.764209018322,1200.2876347664048
1777233052,0,,Aggregated,46.700000,0.000000,0,0,0,0,0,0,0,0,0,0,0,15026,0,3700,3856.381162737689,3165.1876250107307,6329.764209018322,1200.2876347664048
1777233053,0,GET,trips_per_route,46.700000,0.000000,0,0,0,0,0,0,0,0,0,0,0,15026,0,3700,3856.381162737689,3165.1876250107307,6329.764209018322,1200.2876347664048
1777233053,0,,Aggregated,46.700000,0.000000,0,0,0,0,0,0,0,0,0,0,0,15026,0,3700,3856.381162737689,3165.1876250107307,6329.764209018322,1200.2876347664048
1777233054,0,GET,trips_per_route,46.700000,0.000000,0,0,0,0,0,0,0,0,0,0,0,15026,0,3700,3856.381162737689,3165.1876250107307,6329.764209018322,1200.2876347664048
1777233054,0,,Aggregated,46.700000,0.000000,0,0,0,0,0,0,0,0,0,0,0,15026,0,3700,3856.381162737689,3165.1876250107307,6329.764209018322,1200.2876347664048
1777233055,0,GET,trips_per_route,46.700000,0.000000,0,0,0,0,0,0,0,0,0,0,0,15026,0,3700,3856.381162737689,3165.1876250107307,6329.764209018322,1200.2876347664048
1777233055,0,,Aggregated,46.700000,0.000000,0,0,0,0,0,0,0,0,0,0,0,15026,0,3700,3856.381162737689,3165.1876250107307,6329.764209018322,1200.2876347664048
1777233056,0,GET,trips_per_route,46.700000,0.000000,0,0,0,0,0,0,0,0,0,0,0,15026,0,3700,3856.381162737689,3165.1876250107307,6329.764209018322,1200.2876347664048
1777233056,0,,Aggregated,46.700000,0.000000,0,0,0,0,0,0,0,0,0,0,0,15026,0,3700,3856.381162737689,3165.1876250107307,6329.764209018322,1200.2876347664048
1777233057,0,GET,trips_per_route,46.700000,0.000000,0,0,0,0,0,0,0,0,0,0,0,15026,0,3700,3856.381162737689,3165.1876250107307,6329.764209018322,1200.2876347664048
1777233057,0,,Aggregated,46.700000,0.000000,0,0,0,0,0,0,0,0,0,0,0,15026,0,3700,3856.381162737689,3165.1876250107307,6329.764209018322,1200.2876347664048
1777233058,0,GET,trips_per_route,46.700000,0.000000,0,0,0,0,0,0,0,0,0,0,0,15026,0,3700,3856.381162737689,3165.1876250107307,6329.764209018322,1200.2876347664048
1777233058,0,,Aggregated,46.700000,0.000000,0,0,0,0,0,0,0,0,0,0,0,15026,0,3700,3856.381162737689,3165.1876250107307,6329.764209018322,1200.2876347664048
1777233059,0,GET,trips_per_route,46.700000,0.000000,0,0,0,0,0,0,0,0,0,0,0,15026,0,3700,3856.381162737689,3165.1876250107307,6329.764209018322,1200.2876347664048
1777233059,0,,Aggregated,46.700000,0.000000,0,0,0,0,0,0,0,0,0,0,0,15026,0,3700,3856.381162737689,3165.1876250107307,6329.764209018322,1200.2876347664048
1777233060,0,GET,trips_per_route,46.700000,0.000000,0,0,0,0,0,0,0,0,0,0,0,15026,0,3700,3856.381162737689,3165.1876250107307,6329.764209018322,1200.2876347664048
1777233060,0,,Aggregated,46.700000,0.000000,0,0,0,0,0,0,0,0,0,0,0,15026,0,3700,3856.381162737689,3165.1876250107307,6329.764209018322,1200.2876347664048
1777233061,0,GET,trips_per_route,46.700000,0.000000,0,0,0,0,0,0,0,0,0,0,0,15026,0,3700,3856.381162737689,3165.1876250107307,6329.764209018322,1200.2876347664048
1777233061,0,,Aggregated,46.700000,0.000000,0,0,0,0,0,0,0,0,0,0,0,15026,0,3700,3856.381162737689,3165.1876250107307,6329.764209018322,1200.2876347664048
1777233062,0,GET,trips_per_route,46.700000,0.000000,0,0,0,0,0,0,0,0,0,0,0,15026,0,3700,3856.381162737689,3165.1876250107307,6329.764209018322,1200.2876347664048
1777233062,0,,Aggregated,46.700000,0.000000,0,0,0,0,0,0,0,0,0,0,0,15026,0,3700,3856.381162737689,3165.1876250107307,6329.764209018322,1200.2876347664048
1777233063,0,GET,trips_per_route,46.700000,0.000000,0,0,0,0,0,0,0,0,0,0,0,15026,0,3700,3856.381162737689,3165.1876250107307,6329.764209018322,1200.2876347664048
1777233063,0,,Aggregated,46.700000,0.000000,0,0,0,0,0,0,0,0,0,0,0,15026,0,3700,3856.381162737689,3165.1876250107307,6329.764209018322,1200.2876347664048
1777233064,0,GET,trips_per_route,46.700000,0.000000,0,0,0,0,0,0,0,0,0,0,0,15026,0,3700,3856.381162737689,3165.1876250107307,6329.764209018322,1200.2876347664048
1777233064,0,,Aggregated,46.700000,0.000000,0,0,0,0,0,0,0,0,0,0,0,15026,0,3700,3856.381162737689,3165.1876250107307,6329.764209018322,1200.2876347664048
1777233065,0,GET,trips_per_route,46.700000,0.000000,0,0,0,0,0,0,0,0,0,0,0,15026,0,3700,3856.381162737689,3165.1876250107307,6329.764209018322,1200.2876347664048
1777233065,0,,Aggregated,46.700000,0.000000,0,0,0,0,0,0,0,0,0,0,0,15026,0,3700,3856.381162737689,3165.1876250107307,6329.764209018322,1200.2876347664048
1777233066,0,GET,trips_per_route,46.700000,0.000000,0,0,0,0,0,0,0,0,0,0,0,15026,0,3700,3856.381162737689,3165.1876250107307,6329.764209018322,1200.2876347664048
1777233066,0,,Aggregated,46.700000,0.000000,0,0,0,0,0,0,0,0,0,0,0,15026,0,3700,3856.381162737689,3165.1876250107307,6329.764209018322,1200.2876347664048
1777233067,0,GET,trips_per_route,46.700000,0.000000,0,0,0,0,0,0,0,0,0,0,0,15026,0,3700,3856.381162737689,3165.1876250107307,6329.764209018322,1200.2876347664048
1777233067,0,,Aggregated,46.700000,0.000000,0,0,0,0,0,0,0,0,0,0,0,15026,0,3700,3856.381162737689,3165.1876250107307,6329.764209018322,1200.2876347664048
1777233068,0,GET,trips_per_route,46.700000,0.000000,0,0,0,0,0,0,0,0,0,0,0,15026,0,3700,3856.381162737689,3165.1876250107307,6329.764209018322,1200.2876347664048
1777233068,0,,Aggregated,46.700000,0.000000,0,0,0,0,0,0,0,0,0,0,0,15026,0,3700,3856.381162737689,3165.1876250107307,6329.764209018322,1200.2876347664048
1777233069,0,GET,trips_per_route,46.700000,0.000000,0,0,0,0,0,0,0,0,0,0,0,15026,0,3700,3856.381162737689,3165.1876250107307,6329.764209018322,1200.2876347664048
1777233069,0,,Aggregated,46.700000,0.000000,0,0,0,0,0,0,0,0,0,0,0,15026,0,3700,3856.381162737689,3165.1876250107307,6329.764209018322,1200.2876347664048
1777233070,0,GET,trips_per_route,46.700000,0.000000,0,0,0,0,0,0,0,0,0,0,0,15026,0,3700,3856.381162737689,3165.1876250107307,6329.764209018322,1200.2876347664048
1777233070,0,,Aggregated,46.700000,0.000000,0,0,0,0,0,0,0,0,0,0,0,15026,0,3700,3856.381162737689,3165.1876250107307,6329.764209018322,1200.2876347664048
1777233071,0,GET,trips_per_route,46.700000,0.000000,0,0,0,0,0,0,0,0,0,0,0,15026,0,3700,3856.381162737689,3165.1876250107307,6329.764209018322,1200.2876347664048
1777233071,0,,Aggregated,46.700000,0.000000,0,0,0,0,0,0,0,0,0,0,0,15026,0,3700,3856.381162737689,3165.1876250107307,6329.764209018322,1200.2876347664048
1777233072,0,GET,trips_per_route,46.700000,0.000000,0,0,0,0,0,0,0,0,0,0,0,15026,0,3700,3856.381162737689,3165.1876250107307,6329.764209018322,1200.2876347664048
1777233072,0,,Aggregated,46.700000,0.000000,0,0,0,0,0,0,0,0,0,0,0,15026,0,3700,3856.381162737689,3165.1876250107307,6329.764209018322,1200.2876347664048
1777233073,0,GET,trips_per_route,46.700000,0.000000,0,0,0,0,0,0,0,0,0,0,0,15026,0,3700,3856.381162737689,3165.1876250107307,6329.764209018322,1200.2876347664048
1777233073,0,,Aggregated,46.700000,0.000000,0,0,0,0,0,0,0,0,0,0,0,15026,0,3700,3856.381162737689,3165.1876250107307,6329.764209018322,1200.2876347664048
1777233074,0,GET,trips_per_route,46.700000,0.000000,0,0,0,0,0,0,0,0,0,0,0,15026,0,3700,3856.381162737689,3165.1876250107307,6329.764209018322,1200.2876347664048
1777233074,0,,Aggregated,46.700000,0.000000,0,0,0,0,0,0,0,0,0,0,0,15026,0,3700,3856.381162737689,3165.1876250107307,6329.764209018322,1200.2876347664048
1777233075,0,GET,trips_per_route,46.700000,0.000000,0,0,0,0,0,0,0,0,0,0,0,15026,0,3700,3856.381162737689,3165.1876250107307,6329.764209018322,1200.2876347664048
1777233075,0,,Aggregated,46.700000,0.000000,0,0,0,0,0,0,0,0,0,0,0,15026,0,3700,3856.381162737689,3165.1876250107307,6329.764209018322,1200.2876347664048
1777233076,0,GET,trips_per_route,46.700000,0.000000,0,0,0,0,0,0,0,0,0,0,0,15026,0,3700,3856.381162737689,3165.1876250107307,6329.764209018322,1200.2876347664048
1777233076,0,,Aggregated,46.700000,0.000000,0,0,0,0,0,0,0,0,0,0,0,15026,0,3700,3856.381162737689,3165.1876250107307,6329.764209018322,1200.2876347664048
1777233077,0,GET,trips_per_route,46.700000,0.000000,0,0,0,0,0,0,0,0,0,0,0,15026,0,3700,3856.381162737689,3165.1876250107307,6329.764209018322,1200.2876347664048
1777233077,0,,Aggregated,46.700000,0.000000,0,0,0,0,0,0,0,0,0,0,0,15026,0,3700,3856.381162737689,3165.1876250107307,6329.764209018322,1200.2876347664048
1777233078,0,GET,trips_per_route,46.700000,0.000000,0,0,0,0,0,0,0,0,0,0,0,15026,0,3700,3856.381162737689,3165.1876250107307,6329.764209018322,1200.2876347664048
1777233078,0,,Aggregated,46.700000,0.000000,0,0,0,0,0,0,0,0,0,0,0,15026,0,3700,3856.381162737689,3165.1876250107307,6329.764209018322,1200.2876347664048
1777233079,0,GET,trips_per_route,46.700000,0.000000,0,0,0,0,0,0,0,0,0,0,0,15026,0,3700,3856.381162737689,3165.1876250107307,6329.764209018322,1200.2876347664048
1777233079,0,,Aggregated,46.700000,0.000000,0,0,0,0,0,0,0,0,0,0,0,15026,0,3700,3856.381162737689,3165.1876250107307,6329.764209018322,1200.2876347664048
1777233080,0,GET,trips_per_route,46.700000,0.000000,0,0,0,0,0,0,0,0,0,0,0,15026,0,3700,3856.381162737689,3165.1876250107307,6329.764209018322,1200.2876347664048
1777233080,0,,Aggregated,46.700000,0.000000,0,0,0,0,0,0,0,0,0,0,0,15026,0,3700,3856.381162737689,3165.1876250107307,6329.764209018322,1200.2876347664048
1777233081,0,GET,trips_per_route,46.700000,0.000000,0,0,0,0,0,0,0,0,0,0,0,15026,0,3700,3856.381162737689,3165.1876250107307,6329.764209018322,1200.2876347664048
1777233081,0,,Aggregated,46.700000,0.000000,0,0,0,0,0,0,0,0,0,0,0,15026,0,3700,3856.381162737689,3165.1876250107307,6329.764209018322,1200.2876347664048
1777233082,0,GET,trips_per_route,46.700000,0.000000,0,0,0,0,0,0,0,0,0,0,0,15026,0,3700,3856.381162737689,3165.1876250107307,6329.764209018322,1200.2876347664048
1777233082,0,,Aggregated,46.700000,0.000000,0,0,0,0,0,0,0,0,0,0,0,15026,0,3700,3856.381162737689,3165.1876250107307,6329.764209018322,1200.2876347664048
1777233083,0,GET,trips_per_route,46.700000,0.000000,0,0,0,0,0,0,0,0,0,0,0,15026,0,3700,3856.381162737689,3165.1876250107307,6329.764209018322,1200.2876347664048
1777233083,0,,Aggregated,46.700000,0.000000,0,0,0,0,0,0,0,0,0,0,0,15026,0,3700,3856.381162737689,3165.1876250107307,6329.764209018322,1200.2876347664048
1777233084,0,GET,trips_per_route,46.700000,0.000000,0,0,0,0,0,0,0,0,0,0,0,15026,0,3700,3856.381162737689,3165.1876250107307,6329.764209018322,1200.2876347664048
1777233084,0,,Aggregated,46.700000,0.000000,0,0,0,0,0,0,0,0,0,0,0,15026,0,3700,3856.381162737689,3165.1876250107307,6329.764209018322,1200.2876347664048
1777233085,0,GET,trips_per_route,46.700000,0.000000,0,0,0,0,0,0,0,0,0,0,0,15026,0,3700,3856.381162737689,3165.1876250107307,6329.764209018322,1200.2876347664048
1777233085,0,,Aggregated,46.700000,0.000000,0,0,0,0,0,0,0,0,0,0,0,15026,0,3700,3856.381162737689,3165.1876250107307,6329.764209018322,1200.2876347664048
1777233086,0,GET,trips_per_route,46.700000,0.000000,0,0,0,0,0,0,0,0,0,0,0,15026,0,3700,3856.381162737689,3165.1876250107307,6329.764209018322,1200.2876347664048
1777233086,0,,Aggregated,46.700000,0.000000,0,0,0,0,0,0,0,0,0,0,0,15026,0,3700,3856.381162737689,3165.1876250107307,6329.764209018322,1200.2876347664048
1777233087,0,GET,trips_per_route,46.700000,0.000000,0,0,0,0,0,0,0,0,0,0,0,15026,0,3700,3856.381162737689,3165.1876250107307,6329.764209018322,1200.2876347664048
1777233087,0,,Aggregated,46.700000,0.000000,0,0,0,0,0,0,0,0,0,0,0,15026,0,3700,3856.381162737689,3165.1876250107307,6329.764209018322,1200.2876347664048
1777233088,0,GET,trips_per_route,46.700000,0.000000,0,0,0,0,0,0,0,0,0,0,0,15026,0,3700,3856.381162737689,3165.1876250107307,6329.764209018322,1200.2876347664048
1777233088,0,,Aggregated,46.700000,0.000000,0,0,0,0,0,0,0,0,0,0,0,15026,0,3700,3856.381162737689,3165.1876250107307,6329.764209018322,1200.2876347664048
1777233089,0,GET,trips_per_route,46.700000,0.000000,0,0,0,0,0,0,0,0,0,0,0,15026,0,3700,3856.381162737689,3165.1876250107307,6329.764209018322,1200.2876347664048
1777233089,0,,Aggregated,46.700000,0.000000,0,0,0,0,0,0,0,0,0,0,0,15026,0,3700,3856.381162737689,3165.1876250107307,6329.764209018322,1200.2876347664048
1777233090,0,GET,trips_per_route,46.700000,0.000000,0,0,0,0,0,0,0,0,0,0,0,15026,0,3700,3856.381162737689,3165.1876250107307,6329.764209018322,1200.2876347664048
1777233090,0,,Aggregated,46.700000,0.000000,0,0,0,0,0,0,0,0,0,0,0,15026,0,3700,3856.381162737689,3165.1876250107307,6329.764209018322,1200.2876347664048
1777233091,0,GET,trips_per_route,46.700000,0.000000,0,0,0,0,0,0,0,0,0,0,0,15026,0,3700,3856.381162737689,3165.1876250107307,6329.764209018322,1200.2876347664048
1777233091,0,,Aggregated,46.700000,0.000000,0,0,0,0,0,0,0,0,0,0,0,15026,0,3700,3856.381162737689,3165.1876250107307,6329.764209018322,1200.2876347664048
1777233092,0,GET,trips_per_route,46.700000,0.000000,0,0,0,0,0,0,0,0,0,0,0,15026,0,3700,3856.381162737689,3165.1876250107307,6329.764209018322,1200.2876347664048
1777233092,0,,Aggregated,46.700000,0.000000,0,0,0,0,0,0,0,0,0,0,0,15026,0,3700,3856.381162737689,3165.1876250107307,6329.764209018322,1200.2876347664048
1777233093,0,GET,trips_per_route,46.700000,0.000000,0,0,0,0,0,0,0,0,0,0,0,15026,0,3700,3856.381162737689,3165.1876250107307,6329.764209018322,1200.2876347664048
1777233093,0,,Aggregated,46.700000,0.000000,0,0,0,0,0,0,0,0,0,0,0,15026,0,3700,3856.381162737689,3165.1876250107307,6329.764209018322,1200.2876347664048
1777233094,0,GET,trips_per_route,46.700000,0.000000,0,0,0,0,0,0,0,0,0,0,0,15026,0,3700,3856.381162737689,3165.1876250107307,6329.764209018322,1200.2876347664048
1777233094,0,,Aggregated,46.700000,0.000000,0,0,0,0,0,0,0,0,0,0,0,15026,0,3700,3856.381162737689,3165.1876250107307,6329.764209018322,1200.2876347664048
1777233095,0,GET,trips_per_route,46.700000,0.000000,0,0,0,0,0,0,0,0,0,0,0,15026,0,3700,3856.381162737689,3165.1876250107307,6329.764209018322,1200.2876347664048
1777233095,0,,Aggregated,46.700000,0.000000,0,0,0,0,0,0,0,0,0,0,0,15026,0,3700,3856.381162737689,3165.1876250107307,6329.764209018322,1200.2876347664048
1777233096,0,GET,trips_per_route,46.700000,0.000000,0,0,0,0,0,0,0,0,0,0,0,15026,0,3700,3856.381162737689,3165.1876250107307,6329.764209018322,1200.2876347664048
1777233096,0,,Aggregated,46.700000,0.000000,0,0,0,0,0,0,0,0,0,0,0,15026,0,3700,3856.381162737689,3165.1876250107307,6329.764209018322,1200.2876347664048
1777233097,0,GET,trips_per_route,46.700000,0.000000,0,0,0,0,0,0,0,0,0,0,0,15026,0,3700,3856.381162737689,3165.1876250107307,6329.764209018322,1200.2876347664048
1777233097,0,,Aggregated,46.700000,0.000000,0,0,0,0,0,0,0,0,0,0,0,15026,0,3700,3856.381162737689,3165.1876250107307,6329.764209018322,1200.2876347664048
1777233098,0,GET,trips_per_route,46.700000,0.000000,0,0,0,0,0,0,0,0,0,0,0,15026,0,3700,3856.381162737689,3165.1876250107307,6329.764209018322,1200.2876347664048
1777233098,0,,Aggregated,46.700000,0.000000,0,0,0,0,0,0,0,0,0,0,0,15026,0,3700,3856.381162737689,3165.1876250107307,6329.764209018322,1200.2876347664048
1777233099,0,GET,trips_per_route,46.700000,0.000000,0,0,0,0,0,0,0,0,0,0,0,15026,0,3700,3856.381162737689,3165.1876250107307,6329.764209018322,1200.2876347664048
1777233099,0,,Aggregated,46.700000,0.000000,0,0,0,0,0,0,0,0,0,0,0,15026,0,3700,3856.381162737689,3165.1876250107307,6329.764209018322,1200.2876347664048
1777233100,0,GET,trips_per_route,46.700000,0.000000,0,0,0,0,0,0,0,0,0,0,0,15026,0,3700,3856.381162737689,3165.1876250107307,6329.764209018322,1200.2876347664048
1777233100,0,,Aggregated,46.700000,0.000000,0,0,0,0,0,0,0,0,0,0,0,15026,0,3700,3856.381162737689,3165.1876250107307,6329.764209018322,1200.2876347664048
1777233101,0,GET,trips_per_route,46.700000,0.000000,0,0,0,0,0,0,0,0,0,0,0,15026,0,3700,3856.381162737689,3165.1876250107307,6329.764209018322,1200.2876347664048
1777233101,0,,Aggregated,46.700000,0.000000,0,0,0,0,0,0,0,0,0,0,0,15026,0,3700,3856.381162737689,3165.1876250107307,6329.764209018322,1200.2876347664048
1777233102,0,GET,trips_per_route,46.700000,0.000000,0,0,0,0,0,0,0,0,0,0,0,15026,0,3700,3856.381162737689,3165.1876250107307,6329.764209018322,1200.2876347664048
1777233102,0,,Aggregated,46.700000,0.000000,0,0,0,0,0,0,0,0,0,0,0,15026,0,3700,3856.381162737689,3165.1876250107307,6329.764209018322,1200.2876347664048
1777233103,0,GET,trips_per_route,46.700000,0.000000,0,0,0,0,0,0,0,0,0,0,0,15026,0,3700,3856.381162737689,3165.1876250107307,6329.764209018322,1200.2876347664048
1777233103,0,,Aggregated,46.700000,0.000000,0,0,0,0,0,0,0,0,0,0,0,15026,0,3700,3856.381162737689,3165.1876250107307,6329.764209018322,1200.2876347664048
1777233104,0,GET,trips_per_route,46.700000,0.000000,0,0,0,0,0,0,0,0,0,0,0,15026,0,3700,3856.381162737689,3165.1876250107307,6329.764209018322,1200.2876347664048
1777233104,0,,Aggregated,46.700000,0.000000,0,0,0,0,0,0,0,0,0,0,0,15026,0,3700,3856.381162737689,3165.1876250107307,6329.764209018322,1200.2876347664048
1777233105,0,GET,trips_per_route,46.700000,0.000000,0,0,0,0,0,0,0,0,0,0,0,15026,0,3700,3856.381162737689,3165.1876250107307,6329.764209018322,1200.2876347664048
1777233105,0,,Aggregated,46.700000,0.000000,0,0,0,0,0,0,0,0,0,0,0,15026,0,3700,3856.381162737689,3165.1876250107307,6329.764209018322,1200.2876347664048
1777233106,0,GET,trips_per_route,46.700000,0.000000,0,0,0,0,0,0,0,0,0,0,0,15026,0,3700,3856.381162737689,3165.1876250107307,6329.764209018322,1200.2876347664048
1777233106,0,,Aggregated,46.700000,0.000000,0,0,0,0,0,0,0,0,0,0,0,15026,0,3700,3856.381162737689,3165.1876250107307,6329.764209018322,1200.2876347664048
1777233107,0,GET,trips_per_route,46.700000,0.000000,0,0,0,0,0,0,0,0,0,0,0,15026,0,3700,3856.381162737689,3165.1876250107307,6329.764209018322,1200.2876347664048
1777233107,0,,Aggregated,46.700000,0.000000,0,0,0,0,0,0,0,0,0,0,0,15026,0,3700,3856.381162737689,3165.1876250107307,6329.764209018322,1200.2876347664048
1777233108,0,GET,trips_per_route,46.700000,0.000000,0,0,0,0,0,0,0,0,0,0,0,15026,0,3700,3856.381162737689,3165.1876250107307,6329.764209018322,1200.2876347664048
1777233108,0,,Aggregated,46.700000,0.000000,0,0,0,0,0,0,0,0,0,0,0,15026,0,3700,3856.381162737689,3165.1876250107307,6329.764209018322,1200.2876347664048
1777233109,0,GET,trips_per_route,46.700000,0.000000,0,0,0,0,0,0,0,0,0,0,0,15026,0,3700,3856.381162737689,3165.1876250107307,6329.764209018322,1200.2876347664048
1777233109,0,,Aggregated,46.700000,0.000000,0,0,0,0,0,0,0,0,0,0,0,15026,0,3700,3856.381162737689,3165.1876250107307,6329.764209018322,1200.2876347664048
1777233110,0,GET,trips_per_route,46.700000,0.000000,0,0,0,0,0,0,0,0,0,0,0,15026,0,3700,3856.381162737689,3165.1876250107307,6329.764209018322,1200.2876347664048
1777233110,0,,Aggregated,46.700000,0.000000,0,0,0,0,0,0,0,0,0,0,0,15026,0,3700,3856.381162737689,3165.1876250107307,6329.764209018322,1200.2876347664048
1777233111,0,GET,trips_per_route,46.700000,0.000000,0,0,0,0,0,0,0,0,0,0,0,15026,0,3700,3856.381162737689,3165.1876250107307,6329.764209018322,1200.2876347664048
1777233111,0,,Aggregated,46.700000,0.000000,0,0,0,0,0,0,0,0,0,0,0,15026,0,3700,3856.381162737689,3165.1876250107307,6329.764209018322,1200.2876347664048
1777233112,0,GET,trips_per_route,46.700000,0.000000,0,0,0,0,0,0,0,0,0,0,0,15026,0,3700,3856.381162737689,3165.1876250107307,6329.764209018322,1200.2876347664048
1777233112,0,,Aggregated,46.700000,0.000000,0,0,0,0,0,0,0,0,0,0,0,15026,0,3700,3856.381162737689,3165.1876250107307,6329.764209018322,1200.2876347664048
1777233113,0,GET,trips_per_route,46.700000,0.000000,0,0,0,0,0,0,0,0,0,0,0,15026,0,3700,3856.381162737689,3165.1876250107307,6329.764209018322,1200.2876347664048
1777233113,0,,Aggregated,46.700000,0.000000,0,0,0,0,0,0,0,0,0,0,0,15026,0,3700,3856.381162737689,3165.1876250107307,6329.764209018322,1200.2876347664048
1777233114,0,GET,trips_per_route,46.700000,0.000000,0,0,0,0,0,0,0,0,0,0,0,15026,0,3700,3856.381162737689,3165.1876250107307,6329.764209018322,1200.2876347664048
1777233114,0,,Aggregated,46.700000,0.000000,0,0,0,0,0,0,0,0,0,0,0,15026,0,3700,3856.381162737689,3165.1876250107307,6329.764209018322,1200.2876347664048
1777233115,0,GET,trips_per_route,46.700000,0.000000,0,0,0,0,0,0,0,0,0,0,0,15026,0,3700,3856.381162737689,3165.1876250107307,6329.764209018322,1200.2876347664048
1777233115,0,,Aggregated,46.700000,0.000000,0,0,0,0,0,0,0,0,0,0,0,15026,0,3700,3856.381162737689,3165.1876250107307,6329.764209018322,1200.2876347664048
1777233116,0,GET,trips_per_route,46.700000,0.000000,0,0,0,0,0,0,0,0,0,0,0,15026,0,3700,3856.381162737689,3165.1876250107307,6329.764209018322,1200.2876347664048
1777233116,0,,Aggregated,46.700000,0.000000,0,0,0,0,0,0,0,0,0,0,0,15026,0,3700,3856.381162737689,3165.1876250107307,6329.764209018322,1200.2876347664048
1777233117,0,GET,trips_per_route,46.700000,0.000000,0,0,0,0,0,0,0,0,0,0,0,15026,0,3700,3856.381162737689,3165.1876250107307,6329.764209018322,1200.2876347664048
1777233117,0,,Aggregated,46.700000,0.000000,0,0,0,0,0,0,0,0,0,0,0,15026,0,3700,3856.381162737689,3165.1876250107307,6329.764209018322,1200.2876347664048
1777233118,0,GET,trips_per_route,46.700000,0.000000,0,0,0,0,0,0,0,0,0,0,0,15026,0,3700,3856.381162737689,3165.1876250107307,6329.764209018322,1200.2876347664048
1777233118,0,,Aggregated,46.700000,0.000000,0,0,0,0,0,0,0,0,0,0,0,15026,0,3700,3856.381162737689,3165.1876250107307,6329.764209018322,1200.2876347664048
1777233119,0,GET,trips_per_route,46.700000,0.000000,0,0,0,0,0,0,0,0,0,0,0,15026,0,3700,3856.381162737689,3165.1876250107307,6329.764209018322,1200.2876347664048
1777233119,0,,Aggregated,46.700000,0.000000,0,0,0,0,0,0,0,0,0,0,0,15026,0,3700,3856.381162737689,3165.1876250107307,6329.764209018322,1200.2876347664048
1777233120,0,GET,trips_per_route,46.700000,0.000000,0,0,0,0,0,0,0,0,0,0,0,15026,0,3700,3856.381162737689,3165.1876250107307,6329.764209018322,1200.2876347664048
1777233120,0,,Aggregated,46.700000,0.000000,0,0,0,0,0,0,0,0,0,0,0,15026,0,3700,3856.381162737689,3165.1876250107307,6329.764209018322,1200.2876347664048
1777233121,0,GET,trips_per_route,46.700000,0.000000,0,0,0,0,0,0,0,0,0,0,0,15026,0,3700,3856.381162737689,3165.1876250107307,6329.764209018322,1200.2876347664048
1777233121,0,,Aggregated,46.700000,0.000000,0,0,0,0,0,0,0,0,0,0,0,15026,0,3700,3856.381162737689,3165.1876250107307,6329.764209018322,1200.2876347664048
1777233122,0,GET,trips_per_route,46.700000,0.000000,0,0,0,0,0,0,0,0,0,0,0,15026,0,3700,3856.381162737689,3165.1876250107307,6329.764209018322,1200.2876347664048
1777233122,0,,Aggregated,46.700000,0.000000,0,0,0,0,0,0,0,0,0,0,0,15026,0,3700,3856.381162737689,3165.1876250107307,6329.764209018322,1200.2876347664048
1777233123,0,GET,trips_per_route,46.700000,0.000000,0,0,0,0,0,0,0,0,0,0,0,15026,0,3700,3856.381162737689,3165.1876250107307,6329.764209018322,1200.2876347664048
1777233123,0,,Aggregated,46.700000,0.000000,0,0,0,0,0,0,0,0,0,0,0,15026,0,3700,3856.381162737689,3165.1876250107307,6329.764209018322,1200.2876347664048
1777233124,0,GET,trips_per_route,46.700000,0.000000,0,0,0,0,0,0,0,0,0,0,0,15026,0,3700,3856.381162737689,3165.1876250107307,6329.764209018322,1200.2876347664048
1777233124,0,,Aggregated,46.700000,0.000000,0,0,0,0,0,0,0,0,0,0,0,15026,0,3700,3856.381162737689,3165.1876250107307,6329.764209018322,1200.2876347664048
1777233125,0,GET,trips_per_route,46.700000,0.000000,0,0,0,0,0,0,0,0,0,0,0,15026,0,3700,3856.381162737689,3165.1876250107307,6329.764209018322,1200.2876347664048
1777233125,0,,Aggregated,46.700000,0.000000,0,0,0,0,0,0,0,0,0,0,0,15026,0,3700,3856.381162737689,3165.1876250107307,6329.764209018322,1200.2876347664048
1777233126,0,GET,trips_per_route,46.700000,0.000000,0,0,0,0,0,0,0,0,0,0,0,15026,0,3700,3856.381162737689,3165.1876250107307,6329.764209018322,1200.2876347664048
1777233126,0,,Aggregated,46.700000,0.000000,0,0,0,0,0,0,0,0,0,0,0,15026,0,3700,3856.381162737689,3165.1876250107307,6329.764209018322,1200.2876347664048
1777233127,0,GET,trips_per_route,46.700000,0.000000,0,0,0,0,0,0,0,0,0,0,0,15026,0,3700,3856.381162737689,3165.1876250107307,6329.764209018322,1200.2876347664048
1777233127,0,,Aggregated,46.700000,0.000000,0,0,0,0,0,0,0,0,0,0,0,15026,0,3700,3856.381162737689,3165.1876250107307,6329.764209018322,1200.2876347664048
1777233128,0,GET,trips_per_route,46.700000,0.000000,0,0,0,0,0,0,0,0,0,0,0,15026,0,3700,3856.381162737689,3165.1876250107307,6329.764209018322,1200.2876347664048
1777233128,0,,Aggregated,46.700000,0.000000,0,0,0,0,0,0,0,0,0,0,0,15026,0,3700,3856.381162737689,3165.1876250107307,6329.764209018322,1200.2876347664048
1777233129,0,GET,trips_per_route,46.700000,0.000000,0,0,0,0,0,0,0,0,0,0,0,15026,0,3700,3856.381162737689,3165.1876250107307,6329.764209018322,1200.2876347664048
1777233129,0,,Aggregated,46.700000,0.000000,0,0,0,0,0,0,0,0,0,0,0,15026,0,3700,3856.381162737689,3165.1876250107307,6329.764209018322,1200.2876347664048
1777233130,0,GET,trips_per_route,46.700000,0.000000,0,0,0,0,0,0,0,0,0,0,0,15026,0,3700,3856.381162737689,3165.1876250107307,6329.764209018322,1200.2876347664048
1777233130,0,,Aggregated,46.700000,0.000000,0,0,0,0,0,0,0,0,0,0,0,15026,0,3700,3856.381162737689,3165.1876250107307,6329.764209018322,1200.2876347664048
1777233131,0,GET,trips_per_route,46.700000,0.000000,0,0,0,0,0,0,0,0,0,0,0,15026,0,3700,3856.381162737689,3165.1876250107307,6329.764209018322,1200.2876347664048
1777233131,0,,Aggregated,46.700000,0.000000,0,0,0,0,0,0,0,0,0,0,0,15026,0,3700,3856.381162737689,3165.1876250107307,6329.764209018322,1200.2876347664048
1777233132,0,GET,trips_per_route,46.700000,0.000000,0,0,0,0,0,0,0,0,0,0,0,15026,0,3700,3856.381162737689,3165.1876250107307,6329.764209018322,1200.2876347664048
1777233132,0,,Aggregated,46.700000,0.000000,0,0,0,0,0,0,0,0,0,0,0,15026,0,3700,3856.381162737689,3165.1876250107307,6329.764209018322,1200.2876347664048
1777233133,0,GET,trips_per_route,46.700000,0.000000,0,0,0,0,0,0,0,0,0,0,0,15026,0,3700,3856.381162737689,3165.1876250107307,6329.764209018322,1200.2876347664048
1777233133,0,,Aggregated,46.700000,0.000000,0,0,0,0,0,0,0,0,0,0,0,15026,0,3700,3856.381162737689,3165.1876250107307,6329.764209018322,1200.2876347664048
1777233134,0,GET,trips_per_route,46.700000,0.000000,0,0,0,0,0,0,0,0,0,0,0,15026,0,3700,3856.381162737689,3165.1876250107307,6329.764209018322,1200.2876347664048
1777233134,0,,Aggregated,46.700000,0.000000,0,0,0,0,0,0,0,0,0,0,0,15026,0,3700,3856.381162737689,3165.1876250107307,6329.764209018322,1200.2876347664048
1777233135,0,GET,trips_per_route,46.700000,0.000000,0,0,0,0,0,0,0,0,0,0,0,15026,0,3700,3856.381162737689,3165.1876250107307,6329.764209018322,1200.2876347664048
1777233135,0,,Aggregated,46.700000,0.000000,0,0,0,0,0,0,0,0,0,0,0,15026,0,3700,3856.381162737689,3165.1876250107307,6329.764209018322,1200.2876347664048
1777233136,0,GET,trips_per_route,46.700000,0.000000,0,0,0,0,0,0,0,0,0,0,0,15026,0,3700,3856.381162737689,3165.1876250107307,6329.764209018322,1200.2876347664048
1777233136,0,,Aggregated,46.700000,0.000000,0,0,0,0,0,0,0,0,0,0,0,15026,0,3700,3856.381162737689,3165.1876250107307,6329.764209018322,1200.2876347664048
1777233137,0,GET,trips_per_route,46.700000,0.000000,0,0,0,0,0,0,0,0,0,0,0,15026,0,3700,3856.381162737689,3165.1876250107307,6329.764209018322,1200.2876347664048
1777233137,0,,Aggregated,46.700000,0.000000,0,0,0,0,0,0,0,0,0,0,0,15026,0,3700,3856.381162737689,3165.1876250107307,6329.764209018322,1200.2876347664048
1777233138,0,GET,trips_per_route,46.700000,0.000000,0,0,0,0,0,0,0,0,0,0,0,15026,0,3700,3856.381162737689,3165.1876250107307,6329.764209018322,1200.2876347664048
1777233138,0,,Aggregated,46.700000,0.000000,0,0,0,0,0,0,0,0,0,0,0,15026,0,3700,3856.381162737689,3165.1876250107307,6329.764209018322,1200.2876347664048
1777233139,0,GET,trips_per_route,46.700000,0.000000,0,0,0,0,0,0,0,0,0,0,0,15026,0,3700,3856.381162737689,3165.1876250107307,6329.764209018322,1200.2876347664048
1777233139,0,,Aggregated,46.700000,0.000000,0,0,0,0,0,0,0,0,0,0,0,15026,0,3700,3856.381162737689,3165.1876250107307,6329.764209018322,1200.2876347664048
1777233140,0,GET,trips_per_route,46.700000,0.000000,0,0,0,0,0,0,0,0,0,0,0,15026,0,3700,3856.381162737689,3165.1876250107307,6329.764209018322,1200.2876347664048
1777233140,0,,Aggregated,46.700000,0.000000,0,0,0,0,0,0,0,0,0,0,0,15026,0,3700,3856.381162737689,3165.1876250107307,6329.764209018322,1200.2876347664048
1777233141,0,GET,trips_per_route,46.700000,0.000000,0,0,0,0,0,0,0,0,0,0,0,15026,0,3700,3856.381162737689,3165.1876250107307,6329.764209018322,1200.2876347664048
1777233141,0,,Aggregated,46.700000,0.000000,0,0,0,0,0,0,0,0,0,0,0,15026,0,3700,3856.381162737689,3165.1876250107307,6329.764209018322,1200.2876347664048
1777233142,0,GET,trips_per_route,46.700000,0.000000,0,0,0,0,0,0,0,0,0,0,0,15026,0,3700,3856.381162737689,3165.1876250107307,6329.764209018322,1200.2876347664048
1777233142,0,,Aggregated,46.700000,0.000000,0,0,0,0,0,0,0,0,0,0,0,15026,0,3700,3856.381162737689,3165.1876250107307,6329.764209018322,1200.2876347664048
1777233143,0,GET,trips_per_route,46.700000,0.000000,0,0,0,0,0,0,0,0,0,0,0,15026,0,3700,3856.381162737689,3165.1876250107307,6329.764209018322,1200.2876347664048
1777233143,0,,Aggregated,46.700000,0.000000,0,0,0,0,0,0,0,0,0,0,0,15026,0,3700,3856.381162737689,3165.1876250107307,6329.764209018322,1200.2876347664048
1777233144,0,GET,trips_per_route,46.700000,0.000000,0,0,0,0,0,0,0,0,0,0,0,15026,0,3700,3856.381162737689,3165.1876250107307,6329.764209018322,1200.2876347664048
1777233144,0,,Aggregated,46.700000,0.000000,0,0,0,0,0,0,0,0,0,0,0,15026,0,3700,3856.381162737689,3165.1876250107307,6329.764209018322,1200.2876347664048
1777233145,0,GET,trips_per_route,46.700000,0.000000,0,0,0,0,0,0,0,0,0,0,0,15026,0,3700,3856.381162737689,3165.1876250107307,6329.764209018322,1200.2876347664048
1777233145,0,,Aggregated,46.700000,0.000000,0,0,0,0,0,0,0,0,0,0,0,15026,0,3700,3856.381162737689,3165.1876250107307,6329.764209018322,1200.2876347664048
1777233146,0,GET,trips_per_route,46.700000,0.000000,0,0,0,0,0,0,0,0,0,0,0,15026,0,3700,3856.381162737689,3165.1876250107307,6329.764209018322,1200.2876347664048
1777233146,0,,Aggregated,46.700000,0.000000,0,0,0,0,0,0,0,0,0,0,0,15026,0,3700,3856.381162737689,3165.1876250107307,6329.764209018322,1200.2876347664048
1777233147,0,GET,trips_per_route,46.700000,0.000000,0,0,0,0,0,0,0,0,0,0,0,15026,0,3700,3856.381162737689,3165.1876250107307,6329.764209018322,1200.2876347664048
1777233147,0,,Aggregated,46.700000,0.000000,0,0,0,0,0,0,0,0,0,0,0,15026,0,3700,3856.381162737689,3165.1876250107307,6329.764209018322,1200.2876347664048
1777233148,0,GET,trips_per_route,46.700000,0.000000,0,0,0,0,0,0,0,0,0,0,0,15026,0,3700,3856.381162737689,3165.1876250107307,6329.764209018322,1200.2876347664048
1777233148,0,,Aggregated,46.700000,0.000000,0,0,0,0,0,0,0,0,0,0,0,15026,0,3700,3856.381162737689,3165.1876250107307,6329.764209018322,1200.2876347664048
1777233149,0,GET,trips_per_route,46.700000,0.000000,0,0,0,0,0,0,0,0,0,0,0,15026,0,3700,3856.381162737689,3165.1876250107307,6329.764209018322,1200.2876347664048
1777233149,0,,Aggregated,46.700000,0.000000,0,0,0,0,0,0,0,0,0,0,0,15026,0,3700,3856.381162737689,3165.1876250107307,6329.764209018322,1200.2876347664048
1777233150,0,GET,trips_per_route,46.700000,0.000000,0,0,0,0,0,0,0,0,0,0,0,15026,0,3700,3856.381162737689,3165.1876250107307,6329.764209018322,1200.2876347664048
1777233150,0,,Aggregated,46.700000,0.000000,0,0,0,0,0,0,0,0,0,0,0,15026,0,3700,3856.381162737689,3165.1876250107307,6329.764209018322,1200.2876347664048
1777233151,0,GET,trips_per_route,46.700000,0.000000,0,0,0,0,0,0,0,0,0,0,0,15026,0,3700,3856.381162737689,3165.1876250107307,6329.764209018322,1200.2876347664048
1777233151,0,,Aggregated,46.700000,0.000000,0,0,0,0,0,0,0,0,0,0,0,15026,0,3700,3856.381162737689,3165.1876250107307,6329.764209018322,1200.2876347664048
1777233152,0,GET,trips_per_route,46.700000,0.000000,0,0,0,0,0,0,0,0,0,0,0,15026,0,3700,3856.381162737689,3165.1876250107307,6329.764209018322,1200.2876347664048
1777233152,0,,Aggregated,46.700000,0.000000,0,0,0,0,0,0,0,0,0,0,0,15026,0,3700,3856.381162737689,3165.1876250107307,6329.764209018322,1200.2876347664048
1777233153,0,GET,trips_per_route,46.700000,0.000000,0,0,0,0,0,0,0,0,0,0,0,15026,0,3700,3856.381162737689,3165.1876250107307,6329.764209018322,1200.2876347664048
1777233153,0,,Aggregated,46.700000,0.000000,0,0,0,0,0,0,0,0,0,0,0,15026,0,3700,3856.381162737689,3165.1876250107307,6329.764209018322,1200.2876347664048
1777233154,0,GET,trips_per_route,46.700000,0.000000,0,0,0,0,0,0,0,0,0,0,0,15026,0,3700,3856.381162737689,3165.1876250107307,6329.764209018322,1200.2876347664048
1777233154,0,,Aggregated,46.700000,0.000000,0,0,0,0,0,0,0,0,0,0,0,15026,0,3700,3856.381162737689,3165.1876250107307,6329.764209018322,1200.2876347664048
1777233155,0,GET,trips_per_route,46.700000,0.000000,0,0,0,0,0,0,0,0,0,0,0,15026,0,3700,3856.381162737689,3165.1876250107307,6329.764209018322,1200.2876347664048
1777233155,0,,Aggregated,46.700000,0.000000,0,0,0,0,0,0,0,0,0,0,0,15026,0,3700,3856.381162737689,3165.1876250107307,6329.764209018322,1200.2876347664048
1777233156,0,GET,trips_per_route,46.700000,0.000000,0,0,0,0,0,0,0,0,0,0,0,15026,0,3700,3856.381162737689,3165.1876250107307,6329.764209018322,1200.2876347664048
1777233156,0,,Aggregated,46.700000,0.000000,0,0,0,0,0,0,0,0,0,0,0,15026,0,3700,3856.381162737689,3165.1876250107307,6329.764209018322,1200.2876347664048
1777233157,0,GET,trips_per_route,46.700000,0.000000,0,0,0,0,0,0,0,0,0,0,0,15026,0,3700,3856.381162737689,3165.1876250107307,6329.764209018322,1200.2876347664048
1777233157,0,,Aggregated,46.700000,0.000000,0,0,0,0,0,0,0,0,0,0,0,15026,0,3700,3856.381162737689,3165.1876250107307,6329.764209018322,1200.2876347664048
1777233159,0,GET,trips_per_route,46.700000,0.000000,0,0,0,0,0,0,0,0,0,0,0,15026,0,3700,3856.381162737689,3165.1876250107307,6329.764209018322,1200.2876347664048
1777233159,0,,Aggregated,46.700000,0.000000,0,0,0,0,0,0,0,0,0,0,0,15026,0,3700,3856.381162737689,3165.1876250107307,6329.764209018322,1200.2876347664048
1777233160,0,GET,trips_per_route,46.700000,0.000000,0,0,0,0,0,0,0,0,0,0,0,15026,0,3700,3856.381162737689,3165.1876250107307,6329.764209018322,1200.2876347664048
1777233160,0,,Aggregated,46.700000,0.000000,0,0,0,0,0,0,0,0,0,0,0,15026,0,3700,3856.381162737689,3165.1876250107307,6329.764209018322,1200.2876347664048
1777233161,0,GET,trips_per_route,46.700000,0.000000,0,0,0,0,0,0,0,0,0,0,0,15026,0,3700,3856.381162737689,3165.1876250107307,6329.764209018322,1200.2876347664048
1777233161,0,,Aggregated,46.700000,0.000000,0,0,0,0,0,0,0,0,0,0,0,15026,0,3700,3856.381162737689,3165.1876250107307,6329.764209018322,1200.2876347664048
1777233162,0,GET,trips_per_route,46.700000,0.000000,0,0,0,0,0,0,0,0,0,0,0,15026,0,3700,3856.381162737689,3165.1876250107307,6329.764209018322,1200.2876347664048
1777233162,0,,Aggregated,46.700000,0.000000,0,0,0,0,0,0,0,0,0,0,0,15026,0,3700,3856.381162737689,3165.1876250107307,6329.764209018322,1200.2876347664048
1777233163,0,GET,trips_per_route,46.700000,0.000000,0,0,0,0,0,0,0,0,0,0,0,15026,0,3700,3856.381162737689,3165.1876250107307,6329.764209018322,1200.2876347664048
1777233163,0,,Aggregated,46.700000,0.000000,0,0,0,0,0,0,0,0,0,0,0,15026,0,3700,3856.381162737689,3165.1876250107307,6329.764209018322,1200.2876347664048
1777233164,0,GET,trips_per_route,46.700000,0.000000,0,0,0,0,0,0,0,0,0,0,0,15026,0,3700,3856.381162737689,3165.1876250107307,6329.764209018322,1200.2876347664048
1777233164,0,,Aggregated,46.700000,0.000000,0,0,0,0,0,0,0,0,0,0,0,15026,0,3700,3856.381162737689,3165.1876250107307,6329.764209018322,1200.2876347664048
1777233165,0,GET,trips_per_route,46.700000,0.000000,0,0,0,0,0,0,0,0,0,0,0,15026,0,3700,3856.381162737689,3165.1876250107307,6329.764209018322,1200.2876347664048
1777233165,0,,Aggregated,46.700000,0.000000,0,0,0,0,0,0,0,0,0,0,0,15026,0,3700,3856.381162737689,3165.1876250107307,6329.764209018322,1200.2876347664048
1777233166,0,GET,trips_per_route,46.700000,0.000000,0,0,0,0,0,0,0,0,0,0,0,15026,0,3700,3856.381162737689,3165.1876250107307,6329.764209018322,1200.2876347664048
1777233166,0,,Aggregated,46.700000,0.000000,0,0,0,0,0,0,0,0,0,0,0,15026,0,3700,3856.381162737689,3165.1876250107307,6329.764209018322,1200.2876347664048
1777233167,0,GET,trips_per_route,46.700000,0.000000,0,0,0,0,0,0,0,0,0,0,0,15026,0,3700,3856.381162737689,3165.1876250107307,6329.764209018322,1200.2876347664048
1777233167,0,,Aggregated,46.700000,0.000000,0,0,0,0,0,0,0,0,0,0,0,15026,0,3700,3856.381162737689,3165.1876250107307,6329.764209018322,1200.2876347664048
1777233168,0,GET,trips_per_route,46.700000,0.000000,0,0,0,0,0,0,0,0,0,0,0,15026,0,3700,3856.381162737689,3165.1876250107307,6329.764209018322,1200.2876347664048
1777233168,0,,Aggregated,46.700000,0.000000,0,0,0,0,0,0,0,0,0,0,0,15026,0,3700,3856.381162737689,3165.1876250107307,6329.764209018322,1200.2876347664048
1777233169,0,GET,trips_per_route,46.700000,0.000000,0,0,0,0,0,0,0,0,0,0,0,15026,0,3700,3856.381162737689,3165.1876250107307,6329.764209018322,1200.2876347664048
1777233169,0,,Aggregated,46.700000,0.000000,0,0,0,0,0,0,0,0,0,0,0,15026,0,3700,3856.381162737689,3165.1876250107307,6329.764209018322,1200.2876347664048
1777233170,0,GET,trips_per_route,46.700000,0.000000,0,0,0,0,0,0,0,0,0,0,0,15026,0,3700,3856.381162737689,3165.1876250107307,6329.764209018322,1200.2876347664048
1777233170,0,,Aggregated,46.700000,0.000000,0,0,0,0,0,0,0,0,0,0,0,15026,0,3700,3856.381162737689,3165.1876250107307,6329.764209018322,1200.2876347664048
1777233171,0,GET,trips_per_route,46.700000,0.000000,0,0,0,0,0,0,0,0,0,0,0,15026,0,3700,3856.381162737689,3165.1876250107307,6329.764209018322,1200.2876347664048
1777233171,0,,Aggregated,46.700000,0.000000,0,0,0,0,0,0,0,0,0,0,0,15026,0,3700,3856.381162737689,3165.1876250107307,6329.764209018322,1200.2876347664048
1777233172,0,GET,trips_per_route,46.700000,0.000000,0,0,0,0,0,0,0,0,0,0,0,15026,0,3700,3856.381162737689,3165.1876250107307,6329.764209018322,1200.2876347664048
1777233172,0,,Aggregated,46.700000,0.000000,0,0,0,0,0,0,0,0,0,0,0,15026,0,3700,3856.381162737689,3165.1876250107307,6329.764209018322,1200.2876347664048
1777233173,0,GET,trips_per_route,46.700000,0.000000,0,0,0,0,0,0,0,0,0,0,0,15026,0,3700,3856.381162737689,3165.1876250107307,6329.764209018322,1200.2876347664048
1777233173,0,,Aggregated,46.700000,0.000000,0,0,0,0,0,0,0,0,0,0,0,15026,0,3700,3856.381162737689,3165.1876250107307,6329.764209018322,1200.2876347664048
1777233174,0,GET,trips_per_route,46.700000,0.000000,0,0,0,0,0,0,0,0,0,0,0,15026,0,3700,3856.381162737689,3165.1876250107307,6329.764209018322,1200.2876347664048
1777233174,0,,Aggregated,46.700000,0.000000,0,0,0,0,0,0,0,0,0,0,0,15026,0,3700,3856.381162737689,3165.1876250107307,6329.764209018322,1200.2876347664048
1777233175,0,GET,trips_per_route,46.700000,0.000000,0,0,0,0,0,0,0,0,0,0,0,15026,0,3700,3856.381162737689,3165.1876250107307,6329.764209018322,1200.2876347664048
1777233175,0,,Aggregated,46.700000,0.000000,0,0,0,0,0,0,0,0,0,0,0,15026,0,3700,3856.381162737689,3165.1876250107307,6329.764209018322,1200.2876347664048
1777233176,0,GET,trips_per_route,46.700000,0.000000,0,0,0,0,0,0,0,0,0,0,0,15026,0,3700,3856.381162737689,3165.1876250107307,6329.764209018322,1200.2876347664048
1777233176,0,,Aggregated,46.700000,0.000000,0,0,0,0,0,0,0,0,0,0,0,15026,0,3700,3856.381162737689,3165.1876250107307,6329.764209018322,1200.2876347664048
1777233177,0,GET,trips_per_route,46.700000,0.000000,0,0,0,0,0,0,0,0,0,0,0,15026,0,3700,3856.381162737689,3165.1876250107307,6329.764209018322,1200.2876347664048
1777233177,0,,Aggregated,46.700000,0.000000,0,0,0,0,0,0,0,0,0,0,0,15026,0,3700,3856.381162737689,3165.1876250107307,6329.764209018322,1200.2876347664048
1777233178,0,GET,trips_per_route,46.700000,0.000000,0,0,0,0,0,0,0,0,0,0,0,15026,0,3700,3856.381162737689,3165.1876250107307,6329.764209018322,1200.2876347664048
1777233178,0,,Aggregated,46.700000,0.000000,0,0,0,0,0,0,0,0,0,0,0,15026,0,3700,3856.381162737689,3165.1876250107307,6329.764209018322,1200.2876347664048
1777233179,0,GET,trips_per_route,46.700000,0.000000,0,0,0,0,0,0,0,0,0,0,0,15026,0,3700,3856.381162737689,3165.1876250107307,6329.764209018322,1200.2876347664048
1777233179,0,,Aggregated,46.700000,0.000000,0,0,0,0,0,0,0,0,0,0,0,15026,0,3700,3856.381162737689,3165.1876250107307,6329.764209018322,1200.2876347664048
1777233180,0,GET,trips_per_route,46.700000,0.000000,0,0,0,0,0,0,0,0,0,0,0,15026,0,3700,3856.381162737689,3165.1876250107307,6329.764209018322,1200.2876347664048
1777233180,0,,Aggregated,46.700000,0.000000,0,0,0,0,0,0,0,0,0,0,0,15026,0,3700,3856.381162737689,3165.1876250107307,6329.764209018322,1200.2876347664048
1777233181,0,GET,trips_per_route,46.700000,0.000000,0,0,0,0,0,0,0,0,0,0,0,15026,0,3700,3856.381162737689,3165.1876250107307,6329.764209018322,1200.2876347664048
1777233181,0,,Aggregated,46.700000,0.000000,0,0,0,0,0,0,0,0,0,0,0,15026,0,3700,3856.381162737689,3165.1876250107307,6329.764209018322,1200.2876347664048
1777233182,0,GET,trips_per_route,46.700000,0.000000,0,0,0,0,0,0,0,0,0,0,0,15026,0,3700,3856.381162737689,3165.1876250107307,6329.764209018322,1200.2876347664048
1777233182,0,,Aggregated,46.700000,0.000000,0,0,0,0,0,0,0,0,0,0,0,15026,0,3700,3856.381162737689,3165.1876250107307,6329.764209018322,1200.2876347664048
1777233183,0,GET,trips_per_route,46.700000,0.000000,0,0,0,0,0,0,0,0,0,0,0,15026,0,3700,3856.381162737689,3165.1876250107307,6329.764209018322,1200.2876347664048
1777233183,0,,Aggregated,46.700000,0.000000,0,0,0,0,0,0,0,0,0,0,0,15026,0,3700,3856.381162737689,3165.1876250107307,6329.764209018322,1200.2876347664048
1777233184,0,GET,trips_per_route,46.700000,0.000000,0,0,0,0,0,0,0,0,0,0,0,15026,0,3700,3856.381162737689,3165.1876250107307,6329.764209018322,1200.2876347664048
1777233184,0,,Aggregated,46.700000,0.000000,0,0,0,0,0,0,0,0,0,0,0,15026,0,3700,3856.381162737689,3165.1876250107307,6329.764209018322,1200.2876347664048
1777233185,0,GET,trips_per_route,46.700000,0.000000,0,0,0,0,0,0,0,0,0,0,0,15026,0,3700,3856.381162737689,3165.1876250107307,6329.764209018322,1200.2876347664048
1777233185,0,,Aggregated,46.700000,0.000000,0,0,0,0,0,0,0,0,0,0,0,15026,0,3700,3856.381162737689,3165.1876250107307,6329.764209018322,1200.2876347664048
1777233186,0,GET,trips_per_route,46.700000,0.000000,0,0,0,0,0,0,0,0,0,0,0,15026,0,3700,3856.381162737689,3165.1876250107307,6329.764209018322,1200.2876347664048
1777233186,0,,Aggregated,46.700000,0.000000,0,0,0,0,0,0,0,0,0,0,0,15026,0,3700,3856.381162737689,3165.1876250107307,6329.764209018322,1200.2876347664048
1777233187,0,GET,trips_per_route,46.700000,0.000000,0,0,0,0,0,0,0,0,0,0,0,15026,0,3700,3856.381162737689,3165.1876250107307,6329.764209018322,1200.2876347664048
1777233187,0,,Aggregated,46.700000,0.000000,0,0,0,0,0,0,0,0,0,0,0,15026,0,3700,3856.381162737689,3165.1876250107307,6329.764209018322,1200.2876347664048
1777233188,0,GET,trips_per_route,46.700000,0.000000,0,0,0,0,0,0,0,0,0,0,0,15026,0,3700,3856.381162737689,3165.1876250107307,6329.764209018322,1200.2876347664048
1777233188,0,,Aggregated,46.700000,0.000000,0,0,0,0,0,0,0,0,0,0,0,15026,0,3700,3856.381162737689,3165.1876250107307,6329.764209018322,1200.2876347664048
1777233189,0,GET,trips_per_route,46.700000,0.000000,0,0,0,0,0,0,0,0,0,0,0,15026,0,3700,3856.381162737689,3165.1876250107307,6329.764209018322,1200.2876347664048
1777233189,0,,Aggregated,46.700000,0.000000,0,0,0,0,0,0,0,0,0,0,0,15026,0,3700,3856.381162737689,3165.1876250107307,6329.764209018322,1200.2876347664048
1777233190,0,GET,trips_per_route,46.700000,0.000000,0,0,0,0,0,0,0,0,0,0,0,15026,0,3700,3856.381162737689,3165.1876250107307,6329.764209018322,1200.2876347664048
1777233190,0,,Aggregated,46.700000,0.000000,0,0,0,0,0,0,0,0,0,0,0,15026,0,3700,3856.381162737689,3165.1876250107307,6329.764209018322,1200.2876347664048
1777233191,0,GET,trips_per_route,46.700000,0.000000,0,0,0,0,0,0,0,0,0,0,0,15026,0,3700,3856.381162737689,3165.1876250107307,6329.764209018322,1200.2876347664048
1777233191,0,,Aggregated,46.700000,0.000000,0,0,0,0,0,0,0,0,0,0,0,15026,0,3700,3856.381162737689,3165.1876250107307,6329.764209018322,1200.2876347664048
1777233192,0,GET,trips_per_route,46.700000,0.000000,0,0,0,0,0,0,0,0,0,0,0,15026,0,3700,3856.381162737689,3165.1876250107307,6329.764209018322,1200.2876347664048
1777233192,0,,Aggregated,46.700000,0.000000,0,0,0,0,0,0,0,0,0,0,0,15026,0,3700,3856.381162737689,3165.1876250107307,6329.764209018322,1200.2876347664048
1777233193,0,GET,trips_per_route,46.700000,0.000000,0,0,0,0,0,0,0,0,0,0,0,15026,0,3700,3856.381162737689,3165.1876250107307,6329.764209018322,1200.2876347664048
1777233193,0,,Aggregated,46.700000,0.000000,0,0,0,0,0,0,0,0,0,0,0,15026,0,3700,3856.381162737689,3165.1876250107307,6329.764209018322,1200.2876347664048
1777233194,0,GET,trips_per_route,46.700000,0.000000,0,0,0,0,0,0,0,0,0,0,0,15026,0,3700,3856.381162737689,3165.1876250107307,6329.764209018322,1200.2876347664048
1777233194,0,,Aggregated,46.700000,0.000000,0,0,0,0,0,0,0,0,0,0,0,15026,0,3700,3856.381162737689,3165.1876250107307,6329.764209018322,1200.2876347664048
1777233195,0,GET,trips_per_route,46.700000,0.000000,0,0,0,0,0,0,0,0,0,0,0,15026,0,3700,3856.381162737689,3165.1876250107307,6329.764209018322,1200.2876347664048
1777233195,0,,Aggregated,46.700000,0.000000,0,0,0,0,0,0,0,0,0,0,0,15026,0,3700,3856.381162737689,3165.1876250107307,6329.764209018322,1200.2876347664048
1777233196,0,GET,trips_per_route,46.700000,0.000000,0,0,0,0,0,0,0,0,0,0,0,15026,0,3700,3856.381162737689,3165.1876250107307,6329.764209018322,1200.2876347664048
1777233196,0,,Aggregated,46.700000,0.000000,0,0,0,0,0,0,0,0,0,0,0,15026,0,3700,3856.381162737689,3165.1876250107307,6329.764209018322,1200.2876347664048
1777233197,0,GET,trips_per_route,46.700000,0.000000,0,0,0,0,0,0,0,0,0,0,0,15026,0,3700,3856.381162737689,3165.1876250107307,6329.764209018322,1200.2876347664048
1777233197,0,,Aggregated,46.700000,0.000000,0,0,0,0,0,0,0,0,0,0,0,15026,0,3700,3856.381162737689,3165.1876250107307,6329.764209018322,1200.2876347664048
1777233198,0,GET,trips_per_route,46.700000,0.000000,0,0,0,0,0,0,0,0,0,0,0,15026,0,3700,3856.381162737689,3165.1876250107307,6329.764209018322,1200.2876347664048
1777233198,0,,Aggregated,46.700000,0.000000,0,0,0,0,0,0,0,0,0,0,0,15026,0,3700,3856.381162737689,3165.1876250107307,6329.764209018322,1200.2876347664048
1777233199,0,GET,trips_per_route,46.700000,0.000000,0,0,0,0,0,0,0,0,0,0,0,15026,0,3700,3856.381162737689,3165.1876250107307,6329.764209018322,1200.2876347664048
1777233199,0,,Aggregated,46.700000,0.000000,0,0,0,0,0,0,0,0,0,0,0,15026,0,3700,3856.381162737689,3165.1876250107307,6329.764209018322,1200.2876347664048
1777233200,0,GET,trips_per_route,46.700000,0.000000,0,0,0,0,0,0,0,0,0,0,0,15026,0,3700,3856.381162737689,3165.1876250107307,6329.764209018322,1200.2876347664048
1777233200,0,,Aggregated,46.700000,0.000000,0,0,0,0,0,0,0,0,0,0,0,15026,0,3700,3856.381162737689,3165.1876250107307,6329.764209018322,1200.2876347664048
1777233201,0,GET,trips_per_route,46.700000,0.000000,0,0,0,0,0,0,0,0,0,0,0,15026,0,3700,3856.381162737689,3165.1876250107307,6329.764209018322,1200.2876347664048
1777233201,0,,Aggregated,46.700000,0.000000,0,0,0,0,0,0,0,0,0,0,0,15026,0,3700,3856.381162737689,3165.1876250107307,6329.764209018322,1200.2876347664048
1777233202,0,GET,trips_per_route,46.700000,0.000000,0,0,0,0,0,0,0,0,0,0,0,15026,0,3700,3856.381162737689,3165.1876250107307,6329.764209018322,1200.2876347664048
1777233202,0,,Aggregated,46.700000,0.000000,0,0,0,0,0,0,0,0,0,0,0,15026,0,3700,3856.381162737689,3165.1876250107307,6329.764209018322,1200.2876347664048
1777233203,0,GET,trips_per_route,46.700000,0.000000,0,0,0,0,0,0,0,0,0,0,0,15026,0,3700,3856.381162737689,3165.1876250107307,6329.764209018322,1200.2876347664048
1777233203,0,,Aggregated,46.700000,0.000000,0,0,0,0,0,0,0,0,0,0,0,15026,0,3700,3856.381162737689,3165.1876250107307,6329.764209018322,1200.2876347664048
1777233204,0,GET,trips_per_route,46.700000,0.000000,0,0,0,0,0,0,0,0,0,0,0,15026,0,3700,3856.381162737689,3165.1876250107307,6329.764209018322,1200.2876347664048
1777233204,0,,Aggregated,46.700000,0.000000,0,0,0,0,0,0,0,0,0,0,0,15026,0,3700,3856.381162737689,3165.1876250107307,6329.764209018322,1200.2876347664048
1777233205,0,GET,trips_per_route,46.700000,0.000000,0,0,0,0,0,0,0,0,0,0,0,15026,0,3700,3856.381162737689,3165.1876250107307,6329.764209018322,1200.2876347664048
1777233205,0,,Aggregated,46.700000,0.000000,0,0,0,0,0,0,0,0,0,0,0,15026,0,3700,3856.381162737689,3165.1876250107307,6329.764209018322,1200.2876347664048
1777233206,0,GET,trips_per_route,46.700000,0.000000,0,0,0,0,0,0,0,0,0,0,0,15026,0,3700,3856.381162737689,3165.1876250107307,6329.764209018322,1200.2876347664048
1777233206,0,,Aggregated,46.700000,0.000000,0,0,0,0,0,0,0,0,0,0,0,15026,0,3700,3856.381162737689,3165.1876250107307,6329.764209018322,1200.2876347664048
1777233207,0,GET,trips_per_route,46.700000,0.000000,0,0,0,0,0,0,0,0,0,0,0,15026,0,3700,3856.381162737689,3165.1876250107307,6329.764209018322,1200.2876347664048
1777233207,0,,Aggregated,46.700000,0.000000,0,0,0,0,0,0,0,0,0,0,0,15026,0,3700,3856.381162737689,3165.1876250107307,6329.764209018322,1200.2876347664048
1777233208,0,GET,trips_per_route,46.700000,0.000000,0,0,0,0,0,0,0,0,0,0,0,15026,0,3700,3856.381162737689,3165.1876250107307,6329.764209018322,1200.2876347664048
1777233208,0,,Aggregated,46.700000,0.000000,0,0,0,0,0,0,0,0,0,0,0,15026,0,3700,3856.381162737689,3165.1876250107307,6329.764209018322,1200.2876347664048
1777233209,0,GET,trips_per_route,46.700000,0.000000,0,0,0,0,0,0,0,0,0,0,0,15026,0,3700,3856.381162737689,3165.1876250107307,6329.764209018322,1200.2876347664048
1777233209,0,,Aggregated,46.700000,0.000000,0,0,0,0,0,0,0,0,0,0,0,15026,0,3700,3856.381162737689,3165.1876250107307,6329.764209018322,1200.2876347664048
1777233210,0,GET,trips_per_route,46.700000,0.000000,0,0,0,0,0,0,0,0,0,0,0,15026,0,3700,3856.381162737689,3165.1876250107307,6329.764209018322,1200.2876347664048
1777233210,0,,Aggregated,46.700000,0.000000,0,0,0,0,0,0,0,0,0,0,0,15026,0,3700,3856.381162737689,3165.1876250107307,6329.764209018322,1200.2876347664048
1777233211,0,GET,trips_per_route,46.700000,0.000000,0,0,0,0,0,0,0,0,0,0,0,15026,0,3700,3856.381162737689,3165.1876250107307,6329.764209018322,1200.2876347664048
1777233211,0,,Aggregated,46.700000,0.000000,0,0,0,0,0,0,0,0,0,0,0,15026,0,3700,3856.381162737689,3165.1876250107307,6329.764209018322,1200.2876347664048
1777233212,0,GET,trips_per_route,46.700000,0.000000,0,0,0,0,0,0,0,0,0,0,0,15026,0,3700,3856.381162737689,3165.1876250107307,6329.764209018322,1200.2876347664048
1777233212,0,,Aggregated,46.700000,0.000000,0,0,0,0,0,0,0,0,0,0,0,15026,0,3700,3856.381162737689,3165.1876250107307,6329.764209018322,1200.2876347664048
1777233213,0,GET,trips_per_route,46.700000,0.000000,0,0,0,0,0,0,0,0,0,0,0,15026,0,3700,3856.381162737689,3165.1876250107307,6329.764209018322,1200.2876347664048
1777233213,0,,Aggregated,46.700000,0.000000,0,0,0,0,0,0,0,0,0,0,0,15026,0,3700,3856.381162737689,3165.1876250107307,6329.764209018322,1200.2876347664048
1777233214,0,GET,trips_per_route,46.700000,0.000000,0,0,0,0,0,0,0,0,0,0,0,15026,0,3700,3856.381162737689,3165.1876250107307,6329.764209018322,1200.2876347664048
1777233214,0,,Aggregated,46.700000,0.000000,0,0,0,0,0,0,0,0,0,0,0,15026,0,3700,3856.381162737689,3165.1876250107307,6329.764209018322,1200.2876347664048
1777233215,0,GET,trips_per_route,46.700000,0.000000,0,0,0,0,0,0,0,0,0,0,0,15026,0,3700,3856.381162737689,3165.1876250107307,6329.764209018322,1200.2876347664048
1777233215,0,,Aggregated,46.700000,0.000000,0,0,0,0,0,0,0,0,0,0,0,15026,0,3700,3856.381162737689,3165.1876250107307,6329.764209018322,1200.2876347664048
1777233216,0,GET,trips_per_route,46.700000,0.000000,0,0,0,0,0,0,0,0,0,0,0,15026,0,3700,3856.381162737689,3165.1876250107307,6329.764209018322,1200.2876347664048
1777233216,0,,Aggregated,46.700000,0.000000,0,0,0,0,0,0,0,0,0,0,0,15026,0,3700,3856.381162737689,3165.1876250107307,6329.764209018322,1200.2876347664048
1777233217,0,GET,trips_per_route,46.700000,0.000000,0,0,0,0,0,0,0,0,0,0,0,15026,0,3700,3856.381162737689,3165.1876250107307,6329.764209018322,1200.2876347664048
1777233217,0,,Aggregated,46.700000,0.000000,0,0,0,0,0,0,0,0,0,0,0,15026,0,3700,3856.381162737689,3165.1876250107307,6329.764209018322,1200.2876347664048
1777233218,0,GET,trips_per_route,46.700000,0.000000,0,0,0,0,0,0,0,0,0,0,0,15026,0,3700,3856.381162737689,3165.1876250107307,6329.764209018322,1200.2876347664048
1777233218,0,,Aggregated,46.700000,0.000000,0,0,0,0,0,0,0,0,0,0,0,15026,0,3700,3856.381162737689,3165.1876250107307,6329.764209018322,1200.2876347664048
1777233219,0,GET,trips_per_route,46.700000,0.000000,0,0,0,0,0,0,0,0,0,0,0,15026,0,3700,3856.381162737689,3165.1876250107307,6329.764209018322,1200.2876347664048
1777233219,0,,Aggregated,46.700000,0.000000,0,0,0,0,0,0,0,0,0,0,0,15026,0,3700,3856.381162737689,3165.1876250107307,6329.764209018322,1200.2876347664048
1777233220,0,GET,trips_per_route,46.700000,0.000000,0,0,0,0,0,0,0,0,0,0,0,15026,0,3700,3856.381162737689,3165.1876250107307,6329.764209018322,1200.2876347664048
1777233220,0,,Aggregated,46.700000,0.000000,0,0,0,0,0,0,0,0,0,0,0,15026,0,3700,3856.381162737689,3165.1876250107307,6329.764209018322,1200.2876347664048
1777233221,0,GET,trips_per_route,46.700000,0.000000,0,0,0,0,0,0,0,0,0,0,0,15026,0,3700,3856.381162737689,3165.1876250107307,6329.764209018322,1200.2876347664048
1777233221,0,,Aggregated,46.700000,0.000000,0,0,0,0,0,0,0,0,0,0,0,15026,0,3700,3856.381162737689,3165.1876250107307,6329.764209018322,1200.2876347664048
1777233222,0,GET,trips_per_route,46.700000,0.000000,0,0,0,0,0,0,0,0,0,0,0,15026,0,3700,3856.381162737689,3165.1876250107307,6329.764209018322,1200.2876347664048
1777233222,0,,Aggregated,46.700000,0.000000,0,0,0,0,0,0,0,0,0,0,0,15026,0,3700,3856.381162737689,3165.1876250107307,6329.764209018322,1200.2876347664048
1777233223,0,GET,trips_per_route,46.700000,0.000000,0,0,0,0,0,0,0,0,0,0,0,15026,0,3700,3856.381162737689,3165.1876250107307,6329.764209018322,1200.2876347664048
1777233223,0,,Aggregated,46.700000,0.000000,0,0,0,0,0,0,0,0,0,0,0,15026,0,3700,3856.381162737689,3165.1876250107307,6329.764209018322,1200.2876347664048
1777233224,0,GET,trips_per_route,46.700000,0.000000,0,0,0,0,0,0,0,0,0,0,0,15026,0,3700,3856.381162737689,3165.1876250107307,6329.764209018322,1200.2876347664048
1777233224,0,,Aggregated,46.700000,0.000000,0,0,0,0,0,0,0,0,0,0,0,15026,0,3700,3856.381162737689,3165.1876250107307,6329.764209018322,1200.2876347664048
1777233225,0,GET,trips_per_route,46.700000,0.000000,0,0,0,0,0,0,0,0,0,0,0,15026,0,3700,3856.381162737689,3165.1876250107307,6329.764209018322,1200.2876347664048
1777233225,0,,Aggregated,46.700000,0.000000,0,0,0,0,0,0,0,0,0,0,0,15026,0,3700,3856.381162737689,3165.1876250107307,6329.764209018322,1200.2876347664048
1777233226,0,GET,trips_per_route,46.700000,0.000000,0,0,0,0,0,0,0,0,0,0,0,15026,0,3700,3856.381162737689,3165.1876250107307,6329.764209018322,1200.2876347664048
1777233226,0,,Aggregated,46.700000,0.000000,0,0,0,0,0,0,0,0,0,0,0,15026,0,3700,3856.381162737689,3165.1876250107307,6329.764209018322,1200.2876347664048
1777233227,0,GET,trips_per_route,46.700000,0.000000,0,0,0,0,0,0,0,0,0,0,0,15026,0,3700,3856.381162737689,3165.1876250107307,6329.764209018322,1200.2876347664048
1777233227,0,,Aggregated,46.700000,0.000000,0,0,0,0,0,0,0,0,0,0,0,15026,0,3700,3856.381162737689,3165.1876250107307,6329.764209018322,1200.2876347664048
1777233228,0,GET,trips_per_route,46.700000,0.000000,0,0,0,0,0,0,0,0,0,0,0,15026,0,3700,3856.381162737689,3165.1876250107307,6329.764209018322,1200.2876347664048
1777233228,0,,Aggregated,46.700000,0.000000,0,0,0,0,0,0,0,0,0,0,0,15026,0,3700,3856.381162737689,3165.1876250107307,6329.764209018322,1200.2876347664048
1777233229,0,GET,trips_per_route,46.700000,0.000000,0,0,0,0,0,0,0,0,0,0,0,15026,0,3700,3856.381162737689,3165.1876250107307,6329.764209018322,1200.2876347664048
1777233229,0,,Aggregated,46.700000,0.000000,0,0,0,0,0,0,0,0,0,0,0,15026,0,3700,3856.381162737689,3165.1876250107307,6329.764209018322,1200.2876347664048
1777233230,0,GET,trips_per_route,46.700000,0.000000,0,0,0,0,0,0,0,0,0,0,0,15026,0,3700,3856.381162737689,3165.1876250107307,6329.764209018322,1200.2876347664048
1777233230,0,,Aggregated,46.700000,0.000000,0,0,0,0,0,0,0,0,0,0,0,15026,0,3700,3856.381162737689,3165.1876250107307,6329.764209018322,1200.2876347664048
1777233231,0,GET,trips_per_route,46.700000,0.000000,0,0,0,0,0,0,0,0,0,0,0,15026,0,3700,3856.381162737689,3165.1876250107307,6329.764209018322,1200.2876347664048
1777233231,0,,Aggregated,46.700000,0.000000,0,0,0,0,0,0,0,0,0,0,0,15026,0,3700,3856.381162737689,3165.1876250107307,6329.764209018322,1200.2876347664048
1777233232,0,GET,trips_per_route,46.700000,0.000000,0,0,0,0,0,0,0,0,0,0,0,15026,0,3700,3856.381162737689,3165.1876250107307,6329.764209018322,1200.2876347664048
1777233232,0,,Aggregated,46.700000,0.000000,0,0,0,0,0,0,0,0,0,0,0,15026,0,3700,3856.381162737689,3165.1876250107307,6329.764209018322,1200.2876347664048
1777233233,0,GET,trips_per_route,46.700000,0.000000,0,0,0,0,0,0,0,0,0,0,0,15026,0,3700,3856.381162737689,3165.1876250107307,6329.764209018322,1200.2876347664048
1777233233,0,,Aggregated,46.700000,0.000000,0,0,0,0,0,0,0,0,0,0,0,15026,0,3700,3856.381162737689,3165.1876250107307,6329.764209018322,1200.2876347664048
1777233234,0,GET,trips_per_route,46.700000,0.000000,0,0,0,0,0,0,0,0,0,0,0,15026,0,3700,3856.381162737689,3165.1876250107307,6329.764209018322,1200.2876347664048
1777233234,0,,Aggregated,46.700000,0.000000,0,0,0,0,0,0,0,0,0,0,0,15026,0,3700,3856.381162737689,3165.1876250107307,6329.764209018322,1200.2876347664048
1777233235,0,GET,trips_per_route,46.700000,0.000000,0,0,0,0,0,0,0,0,0,0,0,15026,0,3700,3856.381162737689,3165.1876250107307,6329.764209018322,1200.2876347664048
1777233235,0,,Aggregated,46.700000,0.000000,0,0,0,0,0,0,0,0,0,0,0,15026,0,3700,3856.381162737689,3165.1876250107307,6329.764209018322,1200.2876347664048
1777233236,0,GET,trips_per_route,46.700000,0.000000,0,0,0,0,0,0,0,0,0,0,0,15026,0,3700,3856.381162737689,3165.1876250107307,6329.764209018322,1200.2876347664048
1777233236,0,,Aggregated,46.700000,0.000000,0,0,0,0,0,0,0,0,0,0,0,15026,0,3700,3856.381162737689,3165.1876250107307,6329.764209018322,1200.2876347664048
1777233237,0,GET,trips_per_route,46.700000,0.000000,0,0,0,0,0,0,0,0,0,0,0,15026,0,3700,3856.381162737689,3165.1876250107307,6329.764209018322,1200.2876347664048
1777233237,0,,Aggregated,46.700000,0.000000,0,0,0,0,0,0,0,0,0,0,0,15026,0,3700,3856.381162737689,3165.1876250107307,6329.764209018322,1200.2876347664048
1777233238,0,GET,trips_per_route,46.700000,0.000000,0,0,0,0,0,0,0,0,0,0,0,15026,0,3700,3856.381162737689,3165.1876250107307,6329.764209018322,1200.2876347664048
1777233238,0,,Aggregated,46.700000,0.000000,0,0,0,0,0,0,0,0,0,0,0,15026,0,3700,3856.381162737689,3165.1876250107307,6329.764209018322,1200.2876347664048
1777233239,0,GET,trips_per_route,46.700000,0.000000,0,0,0,0,0,0,0,0,0,0,0,15026,0,3700,3856.381162737689,3165.1876250107307,6329.764209018322,1200.2876347664048
1777233239,0,,Aggregated,46.700000,0.000000,0,0,0,0,0,0,0,0,0,0,0,15026,0,3700,3856.381162737689,3165.1876250107307,6329.764209018322,1200.2876347664048
1777233240,0,GET,trips_per_route,46.700000,0.000000,0,0,0,0,0,0,0,0,0,0,0,15026,0,3700,3856.381162737689,3165.1876250107307,6329.764209018322,1200.2876347664048
1777233240,0,,Aggregated,46.700000,0.000000,0,0,0,0,0,0,0,0,0,0,0,15026,0,3700,3856.381162737689,3165.1876250107307,6329.764209018322,1200.2876347664048
1777233241,0,GET,trips_per_route,46.700000,0.000000,0,0,0,0,0,0,0,0,0,0,0,15026,0,3700,3856.381162737689,3165.1876250107307,6329.764209018322,1200.2876347664048
1777233241,0,,Aggregated,46.700000,0.000000,0,0,0,0,0,0,0,0,0,0,0,15026,0,3700,3856.381162737689,3165.1876250107307,6329.764209018322,1200.2876347664048
1777233242,0,GET,trips_per_route,46.700000,0.000000,0,0,0,0,0,0,0,0,0,0,0,15026,0,3700,3856.381162737689,3165.1876250107307,6329.764209018322,1200.2876347664048
1777233242,0,,Aggregated,46.700000,0.000000,0,0,0,0,0,0,0,0,0,0,0,15026,0,3700,3856.381162737689,3165.1876250107307,6329.764209018322,1200.2876347664048
1777233243,0,GET,trips_per_route,46.700000,0.000000,0,0,0,0,0,0,0,0,0,0,0,15026,0,3700,3856.381162737689,3165.1876250107307,6329.764209018322,1200.2876347664048
1777233243,0,,Aggregated,46.700000,0.000000,0,0,0,0,0,0,0,0,0,0,0,15026,0,3700,3856.381162737689,3165.1876250107307,6329.764209018322,1200.2876347664048
1777233244,0,GET,trips_per_route,46.700000,0.000000,0,0,0,0,0,0,0,0,0,0,0,15026,0,3700,3856.381162737689,3165.1876250107307,6329.764209018322,1200.2876347664048
1777233244,0,,Aggregated,46.700000,0.000000,0,0,0,0,0,0,0,0,0,0,0,15026,0,3700,3856.381162737689,3165.1876250107307,6329.764209018322,1200.2876347664048
1777233245,0,GET,trips_per_route,46.700000,0.000000,0,0,0,0,0,0,0,0,0,0,0,15026,0,3700,3856.381162737689,3165.1876250107307,6329.764209018322,1200.2876347664048
1777233245,0,,Aggregated,46.700000,0.000000,0,0,0,0,0,0,0,0,0,0,0,15026,0,3700,3856.381162737689,3165.1876250107307,6329.764209018322,1200.2876347664048
1777233246,0,GET,trips_per_route,46.700000,0.000000,0,0,0,0,0,0,0,0,0,0,0,15026,0,3700,3856.381162737689,3165.1876250107307,6329.764209018322,1200.2876347664048
1777233246,0,,Aggregated,46.700000,0.000000,0,0,0,0,0,0,0,0,0,0,0,15026,0,3700,3856.381162737689,3165.1876250107307,6329.764209018322,1200.2876347664048
1777233247,0,GET,trips_per_route,46.700000,0.000000,0,0,0,0,0,0,0,0,0,0,0,15026,0,3700,3856.381162737689,3165.1876250107307,6329.764209018322,1200.2876347664048
1777233247,0,,Aggregated,46.700000,0.000000,0,0,0,0,0,0,0,0,0,0,0,15026,0,3700,3856.381162737689,3165.1876250107307,6329.764209018322,1200.2876347664048
1777233248,0,GET,trips_per_route,46.700000,0.000000,0,0,0,0,0,0,0,0,0,0,0,15026,0,3700,3856.381162737689,3165.1876250107307,6329.764209018322,1200.2876347664048
1777233248,0,,Aggregated,46.700000,0.000000,0,0,0,0,0,0,0,0,0,0,0,15026,0,3700,3856.381162737689,3165.1876250107307,6329.764209018322,1200.2876347664048
1777233249,0,GET,trips_per_route,46.700000,0.000000,0,0,0,0,0,0,0,0,0,0,0,15026,0,3700,3856.381162737689,3165.1876250107307,6329.764209018322,1200.2876347664048
1777233249,0,,Aggregated,46.700000,0.000000,0,0,0,0,0,0,0,0,0,0,0,15026,0,3700,3856.381162737689,3165.1876250107307,6329.764209018322,1200.2876347664048
1777233250,0,GET,trips_per_route,46.700000,0.000000,0,0,0,0,0,0,0,0,0,0,0,15026,0,3700,3856.381162737689,3165.1876250107307,6329.764209018322,1200.2876347664048
1777233250,0,,Aggregated,46.700000,0.000000,0,0,0,0,0,0,0,0,0,0,0,15026,0,3700,3856.381162737689,3165.1876250107307,6329.764209018322,1200.2876347664048
1777233251,0,GET,trips_per_route,46.700000,0.000000,0,0,0,0,0,0,0,0,0,0,0,15026,0,3700,3856.381162737689,3165.1876250107307,6329.764209018322,1200.2876347664048
1777233251,0,,Aggregated,46.700000,0.000000,0,0,0,0,0,0,0,0,0,0,0,15026,0,3700,3856.381162737689,3165.1876250107307,6329.764209018322,1200.2876347664048
1777233252,0,GET,trips_per_route,46.700000,0.000000,0,0,0,0,0,0,0,0,0,0,0,15026,0,3700,3856.381162737689,3165.1876250107307,6329.764209018322,1200.2876347664048
1777233252,0,,Aggregated,46.700000,0.000000,0,0,0,0,0,0,0,0,0,0,0,15026,0,3700,3856.381162737689,3165.1876250107307,6329.764209018322,1200.2876347664048
1777233253,0,GET,trips_per_route,46.700000,0.000000,0,0,0,0,0,0,0,0,0,0,0,15026,0,3700,3856.381162737689,3165.1876250107307,6329.764209018322,1200.2876347664048
1777233253,0,,Aggregated,46.700000,0.000000,0,0,0,0,0,0,0,0,0,0,0,15026,0,3700,3856.381162737689,3165.1876250107307,6329.764209018322,1200.2876347664048
1777233254,0,GET,trips_per_route,46.700000,0.000000,0,0,0,0,0,0,0,0,0,0,0,15026,0,3700,3856.381162737689,3165.1876250107307,6329.764209018322,1200.2876347664048
1777233254,0,,Aggregated,46.700000,0.000000,0,0,0,0,0,0,0,0,0,0,0,15026,0,3700,3856.381162737689,3165.1876250107307,6329.764209018322,1200.2876347664048
1777233255,0,GET,trips_per_route,46.700000,0.000000,0,0,0,0,0,0,0,0,0,0,0,15026,0,3700,3856.381162737689,3165.1876250107307,6329.764209018322,1200.2876347664048
1777233255,0,,Aggregated,46.700000,0.000000,0,0,0,0,0,0,0,0,0,0,0,15026,0,3700,3856.381162737689,3165.1876250107307,6329.764209018322,1200.2876347664048
1777233256,0,GET,trips_per_route,46.700000,0.000000,0,0,0,0,0,0,0,0,0,0,0,15026,0,3700,3856.381162737689,3165.1876250107307,6329.764209018322,1200.2876347664048
1777233256,0,,Aggregated,46.700000,0.000000,0,0,0,0,0,0,0,0,0,0,0,15026,0,3700,3856.381162737689,3165.1876250107307,6329.764209018322,1200.2876347664048
1777233257,0,GET,trips_per_route,46.700000,0.000000,0,0,0,0,0,0,0,0,0,0,0,15026,0,3700,3856.381162737689,3165.1876250107307,6329.764209018322,1200.2876347664048
1777233257,0,,Aggregated,46.700000,0.000000,0,0,0,0,0,0,0,0,0,0,0,15026,0,3700,3856.381162737689,3165.1876250107307,6329.764209018322,1200.2876347664048
1777233258,0,GET,trips_per_route,46.700000,0.000000,0,0,0,0,0,0,0,0,0,0,0,15026,0,3700,3856.381162737689,3165.1876250107307,6329.764209018322,1200.2876347664048
1777233258,0,,Aggregated,46.700000,0.000000,0,0,0,0,0,0,0,0,0,0,0,15026,0,3700,3856.381162737689,3165.1876250107307,6329.764209018322,1200.2876347664048
1777233259,0,GET,trips_per_route,46.700000,0.000000,0,0,0,0,0,0,0,0,0,0,0,15026,0,3700,3856.381162737689,3165.1876250107307,6329.764209018322,1200.2876347664048
1777233259,0,,Aggregated,46.700000,0.000000,0,0,0,0,0,0,0,0,0,0,0,15026,0,3700,3856.381162737689,3165.1876250107307,6329.764209018322,1200.2876347664048
1777233260,0,GET,trips_per_route,46.700000,0.000000,0,0,0,0,0,0,0,0,0,0,0,15026,0,3700,3856.381162737689,3165.1876250107307,6329.764209018322,1200.2876347664048
1777233260,0,,Aggregated,46.700000,0.000000,0,0,0,0,0,0,0,0,0,0,0,15026,0,3700,3856.381162737689,3165.1876250107307,6329.764209018322,1200.2876347664048
1777233261,0,GET,trips_per_route,46.700000,0.000000,0,0,0,0,0,0,0,0,0,0,0,15026,0,3700,3856.381162737689,3165.1876250107307,6329.764209018322,1200.2876347664048
1777233261,0,,Aggregated,46.700000,0.000000,0,0,0,0,0,0,0,0,0,0,0,15026,0,3700,3856.381162737689,3165.1876250107307,6329.764209018322,1200.2876347664048
1777233262,0,GET,trips_per_route,46.700000,0.000000,0,0,0,0,0,0,0,0,0,0,0,15026,0,3700,3856.381162737689,3165.1876250107307,6329.764209018322,1200.2876347664048
1777233262,0,,Aggregated,46.700000,0.000000,0,0,0,0,0,0,0,0,0,0,0,15026,0,3700,3856.381162737689,3165.1876250107307,6329.764209018322,1200.2876347664048
1777233263,0,GET,trips_per_route,46.700000,0.000000,0,0,0,0,0,0,0,0,0,0,0,15026,0,3700,3856.381162737689,3165.1876250107307,6329.764209018322,1200.2876347664048
1777233263,0,,Aggregated,46.700000,0.000000,0,0,0,0,0,0,0,0,0,0,0,15026,0,3700,3856.381162737689,3165.1876250107307,6329.764209018322,1200.2876347664048
1777233264,0,GET,trips_per_route,46.700000,0.000000,0,0,0,0,0,0,0,0,0,0,0,15026,0,3700,3856.381162737689,3165.1876250107307,6329.764209018322,1200.2876347664048
1777233264,0,,Aggregated,46.700000,0.000000,0,0,0,0,0,0,0,0,0,0,0,15026,0,3700,3856.381162737689,3165.1876250107307,6329.764209018322,1200.2876347664048
1777233265,0,GET,trips_per_route,46.700000,0.000000,0,0,0,0,0,0,0,0,0,0,0,15026,0,3700,3856.381162737689,3165.1876250107307,6329.764209018322,1200.2876347664048
1777233265,0,,Aggregated,46.700000,0.000000,0,0,0,0,0,0,0,0,0,0,0,15026,0,3700,3856.381162737689,3165.1876250107307,6329.764209018322,1200.2876347664048
1777233266,0,GET,trips_per_route,46.700000,0.000000,0,0,0,0,0,0,0,0,0,0,0,15026,0,3700,3856.381162737689,3165.1876250107307,6329.764209018322,1200.2876347664048
1777233266,0,,Aggregated,46.700000,0.000000,0,0,0,0,0,0,0,0,0,0,0,15026,0,3700,3856.381162737689,3165.1876250107307,6329.764209018322,1200.2876347664048
1777233267,0,GET,trips_per_route,46.700000,0.000000,0,0,0,0,0,0,0,0,0,0,0,15026,0,3700,3856.381162737689,3165.1876250107307,6329.764209018322,1200.2876347664048
1777233267,0,,Aggregated,46.700000,0.000000,0,0,0,0,0,0,0,0,0,0,0,15026,0,3700,3856.381162737689,3165.1876250107307,6329.764209018322,1200.2876347664048
1777233268,0,GET,trips_per_route,46.700000,0.000000,0,0,0,0,0,0,0,0,0,0,0,15026,0,3700,3856.381162737689,3165.1876250107307,6329.764209018322,1200.2876347664048
1777233268,0,,Aggregated,46.700000,0.000000,0,0,0,0,0,0,0,0,0,0,0,15026,0,3700,3856.381162737689,3165.1876250107307,6329.764209018322,1200.2876347664048
1777233269,0,GET,trips_per_route,46.700000,0.000000,0,0,0,0,0,0,0,0,0,0,0,15026,0,3700,3856.381162737689,3165.1876250107307,6329.764209018322,1200.2876347664048
1777233269,0,,Aggregated,46.700000,0.000000,0,0,0,0,0,0,0,0,0,0,0,15026,0,3700,3856.381162737689,3165.1876250107307,6329.764209018322,1200.2876347664048
1777233270,0,GET,trips_per_route,46.700000,0.000000,0,0,0,0,0,0,0,0,0,0,0,15026,0,3700,3856.381162737689,3165.1876250107307,6329.764209018322,1200.2876347664048
1777233270,0,,Aggregated,46.700000,0.000000,0,0,0,0,0,0,0,0,0,0,0,15026,0,3700,3856.381162737689,3165.1876250107307,6329.764209018322,1200.2876347664048
1777233271,0,GET,trips_per_route,46.700000,0.000000,0,0,0,0,0,0,0,0,0,0,0,15026,0,3700,3856.381162737689,3165.1876250107307,6329.764209018322,1200.2876347664048
1777233271,0,,Aggregated,46.700000,0.000000,0,0,0,0,0,0,0,0,0,0,0,15026,0,3700,3856.381162737689,3165.1876250107307,6329.764209018322,1200.2876347664048
1777233272,0,GET,trips_per_route,46.700000,0.000000,0,0,0,0,0,0,0,0,0,0,0,15026,0,3700,3856.381162737689,3165.1876250107307,6329.764209018322,1200.2876347664048
1777233272,0,,Aggregated,46.700000,0.000000,0,0,0,0,0,0,0,0,0,0,0,15026,0,3700,3856.381162737689,3165.1876250107307,6329.764209018322,1200.2876347664048
1777233273,0,GET,trips_per_route,46.700000,0.000000,0,0,0,0,0,0,0,0,0,0,0,15026,0,3700,3856.381162737689,3165.1876250107307,6329.764209018322,1200.2876347664048
1777233273,0,,Aggregated,46.700000,0.000000,0,0,0,0,0,0,0,0,0,0,0,15026,0,3700,3856.381162737689,3165.1876250107307,6329.764209018322,1200.2876347664048
1777233274,0,GET,trips_per_route,46.700000,0.000000,0,0,0,0,0,0,0,0,0,0,0,15026,0,3700,3856.381162737689,3165.1876250107307,6329.764209018322,1200.2876347664048
1777233274,0,,Aggregated,46.700000,0.000000,0,0,0,0,0,0,0,0,0,0,0,15026,0,3700,3856.381162737689,3165.1876250107307,6329.764209018322,1200.2876347664048
1777233275,0,GET,trips_per_route,46.700000,0.000000,0,0,0,0,0,0,0,0,0,0,0,15026,0,3700,3856.381162737689,3165.1876250107307,6329.764209018322,1200.2876347664048
1777233275,0,,Aggregated,46.700000,0.000000,0,0,0,0,0,0,0,0,0,0,0,15026,0,3700,3856.381162737689,3165.1876250107307,6329.764209018322,1200.2876347664048
1777233276,0,GET,trips_per_route,46.700000,0.000000,0,0,0,0,0,0,0,0,0,0,0,15026,0,3700,3856.381162737689,3165.1876250107307,6329.764209018322,1200.2876347664048
1777233276,0,,Aggregated,46.700000,0.000000,0,0,0,0,0,0,0,0,0,0,0,15026,0,3700,3856.381162737689,3165.1876250107307,6329.764209018322,1200.2876347664048
1777233277,0,GET,trips_per_route,46.700000,0.000000,0,0,0,0,0,0,0,0,0,0,0,15026,0,3700,3856.381162737689,3165.1876250107307,6329.764209018322,1200.2876347664048
1777233277,0,,Aggregated,46.700000,0.000000,0,0,0,0,0,0,0,0,0,0,0,15026,0,3700,3856.381162737689,3165.1876250107307,6329.764209018322,1200.2876347664048
1777233278,0,GET,trips_per_route,46.700000,0.000000,0,0,0,0,0,0,0,0,0,0,0,15026,0,3700,3856.381162737689,3165.1876250107307,6329.764209018322,1200.2876347664048
1777233278,0,,Aggregated,46.700000,0.000000,0,0,0,0,0,0,0,0,0,0,0,15026,0,3700,3856.381162737689,3165.1876250107307,6329.764209018322,1200.2876347664048
1777233279,0,GET,trips_per_route,46.700000,0.000000,0,0,0,0,0,0,0,0,0,0,0,15026,0,3700,3856.381162737689,3165.1876250107307,6329.764209018322,1200.2876347664048
1777233279,0,,Aggregated,46.700000,0.000000,0,0,0,0,0,0,0,0,0,0,0,15026,0,3700,3856.381162737689,3165.1876250107307,6329.764209018322,1200.2876347664048
1777233280,0,GET,trips_per_route,46.700000,0.000000,0,0,0,0,0,0,0,0,0,0,0,15026,0,3700,3856.381162737689,3165.1876250107307,6329.764209018322,1200.2876347664048
1777233280,0,,Aggregated,46.700000,0.000000,0,0,0,0,0,0,0,0,0,0,0,15026,0,3700,3856.381162737689,3165.1876250107307,6329.764209018322,1200.2876347664048
1777233281,0,GET,trips_per_route,46.700000,0.000000,0,0,0,0,0,0,0,0,0,0,0,15026,0,3700,3856.381162737689,3165.1876250107307,6329.764209018322,1200.2876347664048
1777233281,0,,Aggregated,46.700000,0.000000,0,0,0,0,0,0,0,0,0,0,0,15026,0,3700,3856.381162737689,3165.1876250107307,6329.764209018322,1200.2876347664048
1777233282,0,GET,trips_per_route,46.700000,0.000000,0,0,0,0,0,0,0,0,0,0,0,15026,0,3700,3856.381162737689,3165.1876250107307,6329.764209018322,1200.2876347664048
1777233282,0,,Aggregated,46.700000,0.000000,0,0,0,0,0,0,0,0,0,0,0,15026,0,3700,3856.381162737689,3165.1876250107307,6329.764209018322,1200.2876347664048
1777233283,0,GET,trips_per_route,46.700000,0.000000,0,0,0,0,0,0,0,0,0,0,0,15026,0,3700,3856.381162737689,3165.1876250107307,6329.764209018322,1200.2876347664048
1777233283,0,,Aggregated,46.700000,0.000000,0,0,0,0,0,0,0,0,0,0,0,15026,0,3700,3856.381162737689,3165.1876250107307,6329.764209018322,1200.2876347664048
1777233284,0,GET,trips_per_route,46.700000,0.000000,0,0,0,0,0,0,0,0,0,0,0,15026,0,3700,3856.381162737689,3165.1876250107307,6329.764209018322,1200.2876347664048
1777233284,0,,Aggregated,46.700000,0.000000,0,0,0,0,0,0,0,0,0,0,0,15026,0,3700,3856.381162737689,3165.1876250107307,6329.764209018322,1200.2876347664048
1777233285,0,GET,trips_per_route,46.700000,0.000000,0,0,0,0,0,0,0,0,0,0,0,15026,0,3700,3856.381162737689,3165.1876250107307,6329.764209018322,1200.2876347664048
1777233285,0,,Aggregated,46.700000,0.000000,0,0,0,0,0,0,0,0,0,0,0,15026,0,3700,3856.381162737689,3165.1876250107307,6329.764209018322,1200.2876347664048
1777233286,0,GET,trips_per_route,46.700000,0.000000,0,0,0,0,0,0,0,0,0,0,0,15026,0,3700,3856.381162737689,3165.1876250107307,6329.764209018322,1200.2876347664048
1777233286,0,,Aggregated,46.700000,0.000000,0,0,0,0,0,0,0,0,0,0,0,15026,0,3700,3856.381162737689,3165.1876250107307,6329.764209018322,1200.2876347664048
1777233287,0,GET,trips_per_route,46.700000,0.000000,0,0,0,0,0,0,0,0,0,0,0,15026,0,3700,3856.381162737689,3165.1876250107307,6329.764209018322,1200.2876347664048
1777233287,0,,Aggregated,46.700000,0.000000,0,0,0,0,0,0,0,0,0,0,0,15026,0,3700,3856.381162737689,3165.1876250107307,6329.764209018322,1200.2876347664048
1777233288,0,GET,trips_per_route,46.700000,0.000000,0,0,0,0,0,0,0,0,0,0,0,15026,0,3700,3856.381162737689,3165.1876250107307,6329.764209018322,1200.2876347664048
1777233288,0,,Aggregated,46.700000,0.000000,0,0,0,0,0,0,0,0,0,0,0,15026,0,3700,3856.381162737689,3165.1876250107307,6329.764209018322,1200.2876347664048
1777233289,0,GET,trips_per_route,46.700000,0.000000,0,0,0,0,0,0,0,0,0,0,0,15026,0,3700,3856.381162737689,3165.1876250107307,6329.764209018322,1200.2876347664048
1777233289,0,,Aggregated,46.700000,0.000000,0,0,0,0,0,0,0,0,0,0,0,15026,0,3700,3856.381162737689,3165.1876250107307,6329.764209018322,1200.2876347664048
1777233290,0,GET,trips_per_route,46.700000,0.000000,0,0,0,0,0,0,0,0,0,0,0,15026,0,3700,3856.381162737689,3165.1876250107307,6329.764209018322,1200.2876347664048
1777233290,0,,Aggregated,46.700000,0.000000,0,0,0,0,0,0,0,0,0,0,0,15026,0,3700,3856.381162737689,3165.1876250107307,6329.764209018322,1200.2876347664048
1777233291,0,GET,trips_per_route,46.700000,0.000000,0,0,0,0,0,0,0,0,0,0,0,15026,0,3700,3856.381162737689,3165.1876250107307,6329.764209018322,1200.2876347664048
1777233291,0,,Aggregated,46.700000,0.000000,0,0,0,0,0,0,0,0,0,0,0,15026,0,3700,3856.381162737689,3165.1876250107307,6329.764209018322,1200.2876347664048
1777233292,0,GET,trips_per_route,46.700000,0.000000,0,0,0,0,0,0,0,0,0,0,0,15026,0,3700,3856.381162737689,3165.1876250107307,6329.764209018322,1200.2876347664048
1777233292,0,,Aggregated,46.700000,0.000000,0,0,0,0,0,0,0,0,0,0,0,15026,0,3700,3856.381162737689,3165.1876250107307,6329.764209018322,1200.2876347664048
1777233293,0,GET,trips_per_route,46.700000,0.000000,0,0,0,0,0,0,0,0,0,0,0,15026,0,3700,3856.381162737689,3165.1876250107307,6329.764209018322,1200.2876347664048
1777233293,0,,Aggregated,46.700000,0.000000,0,0,0,0,0,0,0,0,0,0,0,15026,0,3700,3856.381162737689,3165.1876250107307,6329.764209018322,1200.2876347664048
1777233294,0,GET,trips_per_route,46.700000,0.000000,0,0,0,0,0,0,0,0,0,0,0,15026,0,3700,3856.381162737689,3165.1876250107307,6329.764209018322,1200.2876347664048
1777233294,0,,Aggregated,46.700000,0.000000,0,0,0,0,0,0,0,0,0,0,0,15026,0,3700,3856.381162737689,3165.1876250107307,6329.764209018322,1200.2876347664048
1777233295,0,GET,trips_per_route,46.700000,0.000000,0,0,0,0,0,0,0,0,0,0,0,15026,0,3700,3856.381162737689,3165.1876250107307,6329.764209018322,1200.2876347664048
1777233295,0,,Aggregated,46.700000,0.000000,0,0,0,0,0,0,0,0,0,0,0,15026,0,3700,3856.381162737689,3165.1876250107307,6329.764209018322,1200.2876347664048
1777233296,0,GET,trips_per_route,46.700000,0.000000,0,0,0,0,0,0,0,0,0,0,0,15026,0,3700,3856.381162737689,3165.1876250107307,6329.764209018322,1200.2876347664048
1777233296,0,,Aggregated,46.700000,0.000000,0,0,0,0,0,0,0,0,0,0,0,15026,0,3700,3856.381162737689,3165.1876250107307,6329.764209018322,1200.2876347664048
1777233297,0,GET,trips_per_route,46.700000,0.000000,0,0,0,0,0,0,0,0,0,0,0,15026,0,3700,3856.381162737689,3165.1876250107307,6329.764209018322,1200.2876347664048
1777233297,0,,Aggregated,46.700000,0.000000,0,0,0,0,0,0,0,0,0,0,0,15026,0,3700,3856.381162737689,3165.1876250107307,6329.764209018322,1200.2876347664048
1777233298,0,GET,trips_per_route,46.700000,0.000000,0,0,0,0,0,0,0,0,0,0,0,15026,0,3700,3856.381162737689,3165.1876250107307,6329.764209018322,1200.2876347664048
1777233298,0,,Aggregated,46.700000,0.000000,0,0,0,0,0,0,0,0,0,0,0,15026,0,3700,3856.381162737689,3165.1876250107307,6329.764209018322,1200.2876347664048
1777233299,0,GET,trips_per_route,46.700000,0.000000,0,0,0,0,0,0,0,0,0,0,0,15026,0,3700,3856.381162737689,3165.1876250107307,6329.764209018322,1200.2876347664048
1777233299,0,,Aggregated,46.700000,0.000000,0,0,0,0,0,0,0,0,0,0,0,15026,0,3700,3856.381162737689,3165.1876250107307,6329.764209018322,1200.2876347664048
1777233300,0,GET,trips_per_route,46.700000,0.000000,0,0,0,0,0,0,0,0,0,0,0,15026,0,3700,3856.381162737689,3165.1876250107307,6329.764209018322,1200.2876347664048
1777233300,0,,Aggregated,46.700000,0.000000,0,0,0,0,0,0,0,0,0,0,0,15026,0,3700,3856.381162737689,3165.1876250107307,6329.764209018322,1200.2876347664048
1777233301,0,GET,trips_per_route,46.700000,0.000000,0,0,0,0,0,0,0,0,0,0,0,15026,0,3700,3856.381162737689,3165.1876250107307,6329.764209018322,1200.2876347664048
1777233301,0,,Aggregated,46.700000,0.000000,0,0,0,0,0,0,0,0,0,0,0,15026,0,3700,3856.381162737689,3165.1876250107307,6329.764209018322,1200.2876347664048
1777233302,0,GET,trips_per_route,46.700000,0.000000,0,0,0,0,0,0,0,0,0,0,0,15026,0,3700,3856.381162737689,3165.1876250107307,6329.764209018322,1200.2876347664048
1777233302,0,,Aggregated,46.700000,0.000000,0,0,0,0,0,0,0,0,0,0,0,15026,0,3700,3856.381162737689,3165.1876250107307,6329.764209018322,1200.2876347664048
1777233303,0,GET,trips_per_route,46.700000,0.000000,0,0,0,0,0,0,0,0,0,0,0,15026,0,3700,3856.381162737689,3165.1876250107307,6329.764209018322,1200.2876347664048
1777233303,0,,Aggregated,46.700000,0.000000,0,0,0,0,0,0,0,0,0,0,0,15026,0,3700,3856.381162737689,3165.1876250107307,6329.764209018322,1200.2876347664048
1777233304,0,GET,trips_per_route,46.700000,0.000000,0,0,0,0,0,0,0,0,0,0,0,15026,0,3700,3856.381162737689,3165.1876250107307,6329.764209018322,1200.2876347664048
1777233304,0,,Aggregated,46.700000,0.000000,0,0,0,0,0,0,0,0,0,0,0,15026,0,3700,3856.381162737689,3165.1876250107307,6329.764209018322,1200.2876347664048
1777233305,0,GET,trips_per_route,46.700000,0.000000,0,0,0,0,0,0,0,0,0,0,0,15026,0,3700,3856.381162737689,3165.1876250107307,6329.764209018322,1200.2876347664048
1777233305,0,,Aggregated,46.700000,0.000000,0,0,0,0,0,0,0,0,0,0,0,15026,0,3700,3856.381162737689,3165.1876250107307,6329.764209018322,1200.2876347664048
1777233306,0,GET,trips_per_route,46.700000,0.000000,0,0,0,0,0,0,0,0,0,0,0,15026,0,3700,3856.381162737689,3165.1876250107307,6329.764209018322,1200.2876347664048
1777233306,0,,Aggregated,46.700000,0.000000,0,0,0,0,0,0,0,0,0,0,0,15026,0,3700,3856.381162737689,3165.1876250107307,6329.764209018322,1200.2876347664048
1777233307,0,GET,trips_per_route,46.700000,0.000000,0,0,0,0,0,0,0,0,0,0,0,15026,0,3700,3856.381162737689,3165.1876250107307,6329.764209018322,1200.2876347664048
1777233307,0,,Aggregated,46.700000,0.000000,0,0,0,0,0,0,0,0,0,0,0,15026,0,3700,3856.381162737689,3165.1876250107307,6329.764209018322,1200.2876347664048
1777233308,0,GET,trips_per_route,46.700000,0.000000,0,0,0,0,0,0,0,0,0,0,0,15026,0,3700,3856.381162737689,3165.1876250107307,6329.764209018322,1200.2876347664048
1777233308,0,,Aggregated,46.700000,0.000000,0,0,0,0,0,0,0,0,0,0,0,15026,0,3700,3856.381162737689,3165.1876250107307,6329.764209018322,1200.2876347664048
1777233309,0,GET,trips_per_route,46.700000,0.000000,0,0,0,0,0,0,0,0,0,0,0,15026,0,3700,3856.381162737689,3165.1876250107307,6329.764209018322,1200.2876347664048
1777233309,0,,Aggregated,46.700000,0.000000,0,0,0,0,0,0,0,0,0,0,0,15026,0,3700,3856.381162737689,3165.1876250107307,6329.764209018322,1200.2876347664048
1777233310,0,GET,trips_per_route,46.700000,0.000000,0,0,0,0,0,0,0,0,0,0,0,15026,0,3700,3856.381162737689,3165.1876250107307,6329.764209018322,1200.2876347664048
1777233310,0,,Aggregated,46.700000,0.000000,0,0,0,0,0,0,0,0,0,0,0,15026,0,3700,3856.381162737689,3165.1876250107307,6329.764209018322,1200.2876347664048
1777233311,0,GET,trips_per_route,46.700000,0.000000,0,0,0,0,0,0,0,0,0,0,0,15026,0,3700,3856.381162737689,3165.1876250107307,6329.764209018322,1200.2876347664048
1777233311,0,,Aggregated,46.700000,0.000000,0,0,0,0,0,0,0,0,0,0,0,15026,0,3700,3856.381162737689,3165.1876250107307,6329.764209018322,1200.2876347664048
1777233312,0,GET,trips_per_route,46.700000,0.000000,0,0,0,0,0,0,0,0,0,0,0,15026,0,3700,3856.381162737689,3165.1876250107307,6329.764209018322,1200.2876347664048
1777233312,0,,Aggregated,46.700000,0.000000,0,0,0,0,0,0,0,0,0,0,0,15026,0,3700,3856.381162737689,3165.1876250107307,6329.764209018322,1200.2876347664048
1777233313,0,GET,trips_per_route,46.700000,0.000000,0,0,0,0,0,0,0,0,0,0,0,15026,0,3700,3856.381162737689,3165.1876250107307,6329.764209018322,1200.2876347664048
1777233313,0,,Aggregated,46.700000,0.000000,0,0,0,0,0,0,0,0,0,0,0,15026,0,3700,3856.381162737689,3165.1876250107307,6329.764209018322,1200.2876347664048
1777233314,0,GET,trips_per_route,46.700000,0.000000,0,0,0,0,0,0,0,0,0,0,0,15026,0,3700,3856.381162737689,3165.1876250107307,6329.764209018322,1200.2876347664048
1777233314,0,,Aggregated,46.700000,0.000000,0,0,0,0,0,0,0,0,0,0,0,15026,0,3700,3856.381162737689,3165.1876250107307,6329.764209018322,1200.2876347664048
1777233315,0,GET,trips_per_route,46.700000,0.000000,0,0,0,0,0,0,0,0,0,0,0,15026,0,3700,3856.381162737689,3165.1876250107307,6329.764209018322,1200.2876347664048
1777233315,0,,Aggregated,46.700000,0.000000,0,0,0,0,0,0,0,0,0,0,0,15026,0,3700,3856.381162737689,3165.1876250107307,6329.764209018322,1200.2876347664048
1777233316,0,GET,trips_per_route,46.700000,0.000000,0,0,0,0,0,0,0,0,0,0,0,15026,0,3700,3856.381162737689,3165.1876250107307,6329.764209018322,1200.2876347664048
1777233316,0,,Aggregated,46.700000,0.000000,0,0,0,0,0,0,0,0,0,0,0,15026,0,3700,3856.381162737689,3165.1876250107307,6329.764209018322,1200.2876347664048
1777233317,0,GET,trips_per_route,46.700000,0.000000,0,0,0,0,0,0,0,0,0,0,0,15026,0,3700,3856.381162737689,3165.1876250107307,6329.764209018322,1200.2876347664048
1777233317,0,,Aggregated,46.700000,0.000000,0,0,0,0,0,0,0,0,0,0,0,15026,0,3700,3856.381162737689,3165.1876250107307,6329.764209018322,1200.2876347664048
1777233318,0,GET,trips_per_route,46.700000,0.000000,0,0,0,0,0,0,0,0,0,0,0,15026,0,3700,3856.381162737689,3165.1876250107307,6329.764209018322,1200.2876347664048
1777233318,0,,Aggregated,46.700000,0.000000,0,0,0,0,0,0,0,0,0,0,0,15026,0,3700,3856.381162737689,3165.1876250107307,6329.764209018322,1200.2876347664048
1777233319,0,GET,trips_per_route,46.700000,0.000000,0,0,0,0,0,0,0,0,0,0,0,15026,0,3700,3856.381162737689,3165.1876250107307,6329.764209018322,1200.2876347664048
1777233319,0,,Aggregated,46.700000,0.000000,0,0,0,0,0,0,0,0,0,0,0,15026,0,3700,3856.381162737689,3165.1876250107307,6329.764209018322,1200.2876347664048
1777233320,0,GET,trips_per_route,46.700000,0.000000,0,0,0,0,0,0,0,0,0,0,0,15026,0,3700,3856.381162737689,3165.1876250107307,6329.764209018322,1200.2876347664048
1777233320,0,,Aggregated,46.700000,0.000000,0,0,0,0,0,0,0,0,0,0,0,15026,0,3700,3856.381162737689,3165.1876250107307,6329.764209018322,1200.2876347664048
1777233321,0,GET,trips_per_route,46.700000,0.000000,0,0,0,0,0,0,0,0,0,0,0,15026,0,3700,3856.381162737689,3165.1876250107307,6329.764209018322,1200.2876347664048
1777233321,0,,Aggregated,46.700000,0.000000,0,0,0,0,0,0,0,0,0,0,0,15026,0,3700,3856.381162737689,3165.1876250107307,6329.764209018322,1200.2876347664048
1777233322,0,GET,trips_per_route,46.700000,0.000000,0,0,0,0,0,0,0,0,0,0,0,15026,0,3700,3856.381162737689,3165.1876250107307,6329.764209018322,1200.2876347664048
1777233322,0,,Aggregated,46.700000,0.000000,0,0,0,0,0,0,0,0,0,0,0,15026,0,3700,3856.381162737689,3165.1876250107307,6329.764209018322,1200.2876347664048
1777233323,0,GET,trips_per_route,46.700000,0.000000,0,0,0,0,0,0,0,0,0,0,0,15026,0,3700,3856.381162737689,3165.1876250107307,6329.764209018322,1200.2876347664048
1777233323,0,,Aggregated,46.700000,0.000000,0,0,0,0,0,0,0,0,0,0,0,15026,0,3700,3856.381162737689,3165.1876250107307,6329.764209018322,1200.2876347664048
1777233324,0,GET,trips_per_route,46.700000,0.000000,0,0,0,0,0,0,0,0,0,0,0,15026,0,3700,3856.381162737689,3165.1876250107307,6329.764209018322,1200.2876347664048
1777233324,0,,Aggregated,46.700000,0.000000,0,0,0,0,0,0,0,0,0,0,0,15026,0,3700,3856.381162737689,3165.1876250107307,6329.764209018322,1200.2876347664048
1777233325,0,GET,trips_per_route,46.700000,0.000000,0,0,0,0,0,0,0,0,0,0,0,15026,0,3700,3856.381162737689,3165.1876250107307,6329.764209018322,1200.2876347664048
1777233325,0,,Aggregated,46.700000,0.000000,0,0,0,0,0,0,0,0,0,0,0,15026,0,3700,3856.381162737689,3165.1876250107307,6329.764209018322,1200.2876347664048
1777233326,0,GET,trips_per_route,46.700000,0.000000,0,0,0,0,0,0,0,0,0,0,0,15026,0,3700,3856.381162737689,3165.1876250107307,6329.764209018322,1200.2876347664048
1777233326,0,,Aggregated,46.700000,0.000000,0,0,0,0,0,0,0,0,0,0,0,15026,0,3700,3856.381162737689,3165.1876250107307,6329.764209018322,1200.2876347664048
1777233327,0,GET,trips_per_route,46.700000,0.000000,0,0,0,0,0,0,0,0,0,0,0,15026,0,3700,3856.381162737689,3165.1876250107307,6329.764209018322,1200.2876347664048
1777233327,0,,Aggregated,46.700000,0.000000,0,0,0,0,0,0,0,0,0,0,0,15026,0,3700,3856.381162737689,3165.1876250107307,6329.764209018322,1200.2876347664048
1777233328,0,GET,trips_per_route,46.700000,0.000000,0,0,0,0,0,0,0,0,0,0,0,15026,0,3700,3856.381162737689,3165.1876250107307,6329.764209018322,1200.2876347664048
1777233328,0,,Aggregated,46.700000,0.000000,0,0,0,0,0,0,0,0,0,0,0,15026,0,3700,3856.381162737689,3165.1876250107307,6329.764209018322,1200.2876347664048
1777233329,0,GET,trips_per_route,46.700000,0.000000,0,0,0,0,0,0,0,0,0,0,0,15026,0,3700,3856.381162737689,3165.1876250107307,6329.764209018322,1200.2876347664048
1777233329,0,,Aggregated,46.700000,0.000000,0,0,0,0,0,0,0,0,0,0,0,15026,0,3700,3856.381162737689,3165.1876250107307,6329.764209018322,1200.2876347664048
1777233330,0,GET,trips_per_route,46.700000,0.000000,0,0,0,0,0,0,0,0,0,0,0,15026,0,3700,3856.381162737689,3165.1876250107307,6329.764209018322,1200.2876347664048
1777233330,0,,Aggregated,46.700000,0.000000,0,0,0,0,0,0,0,0,0,0,0,15026,0,3700,3856.381162737689,3165.1876250107307,6329.764209018322,1200.2876347664048
1777233331,0,GET,trips_per_route,46.700000,0.000000,0,0,0,0,0,0,0,0,0,0,0,15026,0,3700,3856.381162737689,3165.1876250107307,6329.764209018322,1200.2876347664048
1777233331,0,,Aggregated,46.700000,0.000000,0,0,0,0,0,0,0,0,0,0,0,15026,0,3700,3856.381162737689,3165.1876250107307,6329.764209018322,1200.2876347664048
1777233332,0,GET,trips_per_route,46.700000,0.000000,0,0,0,0,0,0,0,0,0,0,0,15026,0,3700,3856.381162737689,3165.1876250107307,6329.764209018322,1200.2876347664048
1777233332,0,,Aggregated,46.700000,0.000000,0,0,0,0,0,0,0,0,0,0,0,15026,0,3700,3856.381162737689,3165.1876250107307,6329.764209018322,1200.2876347664048
1777233333,0,GET,trips_per_route,46.700000,0.000000,0,0,0,0,0,0,0,0,0,0,0,15026,0,3700,3856.381162737689,3165.1876250107307,6329.764209018322,1200.2876347664048
1777233333,0,,Aggregated,46.700000,0.000000,0,0,0,0,0,0,0,0,0,0,0,15026,0,3700,3856.381162737689,3165.1876250107307,6329.764209018322,1200.2876347664048
1777233334,0,GET,trips_per_route,46.700000,0.000000,0,0,0,0,0,0,0,0,0,0,0,15026,0,3700,3856.381162737689,3165.1876250107307,6329.764209018322,1200.2876347664048
1777233334,0,,Aggregated,46.700000,0.000000,0,0,0,0,0,0,0,0,0,0,0,15026,0,3700,3856.381162737689,3165.1876250107307,6329.764209018322,1200.2876347664048
1777233335,0,GET,trips_per_route,46.700000,0.000000,0,0,0,0,0,0,0,0,0,0,0,15026,0,3700,3856.381162737689,3165.1876250107307,6329.764209018322,1200.2876347664048
1777233335,0,,Aggregated,46.700000,0.000000,0,0,0,0,0,0,0,0,0,0,0,15026,0,3700,3856.381162737689,3165.1876250107307,6329.764209018322,1200.2876347664048
1777233336,0,GET,trips_per_route,46.700000,0.000000,0,0,0,0,0,0,0,0,0,0,0,15026,0,3700,3856.381162737689,3165.1876250107307,6329.764209018322,1200.2876347664048
1777233336,0,,Aggregated,46.700000,0.000000,0,0,0,0,0,0,0,0,0,0,0,15026,0,3700,3856.381162737689,3165.1876250107307,6329.764209018322,1200.2876347664048
1777233337,0,GET,trips_per_route,46.700000,0.000000,0,0,0,0,0,0,0,0,0,0,0,15026,0,3700,3856.381162737689,3165.1876250107307,6329.764209018322,1200.2876347664048
1777233337,0,,Aggregated,46.700000,0.000000,0,0,0,0,0,0,0,0,0,0,0,15026,0,3700,3856.381162737689,3165.1876250107307,6329.764209018322,1200.2876347664048
1777233338,0,GET,trips_per_route,46.700000,0.000000,0,0,0,0,0,0,0,0,0,0,0,15026,0,3700,3856.381162737689,3165.1876250107307,6329.764209018322,1200.2876347664048
1777233338,0,,Aggregated,46.700000,0.000000,0,0,0,0,0,0,0,0,0,0,0,15026,0,3700,3856.381162737689,3165.1876250107307,6329.764209018322,1200.2876347664048
1777233339,0,GET,trips_per_route,46.700000,0.000000,0,0,0,0,0,0,0,0,0,0,0,15026,0,3700,3856.381162737689,3165.1876250107307,6329.764209018322,1200.2876347664048
1777233339,0,,Aggregated,46.700000,0.000000,0,0,0,0,0,0,0,0,0,0,0,15026,0,3700,3856.381162737689,3165.1876250107307,6329.764209018322,1200.2876347664048
1777233340,0,GET,trips_per_route,46.700000,0.000000,0,0,0,0,0,0,0,0,0,0,0,15026,0,3700,3856.381162737689,3165.1876250107307,6329.764209018322,1200.2876347664048
1777233340,0,,Aggregated,46.700000,0.000000,0,0,0,0,0,0,0,0,0,0,0,15026,0,3700,3856.381162737689,3165.1876250107307,6329.764209018322,1200.2876347664048
1777233341,0,GET,trips_per_route,46.700000,0.000000,0,0,0,0,0,0,0,0,0,0,0,15026,0,3700,3856.381162737689,3165.1876250107307,6329.764209018322,1200.2876347664048
1777233341,0,,Aggregated,46.700000,0.000000,0,0,0,0,0,0,0,0,0,0,0,15026,0,3700,3856.381162737689,3165.1876250107307,6329.764209018322,1200.2876347664048
1777233342,0,GET,trips_per_route,46.700000,0.000000,0,0,0,0,0,0,0,0,0,0,0,15026,0,3700,3856.381162737689,3165.1876250107307,6329.764209018322,1200.2876347664048
1777233342,0,,Aggregated,46.700000,0.000000,0,0,0,0,0,0,0,0,0,0,0,15026,0,3700,3856.381162737689,3165.1876250107307,6329.764209018322,1200.2876347664048
1777233343,0,GET,trips_per_route,46.700000,0.000000,0,0,0,0,0,0,0,0,0,0,0,15026,0,3700,3856.381162737689,3165.1876250107307,6329.764209018322,1200.2876347664048
1777233343,0,,Aggregated,46.700000,0.000000,0,0,0,0,0,0,0,0,0,0,0,15026,0,3700,3856.381162737689,3165.1876250107307,6329.764209018322,1200.2876347664048
1777233344,0,GET,trips_per_route,46.700000,0.000000,0,0,0,0,0,0,0,0,0,0,0,15026,0,3700,3856.381162737689,3165.1876250107307,6329.764209018322,1200.2876347664048
1777233344,0,,Aggregated,46.700000,0.000000,0,0,0,0,0,0,0,0,0,0,0,15026,0,3700,3856.381162737689,3165.1876250107307,6329.764209018322,1200.2876347664048
1777233345,0,GET,trips_per_route,46.700000,0.000000,0,0,0,0,0,0,0,0,0,0,0,15026,0,3700,3856.381162737689,3165.1876250107307,6329.764209018322,1200.2876347664048
1777233345,0,,Aggregated,46.700000,0.000000,0,0,0,0,0,0,0,0,0,0,0,15026,0,3700,3856.381162737689,3165.1876250107307,6329.764209018322,1200.2876347664048
1777233346,0,GET,trips_per_route,46.700000,0.000000,0,0,0,0,0,0,0,0,0,0,0,15026,0,3700,3856.381162737689,3165.1876250107307,6329.764209018322,1200.2876347664048
1777233346,0,,Aggregated,46.700000,0.000000,0,0,0,0,0,0,0,0,0,0,0,15026,0,3700,3856.381162737689,3165.1876250107307,6329.764209018322,1200.2876347664048
1777233347,0,GET,trips_per_route,46.700000,0.000000,0,0,0,0,0,0,0,0,0,0,0,15026,0,3700,3856.381162737689,3165.1876250107307,6329.764209018322,1200.2876347664048
1777233347,0,,Aggregated,46.700000,0.000000,0,0,0,0,0,0,0,0,0,0,0,15026,0,3700,3856.381162737689,3165.1876250107307,6329.764209018322,1200.2876347664048
1777233348,0,GET,trips_per_route,46.700000,0.000000,0,0,0,0,0,0,0,0,0,0,0,15026,0,3700,3856.381162737689,3165.1876250107307,6329.764209018322,1200.2876347664048
1777233348,0,,Aggregated,46.700000,0.000000,0,0,0,0,0,0,0,0,0,0,0,15026,0,3700,3856.381162737689,3165.1876250107307,6329.764209018322,1200.2876347664048
1777233349,0,GET,trips_per_route,46.700000,0.000000,0,0,0,0,0,0,0,0,0,0,0,15026,0,3700,3856.381162737689,3165.1876250107307,6329.764209018322,1200.2876347664048
1777233349,0,,Aggregated,46.700000,0.000000,0,0,0,0,0,0,0,0,0,0,0,15026,0,3700,3856.381162737689,3165.1876250107307,6329.764209018322,1200.2876347664048
1777233350,0,GET,trips_per_route,46.700000,0.000000,0,0,0,0,0,0,0,0,0,0,0,15026,0,3700,3856.381162737689,3165.1876250107307,6329.764209018322,1200.2876347664048
1777233350,0,,Aggregated,46.700000,0.000000,0,0,0,0,0,0,0,0,0,0,0,15026,0,3700,3856.381162737689,3165.1876250107307,6329.764209018322,1200.2876347664048
1777233351,0,GET,trips_per_route,46.700000,0.000000,0,0,0,0,0,0,0,0,0,0,0,15026,0,3700,3856.381162737689,3165.1876250107307,6329.764209018322,1200.2876347664048
1777233351,0,,Aggregated,46.700000,0.000000,0,0,0,0,0,0,0,0,0,0,0,15026,0,3700,3856.381162737689,3165.1876250107307,6329.764209018322,1200.2876347664048
1777233352,0,GET,trips_per_route,46.700000,0.000000,0,0,0,0,0,0,0,0,0,0,0,15026,0,3700,3856.381162737689,3165.1876250107307,6329.764209018322,1200.2876347664048
1777233352,0,,Aggregated,46.700000,0.000000,0,0,0,0,0,0,0,0,0,0,0,15026,0,3700,3856.381162737689,3165.1876250107307,6329.764209018322,1200.2876347664048
1777233353,0,GET,trips_per_route,46.700000,0.000000,0,0,0,0,0,0,0,0,0,0,0,15026,0,3700,3856.381162737689,3165.1876250107307,6329.764209018322,1200.2876347664048
1777233353,0,,Aggregated,46.700000,0.000000,0,0,0,0,0,0,0,0,0,0,0,15026,0,3700,3856.381162737689,3165.1876250107307,6329.764209018322,1200.2876347664048
1777233354,0,GET,trips_per_route,46.700000,0.000000,0,0,0,0,0,0,0,0,0,0,0,15026,0,3700,3856.381162737689,3165.1876250107307,6329.764209018322,1200.2876347664048
1777233354,0,,Aggregated,46.700000,0.000000,0,0,0,0,0,0,0,0,0,0,0,15026,0,3700,3856.381162737689,3165.1876250107307,6329.764209018322,1200.2876347664048
1777233355,0,GET,trips_per_route,46.700000,0.000000,0,0,0,0,0,0,0,0,0,0,0,15026,0,3700,3856.381162737689,3165.1876250107307,6329.764209018322,1200.2876347664048
1777233355,0,,Aggregated,46.700000,0.000000,0,0,0,0,0,0,0,0,0,0,0,15026,0,3700,3856.381162737689,3165.1876250107307,6329.764209018322,1200.2876347664048
1777233356,0,GET,trips_per_route,46.700000,0.000000,0,0,0,0,0,0,0,0,0,0,0,15026,0,3700,3856.381162737689,3165.1876250107307,6329.764209018322,1200.2876347664048
1777233356,0,,Aggregated,46.700000,0.000000,0,0,0,0,0,0,0,0,0,0,0,15026,0,3700,3856.381162737689,3165.1876250107307,6329.764209018322,1200.2876347664048
1777233357,0,GET,trips_per_route,46.700000,0.000000,0,0,0,0,0,0,0,0,0,0,0,15026,0,3700,3856.381162737689,3165.1876250107307,6329.764209018322,1200.2876347664048
1777233357,0,,Aggregated,46.700000,0.000000,0,0,0,0,0,0,0,0,0,0,0,15026,0,3700,3856.381162737689,3165.1876250107307,6329.764209018322,1200.2876347664048
1777233358,0,GET,trips_per_route,46.700000,0.000000,0,0,0,0,0,0,0,0,0,0,0,15026,0,3700,3856.381162737689,3165.1876250107307,6329.764209018322,1200.2876347664048
1777233358,0,,Aggregated,46.700000,0.000000,0,0,0,0,0,0,0,0,0,0,0,15026,0,3700,3856.381162737689,3165.1876250107307,6329.764209018322,1200.2876347664048
1777233359,0,GET,trips_per_route,46.700000,0.000000,0,0,0,0,0,0,0,0,0,0,0,15026,0,3700,3856.381162737689,3165.1876250107307,6329.764209018322,1200.2876347664048
1777233359,0,,Aggregated,46.700000,0.000000,0,0,0,0,0,0,0,0,0,0,0,15026,0,3700,3856.381162737689,3165.1876250107307,6329.764209018322,1200.2876347664048
1777233360,0,GET,trips_per_route,46.700000,0.000000,0,0,0,0,0,0,0,0,0,0,0,15026,0,3700,3856.381162737689,3165.1876250107307,6329.764209018322,1200.2876347664048
1777233360,0,,Aggregated,46.700000,0.000000,0,0,0,0,0,0,0,0,0,0,0,15026,0,3700,3856.381162737689,3165.1876250107307,6329.764209018322,1200.2876347664048
1777233361,10,GET,trips_per_route,46.700000,0.000000,0,0,0,0,0,0,0,0,0,0,0,15026,0,3700,3856.381162737689,3165.1876250107307,6329.764209018322,1200.2876347664048
1777233361,10,,Aggregated,46.700000,0.000000,0,0,0,0,0,0,0,0,0,0,0,15026,0,3700,3856.381162737689,3165.1876250107307,6329.764209018322,1200.2876347664048
1777233362,20,GET,trips_per_route,46.700000,0.000000,0,0,0,0,0,0,0,0,0,0,0,15026,0,3700,3856.381162737689,3165.1876250107307,6329.764209018322,1200.2876347664048
1777233362,20,,Aggregated,46.700000,0.000000,0,0,0,0,0,0,0,0,0,0,0,15026,0,3700,3856.381162737689,3165.1876250107307,6329.764209018322,1200.2876347664048
1777233363,30,GET,trips_per_route,46.700000,0.000000,0,0,0,0,0,0,0,0,0,0,0,15026,0,3700,3856.381162737689,3165.1876250107307,6329.764209018322,1200.2876347664048
1777233363,30,,Aggregated,46.700000,0.000000,0,0,0,0,0,0,0,0,0,0,0,15026,0,3700,3856.381162737689,3165.1876250107307,6329.764209018322,1200.2876347664048
1777233364,40,GET,trips_per_route,46.700000,0.000000,0,0,0,0,0,0,0,0,0,0,0,15026,0,3700,3856.381162737689,3165.1876250107307,6329.764209018322,1200.2876347664048
1777233364,40,,Aggregated,46.700000,0.000000,0,0,0,0,0,0,0,0,0,0,0,15026,0,3700,3856.381162737689,3165.1876250107307,6329.764209018322,1200.2876347664048
1777233365,50,GET,trips_per_route,0.000000,0.000000,4200,4300,4300,4300,4900,4900,4900,4900,4900,4900,4900,15036,0,3700,3856.651046399941,3165.1876250107307,6329.764209018322,1200.2875099760574
1777233365,50,,Aggregated,0.000000,0.000000,4200,4300,4300,4300,4900,4900,4900,4900,4900,4900,4900,15036,0,3700,3856.651046399941,3165.1876250107307,6329.764209018322,1200.2875099760574
1777233366,60,GET,trips_per_route,0.000000,0.000000,4200,4300,4300,4400,4600,4900,4900,4900,4900,4900,4900,15046,0,3700,3856.931520470788,3165.1876250107307,6329.764209018322,1200.287518277283
1777233366,60,,Aggregated,0.000000,0.000000,4200,4300,4300,4400,4600,4900,4900,4900,4900,4900,4900,15046,0,3700,3856.931520470788,3165.1876250107307,6329.764209018322,1200.287518277283
1777233367,70,GET,trips_per_route,0.600000,0.000000,4200,4300,4300,4300,4600,4800,4900,4900,4900,4900,4900,15057,0,3700,3857.2216300475134,3165.1876250107307,6329.764209018322,1200.2873082287308
1777233367,70,,Aggregated,0.600000,0.000000,4200,4300,4300,4300,4600,4800,4900,4900,4900,4900,4900,15057,0,3700,3857.2216300475134,3165.1876250107307,6329.764209018322,1200.2873082287308
1777233368,80,GET,trips_per_route,1.400000,0.000000,4200,4300,4300,4600,4700,4800,4900,4900,4900,4900,4900,15066,0,3700,3857.5365534538278,3165.1876250107307,6329.764209018322,1200.2873357228195
1777233368,80,,Aggregated,1.400000,0.000000,4200,4300,4300,4600,4700,4800,4900,4900,4900,4900,4900,15066,0,3700,3857.5365534538278,3165.1876250107307,6329.764209018322,1200.2873357228195
1777233369,90,GET,trips_per_route,2.400000,0.000000,4200,4300,4600,4600,4700,4800,4800,4900,4900,4900,4900,15087,0,3700,3858.038585252819,3165.1876250107307,6329.764209018322,1200.2873334658977
1777233369,90,,Aggregated,2.400000,0.000000,4200,4300,4600,4600,4700,4800,4800,4900,4900,4900,4900,15087,0,3700,3858.038585252819,3165.1876250107307,6329.764209018322,1200.2873334658977
1777233370,100,GET,trips_per_route,3.400000,0.000000,4200,4300,4300,4600,4700,4800,4800,4900,4900,4900,4900,15105,0,3700,3858.229016148184,3165.1876250107307,6329.764209018322,1200.2875868917577
1777233370,100,,Aggregated,3.400000,0.000000,4200,4300,4300,4600,4700,4800,4800,4900,4900,4900,4900,15105,0,3700,3858.229016148184,3165.1876250107307,6329.764209018322,1200.2875868917577
1777233371,110,GET,trips_per_route,4.200000,0.000000,4200,4300,4300,4600,4700,4800,4800,4900,4900,4900,4900,15124,0,3700,3858.6564156224727,3165.1876250107307,6329.764209018322,1200.2874900819888
1777233371,110,,Aggregated,4.200000,0.000000,4200,4300,4300,4600,4700,4800,4800,4900,4900,4900,4900,15124,0,3700,3858.6564156224727,3165.1876250107307,6329.764209018322,1200.2874900819888
1777233372,120,GET,trips_per_route,6.700000,0.000000,4200,4300,4400,4600,4700,4800,4800,4800,4900,4900,4900,15146,0,3700,3859.227471865586,3165.1876250107307,6329.764209018322,1200.2874026145516
1777233372,120,,Aggregated,6.700000,0.000000,4200,4300,4400,4600,4700,4800,4800,4800,4900,4900,4900,15146,0,3700,3859.227471865586,3165.1876250107307,6329.764209018322,1200.2874026145516
1777233373,130,GET,trips_per_route,8.100000,0.000000,4200,4200,4300,4500,4700,4800,4800,4800,4900,4900,4900,15165,0,3700,3859.335237485078,3165.1876250107307,6329.764209018322,1200.2870425321464
1777233373,130,,Aggregated,8.100000,0.000000,4200,4200,4300,4500,4700,4800,4800,4800,4900,4900,4900,15165,0,3700,3859.335237485078,3165.1876250107307,6329.764209018322,1200.2870425321464
1777233374,140,GET,trips_per_route,10.000000,0.000000,4200,4300,4400,4600,4800,4900,6000,6000,6000,6000,6000,15193,0,3700,3860.8659907991914,3165.1876250107307,6329.764209018322,1200.2863160666095
1777233374,140,,Aggregated,10.000000,0.000000,4200,4300,4400,4600,4800,4900,6000,6000,6000,6000,6000,15193,0,3700,3860.8659907991914,3165.1876250107307,6329.764209018322,1200.2863160666095
1777233375,150,GET,trips_per_route,12.000000,0.000000,4200,4300,4400,4600,4800,5700,6000,6000,6000,6000,6000,15216,0,3700,3861.4092370448957,3165.1876250107307,6329.764209018322,1200.2865404837014
1777233375,150,,Aggregated,12.000000,0.000000,4200,4300,4400,4600,4800,5700,6000,6000,6000,6000,6000,15216,0,3700,3861.4092370448957,3165.1876250107307,6329.764209018322,1200.2865404837014
1777233376,160,GET,trips_per_route,14.100000,0.000000,4200,4300,4500,4700,5500,5800,6000,6000,6000,6000,6000,15246,0,3700,3862.8958426721924,3165.1876250107307,6329.764209018322,1200.2855175127902
1777233376,160,,Aggregated,14.100000,0.000000,4200,4300,4500,4700,5500,5800,6000,6000,6000,6000,6000,15246,0,3700,3862.8958426721924,3165.1876250107307,6329.764209018322,1200.2855175127902
1777233377,170,GET,trips_per_route,16.500000,0.000000,4200,4300,4600,4700,5800,5800,6000,6000,6000,6000,6000,15281,0,3700,3864.6539800627793,3165.1876250107307,6329.764209018322,1200.2847981153066
1777233377,170,,Aggregated,16.500000,0.000000,4200,4300,4600,4700,5800,5800,6000,6000,6000,6000,6000,15281,0,3700,3864.6539800627793,3165.1876250107307,6329.764209018322,1200.2847981153066
1777233378,180,GET,trips_per_route,17.900000,0.000000,4100,4300,4600,4700,5800,5900,6000,6000,6000,6000,6000,15321,0,3700,3865.4981846243872,3165.1876250107307,6329.764209018322,1200.2849030742118
1777233378,180,,Aggregated,17.900000,0.000000,4100,4300,4600,4700,5800,5900,6000,6000,6000,6000,6000,15321,0,3700,3865.4981846243872,3165.1876250107307,6329.764209018322,1200.2849030742118
1777233379,190,GET,trips_per_route,19.900000,0.000000,4000,4300,4600,4900,5800,5900,6000,6000,6100,6100,6100,15348,0,3700,3866.325666455059,3165.1876250107307,6329.764209018322,1200.2842715663278
1777233379,190,,Aggregated,19.900000,0.000000,4000,4300,4600,4900,5800,5900,6000,6000,6100,6100,6100,15348,0,3700,3866.325666455059,3165.1876250107307,6329.764209018322,1200.2842715663278
1777233380,200,GET,trips_per_route,22.600000,0.000000,4000,4300,4600,5000,5800,5900,6000,6000,6100,6100,6100,15382,0,3700,3866.9838490988427,3165.1876250107307,6329.764209018322,1200.2837082303993
1777233380,200,,Aggregated,22.600000,0.000000,4000,4300,4600,5000,5800,5900,6000,6000,6100,6100,6100,15382,0,3700,3866.9838490988427,3165.1876250107307,6329.764209018322,1200.2837082303993
1777233381,200,GET,trips_per_route,25.800000,0.000000,3900,4300,4700,5500,5800,5900,6000,6000,6100,6100,6100,15429,0,3700,3868.523081154096,3165.1876250107307,6329.764209018322,1200.281677360814
1777233381,200,,Aggregated,25.800000,0.000000,3900,4300,4700,5500,5800,5900,6000,6000,6100,6100,6100,15429,0,3700,3868.523081154096,3165.1876250107307,6329.764209018322,1200.281677360814
1777233382,200,GET,trips_per_route,26.100000,0.000000,3900,4300,4500,5500,5800,5900,6000,6000,6100,6100,6100,15484,0,3700,3869.5995950443316,3165.1876250107307,6329.764209018322,1200.2808705760785
1777233382,200,,Aggregated,26.100000,0.000000,3900,4300,4500,5500,5800,5900,6000,6000,6100,6100,6100,15484,0,3700,3869.5995950443316,3165.1876250107307,6329.764209018322,1200.2808705760785
1777233383,200,GET,trips_per_route,28.200000,0.000000,3900,4300,4700,5500,5800,5900,6000,6000,6100,6100,6100,15518,0,3700,3870.331366158102,3120.4272089817096,6329.764209018322,1200.2807062765821
1777233383,200,,Aggregated,28.200000,0.000000,3900,4300,4700,5500,5800,5900,6000,6000,6100,6100,6100,15518,0,3700,3870.331366158102,3120.4272089817096,6329.764209018322,1200.2807062765821
1777233384,200,GET,trips_per_route,31.000000,0.000000,3900,4200,4400,5300,5700,5900,6000,6000,6100,6100,6100,15559,0,3700,3871.0286179138393,3120.4272089817096,6329.764209018322,1200.2806092936564
1777233384,200,,Aggregated,31.000000,0.000000,3900,4200,4400,5300,5700,5900,6000,6000,6100,6100,6100,15559,0,3700,3871.0286179138393,3120.4272089817096,6329.764209018322,1200.2806092936564
1777233385,200,GET,trips_per_route,34.200000,0.000000,3900,4300,4500,5500,5700,5800,6000,6000,6100,6100,6100,15610,0,3700,3872.700459582527,3120.4272089817096,6329.764209018322,1200.2791159513133
1777233385,200,,Aggregated,34.200000,0.000000,3900,4300,4500,5500,5700,5800,6000,6000,6100,6100,6100,15610,0,3700,3872.700459582527,3120.4272089817096,6329.764209018322,1200.2791159513133
1777233386,200,GET,trips_per_route,35.600000,0.000000,3800,4200,4300,4900,5700,5800,5900,6000,6100,6100,6100,15673,0,3700,3872.733227232706,3044.0509579784703,6329.764209018322,1200.2795252982837
1777233386,200,,Aggregated,35.600000,0.000000,3800,4200,4300,4900,5700,5800,5900,6000,6100,6100,6100,15673,0,3700,3872.733227232706,3044.0509579784703,6329.764209018322,1200.2795252982837
1777233387,200,GET,trips_per_route,37.200000,0.000000,3800,4100,4300,4400,5600,5800,5900,6000,6100,6100,6100,15709,0,3700,3872.734333871743,3044.0509579784703,6329.764209018322,1200.2795849513018
1777233387,200,,Aggregated,37.200000,0.000000,3800,4100,4300,4400,5600,5800,5900,6000,6100,6100,6100,15709,0,3700,3872.734333871743,3044.0509579784703,6329.764209018322,1200.2795849513018
1777233388,200,GET,trips_per_route,39.500000,0.000000,3800,4100,4200,4300,5600,5700,5900,5900,6100,6100,6100,15747,0,3700,3872.770225341786,3044.0509579784703,6329.764209018322,1200.2794818060584
1777233388,200,,Aggregated,39.500000,0.000000,3800,4100,4200,4300,5600,5700,5900,5900,6100,6100,6100,15747,0,3700,3872.770225341786,3044.0509579784703,6329.764209018322,1200.2794818060584
1777233389,200,GET,trips_per_route,42.700000,0.000000,3800,4100,4200,4300,5500,5700,5900,5900,6100,6100,6100,15800,0,3700,3872.648983270397,3044.0509579784703,6329.764209018322,1200.2788607594937
1777233389,200,,Aggregated,42.700000,0.000000,3800,4100,4200,4300,5500,5700,5900,5900,6100,6100,6100,15800,0,3700,3872.648983270397,3044.0509579784703,6329.764209018322,1200.2788607594937
1777233390,200,GET,trips_per_route,42.600000,0.000000,3800,4000,4200,4200,5200,5700,5800,5900,6100,6100,6100,15856,0,3700,3872.3632498744464,3044.0509579784703,6329.764209018322,1200.278317356206
1777233390,200,,Aggregated,42.600000,0.000000,3800,4000,4200,4200,5200,5700,5800,5900,6100,6100,6100,15856,0,3700,3872.3632498744464,3044.0509579784703,6329.764209018322,1200.278317356206
1777233391,200,GET,trips_per_route,42.800000,0.000000,3800,4000,4200,4200,4400,5600,5800,5800,6100,6100,6100,15900,0,3700,3872.3823117012707,3044.0509579784703,6329.764209018322,1200.2789937106918
1777233391,200,,Aggregated,42.800000,0.000000,3800,4000,4200,4200,4400,5600,5800,5800,6100,6100,6100,15900,0,3700,3872.3823117012707,3044.0509579784703,6329.764209018322,1200.2789937106918
1777233392,200,GET,trips_per_route,45.200000,0.000000,3800,4000,4100,4200,4300,5600,5700,5800,5900,5900,5900,15935,0,3700,3872.2978268623956,3044.0509579784703,6329.764209018322,1200.2786319422655
1777233392,200,,Aggregated,45.200000,0.000000,3800,4000,4100,4200,4300,5600,5700,5800,5900,5900,5900,15935,0,3700,3872.2978268623956,3044.0509579784703,6329.764209018322,1200.2786319422655
1777233393,200,GET,trips_per_route,47.200000,0.000000,3800,3900,4100,4200,4300,4700,5600,5800,5800,5800,5800,15989,0,3700,3872.1855173406243,3044.0509579784703,6329.764209018322,1200.2785039714804
1777233393,200,,Aggregated,47.200000,0.000000,3800,3900,4100,4200,4300,4700,5600,5800,5800,5800,5800,15989,0,3700,3872.1855173406243,3044.0509579784703,6329.764209018322,1200.2785039714804
1777233394,200,GET,trips_per_route,46.800000,0.000000,3800,3900,4100,4100,4200,4300,5400,5600,5800,5800,5800,16042,0,3700,3872.1430562797805,3044.0509579784703,6329.764209018322,1200.278331878818
1777233394,200,,Aggregated,46.800000,0.000000,3800,3900,4100,4100,4200,4300,5400,5600,5800,5800,5800,16042,0,3700,3872.1430562797805,3044.0509579784703,6329.764209018322,1200.278331878818
1777233395,200,GET,trips_per_route,45.800000,0.000000,3800,3900,4100,4100,4200,4300,4400,4400,5600,5600,5600,16093,0,3700,3872.1675200220106,3044.0509579784703,6329.764209018322,1200.2780712110855
1777233395,200,,Aggregated,45.800000,0.000000,3800,3900,4100,4100,4200,4300,4400,4400,5600,5600,5600,16093,0,3700,3872.1675200220106,3044.0509579784703,6329.764209018322,1200.2780712110855
1777233396,200,GET,trips_per_route,47.300000,0.000000,3800,3900,4100,4100,4200,4300,4400,4400,4700,4700,4700,16130,0,3700,3872.1581877793683,3044.0509579784703,6329.764209018322,1200.2786732796033
1777233396,200,,Aggregated,47.300000,0.000000,3800,3900,4100,4100,4200,4300,4400,4400,4700,4700,4700,16130,0,3700,3872.1581877793683,3044.0509579784703,6329.764209018322,1200.2786732796033
1777233397,200,GET,trips_per_route,48.200000,0.000000,3800,3900,4100,4100,4200,4300,4400,4400,4700,4700,4700,16178,0,3700,3871.9402258627865,3044.0509579784703,6329.764209018322,1200.278526393868
1777233397,200,,Aggregated,48.200000,0.000000,3800,3900,4100,4100,4200,4300,4400,4400,4700,4700,4700,16178,0,3700,3871.9402258627865,3044.0509579784703,6329.764209018322,1200.278526393868
1777233398,200,GET,trips_per_route,48.000000,0.000000,3800,3900,4100,4100,4200,4300,4300,4400,4700,4700,4700,16230,0,3700,3872.0038940238605,3044.0509579784703,6329.764209018322,1200.2789279112753
1777233398,200,,Aggregated,48.000000,0.000000,3800,3900,4100,4100,4200,4300,4300,4400,4700,4700,4700,16230,0,3700,3872.0038940238605,3044.0509579784703,6329.764209018322,1200.2789279112753
1777233399,200,GET,trips_per_route,45.600000,0.000000,3800,3900,4100,4100,4200,4300,4300,4400,4500,4500,4500,16284,0,3700,3871.997732961812,3044.0509579784703,6329.764209018322,1200.2791083271923
1777233399,200,,Aggregated,45.600000,0.000000,3800,3900,4100,4100,4200,4300,4300,4400,4500,4500,4500,16284,0,3700,3871.997732961812,3044.0509579784703,6329.764209018322,1200.2791083271923
1777233400,200,GET,trips_per_route,47.300000,0.000000,3800,3900,4100,4100,4200,4300,4300,4400,4500,4500,4500,16319,0,3700,3871.96865812931,3044.0509579784703,6329.764209018322,1200.278509712605
1777233400,200,,Aggregated,47.300000,0.000000,3800,3900,4100,4100,4200,4300,4300,4400,4500,4500,4500,16319,0,3700,3871.96865812931,3044.0509579784703,6329.764209018322,1200.278509712605
1777233401,200,GET,trips_per_route,48.000000,0.000000,3800,3900,4100,4100,4200,4300,4300,4400,4500,4500,4500,16368,0,3700,3871.699454719101,3044.0509579784703,6329.764209018322,1200.279142228739
1777233401,200,,Aggregated,48.000000,0.000000,3800,3900,4100,4100,4200,4300,4300,4400,4500,4500,4500,16368,0,3700,3871.699454719101,3044.0509579784703,6329.764209018322,1200.279142228739
1777233402,200,GET,trips_per_route,48.100000,0.000000,3800,3900,4100,4100,4200,4300,4300,4400,4500,4500,4500,16409,0,3700,3871.641059591699,3044.0509579784703,6329.764209018322,1200.2786275824242
1777233402,200,,Aggregated,48.100000,0.000000,3800,3900,4100,4100,4200,4300,4300,4400,4500,4500,4500,16409,0,3700,3871.641059591699,3044.0509579784703,6329.764209018322,1200.2786275824242
1777233403,200,GET,trips_per_route,46.300000,0.000000,3800,3900,4100,4100,4200,4300,4300,4400,4500,4500,4500,16474,0,3700,3871.415300522048,3044.0509579784703,6329.764209018322,1200.277831734855
1777233403,200,,Aggregated,46.300000,0.000000,3800,3900,4100,4100,4200,4300,4300,4400,4500,4500,4500,16474,0,3700,3871.415300522048,3044.0509579784703,6329.764209018322,1200.277831734855
1777233404,200,GET,trips_per_route,47.000000,0.000000,3800,3900,4100,4100,4200,4300,4300,4400,4500,4500,4500,16511,0,3700,3871.3806193099895,3044.0509579784703,6329.764209018322,1200.2778753558234
1777233404,200,,Aggregated,47.000000,0.000000,3800,3900,4100,4100,4200,4300,4300,4400,4500,4500,4500,16511,0,3700,3871.3806193099895,3044.0509579784703,6329.764209018322,1200.2778753558234
1777233405,200,GET,trips_per_route,47.400000,0.000000,3800,3900,4100,4100,4200,4300,4300,4400,4500,4500,4500,16557,0,3700,3871.289326602055,3044.0509579784703,6329.764209018322,1200.2779489037869
1777233405,200,,Aggregated,47.400000,0.000000,3800,3900,4100,4100,4200,4300,4300,4400,4500,4500,4500,16557,0,3700,3871.289326602055,3044.0509579784703,6329.764209018322,1200.2779489037869
1777233406,200,GET,trips_per_route,48.400000,0.000000,3800,3900,4100,4100,4200,4300,4300,4400,4500,4500,4500,16601,0,3700,3871.1738923112043,3044.0509579784703,6329.764209018322,1200.2773326908018
1777233406,200,,Aggregated,48.400000,0.000000,3800,3900,4100,4100,4200,4300,4300,4400,4500,4500,4500,16601,0,3700,3871.1738923112043,3044.0509579784703,6329.764209018322,1200.2773326908018
1777233407,200,GET,trips_per_route,46.100000,0.000000,3800,3900,4100,4100,4200,4300,4300,4400,4400,4400,4400,16658,0,3700,3870.9491515717555,3044.0509579784703,6329.764209018322,1200.2771641253453
1777233407,200,,Aggregated,46.100000,0.000000,3800,3900,4100,4100,4200,4300,4300,4400,4400,4400,4400,16658,0,3700,3870.9491515717555,3044.0509579784703,6329.764209018322,1200.2771641253453
1777233408,200,GET,trips_per_route,46.500000,0.000000,3800,3900,4100,4100,4200,4300,4300,4400,4400,4400,4400,16699,0,3700,3871.0616269242673,3044.0509579784703,6329.764209018322,1200.277142343853
1777233408,200,,Aggregated,46.500000,0.000000,3800,3900,4100,4100,4200,4300,4300,4400,4400,4400,4400,16699,0,3700,3871.0616269242673,3044.0509579784703,6329.764209018322,1200.277142343853
1777233409,200,GET,trips_per_route,47.200000,0.000000,3800,3900,4100,4100,4200,4300,4300,4400,4400,4400,4400,16746,0,3700,3870.9456800459525,3044.0509579784703,6329.764209018322,1200.2769019467335
1777233409,200,,Aggregated,47.200000,0.000000,3800,3900,4100,4100,4200,4300,4300,4400,4400,4400,4400,16746,0,3700,3870.9456800459525,3044.0509579784703,6329.764209018322,1200.2769019467335
1777233410,200,GET,trips_per_route,47.900000,0.000000,3800,3900,4100,4100,4200,4300,4300,4300,4400,4400,4400,16793,0,3700,3870.8011085155326,3044.0509579784703,6329.764209018322,1200.276543798011
1777233410,200,,Aggregated,47.900000,0.000000,3800,3900,4100,4100,4200,4300,4300,4300,4400,4400,4400,16793,0,3700,3870.8011085155326,3044.0509579784703,6329.764209018322,1200.276543798011
1777233411,200,GET,trips_per_route,47.000000,0.000000,3800,3900,4100,4100,4200,4300,4300,4300,4400,4400,4400,16846,0,3700,3870.848413048699,3044.0509579784703,6329.764209018322,1200.2766828920812
1777233411,200,,Aggregated,47.000000,0.000000,3800,3900,4100,4100,4200,4300,4300,4300,4400,4400,4400,16846,0,3700,3870.848413048699,3044.0509579784703,6329.764209018322,1200.2766828920812
1777233412,200,GET,trips_per_route,46.000000,0.000000,3800,3900,4100,4100,4200,4300,4300,4400,4400,4400,4400,16889,0,3700,3870.783833040229,3044.0509579784703,6329.764209018322,1200.2759192373735
1777233412,200,,Aggregated,46.000000,0.000000,3800,3900,4100,4100,4200,4300,4300,4400,4400,4400,4400,16889,0,3700,3870.783833040229,3044.0509579784703,6329.764209018322,1200.2759192373735
1777233413,200,GET,trips_per_route,47.300000,0.000000,3800,3900,4100,4100,4200,4300,4300,4400,4400,4400,4400,16936,0,3700,3870.621218435658,3044.0509579784703,6329.764209018322,1200.2763934813415
1777233413,200,,Aggregated,47.300000,0.000000,3800,3900,4100,4100,4200,4300,4300,4400,4400,4400,4400,16936,0,3700,3870.621218435658,3044.0509579784703,6329.764209018322,1200.2763934813415
1777233414,200,GET,trips_per_route,47.700000,0.000000,3800,3900,4100,4100,4200,4300,4300,4400,4400,4400,4400,16982,0,3700,3870.526043414156,3044.0509579784703,6329.764209018322,1200.276057001531
1777233414,200,,Aggregated,47.700000,0.000000,3800,3900,4100,4100,4200,4300,4300,4400,4400,4400,4400,16982,0,3700,3870.526043414156,3044.0509579784703,6329.764209018322,1200.276057001531
1777233415,200,GET,trips_per_route,47.100000,0.000000,3800,3900,4100,4100,4200,4300,4300,4400,4400,4400,4400,17036,0,3700,3870.330111951984,3044.0509579784703,6329.764209018322,1200.2764146513266
1777233415,200,,Aggregated,47.100000,0.000000,3800,3900,4100,4100,4200,4300,4300,4400,4400,4400,4400,17036,0,3700,3870.330111951984,3044.0509579784703,6329.764209018322,1200.2764146513266
1777233416,200,GET,trips_per_route,45.800000,0.000000,3800,3900,4100,4100,4200,4300,4300,4400,4400,4400,4400,17082,0,3700,3870.2316863513015,3044.0509579784703,6329.764209018322,1200.276431331226
1777233416,200,,Aggregated,45.800000,0.000000,3800,3900,4100,4100,4200,4300,4300,4400,4400,4400,4400,17082,0,3700,3870.2316863513015,3044.0509579784703,6329.764209018322,1200.276431331226
1777233417,200,GET,trips_per_route,47.300000,0.000000,3800,3900,4100,4100,4200,4300,4300,4400,4400,4400,4400,17126,0,3700,3870.0674475482306,3044.0509579784703,6329.764209018322,1200.27612986103
1777233417,200,,Aggregated,47.300000,0.000000,3800,3900,4100,4100,4200,4300,4300,4400,4400,4400,4400,17126,0,3700,3870.0674475482306,3044.0509579784703,6329.764209018322,1200.27612986103
1777233418,200,GET,trips_per_route,48.000000,0.000000,3800,3900,4100,4100,4200,4300,4300,4400,4400,4400,4400,17172,0,3700,3870.03044641504,3044.0509579784703,6329.764209018322,1200.275972513394
1777233418,200,,Aggregated,48.000000,0.000000,3800,3900,4100,4100,4200,4300,4300,4400,4400,4400,4400,17172,0,3700,3870.03044641504,3044.0509579784703,6329.764209018322,1200.275972513394
1777233419,200,GET,trips_per_route,48.000000,0.000000,3800,3900,4100,4100,4200,4300,4300,4400,4400,4400,4400,17217,0,3700,3869.943005092232,3044.0509579784703,6329.764209018322,1200.2761805192542
1777233419,200,,Aggregated,48.000000,0.000000,3800,3900,4100,4100,4200,4300,4300,4400,4400,4400,4400,17217,0,3700,3869.943005092232,3044.0509579784703,6329.764209018322,1200.2761805192542
1777233420,200,GET,trips_per_route,46.500000,0.000000,3800,3900,4100,4100,4200,4300,4300,4400,4400,4400,4400,17272,0,3700,3870.026726510822,3044.0509579784703,6329.764209018322,1200.275880037054
1777233420,200,,Aggregated,46.500000,0.000000,3800,3900,4100,4100,4200,4300,4300,4400,4400,4400,4400,17272,0,3700,3870.026726510822,3044.0509579784703,6329.764209018322,1200.275880037054
1777233421,200,GET,trips_per_route,47.000000,0.000000,3800,3900,4100,4100,4200,4300,4400,4400,4400,4400,4400,17320,0,3700,3869.9951918930665,3044.0509579784703,6329.764209018322,1200.2761547344112
1777233421,200,,Aggregated,47.000000,0.000000,3800,3900,4100,4100,4200,4300,4400,4400,4400,4400,4400,17320,0,3700,3869.9951918930665,3044.0509579784703,6329.764209018322,1200.2761547344112
1777233422,200,GET,trips_per_route,47.300000,0.000000,3800,3900,4100,4100,4200,4300,4300,4400,4400,4400,4400,17357,0,3700,3869.8542599337347,3044.0509579784703,6329.764209018322,1200.2762574177566
1777233422,200,,Aggregated,47.300000,0.000000,3800,3900,4100,4100,4200,4300,4300,4400,4400,4400,4400,17357,0,3700,3869.8542599337347,3044.0509579784703,6329.764209018322,1200.2762574177566
1777233423,200,GET,trips_per_route,47.500000,0.000000,3800,3900,4100,4100,4200,4300,4400,4400,4600,4600,4600,17404,0,3700,3869.8635489400513,3044.0509579784703,6329.764209018322,1200.2766605378074
1777233423,200,,Aggregated,47.500000,0.000000,3800,3900,4100,4100,4200,4300,4400,4400,4600,4600,4600,17404,0,3700,3869.8635489400513,3044.0509579784703,6329.764209018322,1200.2766605378074
1777233424,200,GET,trips_per_route,47.300000,0.000000,3800,3900,4100,4100,4200,4300,4400,4400,4600,4600,4600,17459,0,3700,3869.827237196272,3044.0509579784703,6329.764209018322,1200.2771636405294
1777233424,200,,Aggregated,47.300000,0.000000,3800,3900,4100,4100,4200,4300,4400,4400,4600,4600,4600,17459,0,3700,3869.827237196272,3044.0509579784703,6329.764209018322,1200.2771636405294
1777233425,200,GET,trips_per_route,46.700000,0.000000,3800,3900,4100,4100,4200,4300,4400,4400,4600,4600,4600,17502,0,3700,3869.743367674934,3044.0509579784703,6329.764209018322,1200.2771111872928
1777233425,200,,Aggregated,46.700000,0.000000,3800,3900,4100,4100,4200,4300,4400,4400,4600,4600,4600,17502,0,3700,3869.743367674934,3044.0509579784703,6329.764209018322,1200.2771111872928
1777233426,200,GET,trips_per_route,46.700000,0.000000,3800,4000,4100,4100,4200,4300,4400,4400,4600,4600,4600,17549,0,3700,3869.7515357976386,3044.0509579784703,6329.764209018322,1200.2771098068265
1777233426,200,,Aggregated,46.700000,0.000000,3800,4000,4100,4100,4200,4300,4400,4400,4600,4600,4600,17549,0,3700,3869.7515357976386,3044.0509579784703,6329.764209018322,1200.2771098068265
1777233427,200,GET,trips_per_route,47.600000,0.000000,3800,3900,4100,4100,4200,4300,4400,4400,4600,4600,4600,17599,0,3700,3869.591720244772,3044.0509579784703,6329.764209018322,1200.2766066253764
1777233427,200,,Aggregated,47.600000,0.000000,3800,3900,4100,4100,4200,4300,4400,4400,4600,4600,4600,17599,0,3700,3869.591720244772,3044.0509579784703,6329.764209018322,1200.2766066253764
1777233428,200,GET,trips_per_route,46.800000,0.000000,3800,3900,4100,4100,4200,4300,4400,4400,4600,4600,4600,17649,0,3700,3869.4746262419276,3044.0509579784703,6329.764209018322,1200.2772961640885
1777233428,200,,Aggregated,46.800000,0.000000,3800,3900,4100,4100,4200,4300,4400,4400,4600,4600,4600,17649,0,3700,3869.4746262419276,3044.0509579784703,6329.764209018322,1200.2772961640885
1777233429,200,GET,trips_per_route,46.700000,0.000000,3800,3900,4100,4100,4200,4300,4400,4400,4600,4600,4600,17695,0,3700,3869.425183632426,3044.0509579784703,6329.764209018322,1200.2778185928228
1777233429,200,,Aggregated,46.700000,0.000000,3800,3900,4100,4100,4200,4300,4400,4400,4600,4600,4600,17695,0,3700,3869.425183632426,3044.0509579784703,6329.764209018322,1200.2778185928228
1777233430,200,GET,trips_per_route,47.300000,0.000000,3800,3900,4100,4100,4200,4300,4400,4400,4600,4600,4600,17735,0,3700,3869.1950258929687,3044.0509579784703,6329.764209018322,1200.277755850014
1777233430,200,,Aggregated,47.300000,0.000000,3800,3900,4100,4100,4200,4300,4400,4400,4600,4600,4600,17735,0,3700,3869.1950258929687,3044.0509579784703,6329.764209018322,1200.277755850014
1777233431,200,GET,trips_per_route,47.800000,0.000000,3800,3900,4100,4100,4200,4300,4400,4400,4600,4600,4600,17781,0,3700,3869.305948088403,3044.0509579784703,6329.764209018322,1200.2776559248637
1777233431,200,,Aggregated,47.800000,0.000000,3800,3900,4100,4100,4200,4300,4400,4400,4600,4600,4600,17781,0,3700,3869.305948088403,3044.0509579784703,6329.764209018322,1200.2776559248637
1777233432,200,GET,trips_per_route,48.000000,0.000000,3800,3900,4100,4100,4200,4300,4400,4400,4600,4600,4600,17836,0,3700,3869.4455643293754,3044.0509579784703,6329.764209018322,1200.2779210585334
1777233432,200,,Aggregated,48.000000,0.000000,3800,3900,4100,4100,4200,4300,4400,4400,4600,4600,4600,17836,0,3700,3869.4455643293754,3044.0509579784703,6329.764209018322,1200.2779210585334
1777233433,200,GET,trips_per_route,46.400000,0.000000,3800,3900,4100,4100,4200,4300,4400,4400,4500,4500,4500,17886,0,3700,3869.337634539788,3044.0509579784703,6329.764209018322,1200.2781505087778
1777233433,200,,Aggregated,46.400000,0.000000,3800,3900,4100,4100,4200,4300,4400,4400,4500,4500,4500,17886,0,3700,3869.337634539788,3044.0509579784703,6329.764209018322,1200.2781505087778
1777233434,200,GET,trips_per_route,45.800000,0.000000,3800,3900,4100,4100,4200,4300,4400,4400,4500,4500,4500,17925,0,3700,3869.353502059673,3044.0509579784703,6329.764209018322,1200.278270571827
1777233434,200,,Aggregated,45.800000,0.000000,3800,3900,4100,4100,4200,4300,4400,4400,4500,4500,4500,17925,0,3700,3869.353502059673,3044.0509579784703,6329.764209018322,1200.278270571827
1777233435,200,GET,trips_per_route,48.000000,0.000000,3800,3900,4100,4100,4200,4300,4400,4400,4500,4500,4500,17966,0,3700,3869.360206997537,3044.0509579784703,6329.764209018322,1200.2780808193254
1777233435,200,,Aggregated,48.000000,0.000000,3800,3900,4100,4100,4200,4300,4400,4400,4500,4500,4500,17966,0,3700,3869.360206997537,3044.0509579784703,6329.764209018322,1200.2780808193254
1777233436,200,GET,trips_per_route,48.400000,0.000000,3800,3900,4100,4100,4200,4300,4400,4400,4500,4500,4500,18020,0,3700,3869.3041887972086,3044.0509579784703,6329.764209018322,1200.278024417314
1777233436,200,,Aggregated,48.400000,0.000000,3800,3900,4100,4100,4200,4300,4400,4400,4500,4500,4500,18020,0,3700,3869.3041887972086,3044.0509579784703,6329.764209018322,1200.278024417314
1777233437,200,GET,trips_per_route,46.500000,0.000000,3800,3900,4100,4100,4200,4300,4400,4400,4500,4500,4500,18074,0,3700,3869.2623505404254,3044.0509579784703,6329.764209018322,1200.27758105566
1777233437,200,,Aggregated,46.500000,0.000000,3800,3900,4100,4100,4200,4300,4400,4400,4500,4500,4500,18074,0,3700,3869.2623505404254,3044.0509579784703,6329.764209018322,1200.27758105566
1777233438,200,GET,trips_per_route,45.900000,0.000000,3800,4000,4100,4100,4200,4300,4300,4400,4500,4500,4500,18117,0,3700,3869.3277269968335,3044.0509579784703,6329.764209018322,1200.2778605729425
1777233438,200,,Aggregated,45.900000,0.000000,3800,4000,4100,4100,4200,4300,4300,4400,4500,4500,4500,18117,0,3700,3869.3277269968335,3044.0509579784703,6329.764209018322,1200.2778605729425
1777233439,200,GET,trips_per_route,47.300000,0.000000,3800,4000,4100,4100,4200,4300,4400,4400,4500,4500,4500,18158,0,3700,3869.250554994141,3044.0509579784703,6329.764209018322,1200.2782795462056
1777233439,200,,Aggregated,47.300000,0.000000,3800,4000,4100,4100,4200,4300,4400,4400,4500,4500,4500,18158,0,3700,3869.250554994141,3044.0509579784703,6329.764209018322,1200.2782795462056
1777233440,200,GET,trips_per_route,47.400000,0.000000,3800,4000,4100,4200,4200,4300,4400,4400,4400,4400,4400,18204,0,3700,3869.107008837264,3044.0509579784703,6329.764209018322,1200.2788947484069
1777233440,200,,Aggregated,47.400000,0.000000,3800,4000,4100,4200,4200,4300,4400,4400,4400,4400,4400,18204,0,3700,3869.107008837264,3044.0509579784703,6329.764209018322,1200.2788947484069
1777233441,200,GET,trips_per_route,46.500000,0.000000,3800,3900,4100,4100,4200,4300,4300,4400,4400,4400,4400,18270,0,3700,3868.9850738755563,3044.0509579784703,6329.764209018322,1200.2783251231526
1777233441,200,,Aggregated,46.500000,0.000000,3800,3900,4100,4100,4200,4300,4300,4400,4400,4400,4400,18270,0,3700,3868.9850738755563,3044.0509579784703,6329.764209018322,1200.2783251231526
1777233442,200,GET,trips_per_route,45.800000,0.000000,3800,3900,4100,4100,4200,4300,4300,4400,4400,4400,4400,18304,0,3700,3868.9542083083775,3044.0509579784703,6329.764209018322,1200.2785183566434
1777233442,200,,Aggregated,45.800000,0.000000,3800,3900,4100,4100,4200,4300,4300,4400,4400,4400,4400,18304,0,3700,3868.9542083083775,3044.0509579784703,6329.764209018322,1200.2785183566434
1777233443,200,GET,trips_per_route,47.100000,0.000000,3800,3900,4100,4100,4200,4300,4300,4400,4400,4400,4400,18349,0,3700,3868.999845586819,3044.0509579784703,6329.764209018322,1200.278598288735
1777233443,200,,Aggregated,47.100000,0.000000,3800,3900,4100,4100,4200,4300,4300,4400,4400,4400,4400,18349,0,3700,3868.999845586819,3044.0509579784703,6329.764209018322,1200.278598288735
1777233444,200,GET,trips_per_route,48.900000,0.000000,3800,3900,4100,4100,4200,4300,4400,4400,4400,4400,4400,18389,0,3700,3868.978230699854,3044.0509579784703,6329.764209018322,1200.2784273206807
1777233444,200,,Aggregated,48.900000,0.000000,3800,3900,4100,4100,4200,4300,4400,4400,4400,4400,4400,18389,0,3700,3868.978230699854,3044.0509579784703,6329.764209018322,1200.2784273206807
1777233446,200,GET,trips_per_route,46.600000,0.000000,3800,3900,4100,4100,4200,4300,4300,4400,4400,4400,4400,18452,0,3700,3868.9025194788974,3044.0509579784703,6329.764209018322,1200.2786147843053
1777233446,200,,Aggregated,46.600000,0.000000,3800,3900,4100,4100,4200,4300,4300,4400,4400,4400,4400,18452,0,3700,3868.9025194788974,3044.0509579784703,6329.764209018322,1200.2786147843053
1777233447,200,GET,trips_per_route,46.000000,0.000000,3800,3900,4100,4100,4200,4300,4300,4400,4400,4400,4400,18494,0,3700,3868.9211039959296,3044.0509579784703,6329.764209018322,1200.279171623229
1777233447,200,,Aggregated,46.000000,0.000000,3800,3900,4100,4100,4200,4300,4300,4400,4400,4400,4400,18494,0,3700,3868.9211039959296,3044.0509579784703,6329.764209018322,1200.279171623229
1777233448,200,GET,trips_per_route,48.600000,0.000000,3800,3900,4100,4100,4200,4300,4300,4400,4400,4400,4400,18538,0,3700,3868.7734077730966,3044.0509579784703,6329.764209018322,1200.2788866112849
1777233448,200,,Aggregated,48.600000,0.000000,3800,3900,4100,4100,4200,4300,4300,4400,4400,4400,4400,18538,0,3700,3868.7734077730966,3044.0509579784703,6329.764209018322,1200.2788866112849
1777233449,200,GET,trips_per_route,47.000000,0.000000,3800,3900,4100,4100,4200,4300,4300,4400,4400,4400,4400,18581,0,3700,3868.7331193739624,3044.0509579784703,6329.764209018322,1200.2787255798935
1777233449,200,,Aggregated,47.000000,0.000000,3800,3900,4100,4100,4200,4300,4300,4400,4400,4400,4400,18581,0,3700,3868.7331193739624,3044.0509579784703,6329.764209018322,1200.2787255798935
1777233450,200,GET,trips_per_route,46.100000,0.000000,3800,3900,4100,4100,4200,4300,4300,4400,4400,4400,4400,18637,0,3700,3868.62477558543,3044.0509579784703,6329.764209018322,1200.2789075494984
1777233450,200,,Aggregated,46.100000,0.000000,3800,3900,4100,4100,4200,4300,4300,4400,4400,4400,4400,18637,0,3700,3868.62477558543,3044.0509579784703,6329.764209018322,1200.2789075494984
1777233451,200,GET,trips_per_route,46.300000,0.000000,3800,4000,4100,4200,4200,4300,4300,4400,4400,4400,4400,18686,0,3700,3868.7791839257548,3044.0509579784703,6329.764209018322,1200.278283206679
1777233451,200,,Aggregated,46.300000,0.000000,3800,4000,4100,4200,4200,4300,4300,4400,4400,4400,4400,18686,0,3700,3868.7791839257548,3044.0509579784703,6329.764209018322,1200.278283206679
1777233452,200,GET,trips_per_route,46.300000,0.000000,3800,4000,4100,4200,4200,4300,4300,4400,4400,4400,4400,18724,0,3700,3868.7149560460653,3044.0509579784703,6329.764209018322,1200.2780922879726
1777233452,200,,Aggregated,46.300000,0.000000,3800,4000,4100,4200,4200,4300,4300,4400,4400,4400,4400,18724,0,3700,3868.7149560460653,3044.0509579784703,6329.764209018322,1200.2780922879726
1777233453,200,GET,trips_per_route,47.800000,0.000000,3800,3900,4100,4100,4200,4300,4300,4400,4400,4400,4400,18772,0,3700,3868.5942515408274,3044.0509579784703,6329.764209018322,1200.2780204559983
1777233453,200,,Aggregated,47.800000,0.000000,3800,3900,4100,4100,4200,4300,4300,4400,4400,4400,4400,18772,0,3700,3868.5942515408274,3044.0509579784703,6329.764209018322,1200.2780204559983
1777233454,200,GET,trips_per_route,47.800000,0.000000,3800,3900,4100,4100,4200,4300,4300,4400,4400,4400,4400,18823,0,3700,3868.3471836962976,3044.0509579784703,6329.764209018322,1200.278382829517
1777233454,200,,Aggregated,47.800000,0.000000,3800,3900,4100,4100,4200,4300,4300,4400,4400,4400,4400,18823,0,3700,3868.3471836962976,3044.0509579784703,6329.764209018322,1200.278382829517
1777233455,200,GET,trips_per_route,45.300000,0.000000,3800,3900,4100,4100,4200,4300,4300,4400,4400,4400,4400,18873,0,3700,3868.346009407538,3044.0509579784703,6329.764209018322,1200.2786520426005
1777233455,200,,Aggregated,45.300000,0.000000,3800,3900,4100,4100,4200,4300,4300,4400,4400,4400,4400,18873,0,3700,3868.346009407538,3044.0509579784703,6329.764209018322,1200.2786520426005
1777233456,200,GET,trips_per_route,46.800000,0.000000,3800,3900,4100,4100,4200,4300,4400,4400,4400,4400,4400,18915,0,3700,3868.3917231410774,3044.0509579784703,6329.764209018322,1200.2787205921227
1777233456,200,,Aggregated,46.800000,0.000000,3800,3900,4100,4100,4200,4300,4400,4400,4400,4400,4400,18915,0,3700,3868.3917231410774,3044.0509579784703,6329.764209018322,1200.2787205921227
1777233457,200,GET,trips_per_route,48.400000,0.000000,3800,3900,4100,4100,4200,4300,4400,4400,4400,4400,4400,18960,0,3700,3868.296166950442,3044.0509579784703,6329.764209018322,1200.2792194092826
1777233457,200,,Aggregated,48.400000,0.000000,3800,3900,4100,4100,4200,4300,4400,4400,4400,4400,4400,18960,0,3700,3868.296166950442,3044.0509579784703,6329.764209018322,1200.2792194092826
1777233458,200,GET,trips_per_route,46.300000,0.000000,3800,3900,4100,4100,4200,4300,4400,4400,4400,4400,4400,19007,0,3700,3868.320683191422,3044.0509579784703,6329.764209018322,1200.2792129215552
1777233458,200,,Aggregated,46.300000,0.000000,3800,3900,4100,4100,4200,4300,4400,4400,4400,4400,4400,19007,0,3700,3868.320683191422,3044.0509579784703,6329.764209018322,1200.2792129215552
1777233459,200,GET,trips_per_route,46.300000,0.000000,3800,3900,4100,4100,4200,4300,4400,4400,4400,4400,4400,19062,0,3700,3868.31390827743,3044.0509579784703,6329.764209018322,1200.2789843668031
1777233459,200,,Aggregated,46.300000,0.000000,3800,3900,4100,4100,4200,4300,4400,4400,4400,4400,4400,19062,0,3700,3868.31390827743,3044.0509579784703,6329.764209018322,1200.2789843668031
1777233460,200,GET,trips_per_route,46.900000,0.000000,3800,3900,4100,4100,4200,4300,4400,4400,4400,4400,4400,19105,0,3700,3868.218903443772,3044.0509579784703,6329.764209018322,1200.279403297566
1777233460,200,,Aggregated,46.900000,0.000000,3800,3900,4100,4100,4200,4300,4400,4400,4400,4400,4400,19105,0,3700,3868.218903443772,3044.0509579784703,6329.764209018322,1200.279403297566
1777233461,200,GET,trips_per_route,48.100000,0.000000,3800,3900,4100,4100,4200,4300,4400,4400,4400,4400,4400,19149,0,3700,3868.304679852795,3044.0509579784703,6329.764209018322,1200.2797535119328
1777233461,200,,Aggregated,48.100000,0.000000,3800,3900,4100,4100,4200,4300,4400,4400,4400,4400,4400,19149,0,3700,3868.304679852795,3044.0509579784703,6329.764209018322,1200.2797535119328
1777233462,200,GET,trips_per_route,46.600000,0.000000,3800,3900,4100,4100,4200,4300,4400,4400,4400,4400,4400,19195,0,3700,3868.3182545822465,3044.0509579784703,6329.764209018322,1200.280437613962
1777233462,200,,Aggregated,46.600000,0.000000,3800,3900,4100,4100,4200,4300,4400,4400,4400,4400,4400,19195,0,3700,3868.3182545822465,3044.0509579784703,6329.764209018322,1200.280437613962
1777233463,200,GET,trips_per_route,46.200000,0.000000,3800,4000,4100,4100,4200,4300,4400,4400,4400,4400,4400,19251,0,3700,3868.3032833422803,3044.0509579784703,6329.764209018322,1200.2806607448963
1777233463,200,,Aggregated,46.200000,0.000000,3800,4000,4100,4100,4200,4300,4400,4400,4400,4400,4400,19251,0,3700,3868.3032833422803,3044.0509579784703,6329.764209018322,1200.2806607448963
1777233464,200,GET,trips_per_route,46.800000,0.000000,3800,4000,4100,4100,4200,4300,4400,4400,4400,4400,4400,19295,0,3700,3868.282935188206,3044.0509579784703,6329.764209018322,1200.28084996113
1777233464,200,,Aggregated,46.800000,0.000000,3800,4000,4100,4100,4200,4300,4400,4400,4400,4400,4400,19295,0,3700,3868.282935188206,3044.0509579784703,6329.764209018322,1200.28084996113
1777233465,200,GET,trips_per_route,47.800000,0.000000,3800,3900,4100,4100,4200,4300,4400,4400,4400,4400,4400,19342,0,3700,3868.0929783223796,3044.0509579784703,6329.764209018322,1200.2813566332334
1777233465,200,,Aggregated,47.800000,0.000000,3800,3900,4100,4100,4200,4300,4400,4400,4400,4400,4400,19342,0,3700,3868.0929783223796,3044.0509579784703,6329.764209018322,1200.2813566332334
1777233466,200,GET,trips_per_route,47.000000,0.000000,3800,3900,4100,4100,4200,4300,4400,4400,4400,4400,4400,19382,0,3700,3867.966435842558,3044.0509579784703,6329.764209018322,1200.280982354762
1777233466,200,,Aggregated,47.000000,0.000000,3800,3900,4100,4100,4200,4300,4400,4400,4400,4400,4400,19382,0,3700,3867.966435842558,3044.0509579784703,6329.764209018322,1200.280982354762
1777233467,200,GET,trips_per_route,46.500000,0.000000,3800,3900,4100,4100,4200,4300,4400,4400,4400,4400,4400,19439,0,3700,3867.787021873935,3044.0509579784703,6329.764209018322,1200.2814959617265
1777233467,200,,Aggregated,46.500000,0.000000,3800,3900,4100,4100,4200,4300,4400,4400,4400,4400,4400,19439,0,3700,3867.787021873935,3044.0509579784703,6329.764209018322,1200.2814959617265
1777233468,200,GET,trips_per_route,46.500000,0.000000,3800,3900,4100,4100,4200,4300,4400,4400,4400,4400,4400,19484,0,3700,3867.8681731998217,3044.0509579784703,6329.764209018322,1200.2814617121742
1777233468,200,,Aggregated,46.500000,0.000000,3800,3900,4100,4100,4200,4300,4400,4400,4400,4400,4400,19484,0,3700,3867.8681731998217,3044.0509579784703,6329.764209018322,1200.2814617121742
1777233469,200,GET,trips_per_route,47.900000,0.000000,3800,3900,4100,4100,4200,4300,4300,4400,4400,4400,4400,19531,0,3700,3867.8653244243087,3044.0509579784703,6329.764209018322,1200.2816548051815
1777233469,200,,Aggregated,47.900000,0.000000,3800,3900,4100,4100,4200,4300,4300,4400,4400,4400,4400,19531,0,3700,3867.8653244243087,3044.0509579784703,6329.764209018322,1200.2816548051815
1777233470,200,GET,trips_per_route,47.600000,0.000000,3800,3900,4100,4100,4200,4300,4300,4400,4400,4400,4400,19570,0,3700,3867.922905603583,3044.0509579784703,6329.764209018322,1200.2815533980583
1777233470,200,,Aggregated,47.600000,0.000000,3800,3900,4100,4100,4200,4300,4300,4400,4400,4400,4400,19570,0,3700,3867.922905603583,3044.0509579784703,6329.764209018322,1200.2815533980583
1777233471,200,GET,trips_per_route,46.700000,0.000000,3800,3900,4100,4100,4200,4300,4300,4400,4400,4400,4400,19626,0,3700,3867.858110667239,3044.0509579784703,6329.764209018322,1200.2817181290125
1777233471,200,,Aggregated,46.700000,0.000000,3800,3900,4100,4100,4200,4300,4300,4400,4400,4400,4400,19626,0,3700,3867.858110667239,3044.0509579784703,6329.764209018322,1200.2817181290125
1777233472,200,GET,trips_per_route,46.400000,0.000000,3800,3900,4100,4100,4200,4300,4300,4400,4400,4400,4400,19674,0,3700,3867.778577625709,3044.0509579784703,6329.764209018322,1200.2818440581477
1777233472,200,,Aggregated,46.400000,0.000000,3800,3900,4100,4100,4200,4300,4300,4400,4400,4400,4400,19674,0,3700,3867.778577625709,3044.0509579784703,6329.764209018322,1200.2818440581477
1777233473,200,GET,trips_per_route,47.700000,0.000000,3800,3900,4100,4100,4200,4300,4300,4400,4400,4400,4400,19714,0,3700,3867.7730163249057,3044.0509579784703,6329.764209018322,1200.2820837983159
1777233473,200,,Aggregated,47.700000,0.000000,3800,3900,4100,4100,4200,4300,4300,4400,4400,4400,4400,19714,0,3700,3867.7730163249057,3044.0509579784703,6329.764209018322,1200.2820837983159
1777233474,200,GET,trips_per_route,47.900000,0.000000,3800,3900,4100,4100,4200,4300,4400,4400,4400,4400,4400,19756,0,3700,3867.797713055284,3044.0509579784703,6329.764209018322,1200.2819396638995
1777233474,200,,Aggregated,47.900000,0.000000,3800,3900,4100,4100,4200,4300,4400,4400,4400,4400,4400,19756,0,3700,3867.797713055284,3044.0509579784703,6329.764209018322,1200.2819396638995
1777233475,200,GET,trips_per_route,46.200000,0.000000,3800,4000,4100,4100,4200,4300,4400,4400,4400,4400,4400,19811,0,3700,3867.7194428452394,3044.0509579784703,6329.764209018322,1200.2821159961638
1777233475,200,,Aggregated,46.200000,0.000000,3800,4000,4100,4100,4200,4300,4400,4400,4400,4400,4400,19811,0,3700,3867.7194428452394,3044.0509579784703,6329.764209018322,1200.2821159961638
1777233476,200,GET,trips_per_route,46.200000,0.000000,3800,4000,4100,4100,4200,4300,4400,4400,4500,4500,4500,19863,0,3700,3867.7145422999997,3044.0509579784703,6329.764209018322,1200.282233298092
1777233476,200,,Aggregated,46.200000,0.000000,3800,4000,4100,4100,4200,4300,4400,4400,4500,4500,4500,19863,0,3700,3867.7145422999997,3044.0509579784703,6329.764209018322,1200.282233298092
1777233477,200,GET,trips_per_route,46.900000,0.000000,3800,3900,4100,4100,4200,4300,4400,4400,4500,4500,4500,19909,0,3700,3867.689137808074,3044.0509579784703,6329.764209018322,1200.282183936913
1777233477,200,,Aggregated,46.900000,0.000000,3800,3900,4100,4100,4200,4300,4400,4400,4500,4500,4500,19909,0,3700,3867.689137808074,3044.0509579784703,6329.764209018322,1200.282183936913
1777233478,200,GET,trips_per_route,47.900000,0.000000,3800,3900,4100,4100,4200,4300,4400,4400,4500,4500,4500,19950,0,3700,3867.5208312819955,3044.0509579784703,6329.764209018322,1200.2823558897244
1777233478,200,,Aggregated,47.900000,0.000000,3800,3900,4100,4100,4200,4300,4400,4400,4500,4500,4500,19950,0,3700,3867.5208312819955,3044.0509579784703,6329.764209018322,1200.2823558897244
1777233479,200,GET,trips_per_route,46.600000,0.000000,3800,3900,4100,4100,4200,4300,4400,4400,4500,4500,4500,19997,0,3700,3867.4729734289026,3044.0509579784703,6329.764209018322,1200.282392358854
1777233479,200,,Aggregated,46.600000,0.000000,3800,3900,4100,4100,4200,4300,4400,4400,4500,4500,4500,19997,0,3700,3867.4729734289026,3044.0509579784703,6329.764209018322,1200.282392358854
1777233480,200,GET,trips_per_route,46.500000,0.000000,3800,3900,4100,4100,4200,4300,4400,4400,4500,4500,4500,20049,0,3700,3867.51406319057,3044.0509579784703,6329.764209018322,1200.2826076113522
1777233480,200,,Aggregated,46.500000,0.000000,3800,3900,4100,4100,4200,4300,4400,4400,4500,4500,4500,20049,0,3700,3867.51406319057,3044.0509579784703,6329.764209018322,1200.2826076113522
1777233481,200,GET,trips_per_route,46.300000,0.000000,3800,3900,4100,4100,4200,4300,4400,4400,4500,4500,4500,20092,0,3700,3867.576705962711,3044.0509579784703,6329.764209018322,1200.2828488950827
1777233481,200,,Aggregated,46.300000,0.000000,3800,3900,4100,4100,4200,4300,4400,4400,4500,4500,4500,20092,0,3700,3867.576705962711,3044.0509579784703,6329.764209018322,1200.2828488950827
1777233482,200,GET,trips_per_route,47.900000,0.000000,3800,3900,4100,4100,4200,4300,4400,4400,4500,4500,4500,20142,0,3700,3867.460511819817,3044.0509579784703,6329.764209018322,1200.2825935855426
1777233482,200,,Aggregated,47.900000,0.000000,3800,3900,4100,4100,4200,4300,4400,4400,4500,4500,4500,20142,0,3700,3867.460511819817,3044.0509579784703,6329.764209018322,1200.2825935855426
1777233483,200,GET,trips_per_route,46.600000,0.000000,3800,3900,4100,4100,4200,4300,4400,4400,4500,4500,4500,20184,0,3700,3867.4685199430623,3044.0509579784703,6329.764209018322,1200.2828973444311
1777233483,200,,Aggregated,46.600000,0.000000,3800,3900,4100,4100,4200,4300,4400,4400,4500,4500,4500,20184,0,3700,3867.4685199430623,3044.0509579784703,6329.764209018322,1200.2828973444311
1777233484,200,GET,trips_per_route,46.500000,0.000000,3800,3900,4100,4100,4200,4300,4400,4400,4500,4500,4500,20235,0,3700,3867.458537131889,3044.0509579784703,6329.764209018322,1200.2832221398567
1777233484,200,,Aggregated,46.500000,0.000000,3800,3900,4100,4100,4200,4300,4400,4400,4500,4500,4500,20235,0,3700,3867.458537131889,3044.0509579784703,6329.764209018322,1200.2832221398567
1777233485,200,GET,trips_per_route,46.600000,0.000000,3800,3900,4100,4100,4200,4300,4400,4400,4500,4500,4500,20281,0,3700,3867.417943698866,3044.0509579784703,6329.764209018322,1200.2828262906169
1777233485,200,,Aggregated,46.600000,0.000000,3800,3900,4100,4100,4200,4300,4400,4400,4500,4500,4500,20281,0,3700,3867.417943698866,3044.0509579784703,6329.764209018322,1200.2828262906169
1777233486,200,GET,trips_per_route,47.900000,0.000000,3800,3900,4100,4200,4200,4300,4400,4400,4500,4500,4500,20332,0,3700,3867.5650851709,3044.0509579784703,6329.764209018322,1200.2829529805233
1777233486,200,,Aggregated,47.900000,0.000000,3800,3900,4100,4200,4200,4300,4400,4400,4500,4500,4500,20332,0,3700,3867.5650851709,3044.0509579784703,6329.764209018322,1200.2829529805233
1777233487,200,GET,trips_per_route,46.900000,0.000000,3800,3900,4100,4200,4200,4300,4400,4400,4500,4500,4500,20370,0,3700,3867.552876556105,3044.0509579784703,6329.764209018322,1200.282916053019
1777233487,200,,Aggregated,46.900000,0.000000,3800,3900,4100,4200,4200,4300,4400,4400,4500,4500,4500,20370,0,3700,3867.552876556105,3044.0509579784703,6329.764209018322,1200.282916053019
1777233488,200,GET,trips_per_route,46.800000,0.000000,3800,3900,4100,4200,4200,4300,4400,4400,4500,4500,4500,20428,0,3700,3867.5192040823244,3044.0509579784703,6329.764209018322,1200.2832876444097
1777233488,200,,Aggregated,46.800000,0.000000,3800,3900,4100,4200,4200,4300,4400,4400,4500,4500,4500,20428,0,3700,3867.5192040823244,3044.0509579784703,6329.764209018322,1200.2832876444097
1777233489,200,GET,trips_per_route,46.600000,0.000000,3800,3900,4100,4100,4200,4300,4400,4400,4500,4500,4500,20472,0,3700,3867.395376562755,3044.0509579784703,6329.764209018322,1200.2830695584212
1777233489,200,,Aggregated,46.600000,0.000000,3800,3900,4100,4100,4200,4300,4400,4400,4500,4500,4500,20472,0,3700,3867.395376562755,3044.0509579784703,6329.764209018322,1200.2830695584212
1777233490,200,GET,trips_per_route,47.700000,0.000000,3800,3900,4100,4200,4200,4300,4400,4400,4500,4500,4500,20520,0,3700,3867.3644165547566,3044.0509579784703,6329.764209018322,1200.2826510721247
1777233490,200,,Aggregated,47.700000,0.000000,3800,3900,4100,4200,4200,4300,4400,4400,4500,4500,4500,20520,0,3700,3867.3644165547566,3044.0509579784703,6329.764209018322,1200.2826510721247
1777233491,200,GET,trips_per_route,47.500000,0.000000,3800,3900,4100,4200,4200,4300,4400,4400,4500,4500,4500,20559,0,3700,3867.4966641351466,3044.0509579784703,6329.764209018322,1200.2827472153315
1777233491,200,,Aggregated,47.500000,0.000000,3800,3900,4100,4200,4200,4300,4400,4400,4500,4500,4500,20559,0,3700,3867.4966641351466,3044.0509579784703,6329.764209018322,1200.2827472153315
1777233492,200,GET,trips_per_route,46.600000,0.000000,3800,3900,4100,4200,4200,4300,4400,4400,4500,4500,4500,20608,0,3700,3867.4773384140385,3044.0509579784703,6329.764209018322,1200.2827542701864
1777233492,200,,Aggregated,46.600000,0.000000,3800,3900,4100,4200,4200,4300,4400,4400,4500,4500,4500,20608,0,3700,3867.4773384140385,3044.0509579784703,6329.764209018322,1200.2827542701864
1777233493,200,GET,trips_per_route,46.400000,0.000000,3800,4000,4100,4200,4300,4300,4400,4400,4400,4400,4400,20661,0,3700,3867.6584428267956,3044.0509579784703,6329.764209018322,1200.282658148202
1777233493,200,,Aggregated,46.400000,0.000000,3800,4000,4100,4200,4300,4300,4400,4400,4400,4400,4400,20661,0,3700,3867.6584428267956,3044.0509579784703,6329.764209018322,1200.282658148202
1777233494,200,GET,trips_per_route,46.800000,0.000000,3800,3900,4100,4200,4300,4300,4400,4400,4400,4400,4400,20706,0,3700,3867.57739488537,3044.0509579784703,6329.764209018322,1200.2828165749058
1777233494,200,,Aggregated,46.800000,0.000000,3800,3900,4100,4200,4300,4300,4400,4400,4400,4400,4400,20706,0,3700,3867.57739488537,3044.0509579784703,6329.764209018322,1200.2828165749058
1777233495,200,GET,trips_per_route,48.100000,0.000000,3800,3900,4100,4100,4200,4300,4400,4400,4400,4400,4400,20750,0,3700,3867.440945198819,3044.0509579784703,6329.764209018322,1200.282843373494
1777233495,200,,Aggregated,48.100000,0.000000,3800,3900,4100,4100,4200,4300,4400,4400,4400,4400,4400,20750,0,3700,3867.440945198819,3044.0509579784703,6329.764209018322,1200.282843373494
1777233496,200,GET,trips_per_route,46.700000,0.000000,3800,3900,4100,4200,4200,4300,4400,4400,4400,4400,4400,20797,0,3700,3867.478035229473,3044.0509579784703,6329.764209018322,1200.2831658412272
1777233496,200,,Aggregated,46.700000,0.000000,3800,3900,4100,4200,4200,4300,4400,4400,4400,4400,4400,20797,0,3700,3867.478035229473,3044.0509579784703,6329.764209018322,1200.2831658412272
1777233497,200,GET,trips_per_route,46.800000,0.000000,3800,3900,4100,4200,4300,4300,4400,4400,4400,4400,4400,20850,0,3700,3867.483443261307,3044.0509579784703,6329.764209018322,1200.2828776978417
1777233497,200,,Aggregated,46.800000,0.000000,3800,3900,4100,4200,4300,4300,4400,4400,4400,4400,4400,20850,0,3700,3867.483443261307,3044.0509579784703,6329.764209018322,1200.2828776978417
1777233498,200,GET,trips_per_route,45.900000,0.000000,3800,3900,4100,4200,4300,4300,4400,4400,4400,4400,4400,20893,0,3700,3867.5213380298314,3044.0509579784703,6329.764209018322,1200.2826784090364
1777233498,200,,Aggregated,45.900000,0.000000,3800,3900,4100,4200,4300,4300,4400,4400,4400,4400,4400,20893,0,3700,3867.5213380298314,3044.0509579784703,6329.764209018322,1200.2826784090364
1777233499,200,GET,trips_per_route,47.500000,0.000000,3800,4000,4100,4200,4300,4300,4300,4400,4400,4400,4400,20936,0,3700,3867.56256215768,3044.0509579784703,6329.764209018322,1200.283148643485
1777233499,200,,Aggregated,47.500000,0.000000,3800,4000,4100,4200,4300,4300,4300,4400,4400,4400,4400,20936,0,3700,3867.56256215768,3044.0509579784703,6329.764209018322,1200.283148643485
1777233500,200,GET,trips_per_route,46.300000,0.000000,3800,3900,4100,4200,4300,4300,4300,4400,4400,4400,4400,20982,0,3700,3867.5368920722112,3044.0509579784703,6329.764209018322,1200.28348107902
1777233500,200,,Aggregated,46.300000,0.000000,3800,3900,4100,4200,4300,4300,4300,4400,4400,4400,4400,20982,0,3700,3867.5368920722112,3044.0509579784703,6329.764209018322,1200.28348107902
1777233501,200,GET,trips_per_route,46.300000,0.000000,3800,3900,4100,4100,4300,4300,4400,4400,4400,4400,4400,21041,0,3700,3867.3430369655002,3044.0509579784703,6329.764209018322,1200.2841119718644
1777233501,200,,Aggregated,46.300000,0.000000,3800,3900,4100,4100,4300,4300,4400,4400,4400,4400,4400,21041,0,3700,3867.3430369655002,3044.0509579784703,6329.764209018322,1200.2841119718644
1777233502,200,GET,trips_per_route,46.500000,0.000000,3800,3900,4100,4100,4200,4300,4300,4400,4400,4400,4400,21084,0,3700,3867.4043024293405,3044.0509579784703,6329.764209018322,1200.284054259154
1777233502,200,,Aggregated,46.500000,0.000000,3800,3900,4100,4100,4200,4300,4300,4400,4400,4400,4400,21084,0,3700,3867.4043024293405,3044.0509579784703,6329.764209018322,1200.284054259154
1777233503,200,GET,trips_per_route,48.000000,0.000000,3800,3900,4100,4100,4200,4300,4400,4400,4400,4400,4400,21131,0,3700,3867.480001516409,3044.0509579784703,6329.764209018322,1200.2840376697743
1777233503,200,,Aggregated,48.000000,0.000000,3800,3900,4100,4100,4200,4300,4400,4400,4400,4400,4400,21131,0,3700,3867.480001516409,3044.0509579784703,6329.764209018322,1200.2840376697743
1777233504,200,GET,trips_per_route,47.400000,0.000000,3800,4000,4100,4200,4200,4300,4400,4400,4400,4400,4400,21175,0,3700,3867.435791391279,3044.0509579784703,6329.764209018322,1200.2844391971664
1777233504,200,,Aggregated,47.400000,0.000000,3800,4000,4100,4200,4200,4300,4400,4400,4400,4400,4400,21175,0,3700,3867.435791391279,3044.0509579784703,6329.764209018322,1200.2844391971664
1777233505,200,GET,trips_per_route,46.100000,0.000000,3800,3900,4100,4100,4200,4300,4400,4400,4400,4400,4400,21228,0,3700,3867.409085622123,3044.0509579784703,6329.764209018322,1200.284953834558
1777233505,200,,Aggregated,46.100000,0.000000,3800,3900,4100,4100,4200,4300,4400,4400,4400,4400,4400,21228,0,3700,3867.409085622123,3044.0509579784703,6329.764209018322,1200.284953834558
1777233506,200,GET,trips_per_route,46.300000,0.000000,3800,3900,4100,4100,4200,4300,4400,4400,4400,4400,4400,21269,0,3700,3867.3731301171847,3044.0509579784703,6329.764209018322,1200.284498565988
1777233506,200,,Aggregated,46.300000,0.000000,3800,3900,4100,4100,4200,4300,4400,4400,4400,4400,4400,21269,0,3700,3867.3731301171847,3044.0509579784703,6329.764209018322,1200.284498565988
1777233507,200,GET,trips_per_route,47.500000,0.000000,3800,3900,4100,4100,4200,4300,4400,4400,4600,4600,4600,21316,0,3700,3867.4005319030093,3044.0509579784703,6329.764209018322,1200.284950272096
1777233507,200,,Aggregated,47.500000,0.000000,3800,3900,4100,4100,4200,4300,4400,4400,4600,4600,4600,21316,0,3700,3867.4005319030093,3044.0509579784703,6329.764209018322,1200.284950272096
1777233508,200,GET,trips_per_route,47.600000,0.000000,3800,3900,4100,4200,4200,4300,4400,4400,4600,4600,4600,21363,0,3700,3867.4626354893758,3044.0509579784703,6329.764209018322,1200.2847914618733
1777233508,200,,Aggregated,47.600000,0.000000,3800,3900,4100,4200,4200,4300,4400,4400,4600,4600,4600,21363,0,3700,3867.4626354893758,3044.0509579784703,6329.764209018322,1200.2847914618733
1777233509,200,GET,trips_per_route,46.600000,0.000000,3800,3900,4100,4100,4200,4300,4300,4400,4600,4600,4600,21407,0,3700,3867.3939203727577,3044.0509579784703,6329.764209018322,1200.284486382959
1777233509,200,,Aggregated,46.600000,0.000000,3800,3900,4100,4100,4200,4300,4300,4400,4600,4600,4600,21407,0,3700,3867.3939203727577,3044.0509579784703,6329.764209018322,1200.284486382959
1777233510,200,GET,trips_per_route,46.800000,0.000000,3800,4000,4100,4200,4200,4300,4300,4300,4600,4600,4600,21458,0,3700,3867.459432115471,3044.0509579784703,6329.764209018322,1200.2845558765962
1777233510,200,,Aggregated,46.800000,0.000000,3800,4000,4100,4200,4200,4300,4300,4300,4600,4600,4600,21458,0,3700,3867.459432115471,3044.0509579784703,6329.764209018322,1200.2845558765962
1777233511,200,GET,trips_per_route,47.000000,0.000000,3800,4000,4100,4200,4200,4300,4300,4400,4600,4600,4600,21505,0,3800,3867.4744153473043,3044.0509579784703,6329.764209018322,1200.2850964891886
1777233511,200,,Aggregated,47.000000,0.000000,3800,4000,4100,4200,4200,4300,4300,4400,4600,4600,4600,21505,0,3800,3867.4744153473043,3044.0509579784703,6329.764209018322,1200.2850964891886
1777233512,200,GET,trips_per_route,47.400000,0.000000,3800,3900,4100,4200,4200,4300,4300,4300,4600,4600,4600,21549,0,3700,3867.339148373182,3044.0509579784703,6329.764209018322,1200.285349668198
1777233512,200,,Aggregated,47.400000,0.000000,3800,3900,4100,4200,4200,4300,4300,4300,4600,4600,4600,21549,0,3700,3867.339148373182,3044.0509579784703,6329.764209018322,1200.285349668198
1777233513,200,GET,trips_per_route,46.100000,0.000000,3800,3900,4100,4200,4200,4300,4300,4400,4600,4600,4600,21599,0,3800,3867.38983261946,3044.0509579784703,6329.764209018322,1200.2853372841334
1777233513,200,,Aggregated,46.100000,0.000000,3800,3900,4100,4200,4200,4300,4300,4400,4600,4600,4600,21599,0,3800,3867.38983261946,3044.0509579784703,6329.764209018322,1200.2853372841334
1777233514,200,GET,trips_per_route,46.500000,0.000000,3800,3900,4100,4200,4200,4300,4300,4400,4600,4600,4600,21644,0,3800,3867.366718634526,3044.0509579784703,6329.764209018322,1200.2850212530032
1777233514,200,,Aggregated,46.500000,0.000000,3800,3900,4100,4200,4200,4300,4300,4400,4600,4600,4600,21644,0,3800,3867.366718634526,3044.0509579784703,6329.764209018322,1200.2850212530032
1777233515,200,GET,trips_per_route,47.000000,0.000000,3800,3900,4100,4200,4200,4300,4300,4400,4600,4600,4600,21693,0,3800,3867.374464544908,3044.0509579784703,6329.764209018322,1200.2845157424053
1777233515,200,,Aggregated,47.000000,0.000000,3800,3900,4100,4200,4200,4300,4300,4400,4600,4600,4600,21693,0,3800,3867.374464544908,3044.0509579784703,6329.764209018322,1200.2845157424053
1777233516,200,GET,trips_per_route,47.000000,0.000000,3800,3900,4100,4200,4200,4300,4400,4400,4500,4500,4500,21740,0,3800,3867.3475107921204,3044.0509579784703,6329.764209018322,1200.284958601656
1777233516,200,,Aggregated,47.000000,0.000000,3800,3900,4100,4200,4200,4300,4400,4400,4500,4500,4500,21740,0,3800,3867.3475107921204,3044.0509579784703,6329.764209018322,1200.284958601656
1777233517,200,GET,trips_per_route,46.500000,0.000000,3800,3900,4100,4200,4200,4300,4400,4400,4500,4500,4500,21784,0,3800,3867.3797332443896,3044.0509579784703,6329.764209018322,1200.2851634226956
1777233517,200,,Aggregated,46.500000,0.000000,3800,3900,4100,4200,4200,4300,4400,4400,4500,4500,4500,21784,0,3800,3867.3797332443896,3044.0509579784703,6329.764209018322,1200.2851634226956
1777233518,200,GET,trips_per_route,47.200000,0.000000,3800,3900,4100,4200,4300,4300,4400,4400,4500,4500,4500,21830,0,3800,3867.447469706962,3044.0509579784703,6329.764209018322,1200.285249656436
1777233518,200,,Aggregated,47.200000,0.000000,3800,3900,4100,4200,4300,4300,4400,4400,4500,4500,4500,21830,0,3800,3867.447469706962,3044.0509579784703,6329.764209018322,1200.285249656436
1777233519,200,GET,trips_per_route,46.400000,0.000000,3800,3900,4100,4200,4200,4300,4400,4400,4500,4500,4500,21880,0,3800,3867.448535673493,3044.0509579784703,6329.764209018322,1200.2854661791591
1777233519,200,,Aggregated,46.400000,0.000000,3800,3900,4100,4200,4200,4300,4400,4400,4500,4500,4500,21880,0,3800,3867.448535673493,3044.0509579784703,6329.764209018322,1200.2854661791591
1777233520,200,GET,trips_per_route,46.700000,0.000000,3800,3900,4100,4200,4200,4300,4400,4400,4500,4500,4500,21932,0,3800,3867.4417305040074,3044.0509579784703,6329.764209018322,1200.285746853912
1777233520,200,,Aggregated,46.700000,0.000000,3800,3900,4100,4200,4200,4300,4400,4400,4500,4500,4500,21932,0,3800,3867.4417305040074,3044.0509579784703,6329.764209018322,1200.285746853912
1777233521,200,GET,trips_per_route,47.300000,0.000000,3800,3900,4100,4200,4200,4300,4400,4400,4500,4500,4500,21970,0,3800,3867.385137896308,3044.0509579784703,6329.764209018322,1200.285798816568
1777233521,200,,Aggregated,47.300000,0.000000,3800,3900,4100,4200,4200,4300,4400,4400,4500,4500,4500,21970,0,3800,3867.385137896308,3044.0509579784703,6329.764209018322,1200.285798816568
1777233522,200,GET,trips_per_route,47.500000,0.000000,3800,3900,4100,4200,4200,4300,4400,4400,4500,4500,4500,22022,0,3800,3867.4844854123085,3044.0509579784703,6329.764209018322,1200.2856234674416
1777233522,200,,Aggregated,47.500000,0.000000,3800,3900,4100,4200,4200,4300,4400,4400,4500,4500,4500,22022,0,3800,3867.4844854123085,3044.0509579784703,6329.764209018322,1200.2856234674416
1777233523,200,GET,trips_per_route,47.000000,0.000000,3800,3900,4100,4200,4200,4300,4400,4400,4500,4500,4500,22070,0,3800,3867.3379954011293,3044.0509579784703,6329.764209018322,1200.2859537834163
1777233523,200,,Aggregated,47.000000,0.000000,3800,3900,4100,4200,4200,4300,4400,4400,4500,4500,4500,22070,0,3800,3867.3379954011293,3044.0509579784703,6329.764209018322,1200.2859537834163
1777233524,200,GET,trips_per_route,46.600000,0.000000,3800,3900,4100,4200,4200,4300,4400,4400,4400,4400,4400,22121,0,3800,3867.3704218843627,3044.0509579784703,6329.764209018322,1200.2859273993038
1777233524,200,,Aggregated,46.600000,0.000000,3800,3900,4100,4200,4200,4300,4400,4400,4400,4400,4400,22121,0,3800,3867.3704218843627,3044.0509579784703,6329.764209018322,1200.2859273993038
1777233525,200,GET,trips_per_route,46.900000,0.000000,3800,3900,4100,4200,4200,4300,4400,4400,4400,4400,4400,22161,0,3800,3867.3693892688443,3044.0509579784703,6329.764209018322,1200.2859979242814
1777233525,200,,Aggregated,46.900000,0.000000,3800,3900,4100,4200,4200,4300,4400,4400,4400,4400,4400,22161,0,3800,3867.3693892688443,3044.0509579784703,6329.764209018322,1200.2859979242814
1777233526,200,GET,trips_per_route,47.800000,0.000000,3800,3900,4100,4100,4200,4300,4300,4400,4400,4400,4400,22206,0,3800,3867.2067453091518,3044.0509579784703,6329.764209018322,1200.2864541115014
1777233526,200,,Aggregated,47.800000,0.000000,3800,3900,4100,4100,4200,4300,4300,4400,4400,4400,4400,22206,0,3800,3867.2067453091518,3044.0509579784703,6329.764209018322,1200.2864541115014
1777233527,200,GET,trips_per_route,47.100000,0.000000,3800,3900,4100,4100,4200,4300,4300,4400,4400,4400,4400,22259,0,3800,3867.325679779464,3044.0509579784703,6329.764209018322,1200.2863111550384
1777233527,200,,Aggregated,47.100000,0.000000,3800,3900,4100,4100,4200,4300,4300,4400,4400,4400,4400,22259,0,3800,3867.325679779464,3044.0509579784703,6329.764209018322,1200.2863111550384
1777233528,200,GET,trips_per_route,46.300000,0.000000,3800,3900,4100,4100,4200,4300,4300,4400,4400,4400,4400,22312,0,3800,3867.243253507045,3044.0509579784703,6329.764209018322,1200.2862136966655
1777233528,200,,Aggregated,46.300000,0.000000,3800,3900,4100,4100,4200,4300,4300,4400,4400,4400,4400,22312,0,3800,3867.243253507045,3044.0509579784703,6329.764209018322,1200.2862136966655
1777233529,200,GET,trips_per_route,47.400000,0.000000,3800,3900,4100,4100,4200,4300,4300,4400,4400,4400,4400,22352,0,3800,3867.2785788035553,3044.0509579784703,6329.764209018322,1200.2865068002864
1777233529,200,,Aggregated,47.400000,0.000000,3800,3900,4100,4100,4200,4300,4300,4400,4400,4400,4400,22352,0,3800,3867.2785788035553,3044.0509579784703,6329.764209018322,1200.2865068002864
1777233530,200,GET,trips_per_route,47.300000,0.000000,3800,3900,4100,4100,4200,4300,4300,4400,4400,4400,4400,22395,0,3800,3867.2704595761106,3044.0509579784703,6329.764209018322,1200.2868497432462
1777233530,200,,Aggregated,47.300000,0.000000,3800,3900,4100,4100,4200,4300,4300,4400,4400,4400,4400,22395,0,3800,3867.2704595761106,3044.0509579784703,6329.764209018322,1200.2868497432462
1777233531,200,GET,trips_per_route,47.000000,0.000000,3800,3900,4100,4100,4200,4300,4300,4400,4400,4400,4400,22446,0,3800,3867.3218580794874,3044.0509579784703,6329.764209018322,1200.2869999108973
1777233531,200,,Aggregated,47.000000,0.000000,3800,3900,4100,4100,4200,4300,4300,4400,4400,4400,4400,22446,0,3800,3867.3218580794874,3044.0509579784703,6329.764209018322,1200.2869999108973
1777233532,200,GET,trips_per_route,45.500000,0.000000,3800,3900,4100,4100,4200,4300,4300,4400,4400,4400,4400,22497,0,3800,3867.2922191899424,3044.0509579784703,6329.764209018322,1200.2872827488109
1777233532,200,,Aggregated,45.500000,0.000000,3800,3900,4100,4100,4200,4300,4300,4400,4400,4400,4400,22497,0,3800,3867.2922191899424,3044.0509579784703,6329.764209018322,1200.2872827488109
1777233533,200,GET,trips_per_route,46.800000,0.000000,3800,3900,4100,4100,4200,4300,4300,4300,4400,4400,4400,22541,0,3800,3867.3251399519645,3044.0509579784703,6329.764209018322,1200.287564881771
1777233533,200,,Aggregated,46.800000,0.000000,3800,3900,4100,4100,4200,4300,4300,4300,4400,4400,4400,22541,0,3800,3867.3251399519645,3044.0509579784703,6329.764209018322,1200.287564881771
1777233534,200,GET,trips_per_route,47.300000,0.000000,3800,3900,4100,4200,4200,4300,4300,4300,4400,4400,4400,22585,0,3800,3867.277516243752,3044.0509579784703,6329.764209018322,1200.2874031436795
1777233534,200,,Aggregated,47.300000,0.000000,3800,3900,4100,4200,4200,4300,4300,4300,4400,4400,4400,22585,0,3800,3867.277516243752,3044.0509579784703,6329.764209018322,1200.2874031436795
1777233535,200,GET,trips_per_route,46.700000,0.000000,3800,3900,4100,4200,4200,4300,4300,4300,4400,4400,4400,22629,0,3800,3867.265128980293,3044.0509579784703,6329.764209018322,1200.2874187988864
1777233535,200,,Aggregated,46.700000,0.000000,3800,3900,4100,4200,4200,4300,4300,4300,4400,4400,4400,22629,0,3800,3867.265128980293,3044.0509579784703,6329.764209018322,1200.2874187988864
1777233536,200,GET,trips_per_route,45.600000,0.000000,3800,3900,4100,4200,4200,4300,4300,4300,4400,4400,4400,22680,0,3800,3867.328084251287,3044.0509579784703,6329.764209018322,1200.2874338624338
1777233536,200,,Aggregated,45.600000,0.000000,3800,3900,4100,4200,4200,4300,4300,4300,4400,4400,4400,22680,0,3800,3867.328084251287,3044.0509579784703,6329.764209018322,1200.2874338624338
1777233537,200,GET,trips_per_route,46.600000,0.000000,3800,4000,4100,4200,4200,4300,4300,4400,4400,4400,4400,22732,0,3800,3867.2742346227424,3044.0509579784703,6329.764209018322,1200.2875241949675
1777233537,200,,Aggregated,46.600000,0.000000,3800,4000,4100,4200,4200,4300,4300,4400,4400,4400,4400,22732,0,3800,3867.2742346227424,3044.0509579784703,6329.764209018322,1200.2875241949675
1777233538,200,GET,trips_per_route,47.100000,0.000000,3800,3900,4100,4200,4200,4300,4300,4400,4400,4400,4400,22768,0,3800,3867.2305958247184,3044.0509579784703,6329.764209018322,1200.2876844694308
1777233538,200,,Aggregated,47.100000,0.000000,3800,3900,4100,4200,4200,4300,4300,4400,4400,4400,4400,22768,0,3800,3867.2305958247184,3044.0509579784703,6329.764209018322,1200.2876844694308
1777233539,200,GET,trips_per_route,47.400000,0.000000,3800,3900,4100,4200,4200,4300,4300,4400,4400,4400,4400,22816,0,3800,3867.330249877328,3044.0509579784703,6329.764209018322,1200.2872545582047
1777233539,200,,Aggregated,47.400000,0.000000,3800,3900,4100,4200,4200,4300,4300,4400,4400,4400,4400,22816,0,3800,3867.330249877328,3044.0509579784703,6329.764209018322,1200.2872545582047
1777233540,200,GET,trips_per_route,46.400000,0.000000,3800,3900,4100,4200,4200,4300,4300,4400,4400,4400,4400,22865,0,3800,3867.3315663294193,3044.0509579784703,6329.764209018322,1200.2876448720751
1777233540,200,,Aggregated,46.400000,0.000000,3800,3900,4100,4200,4200,4300,4300,4400,4400,4400,4400,22865,0,3800,3867.3315663294193,3044.0509579784703,6329.764209018322,1200.2876448720751
1777233541,200,GET,trips_per_route,46.700000,0.000000,3800,3900,4100,4200,4200,4300,4300,4400,4400,4400,4400,22919,0,3800,3867.363238870028,3044.0509579784703,6329.764209018322,1200.287927047428
1777233541,200,,Aggregated,46.700000,0.000000,3800,3900,4100,4200,4200,4300,4300,4400,4400,4400,4400,22919,0,3800,3867.363238870028,3044.0509579784703,6329.764209018322,1200.287927047428
1777233542,200,GET,trips_per_route,47.600000,0.000000,3800,3900,4100,4200,4200,4300,4400,4400,4400,4400,4400,22957,0,3800,3867.3890262662453,3044.0509579784703,6329.764209018322,1200.2880602866228
1777233542,200,,Aggregated,47.600000,0.000000,3800,3900,4100,4200,4200,4300,4400,4400,4400,4400,4400,22957,0,3800,3867.3890262662453,3044.0509579784703,6329.764209018322,1200.2880602866228
1777233543,200,GET,trips_per_route,47.400000,0.000000,3800,3900,4100,4200,4200,4300,4400,4400,4400,4400,4400,23006,0,3800,3867.297150907902,3044.0509579784703,6329.764209018322,1200.2882726245327
1777233543,200,,Aggregated,47.400000,0.000000,3800,3900,4100,4200,4200,4300,4400,4400,4400,4400,4400,23006,0,3800,3867.297150907902,3044.0509579784703,6329.764209018322,1200.2882726245327
1777233544,200,GET,trips_per_route,46.800000,0.000000,3800,3900,4100,4200,4200,4300,4400,4400,4400,4400,4400,23052,0,3800,3867.2982640567525,3044.0509579784703,6329.764209018322,1200.2885216033317
1777233544,200,,Aggregated,46.800000,0.000000,3800,3900,4100,4200,4200,4300,4400,4400,4400,4400,4400,23052,0,3800,3867.2982640567525,3044.0509579784703,6329.764209018322,1200.2885216033317
1777233545,200,GET,trips_per_route,46.800000,0.000000,3800,3900,4100,4200,4200,4300,4400,4400,4400,4400,4400,23108,0,3800,3867.2889516453274,3044.0509579784703,6329.764209018322,1200.2891206508568
1777233545,200,,Aggregated,46.800000,0.000000,3800,3900,4100,4200,4200,4300,4400,4400,4400,4400,4400,23108,0,3800,3867.2889516453274,3044.0509579784703,6329.764209018322,1200.2891206508568
1777233546,200,GET,trips_per_route,47.600000,0.000000,3800,3900,4100,4200,4200,4300,4400,4400,4400,4400,4400,23148,0,3800,3867.2863902459526,3044.0509579784703,6329.764209018322,1200.289269051322
1777233546,200,,Aggregated,47.600000,0.000000,3800,3900,4100,4200,4200,4300,4400,4400,4400,4400,4400,23148,0,3800,3867.2863902459526,3044.0509579784703,6329.764209018322,1200.289269051322
1777233547,200,GET,trips_per_route,47.400000,0.000000,3800,3900,4100,4200,4200,4300,4400,4400,4400,4400,4400,23194,0,3800,3867.310024059384,3044.0509579784703,6329.764209018322,1200.2895576442183
1777233547,200,,Aggregated,47.400000,0.000000,3800,3900,4100,4200,4200,4300,4400,4400,4400,4400,4400,23194,0,3800,3867.310024059384,3044.0509579784703,6329.764209018322,1200.2895576442183
1777233548,200,GET,trips_per_route,47.100000,0.000000,3800,3900,4100,4200,4200,4300,4400,4400,4400,4400,4400,23236,0,3800,3867.338467575284,3044.0509579784703,6329.764209018322,1200.2898949905318
1777233548,200,,Aggregated,47.100000,0.000000,3800,3900,4100,4200,4200,4300,4400,4400,4400,4400,4400,23236,0,3800,3867.338467575284,3044.0509579784703,6329.764209018322,1200.2898949905318
1777233549,200,GET,trips_per_route,45.700000,0.000000,3800,3900,4100,4200,4200,4300,4400,4400,4400,4400,4400,23289,0,3800,3867.2973076951503,3044.0509579784703,6329.764209018322,1200.2902657907166
1777233549,200,,Aggregated,45.700000,0.000000,3800,3900,4100,4200,4200,4300,4400,4400,4400,4400,4400,23289,0,3800,3867.2973076951503,3044.0509579784703,6329.764209018322,1200.2902657907166
1777233550,200,GET,trips_per_route,46.500000,0.000000,3800,3900,4100,4200,4200,4300,4400,4400,4400,4400,4400,23340,0,3800,3867.3807357467153,3044.0509579784703,6329.764209018322,1200.2902742073693
1777233550,200,,Aggregated,46.500000,0.000000,3800,3900,4100,4200,4200,4300,4400,4400,4400,4400,4400,23340,0,3800,3867.3807357467153,3044.0509579784703,6329.764209018322,1200.2902742073693
1777233551,200,GET,trips_per_route,47.200000,0.000000,3800,3900,4100,4200,4200,4300,4300,4400,4400,4400,4400,23377,0,3800,3867.3670791481904,3044.0509579784703,6329.764209018322,1200.2904136544466
1777233551,200,,Aggregated,47.200000,0.000000,3800,3900,4100,4200,4200,4300,4300,4400,4400,4400,4400,23377,0,3800,3867.3670791481904,3044.0509579784703,6329.764209018322,1200.2904136544466
1777233552,200,GET,trips_per_route,47.400000,0.000000,3800,3900,4100,4200,4300,4300,4400,4400,4400,4400,4400,23425,0,3800,3867.470364379175,3044.0509579784703,6329.764209018322,1200.2903735325508
1777233552,200,,Aggregated,47.400000,0.000000,3800,3900,4100,4200,4300,4300,4400,4400,4400,4400,4400,23425,0,3800,3867.470364379175,3044.0509579784703,6329.764209018322,1200.2903735325508
1777233553,200,GET,trips_per_route,46.100000,0.000000,3800,3900,4100,4200,4200,4300,4400,4400,4400,4400,4400,23474,0,3800,3867.4639966273476,3044.0509579784703,6329.764209018322,1200.29087501065
1777233553,200,,Aggregated,46.100000,0.000000,3800,3900,4100,4200,4200,4300,4400,4400,4400,4400,4400,23474,0,3800,3867.4639966273476,3044.0509579784703,6329.764209018322,1200.29087501065
1777233554,200,GET,trips_per_route,46.400000,0.000000,3800,3900,4100,4200,4300,4300,4400,4400,4400,4400,4400,23529,0,3800,3867.522532644121,3044.0509579784703,6329.764209018322,1200.2910025925453
1777233554,200,,Aggregated,46.400000,0.000000,3800,3900,4100,4200,4300,4300,4400,4400,4400,4400,4400,23529,0,3800,3867.522532644121,3044.0509579784703,6329.764209018322,1200.2910025925453
1777233555,200,GET,trips_per_route,47.300000,0.000000,3800,3900,4100,4200,4300,4300,4400,4400,4400,4400,4400,23569,0,3800,3867.5644220268787,3044.0509579784703,6329.764209018322,1200.2905087190802
1777233555,200,,Aggregated,47.300000,0.000000,3800,3900,4100,4200,4300,4300,4400,4400,4400,4400,4400,23569,0,3800,3867.5644220268787,3044.0509579784703,6329.764209018322,1200.2905087190802
1777233556,200,GET,trips_per_route,47.300000,0.000000,3800,3900,4100,4200,4300,4300,4400,4400,4400,4400,4400,23611,0,3800,3867.548448945127,3044.0509579784703,6329.764209018322,1200.2907966625726
1777233556,200,,Aggregated,47.300000,0.000000,3800,3900,4100,4200,4300,4300,4400,4400,4400,4400,4400,23611,0,3800,3867.548448945127,3044.0509579784703,6329.764209018322,1200.2907966625726
1777233557,200,GET,trips_per_route,46.300000,0.000000,3800,3900,4100,4200,4300,4300,4400,4400,4400,4400,4400,23667,0,3800,3867.5429901938332,3044.0509579784703,6329.764209018322,1200.2912916719483
1777233557,200,,Aggregated,46.300000,0.000000,3800,3900,4100,4200,4300,4300,4400,4400,4400,4400,4400,23667,0,3800,3867.5429901938332,3044.0509579784703,6329.764209018322,1200.2912916719483
1777233558,200,GET,trips_per_route,45.900000,0.000000,3800,3900,4100,4200,4200,4300,4400,4400,4400,4400,4400,23714,0,3800,3867.568171577692,3044.0509579784703,6329.764209018322,1200.2914733912457
1777233558,200,,Aggregated,45.900000,0.000000,3800,3900,4100,4200,4200,4300,4400,4400,4400,4400,4400,23714,0,3800,3867.568171577692,3044.0509579784703,6329.764209018322,1200.2914733912457
1777233559,200,GET,trips_per_route,47.300000,0.000000,3800,3900,4100,4200,4300,4300,4400,4400,4400,4400,4400,23755,0,3800,3867.6293240703576,3044.0509579784703,6329.764209018322,1200.2914754788465
1777233559,200,,Aggregated,47.300000,0.000000,3800,3900,4100,4200,4300,4300,4400,4400,4400,4400,4400,23755,0,3800,3867.6293240703576,3044.0509579784703,6329.764209018322,1200.2914754788465
1777233560,200,GET,trips_per_route,47.600000,0.000000,3800,3900,4100,4200,4300,4300,4400,4400,4400,4400,4400,23797,0,3800,3867.6363643318637,3044.0509579784703,6329.764209018322,1200.2915493549608
1777233560,200,,Aggregated,47.600000,0.000000,3800,3900,4100,4200,4300,4300,4400,4400,4400,4400,4400,23797,0,3800,3867.6363643318637,3044.0509579784703,6329.764209018322,1200.2915493549608
1777233561,200,GET,trips_per_route,46.600000,0.000000,3800,3900,4100,4200,4300,4300,4400,4400,4400,4400,4400,23852,0,3800,3867.661140203386,3044.0509579784703,6329.764209018322,1200.29205098105
1777233561,200,,Aggregated,46.600000,0.000000,3800,3900,4100,4200,4300,4300,4400,4400,4400,4400,4400,23852,0,3800,3867.661140203386,3044.0509579784703,6329.764209018322,1200.29205098105
1777233562,200,GET,trips_per_route,45.700000,0.000000,3800,3900,4100,4200,4300,4300,4400,4400,4400,4400,4400,23907,0,3800,3867.6978613379383,3044.0509579784703,6329.764209018322,1200.2922156690508
1777233562,200,,Aggregated,45.700000,0.000000,3800,3900,4100,4200,4300,4300,4400,4400,4400,4400,4400,23907,0,3800,3867.6978613379383,3044.0509579784703,6329.764209018322,1200.2922156690508
1777233563,200,GET,trips_per_route,46.700000,0.000000,3800,3900,4100,4200,4300,4300,4400,4400,4400,4400,4400,23943,0,3800,3867.710108194802,3044.0509579784703,6329.764209018322,1200.2926951509835
1777233563,200,,Aggregated,46.700000,0.000000,3800,3900,4100,4200,4300,4300,4400,4400,4400,4400,4400,23943,0,3800,3867.710108194802,3044.0509579784703,6329.764209018322,1200.2926951509835
1777233564,200,GET,trips_per_route,47.500000,0.000000,3800,3900,4100,4200,4300,4300,4400,4400,4400,4400,4400,23986,0,3800,3867.81028363625,3044.0509579784703,6329.764209018322,1200.2925873426166
1777233564,200,,Aggregated,47.500000,0.000000,3800,3900,4100,4200,4300,4300,4400,4400,4400,4400,4400,23986,0,3800,3867.81028363625,3044.0509579784703,6329.764209018322,1200.2925873426166
1777233565,200,GET,trips_per_route,46.300000,0.000000,3800,3900,4100,4200,4200,4300,4400,4400,4400,4400,4400,24036,0,3800,3867.7836731243524,3044.0509579784703,6329.764209018322,1200.292769179564
1777233565,200,,Aggregated,46.300000,0.000000,3800,3900,4100,4200,4200,4300,4400,4400,4400,4400,4400,24036,0,3800,3867.7836731243524,3044.0509579784703,6329.764209018322,1200.292769179564
1777233566,200,GET,trips_per_route,45.600000,0.000000,3800,3900,4100,4200,4200,4300,4400,4400,4400,4400,4400,24090,0,3800,3867.7303575503147,3044.0509579784703,6329.764209018322,1200.2933167289332
1777233566,200,,Aggregated,45.600000,0.000000,3800,3900,4100,4200,4200,4300,4400,4400,4400,4400,4400,24090,0,3800,3867.7303575503147,3044.0509579784703,6329.764209018322,1200.2933167289332
1777233567,200,GET,trips_per_route,46.200000,0.000000,3800,4000,4100,4200,4200,4300,4400,4400,4400,4400,4400,24137,0,3800,3867.762511661185,3044.0509579784703,6329.764209018322,1200.2935741807185
1777233567,200,,Aggregated,46.200000,0.000000,3800,4000,4100,4200,4200,4300,4400,4400,4400,4400,4400,24137,0,3800,3867.762511661185,3044.0509579784703,6329.764209018322,1200.2935741807185
1777233568,200,GET,trips_per_route,47.500000,0.000000,3800,3900,4100,4200,4200,4300,4400,4400,4400,4400,4400,24174,0,3800,3867.7371620650724,3044.0509579784703,6329.764209018322,1200.2934144121784
1777233568,200,,Aggregated,47.500000,0.000000,3800,3900,4100,4200,4200,4300,4400,4400,4400,4400,4400,24174,0,3800,3867.7371620650724,3044.0509579784703,6329.764209018322,1200.2934144121784
1777233569,200,GET,trips_per_route,47.100000,0.000000,3800,3900,4100,4200,4200,4300,4400,4400,4400,4400,4400,24224,0,3800,3867.7103969948457,3044.0509579784703,6329.764209018322,1200.2937995376485
1777233569,200,,Aggregated,47.100000,0.000000,3800,3900,4100,4200,4200,4300,4400,4400,4400,4400,4400,24224,0,3800,3867.7103969948457,3044.0509579784703,6329.764209018322,1200.2937995376485
1777233570,200,GET,trips_per_route,46.100000,0.000000,3800,3900,4100,4200,4200,4300,4400,4400,4400,4400,4400,24273,0,3800,3867.7761017579714,3044.0509579784703,6329.764209018322,1200.29374201788
1777233570,200,,Aggregated,46.100000,0.000000,3800,3900,4100,4200,4200,4300,4400,4400,4400,4400,4400,24273,0,3800,3867.7761017579714,3044.0509579784703,6329.764209018322,1200.29374201788
1777233571,200,GET,trips_per_route,46.100000,0.000000,3800,3900,4100,4200,4200,4300,4400,4400,4400,4400,4400,24324,0,3800,3867.779780476172,3044.0509579784703,6329.764209018322,1200.2939072520967
1777233571,200,,Aggregated,46.100000,0.000000,3800,3900,4100,4200,4200,4300,4400,4400,4400,4400,4400,24324,0,3800,3867.779780476172,3044.0509579784703,6329.764209018322,1200.2939072520967
1777233572,200,GET,trips_per_route,46.900000,0.000000,3800,4000,4100,4200,4200,4300,4400,4400,4400,4400,4400,24364,0,3800,3867.8279688445396,3044.0509579784703,6329.764209018322,1200.294040387457
1777233572,200,,Aggregated,46.900000,0.000000,3800,4000,4100,4200,4200,4300,4400,4400,4400,4400,4400,24364,0,3800,3867.8279688445396,3044.0509579784703,6329.764209018322,1200.294040387457
1777233573,200,GET,trips_per_route,47.600000,0.000000,3800,3900,4100,4200,4200,4300,4400,4400,4400,4400,4400,24412,0,3800,3867.7560278282954,3044.0509579784703,6329.764209018322,1200.2940357201376
1777233573,200,,Aggregated,47.600000,0.000000,3800,3900,4100,4200,4200,4300,4400,4400,4400,4400,4400,24412,0,3800,3867.7560278282954,3044.0509579784703,6329.764209018322,1200.2940357201376
1777233574,200,GET,trips_per_route,46.200000,0.000000,3800,3900,4100,4200,4300,4300,4400,4400,4400,4400,4400,24463,0,3800,3867.78013106227,3044.0509579784703,6329.764209018322,1200.2941585251197
1777233574,200,,Aggregated,46.200000,0.000000,3800,3900,4100,4200,4300,4300,4400,4400,4400,4400,4400,24463,0,3800,3867.78013106227,3044.0509579784703,6329.764209018322,1200.2941585251197
1777233575,200,GET,trips_per_route,46.200000,0.000000,3800,3900,4100,4200,4200,4300,4400,4400,4400,4400,4400,24514,0,3800,3867.77323552053,3043.3184579887893,6329.764209018322,1200.2939952680101
1777233575,200,,Aggregated,46.200000,0.000000,3800,3900,4100,4200,4200,4300,4400,4400,4400,4400,4400,24514,0,3800,3867.77323552053,3043.3184579887893,6329.764209018322,1200.2939952680101
1777233576,200,GET,trips_per_route,47.000000,0.000000,3800,3900,4100,4200,4200,4300,4400,4400,4400,4400,4400,24554,0,3800,3867.751375329412,3043.3184579887893,6329.764209018322,1200.2940050500936
1777233576,200,,Aggregated,47.000000,0.000000,3800,3900,4100,4200,4200,4300,4400,4400,4400,4400,4400,24554,0,3800,3867.751375329412,3043.3184579887893,6329.764209018322,1200.2940050500936
1777233577,200,GET,trips_per_route,47.800000,0.000000,3800,3900,4100,4200,4200,4300,4400,4400,4400,4400,4400,24598,0,3800,3867.8181964829087,3043.3184579887893,6329.764209018322,1200.2942922188795
1777233577,200,,Aggregated,47.800000,0.000000,3800,3900,4100,4200,4200,4300,4400,4400,4400,4400,4400,24598,0,3800,3867.8181964829087,3043.3184579887893,6329.764209018322,1200.2942922188795
1777233578,200,GET,trips_per_route,46.300000,0.000000,3800,3900,4100,4200,4300,4300,4300,4400,4400,4400,4400,24648,0,3800,3867.801535319159,3043.3184579887893,6329.764209018322,1200.2942632262252
1777233578,200,,Aggregated,46.300000,0.000000,3800,3900,4100,4200,4300,4300,4300,4400,4400,4400,4400,24648,0,3800,3867.801535319159,3043.3184579887893,6329.764209018322,1200.2942632262252
1777233579,200,GET,trips_per_route,46.200000,0.000000,3800,3900,4100,4200,4200,4300,4400,4400,4600,4600,4600,24701,0,3800,3867.8087216207746,3043.3184579887893,6329.764209018322,1200.2943200680133
1777233579,200,,Aggregated,46.200000,0.000000,3800,3900,4100,4200,4200,4300,4400,4400,4600,4600,4600,24701,0,3800,3867.8087216207746,3043.3184579887893,6329.764209018322,1200.2943200680133
1777233580,200,GET,trips_per_route,47.400000,0.000000,3800,3900,4100,4200,4200,4300,4400,4400,4600,4600,4600,24739,0,3800,3867.817928010295,3043.3184579887893,6329.764209018322,1200.294393467804
1777233580,200,,Aggregated,47.400000,0.000000,3800,3900,4100,4200,4200,4300,4400,4400,4600,4600,4600,24739,0,3800,3867.817928010295,3043.3184579887893,6329.764209018322,1200.294393467804
1777233581,200,GET,trips_per_route,47.900000,0.000000,3800,3900,4100,4200,4200,4300,4400,4400,4700,4700,4700,24785,0,3800,3867.9145627078365,3043.3184579887893,6329.764209018322,1200.294250554771
1777233581,200,,Aggregated,47.900000,0.000000,3800,3900,4100,4200,4200,4300,4400,4400,4700,4700,4700,24785,0,3800,3867.9145627078365,3043.3184579887893,6329.764209018322,1200.294250554771
1777233582,200,GET,trips_per_route,46.700000,0.000000,3800,3900,4100,4200,4200,4300,4400,4400,4700,4700,4700,24836,0,3800,3867.9819683792725,3043.3184579887893,6329.764209018322,1200.2942905459815
1777233582,200,,Aggregated,46.700000,0.000000,3800,3900,4100,4200,4200,4300,4400,4400,4700,4700,4700,24836,0,3800,3867.9819683792725,3043.3184579887893,6329.764209018322,1200.2942905459815
1777233583,200,GET,trips_per_route,46.100000,0.000000,3800,4000,4100,4200,4200,4300,4400,4400,4700,4700,4700,24892,0,3800,3868.0211710723743,3043.3184579887893,6329.764209018322,1200.2949542021533
1777233583,200,,Aggregated,46.100000,0.000000,3800,4000,4100,4200,4200,4300,4400,4400,4700,4700,4700,24892,0,3800,3868.0211710723743,3043.3184579887893,6329.764209018322,1200.2949542021533
1777233584,200,GET,trips_per_route,46.900000,0.000000,3800,4000,4100,4200,4200,4300,4400,4400,4700,4700,4700,24930,0,3800,3868.018986376796,3043.3184579887893,6329.764209018322,1200.295066185319
1777233584,200,,Aggregated,46.900000,0.000000,3800,4000,4100,4200,4200,4300,4400,4400,4700,4700,4700,24930,0,3800,3868.018986376796,3043.3184579887893,6329.764209018322,1200.295066185319
1777233585,200,GET,trips_per_route,47.700000,0.000000,3800,3900,4100,4200,4200,4300,4400,4400,4700,4700,4700,24978,0,3800,3867.977946622893,3043.3184579887893,6329.764209018322,1200.2952998638802
1777233585,200,,Aggregated,47.700000,0.000000,3800,3900,4100,4200,4200,4300,4400,4400,4700,4700,4700,24978,0,3800,3867.977946622893,3043.3184579887893,6329.764209018322,1200.2952998638802
1777233586,200,GET,trips_per_route,47.000000,0.000000,3800,3900,4100,4200,4200,4300,4400,4400,4700,4700,4700,25025,0,3800,3867.9210155559126,3043.3184579887893,6329.764209018322,1200.2952247752248
1777233586,200,,Aggregated,47.000000,0.000000,3800,3900,4100,4200,4200,4300,4400,4400,4700,4700,4700,25025,0,3800,3867.9210155559126,3043.3184579887893,6329.764209018322,1200.2952247752248
1777233587,200,GET,trips_per_route,46.300000,0.000000,3800,3900,4100,4200,4200,4300,4400,4400,4700,4700,4700,25074,0,3800,3868.0118799402044,3043.3184579887893,6329.764209018322,1200.2952859535774
1777233587,200,,Aggregated,46.300000,0.000000,3800,3900,4100,4200,4200,4300,4400,4400,4700,4700,4700,25074,0,3800,3868.0118799402044,3043.3184579887893,6329.764209018322,1200.2952859535774
1777233588,200,GET,trips_per_route,47.400000,0.000000,3800,4000,4100,4200,4300,4300,4400,4400,4700,4700,4700,25119,0,3800,3868.038166079295,3043.3184579887893,6329.764209018322,1200.2956327879294
1777233588,200,,Aggregated,47.400000,0.000000,3800,4000,4100,4200,4300,4300,4400,4400,4700,4700,4700,25119,0,3800,3868.038166079295,3043.3184579887893,6329.764209018322,1200.2956327879294
1777233589,200,GET,trips_per_route,46.600000,0.000000,3800,3900,4100,4200,4300,4300,4400,4400,4700,4700,4700,25165,0,3800,3868.0867841195263,3043.3184579887893,6329.764209018322,1200.295926882575
1777233589,200,,Aggregated,46.600000,0.000000,3800,3900,4100,4200,4300,4300,4400,4400,4700,4700,4700,25165,0,3800,3868.0867841195263,3043.3184579887893,6329.764209018322,1200.295926882575
1777233590,200,GET,trips_per_route,46.900000,0.000000,3800,3900,4100,4200,4300,4300,4400,4400,4500,4500,4500,25208,0,3800,3868.0871727224644,3043.3184579887893,6329.764209018322,1200.296215487147
1777233590,200,,Aggregated,46.900000,0.000000,3800,3900,4100,4200,4300,4300,4400,4400,4500,4500,4500,25208,0,3800,3868.0871727224644,3043.3184579887893,6329.764209018322,1200.296215487147
1777233591,200,GET,trips_per_route,45.700000,0.000000,3800,3900,4100,4200,4300,4300,4300,4400,4500,4500,4500,25258,0,3800,3868.071630532421,3043.3184579887893,6329.764209018322,1200.2960250217752
1777233591,200,,Aggregated,45.700000,0.000000,3800,3900,4100,4200,4300,4300,4300,4400,4500,4500,4500,25258,0,3800,3868.071630532421,3043.3184579887893,6329.764209018322,1200.2960250217752
1777233592,200,GET,trips_per_route,47.200000,0.000000,3800,3900,4100,4200,4300,4300,4400,4400,4500,4500,4500,25308,0,3800,3868.0082064691387,3043.3184579887893,6329.764209018322,1200.2962699541647
1777233592,200,,Aggregated,47.200000,0.000000,3800,3900,4100,4200,4300,4300,4400,4400,4500,4500,4500,25308,0,3800,3868.0082064691387,3043.3184579887893,6329.764209018322,1200.2962699541647
1777233593,200,GET,trips_per_route,46.700000,0.000000,3800,3900,4100,4200,4300,4300,4400,4400,4500,4500,4500,25350,0,3800,3868.066509710253,3043.3184579887893,6329.764209018322,1200.2965680473374
1777233593,200,,Aggregated,46.700000,0.000000,3800,3900,4100,4200,4300,4300,4400,4400,4500,4500,4500,25350,0,3800,3868.066509710253,3043.3184579887893,6329.764209018322,1200.2965680473374
1777233594,200,GET,trips_per_route,47.500000,0.000000,3800,3900,4100,4200,4300,4300,4400,4400,4500,4500,4500,25401,0,3800,3868.2055796305162,3043.3184579887893,6329.764209018322,1200.2966024959646
1777233594,200,,Aggregated,47.500000,0.000000,3800,3900,4100,4200,4300,4300,4400,4400,4500,4500,4500,25401,0,3800,3868.2055796305162,3043.3184579887893,6329.764209018322,1200.2966024959646
1777233595,200,GET,trips_per_route,46.100000,0.000000,3800,4000,4100,4200,4200,4300,4300,4400,4500,4500,4500,25445,0,3800,3868.1940279075984,3043.3184579887893,6329.764209018322,1200.2967184122617
1777233595,200,,Aggregated,46.100000,0.000000,3800,4000,4100,4200,4200,4300,4300,4400,4500,4500,4500,25445,0,3800,3868.1940279075984,3043.3184579887893,6329.764209018322,1200.2967184122617
1777233596,200,GET,trips_per_route,46.500000,0.000000,3800,4000,4100,4200,4200,4300,4300,4400,4500,4500,4500,25501,0,3800,3868.22465992455,3043.3184579887893,6329.764209018322,1200.2970079604722
1777233596,200,,Aggregated,46.500000,0.000000,3800,4000,4100,4200,4200,4300,4300,4400,4500,4500,4500,25501,0,3800,3868.22465992455,3043.3184579887893,6329.764209018322,1200.2970079604722
1777233597,200,GET,trips_per_route,46.400000,0.000000,3800,3900,4100,4200,4200,4300,4300,4400,4500,4500,4500,25536,0,3800,3868.223797917209,3043.3184579887893,6329.764209018322,1200.296875
1777233597,200,,Aggregated,46.400000,0.000000,3800,3900,4100,4200,4200,4300,4300,4400,4500,4500,4500,25536,0,3800,3868.223797917209,3043.3184579887893,6329.764209018322,1200.296875
1777233598,200,GET,trips_per_route,46.900000,0.000000,3800,3900,4100,4200,4200,4300,4300,4400,4400,4400,4400,25587,0,3800,3868.162427330983,3043.3184579887893,6329.764209018322,1200.2967522570054
1777233598,200,,Aggregated,46.900000,0.000000,3800,3900,4100,4200,4200,4300,4300,4400,4400,4400,4400,25587,0,3800,3868.162427330983,3043.3184579887893,6329.764209018322,1200.2967522570054
1777233599,200,GET,trips_per_route,46.600000,0.000000,3800,3900,4100,4200,4200,4300,4400,4400,4400,4400,4400,25633,0,3800,3868.1630203900363,3043.3184579887893,6329.764209018322,1200.2966488510904
1777233599,200,,Aggregated,46.600000,0.000000,3800,3900,4100,4200,4200,4300,4400,4400,4400,4400,4400,25633,0,3800,3868.1630203900363,3043.3184579887893,6329.764209018322,1200.2966488510904
1777233600,200,GET,trips_per_route,46.200000,0.000000,3800,3900,4100,4200,4200,4300,4300,4400,4400,4400,4400,25680,0,3800,3868.2573356727357,3043.3184579887893,6329.764209018322,1200.2965342679129
1777233600,200,,Aggregated,46.200000,0.000000,3800,3900,4100,4200,4200,4300,4300,4400,4400,4400,4400,25680,0,3800,3868.2573356727357,3043.3184579887893,6329.764209018322,1200.2965342679129
1777233601,200,GET,trips_per_route,47.000000,0.000000,3800,4100,4100,4200,4300,4300,4400,4400,4400,4400,4400,25721,0,3800,3868.3610016179346,3043.3184579887893,6329.764209018322,1200.2967614011898
1777233601,200,,Aggregated,47.000000,0.000000,3800,4100,4100,4200,4300,4300,4400,4400,4400,4400,4400,25721,0,3800,3868.3610016179346,3043.3184579887893,6329.764209018322,1200.2967614011898
1777233602,200,GET,trips_per_route,46.500000,0.000000,3800,4000,4100,4200,4300,4300,4400,4400,4400,4400,4400,25776,0,3800,3868.3655767617456,3043.3184579887893,6329.764209018322,1200.2969816883924
1777233602,200,,Aggregated,46.500000,0.000000,3800,4000,4100,4200,4300,4300,4400,4400,4400,4400,4400,25776,0,3800,3868.3655767617456,3043.3184579887893,6329.764209018322,1200.2969816883924
1777233603,200,GET,trips_per_route,47.100000,0.000000,3800,3900,4100,4200,4300,4300,4400,4400,4400,4400,4400,25820,0,3800,3868.37572850131,3043.3184579887893,6329.764209018322,1200.2970565453138
1777233603,200,,Aggregated,47.100000,0.000000,3800,3900,4100,4200,4300,4300,4400,4400,4400,4400,4400,25820,0,3800,3868.37572850131,3043.3184579887893,6329.764209018322,1200.2970565453138
1777233604,200,GET,trips_per_route,45.500000,0.000000,3800,3900,4100,4200,4300,4300,4400,4400,4400,4400,4400,25867,0,3800,3868.42690649232,3043.3184579887893,6329.764209018322,1200.297135346194
1777233604,200,,Aggregated,45.500000,0.000000,3800,3900,4100,4200,4300,4300,4400,4400,4400,4400,4400,25867,0,3800,3868.42690649232,3043.3184579887893,6329.764209018322,1200.297135346194
1777233605,200,GET,trips_per_route,47.500000,0.000000,3800,3900,4100,4200,4300,4300,4400,4400,4500,4500,4500,25913,0,3800,3868.479600605449,3043.3184579887893,6329.764209018322,1200.2973025122526
1777233605,200,,Aggregated,47.500000,0.000000,3800,3900,4100,4200,4300,4300,4400,4400,4500,4500,4500,25913,0,3800,3868.479600605449,3043.3184579887893,6329.764209018322,1200.2973025122526
1777233606,200,GET,trips_per_route,46.900000,0.000000,3800,3900,4100,4200,4300,4300,4400,4400,4500,4500,4500,25958,0,3800,3868.540466455037,3043.3184579887893,6329.764209018322,1200.2967871176515
1777233606,200,,Aggregated,46.900000,0.000000,3800,3900,4100,4200,4300,4300,4400,4400,4500,4500,4500,25958,0,3800,3868.540466455037,3043.3184579887893,6329.764209018322,1200.2967871176515
1777233607,200,GET,trips_per_route,47.100000,0.000000,3800,4000,4100,4200,4300,4300,4400,4400,4500,4500,4500,26006,0,3800,3868.6695030711694,3043.3184579887893,6329.764209018322,1200.2971237406753
1777233607,200,,Aggregated,47.100000,0.000000,3800,4000,4100,4200,4300,4300,4400,4400,4500,4500,4500,26006,0,3800,3868.6695030711694,3043.3184579887893,6329.764209018322,1200.2971237406753
1777233608,200,GET,trips_per_route,45.500000,0.000000,3800,4000,4100,4200,4300,4300,4400,4400,4500,4500,4500,26051,0,3800,3868.6815640200666,3043.3184579887893,6329.764209018322,1200.297071129707
1777233608,200,,Aggregated,45.500000,0.000000,3800,4000,4100,4200,4300,4300,4400,4400,4500,4500,4500,26051,0,3800,3868.6815640200666,3043.3184579887893,6329.764209018322,1200.297071129707
1777233609,200,GET,trips_per_route,47.300000,0.000000,3800,4000,4100,4200,4300,4300,4400,4400,4500,4500,4500,26099,0,3800,3868.773842538361,3043.3184579887893,6329.764209018322,1200.2967929805739
1777233609,200,,Aggregated,47.300000,0.000000,3800,4000,4100,4200,4300,4300,4400,4400,4500,4500,4500,26099,0,3800,3868.773842538361,3043.3184579887893,6329.764209018322,1200.2967929805739
1777233610,200,GET,trips_per_route,46.400000,0.000000,3800,3900,4100,4200,4300,4300,4400,4400,4500,4500,4500,26146,0,3800,3868.7973880545674,3043.3184579887893,6329.764209018322,1200.297024401438
1777233610,200,,Aggregated,46.400000,0.000000,3800,3900,4100,4200,4300,4300,4400,4400,4500,4500,4500,26146,0,3800,3868.7973880545674,3043.3184579887893,6329.764209018322,1200.297024401438
1777233611,200,GET,trips_per_route,46.500000,0.000000,3800,3900,4100,4200,4300,4300,4400,4400,4500,4500,4500,26192,0,3800,3868.8471216094945,3043.3184579887893,6329.764209018322,1200.2963882101405
1777233611,200,,Aggregated,46.500000,0.000000,3800,3900,4100,4200,4300,4300,4400,4400,4500,4500,4500,26192,0,3800,3868.8471216094945,3043.3184579887893,6329.764209018322,1200.2963882101405
1777233612,200,GET,trips_per_route,46.700000,0.000000,3800,4000,4200,4200,4300,4300,4400,4400,4500,4500,4500,26233,0,3800,3869.0018673390723,3043.3184579887893,6329.764209018322,1200.2965348987916
1777233612,200,,Aggregated,46.700000,0.000000,3800,4000,4200,4200,4300,4300,4400,4400,4500,4500,4500,26233,0,3800,3869.0018673390723,3043.3184579887893,6329.764209018322,1200.2965348987916
1777233613,200,GET,trips_per_route,46.200000,0.000000,3800,4000,4200,4200,4300,4300,4400,4400,4500,4500,4500,26287,0,3800,3869.109430871762,3043.3184579887893,6329.764209018322,1200.296610491878
1777233613,200,,Aggregated,46.200000,0.000000,3800,4000,4200,4200,4300,4300,4400,4400,4500,4500,4500,26287,0,3800,3869.109430871762,3043.3184579887893,6329.764209018322,1200.296610491878
1777233614,200,GET,trips_per_route,46.400000,0.000000,3800,4100,4200,4200,4300,4400,4400,4400,4500,4500,4500,26331,0,3800,3869.241088456953,3043.3184579887893,6329.764209018322,1200.2966845163496
1777233614,200,,Aggregated,46.400000,0.000000,3800,4100,4200,4200,4300,4400,4400,4400,4500,4500,4500,26331,0,3800,3869.241088456953,3043.3184579887893,6329.764209018322,1200.2966845163496
1777233615,200,GET,trips_per_route,46.100000,0.000000,3800,4000,4200,4200,4300,4400,4400,4400,4500,4500,4500,26373,0,3800,3869.236454061005,3043.3184579887893,6329.764209018322,1200.2967049634096
1777233615,200,,Aggregated,46.100000,0.000000,3800,4000,4200,4200,4300,4400,4400,4400,4500,4500,4500,26373,0,3800,3869.236454061005,3043.3184579887893,6329.764209018322,1200.2967049634096
1777233616,200,GET,trips_per_route,46.300000,0.000000,3800,3900,4200,4200,4300,4400,4400,4400,4500,4500,4500,26420,0,3800,3869.3428185257353,3043.3184579887893,6329.764209018322,1200.2968584405753
1777233616,200,,Aggregated,46.300000,0.000000,3800,3900,4200,4200,4300,4400,4400,4400,4500,4500,4500,26420,0,3800,3869.3428185257353,3043.3184579887893,6329.764209018322,1200.2968584405753
1777233617,200,GET,trips_per_route,45.900000,0.000000,3800,3900,4200,4200,4300,4400,4400,4500,4500,4500,4500,26473,0,3800,3869.362192677067,3043.3184579887893,6329.764209018322,1200.2972840252332
1777233617,200,,Aggregated,45.900000,0.000000,3800,3900,4200,4200,4300,4400,4400,4500,4500,4500,4500,26473,0,3800,3869.362192677067,3043.3184579887893,6329.764209018322,1200.2972840252332
1777233618,200,GET,trips_per_route,47.200000,0.000000,3800,4000,4200,4200,4300,4400,4400,4500,4500,4500,4500,26518,0,3800,3869.491969331964,3043.3184579887893,6329.764209018322,1200.2971189380798
1777233618,200,,Aggregated,47.200000,0.000000,3800,4000,4200,4200,4300,4400,4400,4500,4500,4500,4500,26518,0,3800,3869.491969331964,3043.3184579887893,6329.764209018322,1200.2971189380798
1777233619,200,GET,trips_per_route,46.200000,0.000000,3800,4000,4200,4200,4300,4400,4400,4500,4500,4500,4500,26564,0,3800,3869.614502909574,3043.3184579887893,6329.764209018322,1200.297093811173
1777233619,200,,Aggregated,46.200000,0.000000,3800,4000,4200,4200,4300,4400,4400,4500,4500,4500,4500,26564,0,3800,3869.614502909574,3043.3184579887893,6329.764209018322,1200.297093811173
1777233620,200,GET,trips_per_route,46.200000,0.000000,3800,4000,4200,4200,4300,4400,4400,4500,4500,4500,4500,26609,0,3800,3869.6588594820237,3043.3184579887893,6329.764209018322,1200.2968168664738
1777233620,200,,Aggregated,46.200000,0.000000,3800,4000,4200,4200,4300,4400,4400,4500,4500,4500,4500,26609,0,3800,3869.6588594820237,3043.3184579887893,6329.764209018322,1200.2968168664738
1777233621,200,GET,trips_per_route,46.200000,0.000000,3800,4000,4200,4200,4300,4300,4400,4500,4500,4500,4500,26661,0,3800,3869.727272074951,3043.3184579887893,6329.764209018322,1200.2971381418552
1777233621,200,,Aggregated,46.200000,0.000000,3800,4000,4200,4200,4300,4300,4400,4500,4500,4500,4500,26661,0,3800,3869.727272074951,3043.3184579887893,6329.764209018322,1200.2971381418552
1777233622,200,GET,trips_per_route,45.800000,0.000000,3800,3900,4200,4200,4300,4400,4400,4500,4500,4500,4500,26705,0,3800,3869.751133871642,3043.3184579887893,6329.764209018322,1200.2973225987644
1777233622,200,,Aggregated,45.800000,0.000000,3800,3900,4200,4200,4300,4400,4400,4500,4500,4500,4500,26705,0,3800,3869.751133871642,3043.3184579887893,6329.764209018322,1200.2973225987644
1777233623,200,GET,trips_per_route,46.100000,0.000000,3800,3900,4100,4200,4300,4300,4400,4400,4500,4500,4500,26747,0,3800,3869.79511959592,3043.3184579887893,6329.764209018322,1200.2974913074363
1777233623,200,,Aggregated,46.100000,0.000000,3800,3900,4100,4200,4300,4300,4400,4400,4500,4500,4500,26747,0,3800,3869.79511959592,3043.3184579887893,6329.764209018322,1200.2974913074363
1777233624,200,GET,trips_per_route,46.700000,0.000000,3800,4000,4200,4200,4300,4300,4400,4400,4500,4500,4500,26799,0,3800,3869.8842155880434,3043.3184579887893,6329.764209018322,1200.2973618418598
1777233624,200,,Aggregated,46.700000,0.000000,3800,4000,4200,4200,4300,4300,4400,4400,4500,4500,4500,26799,0,3800,3869.8842155880434,3043.3184579887893,6329.764209018322,1200.2973618418598
1777233625,200,GET,trips_per_route,46.200000,0.000000,3800,3900,4100,4200,4300,4300,4400,4400,4500,4500,4500,26844,0,3800,3869.8875063500595,3043.3184579887893,6329.764209018322,1200.2974966472955
1777233625,200,,Aggregated,46.200000,0.000000,3800,3900,4100,4200,4300,4300,4400,4400,4500,4500,4500,26844,0,3800,3869.8875063500595,3043.3184579887893,6329.764209018322,1200.2974966472955
1777233626,200,GET,trips_per_route,46.300000,0.000000,3800,4000,4200,4200,4300,4300,4400,4400,4500,4500,4500,26891,0,3800,3869.9462122008117,3043.3184579887893,6329.764209018322,1200.2972741809526
1777233626,200,,Aggregated,46.300000,0.000000,3800,4000,4200,4200,4300,4300,4400,4400,4500,4500,4500,26891,0,3800,3869.9462122008117,3043.3184579887893,6329.764209018322,1200.2972741809526
1777233627,200,GET,trips_per_route,46.400000,0.000000,3800,4000,4200,4200,4300,4300,4400,4400,4500,4500,4500,26933,0,3800,3870.019011538039,3043.3184579887893,6329.764209018322,1200.2974418000222
1777233627,200,,Aggregated,46.400000,0.000000,3800,4000,4200,4200,4300,4300,4400,4400,4500,4500,4500,26933,0,3800,3870.019011538039,3043.3184579887893,6329.764209018322,1200.2974418000222
1777233628,200,GET,trips_per_route,46.400000,0.000000,3800,3900,4100,4200,4300,4300,4400,4400,4500,4500,4500,26986,0,3800,3870.0703146988094,3043.3184579887893,6329.764209018322,1200.297117023642
1777233628,200,,Aggregated,46.400000,0.000000,3800,3900,4100,4200,4300,4300,4400,4400,4500,4500,4500,26986,0,3800,3870.0703146988094,3043.3184579887893,6329.764209018322,1200.297117023642
1777233629,200,GET,trips_per_route,46.600000,0.000000,3800,3900,4200,4200,4300,4400,4400,4400,4500,4500,4500,27024,0,3800,3870.0400135051073,3043.3184579887893,6329.764209018322,1200.2972542924808
1777233629,200,,Aggregated,46.600000,0.000000,3800,3900,4200,4200,4300,4400,4400,4400,4500,4500,4500,27024,0,3800,3870.0400135051073,3043.3184579887893,6329.764209018322,1200.2972542924808
1777233630,200,GET,trips_per_route,46.800000,0.000000,3800,3900,4100,4200,4300,4400,4400,4400,4500,4500,4500,27082,0,3800,3870.2174053739013,3043.3184579887893,6329.764209018322,1200.2971715530612
1777233630,200,,Aggregated,46.800000,0.000000,3800,3900,4100,4200,4300,4400,4400,4400,4500,4500,4500,27082,0,3800,3870.2174053739013,3043.3184579887893,6329.764209018322,1200.2971715530612
1777233631,200,GET,trips_per_route,47.100000,0.000000,3800,4000,4100,4200,4300,4300,4400,4400,4500,4500,4500,27122,0,3800,3870.2847092106354,3043.3184579887893,6329.764209018322,1200.2973969471277
1777233631,200,,Aggregated,47.100000,0.000000,3800,4000,4100,4200,4300,4300,4400,4400,4500,4500,4500,27122,0,3800,3870.2847092106354,3043.3184579887893,6329.764209018322,1200.2973969471277
1777233632,200,GET,trips_per_route,46.800000,0.000000,3800,3900,4100,4200,4300,4300,4400,4400,4500,4500,4500,27165,0,3800,3870.256508971463,3043.3184579887893,6329.764209018322,1200.2974415608319
1777233632,200,,Aggregated,46.800000,0.000000,3800,3900,4100,4200,4300,4300,4400,4400,4500,4500,4500,27165,0,3800,3870.256508971463,3043.3184579887893,6329.764209018322,1200.2974415608319
1777233633,200,GET,trips_per_route,46.500000,0.000000,3800,4000,4200,4200,4300,4300,4400,4400,4500,4500,4500,27215,0,3800,3870.4242455125795,3043.3184579887893,6329.764209018322,1200.2975197501378
1777233633,200,,Aggregated,46.500000,0.000000,3800,4000,4200,4200,4300,4300,4400,4400,4500,4500,4500,27215,0,3800,3870.4242455125795,3043.3184579887893,6329.764209018322,1200.2975197501378
1777233634,200,GET,trips_per_route,46.600000,0.000000,3800,3900,4100,4200,4300,4300,4400,4400,4500,4500,4500,27261,0,3800,3870.425852386812,3043.3184579887893,6329.764209018322,1200.297788048861
1777233634,200,,Aggregated,46.600000,0.000000,3800,3900,4100,4200,4300,4300,4400,4400,4500,4500,4500,27261,0,3800,3870.425852386812,3043.3184579887893,6329.764209018322,1200.297788048861
1777233635,200,GET,trips_per_route,46.700000,0.000000,3800,4000,4200,4200,4300,4300,4400,4400,4500,4500,4500,27312,0,3800,3870.475863437712,3043.3184579887893,6329.764209018322,1200.2978544229643
1777233635,200,,Aggregated,46.700000,0.000000,3800,4000,4200,4200,4300,4300,4400,4400,4500,4500,4500,27312,0,3800,3870.475863437712,3043.3184579887893,6329.764209018322,1200.2978544229643
1777233636,200,GET,trips_per_route,46.300000,0.000000,3800,4000,4200,4200,4300,4300,4400,4400,4500,4500,4500,27353,0,3800,3870.567490394387,3043.3184579887893,6329.764209018322,1200.2982122619092
1777233636,200,,Aggregated,46.300000,0.000000,3800,4000,4200,4200,4300,4300,4400,4400,4500,4500,4500,27353,0,3800,3870.567490394387,3043.3184579887893,6329.764209018322,1200.2982122619092
1777233637,200,GET,trips_per_route,46.500000,0.000000,3800,3900,4100,4200,4300,4300,4400,4400,4400,4400,4400,27402,0,3800,3870.5374678812323,3043.3184579887893,6329.764209018322,1200.2982993942048
1777233637,200,,Aggregated,46.500000,0.000000,3800,3900,4100,4200,4300,4300,4400,4400,4400,4400,4400,27402,0,3800,3870.5374678812323,3043.3184579887893,6329.764209018322,1200.2982993942048
1777233638,200,GET,trips_per_route,45.600000,0.000000,3800,4000,4100,4200,4300,4300,4400,4400,4400,4400,4400,27446,0,3800,3870.5596184508317,3043.3184579887893,6329.764209018322,1200.2983677038549
1777233638,200,,Aggregated,45.600000,0.000000,3800,4000,4100,4200,4300,4300,4400,4400,4400,4400,4400,27446,0,3800,3870.5596184508317,3043.3184579887893,6329.764209018322,1200.2983677038549
1777233639,200,GET,trips_per_route,46.200000,0.000000,3800,4000,4100,4200,4300,4300,4400,4400,4400,4400,4400,27497,0,3800,3870.636481423703,3043.3184579887893,6329.764209018322,1200.29854165909
1777233639,200,,Aggregated,46.200000,0.000000,3800,4000,4100,4200,4300,4300,4400,4400,4400,4400,4400,27497,0,3800,3870.636481423703,3043.3184579887893,6329.764209018322,1200.29854165909
1777233640,200,GET,trips_per_route,46.500000,0.000000,3800,3900,4200,4200,4300,4300,4400,4400,4400,4400,4400,27541,0,3800,3870.676177081603,3043.3184579887893,6329.764209018322,1200.2985367270614
1777233640,200,,Aggregated,46.500000,0.000000,3800,3900,4200,4200,4300,4300,4400,4400,4400,4400,4400,27541,0,3800,3870.676177081603,3043.3184579887893,6329.764209018322,1200.2985367270614
1777233641,200,GET,trips_per_route,45.800000,0.000000,3800,3900,4100,4200,4300,4300,4400,4400,4400,4400,4400,27590,0,3800,3870.742368504548,3043.3184579887893,6329.764209018322,1200.2984052192824
1777233641,200,,Aggregated,45.800000,0.000000,3800,3900,4100,4200,4300,4300,4400,4400,4400,4400,4400,27590,0,3800,3870.742368504548,3043.3184579887893,6329.764209018322,1200.2984052192824
1777233642,200,GET,trips_per_route,46.300000,0.000000,3800,3900,4100,4200,4300,4400,4400,4400,4400,4400,4400,27633,0,3800,3870.8568562001083,3043.3184579887893,6329.764209018322,1200.2984113197988
1777233642,200,,Aggregated,46.300000,0.000000,3800,3900,4100,4200,4300,4400,4400,4400,4400,4400,4400,27633,0,3800,3870.8568562001083,3043.3184579887893,6329.764209018322,1200.2984113197988
1777233643,200,GET,trips_per_route,46.700000,0.000000,3800,3900,4100,4200,4300,4300,4400,4400,4500,4500,4500,27679,0,3800,3870.8247842468472,3043.3184579887893,6329.764209018322,1200.2982405433722
1777233643,200,,Aggregated,46.700000,0.000000,3800,3900,4100,4200,4300,4300,4400,4400,4500,4500,4500,27679,0,3800,3870.8247842468472,3043.3184579887893,6329.764209018322,1200.2982405433722
1777233644,200,GET,trips_per_route,45.900000,0.000000,3800,4000,4100,4200,4300,4400,4400,4400,4500,4500,4500,27719,0,3800,3870.956521602273,3043.3184579887893,6329.764209018322,1200.2980627006746
1777233644,200,,Aggregated,45.900000,0.000000,3800,4000,4100,4200,4300,4400,4400,4400,4500,4500,4500,27719,0,3800,3870.956521602273,3043.3184579887893,6329.764209018322,1200.2980627006746
1777233645,200,GET,trips_per_route,46.300000,0.000000,3800,4000,4100,4200,4300,4300,4400,4400,4500,4500,4500,27780,0,3800,3871.0758623305055,3043.3184579887893,6329.764209018322,1200.2984881209504
1777233645,200,,Aggregated,46.300000,0.000000,3800,4000,4100,4200,4300,4300,4400,4400,4500,4500,4500,27780,0,3800,3871.0758623305055,3043.3184579887893,6329.764209018322,1200.2984881209504
1777233646,200,GET,trips_per_route,47.100000,0.000000,3800,4000,4100,4200,4300,4300,4400,4400,4500,4500,4500,27820,0,3800,3871.043909525639,3043.3184579887893,6329.764209018322,1200.298526240115
1777233646,200,,Aggregated,47.100000,0.000000,3800,4000,4100,4200,4300,4300,4400,4400,4500,4500,4500,27820,0,3800,3871.043909525639,3043.3184579887893,6329.764209018322,1200.298526240115
1777233647,200,GET,trips_per_route,46.200000,0.000000,3800,4000,4100,4200,4300,4300,4400,4400,4500,4500,4500,27869,0,3800,3871.119693372209,3043.3184579887893,6329.764209018322,1200.2985395959668
1777233647,200,,Aggregated,46.200000,0.000000,3800,4000,4100,4200,4300,4300,4400,4400,4500,4500,4500,27869,0,3800,3871.119693372209,3043.3184579887893,6329.764209018322,1200.2985395959668
1777233648,200,GET,trips_per_route,47.300000,0.000000,3800,4000,4100,4200,4300,4300,4400,4400,4500,4500,4500,27910,0,3800,3871.231124652533,3043.3184579887893,6329.764209018322,1200.2984235041204
1777233648,200,,Aggregated,47.300000,0.000000,3800,4000,4100,4200,4300,4300,4400,4400,4500,4500,4500,27910,0,3800,3871.231124652533,3043.3184579887893,6329.764209018322,1200.2984235041204
1777233649,200,GET,trips_per_route,46.700000,0.000000,3800,3900,4100,4200,4300,4300,4400,4400,4500,4500,4500,27961,0,3800,3871.1713529592375,3043.3184579887893,6329.764209018322,1200.2983441221702
1777233649,200,,Aggregated,46.700000,0.000000,3800,3900,4100,4200,4300,4300,4400,4400,4500,4500,4500,27961,0,3800,3871.1713529592375,3043.3184579887893,6329.764209018322,1200.2983441221702
1777233650,200,GET,trips_per_route,46.200000,0.000000,3800,4000,4100,4200,4300,4300,4400,4400,4500,4500,4500,28006,0,3800,3871.241594765774,3043.3184579887893,6329.764209018322,1200.2982575162466
1777233650,200,,Aggregated,46.200000,0.000000,3800,4000,4100,4200,4300,4300,4400,4400,4500,4500,4500,28006,0,3800,3871.241594765774,3043.3184579887893,6329.764209018322,1200.2982575162466
1777233651,200,GET,trips_per_route,46.400000,0.000000,3800,4000,4100,4200,4300,4300,4400,4400,4500,4500,4500,28055,0,3800,3871.375936741915,3043.3184579887893,6329.764209018322,1200.298271252896
1777233651,200,,Aggregated,46.400000,0.000000,3800,4000,4100,4200,4300,4300,4400,4400,4500,4500,4500,28055,0,3800,3871.375936741915,3043.3184579887893,6329.764209018322,1200.298271252896
1777233652,200,GET,trips_per_route,46.900000,0.000000,3800,4000,4100,4200,4300,4300,4400,4400,4500,4500,4500,28103,0,3800,3871.4381712895884,3043.3184579887893,6329.764209018322,1200.298259972245
1777233652,200,,Aggregated,46.900000,0.000000,3800,4000,4100,4200,4300,4300,4400,4400,4500,4500,4500,28103,0,3800,3871.4381712895884,3043.3184579887893,6329.764209018322,1200.298259972245
1777233653,200,GET,trips_per_route,46.000000,0.000000,3800,4000,4100,4200,4300,4300,4400,4400,4500,4500,4500,28143,0,3800,3871.4565562366943,3043.3184579887893,6329.764209018322,1200.2985111750702
1777233653,200,,Aggregated,46.000000,0.000000,3800,4000,4100,4200,4300,4300,4400,4400,4500,4500,4500,28143,0,3800,3871.4565562366943,3043.3184579887893,6329.764209018322,1200.2985111750702
1777233654,200,GET,trips_per_route,46.500000,0.000000,3800,3900,4100,4200,4300,4300,4400,4400,4500,4500,4500,28199,0,3800,3871.495285777132,3043.3184579887893,6329.764209018322,1200.2984857619065
1777233654,200,,Aggregated,46.500000,0.000000,3800,3900,4100,4200,4300,4300,4400,4400,4500,4500,4500,28199,0,3800,3871.495285777132,3043.3184579887893,6329.764209018322,1200.2984857619065
1777233655,200,GET,trips_per_route,45.900000,0.000000,3800,3900,4100,4200,4300,4300,4400,4400,4500,4500,4500,28237,0,3800,3871.521860164513,3043.3184579887893,6329.764209018322,1200.298792364628
1777233655,200,,Aggregated,45.900000,0.000000,3800,3900,4100,4200,4300,4300,4400,4400,4500,4500,4500,28237,0,3800,3871.521860164513,3043.3184579887893,6329.764209018322,1200.298792364628
1777233656,200,GET,trips_per_route,46.700000,0.000000,3800,4000,4200,4200,4300,4400,4400,4400,4500,4500,4500,28288,0,3800,3871.6454276830596,3043.3184579887893,6329.764209018322,1200.2988192873304
1777233656,200,,Aggregated,46.700000,0.000000,3800,4000,4200,4200,4300,4400,4400,4400,4500,4500,4500,28288,0,3800,3871.6454276830596,3043.3184579887893,6329.764209018322,1200.2988192873304
1777233657,200,GET,trips_per_route,46.900000,0.000000,3800,4000,4200,4200,4300,4400,4400,4500,4500,4500,4500,28331,0,3800,3871.7064532479003,3043.3184579887893,6329.764209018322,1200.2989305001588
1777233657,200,,Aggregated,46.900000,0.000000,3800,4000,4200,4200,4300,4400,4400,4500,4500,4500,4500,28331,0,3800,3871.7064532479003,3043.3184579887893,6329.764209018322,1200.2989305001588
1777233658,200,GET,trips_per_route,45.700000,0.000000,3800,4000,4200,4200,4300,4400,4400,4500,4500,4500,4500,28386,0,3800,3871.8065200909023,3043.3184579887893,6329.764209018322,1200.2988092721764
1777233658,200,,Aggregated,45.700000,0.000000,3800,4000,4200,4200,4300,4400,4400,4500,4500,4500,4500,28386,0,3800,3871.8065200909023,3043.3184579887893,6329.764209018322,1200.2988092721764
1777233659,200,GET,trips_per_route,46.100000,0.000000,3800,4000,4200,4200,4300,4400,4400,4400,4500,4500,4500,28423,0,3800,3871.8391869982897,3043.3184579887893,6329.764209018322,1200.2991943144636
1777233659,200,,Aggregated,46.100000,0.000000,3800,4000,4200,4200,4300,4400,4400,4400,4500,4500,4500,28423,0,3800,3871.8391869982897,3043.3184579887893,6329.764209018322,1200.2991943144636
1777233660,200,GET,trips_per_route,46.700000,0.000000,3800,4000,4200,4200,4300,4300,4400,4400,4500,4500,4500,28469,0,3800,3871.876482036476,3043.3184579887893,6329.764209018322,1200.2992728933225
1777233660,200,,Aggregated,46.700000,0.000000,3800,4000,4200,4200,4300,4300,4400,4400,4500,4500,4500,28469,0,3800,3871.876482036476,3043.3184579887893,6329.764209018322,1200.2992728933225
1777233661,200,GET,trips_per_route,46.400000,0.000000,3800,4000,4100,4200,4300,4300,4400,4400,4500,4500,4500,28515,0,3800,3871.895771625296,3043.3184579887893,6329.764209018322,1200.299491495704
1777233661,200,,Aggregated,46.400000,0.000000,3800,4000,4100,4200,4300,4300,4400,4400,4500,4500,4500,28515,0,3800,3871.895771625296,3043.3184579887893,6329.764209018322,1200.299491495704
1777233662,200,GET,trips_per_route,45.700000,0.000000,3800,4000,4200,4200,4300,4300,4400,4400,4500,4500,4500,28571,0,3800,3871.9696238282245,3043.3184579887893,6329.764209018322,1200.2992544888173
1777233662,200,,Aggregated,45.700000,0.000000,3800,4000,4200,4200,4300,4300,4400,4400,4500,4500,4500,28571,0,3800,3871.9696238282245,3043.3184579887893,6329.764209018322,1200.2992544888173
1777233663,200,GET,trips_per_route,47.000000,0.000000,3800,4000,4200,4200,4300,4400,4400,4400,4500,4500,4500,28609,0,3800,3872.0662205796866,3043.3184579887893,6329.764209018322,1200.2993114055018
1777233663,200,,Aggregated,47.000000,0.000000,3800,4000,4200,4200,4300,4400,4400,4400,4500,4500,4500,28609,0,3800,3872.0662205796866,3043.3184579887893,6329.764209018322,1200.2993114055018
1777233664,200,GET,trips_per_route,46.700000,0.000000,3800,4000,4200,4200,4300,4400,4400,4400,4500,4500,4500,28654,0,3800,3872.156401768483,3043.3184579887893,6329.764209018322,1200.2996440287568
1777233664,200,,Aggregated,46.700000,0.000000,3800,4000,4200,4200,4300,4400,4400,4400,4500,4500,4500,28654,0,3800,3872.156401768483,3043.3184579887893,6329.764209018322,1200.2996440287568
1777233665,200,GET,trips_per_route,46.800000,0.000000,3800,4000,4200,4200,4300,4400,4400,4500,4500,4500,4500,28703,0,3800,3872.2388631874132,3043.3184579887893,6329.764209018322,1200.299898965265
1777233665,200,,Aggregated,46.800000,0.000000,3800,4000,4200,4200,4300,4400,4400,4500,4500,4500,4500,28703,0,3800,3872.2388631874132,3043.3184579887893,6329.764209018322,1200.299898965265
1777233666,200,GET,trips_per_route,45.600000,0.000000,3800,4000,4100,4200,4300,4400,4400,4400,4500,4500,4500,28754,0,3800,3872.2597084051686,3043.3184579887893,6329.764209018322,1200.2998191555957
1777233666,200,,Aggregated,45.600000,0.000000,3800,4000,4100,4200,4300,4400,4400,4400,4500,4500,4500,28754,0,3800,3872.2597084051686,3043.3184579887893,6329.764209018322,1200.2998191555957
1777233667,200,GET,trips_per_route,46.300000,0.000000,3800,4000,4100,4200,4300,4400,4400,4400,4500,4500,4500,28796,0,3800,3872.308567039876,3043.3184579887893,6329.764209018322,1200.300006945409
1777233667,200,,Aggregated,46.300000,0.000000,3800,4000,4100,4200,4300,4400,4400,4400,4500,4500,4500,28796,0,3800,3872.308567039876,3043.3184579887893,6329.764209018322,1200.300006945409
1777233668,200,GET,trips_per_route,46.600000,0.000000,3800,4000,4200,4200,4300,4400,4400,4400,4500,4500,4500,28842,0,3800,3872.4419216834244,3043.3184579887893,6329.764209018322,1200.2998751820262
1777233668,200,,Aggregated,46.600000,0.000000,3800,4000,4200,4200,4300,4400,4400,4400,4500,4500,4500,28842,0,3800,3872.4419216834244,3043.3184579887893,6329.764209018322,1200.2998751820262
1777233669,200,GET,trips_per_route,47.000000,0.000000,3800,4000,4200,4200,4300,4400,4400,4400,4500,4500,4500,28891,0,3800,3872.4975753530293,3043.3184579887893,6329.764209018322,1200.2995050361703
1777233669,200,,Aggregated,47.000000,0.000000,3800,4000,4200,4200,4300,4400,4400,4400,4500,4500,4500,28891,0,3800,3872.4975753530293,3043.3184579887893,6329.764209018322,1200.2995050361703
1777233670,200,GET,trips_per_route,45.800000,0.000000,3800,4000,4200,4200,4300,4400,4400,4400,4500,4500,4500,28932,0,3800,3872.5171869608557,3043.3184579887893,6329.764209018322,1200.2997718788884
1777233670,200,,Aggregated,45.800000,0.000000,3800,4000,4200,4200,4300,4400,4400,4400,4500,4500,4500,28932,0,3800,3872.5171869608557,3043.3184579887893,6329.764209018322,1200.2997718788884
1777233671,200,GET,trips_per_route,46.300000,0.000000,3800,4100,4200,4200,4300,4400,4400,4500,4500,4500,4500,28987,0,3800,3872.736515260723,3043.3184579887893,6329.764209018322,1200.2995480732743
1777233671,200,,Aggregated,46.300000,0.000000,3800,4100,4200,4200,4300,4400,4400,4500,4500,4500,4500,28987,0,3800,3872.736515260723,3043.3184579887893,6329.764209018322,1200.2995480732743
1777233672,200,GET,trips_per_route,46.700000,0.000000,3800,4000,4200,4200,4300,4400,4400,4500,4500,4500,4500,29026,0,3800,3872.7426979456195,3043.3184579887893,6329.764209018322,1200.2997312754082
1777233672,200,,Aggregated,46.700000,0.000000,3800,4000,4200,4200,4300,4400,4400,4500,4500,4500,4500,29026,0,3800,3872.7426979456195,3043.3184579887893,6329.764209018322,1200.2997312754082
1777233673,200,GET,trips_per_route,46.100000,0.000000,3800,3900,4200,4200,4300,4400,4400,4400,4500,4500,4500,29078,0,3800,3872.769468986609,3043.3184579887893,6329.764209018322,1200.2992296581608
1777233673,200,,Aggregated,46.100000,0.000000,3800,3900,4200,4200,4300,4400,4400,4400,4500,4500,4500,29078,0,3800,3872.769468986609,3043.3184579887893,6329.764209018322,1200.2992296581608
1777233674,200,GET,trips_per_route,46.000000,0.000000,3800,4000,4200,4200,4300,4400,4400,4400,4500,4500,4500,29117,0,3800,3872.8715751988743,3043.3184579887893,6329.764209018322,1200.2992753374317
1777233674,200,,Aggregated,46.000000,0.000000,3800,4000,4200,4200,4300,4400,4400,4400,4500,4500,4500,29117,0,3800,3872.8715751988743,3043.3184579887893,6329.764209018322,1200.2992753374317
1777233675,200,GET,trips_per_route,46.200000,0.000000,3800,3900,4200,4200,4300,4400,4400,4500,4500,4500,4500,29174,0,3800,3872.917432213737,3043.3184579887893,6329.764209018322,1200.2990676629877
1777233675,200,,Aggregated,46.200000,0.000000,3800,3900,4200,4200,4300,4400,4400,4500,4500,4500,4500,29174,0,3800,3872.917432213737,3043.3184579887893,6329.764209018322,1200.2990676629877
1777233676,200,GET,trips_per_route,46.200000,0.000000,3800,4000,4200,4200,4300,4400,4400,4500,4500,4500,4500,29211,0,3800,3873.0070084238355,3043.3184579887893,6329.764209018322,1200.2987230837698
1777233676,200,,Aggregated,46.200000,0.000000,3800,4000,4200,4200,4300,4400,4400,4500,4500,4500,4500,29211,0,3800,3873.0070084238355,3043.3184579887893,6329.764209018322,1200.2987230837698
1777233677,200,GET,trips_per_route,46.300000,0.000000,3800,4000,4200,4200,4300,4400,4400,4500,4500,4500,4500,29262,0,3800,3873.0522561108723,3043.3184579887893,6329.764209018322,1200.2985441870003
1777233677,200,,Aggregated,46.300000,0.000000,3800,4000,4200,4200,4300,4400,4400,4500,4500,4500,4500,29262,0,3800,3873.0522561108723,3043.3184579887893,6329.764209018322,1200.2985441870003
1777233678,200,GET,trips_per_route,46.600000,0.000000,3800,4000,4200,4200,4300,4400,4400,4500,4500,4500,4500,29305,0,3800,3873.1070648474497,3043.3184579887893,6329.764209018322,1200.2982426207132
1777233678,200,,Aggregated,46.600000,0.000000,3800,4000,4200,4200,4300,4400,4400,4500,4500,4500,4500,29305,0,3800,3873.1070648474497,3043.3184579887893,6329.764209018322,1200.2982426207132
1777233679,200,GET,trips_per_route,45.200000,0.000000,3800,3900,4200,4200,4300,4400,4400,4500,4500,4500,4500,29358,0,3800,3873.157886763526,3043.3184579887893,6329.764209018322,1200.2980448259418
1777233679,200,,Aggregated,45.200000,0.000000,3800,3900,4200,4200,4300,4400,4400,4500,4500,4500,4500,29358,0,3800,3873.157886763526,3043.3184579887893,6329.764209018322,1200.2980448259418
1777233680,200,GET,trips_per_route,47.100000,0.000000,3800,4000,4200,4200,4300,4400,4400,4500,4500,4500,4500,29403,0,3800,3873.280175313115,3043.3184579887893,6329.764209018322,1200.2980988334523
1777233680,200,,Aggregated,47.100000,0.000000,3800,4000,4200,4200,4300,4400,4400,4500,4500,4500,4500,29403,0,3800,3873.280175313115,3043.3184579887893,6329.764209018322,1200.2980988334523
1777233681,200,GET,trips_per_route,46.400000,0.000000,3800,3900,4100,4200,4300,4400,4400,4500,5700,5700,5700,29443,0,3800,3873.338172313943,3043.3184579887893,6329.764209018322,1200.2981693441566
1777233681,200,,Aggregated,46.400000,0.000000,3800,3900,4100,4200,4300,4400,4400,4500,5700,5700,5700,29443,0,3800,3873.338172313943,3043.3184579887893,6329.764209018322,1200.2981693441566
1777233682,200,GET,trips_per_route,46.100000,0.000000,3800,4000,4200,4200,4300,4400,4400,4500,5700,5700,5700,29494,0,3800,3873.4309883784013,3043.3184579887893,6329.764209018322,1200.2980945277006
1777233682,200,,Aggregated,46.100000,0.000000,3800,4000,4200,4200,4300,4400,4400,4500,5700,5700,5700,29494,0,3800,3873.4309883784013,3043.3184579887893,6329.764209018322,1200.2980945277006
1777233683,200,GET,trips_per_route,45.700000,0.000000,3800,4100,4200,4200,4300,4400,4400,4500,5700,5700,5700,29540,0,3800,3873.573478237666,3043.3184579887893,6329.764209018322,1200.2979350033852
1777233683,200,,Aggregated,45.700000,0.000000,3800,4100,4200,4200,4300,4400,4400,4500,5700,5700,5700,29540,0,3800,3873.573478237666,3043.3184579887893,6329.764209018322,1200.2979350033852
1777233684,200,GET,trips_per_route,47.000000,0.000000,3800,4000,4200,4200,4300,4400,4400,4500,5700,5700,5700,29588,0,3800,3873.5558358575627,3043.3184579887893,6329.764209018322,1200.297755846965
1777233684,200,,Aggregated,47.000000,0.000000,3800,4000,4200,4200,4300,4400,4400,4500,5700,5700,5700,29588,0,3800,3873.5558358575627,3043.3184579887893,6329.764209018322,1200.297755846965
1777233685,200,GET,trips_per_route,45.900000,0.000000,3800,4100,4200,4200,4300,4300,4400,4400,5700,5700,5700,29633,0,3800,3873.6151218579807,3043.3184579887893,6329.764209018322,1200.2977761279653
1777233685,200,,Aggregated,45.900000,0.000000,3800,4100,4200,4200,4300,4300,4400,4400,5700,5700,5700,29633,0,3800,3873.6151218579807,3043.3184579887893,6329.764209018322,1200.2977761279653
1777233686,200,GET,trips_per_route,46.800000,0.000000,3800,4000,4200,4200,4300,4300,4400,4400,5700,5700,5700,29685,0,3800,3873.6593354225565,3043.3184579887893,6329.764209018322,1200.2975240020212
1777233686,200,,Aggregated,46.800000,0.000000,3800,4000,4200,4200,4300,4300,4400,4400,5700,5700,5700,29685,0,3800,3873.6593354225565,3043.3184579887893,6329.764209018322,1200.2975240020212
1777233687,200,GET,trips_per_route,45.800000,0.000000,3800,3900,4200,4200,4300,4300,4400,4400,5700,5700,5700,29720,0,3800,3873.6829829778826,3043.3184579887893,6329.764209018322,1200.2977792732167
1777233687,200,,Aggregated,45.800000,0.000000,3800,3900,4200,4200,4300,4300,4400,4400,5700,5700,5700,29720,0,3800,3873.6829829778826,3043.3184579887893,6329.764209018322,1200.2977792732167
1777233688,200,GET,trips_per_route,46.100000,0.000000,3800,4000,4200,4200,4300,4300,4400,4400,5700,5700,5700,29779,0,3800,3873.672565593521,3043.3184579887893,6329.764209018322,1200.2980288122503
1777233688,200,,Aggregated,46.100000,0.000000,3800,4000,4200,4200,4300,4300,4400,4400,5700,5700,5700,29779,0,3800,3873.672565593521,3043.3184579887893,6329.764209018322,1200.2980288122503
