Timestamp,User Count,Type,Name,Requests/s,Failures/s,50%,66%,75%,80%,90%,95%,98%,99%,99.9%,99.99%,100%,Total Request Count,Total Failure Count,Total Median Response Time,Total Average Response Time,Total Min Response Time,Total Max Response Time,Total Average Content Size
1777228648,0,,Aggregated,0.000000,0.000000,N/A,N/A,N/A,N/A,N/A,N/A,N/A,N/A,N/A,N/A,N/A,0,0,0,0.0,0,0,0
1777228649,20,GET,next_departures,0.000000,0.000000,0,0,0,0,0,0,0,0,0,0,0,13,0,100,216.93692299931382,75.5066669662483,379.6203749952838,109.61538461538461
1777228649,20,GET,point_read,0.000000,0.000000,0,0,0,0,0,0,0,0,0,0,0,16,0,350,256.8093644295004,68.82749998476356,411.0849579446949,104.5
1777228649,20,,Aggregated,0.000000,0.000000,0,0,0,0,0,0,0,0,0,0,0,29,0,350,238.9355113745892,68.82749998476356,411.0849579446949,106.79310344827586
1777228650,40,GET,bulk_update_departures,0.000000,0.000000,0,0,0,0,0,0,0,0,0,0,0,5,0,85,120.17799180466682,60.76425005448982,233.4699999773875,131.4
1777228650,40,GET,next_departures,0.000000,0.000000,140,170,230,230,230,240,240,240,240,240,240,42,0,140,177.06916371909236,71.49754202691838,379.6203749952838,109.54761904761905
1777228650,40,GET,point_read,0.000000,0.000000,93,150,170,230,230,230,240,240,240,240,240,38,0,150,187.85285528773736,61.86933402204886,411.0849579446949,104.34210526315789
1777228650,40,,Aggregated,0.000000,0.000000,100,150,230,230,230,230,240,240,240,240,240,85,0,150,178.54356866069685,60.76425005448982,411.0849579446949,108.50588235294117
1777228651,60,GET,bulk_update_departures,0.000000,0.000000,150,150,160,160,160,160,160,160,160,160,160,8,0,83,113.01294813165441,60.76425005448982,233.4699999773875,131.25
1777228651,60,GET,next_departures,6.000000,0.000000,130,160,230,230,240,280,280,280,280,280,280,68,0,140,165.04442710634868,65.25991699891165,379.6203749952838,109.52941176470588
1777228651,60,GET,point_read,10.000000,0.000000,110,150,170,230,280,280,280,280,280,280,280,75,0,140,168.48731165363765,61.86933402204886,411.0849579446949,104.50666666666666
1777228651,60,,Aggregated,16.000000,0.000000,110,150,180,230,240,280,280,280,280,280,280,151,0,140,163.99783445236932,60.76425005448982,411.0849579446949,108.18543046357615
1777228652,80,GET,bulk_update_departures,2.000000,0.000000,160,170,180,180,190,190,190,190,190,190,190,12,0,85,126.28718407844038,60.76425005448982,233.4699999773875,131.25
1777228652,80,GET,next_departures,15.500000,0.000000,110,150,180,210,230,280,280,320,330,330,330,108,0,120,150.65376083495923,62.09550000494346,379.6203749952838,109.55555555555556
1777228652,80,GET,point_read,13.500000,0.000000,110,150,170,180,230,280,280,280,280,280,280,108,0,120,155.19213851937954,61.86933402204886,411.0849579446949,104.5
1777228652,80,GET,trips_per_route,0.000000,0.000000,0,0,0,0,0,0,0,0,0,0,0,1,0,3960.0508749717847,3960.0508749717847,3960.0508749717847,3960.0508749717847,1194.0
1777228652,80,,Aggregated,31.000000,0.000000,110,150,170,190,230,280,280,320,4000,4000,4000,229,0,120,168.15220180865353,60.76425005448982,3960.0508749717847,113.04366812227074
1777228653,100,GET,bulk_update_departures,2.333333,0.000000,160,170,180,180,190,190,190,190,190,190,190,13,0,150,130.34415068642164,60.76425005448982,233.4699999773875,131.23076923076923
1777228653,100,GET,next_departures,18.333333,0.000000,110,150,180,220,240,280,320,330,370,370,370,141,0,110,147.24963506335286,62.09550000494346,379.6203749952838,109.54609929078015
1777228653,100,GET,point_read,20.333333,0.000000,110,150,170,180,230,280,280,280,380,380,380,146,0,120,150.36266811761354,61.86933402204886,411.0849579446949,104.47260273972603
1777228653,100,GET,trips_per_route,0.000000,0.000000,0,0,0,0,0,0,0,0,0,0,0,4,0,3900,3971.9535312178778,3633.1953749759123,4381.869457953144,1199.0
1777228653,100,,Aggregated,41.000000,0.000000,110,150,180,200,240,280,370,3900,4400,4400,4400,304,0,120,198.3468295161162,60.76425005448982,4381.869457953144,122.3717105263158
1777228654,120,GET,bulk_update_departures,2.500000,0.000000,170,180,190,190,210,1000,1000,1000,1000,1000,1000,16,0,150,189.1308672456944,60.76425005448982,1029.9517500097863,131.25
1777228654,120,GET,large_scan,0.000000,0.000000,0,0,0,0,0,0,0,0,0,0,0,3,0,5200.490000017453,5380.631624992627,5200.490000017453,5727.286915993318,652261.0
1777228654,120,GET,next_departures,23.750000,0.000000,110,150,190,220,240,320,370,1400,1500,1500,1500,158,0,120,170.5547724231559,60.847791959531605,1507.5300830067135,109.51898734177215
1777228654,120,GET,point_read,23.750000,0.000000,120,160,180,200,260,380,1300,1300,1400,1400,1400,166,0,130,194.46715036321555,61.86933402204886,1417.9913330008276,104.48192771084338
1777228654,120,GET,trips_per_route,0.000000,0.000000,3700,3700,3800,3800,3900,3900,3900,3900,3900,3900,3900,8,0,3700,3853.941140740062,3633.1953749759123,4381.869457953144,1200.0
1777228654,120,,Aggregated,50.000000,0.000000,120,160,190,230,280,1300,3800,4400,5700,5700,5700,351,0,130,311.19293128199973,60.76425005448982,5727.286915993318,5706.925925925926
1777228655,128,GET,bulk_update_departures,2.600000,0.000000,160,180,190,190,1000,1400,1400,1400,1400,1400,1400,20,0,120,235.9268437983701,60.76425005448982,1415.3977499809116,131.25
1777228655,128,GET,large_scan,0.000000,0.000000,5200,5200,5400,5400,5700,5700,5700,5700,5700,5700,5700,8,0,5200,5249.262250006723,5001.531333022285,5727.286915993318,652261.25
1777228655,128,GET,next_departures,26.600000,0.000000,110,150,200,230,320,1500,1600,1700,1800,1800,1800,205,0,110,253.67214959995005,60.847791959531605,1763.9625000301749,109.49268292682927
1777228655,128,GET,point_read,27.400000,0.000000,120,170,200,230,1300,1600,1700,1700,1800,1800,1800,225,0,130,299.556028184274,61.86933402204886,1836.9924579747021,104.49777777777778
1777228655,128,GET,trips_per_route,0.400000,0.000000,3700,3800,3900,4200,4200,4200,4200,4200,4200,4200,4200,11,0,3800,3903.504871350544,3633.1953749759123,4381.869457953144,1200.1818181818182
1777228655,128,,Aggregated,57.000000,0.000000,120,170,220,240,1500,1700,4200,5200,5700,5700,5700,469,0,130,445.74431870006094,60.76425005448982,5727.286915993318,11257.72921108742
1777228656,128,GET,bulk_update_departures,2.666667,0.000000,93,150,170,180,210,1000,1400,1400,1400,1400,1400,29,0,92,190.37795548351352,60.76425005448982,1415.3977499809116,131.3448275862069
1777228656,128,GET,large_scan,0.166667,0.000000,5200,5200,5300,5400,5600,5700,5700,5700,5700,5700,5700,18,0,5200,5185.085381943888,4796.617749962024,5727.286915993318,652260.9444444445
1777228656,128,GET,next_departures,25.166667,0.000000,100,140,160,200,280,1500,1500,1700,1800,1800,1800,253,0,110,224.879924251409,60.847791959531605,1763.9625000301749,109.50592885375494
1777228656,128,GET,point_read,26.666667,0.000000,100,150,170,190,280,1600,1600,1700,1800,1800,1800,295,0,110,251.55419720518324,61.86933402204886,1836.9924579747021,104.48474576271187
1777228656,128,GET,trips_per_route,0.833333,0.000000,3700,3800,3900,4100,4200,4200,4200,4200,4200,4200,4200,17,0,3700,3855.12468393084,3581.7563330056146,4381.869457953144,1200.235294117647
1777228656,128,,Aggregated,55.500000,0.000000,110,150,190,230,1500,3700,5100,5200,5700,5700,5700,612,0,110,482.83125199668575,60.76425005448982,5727.286915993318,19319.343137254902
1777228657,128,GET,bulk_update_departures,2.428571,0.000000,93,130,170,180,210,1000,1400,1400,1400,1400,1400,34,0,90,177.5848774722202,60.76425005448982,1415.3977499809116,131.35294117647058
1777228657,128,GET,large_scan,0.857143,0.000000,5200,5200,5400,5400,5600,5600,5700,5700,5700,5700,5700,29,0,5200,5182.375041655554,4731.248958967626,5727.286915993318,652261.1379310344
1777228657,128,GET,next_departures,26.857143,0.000000,98,130,150,170,240,1400,1500,1600,1800,1800,1800,309,0,99,201.80934439296456,56.711249984800816,1763.9625000301749,109.48867313915858
1777228657,128,GET,point_read,28.714286,0.000000,99,140,160,180,260,1500,1600,1700,1800,1800,1800,352,0,100,226.99966658050968,61.86933402204886,1836.9924579747021,104.4715909090909
1777228657,128,GET,trips_per_route,1.428571,0.000000,3700,3900,4200,4200,4200,4200,4300,4300,4300,4300,4300,24,0,3700,3889.2646962437234,3573.972792015411,4381.869457953144,1200.2916666666667
1777228657,128,,Aggregated,60.285714,0.000000,100,150,180,220,1500,4100,5200,5300,5700,5700,5700,748,0,110,523.9733754086649,56.711249984800816,5727.286915993318,25427.074866310162
1777228658,128,GET,bulk_update_departures,2.875000,0.000000,94,140,150,170,190,1000,1400,1400,1400,1400,1400,41,0,93,167.25281404938957,60.76425005448982,1415.3977499809116,131.3658536585366
1777228658,128,GET,large_scan,1.875000,0.000000,5200,5200,5400,5400,5500,5600,5700,5700,5700,5700,5700,33,0,5200,5185.407840849648,4731.248958967626,5727.286915993318,652261.1818181818
1777228658,128,GET,next_departures,29.500000,0.000000,97,130,150,160,230,370,1500,1600,1800,1800,1800,357,0,98,189.05822070382655,56.68445798801258,1763.9625000301749,109.47619047619048
1777228658,128,GET,point_read,34.625000,0.000000,97,130,150,160,230,1400,1600,1700,1800,1800,1800,406,0,99,210.27385675448127,61.86933402204886,1836.9924579747021,104.45812807881774
1777228658,128,GET,trips_per_route,2.000000,0.000000,3700,3900,4200,4200,4200,4200,4300,4300,4300,4300,4300,24,0,3700,3889.2646962437234,3573.972792015411,4381.869457953144,1200.2916666666667
1777228658,128,,Aggregated,70.875000,0.000000,100,140,160,190,1500,3900,5200,5300,5700,5700,5700,861,0,100,492.6633536207877,56.68445798801258,5727.286915993318,25133.91986062718
1777228659,128,GET,bulk_update_departures,3.555556,0.000000,100,150,170,180,210,280,1400,1400,1400,1400,1400,45,0,95,170.5231037314257,60.76425005448982,1415.3977499809116,131.3111111111111
1777228659,128,GET,large_scan,2.777778,0.000000,5200,5300,5400,5400,5600,5700,5700,5700,5700,5700,5700,36,0,5200,5217.890528890874,4731.248958967626,5727.286915993318,652261.1944444445
1777228659,128,GET,next_departures,31.777778,0.000000,100,130,150,160,260,370,1500,1600,1800,1800,1800,383,0,100,189.04210334277758,56.68445798801258,1763.9625000301749,109.47780678851174
1777228659,128,GET,point_read,37.111111,0.000000,100,140,160,170,260,1300,1600,1700,1800,1800,1800,438,0,100,208.34007422459953,61.86933402204886,1836.9924579747021,104.45662100456622
1777228659,128,GET,trips_per_route,2.444444,0.000000,3800,4200,4200,4200,4500,5600,5900,5900,5900,5900,5900,30,0,3800,4054.596287594177,3573.972792015411,5906.201042002067,1200.0
1777228659,128,,Aggregated,77.666667,0.000000,110,150,170,210,1500,4200,5200,5400,5900,5900,5900,932,0,110,515.8922375820487,56.68445798801258,5906.201042002067,25333.68454935622
1777228660,128,GET,bulk_update_departures,3.900000,0.000000,120,160,180,190,280,1000,1400,1400,1400,1400,1400,47,0,100,175.12230055178813,60.76425005448982,1415.3977499809116,131.31914893617022
1777228660,128,GET,large_scan,3.100000,0.000000,5200,5300,5400,5400,5600,5700,5700,5700,5700,5700,5700,39,0,5200,5215.350118514974,4731.248958967626,5727.286915993318,652261.0512820513
1777228660,128,GET,next_departures,33.700000,0.000000,110,140,160,180,260,370,1500,1600,1800,1800,1800,407,0,110,190.45257084835345,56.68445798801258,1763.9625000301749,109.48648648648648
1777228660,128,GET,point_read,38.500000,0.000000,110,150,160,190,250,1300,1600,1700,1800,1800,1800,473,0,110,207.8647776816954,61.86933402204886,1836.9924579747021,104.45243128964059
1777228660,128,GET,trips_per_route,2.400000,0.000000,3900,4200,4200,4300,4500,5600,5900,5900,5900,5900,5900,36,0,3900,4074.700324131603,3573.972792015411,5906.201042002067,1199.8333333333333
1777228660,128,,Aggregated,81.600000,0.000000,120,160,190,230,1600,4500,5200,5500,5900,5900,5900,1002,0,120,533.0866772409955,56.68445798801258,5906.201042002067,25530.453093812375
1777228661,128,GET,bulk_update_departures,4.500000,0.000000,120,170,210,220,310,1000,1400,1400,1400,1400,1400,50,0,110,180.2537416992709,60.76425005448982,1415.3977499809116,131.32
1777228661,128,GET,large_scan,3.400000,0.000000,5200,5400,5600,5700,6300,6400,7800,7800,7800,7800,7800,49,0,5200,5387.816728653424,4191.734040970914,7762.780916993506,652260.9591836735
1777228661,128,GET,next_departures,36.900000,0.000000,110,140,160,190,270,1300,1500,1600,1800,1800,1800,432,0,110,189.91079533629494,56.68445798801258,1763.9625000301749,109.47685185185185
1777228661,128,GET,point_read,41.400000,0.000000,110,150,180,200,260,1300,1600,1700,1800,1800,1800,522,0,120,204.76146154892916,61.86933402204886,1836.9924579747021,104.44061302681992
1777228661,128,GET,trips_per_route,2.600000,0.000000,3800,4200,4200,4300,4500,4600,5900,5900,5900,5900,5900,45,0,3900,4056.684906462518,3573.972792015411,5906.201042002067,1199.7111111111112
1777228661,128,,Aggregated,88.800000,0.000000,130,170,220,260,3700,4900,5400,5700,7800,7800,7800,1098,0,130,586.97037713444,56.68445798801258,7762.780916993506,29256.058287795993
1777228662,128,GET,bulk_update_departures,4.200000,0.000000,120,180,210,220,280,320,1400,1400,1400,1400,1400,54,0,120,180.00635342387898,60.76425005448982,1415.3977499809116,131.37037037037038
1777228662,128,GET,large_scan,3.800000,0.000000,5300,5500,5700,5900,6300,6400,7500,7800,7800,7800,7800,63,0,5300,5447.178044220588,4191.734040970914,7762.780916993506,652261.0317460317
1777228662,128,GET,next_departures,37.100000,0.000000,120,150,170,190,270,1300,1500,1600,1800,1800,1800,468,0,120,188.50853641526913,56.68445798801258,1763.9625000301749,109.48076923076923
1777228662,128,GET,point_read,44.300000,0.000000,120,160,190,200,260,1300,1600,1700,1800,1800,1800,568,0,120,202.5814713339623,61.86933402204886,1836.9924579747021,104.42957746478874
1777228662,128,GET,trips_per_route,3.300000,0.000000,3800,4200,4200,4300,4500,4600,5900,5900,5900,5900,5900,50,0,3800,4045.655917476397,3548.88504097471,5906.201042002067,1199.8
1777228662,128,,Aggregated,92.700000,0.000000,140,180,230,280,3800,5100,5600,6100,7800,7800,7800,1203,0,140,630.476830012172,56.68445798801258,7762.780916993506,34305.97007481297
1777228663,128,GET,bulk_update_departures,4.200000,0.000000,130,180,210,220,280,320,1400,1400,1400,1400,1400,56,0,130,180.19637131926305,60.76425005448982,1415.3977499809116,131.33928571428572
1777228663,128,GET,large_scan,4.500000,0.000000,5400,5600,6000,6100,6300,6500,7500,7800,7800,7800,7800,80,0,5400,5513.622245773149,4191.734040970914,7762.780916993506,652261.0875
1777228663,128,GET,next_departures,36.600000,0.000000,130,160,190,210,290,350,1500,1600,1800,1800,1800,506,0,120,190.93434880933955,56.68445798801258,1763.9625000301749,109.4802371541502
1777228663,128,GET,point_read,44.100000,0.000000,130,170,200,210,280,1100,1600,1700,1800,1800,1800,601,0,130,203.18296007913136,61.86933402204886,1836.9924579747021,104.43094841930116
1777228663,128,GET,trips_per_route,4.200000,0.000000,4100,4200,4300,4400,4500,4600,5900,5900,5900,5900,5900,54,0,3900,4064.3960771644574,3548.88504097471,5906.201042002067,1199.851851851852
1777228663,128,,Aggregated,93.600000,0.000000,150,200,260,310,4200,5300,6000,6300,7800,7800,7800,1297,0,140,685.7239044932113,56.68445798801258,7762.780916993506,40378.71549730146
1777228664,128,GET,bulk_update_departures,4.100000,0.000000,140,180,190,210,260,310,1400,1400,1400,1400,1400,58,0,140,179.7826386875762,60.76425005448982,1415.3977499809116,131.3448275862069
1777228664,128,GET,large_scan,6.000000,0.000000,5500,5600,6000,6100,6300,6400,7500,7800,7800,7800,7800,87,0,5500,5532.483159906991,4191.734040970914,7762.780916993506,652261.1149425288
1777228664,128,GET,next_departures,35.600000,0.000000,140,160,200,210,270,310,490,1500,1800,1800,1800,551,0,130,189.7299127269134,56.68445798801258,1763.9625000301749,109.48820326678766
1777228664,128,GET,point_read,45.200000,0.000000,140,170,200,210,250,300,340,1700,1800,1800,1800,651,0,140,202.19729135110518,61.86933402204886,1836.9924579747021,104.42396313364056
1777228664,128,GET,trips_per_route,4.900000,0.000000,4100,4200,4300,4400,4500,4600,5900,5900,5900,5900,5900,57,0,3900,4063.9727587879047,3548.88504097471,5906.201042002067,1199.8947368421052
1777228664,128,,Aggregated,95.800000,0.000000,150,200,240,270,4200,5400,6000,6300,7800,7800,7800,1404,0,150,683.4554799065505,56.68445798801258,7762.780916993506,40563.416666666664
1777228665,128,GET,bulk_update_departures,4.300000,0.000000,140,180,210,220,280,310,320,320,320,320,320,63,0,140,176.63948085632117,60.76425005448982,1415.3977499809116,131.33333333333334
1777228665,128,GET,large_scan,6.900000,0.000000,5600,5900,6100,6200,6300,6400,7500,7800,7800,7800,7800,99,0,5500,5569.76720575723,4191.734040970914,7762.780916993506,652261.0707070708
1777228665,128,GET,next_departures,35.900000,0.000000,140,170,200,210,260,290,320,340,490,490,490,601,0,130,185.89394439866817,56.68445798801258,1763.9625000301749,109.47420965058237
1777228665,128,GET,point_read,44.700000,0.000000,150,180,200,210,250,280,310,330,350,350,350,726,0,140,196.56553862153964,61.86933402204886,1836.9924579747021,104.42561983471074
1777228665,128,GET,trips_per_route,5.000000,0.000000,4200,4300,4400,4400,4500,4600,5900,5900,5900,5900,5900,60,0,4000,4070.2910381980473,3548.88504097471,5906.201042002067,1199.9166666666667
1777228665,128,,Aggregated,96.800000,0.000000,160,200,230,270,4300,5500,6100,6300,7800,7800,7800,1549,0,150,685.0752385917586,56.68445798801258,7762.780916993506,41830.67914783731
1777228666,128,GET,bulk_update_departures,4.100000,0.000000,140,180,210,220,280,310,320,320,320,320,320,70,0,110,166.73037862887472,60.76425005448982,1415.3977499809116,131.35714285714286
1777228666,128,GET,large_scan,8.200000,0.000000,5600,5900,6100,6200,6300,6400,7500,7800,7800,7800,7800,108,0,5500,5532.754180879608,4191.734040970914,7762.780916993506,652261.0370370371
1777228666,128,GET,next_departures,38.400000,0.000000,140,170,200,210,260,290,320,340,490,490,490,650,0,120,179.36786615316612,56.68445798801258,1763.9625000301749,109.47846153846154
1777228666,128,GET,point_read,47.400000,0.000000,150,180,200,210,250,280,310,330,350,350,350,778,0,130,189.98734077548244,57.967582950368524,1836.9924579747021,104.4331619537275
1777228666,128,GET,trips_per_route,5.000000,0.000000,4200,4300,4400,4400,4500,4600,5900,5900,5900,5900,5900,65,0,3900,4051.2694063981494,3548.88504097471,5906.201042002067,1199.9076923076923
1777228666,128,,Aggregated,103.100000,0.000000,160,200,230,270,4300,5500,6100,6300,7800,7800,7800,1671,0,140,680.3951846665361,56.68445798801258,7762.780916993506,42300.29383602633
1777228667,128,GET,bulk_update_departures,4.300000,0.000000,140,190,210,220,280,310,320,320,320,320,320,72,0,110,165.14384323656688,60.76425005448982,1415.3977499809116,131.34722222222223
1777228667,128,GET,large_scan,9.100000,0.000000,5500,5900,6000,6100,6300,6400,7500,7800,7800,7800,7800,124,0,5400,5461.229859493136,4191.734040970914,7762.780916993506,652261.0967741936
1777228667,128,GET,next_departures,39.400000,0.000000,150,180,200,210,270,300,320,340,490,490,490,695,0,120,174.1244387276062,51.945250015705824,1763.9625000301749,109.47913669064748
1777228667,128,GET,point_read,50.000000,0.000000,150,180,200,210,250,280,310,330,350,350,350,833,0,130,183.54853295924036,54.47054101387039,1836.9924579747021,104.43097238895558
1777228667,128,GET,trips_per_route,4.900000,0.000000,4200,4300,4400,4400,4500,4600,5900,5900,5900,5900,5900,66,0,3900,4048.7025044073534,3548.88504097471,5906.201042002067,1199.909090909091
1777228667,128,,Aggregated,107.700000,0.000000,160,210,240,270,4500,5500,6100,6300,7800,7800,7800,1790,0,140,687.2679538836875,51.945250015705824,7762.780916993506,45325.198882681565
1777228668,128,GET,bulk_update_departures,4.400000,0.000000,140,170,210,220,290,310,320,320,320,320,320,75,0,110,162.10297561250627,57.673332979902625,1415.3977499809116,131.34666666666666
1777228668,128,GET,large_scan,9.000000,0.000000,5500,5700,6000,6100,6300,6400,7500,7800,7800,7800,7800,132,0,5300,5440.34013031959,4191.734040970914,7762.780916993506,652261.1060606061
1777228668,128,GET,next_departures,39.400000,0.000000,140,160,190,210,240,290,310,320,490,490,490,738,0,120,170.0042215402132,51.945250015705824,1763.9625000301749,109.48644986449864
1777228668,128,GET,point_read,48.600000,0.000000,140,170,190,210,240,270,310,330,350,350,350,887,0,120,178.11258718147747,51.026707980781794,1836.9924579747021,104.43179255918828
1777228668,128,GET,trips_per_route,4.700000,0.000000,3900,4200,4300,4400,4500,4600,5900,5900,5900,5900,5900,71,0,3900,4023.061728279572,3307.1915000327863,5906.201042002067,1199.8591549295775
1777228668,128,,Aggregated,106.100000,0.000000,150,200,230,270,4600,5500,6100,6300,7800,7800,7800,1903,0,140,682.8003065725808,51.026707980781794,7762.780916993506,45384.623751970576
1777228669,128,GET,bulk_update_departures,3.900000,0.000000,130,160,180,210,230,290,310,310,310,310,310,81,0,110,158.26557671656994,57.673332979902625,1415.3977499809116,131.320987654321
1777228669,128,GET,large_scan,9.500000,0.000000,5500,5700,6000,6100,6300,6400,7500,7800,7800,7800,7800,138,0,5300,5425.261303399474,4191.734040970914,7762.780916993506,652261.1159420289
1777228669,128,GET,next_departures,39.900000,0.000000,130,160,180,190,230,280,310,320,490,490,490,779,0,120,166.73701475461078,51.945250015705824,1763.9625000301749,109.49165596919127
1777228669,128,GET,point_read,48.200000,0.000000,130,160,180,190,230,260,310,330,350,350,350,940,0,120,173.45092389076214,51.026707980781794,1836.9924579747021,104.4404255319149
1777228669,128,GET,trips_per_route,4.400000,0.000000,3800,4200,4200,4300,4500,4500,4600,4600,4600,4600,4600,79,0,3800,3993.256938301876,3307.1915000327863,5906.201042002067,1199.9746835443038
1777228669,128,,Aggregated,105.900000,0.000000,140,180,220,250,4500,5400,6100,6300,7500,7800,7800,2017,0,130,679.1794113337511,51.026707980781794,7762.780916993506,44769.92414476946
1777228670,128,GET,bulk_update_departures,3.500000,0.000000,110,140,160,170,210,220,290,290,290,290,290,83,0,110,156.62907887985145,57.673332979902625,1415.3977499809116,131.3132530120482
1777228670,128,GET,large_scan,9.800000,0.000000,5400,5600,5900,6000,6200,6400,6500,6500,7800,7800,7800,147,0,5300,5402.159811749098,4191.734040970914,7762.780916993506,652261.1496598639
1777228670,128,GET,next_departures,38.700000,0.000000,120,150,160,180,220,270,310,320,490,490,490,817,0,120,164.33765982484874,51.945250015705824,1763.9625000301749,109.48225214198287
1777228670,128,GET,point_read,48.500000,0.000000,120,150,170,180,210,250,290,320,350,350,350,985,0,120,170.66982943862487,51.026707980781794,1836.9924579747021,104.44263959390862
1777228670,128,GET,trips_per_route,4.200000,0.000000,3800,3900,4200,4200,4400,4500,4600,4600,4600,4600,4600,82,0,3800,3983.7842810112506,3307.1915000327863,5906.201042002067,1200.0121951219512
1777228670,128,,Aggregated,104.700000,0.000000,140,170,210,230,4400,5300,6000,6200,6500,7800,7800,2114,0,130,679.3574583685026,51.026707980781794,7762.780916993506,45498.58656575213
1777228671,128,GET,bulk_update_departures,3.300000,0.000000,95,130,150,160,190,220,290,290,290,290,290,89,0,100,152.3504733707065,57.673332979902625,1415.3977499809116,131.31460674157304
1777228671,128,GET,large_scan,10.200000,0.000000,5200,5500,5700,5900,6200,6200,6500,6500,6500,6500,6500,159,0,5200,5368.441633352609,4191.734040970914,7762.780916993506,652261.1635220125
1777228671,128,GET,next_departures,39.100000,0.000000,120,150,160,170,220,270,310,320,490,490,490,846,0,120,162.46366054843452,51.945250015705824,1763.9625000301749,109.48226950354609
1777228671,128,GET,point_read,49.200000,0.000000,110,140,160,170,210,240,280,310,350,350,350,1043,0,110,166.54615280222217,51.026707980781794,1836.9924579747021,104.43432406519655
1777228671,128,GET,trips_per_route,5.000000,0.000000,3800,3900,4000,4200,4300,4400,4600,4600,4600,4600,4600,91,0,3800,3964.7928145592573,3307.1915000327863,5906.201042002067,1200.0549450549452
1777228671,128,,Aggregated,106.800000,0.000000,130,160,200,220,4200,5100,5700,6100,6500,6500,6500,2228,0,130,690.7941885792834,51.026707980781794,7762.780916993506,46692.98204667863
1777228672,128,GET,bulk_update_departures,3.600000,0.000000,86,110,120,130,160,170,290,290,290,290,290,97,0,98,147.78717401972733,57.673332979902625,1415.3977499809116,131.3298969072165
1777228672,128,GET,large_scan,10.400000,0.000000,5100,5300,5600,5700,6000,6200,6200,6400,6500,6500,6500,173,0,5200,5336.1154231508635,4191.734040970914,7762.780916993506,652261.1907514451
1777228672,128,GET,next_departures,39.900000,0.000000,110,140,150,160,190,220,290,310,320,320,320,889,0,110,159.58841637453153,51.945250015705824,1763.9625000301749,109.4904386951631
1777228672,128,GET,point_read,49.000000,0.000000,97,130,150,160,190,220,250,290,340,340,340,1091,0,110,163.30923960771665,51.026707980781794,1836.9924579747021,104.43813015582035
1777228672,128,GET,trips_per_route,4.800000,0.000000,3800,3800,3900,4100,4200,4400,4600,4600,4600,4600,4600,94,0,3800,3960.9863515101138,3307.1915000327863,5906.201042002067,1200.063829787234
1777228672,128,,Aggregated,107.700000,0.000000,120,150,180,200,4200,5000,5600,6000,6400,6500,6500,2344,0,130,695.3329879248895,51.026707980781794,7762.780916993506,48284.13395904437
1777228673,128,GET,bulk_update_departures,3.600000,0.000000,84,98,110,120,150,160,290,290,290,290,290,102,0,95,144.74567079371042,57.673332979902625,1415.3977499809116,131.34313725490196
1777228673,128,GET,large_scan,10.700000,0.000000,5000,5200,5300,5400,5700,6000,6200,6200,6200,6200,6200,184,0,5200,5309.1628618586465,4191.734040970914,7762.780916993506,652261.2119565217
1777228673,128,GET,next_departures,41.000000,0.000000,99,120,140,150,160,180,210,220,290,290,290,940,0,110,156.51698611401756,51.945250015705824,1763.9625000301749,109.48936170212765
1777228673,128,GET,point_read,51.600000,0.000000,92,120,130,140,160,180,210,230,280,280,280,1140,0,110,160.8127688587206,51.026707980781794,1836.9924579747021,104.43684210526315
1777228673,128,GET,trips_per_route,4.700000,0.000000,3800,3800,3900,4100,4200,4300,4400,4400,4400,4400,4400,100,0,3800,3953.9262870984385,3307.1915000327863,5906.201042002067,1200.08
1777228673,128,,Aggregated,111.600000,0.000000,100,140,160,170,4100,5000,5300,5700,6200,6200,6200,2466,0,120,696.4700637302965,51.026707980781794,7762.780916993506,48812.42741281427
1777228674,128,GET,bulk_update_departures,4.300000,0.000000,84,100,110,120,150,160,170,170,170,170,170,106,0,95,143.94228267845838,57.673332979902625,1415.3977499809116,131.3490566037736
1777228674,128,GET,large_scan,10.600000,0.000000,4900,5100,5200,5300,5400,5700,5700,5900,5900,5900,5900,195,0,5200,5291.9260581128465,4191.734040970914,7762.780916993506,652261.2256410257
1777228674,128,GET,next_departures,41.900000,0.000000,92,110,130,140,150,160,170,180,190,190,190,988,0,110,153.92899855497427,51.945250015705824,1763.9625000301749,109.48886639676114
1777228674,128,GET,point_read,51.900000,0.000000,89,100,120,130,150,160,170,180,180,180,180,1194,0,110,157.9651456934453,51.026707980781794,1836.9924579747021,104.43467336683418
1777228674,128,GET,trips_per_route,4.400000,0.000000,3700,3800,3800,4100,4200,4200,4300,4300,4300,4300,4300,105,0,3800,3947.4410595411123,3199.1655830061063,5906.201042002067,1200.104761904762
1777228674,128,,Aggregated,113.100000,0.000000,96,120,140,150,3900,4900,5200,5400,5700,5900,5900,2588,0,120,696.4285197364864,51.026707980781794,7762.780916993506,49290.47256568779
1777228675,128,GET,bulk_update_departures,4.300000,0.000000,88,110,120,130,150,160,160,160,160,160,160,110,0,98,143.49020726248537,57.673332979902625,1415.3977499809116,131.36363636363637
1777228675,128,GET,large_scan,11.100000,0.000000,4900,5100,5200,5300,5300,5500,5700,5700,5700,5700,5700,202,0,5100,5283.233555900867,4191.734040970914,7762.780916993506,652261.1881188119
1777228675,128,GET,next_departures,42.700000,0.000000,93,110,130,140,150,160,180,180,190,190,190,1026,0,110,152.16981191849598,51.945250015705824,1763.9625000301749,109.48343079922027
1777228675,128,GET,point_read,53.000000,0.000000,90,100,120,130,140,160,170,180,190,190,190,1240,0,110,155.9293643122674,51.026707980781794,1836.9924579747021,104.44032258064516
1777228675,128,GET,trips_per_route,4.700000,0.000000,3700,3800,3800,3900,4200,4200,4300,4300,4300,4300,4300,110,0,3800,3935.8525871346833,3199.1655830061063,5906.201042002067,1200.1272727272728
1777228675,128,,Aggregated,115.800000,0.000000,98,130,140,150,4100,4900,5200,5300,5700,5700,5700,2688,0,120,693.9804778464479,51.026707980781794,7762.780916993506,49161.10863095238
1777228676,128,GET,bulk_update_departures,4.800000,0.000000,88,110,120,130,150,160,160,160,160,160,160,114,0,98,141.37796790230806,57.673332979902625,1415.3977499809116,131.3684210526316
1777228676,128,GET,large_scan,10.900000,0.000000,4900,5100,5200,5300,5400,5500,5700,5700,5700,5700,5700,215,0,5100,5266.935151934537,4191.734040970914,7762.780916993506,652261.2
1777228676,128,GET,next_departures,43.000000,0.000000,96,120,130,140,150,160,170,180,190,190,190,1054,0,110,150.7990143373516,51.945250015705824,1763.9625000301749,109.48481973434535
1777228676,128,GET,point_read,53.200000,0.000000,90,100,120,130,140,160,170,180,190,190,190,1281,0,110,154.30056768646543,51.026707980781794,1836.9924579747021,104.44028103044496
1777228676,128,GET,trips_per_route,5.000000,0.000000,3700,3800,3900,4100,4200,4300,4300,4300,4300,4300,4300,115,0,3800,3935.7544474673214,3199.1655830061063,5906.201042002067,1200.1652173913044
1777228676,128,,Aggregated,116.900000,0.000000,99,130,140,150,4200,4900,5300,5400,5700,5700,5700,2779,0,120,704.469627845794,51.026707980781794,7762.780916993506,50607.53436487945
1777228677,128,GET,bulk_update_departures,4.700000,0.000000,89,110,120,130,150,160,160,160,160,160,160,117,0,98,140.46705775977804,57.673332979902625,1415.3977499809116,131.36752136752136
1777228677,128,GET,large_scan,10.300000,0.000000,4900,5100,5200,5300,5400,5500,5700,5700,5700,5700,5700,224,0,5100,5256.844492365417,4191.734040970914,7762.780916993506,652261.2098214285
1777228677,128,GET,next_departures,42.700000,0.000000,95,110,130,140,150,160,170,180,190,190,190,1096,0,110,148.6897287720578,51.945250015705824,1763.9625000301749,109.48722627737226
1777228677,128,GET,point_read,51.900000,0.000000,91,110,120,130,150,160,170,180,190,190,190,1323,0,110,152.61453514552983,51.026707980781794,1836.9924579747021,104.4421768707483
1777228677,128,GET,trips_per_route,4.800000,0.000000,3700,3800,3800,4100,4200,4300,4300,4300,4300,4300,4300,120,0,3800,3932.7491513894834,3199.1655830061063,5906.201042002067,1200.175
1777228677,128,,Aggregated,114.400000,0.000000,100,130,140,150,4200,4900,5300,5300,5700,5700,5700,2880,0,120,705.1287093563183,51.026707980781794,7762.780916993506,50876.415625
1777228678,128,GET,bulk_update_departures,4.500000,0.000000,95,110,120,130,150,150,160,160,160,160,160,120,0,98,139.4580677821068,57.673332979902625,1415.3977499809116,131.35833333333332
1777228678,128,GET,large_scan,10.500000,0.000000,4900,5100,5200,5300,5400,5500,5700,5700,5700,5700,5700,232,0,5100,5249.472854702115,4191.734040970914,7762.780916993506,652261.2112068966
1777228678,128,GET,next_departures,41.000000,0.000000,97,110,130,140,150,160,160,170,180,180,180,1134,0,110,147.28196107755116,51.945250015705824,1763.9625000301749,109.48236331569665
1777228678,128,GET,point_read,50.300000,0.000000,91,110,120,130,150,160,170,180,190,190,190,1377,0,100,150.51132510187944,51.026707980781794,1836.9924579747021,104.44081336238199
1777228678,128,GET,trips_per_route,4.900000,0.000000,3700,4100,4100,4200,4200,4300,4300,4300,4300,4300,4300,125,0,3800,3941.08419166971,3199.1655830061063,5906.201042002067,1200.192
1777228678,128,,Aggregated,111.200000,0.000000,100,130,140,150,4200,4900,5300,5400,5700,5700,5700,2988,0,120,703.3199574667632,51.026707980781794,7762.780916993506,50789.27576974565
1777228679,128,GET,bulk_update_departures,4.500000,0.000000,95,110,120,130,150,160,160,160,160,160,160,120,0,98,139.4580677821068,57.673332979902625,1415.3977499809116,131.35833333333332
1777228679,128,GET,large_scan,9.900000,0.000000,4900,5100,5200,5300,5400,5500,5600,5600,5700,5700,5700,247,0,5100,5232.212253202881,4142.385667015333,7762.780916993506,652261.1902834008
1777228679,128,GET,next_departures,39.300000,0.000000,96,110,130,130,150,160,160,170,180,180,180,1174,0,110,145.6424856515902,51.945250015705824,1763.9625000301749,109.47955706984668
1777228679,128,GET,point_read,49.200000,0.000000,92,110,120,130,150,160,170,180,190,190,190,1435,0,100,148.4747821089117,51.026707980781794,1836.9924579747021,104.4369337979094
1777228679,128,GET,trips_per_route,5.300000,0.000000,3700,4100,4100,4200,4200,4300,4400,4400,4400,4400,4400,129,0,3800,3941.7063988968116,3199.1655830061063,5906.201042002067,1200.2093023255813
1777228679,128,,Aggregated,108.200000,0.000000,100,130,140,150,4400,4900,5300,5400,5600,5700,5700,3105,0,120,709.0554301494068,51.026707980781794,7762.780916993506,52031.40096618357
1777228680,128,GET,bulk_update_departures,4.500000,0.000000,86,110,130,130,150,160,160,160,160,160,160,124,0,95,138.0144614259705,57.673332979902625,1415.3977499809116,131.36290322580646
1777228680,128,GET,large_scan,10.000000,0.000000,4900,5100,5200,5300,5400,5500,5600,5600,5700,5700,5700,261,0,5100,5224.566985471879,4142.385667015333,7762.780916993506,652261.1724137932
1777228680,128,GET,next_departures,40.100000,0.000000,94,110,120,130,150,160,160,180,180,180,180,1218,0,100,143.943198230865,51.945250015705824,1763.9625000301749,109.47619047619048
1777228680,128,GET,point_read,48.700000,0.000000,91,110,120,130,140,150,170,180,190,190,190,1490,0,100,146.90563684913812,51.026707980781794,1836.9924579747021,104.44093959731543
1777228680,128,GET,trips_per_route,5.700000,0.000000,3700,4100,4200,4200,4300,4300,4400,4400,4400,4400,4400,134,0,3800,3941.327137430372,3199.1655830061063,5906.201042002067,1200.1567164179105
1777228680,128,,Aggregated,109.000000,0.000000,99,120,140,150,4600,4900,5300,5400,5600,5700,5700,3227,0,120,713.6894413359342,51.026707980781794,7762.780916993506,52899.3600867679
1777228681,128,GET,bulk_update_departures,4.200000,0.000000,88,110,130,130,140,160,160,160,160,160,160,130,0,95,136.18348243628412,57.673332979902625,1415.3977499809116,131.36153846153846
1777228681,128,GET,large_scan,10.300000,0.000000,4900,5200,5300,5300,5400,5500,5600,5600,5700,5700,5700,276,0,5100,5221.578240645138,4142.385667015333,7762.780916993506,652261.1811594203
1777228681,128,GET,next_departures,39.000000,0.000000,95,110,120,130,150,160,160,180,180,180,180,1257,0,100,142.9805723192595,51.945250015705824,1763.9625000301749,109.46778042959427
1777228681,128,GET,point_read,49.400000,0.000000,93,110,120,130,150,160,170,180,190,190,190,1543,0,100,145.7381898562402,51.026707980781794,1836.9924579747021,104.44134802333117
1777228681,128,GET,trips_per_route,5.200000,0.000000,3800,4100,4200,4200,4300,4300,4400,4400,4400,4400,4400,134,0,3800,3941.327137430372,3199.1655830061063,5906.201042002067,1200.1567164179105
1777228681,128,,Aggregated,108.100000,0.000000,100,130,140,150,4600,4900,5300,5400,5600,5700,5700,3340,0,120,716.0472724263271,51.026707980781794,7762.780916993506,54042.1371257485
1777228682,128,GET,bulk_update_departures,4.000000,0.000000,100,130,130,140,150,160,160,160,160,160,160,136,0,98,135.89010515929925,57.673332979902625,1415.3977499809116,131.36764705882354
1777228682,128,GET,large_scan,11.300000,0.000000,4900,5200,5300,5400,5500,5500,5600,5600,5700,5700,5700,284,0,5100,5216.812561039237,4142.385667015333,7762.780916993506,652261.1584507042
1777228682,128,GET,next_departures,39.300000,0.000000,94,110,120,130,150,160,160,180,180,180,180,1294,0,100,141.86465194387833,51.945250015705824,1763.9625000301749,109.4644513137558
1777228682,128,GET,point_read,50.400000,0.000000,94,110,120,130,150,160,170,190,190,190,190,1592,0,100,144.66046413824859,51.026707980781794,1836.9924579747021,104.4390703517588
1777228682,128,GET,trips_per_route,5.000000,0.000000,4100,4200,4200,4200,4300,4400,4400,4400,4400,4400,4400,136,0,3800,3946.3437886002152,3199.1655830061063,5906.201042002067,1200.1176470588234
1777228682,128,,Aggregated,110.000000,0.000000,100,130,140,150,4400,4900,5400,5500,5600,5700,5700,3442,0,120,711.9787610139185,51.026707980781794,7762.780916993506,53960.245496804186
1777228683,128,GET,bulk_update_departures,4.400000,0.000000,100,130,130,140,150,160,160,160,160,160,160,144,0,98,133.77756256724953,57.673332979902625,1415.3977499809116,131.38194444444446
1777228683,128,GET,large_scan,11.800000,0.000000,5000,5200,5300,5400,5400,5500,5600,5600,5600,5600,5600,295,0,5100,5203.75727783786,4142.385667015333,7762.780916993506,652261.172881356
1777228683,128,GET,next_departures,40.700000,0.000000,94,110,120,130,150,160,170,180,190,190,190,1334,0,100,140.71906892772319,51.945250015705824,1763.9625000301749,109.46251874062969
1777228683,128,GET,point_read,49.600000,0.000000,96,120,130,140,150,160,180,190,190,190,190,1642,0,100,143.7091748831024,51.026707980781794,1836.9924579747021,104.43788063337394
1777228683,128,GET,trips_per_route,4.500000,0.000000,4100,4100,4200,4200,4300,4400,4500,4500,4500,4500,4500,143,0,3800,3945.9166459623607,3199.1655830061063,5906.201042002067,1200.1468531468531
1777228683,128,,Aggregated,111.000000,0.000000,100,130,140,150,4500,5000,5400,5400,5600,5600,5600,3558,0,120,714.5385467824922,51.026707980781794,7762.780916993506,54222.90500281057
1777228684,128,GET,bulk_update_departures,4.100000,0.000000,100,130,130,140,150,160,160,160,160,160,160,150,0,98,133.36416588475308,57.673332979902625,1415.3977499809116,131.38666666666666
1777228684,128,GET,large_scan,11.200000,0.000000,4900,5200,5300,5300,5400,5500,5600,5600,5600,5600,5600,309,0,5100,5190.877881754999,4142.385667015333,7762.780916993506,652261.1877022653
1777228684,128,GET,next_departures,40.700000,0.000000,95,110,120,130,150,160,180,180,190,190,190,1384,0,100,139.80899099542356,51.945250015705824,1763.9625000301749,109.46459537572254
1777228684,128,GET,point_read,50.100000,0.000000,96,120,130,140,150,160,170,180,190,190,190,1690,0,100,142.65312632675332,51.026707980781794,1836.9924579747021,104.43964497041421
1777228684,128,GET,trips_per_route,4.200000,0.000000,4100,4200,4200,4200,4300,4400,4500,4500,4500,4500,4500,148,0,3800,3946.880349653027,3199.1655830061063,5906.201042002067,1200.1554054054054
1777228684,128,,Aggregated,110.300000,0.000000,110,130,150,160,4700,5000,5400,5400,5600,5600,5600,3681,0,120,717.9308908241062,51.026707980781794,7762.780916993506,54896.506384134744
1777228685,128,GET,bulk_update_departures,4.000000,0.000000,100,130,130,140,150,160,160,160,160,160,160,159,0,100,132.3857927525053,57.673332979902625,1415.3977499809116,131.40251572327045
1777228685,128,GET,large_scan,11.100000,0.000000,4900,5200,5300,5300,5400,5500,5500,5600,5600,5600,5600,323,0,5100,5181.388228211549,4142.385667015333,7762.780916993506,652261.173374613
1777228685,128,GET,next_departures,39.800000,0.000000,98,120,130,140,150,160,180,180,190,190,190,1428,0,100,139.14734929022626,51.945250015705824,1763.9625000301749,109.46288515406162
1777228685,128,GET,point_read,50.400000,0.000000,96,120,130,140,150,170,180,190,190,190,190,1754,0,100,141.48067799220928,51.026707980781794,1836.9924579747021,104.44070695553022
1777228685,128,GET,trips_per_route,4.000000,0.000000,4100,4200,4200,4200,4400,4400,4500,4500,4500,4500,4500,152,0,3800,3937.1274862806836,3199.1655830061063,5906.201042002067,1200.1644736842106
1777228685,128,,Aggregated,109.300000,0.000000,110,130,150,160,4700,5000,5300,5400,5600,5600,5600,3816,0,120,718.0137947220704,51.026707980781794,7762.780916993506,55351.98611111111
1777228686,128,GET,bulk_update_departures,4.200000,0.000000,100,130,130,140,150,160,160,160,160,160,160,167,0,100,131.42507389072094,57.673332979902625,1415.3977499809116,131.38922155688624
1777228686,128,GET,large_scan,10.800000,0.000000,4900,5200,5300,5300,5400,5500,5500,5600,5600,5600,5600,337,0,5100,5171.731829262222,4142.385667015333,7762.780916993506,652261.1928783383
1777228686,128,GET,next_departures,39.400000,0.000000,99,120,130,140,150,170,180,180,190,190,190,1474,0,100,138.11706800721907,51.945250015705824,1763.9625000301749,109.45997286295794
1777228686,128,GET,point_read,50.300000,0.000000,98,120,130,140,150,170,180,190,190,190,190,1820,0,100,140.36685004126753,51.026707980781794,1836.9924579747021,104.4401098901099
1777228686,128,GET,trips_per_route,4.000000,0.000000,4100,4100,4200,4200,4400,4400,4500,4500,4500,4500,4500,155,0,3800,3935.3370182685585,3199.1655830061063,5906.201042002067,1200.167741935484
1777228686,128,,Aggregated,108.700000,0.000000,110,130,150,160,4700,4900,5300,5400,5600,5600,5600,3953,0,120,716.8861818746506,51.026707980781794,7762.780916993506,55747.891474829245
1777228687,128,GET,bulk_update_departures,4.700000,0.000000,98,120,130,130,150,160,160,160,160,160,160,178,0,98,128.59732915648635,57.673332979902625,1415.3977499809116,131.40449438202248
1777228687,128,GET,large_scan,11.200000,0.000000,4900,5200,5300,5300,5400,5500,5500,5600,5600,5600,5600,343,0,5000,5167.515978630688,4142.385667015333,7762.780916993506,652261.2011661808
1777228687,128,GET,next_departures,39.300000,0.000000,98,120,130,140,150,170,180,180,190,190,190,1520,0,100,136.98497979387054,51.945250015705824,1763.9625000301749,109.45592105263158
1777228687,128,GET,point_read,50.900000,0.000000,98,120,130,140,150,170,180,190,190,190,190,1871,0,100,139.19492026900235,51.026707980781794,1836.9924579747021,104.44254409406734
1777228687,128,GET,trips_per_route,4.300000,0.000000,3800,4100,4200,4200,4400,4400,4500,4500,4500,4500,4500,158,0,3800,3932.6399997255435,3199.1655830061063,5906.201042002067,1200.1772151898733
1777228687,128,,Aggregated,110.400000,0.000000,110,130,140,160,4500,4900,5300,5400,5600,5600,5600,4070,0,110,708.9327494660449,51.026707980781794,7762.780916993506,55110.66216216216
1777228688,128,GET,bulk_update_departures,5.300000,0.000000,100,120,130,130,150,160,160,160,160,160,160,180,0,98,128.1544477213174,57.673332979902625,1415.3977499809116,131.40555555555557
1777228688,128,GET,large_scan,12.000000,0.000000,4900,5100,5300,5300,5400,5500,5500,5600,5600,5600,5600,352,0,5000,5161.831815231132,4142.385667015333,7762.780916993506,652261.1903409091
1777228688,128,GET,next_departures,41.500000,0.000000,99,120,130,140,150,170,180,180,190,190,190,1566,0,100,135.9701175746311,51.945250015705824,1763.9625000301749,109.45274584929757
1777228688,128,GET,point_read,52.100000,0.000000,99,120,130,140,150,170,180,190,190,190,190,1924,0,100,138.0780778933046,51.026707980781794,1836.9924579747021,104.4402286902287
1777228688,128,GET,trips_per_route,4.200000,0.000000,3800,4100,4200,4200,4300,4400,4500,4500,4500,4500,4500,160,0,3800,3932.255798429105,3199.1655830061063,5906.201042002067,1200.1875
1777228688,128,,Aggregated,115.100000,0.000000,110,130,140,160,4500,4900,5300,5400,5600,5600,5600,4182,0,110,704.8744508102446,51.026707980781794,7762.780916993506,55041.599234815876
1777228689,128,GET,bulk_update_departures,5.700000,0.000000,100,120,130,130,150,160,160,160,160,160,160,186,0,98,127.36792723593172,57.673332979902625,1415.3977499809116,131.40860215053763
1777228689,128,GET,large_scan,12.200000,0.000000,4900,5000,5300,5300,5400,5400,5500,5600,5600,5600,5600,361,0,5000,5155.248152937158,4142.385667015333,7762.780916993506,652261.1939058172
1777228689,128,GET,next_departures,42.500000,0.000000,97,120,130,140,150,170,180,180,190,190,190,1604,0,100,135.01327665024954,51.945250015705824,1763.9625000301749,109.45635910224439
1777228689,128,GET,point_read,54.000000,0.000000,99,120,130,140,150,170,180,190,190,190,190,1970,0,100,137.26521308816316,51.026707980781794,1836.9924579747021,104.44010152284264
1777228689,128,GET,trips_per_route,3.800000,0.000000,3700,4000,4200,4200,4300,4400,4500,4500,4500,4500,4500,164,0,3800,3929.415193333492,3199.1655830061063,5906.201042002067,1200.189024390244
1777228689,128,,Aggregated,118.200000,0.000000,110,130,140,160,4300,4900,5300,5400,5600,5600,5600,4285,0,110,703.8816510883481,51.026707980781794,7762.780916993506,55091.92042007001
1777228690,128,GET,bulk_update_departures,6.000000,0.000000,100,120,130,130,150,160,160,160,160,160,160,189,0,98,126.93293037529907,57.673332979902625,1415.3977499809116,131.40740740740742
1777228690,128,GET,large_scan,11.900000,0.000000,4900,5000,5200,5300,5400,5400,5500,5500,5600,5600,5600,372,0,5000,5145.241334121199,3993.4892499586567,7762.780916993506,652261.1935483871
1777228690,128,GET,next_departures,41.900000,0.000000,98,120,130,140,150,170,180,180,190,190,190,1648,0,100,134.24336301412623,51.945250015705824,1763.9625000301749,109.45388349514563
1777228690,128,GET,point_read,54.400000,0.000000,97,120,130,140,150,170,180,190,190,190,190,2013,0,100,136.52552181150568,51.026707980781794,1836.9924579747021,104.44311972180824
1777228690,128,GET,trips_per_route,3.600000,0.000000,3700,4100,4100,4200,4300,4400,4500,4500,4500,4500,4500,169,0,3800,3925.21222287406,3199.1655830061063,5906.201042002067,1200.2011834319526
1777228690,128,,Aggregated,117.800000,0.000000,110,130,140,150,4100,4900,5200,5400,5500,5600,5600,4391,0,110,705.406491335362,51.026707980781794,7762.780916993506,55399.55773172398
1777228691,128,GET,bulk_update_departures,6.500000,0.000000,95,110,130,130,150,160,170,180,180,180,180,199,0,98,125.9388212253803,57.673332979902625,1415.3977499809116,131.4070351758794
1777228691,128,GET,large_scan,11.900000,0.000000,4900,4900,5000,5200,5300,5400,5400,5400,5600,5600,5600,384,0,5000,5137.597981667113,3993.4892499586567,7762.780916993506,652261.203125
1777228691,128,GET,next_departures,43.300000,0.000000,99,120,130,140,150,170,170,180,190,190,190,1691,0,100,133.44892146674962,51.945250015705824,1763.9625000301749,109.45121230041396
1777228691,128,GET,point_read,54.000000,0.000000,96,120,130,140,150,170,180,180,190,190,190,2074,0,100,135.43923920805844,51.026707980781794,1836.9924579747021,104.44551591128254
1777228691,128,GET,trips_per_route,3.400000,0.000000,3700,4000,4100,4100,4300,4400,4500,4500,4500,4500,4500,176,0,3800,3919.9730113561436,3199.1655830061063,5906.201042002067,1200.215909090909
1777228691,128,,Aggregated,119.100000,0.000000,100,130,140,160,4100,4800,5200,5300,5400,5600,5600,4524,0,110,706.0958905173497,51.026707980781794,7762.780916993506,55505.61273209549
1777228692,128,GET,bulk_update_departures,6.400000,0.000000,95,110,120,130,150,160,170,180,180,180,180,202,0,96,125.3699946777992,57.673332979902625,1415.3977499809116,131.41584158415841
1777228692,128,GET,large_scan,11.200000,0.000000,4900,5000,5000,5200,5400,5400,5400,5500,5600,5600,5600,397,0,5000,5132.520557836464,3993.4892499586567,7762.780916993506,652261.2065491184
1777228692,128,GET,next_departures,43.600000,0.000000,97,110,120,130,150,160,170,180,190,190,190,1735,0,100,132.5756694704847,51.945250015705824,1763.9625000301749,109.44899135446686
1777228692,128,GET,point_read,52.500000,0.000000,94,110,130,130,150,160,170,180,190,190,190,2141,0,100,134.44093075233553,51.026707980781794,1836.9924579747021,104.44184960298925
1777228692,128,GET,trips_per_route,3.500000,0.000000,3700,4000,4100,4100,4300,4400,4500,4500,4500,4500,4500,177,0,3800,3921.234655597163,3199.1655830061063,5906.201042002067,1200.2146892655367
1777228692,128,,Aggregated,117.200000,0.000000,100,130,140,150,4100,4800,5200,5300,5500,5600,5600,4652,0,110,703.9661981295638,51.026707980781794,7762.780916993506,55803.99548581256
1777228693,128,GET,bulk_update_departures,6.300000,0.000000,95,110,120,130,150,160,170,180,180,180,180,208,0,98,125.282156292367,57.673332979902625,1415.3977499809116,131.41346153846155
1777228693,128,GET,large_scan,10.800000,0.000000,4900,4900,5200,5200,5400,5400,5500,5500,5600,5600,5600,406,0,5000,5130.478537675157,3993.4892499586567,7762.780916993506,652261.1921182266
1777228693,128,GET,next_departures,42.600000,0.000000,97,110,120,130,150,160,170,170,190,190,190,1773,0,100,131.95291910741665,51.945250015705824,1763.9625000301749,109.45290468133108
1777228693,128,GET,point_read,53.300000,0.000000,94,110,130,130,150,160,170,180,190,190,190,2195,0,100,133.64024688280242,51.026707980781794,1836.9924579747021,104.43917995444191
1777228693,128,GET,trips_per_route,4.000000,0.000000,3700,3800,4000,4100,4200,4300,4300,4300,4300,4300,4300,184,0,3800,3916.401535992918,3199.1655830061063,5906.201042002067,1200.195652173913
1777228693,128,,Aggregated,117.000000,0.000000,100,130,140,150,4000,4800,5200,5300,5500,5600,5600,4766,0,110,704.3524391340378,51.026707980781794,7762.780916993506,55704.89257238775
1777228694,128,GET,bulk_update_departures,6.500000,0.000000,95,110,130,130,150,170,170,180,180,180,180,214,0,95,124.66612951362193,57.673332979902625,1415.3977499809116,131.38785046728972
1777228694,128,GET,large_scan,11.400000,0.000000,4900,4900,5200,5200,5400,5400,5500,5500,5600,5600,5600,415,0,5000,5128.675556337567,3993.4892499586567,7762.780916993506,652261.1975903615
1777228694,128,GET,next_departures,43.600000,0.000000,96,110,120,130,150,160,170,180,190,190,190,1818,0,100,131.39467152325813,51.945250015705824,1763.9625000301749,109.45049504950495
1777228694,128,GET,point_read,53.800000,0.000000,94,110,130,130,150,160,170,180,190,190,190,2249,0,100,133.039574083563,51.026707980781794,1836.9924579747021,104.44108492663406
1777228694,128,GET,trips_per_route,4.200000,0.000000,3700,4000,4100,4200,4200,4300,4300,4300,4300,4300,4300,193,0,3800,3917.7564144899966,3199.1655830061063,5906.201042002067,1200.2072538860104
1777228694,128,,Aggregated,119.500000,0.000000,100,130,140,150,4100,4800,5200,5300,5500,5600,5600,4889,0,110,705.520026699896,51.026707980781794,7762.780916993506,55508.697688688895
1777228695,128,GET,bulk_update_departures,6.600000,0.000000,95,100,110,130,150,170,180,180,180,180,180,215,0,95,124.4755351114585,57.673332979902625,1415.3977499809116,131.39069767441862
1777228695,128,GET,large_scan,11.300000,0.000000,4900,5000,5200,5300,5400,5400,5500,5500,5500,5500,5500,421,0,5000,5127.011994071385,3993.4892499586567,7762.780916993506,652261.2042755345
1777228695,128,GET,next_departures,43.700000,0.000000,94,110,120,130,150,160,170,180,190,190,190,1862,0,100,130.74239260810538,51.945250015705824,1763.9625000301749,109.4484425349087
1777228695,128,GET,point_read,54.800000,0.000000,92,110,120,130,150,160,170,180,190,190,190,2312,0,99,132.18824466147922,51.026707980781794,1836.9924579747021,104.4446366782007
1777228695,128,GET,trips_per_route,4.300000,0.000000,3800,4100,4100,4200,4200,4300,4300,4300,4300,4300,4300,195,0,3800,3917.839332890267,3199.1655830061063,5906.201042002067,1200.2102564102563
1777228695,128,,Aggregated,120.700000,0.000000,99,120,140,150,3800,4800,5200,5300,5500,5500,5500,5005,0,110,698.9559472847653,51.026707980781794,7762.780916993506,55006.898301698304
1777228696,128,GET,bulk_update_departures,6.400000,0.000000,93,110,120,140,150,170,180,180,180,180,180,220,0,95,124.1542839360508,57.673332979902625,1415.3977499809116,131.38181818181818
1777228696,128,GET,large_scan,10.800000,0.000000,4900,5000,5200,5300,5400,5400,5500,5500,5500,5500,5500,434,0,5000,5122.983051366457,3993.4892499586567,7762.780916993506,652261.1912442397
1777228696,128,GET,next_departures,43.400000,0.000000,95,110,120,130,150,170,180,180,210,210,210,1908,0,100,130.34132900639278,51.945250015705824,1763.9625000301749,109.45073375262055
1777228696,128,GET,point_read,55.600000,0.000000,92,110,120,130,150,160,170,180,200,200,200,2359,0,99,131.74274556362278,51.026707980781794,1836.9924579747021,104.44425604069521
1777228696,128,GET,trips_per_route,4.400000,0.000000,3700,4000,4200,4200,4300,4300,4300,4300,4300,4300,4300,201,0,3800,3913.0665559529566,3199.1655830061063,5906.201042002067,1200.2189054726368
1777228696,128,,Aggregated,120.600000,0.000000,99,120,140,150,3800,4800,5300,5300,5500,5500,5500,5122,0,110,702.2037011000198,51.026707980781794,7762.780916993506,55409.35591565794
1777228697,128,GET,bulk_update_departures,6.100000,0.000000,93,100,120,140,150,170,180,180,180,180,180,224,0,95,123.43185866510404,57.673332979902625,1415.3977499809116,131.37946428571428
1777228697,128,GET,large_scan,10.600000,0.000000,4900,5000,5300,5300,5400,5400,5500,5500,5500,5500,5500,444,0,5000,5121.223696135195,3993.4892499586567,7762.780916993506,652261.1779279279
1777228697,128,GET,next_departures,43.300000,0.000000,96,110,120,130,150,170,180,180,210,210,210,1954,0,100,129.65715316692277,51.945250015705824,1763.9625000301749,109.45087001023542
1777228697,128,GET,point_read,55.900000,0.000000,93,110,130,130,150,160,180,180,200,200,200,2415,0,99,131.1174728391127,51.026707980781794,1836.9924579747021,104.44347826086957
1777228697,128,GET,trips_per_route,4.400000,0.000000,3800,4000,4200,4200,4300,4300,4300,4300,4300,4300,4300,207,0,3800,3915.0213824325256,3199.1655830061063,5906.201042002067,1200.2222222222222
1777228697,128,,Aggregated,120.300000,0.000000,100,130,140,150,4000,4800,5300,5400,5500,5500,5500,5244,0,110,702.1129400806954,51.026707980781794,7762.780916993506,55367.64607170099
1777228698,128,GET,bulk_update_departures,5.200000,0.000000,93,100,120,140,150,170,180,180,180,180,180,231,0,95,122.88605504758955,57.673332979902625,1415.3977499809116,131.37662337662337
1777228698,128,GET,large_scan,9.600000,0.000000,4900,5200,5300,5300,5400,5400,5500,5500,5500,5500,5500,458,0,5000,5120.511163580846,3993.4892499586567,7762.780916993506,652261.1877729257
1777228698,128,GET,next_departures,42.900000,0.000000,97,110,120,130,150,170,180,190,210,210,210,1982,0,100,129.54357513280019,51.945250015705824,1763.9625000301749,109.45005045408678
1777228698,128,GET,point_read,55.300000,0.000000,93,110,130,140,150,160,180,180,200,200,200,2474,0,99,130.5864206853111,51.026707980781794,1836.9924579747021,104.44704931285368
1777228698,128,GET,trips_per_route,4.400000,0.000000,3800,4100,4200,4200,4300,4300,4300,4300,4300,4300,4300,211,0,3800,3917.3932260873958,3199.1655830061063,5906.201042002067,1200.218009478673
1777228698,128,,Aggregated,117.400000,0.000000,100,130,150,160,4100,4900,5300,5400,5500,5500,5500,5356,0,110,705.7462533661559,51.026707980781794,7762.780916993506,55917.5784167289
1777228699,128,GET,bulk_update_departures,5.000000,0.000000,91,99,120,140,150,170,180,180,180,180,180,237,0,95,122.10454029534091,57.673332979902625,1415.3977499809116,131.37130801687763
1777228699,128,GET,large_scan,9.900000,0.000000,4900,5100,5300,5300,5400,5400,5500,5500,5500,5500,5500,467,0,5000,5113.76068764441,3993.4892499586567,7762.780916993506,652261.1862955032
1777228699,128,GET,next_departures,42.600000,0.000000,99,120,130,130,160,170,180,190,210,210,210,2027,0,100,129.12355751309983,51.945250015705824,1763.9625000301749,109.44696595954613
1777228699,128,GET,point_read,54.000000,0.000000,93,110,130,140,150,160,180,180,200,200,200,2522,0,99,130.13043466877966,51.026707980781794,1836.9924579747021,104.44647105471847
1777228699,128,GET,trips_per_route,4.800000,0.000000,3800,4100,4200,4300,4300,4300,4300,4300,4300,4300,4300,216,0,3800,3915.470529103779,3184.2596659553237,5906.201042002067,1200.226851851852
1777228699,128,,Aggregated,116.300000,0.000000,100,130,150,160,4200,4900,5300,5400,5500,5500,5500,5469,0,110,704.4668236935577,51.026707980781794,7762.780916993506,55838.65807277382
1777228700,128,GET,bulk_update_departures,4.800000,0.000000,91,96,110,140,150,170,180,180,180,180,180,242,0,95,121.32163071901006,57.673332979902625,1415.3977499809116,131.3801652892562
1777228700,128,GET,large_scan,10.600000,0.000000,4900,5100,5300,5300,5400,5400,5500,5500,5500,5500,5500,474,0,5000,5111.521755196208,3993.4892499586567,7762.780916993506,652261.1856540084
1777228700,128,GET,next_departures,42.200000,0.000000,98,110,130,140,160,170,180,180,210,210,210,2067,0,100,128.6032022229663,51.945250015705824,1763.9625000301749,109.45089501693275
1777228700,128,GET,point_read,54.200000,0.000000,92,110,130,140,150,160,180,180,200,200,200,2569,0,99,129.50188493615403,51.026707980781794,1836.9924579747021,104.44881276761386
1777228700,128,GET,trips_per_route,5.100000,0.000000,3800,4100,4200,4300,4300,4300,4300,4300,4300,4300,4300,222,0,3800,3911.4575990788253,3184.2596659553237,5906.201042002067,1200.2432432432433
1777228700,128,,Aggregated,116.900000,0.000000,100,130,150,160,4200,4800,5300,5400,5500,5500,5500,5574,0,110,703.0997299943225,51.026707980781794,7762.780916993506,55609.00861141012
1777228701,128,GET,bulk_update_departures,5.000000,0.000000,91,95,120,120,150,170,180,180,180,180,180,246,0,95,121.27230626817725,57.673332979902625,1415.3977499809116,131.390243902439
1777228701,128,GET,large_scan,10.400000,0.000000,4900,5100,5300,5300,5400,5400,5500,5500,5500,5500,5500,483,0,5000,5107.741588600704,3993.4892499586567,7762.780916993506,652261.1925465838
1777228701,128,GET,next_departures,41.800000,0.000000,100,120,130,140,160,170,180,190,210,210,210,2105,0,100,128.32742268169815,51.945250015705824,1763.9625000301749,109.45130641330167
1777228701,128,GET,point_read,55.000000,0.000000,92,110,130,140,150,160,180,180,200,200,200,2610,0,98,128.88635219727337,51.026707980781794,1836.9924579747021,104.44980842911878
1777228701,128,GET,trips_per_route,5.100000,0.000000,3800,4100,4200,4200,4300,4300,4300,4300,4300,4300,4300,228,0,3800,3910.0992359104057,3184.2596659553237,5906.201042002067,1200.2456140350878
1777228701,128,,Aggregated,117.300000,0.000000,100,130,150,160,4100,4800,5300,5400,5500,5500,5500,5672,0,110,704.3190064181139,51.026707980781794,7762.780916993506,55686.02662200282
1777228702,128,GET,bulk_update_departures,5.400000,0.000000,90,97,120,140,150,170,180,180,180,180,180,254,0,95,120.61516457057638,57.673332979902625,1415.3977499809116,131.38582677165354
1777228702,128,GET,large_scan,10.400000,0.000000,4900,5100,5300,5300,5400,5400,5400,5500,5500,5500,5500,496,0,5000,5102.232072836834,3993.4892499586567,7762.780916993506,652261.1895161291
1777228702,128,GET,next_departures,42.400000,0.000000,99,120,130,140,160,170,180,190,210,210,210,2145,0,100,127.90890866084598,51.945250015705824,1763.9625000301749,109.44941724941725
1777228702,128,GET,point_read,55.800000,0.000000,92,110,130,140,150,160,180,190,200,200,200,2653,0,98,128.50134703949414,51.026707980781794,1836.9924579747021,104.44967960799096
1777228702,128,GET,trips_per_route,5.500000,0.000000,3800,4100,4200,4300,4300,4300,4300,4300,4300,4300,4300,236,0,3800,3905.1611740701987,3184.2596659553237,5906.201042002067,1200.25
1777228702,128,,Aggregated,119.500000,0.000000,100,130,150,160,4200,4800,5300,5400,5400,5500,5500,5784,0,110,708.5477316358671,51.026707980781794,7762.780916993506,56077.11877593361
1777228703,128,GET,bulk_update_departures,5.200000,0.000000,90,110,120,130,160,180,180,180,180,180,180,259,0,95,120.80477657849256,57.673332979902625,1415.3977499809116,131.3822393822394
1777228703,128,GET,large_scan,10.300000,0.000000,4900,5000,5200,5300,5400,5400,5400,5500,5500,5500,5500,506,0,5000,5098.496405229137,3993.4892499586567,7762.780916993506,652261.199604743
1777228703,128,GET,next_departures,42.200000,0.000000,100,120,130,140,160,170,180,200,210,210,210,2182,0,100,127.74421023944923,51.945250015705824,1763.9625000301749,109.44912923923006
1777228703,128,GET,point_read,54.200000,0.000000,94,110,130,140,150,170,180,190,200,200,200,2709,0,99,128.20774398145227,51.026707980781794,1836.9924579747021,104.4485049833887
1777228703,128,GET,trips_per_route,5.300000,0.000000,3800,4100,4200,4300,4300,4300,4300,4300,4300,4300,4300,242,0,3800,3904.231096068272,3184.2596659553237,5906.201042002067,1200.2231404958677
1777228703,128,,Aggregated,117.200000,0.000000,110,130,150,160,4300,4800,5300,5400,5400,5500,5500,5898,0,110,709.0546267576343,51.026707980781794,7762.780916993506,56102.13936927772
1777228704,128,GET,bulk_update_departures,5.000000,0.000000,94,120,140,140,160,180,180,180,180,180,180,265,0,95,121.35784279989993,57.673332979902625,1415.3977499809116,131.3924528301887
1777228704,128,GET,large_scan,9.500000,0.000000,4800,5000,5200,5300,5400,5400,5400,5500,5500,5500,5500,513,0,5000,5096.659459315852,3993.4892499586567,7762.780916993506,652261.1910331384
1777228704,128,GET,next_departures,41.500000,0.000000,100,120,130,140,160,170,180,200,210,210,210,2224,0,100,127.35074673581549,51.945250015705824,1763.9625000301749,109.45053956834532
1777228704,128,GET,point_read,52.400000,0.000000,94,120,130,140,150,170,180,190,200,200,200,2767,0,99,127.62534019652885,51.026707980781794,1836.9924579747021,104.45030719190459
1777228704,128,GET,trips_per_route,5.500000,0.000000,3700,3800,4100,4200,4300,4300,4300,4300,4300,4300,4300,247,0,3800,3900.040553131674,3184.2596659553237,5906.201042002067,1200.2024291497976
1777228704,128,,Aggregated,113.900000,0.000000,110,130,150,160,4200,4800,5300,5300,5400,5500,5500,6016,0,110,705.8549741786537,51.026707980781794,7762.780916993506,55763.57912234042
1777228705,128,GET,bulk_update_departures,5.200000,0.000000,94,120,140,140,160,180,180,180,180,180,180,273,0,95,120.91050521558451,57.673332979902625,1415.3977499809116,131.3882783882784
1777228705,128,GET,large_scan,9.600000,0.000000,4800,5000,5200,5300,5400,5400,5400,5500,5500,5500,5500,523,0,5000,5094.1052070649,3993.4892499586567,7762.780916993506,652261.1759082217
1777228705,128,GET,next_departures,40.600000,0.000000,100,120,140,140,160,170,180,200,210,210,210,2261,0,100,127.14503998596824,51.945250015705824,1763.9625000301749,109.45333923042901
1777228705,128,GET,point_read,51.800000,0.000000,95,120,130,140,150,170,180,190,200,200,200,2818,0,98,127.2275595562787,51.026707980781794,1836.9924579747021,104.44960965223562
1777228705,128,GET,trips_per_route,5.500000,0.000000,3800,4100,4100,4200,4300,4300,4300,4300,4300,4300,4300,250,0,3800,3899.6262731619645,3184.2596659553237,5906.201042002067,1200.208
1777228705,128,,Aggregated,112.700000,0.000000,110,140,150,160,4300,4800,5200,5400,5400,5500,5500,6125,0,110,705.0015277954541,51.026707980781794,7762.780916993506,55838.42106122449
1777228706,128,GET,bulk_update_departures,5.100000,0.000000,97,120,140,150,160,180,180,180,180,180,180,276,0,95,120.89985162268589,57.673332979902625,1415.3977499809116,131.3913043478261
1777228706,128,GET,large_scan,10.100000,0.000000,4900,5000,5200,5300,5300,5400,5400,5500,5500,5500,5500,539,0,5000,5092.742357842135,3993.4892499586567,7762.780916993506,652261.1688311688
1777228706,128,GET,next_departures,41.200000,0.000000,100,120,140,140,160,170,180,190,210,210,210,2310,0,100,126.70327447328587,51.945250015705824,1763.9625000301749,109.45367965367966
1777228706,128,GET,point_read,51.200000,0.000000,93,110,130,140,150,160,180,180,190,190,190,2870,0,98,126.75966994718483,51.026707980781794,1836.9924579747021,104.45052264808362
1777228706,128,GET,trips_per_route,5.500000,0.000000,3800,3800,4100,4200,4300,4300,4300,4300,4300,4300,4300,257,0,3800,3899.594820033422,3184.2596659553237,5906.201042002067,1200.1867704280155
1777228706,128,,Aggregated,113.100000,0.000000,110,140,150,160,4200,4800,5200,5300,5400,5500,5500,6252,0,110,709.6988444425896,51.026707980781794,7762.780916993506,56376.53438899552
1777228707,128,GET,bulk_update_departures,5.400000,0.000000,98,130,140,150,160,180,180,180,180,180,180,279,0,95,120.50488487776455,53.81641600979492,1415.3977499809116,131.39068100358423
1777228707,128,GET,large_scan,10.000000,0.000000,4800,4900,5200,5200,5300,5400,5400,5500,5500,5500,5500,549,0,4900,5088.936747577235,3993.4892499586567,7762.780916993506,652261.1766848816
1777228707,128,GET,next_departures,40.600000,0.000000,100,120,130,140,150,170,170,180,210,210,210,2351,0,100,126.3132948368823,51.945250015705824,1763.9625000301749,109.45342407486176
1777228707,128,GET,point_read,50.500000,0.000000,95,110,130,140,150,160,170,180,190,190,190,2929,0,99,126.53300823663994,51.026707980781794,1836.9924579747021,104.45066575623079
1777228707,128,GET,trips_per_route,5.400000,0.000000,3800,3800,4100,4200,4300,4300,4300,4300,4300,4300,4300,260,0,3800,3900.785670671478,3184.2596659553237,5906.201042002067,1200.1884615384615
1777228707,128,,Aggregated,111.900000,0.000000,110,130,150,160,4100,4800,5200,5300,5400,5500,5500,6368,0,110,708.1075924877523,51.026707980781794,7762.780916993506,56376.15483668342
1777228708,128,GET,bulk_update_departures,5.800000,0.000000,110,130,150,150,160,160,180,180,180,180,180,283,0,96,120.88378771334104,53.81641600979492,1415.3977499809116,131.3922261484099
1777228708,128,GET,large_scan,11.000000,0.000000,4800,4900,5200,5200,5300,5400,5400,5500,5500,5500,5500,560,0,4900,5087.247808935769,3993.4892499586567,7762.780916993506,652261.1785714285
1777228708,128,GET,next_departures,39.700000,0.000000,100,120,130,140,150,170,170,180,210,210,210,2391,0,100,125.97008514370332,51.945250015705824,1763.9625000301749,109.45378502718528
1777228708,128,GET,point_read,50.200000,0.000000,95,110,130,140,150,160,170,180,200,200,200,2985,0,98,126.17384628710607,51.026707980781794,1836.9924579747021,104.4539363484087
1777228708,128,GET,trips_per_route,5.700000,0.000000,3700,3800,4100,4100,4200,4300,4300,4300,4300,4300,4300,266,0,3800,3896.050760656406,3184.2596659553237,5906.201042002067,1200.1954887218046
1777228708,128,,Aggregated,112.400000,0.000000,110,130,150,160,4200,4800,5200,5300,5400,5500,5500,6485,0,110,708.9039000781976,51.026707980781794,7762.780916993506,56468.18735543562
1777228709,128,GET,bulk_update_departures,5.400000,0.000000,120,140,150,160,160,180,280,280,280,280,280,289,0,96,121.12233407874382,53.81641600979492,1415.3977499809116,131.39446366782008
1777228709,128,GET,large_scan,10.500000,0.000000,4900,5000,5200,5200,5300,5400,5400,5400,5500,5500,5500,572,0,4900,5084.168441877664,3993.4892499586567,7762.780916993506,652261.1730769231
1777228709,128,GET,next_departures,40.000000,0.000000,100,120,130,140,150,170,200,220,280,280,280,2428,0,100,125.93357958795892,51.945250015705824,1763.9625000301749,109.45675453047775
1777228709,128,GET,point_read,51.200000,0.000000,98,120,130,140,160,170,190,220,280,280,280,3019,0,99,126.38407945544245,51.026707980781794,1836.9924579747021,104.4557800596224
1777228709,128,GET,trips_per_route,5.300000,0.000000,3700,3800,4100,4100,4200,4300,4300,4300,4300,4300,4300,272,0,3800,3891.532246638235,3184.2596659553237,5906.201042002067,1200.1948529411766
1777228709,128,,Aggregated,112.400000,0.000000,110,140,150,170,4200,4800,5200,5300,5400,5500,5500,6580,0,110,712.608775304548,51.026707980781794,7762.780916993506,56844.82218844985
1777228710,128,GET,bulk_update_departures,5.400000,0.000000,120,140,160,160,160,180,330,330,330,330,330,291,0,96,121.59628266927905,53.81641600979492,1415.3977499809116,131.39175257731958
1777228710,128,GET,large_scan,9.800000,0.000000,4900,5000,5200,5200,5300,5400,5400,5400,5400,5400,5400,578,0,4900,5082.550339901374,3993.4892499586567,7762.780916993506,652261.1764705882
1777228710,128,GET,next_departures,40.500000,0.000000,110,130,140,150,170,240,320,350,360,360,360,2481,0,100,127.00557538471682,51.945250015705824,1763.9625000301749,109.45828295042321
1777228710,128,GET,point_read,51.700000,0.000000,100,120,140,150,170,190,290,340,380,380,380,3076,0,99,126.90061649442492,51.026707980781794,1836.9924579747021,104.45416124837452
1777228710,128,GET,trips_per_route,5.000000,0.000000,3700,3800,4100,4100,4200,4300,4300,4300,4300,4300,4300,278,0,3800,3892.378547970078,3184.2596659553237,5906.201042002067,1200.2014388489208
1777228710,128,,Aggregated,112.400000,0.000000,110,140,160,180,4100,4800,5200,5300,5400,5400,5400,6704,0,110,710.1173896064684,51.026707980781794,7762.780916993506,56380.029534606205
1777228711,128,GET,bulk_update_departures,5.200000,0.000000,130,140,150,160,160,180,330,330,330,330,330,297,0,97,121.34468254495275,53.81641600979492,1415.3977499809116,131.3771043771044
1777228711,128,GET,large_scan,10.400000,0.000000,4800,5000,5200,5200,5300,5400,5400,5400,5500,5500,5500,592,0,4900,5078.252311033646,3993.4892499586567,7762.780916993506,652261.1891891892
1777228711,128,GET,next_departures,40.700000,0.000000,100,120,140,150,170,240,320,350,360,360,360,2518,0,100,126.59882273918167,51.945250015705824,1763.9625000301749,109.45949166004766
1777228711,128,GET,point_read,50.300000,0.000000,100,120,140,150,170,190,290,340,380,380,380,3129,0,99,126.45133766310707,51.026707980781794,1836.9924579747021,104.45413870246085
1777228711,128,GET,trips_per_route,5.800000,0.000000,3700,3800,4100,4100,4200,4300,4300,4300,4300,4300,4300,285,0,3800,3891.7633178447813,3184.2596659553237,5906.201042002067,1200.2140350877194
1777228711,128,,Aggregated,112.400000,0.000000,110,140,160,180,4200,4800,5200,5300,5400,5500,5500,6821,0,110,713.3791754344893,51.026707980781794,7762.780916993506,56754.45829057323
1777228712,128,GET,bulk_update_departures,5.000000,0.000000,110,140,150,160,160,160,330,330,330,330,330,300,0,96,120.98580710958534,53.81641600979492,1415.3977499809116,131.37666666666667
1777228712,128,GET,large_scan,10.600000,0.000000,4900,5100,5200,5200,5300,5400,5400,5500,5500,5500,5500,599,0,4900,5078.733881479047,3993.4892499586567,7762.780916993506,652261.1819699499
1777228712,128,GET,next_departures,38.900000,0.000000,100,120,140,140,170,230,310,320,360,360,360,2563,0,100,126.15906115554286,51.945250015705824,1763.9625000301749,109.4568864611783
1777228712,128,GET,point_read,48.500000,0.000000,99,120,140,150,170,190,290,340,380,380,380,3174,0,98,126.07587659005654,51.026707980781794,1836.9924579747021,104.45431632010082
1777228712,128,GET,trips_per_route,5.500000,0.000000,3700,3800,4100,4100,4200,4200,4300,4300,4300,4300,4300,294,0,3800,3887.245115230484,3184.2596659553237,5906.201042002067,1200.2142857142858
1777228712,128,,Aggregated,108.500000,0.000000,110,140,160,180,4100,4800,5200,5300,5400,5500,5500,6930,0,110,713.5379375259855,51.026707980781794,7762.780916993506,56523.63636363636
1777228713,128,GET,bulk_update_departures,5.000000,0.000000,120,140,150,150,160,160,330,330,330,330,330,304,0,97,121.00587571024478,53.81641600979492,1415.3977499809116,131.37828947368422
1777228713,128,GET,large_scan,10.300000,0.000000,4900,5100,5200,5200,5300,5400,5400,5500,5500,5500,5500,609,0,4900,5075.972615771874,3993.4892499586567,7762.780916993506,652261.1806239737
1777228713,128,GET,next_departures,40.300000,0.000000,98,120,130,140,170,240,320,350,360,360,360,2605,0,100,125.78973243486283,51.945250015705824,1763.9625000301749,109.45719769673704
1777228713,128,GET,point_read,50.400000,0.000000,97,120,140,150,170,190,290,340,380,380,380,3215,0,98,125.74471895018821,51.026707980781794,1836.9924579747021,104.45132192846035
1777228713,128,GET,trips_per_route,5.300000,0.000000,3700,3800,4100,4100,4200,4200,4200,4300,4300,4300,4300,295,0,3800,3886.800064134877,3184.2596659553237,5906.201042002067,1200.2169491525424
1777228713,128,,Aggregated,111.300000,0.000000,110,140,160,180,4200,4800,5200,5300,5400,5500,5500,7028,0,110,712.3805709388798,51.026707980781794,7762.780916993506,56665.05535002846
1777228714,128,GET,bulk_update_departures,4.800000,0.000000,110,130,140,150,160,280,330,330,330,330,330,309,0,95,120.25826984415927,53.81641600979492,1415.3977499809116,131.38187702265373
1777228714,128,GET,large_scan,10.500000,0.000000,4900,5100,5200,5300,5300,5400,5400,5500,5500,5500,5500,622,0,4900,5076.522782897139,3993.4892499586567,7762.780916993506,652261.1800643087
1777228714,128,GET,next_departures,39.800000,0.000000,98,120,130,140,170,240,310,320,360,360,360,2644,0,100,125.73676868814304,51.945250015705824,1763.9625000301749,109.45763993948563
1777228714,128,GET,point_read,50.700000,0.000000,98,120,140,150,170,220,290,340,380,380,380,3255,0,98,125.72555797598031,51.026707980781794,1836.9924579747021,104.45038402457757
1777228714,128,GET,trips_per_route,5.700000,0.000000,3700,3800,4100,4100,4200,4200,4300,4300,4300,4300,4300,300,0,3800,3884.6549762624395,3184.2596659553237,5906.201042002067,1200.2033333333334
1777228714,128,,Aggregated,111.500000,0.000000,110,140,160,200,4200,4900,5300,5300,5500,5500,5500,7130,0,110,715.5453263458439,51.026707980781794,7762.780916993506,57045.79298737728
1777228715,128,GET,bulk_update_departures,4.300000,0.000000,100,140,150,150,210,250,330,330,330,330,330,318,0,96,121.06929954713205,53.81641600979492,1415.3977499809116,131.38364779874215
1777228715,128,GET,large_scan,10.000000,0.000000,4900,5100,5200,5300,5300,5400,5500,5500,5500,5500,5500,627,0,4900,5075.844442389239,3993.4892499586567,7762.780916993506,652261.1802232855
1777228715,128,GET,next_departures,40.900000,0.000000,100,120,140,150,190,250,310,320,360,360,360,2682,0,100,126.0427377551935,51.945250015705824,1763.9625000301749,109.45749440715883
1777228715,128,GET,point_read,49.700000,0.000000,100,120,140,150,190,230,300,340,380,380,380,3292,0,99,125.84917645105489,51.026707980781794,1836.9924579747021,104.44987849331713
1777228715,128,GET,trips_per_route,5.700000,0.000000,3700,3800,4100,4200,4200,4200,4400,4400,4400,4400,4400,305,0,3800,3887.487371467802,3184.2596659553237,5906.201042002067,1200.2131147540983
1777228715,128,,Aggregated,110.600000,0.000000,110,140,170,210,4100,4800,5200,5300,5500,5500,5500,7224,0,110,714.1583973516084,51.026707980781794,7762.780916993506,56757.06243078627
1777228716,128,GET,bulk_update_departures,4.400000,0.000000,100,140,140,150,210,250,330,330,330,330,330,323,0,96,120.66068681426945,53.81641600979492,1415.3977499809116,131.38699690402476
1777228716,128,GET,large_scan,10.400000,0.000000,4900,5100,5200,5300,5300,5400,5500,5500,5500,5500,5500,641,0,4900,5073.88119546665,3993.4892499586567,7762.780916993506,652261.1762870515
1777228716,128,GET,next_departures,40.800000,0.000000,100,130,150,160,200,250,320,350,370,370,370,2725,0,100,126.27836093082254,51.945250015705824,1763.9625000301749,109.45394495412845
1777228716,128,GET,point_read,48.600000,0.000000,100,120,150,160,200,240,300,350,560,560,560,3354,0,99,126.21686695169335,51.026707980781794,1836.9924579747021,104.45140131186643
1777228716,128,GET,trips_per_route,5.200000,0.000000,3700,3900,4100,4200,4200,4300,4400,4400,4400,4400,4400,310,0,3800,3889.5436501537915,3184.2596659553237,5906.201042002067,1200.2193548387097
1777228716,128,,Aggregated,109.400000,0.000000,110,150,190,230,4200,4900,5300,5300,5500,5500,5500,7353,0,110,715.9703093941615,51.026707980781794,7762.780916993506,57005.64558683531
1777228717,128,GET,bulk_update_departures,4.400000,0.000000,100,130,140,150,220,250,330,330,330,330,330,331,0,97,120.82670647172634,53.81641600979492,1415.3977499809116,131.37462235649548
1777228717,128,GET,large_scan,10.800000,0.000000,4900,5100,5200,5300,5400,5400,5500,5500,5500,5500,5500,655,0,4900,5072.105122652022,3993.4892499586567,7762.780916993506,652261.1770992366
1777228717,128,GET,next_departures,41.700000,0.000000,110,130,150,160,200,250,320,350,370,370,370,2777,0,100,126.24553732933167,51.945250015705824,1763.9625000301749,109.45048613611812
1777228717,128,GET,point_read,47.900000,0.000000,100,130,150,160,200,240,300,350,560,560,560,3413,0,99,126.11194926621995,51.026707980781794,1836.9924579747021,104.45150893641957
1777228717,128,GET,trips_per_route,5.200000,0.000000,3700,3900,4100,4200,4200,4300,4400,4400,4400,4400,4400,315,0,3800,3889.7764377129665,3184.2596659553237,5906.201042002067,1200.2285714285715
1777228717,128,,Aggregated,110.000000,0.000000,120,150,200,240,4300,4900,5300,5400,5500,5500,5500,7491,0,110,716.6607946960295,51.026707980781794,7762.780916993506,57177.02109197704
1777228718,128,GET,bulk_update_departures,4.600000,0.000000,100,130,140,150,220,250,330,330,330,330,330,336,0,97,120.82928078043984,53.81641600979492,1415.3977499809116,131.3779761904762
1777228718,128,GET,large_scan,9.700000,0.000000,4900,5100,5200,5300,5400,5500,5500,5500,5500,5500,5500,668,0,4900,5068.617249260678,3993.4892499586567,7762.780916993506,652261.1856287426
1777228718,128,GET,next_departures,41.900000,0.000000,110,130,150,170,220,260,320,350,370,370,370,2833,0,100,126.36116260551397,51.945250015705824,1763.9625000301749,109.45040593010943
1777228718,128,GET,point_read,48.100000,0.000000,110,130,150,160,200,240,300,350,560,560,560,3476,0,100,126.1248015596844,51.026707980781794,1836.9924579747021,104.45195627157652
1777228718,128,GET,trips_per_route,5.400000,0.000000,3800,4000,4200,4200,4200,4300,4400,4400,4400,4400,4400,319,0,3800,3888.9681447385283,3184.2596659553237,5906.201042002067,1200.2319749216301
1777228718,128,,Aggregated,109.700000,0.000000,120,150,190,230,4200,4900,5300,5400,5500,5500,5500,7632,0,110,715.8551864390502,51.026707980781794,7762.780916993506,57234.098139413
1777228719,128,GET,bulk_update_departures,5.000000,0.000000,100,120,140,140,170,220,230,250,250,250,250,342,0,97,120.69561369958802,53.81641600979492,1415.3977499809116,131.38011695906434
1777228719,128,GET,large_scan,10.300000,0.000000,4900,5100,5200,5300,5400,5500,5500,5500,5500,5500,5500,677,0,4900,5067.981000314828,3993.4892499586567,7762.780916993506,652261.1890694239
1777228719,128,GET,next_departures,42.100000,0.000000,100,130,140,150,190,220,250,300,370,370,370,2881,0,100,125.75314109529559,51.945250015705824,1763.9625000301749,109.44845539743145
1777228719,128,GET,point_read,48.200000,0.000000,100,120,140,150,180,210,250,280,560,560,560,3538,0,99,125.52360354678825,51.026707980781794,1836.9924579747021,104.4527981910684
1777228719,128,GET,trips_per_route,5.600000,0.000000,3800,4000,4100,4200,4200,4300,4400,4400,4400,4400,4400,323,0,3800,3889.0775062061625,3184.2596659553237,5906.201042002067,1200.235294117647
1777228719,128,,Aggregated,111.200000,0.000000,110,140,160,190,4000,4800,5300,5400,5500,5500,5500,7761,0,110,713.164589672345,51.026707980781794,7762.780916993506,57041.40033500837
1777228720,128,GET,bulk_update_departures,5.300000,0.000000,100,120,140,140,170,220,230,250,250,250,250,346,0,97,120.45188514516431,53.81641600979492,1415.3977499809116,131.3815028901734
1777228720,128,GET,large_scan,10.800000,0.000000,4900,5100,5200,5300,5400,5500,5500,5500,5500,5500,5500,683,0,4900,5065.958670211109,3993.4892499586567,7762.780916993506,652261.187408492
1777228720,128,GET,next_departures,42.900000,0.000000,100,120,140,140,180,210,250,260,370,370,370,2928,0,100,125.20010163270008,51.945250015705824,1763.9625000301749,109.44774590163935
1777228720,128,GET,point_read,47.900000,0.000000,100,120,130,140,180,200,240,250,560,560,560,3597,0,99,125.07196740709604,51.026707980781794,1836.9924579747021,104.45343341673617
1777228720,128,GET,trips_per_route,5.600000,0.000000,3800,4000,4200,4200,4300,4400,4500,4500,4500,4500,4500,325,0,3800,3892.2924165556637,3184.2596659553237,5906.201042002067,1200.2338461538461
1777228720,128,,Aggregated,112.500000,0.000000,110,140,160,190,4100,4900,5300,5300,5500,5500,5500,7879,0,110,708.6166929482008,51.026707980781794,7762.780916993506,56685.633582942
1777228721,128,GET,bulk_update_departures,5.100000,0.000000,97,120,140,140,170,220,230,250,250,250,250,353,0,97,119.9177206408499,53.81641600979492,1415.3977499809116,131.38526912181302
1777228721,128,GET,large_scan,10.400000,0.000000,4900,5100,5200,5300,5400,5500,5500,5500,5500,5500,5500,690,0,4900,5065.067122048071,3993.4892499586567,7762.780916993506,652261.1898550724
1777228721,128,GET,next_departures,43.600000,0.000000,100,120,140,140,170,200,250,260,370,370,370,2969,0,100,124.94118297361238,51.945250015705824,1763.9625000301749,109.4476254631189
1777228721,128,GET,point_read,49.500000,0.000000,100,120,130,140,170,200,240,250,560,560,560,3652,0,99,124.65988613970104,51.026707980781794,1836.9924579747021,104.45235487404162
1777228721,128,GET,trips_per_route,4.900000,0.000000,3800,4100,4200,4300,4300,4400,4500,4500,4500,4500,4500,332,0,3800,3894.532714875384,3184.2596659553237,5906.201042002067,1200.2409638554218
1777228721,128,,Aggregated,113.500000,0.000000,110,140,160,180,4000,4900,5300,5400,5500,5500,5500,7996,0,110,707.4062540481315,51.026707980781794,7762.780916993506,56429.65107553777
1777228722,128,GET,bulk_update_departures,5.200000,0.000000,100,120,140,140,170,220,230,250,250,250,250,358,0,97,120.12678308167895,53.81641600979492,1415.3977499809116,131.38826815642457
1777228722,128,GET,large_scan,10.400000,0.000000,4900,5200,5300,5300,5400,5500,5500,5500,5600,5600,5600,703,0,4900,5065.217531121161,3993.4892499586567,7762.780916993506,652261.1877667141
1777228722,128,GET,next_departures,45.600000,0.000000,100,120,140,140,180,210,250,260,370,370,370,2999,0,100,124.65737750061635,51.945250015705824,1763.9625000301749,109.44681560520173
1777228722,128,GET,point_read,52.600000,0.000000,100,120,130,140,170,200,240,250,560,560,560,3704,0,99,124.35085331399063,51.026707980781794,1836.9924579747021,104.4505939524838
1777228722,128,GET,trips_per_route,4.700000,0.000000,3800,4100,4200,4300,4300,4400,4500,4500,4500,4500,4500,337,0,3800,3891.8922397555734,3184.2596659553237,5906.201042002067,1200.234421364985
1777228722,128,,Aggregated,118.500000,0.000000,110,140,160,180,4100,4900,5300,5400,5500,5600,5600,8101,0,110,709.7721310107912,51.026707980781794,7762.780916993506,56746.851870139486
1777228723,128,GET,bulk_update_departures,5.300000,0.000000,100,120,130,140,170,220,230,250,250,250,250,360,0,98,120.14383011733622,53.81641600979492,1415.3977499809116,131.38611111111112
1777228723,128,GET,large_scan,10.000000,0.000000,4900,5100,5200,5300,5400,5500,5500,5600,5600,5600,5600,712,0,4900,5063.658702248881,3993.4892499586567,7762.780916993506,652261.1797752809
1777228723,128,GET,next_departures,45.600000,0.000000,100,130,140,150,180,210,250,260,370,370,370,3037,0,100,124.44908060333552,51.945250015705824,1763.9625000301749,109.44682252222589
1777228723,128,GET,point_read,51.700000,0.000000,100,120,130,140,170,200,240,250,560,560,560,3745,0,99,124.16243212394235,51.026707980781794,1836.9924579747021,104.45180240320427
1777228723,128,GET,trips_per_route,4.700000,0.000000,3800,4100,4200,4300,4300,4400,4500,4500,4500,4500,4500,341,0,3800,3891.06474879957,3184.2596659553237,5906.201042002067,1200.2404692082112
1777228723,128,,Aggregated,117.300000,0.000000,110,140,160,190,4100,4800,5300,5400,5500,5600,5600,8195,0,110,709.9902404247221,51.026707980781794,7762.780916993506,56813.92348993289
1777228724,128,GET,bulk_update_departures,5.500000,0.000000,100,120,130,140,170,220,230,250,250,250,250,364,0,97,119.71146488532803,53.81641600979492,1415.3977499809116,131.39285714285714
1777228724,128,GET,large_scan,10.100000,0.000000,4900,5200,5200,5300,5400,5500,5500,5500,5600,5600,5600,728,0,4900,5061.192583047979,3993.4892499586567,7762.780916993506,652261.1799450549
1777228724,128,GET,next_departures,44.600000,0.000000,100,120,130,140,170,200,250,260,370,370,370,3079,0,100,124.1391235518438,51.945250015705824,1763.9625000301749,109.44397531666125
1777228724,128,GET,point_read,52.200000,0.000000,100,120,130,140,160,200,220,250,560,560,560,3794,0,99,123.91370117605915,51.026707980781794,1836.9924579747021,104.45387453874538
1777228724,128,GET,trips_per_route,4.300000,0.000000,3900,4100,4200,4300,4300,4400,4500,4500,4500,4500,4500,344,0,3800,3892.1532741296687,3184.2596659553237,5906.201042002067,1200.2412790697674
1777228724,128,,Aggregated,116.700000,0.000000,110,130,150,170,4200,4800,5200,5300,5500,5600,5600,8309,0,110,712.4054451385115,51.026707980781794,7762.780916993506,57292.10795522927
1777228725,128,GET,bulk_update_departures,5.800000,0.000000,100,120,130,140,160,170,220,220,220,220,220,369,0,97,119.43150364032248,53.81641600979492,1415.3977499809116,131.390243902439
1777228725,128,GET,large_scan,10.500000,0.000000,4900,5200,5200,5300,5300,5500,5500,5500,5600,5600,5600,735,0,4900,5060.862486114089,3993.4892499586567,7762.780916993506,652261.1795918368
1777228725,128,GET,next_departures,44.100000,0.000000,99,120,130,140,150,170,200,220,320,320,320,3123,0,100,123.88591965583812,51.945250015705824,1763.9625000301749,109.44316362471982
1777228725,128,GET,point_read,53.100000,0.000000,98,110,130,140,160,170,200,230,280,280,280,3852,0,99,123.62341912651772,51.026707980781794,1836.9924579747021,104.45534787123572
1777228725,128,GET,trips_per_route,4.400000,0.000000,3700,4000,4100,4200,4300,4300,4500,4500,4500,4500,4500,352,0,3800,3887.165048086734,3184.2596659553237,5906.201042002067,1200.2443181818182
1777228725,128,,Aggregated,117.900000,0.000000,100,130,150,160,4100,4800,5200,5300,5500,5600,5600,8431,0,110,711.0875799577977,51.026707980781794,7762.780916993506,57007.12714980429
1777228726,128,GET,bulk_update_departures,5.600000,0.000000,100,120,130,140,160,170,220,220,220,220,220,371,0,97,119.18285885270976,53.81641600979492,1415.3977499809116,131.39083557951483
1777228726,128,GET,large_scan,10.000000,0.000000,4800,5000,5200,5300,5300,5400,5500,5500,5600,5600,5600,749,0,4900,5056.699674233492,3912.9257919848897,7762.780916993506,652261.1802403204
1777228726,128,GET,next_departures,43.000000,0.000000,97,110,130,130,150,170,190,220,320,320,320,3161,0,100,123.61045921673558,51.945250015705824,1763.9625000301749,109.44321417273015
1777228726,128,GET,point_read,53.000000,0.000000,94,110,130,140,160,160,190,200,280,280,280,3905,0,98,123.29093132168948,51.026707980781794,1836.9924579747021,104.45633802816901
1777228726,128,GET,trips_per_route,4.500000,0.000000,3700,3800,4100,4100,4300,4300,4500,4500,4500,4500,4500,356,0,3800,3885.485993240426,3184.2596659553237,5906.201042002067,1200.25
1777228726,128,,Aggregated,116.100000,0.000000,100,130,140,160,4100,4800,5200,5300,5500,5600,5600,8542,0,110,712.6084826298443,51.026707980781794,7762.780916993506,57337.10032779208
1777228727,128,GET,bulk_update_departures,5.100000,0.000000,100,120,120,140,150,160,170,170,170,170,170,379,0,97,119.02571319080864,53.81641600979492,1415.3977499809116,131.3957783641161
1777228727,128,GET,large_scan,10.500000,0.000000,4800,5000,5200,5200,5300,5400,5500,5500,5600,5600,5600,761,0,4900,5054.636626646554,3912.9257919848897,7762.780916993506,652261.1813403417
1777228727,128,GET,next_departures,42.500000,0.000000,94,110,120,130,140,160,170,180,190,190,190,3198,0,100,123.33951177861582,51.945250015705824,1763.9625000301749,109.44402751719825
1777228727,128,GET,point_read,53.500000,0.000000,92,110,120,130,150,160,170,180,200,200,200,3967,0,98,122.89129049460693,51.026707980781794,1836.9924579747021,104.45399546256617
1777228727,128,GET,trips_per_route,4.500000,0.000000,3700,4100,4100,4200,4300,4300,4500,4500,4500,4500,4500,363,0,3800,3885.8620264288743,3184.2596659553237,5906.201042002067,1200.250688705234
1777228727,128,,Aggregated,116.100000,0.000000,99,120,140,150,4100,4800,5200,5300,5500,5600,5600,8668,0,110,713.4525428969938,51.026707980781794,7762.780916993506,57408.93170281495
1777228728,128,GET,bulk_update_departures,4.800000,0.000000,100,110,120,120,140,160,170,170,170,170,170,389,0,97,118.38887609373228,53.81641600979492,1415.3977499809116,131.38046272493574
1777228728,128,GET,large_scan,10.500000,0.000000,4800,5000,5200,5200,5300,5400,5500,5600,5600,5600,5600,768,0,4900,5053.432699114562,3912.9257919848897,7762.780916993506,652261.1731770834
1777228728,128,GET,next_departures,43.300000,0.000000,94,110,120,130,140,160,170,180,390,390,390,3242,0,100,123.15164524152642,51.945250015705824,1763.9625000301749,109.44262800740283
1777228728,128,GET,point_read,54.500000,0.000000,90,100,120,130,150,160,170,170,180,180,180,4027,0,98,122.47272925975513,51.026707980781794,1836.9924579747021,104.45343928482741
1777228728,128,GET,trips_per_route,4.400000,0.000000,3700,4100,4100,4200,4300,4300,4500,4500,4500,4500,4500,369,0,3800,3884.5798690452525,3184.2596659553237,5906.201042002067,1200.2547425474254
1777228728,128,,Aggregated,117.500000,0.000000,96,120,140,150,4100,4800,5200,5300,5500,5600,5600,8795,0,110,710.9670121660271,51.026707980781794,7762.780916993506,57101.310858442295
1777228729,128,GET,bulk_update_departures,4.500000,0.000000,94,110,120,120,140,150,160,170,170,170,170,394,0,97,117.89107468418852,53.81641600979492,1415.3977499809116,131.37563451776649
1777228729,128,GET,large_scan,10.300000,0.000000,4800,5200,5200,5300,5300,5400,5500,5600,5600,5600,5600,775,0,4900,5053.541273499253,3912.9257919848897,7762.780916993506,652261.1677419355
1777228729,128,GET,next_departures,42.600000,0.000000,94,110,120,130,150,160,180,190,390,390,390,3288,0,100,122.9578167188015,51.945250015705824,1763.9625000301749,109.4419099756691
1777228729,128,GET,point_read,55.100000,0.000000,92,110,120,130,150,160,170,170,180,180,180,4083,0,98,122.29138791350479,51.026707980781794,1836.9924579747021,104.45530247367132
1777228729,128,GET,trips_per_route,4.700000,0.000000,3700,4100,4200,4200,4300,4300,4400,4500,4500,4500,4500,374,0,3800,3886.3804351890467,3184.2596659553237,5906.201042002067,1200.2540106951872
1777228729,128,,Aggregated,117.200000,0.000000,99,120,140,150,4100,4800,5200,5300,5500,5600,5600,8914,0,110,709.0027923906721,51.026707980781794,7762.780916993506,56853.19699349338
1777228730,128,GET,bulk_update_departures,4.800000,0.000000,97,110,120,120,140,160,170,180,180,180,180,398,0,97,117.86285251652208,53.81641600979492,1415.3977499809116,131.37939698492463
1777228730,128,GET,large_scan,10.500000,0.000000,4800,5200,5200,5300,5400,5400,5500,5600,5600,5600,5600,781,0,4900,5053.3564969115905,3912.9257919848897,7762.780916993506,652261.1638924456
1777228730,128,GET,next_departures,41.900000,0.000000,96,110,120,130,150,160,180,190,390,390,390,3339,0,100,122.72682227574342,51.945250015705824,1763.9625000301749,109.44264749925128
1777228730,128,GET,point_read,55.300000,0.000000,93,110,130,130,150,160,170,170,190,190,190,4130,0,98,122.1886978955989,51.026707980781794,1836.9924579747021,104.45544794188862
1777228730,128,GET,trips_per_route,5.000000,0.000000,3700,3800,4100,4200,4300,4300,4300,4400,4400,4400,4400,383,0,3800,3884.8507672182936,3184.2596659553237,5906.201042002067,1200.2610966057441
1777228730,128,,Aggregated,117.500000,0.000000,100,130,140,160,4100,4800,5200,5300,5500,5600,5600,9031,0,110,708.2164616456278,51.026707980781794,7762.780916993506,56552.407042409475
1777228731,128,GET,bulk_update_departures,5.100000,0.000000,100,120,120,120,140,160,170,180,180,180,180,405,0,97,117.64298222361155,53.81641600979492,1415.3977499809116,131.38518518518518
1777228731,128,GET,large_scan,10.100000,0.000000,4800,5000,5200,5200,5300,5400,5500,5500,5500,5500,5500,791,0,4900,5050.04697134889,3912.9257919848897,7762.780916993506,652261.1542351454
1777228731,128,GET,next_departures,41.500000,0.000000,97,110,120,130,150,160,180,190,390,390,390,3376,0,100,122.57838416903573,51.945250015705824,1763.9625000301749,109.4428317535545
1777228731,128,GET,point_read,55.300000,0.000000,93,110,130,140,150,160,170,180,190,190,190,4186,0,98,121.8481316932492,50.64824997680262,1836.9924579747021,104.45604395604396
1777228731,128,GET,trips_per_route,5.200000,0.000000,3700,3800,4100,4100,4200,4300,4300,4300,4300,4300,4300,389,0,3800,3883.702362500009,3184.2596659553237,5906.201042002067,1200.2442159383033
1777228731,128,,Aggregated,117.200000,0.000000,100,130,140,160,4100,4800,5200,5300,5500,5500,5500,9147,0,110,708.0872073218152,50.64824997680262,7762.780916993506,56550.27998250793
1777228732,128,GET,bulk_update_departures,5.200000,0.000000,94,110,120,120,140,150,180,180,180,180,180,408,0,97,117.36746989581484,53.81641600979492,1415.3977499809116,131.3799019607843
1777228732,128,GET,large_scan,9.600000,0.000000,4800,5000,5200,5200,5300,5400,5500,5500,5500,5500,5500,802,0,4900,5049.843452780486,3912.9257919848897,7762.780916993506,652261.1558603491
1777228732,128,GET,next_departures,41.500000,0.000000,99,120,130,140,160,170,190,200,390,390,390,3421,0,100,122.7626013226175,51.945250015705824,1763.9625000301749,109.44226834258988
1777228732,128,GET,point_read,54.000000,0.000000,92,110,130,140,150,160,170,180,190,190,190,4233,0,98,121.73649722775926,50.64824997680262,1836.9924579747021,104.4561776517836
1777228732,128,GET,trips_per_route,5.300000,0.000000,3700,3800,4100,4100,4200,4200,4300,4300,4300,4300,4300,399,0,3800,3879.243295244554,3184.2596659553237,5906.201042002067,1200.2531328320802
1777228732,128,,Aggregated,115.600000,0.000000,100,130,150,160,4000,4800,5200,5300,5500,5500,5500,9263,0,110,710.456645097678,50.64824997680262,7762.780916993506,56619.07762064126
1777228733,128,GET,bulk_update_departures,5.500000,0.000000,94,100,120,120,140,160,180,180,180,180,180,415,0,97,117.10511016033881,53.81641600979492,1415.3977499809116,131.37590361445783
1777228733,128,GET,large_scan,10.000000,0.000000,4800,5100,5200,5200,5300,5400,5500,5500,5500,5500,5500,810,0,4900,5048.130404275129,3912.9257919848897,7762.780916993506,652261.1555555556
1777228733,128,GET,next_departures,40.700000,0.000000,99,120,130,140,160,180,200,220,390,390,390,3466,0,100,122.65739000344418,51.945250015705824,1763.9625000301749,109.44345066358915
1777228733,128,GET,point_read,53.700000,0.000000,93,110,130,140,160,160,170,180,190,190,190,4283,0,98,121.63727265124498,50.64824997680262,1836.9924579747021,104.45528834928788
1777228733,128,GET,trips_per_route,5.800000,0.000000,3700,3800,4100,4100,4200,4200,4300,4400,4400,4400,4400,406,0,3800,3876.991327814161,3184.2596659553237,5906.201042002067,1200.256157635468
1777228733,128,,Aggregated,115.700000,0.000000,100,130,150,160,3800,4800,5200,5300,5500,5500,5500,9380,0,110,709.7809893165418,50.64824997680262,7762.780916993506,56471.22324093817
1777228734,128,GET,bulk_update_departures,5.300000,0.000000,94,100,120,120,140,160,180,180,180,180,180,418,0,96,116.93937073346967,53.81641600979492,1415.3977499809116,131.3732057416268
1777228734,128,GET,large_scan,10.200000,0.000000,4800,4900,5200,5200,5300,5400,5400,5500,5500,5500,5500,817,0,4900,5046.38627448441,3912.9257919848897,7762.780916993506,652261.1566707466
1777228734,128,GET,next_departures,41.700000,0.000000,99,120,130,140,160,180,200,220,390,390,390,3507,0,100,122.42272960075603,51.945250015705824,1763.9625000301749,109.44254348445965
1777228734,128,GET,point_read,54.300000,0.000000,94,110,130,140,150,160,170,180,190,190,190,4322,0,98,121.4685790474538,50.64824997680262,1836.9924579747021,104.45441925034706
1777228734,128,GET,trips_per_route,5.900000,0.000000,3700,3800,4000,4100,4200,4200,4300,4400,4400,4400,4400,408,0,3800,3875.8663348886403,3184.2596659553237,5906.201042002067,1200.2598039215686
1777228734,128,,Aggregated,117.400000,0.000000,100,130,150,160,3700,4800,5200,5300,5400,5500,5500,9472,0,110,708.1350738183968,50.64824997680262,7762.780916993506,56405.95988175676
1777228735,128,GET,bulk_update_departures,5.100000,0.000000,90,100,120,120,140,150,180,180,180,180,180,423,0,96,116.57499174376065,53.81641600979492,1415.3977499809116,131.37115839243498
1777228735,128,GET,large_scan,10.100000,0.000000,4800,5000,5200,5300,5300,5400,5400,5500,5500,5500,5500,827,0,4900,5046.276938890928,3912.9257919848897,7762.780916993506,652261.1584038694
1777228735,128,GET,next_departures,41.300000,0.000000,99,120,130,140,160,180,200,220,390,390,390,3538,0,100,122.28418653510069,51.945250015705824,1763.9625000301749,109.4423403052572
1777228735,128,GET,point_read,52.800000,0.000000,96,110,130,140,150,160,180,180,190,190,190,4361,0,98,121.36782701291136,50.64824997680262,1836.9924579747021,104.45425361155698
1777228735,128,GET,trips_per_route,6.400000,0.000000,3700,3800,4100,4100,4200,4300,4400,4800,4800,4800,4800,412,0,3800,3876.81447716644,3184.2596659553237,5906.201042002067,1200.2621359223301
1777228735,128,,Aggregated,115.700000,0.000000,110,130,150,160,3800,4800,5200,5300,5400,5500,5500,9561,0,110,709.3145445170446,50.64824997680262,7762.780916993506,56564.45852944253
1777228736,128,GET,bulk_update_departures,5.300000,0.000000,94,100,120,120,140,150,180,180,180,180,180,430,0,95,116.21953480590005,53.81641600979492,1415.3977499809116,131.37906976744185
1777228736,128,GET,large_scan,9.700000,0.000000,4900,5200,5200,5300,5400,5400,5500,5500,5500,5500,5500,845,0,4900,5046.498056466156,3912.9257919848897,7762.780916993506,652261.1656804733
1777228736,128,GET,next_departures,42.800000,0.000000,100,120,140,140,160,180,210,240,390,390,390,3567,0,100,122.22402620155788,51.945250015705824,1763.9625000301749,109.44126717129241
1777228736,128,GET,point_read,53.500000,0.000000,96,120,130,140,150,160,170,180,190,190,190,4392,0,98,121.25253700325202,50.64824997680262,1836.9924579747021,104.4546903460838
1777228736,128,GET,trips_per_route,6.600000,0.000000,3700,3800,4100,4100,4200,4300,4400,4800,4800,4800,4800,416,0,3800,3877.7293821312924,3184.2596659553237,5906.201042002067,1200.264423076923
1777228736,128,,Aggregated,117.900000,0.000000,110,130,150,160,4100,4800,5300,5300,5500,5500,5500,9650,0,110,714.6025828628278,50.64824997680262,7762.780916993506,57260.68704663213
1777228737,128,GET,bulk_update_departures,5.600000,0.000000,89,110,120,130,140,150,180,180,180,180,180,432,0,95,116.35944060536632,53.81641600979492,1415.3977499809116,131.3773148148148
1777228737,128,GET,large_scan,8.900000,0.000000,4800,5200,5200,5300,5400,5400,5500,5500,5500,5500,5500,858,0,4900,5044.747590285519,3912.9257919848897,7762.780916993506,652261.1631701632
1777228737,128,GET,next_departures,42.400000,0.000000,98,120,140,140,160,180,200,230,240,240,240,3614,0,100,121.9267496563686,51.945250015705824,1763.9625000301749,109.44355285002767
1777228737,128,GET,point_read,51.700000,0.000000,96,120,130,140,160,160,170,180,190,190,190,4431,0,98,121.00555918824872,50.64824997680262,1836.9924579747021,104.45429925524712
1777228737,128,GET,trips_per_route,6.300000,0.000000,3700,3800,4000,4100,4200,4300,4400,4800,4800,4800,4800,422,0,3700,3875.1029774089516,3184.2596659553237,5906.201042002067,1200.2701421800948
1777228737,128,,Aggregated,114.900000,0.000000,110,140,150,160,4100,4800,5300,5400,5500,5500,5500,9757,0,110,716.4879648759152,50.64824997680262,7762.780916993506,57503.506508148
1777228738,128,GET,bulk_update_departures,5.500000,0.000000,89,100,130,130,150,150,180,180,180,180,180,436,0,96,116.32242347375455,53.81641600979492,1415.3977499809116,131.37385321100916
1777228738,128,GET,large_scan,9.300000,0.000000,4800,5100,5200,5300,5400,5400,5500,5500,5500,5500,5500,872,0,4900,5042.277395552832,3912.9257919848897,7762.780916993506,652261.1674311927
1777228738,128,GET,next_departures,40.800000,0.000000,98,120,140,140,160,170,200,230,240,240,240,3641,0,100,121.82226801456474,51.945250015705824,1763.9625000301749,109.44438341115078
1777228738,128,GET,point_read,49.900000,0.000000,96,120,130,140,150,160,170,180,190,190,190,4471,0,98,120.85328382312639,50.64824997680262,1836.9924579747021,104.45403712815924
1777228738,128,GET,trips_per_route,5.900000,0.000000,3700,3800,4000,4100,4200,4200,4400,4800,4800,4800,4800,426,0,3700,3875.8009280318047,3184.2596659553237,5906.201042002067,1200.2535211267605
1777228738,128,,Aggregated,111.400000,0.000000,110,140,150,160,4600,4900,5300,5400,5500,5500,5500,9846,0,110,719.3341022458244,50.64824997680262,7762.780916993506,57912.434084907574
1777228739,128,GET,bulk_update_departures,5.800000,0.000000,95,120,130,130,150,150,180,180,180,180,180,441,0,96,116.23306644121142,53.81641600979492,1415.3977499809116,131.3764172335601
1777228739,128,GET,large_scan,9.800000,0.000000,4800,5000,5200,5300,5400,5400,5500,5500,5500,5500,5500,883,0,4900,5040.930637087262,3912.9257919848897,7762.780916993506,652261.1687429219
1777228739,128,GET,next_departures,40.300000,0.000000,97,120,140,140,160,170,200,230,240,240,240,3675,0,100,121.58024072761134,51.945250015705824,1763.9625000301749,109.44190476190477
1777228739,128,GET,point_read,46.600000,0.000000,95,120,130,140,150,160,170,180,190,190,190,4526,0,98,120.64105780801184,50.64824997680262,1836.9924579747021,104.45205479452055
1777228739,128,GET,trips_per_route,5.500000,0.000000,3700,3800,4000,4100,4200,4300,4400,4800,4800,4800,4800,431,0,3800,3877.045644836699,3184.2596659553237,5906.201042002067,1200.2505800464037
1777228739,128,,Aggregated,108.000000,0.000000,110,140,150,170,4700,4900,5300,5400,5500,5500,5500,9956,0,110,719.7906810050483,50.64824997680262,7762.780916993506,57994.857975090395
1777228740,128,GET,bulk_update_departures,5.100000,0.000000,86,97,130,130,150,150,180,180,180,180,180,446,0,95,116.0314627457149,53.81641600979492,1415.3977499809116,131.38116591928252
1777228740,128,GET,large_scan,9.600000,0.000000,4900,5100,5200,5300,5400,5400,5500,5500,6000,6000,6000,893,0,4900,5041.951848457015,3912.9257919848897,7762.780916993506,652261.1646136618
1777228740,128,GET,next_departures,40.100000,0.000000,96,120,130,140,160,170,200,230,240,240,240,3720,0,100,121.33835364165665,51.945250015705824,1763.9625000301749,109.44139784946236
1777228740,128,GET,point_read,45.000000,0.000000,94,110,130,140,150,160,170,180,190,190,190,4577,0,98,120.48162293660798,50.64824997680262,1836.9924579747021,104.45007646930304
1777228740,128,GET,trips_per_route,5.600000,0.000000,3700,3800,4100,4200,4200,4300,4400,4800,4800,4800,4800,438,0,3700,3876.279767047184,3184.2596659553237,5906.201042002067,1200.25799086758
1777228740,128,,Aggregated,105.400000,0.000000,110,140,150,170,4700,4900,5300,5400,5500,6000,6000,10074,0,110,720.1555126812758,50.64824997680262,7762.780916993506,57964.93140758388
1777228741,128,GET,bulk_update_departures,4.700000,0.000000,95,120,130,140,170,180,190,190,190,190,190,454,0,96,116.32606252555588,53.81641600979492,1415.3977499809116,131.38325991189427
1777228741,128,GET,large_scan,10.400000,0.000000,4900,5200,5200,5300,5400,5400,5500,5500,6000,6000,6000,903,0,4900,5040.651313264836,3912.9257919848897,7762.780916993506,652261.169435216
1777228741,128,GET,next_departures,38.800000,0.000000,97,120,130,140,160,170,210,230,240,240,240,3766,0,100,121.25954347026084,51.945250015705824,1763.9625000301749,109.43919277748275
1777228741,128,GET,point_read,44.100000,0.000000,95,120,130,140,160,170,170,180,200,200,200,4638,0,98,120.43313863983903,50.64824997680262,1836.9924579747021,104.45040965933592
1777228741,128,GET,trips_per_route,5.600000,0.000000,3700,3800,4100,4100,4200,4300,4400,4800,4800,4800,4800,447,0,3700,3875.9752620441027,3184.2596659553237,5906.201042002067,1200.2639821029084
1777228741,128,,Aggregated,103.600000,0.000000,110,140,160,170,4700,4900,5300,5400,5500,6000,6000,10208,0,110,720.2501418611898,50.64824997680262,7762.780916993506,57845.2773315047
1777228742,128,GET,bulk_update_departures,4.900000,0.000000,95,120,130,140,170,180,190,190,190,190,190,459,0,96,116.02093611918959,53.81641600979492,1415.3977499809116,131.3856209150327
1777228742,128,GET,large_scan,11.100000,0.000000,4900,5100,5200,5300,5400,5400,5500,5500,6000,6000,6000,910,0,4900,5039.197946522148,3912.9257919848897,7762.780916993506,652261.1714285715
1777228742,128,GET,next_departures,38.300000,0.000000,96,110,130,130,160,160,190,230,240,240,240,3809,0,100,121.05691697436328,51.945250015705824,1763.9625000301749,109.43791021265424
1777228742,128,GET,point_read,44.400000,0.000000,96,120,130,140,160,160,170,180,200,200,200,4690,0,98,120.28316686495589,50.64824997680262,1836.9924579747021,104.45159914712154
1777228742,128,GET,trips_per_route,5.900000,0.000000,3700,3800,4100,4100,4200,4200,4800,4800,4800,4800,4800,451,0,3700,3874.3406214206398,3184.2596659553237,5906.201042002067,1200.2682926829268
1777228742,128,,Aggregated,104.600000,0.000000,110,130,150,160,4300,4900,5300,5400,5500,6000,6000,10319,0,110,718.2367681584022,50.64824997680262,7762.780916993506,57667.02393642795
1777228743,128,GET,bulk_update_departures,4.600000,0.000000,97,120,130,140,150,180,190,190,190,190,190,466,0,97,116.09718680809964,53.81641600979492,1415.3977499809116,131.37982832618025
1777228743,128,GET,large_scan,11.200000,0.000000,4900,5100,5200,5300,5400,5400,5500,5500,6000,6000,6000,923,0,4900,5038.110007044589,3912.9257919848897,7762.780916993506,652261.178764897
1777228743,128,GET,next_departures,39.100000,0.000000,96,110,130,140,150,160,180,200,240,240,240,3849,0,100,120.98494439243557,51.945250015705824,1763.9625000301749,109.43907508443752
1777228743,128,GET,point_read,45.100000,0.000000,96,120,130,140,150,160,170,180,200,200,200,4741,0,98,120.22569352723146,50.64824997680262,1836.9924579747021,104.45095971314069
1777228743,128,GET,trips_per_route,5.700000,0.000000,3700,3900,4100,4200,4200,4200,4800,4800,4800,4800,4800,455,0,3700,3874.9680506629657,3184.2596659553237,5906.201042002067,1200.2681318681318
1777228743,128,,Aggregated,105.700000,0.000000,110,140,150,160,4700,4900,5300,5400,5500,6000,6000,10434,0,110,719.0960659943897,50.64824997680262,7762.780916993506,57845.586160628714
1777228744,128,GET,bulk_update_departures,5.100000,0.000000,97,120,130,140,160,180,190,190,190,190,190,471,0,97,115.82796959339437,53.81641600979492,1415.3977499809116,131.38428874734606
1777228744,128,GET,large_scan,11.100000,0.000000,4900,5200,5200,5300,5400,5400,5500,5500,6000,6000,6000,932,0,4900,5037.066771773735,3912.9257919848897,7762.780916993506,652261.1727467811
1777228744,128,GET,next_departures,38.900000,0.000000,98,120,130,140,160,170,190,210,240,240,240,3888,0,100,121.06576456573127,51.945250015705824,1763.9625000301749,109.43930041152264
1777228744,128,GET,point_read,45.600000,0.000000,97,120,140,140,150,160,170,180,200,200,200,4794,0,98,120.08109232263388,50.64824997680262,1836.9924579747021,104.45056320400501
1777228744,128,GET,trips_per_route,5.700000,0.000000,3700,3900,4100,4200,4200,4200,4300,4800,4800,4800,4800,459,0,3800,3874.512673946846,3184.2596659553237,5906.201042002067,1200.272331154684
1777228744,128,,Aggregated,106.400000,0.000000,110,140,150,170,4600,4900,5300,5400,5500,6000,6000,10544,0,110,718.3113592127727,50.64824997680262,7762.780916993506,57800.30880121396
1777228745,128,GET,bulk_update_departures,5.100000,0.000000,97,120,130,140,160,180,190,190,190,190,190,476,0,96,115.48006322363024,53.81641600979492,1415.3977499809116,131.3886554621849
1777228745,128,GET,large_scan,10.600000,0.000000,4900,5200,5300,5300,5400,5400,5500,5500,6000,6000,6000,943,0,4900,5037.705581789061,3912.9257919848897,7762.780916993506,652261.1749734889
1777228745,128,GET,next_departures,40.000000,0.000000,98,120,130,140,160,170,190,210,240,240,240,3920,0,100,120.91785343461883,51.945250015705824,1763.9625000301749,109.43979591836735
1777228745,128,GET,point_read,46.600000,0.000000,97,120,130,140,160,160,170,170,200,200,200,4844,0,98,119.94843035462186,50.64824997680262,1836.9924579747021,104.45127993393889
1777228745,128,GET,trips_per_route,5.100000,0.000000,3800,3900,4100,4200,4200,4200,4200,4300,4300,4300,4300,466,0,3800,3874.036740720254,3184.2596659553237,5906.201042002067,1200.2768240343348
1777228745,128,,Aggregated,107.400000,0.000000,110,140,150,160,4500,4900,5300,5400,5500,6000,6000,10649,0,110,719.8661073338958,50.64824997680262,7762.780916993506,57905.824396656964
1777228746,128,GET,bulk_update_departures,5.200000,0.000000,100,120,130,140,160,180,190,190,190,190,190,483,0,96,115.49739995547117,53.81641600979492,1415.3977499809116,131.38923395445136
1777228746,128,GET,large_scan,11.600000,0.000000,4900,5100,5200,5300,5400,5400,5500,5500,6000,6000,6000,958,0,4900,5035.099308021959,3912.9257919848897,7762.780916993506,652261.1837160751
1777228746,128,GET,next_departures,38.000000,0.000000,99,120,130,140,160,170,190,210,220,220,220,3966,0,100,120.86699593461337,51.945250015705824,1763.9625000301749,109.43998991427131
1777228746,128,GET,point_read,46.200000,0.000000,98,120,130,140,160,160,170,180,200,200,200,4890,0,98,119.85799189093227,50.64824997680262,1836.9924579747021,104.45255623721881
1777228746,128,GET,trips_per_route,4.900000,0.000000,3700,3900,4100,4100,4200,4200,4200,4300,4300,4300,4300,473,0,3800,3873.313949810859,3184.2596659553237,5906.201042002067,1200.2832980972516
1777228746,128,,Aggregated,105.900000,0.000000,110,140,150,170,4200,4900,5300,5400,5500,6000,6000,10770,0,110,722.093961536434,50.64824997680262,7762.780916993506,58165.48012999071
1777228747,128,GET,bulk_update_departures,5.100000,0.000000,97,120,130,140,160,180,190,190,190,190,190,486,0,96,115.50690691667579,53.81641600979492,1415.3977499809116,131.38683127572017
1777228747,128,GET,large_scan,11.300000,0.000000,4900,5100,5200,5300,5400,5400,5500,5500,6000,6000,6000,965,0,4900,5034.539026123352,3912.9257919848897,7762.780916993506,652261.1844559585
1777228747,128,GET,next_departures,38.300000,0.000000,100,120,130,140,160,170,190,210,220,220,220,4004,0,100,120.77784830861393,51.945250015705824,1763.9625000301749,109.44155844155844
1777228747,128,GET,point_read,47.200000,0.000000,100,120,140,140,160,160,170,170,200,200,200,4959,0,98,119.69399523022338,50.64824997680262,1836.9924579747021,104.45150231901593
1777228747,128,GET,trips_per_route,5.200000,0.000000,3800,3900,4100,4200,4200,4200,4300,4300,4300,4300,4300,479,0,3800,3872.9240843998987,3184.2596659553237,5906.201042002067,1200.2839248434238
1777228747,128,,Aggregated,107.100000,0.000000,110,140,150,160,4200,4800,5300,5400,5500,6000,6000,10893,0,110,720.3483136300794,50.64824997680262,7762.780916993506,57929.58891030937
1777228748,128,GET,bulk_update_departures,5.300000,0.000000,100,120,130,140,170,180,190,190,190,190,190,486,0,96,115.50690691667579,53.81641600979492,1415.3977499809116,131.38683127572017
1777228748,128,GET,large_scan,11.400000,0.000000,4800,5000,5200,5300,5300,5400,5500,5500,6000,6000,6000,978,0,4900,5030.980130240279,3912.9257919848897,7762.780916993506,652261.1881390593
1777228748,128,GET,next_departures,38.200000,0.000000,100,120,140,140,160,180,190,210,220,220,220,4048,0,100,120.74184209353263,51.945250015705824,1763.9625000301749,109.44416996047431
1777228748,128,GET,point_read,48.000000,0.000000,100,120,140,140,160,170,170,180,200,200,200,5016,0,98,119.6337448857368,50.64824997680262,1836.9924579747021,104.45035885167464
1777228748,128,GET,trips_per_route,5.500000,0.000000,3800,3900,4100,4100,4200,4200,4200,4300,4300,4300,4300,484,0,3800,3874.2648669310956,3184.2596659553237,5906.201042002067,1200.2851239669421
1777228748,128,,Aggregated,108.400000,0.000000,110,140,150,160,4200,4800,5200,5300,5500,6000,6000,11012,0,110,721.0701925964962,50.64824997680262,7762.780916993506,58075.116872502724
1777228749,128,GET,bulk_update_departures,5.300000,0.000000,100,120,130,140,170,180,190,190,190,190,190,489,0,96,115.40630310945258,53.81641600979492,1415.3977499809116,131.38650306748465
1777228749,128,GET,large_scan,11.000000,0.000000,4800,4900,5200,5300,5300,5400,5400,5500,5500,5500,5500,986,0,4900,5030.713187034454,3912.9257919848897,7762.780916993506,652261.1876267749
1777228749,128,GET,next_departures,39.000000,0.000000,100,120,140,140,160,180,190,210,220,220,220,4083,0,100,120.58646666144821,51.945250015705824,1763.9625000301749,109.4452608376194
1777228749,128,GET,point_read,50.100000,0.000000,100,120,140,140,160,170,170,180,200,200,200,5077,0,98,119.42727889103261,50.64824997680262,1836.9924579747021,104.44967500492417
1777228749,128,GET,trips_per_route,5.700000,0.000000,3800,4000,4100,4200,4200,4200,4300,4300,4300,4300,4300,488,0,3800,3875.859637658964,3184.2596659553237,5906.201042002067,1200.2889344262296
1777228749,128,,Aggregated,111.100000,0.000000,110,140,150,160,4100,4800,5200,5300,5400,5500,5500,11123,0,110,719.8438574235843,50.64824997680262,7762.780916993506,57966.07713746291
1777228750,128,GET,bulk_update_departures,5.300000,0.000000,97,120,130,140,160,180,190,190,190,190,190,492,0,96,115.17276289734168,53.81641600979492,1415.3977499809116,131.3841463414634
1777228750,128,GET,large_scan,10.500000,0.000000,4800,4900,5200,5300,5300,5400,5400,5400,5500,5500,5500,998,0,4900,5028.615858882687,3912.9257919848897,7762.780916993506,652261.1903807615
1777228750,128,GET,next_departures,38.700000,0.000000,100,120,140,150,160,180,190,210,220,220,220,4120,0,100,120.36932231013513,51.945250015705824,1763.9625000301749,109.44538834951456
1777228750,128,GET,point_read,52.800000,0.000000,99,120,130,140,160,170,170,180,200,200,200,5125,0,98,119.24742889729124,50.64824997680262,1836.9924579747021,104.45014634146341
1777228750,128,GET,trips_per_route,5.800000,0.000000,3800,4000,4100,4200,4200,4200,4300,4300,4300,4300,4300,492,0,3800,3875.308340129171,3184.2596659553237,5906.201042002067,1200.2947154471544
1777228750,128,,Aggregated,113.100000,0.000000,110,140,150,160,4200,4800,5200,5300,5400,5500,5500,11227,0,110,720.4898914109142,50.64824997680262,7762.780916993506,58127.5564264719
1777228751,128,GET,bulk_update_departures,5.000000,0.000000,90,110,120,130,150,160,190,190,190,190,190,495,0,96,115.00607081512554,53.81641600979492,1415.3977499809116,131.38585858585859
1777228751,128,GET,large_scan,10.300000,0.000000,4800,5000,5200,5300,5400,5400,5400,5500,5500,5500,5500,1006,0,4900,5028.312477467058,3912.9257919848897,7762.780916993506,652261.1928429423
1777228751,128,GET,next_departures,40.100000,0.000000,100,120,130,140,160,170,190,200,220,220,220,4173,0,100,120.14079348476197,51.945250015705824,1763.9625000301749,109.44692068056554
1777228751,128,GET,point_read,53.700000,0.000000,99,120,130,140,150,160,170,180,200,200,200,5169,0,98,119.0773539717096,50.64824997680262,1836.9924579747021,104.4492164828787
1777228751,128,GET,trips_per_route,5.600000,0.000000,3800,3900,4100,4200,4200,4200,4300,4300,4300,4300,4300,495,0,3800,3875.3778068394627,3184.2596659553237,5906.201042002067,1200.2929292929293
1777228751,128,,Aggregated,114.700000,0.000000,110,130,150,160,4100,4800,5300,5300,5400,5500,5500,11338,0,110,718.8728828419961,50.64824997680262,7762.780916993506,58019.9824484036
1777228752,128,GET,bulk_update_departures,4.800000,0.000000,92,110,130,140,150,160,190,190,190,190,190,501,0,96,115.01078279338081,53.81641600979492,1415.3977499809116,131.3872255489022
1777228752,128,GET,large_scan,10.000000,0.000000,4800,5000,5300,5300,5400,5400,5500,5500,5600,5600,5600,1016,0,4900,5028.991812579483,3912.9257919848897,7762.780916993506,652261.1938976378
1777228752,128,GET,next_departures,39.800000,0.000000,100,120,130,140,160,170,190,200,220,220,220,4212,0,100,120.00232213556822,51.945250015705824,1763.9625000301749,109.44610636277302
1777228752,128,GET,point_read,54.800000,0.000000,98,120,130,140,150,160,170,180,200,200,200,5228,0,98,118.8898421191243,50.64824997680262,1836.9924579747021,104.44797245600613
1777228752,128,GET,trips_per_route,5.300000,0.000000,3800,3900,4100,4200,4200,4200,4300,4300,4300,4300,4300,501,0,3800,3873.932360216604,3184.2596659553237,5906.201042002067,1200.2974051896208
1777228752,128,,Aggregated,114.700000,0.000000,110,130,150,160,4200,4800,5300,5400,5500,5600,5600,11458,0,110,718.7050158546466,50.64824997680262,7762.780916993506,57983.20719148193
1777228753,128,GET,bulk_update_departures,4.600000,0.000000,92,110,140,140,160,160,170,170,170,170,170,506,0,96,115.05312082901129,53.81641600979492,1415.3977499809116,131.38537549407116
1777228753,128,GET,large_scan,10.200000,0.000000,4800,5000,5300,5300,5300,5400,5400,5500,5600,5600,5600,1029,0,4900,5029.299649575065,3912.9257919848897,7762.780916993506,652261.1924198251
1777228753,128,GET,next_departures,39.000000,0.000000,100,120,130,140,160,170,190,200,220,220,220,4253,0,100,119.87782820876981,51.945250015705824,1763.9625000301749,109.4474488596285
1777228753,128,GET,point_read,54.900000,0.000000,97,110,130,140,150,160,170,180,200,200,200,5283,0,98,118.79246149036011,50.64824997680262,1836.9924579747021,104.44841945864093
1777228753,128,GET,trips_per_route,5.000000,0.000000,3800,3900,4100,4200,4200,4300,4300,4300,4300,4300,4300,506,0,3800,3873.4436856254683,3184.2596659553237,5906.201042002067,1200.302371541502
1777228753,128,,Aggregated,113.700000,0.000000,110,130,150,160,4100,4800,5300,5300,5500,5600,5600,11577,0,110,719.5948605773666,50.64824997680262,7762.780916993506,58121.09199274424
1777228754,128,GET,bulk_update_departures,4.200000,0.000000,98,120,140,140,150,160,170,170,170,170,170,510,0,97,115.11249888514844,53.81641600979492,1415.3977499809116,131.3843137254902
1777228754,128,GET,large_scan,10.200000,0.000000,4800,5000,5300,5300,5300,5400,5400,5500,5600,5600,5600,1039,0,4900,5027.600220320191,3912.9257919848897,7762.780916993506,652261.1944177094
1777228754,128,GET,next_departures,40.900000,0.000000,98,110,130,140,150,160,180,190,200,200,200,4301,0,100,119.69868827899364,51.945250015705824,1763.9625000301749,109.44687282027435
1777228754,128,GET,point_read,53.100000,0.000000,97,110,130,140,150,160,170,180,200,200,200,5333,0,98,118.62384671862576,50.64824997680262,1836.9924579747021,104.44852803300206
1777228754,128,GET,trips_per_route,5.000000,0.000000,3800,3800,4100,4200,4200,4300,4300,4300,4300,4300,4300,511,0,3800,3872.0729757994986,3184.2596659553237,5906.201042002067,1200.3013698630136
1777228754,128,,Aggregated,113.400000,0.000000,100,130,150,160,4200,4800,5300,5300,5500,5600,5600,11694,0,110,719.040390526426,50.64824997680262,7762.780916993506,58098.811014195315
1777228755,128,GET,bulk_update_departures,4.400000,0.000000,100,130,140,140,150,160,170,170,170,170,170,517,0,96,114.81667620369019,53.81641600979492,1415.3977499809116,131.38491295938104
1777228755,128,GET,large_scan,10.400000,0.000000,4800,4900,5200,5300,5300,5400,5400,5500,5600,5600,5600,1048,0,4900,5027.419832852727,3912.9257919848897,7762.780916993506,652261.1965648854
1777228755,128,GET,next_departures,40.000000,0.000000,98,120,130,140,150,160,180,190,200,200,200,4338,0,100,119.54218719131839,51.945250015705824,1763.9625000301749,109.44698017519595
1777228755,128,GET,point_read,54.100000,0.000000,98,120,130,140,150,160,170,180,200,200,200,5390,0,98,118.53055878319252,50.64824997680262,1836.9924579747021,104.44842300556586
1777228755,128,GET,trips_per_route,4.900000,0.000000,3800,3800,4100,4200,4200,4300,4300,4300,4300,4300,4300,515,0,3800,3871.533807944868,3184.2596659553237,5906.201042002067,1200.3009708737864
1777228755,128,,Aggregated,113.800000,0.000000,110,130,150,160,4100,4800,5300,5300,5500,5600,5600,11808,0,110,718.1055079095462,50.64824997680262,7762.780916993506,58036.379827235774
1777228756,128,GET,bulk_update_departures,4.000000,0.000000,98,120,140,140,150,160,170,170,170,170,170,519,0,96,114.81553984640851,53.81641600979492,1415.3977499809116,131.38342967244702
1777228756,128,GET,large_scan,10.600000,0.000000,4800,5000,5200,5300,5300,5400,5400,5500,5600,5600,5600,1061,0,4900,5026.382522026223,3912.9257919848897,7762.780916993506,652261.1979264844
1777228756,128,GET,next_departures,41.200000,0.000000,99,120,130,140,150,160,180,190,200,200,200,4391,0,100,119.52283681486495,51.945250015705824,1763.9625000301749,109.44682304714188
1777228756,128,GET,point_read,54.500000,0.000000,98,120,130,140,150,160,170,180,200,200,200,5445,0,98,118.43869300011616,50.64824997680262,1836.9924579747021,104.44793388429753
1777228756,128,GET,trips_per_route,5.300000,0.000000,3800,3800,4100,4200,4300,4300,4300,4300,4300,4300,4300,519,0,3800,3870.7179054423855,3184.2596659553237,5906.201042002067,1200.2947976878613
1777228756,128,,Aggregated,115.600000,0.000000,110,130,150,160,4000,4800,5300,5300,5500,5600,5600,11935,0,110,718.1572831013334,50.64824997680262,7762.780916993506,58130.672140762465
1777228757,128,GET,bulk_update_departures,4.000000,0.000000,93,120,140,140,150,160,170,170,170,170,170,523,0,96,114.5575411361108,53.81641600979492,1415.3977499809116,131.38240917782028
1777228757,128,GET,large_scan,11.000000,0.000000,4900,4900,5200,5300,5300,5400,5400,5500,5600,5600,5600,1073,0,4900,5024.724938720277,3912.9257919848897,7762.780916993506,652261.1873252563
1777228757,128,GET,next_departures,41.300000,0.000000,96,110,130,140,150,170,190,200,200,200,200,4440,0,100,119.39987853676267,51.945250015705824,1763.9625000301749,109.44572072072071
1777228757,128,GET,point_read,54.300000,0.000000,98,120,130,140,150,160,180,190,200,200,200,5502,0,98,118.43980211185756,50.64824997680262,1836.9924579747021,104.44856415848783
1777228757,128,GET,trips_per_route,5.200000,0.000000,3800,3800,4100,4200,4200,4300,4300,4300,4300,4300,4300,522,0,3800,3870.290282265581,3184.2596659553237,5906.201042002067,1200.295019157088
1777228757,128,,Aggregated,115.800000,0.000000,110,130,150,160,4100,4800,5200,5300,5500,5600,5600,12060,0,110,717.5394886008579,50.64824997680262,7762.780916993506,58178.45240464345
1777228758,128,GET,bulk_update_departures,4.000000,0.000000,94,110,120,130,140,160,170,170,170,170,170,532,0,96,114.22209032928077,53.81641600979492,1415.3977499809116,131.38533834586465
1777228758,128,GET,large_scan,10.500000,0.000000,4900,5100,5200,5300,5300,5400,5500,5600,5600,5600,5600,1087,0,4900,5024.670067424056,3912.9257919848897,7762.780916993506,652261.1895124195
1777228758,128,GET,next_departures,41.600000,0.000000,96,110,130,140,150,160,190,190,200,200,200,4480,0,100,119.33622704442054,51.945250015705824,1763.9625000301749,109.44732142857143
1777228758,128,GET,point_read,54.500000,0.000000,96,120,130,140,150,160,170,180,200,200,200,5561,0,98,118.28177586623069,50.64824997680262,1836.9924579747021,104.44866031289337
1777228758,128,GET,trips_per_route,4.800000,0.000000,3800,3800,4100,4100,4200,4300,4300,4300,4300,4300,4300,528,0,3800,3870.1642276848197,3184.2596659553237,5906.201042002067,1200.3030303030303
1777228758,128,,Aggregated,115.400000,0.000000,110,130,150,160,4200,4900,5300,5300,5600,5600,5600,12188,0,110,718.610147711998,50.64824997680262,7762.780916993506,58318.241959304236
1777228759,128,GET,bulk_update_departures,3.800000,0.000000,88,110,120,130,140,160,170,170,170,170,170,538,0,95,113.86514686471713,53.81641600979492,1415.3977499809116,131.38475836431226
1777228759,128,GET,large_scan,10.300000,0.000000,4900,5100,5200,5300,5300,5400,5500,5600,5600,5600,5600,1096,0,4900,5024.5360780858255,3912.9257919848897,7762.780916993506,652261.1916058394
1777228759,128,GET,next_departures,42.700000,0.000000,97,120,130,140,150,160,190,190,200,200,200,4520,0,100,119.22858134998972,51.945250015705824,1763.9625000301749,109.44712389380531
1777228759,128,GET,point_read,54.600000,0.000000,98,120,130,140,150,160,170,180,200,200,200,5618,0,98,118.16395651872776,50.64824997680262,1836.9924579747021,104.4494482022072
1777228759,128,GET,trips_per_route,4.600000,0.000000,3800,3800,4100,4100,4200,4300,4300,4300,4300,4300,4300,532,0,3800,3870.790326536858,3184.2596659553237,5906.201042002067,1200.3007518796992
1777228759,128,,Aggregated,116.000000,0.000000,110,130,150,160,4100,4800,5300,5300,5600,5600,5600,12304,0,110,717.6665913310354,50.64824997680262,7762.780916993506,58246.831030559166
1777228760,128,GET,bulk_update_departures,3.700000,0.000000,96,110,120,140,150,160,170,170,170,170,170,543,0,96,113.88805941676439,53.81641600979492,1415.3977499809116,131.38489871086557
1777228760,128,GET,large_scan,10.900000,0.000000,4900,5100,5200,5300,5300,5400,5500,5600,5600,5600,5600,1106,0,4900,5023.682110268565,3912.9257919848897,7762.780916993506,652261.1907775769
1777228760,128,GET,next_departures,43.700000,0.000000,99,120,130,140,160,160,190,190,200,200,200,4562,0,100,119.14654790310712,51.945250015705824,1763.9625000301749,109.447172292854
1777228760,128,GET,point_read,53.400000,0.000000,100,120,130,140,160,160,170,180,200,200,200,5675,0,98,118.09433530345314,50.64824997680262,1836.9924579747021,104.44969162995595
1777228760,128,GET,trips_per_route,4.300000,0.000000,3700,3800,3900,4100,4200,4300,4300,4300,4300,4300,4300,537,0,3800,3869.6496844516278,3184.2596659553237,5906.201042002067,1200.296089385475
1777228760,128,,Aggregated,116.000000,0.000000,110,130,150,160,4200,4900,5300,5300,5600,5600,5600,12423,0,110,717.1993411536615,50.64824997680262,7762.780916993506,58215.312565402885
1777228761,128,GET,bulk_update_departures,4.800000,0.000000,94,110,120,130,150,160,170,170,170,170,170,547,0,96,113.8094179091764,53.81641600979492,1415.3977499809116,131.3839122486289
1777228761,128,GET,large_scan,11.000000,0.000000,4900,5100,5200,5300,5300,5400,5500,5600,5600,5600,5600,1113,0,4900,5022.430795558923,3912.9257919848897,7762.780916993506,652261.1931716083
1777228761,128,GET,next_departures,43.000000,0.000000,100,120,130,140,160,170,190,190,280,280,280,4606,0,100,119.11445727398056,51.945250015705824,1763.9625000301749,109.44767694311767
1777228761,128,GET,point_read,53.600000,0.000000,97,120,130,140,160,160,180,180,200,200,200,5736,0,98,117.9196231503109,50.64824997680262,1836.9924579747021,104.44961645746164
1777228761,128,GET,trips_per_route,4.400000,0.000000,3800,3800,3900,4100,4200,4300,4300,4300,4300,4300,4300,539,0,3800,3869.5455563720316,3184.2596659553237,5906.201042002067,1200.2987012987012
1777228761,128,,Aggregated,116.800000,0.000000,110,130,150,160,3900,4800,5200,5300,5600,5600,5600,12541,0,110,714.6904098980997,50.64824997680262,7762.780916993506,58032.75456502671
1777228762,128,GET,bulk_update_departures,4.800000,0.000000,88,110,120,130,150,160,200,200,200,200,200,552,0,95,113.8512180947093,53.81641600979492,1415.3977499809116,131.3840579710145
1777228762,128,GET,large_scan,10.800000,0.000000,4900,5000,5200,5200,5300,5400,5400,5400,5600,5600,5600,1123,0,4900,5021.860857150424,3912.9257919848897,7762.780916993506,652261.1950133571
1777228762,128,GET,next_departures,42.900000,0.000000,98,120,130,140,160,170,190,190,280,280,280,4652,0,100,118.91264010017365,51.945250015705824,1763.9625000301749,109.44797936371454
1777228762,128,GET,point_read,53.800000,0.000000,96,120,130,140,160,160,180,180,200,200,200,5772,0,98,117.77414817517962,50.64824997680262,1836.9924579747021,104.4492376992377
1777228762,128,GET,trips_per_route,4.400000,0.000000,3800,3800,4000,4100,4200,4300,4300,4300,4300,4300,4300,542,0,3800,3869.0215306928103,3184.2596659553237,5906.201042002067,1200.29889298893
1777228762,128,,Aggregated,116.700000,0.000000,110,130,150,160,4100,4800,5200,5300,5400,5600,5600,12641,0,110,714.5304382261573,50.64824997680262,7762.780916993506,58090.69227118108
1777228763,128,GET,bulk_update_departures,4.900000,0.000000,90,110,120,130,140,150,200,200,200,200,200,557,0,96,113.79259599864322,53.81641600979492,1415.3977499809116,131.38599640933572
1777228763,128,GET,large_scan,10.900000,0.000000,4900,5000,5200,5300,5300,5400,5400,5400,5600,5600,5600,1136,0,4900,5021.610158117921,3912.9257919848897,7762.780916993506,652261.1963028169
1777228763,128,GET,next_departures,43.500000,0.000000,96,120,130,140,160,170,190,190,280,280,280,4697,0,100,118.7536579190242,51.945250015705824,1763.9625000301749,109.4487971045348
1777228763,128,GET,point_read,53.800000,0.000000,94,120,130,140,150,160,170,180,200,200,200,5829,0,97,117.58209144251462,50.64824997680262,1836.9924579747021,104.44913364213416
1777228763,128,GET,trips_per_route,4.600000,0.000000,3800,3800,4000,4000,4200,4300,4300,4300,4300,4300,4300,549,0,3800,3868.4146559065866,3184.2596659553237,5906.201042002067,1200.2987249544626
1777228763,128,,Aggregated,117.700000,0.000000,100,130,150,160,3800,4800,5200,5300,5400,5600,5600,12768,0,110,715.4498123394421,50.64824997680262,7762.780916993506,58178.554197994985
1777228764,128,GET,bulk_update_departures,4.900000,0.000000,90,110,120,130,150,160,170,200,200,200,200,565,0,96,113.78895769243961,53.81641600979492,1415.3977499809116,131.38230088495575
1777228764,128,GET,large_scan,10.600000,0.000000,4900,5000,5200,5300,5300,5400,5400,5400,5600,5600,5600,1151,0,4900,5020.649347122459,3912.9257919848897,7762.780916993506,652261.2006950477
1777228764,128,GET,next_departures,42.900000,0.000000,96,120,130,140,160,170,190,190,280,280,280,4748,0,100,118.62159818990008,51.945250015705824,1763.9625000301749,109.44945240101096
1777228764,128,GET,point_read,55.500000,0.000000,95,120,130,140,150,160,170,180,200,200,200,5881,0,98,117.46504334902733,50.64824997680262,1836.9924579747021,104.45009352150994
1777228764,128,GET,trips_per_route,4.100000,0.000000,3800,3800,3900,4000,4200,4200,4300,4300,4300,4300,4300,553,0,3800,3867.957067527475,3184.2596659553237,5906.201042002067,1200.3019891500903
1777228764,128,,Aggregated,118.000000,0.000000,110,130,150,160,3900,4800,5200,5300,5400,5600,5600,12898,0,110,716.0851051417391,50.64824997680262,7762.780916993506,58352.037292603505
1777228765,128,GET,bulk_update_departures,5.000000,0.000000,91,110,120,130,150,160,170,200,200,200,200,572,0,95,113.42024397946751,53.81641600979492,1415.3977499809116,131.38111888111888
1777228765,128,GET,large_scan,10.900000,0.000000,4900,5000,5200,5300,5300,5400,5400,5400,5600,5600,5600,1160,0,4900,5019.986534586171,3912.9257919848897,7762.780916993506,652261.2017241379
1777228765,128,GET,next_departures,43.900000,0.000000,96,120,130,140,160,170,180,190,280,280,280,4798,0,100,118.50089407807168,51.945250015705824,1763.9625000301749,109.44893705710713
1777228765,128,GET,point_read,54.300000,0.000000,95,120,130,140,150,160,170,180,200,200,200,5938,0,98,117.31871608299085,50.64824997680262,1836.9924579747021,104.4496463455709
1777228765,128,GET,trips_per_route,4.100000,0.000000,3800,3800,4000,4100,4200,4200,4300,4300,4300,4300,4300,559,0,3800,3867.6182943661174,3184.2596659553237,5906.201042002067,1200.3023255813953
1777228765,128,,Aggregated,118.200000,0.000000,110,130,150,160,4000,4800,5200,5300,5400,5600,5600,13027,0,110,715.0737093816134,50.64824997680262,7762.780916993506,58226.33538036386
1777228766,128,GET,bulk_update_departures,5.300000,0.000000,94,110,120,120,150,160,170,200,200,200,200,575,0,96,113.37437451695618,53.81641600979492,1415.3977499809116,131.38260869565218
1777228766,128,GET,large_scan,10.700000,0.000000,4900,5000,5200,5300,5300,5400,5400,5400,5600,5600,5600,1164,0,4900,5019.940941756012,3912.9257919848897,7762.780916993506,652261.2018900344
1777228766,128,GET,next_departures,45.100000,0.000000,96,120,130,140,160,170,180,190,280,280,280,4846,0,100,118.37813437067751,51.945250015705824,1763.9625000301749,109.44882377218325
1777228766,128,GET,point_read,55.100000,0.000000,94,120,130,140,150,160,170,180,200,200,200,6003,0,98,117.19945186764072,50.64824997680262,1836.9924579747021,104.4496085290688
1777228766,128,GET,trips_per_route,4.000000,0.000000,3800,3800,4000,4100,4200,4200,4300,4300,4300,4300,4300,564,0,3800,3867.0787458043424,3184.2596659553237,5906.201042002067,1200.3014184397164
1777228766,128,,Aggregated,120.200000,0.000000,100,130,150,160,3800,4800,5200,5300,5400,5600,5600,13152,0,110,712.1839022891317,50.64824997680262,7762.780916993506,57872.71548053528
1777228767,128,GET,bulk_update_departures,5.500000,0.000000,91,100,110,120,150,160,170,200,200,200,200,578,0,95,113.21926292774806,53.81641600979492,1415.3977499809116,131.38235294117646
1777228767,128,GET,large_scan,10.800000,0.000000,4900,5100,5300,5300,5300,5400,5400,5600,5600,5600,5600,1174,0,4900,5020.4457118425,3912.9257919848897,7762.780916993506,652261.2044293015
1777228767,128,GET,next_departures,45.500000,0.000000,96,120,130,140,160,160,170,180,280,280,280,4904,0,100,118.22544995556575,51.945250015705824,1763.9625000301749,109.44840946166394
1777228767,128,GET,point_read,55.300000,0.000000,94,110,130,130,150,160,170,170,180,180,180,6053,0,97,117.08076125170749,50.64824997680262,1836.9924579747021,104.44985957376508
1777228767,128,GET,trips_per_route,4.300000,0.000000,3800,3800,4000,4100,4200,4200,4300,4300,4300,4300,4300,572,0,3800,3865.881980198779,3184.2596659553237,5906.201042002067,1200.2902097902097
1777228767,128,,Aggregated,121.400000,0.000000,100,130,140,150,3800,4800,5300,5300,5400,5600,5600,13281,0,110,712.2352192446144,50.64824997680262,7762.780916993506,57803.3377757699
1777228768,128,GET,bulk_update_departures,5.500000,0.000000,90,100,110,130,150,160,200,200,200,200,200,584,0,95,112.93020771769727,53.81641600979492,1415.3977499809116,131.3818493150685
1777228768,128,GET,large_scan,11.100000,0.000000,4900,5100,5200,5300,5300,5400,5400,5400,5400,5400,5400,1181,0,4900,5018.446348392993,3912.9257919848897,7762.780916993506,652261.2066045724
1777228768,128,GET,next_departures,46.200000,0.000000,94,120,130,140,150,160,170,180,280,280,280,4953,0,100,118.02676620175086,51.945250015705824,1763.9625000301749,109.44821320411872
1777228768,128,GET,point_read,55.200000,0.000000,93,110,130,130,150,160,170,170,180,180,180,6112,0,97,116.91070946855679,50.64824997680262,1836.9924579747021,104.45026178010471
1777228768,128,GET,trips_per_route,4.500000,0.000000,3800,3900,4000,4100,4200,4200,4300,4300,4300,4300,4300,579,0,3800,3867.427561111629,3184.2596659553237,5906.201042002067,1200.2884283246979
1777228768,128,,Aggregated,122.500000,0.000000,100,130,140,150,3800,4800,5200,5300,5400,5400,5400,13409,0,110,710.8003405109993,50.64824997680262,7762.780916993506,57593.60698038631
1777228769,128,GET,bulk_update_departures,5.400000,0.000000,91,110,130,130,160,180,200,210,210,210,210,590,0,95,113.24802566481502,53.81641600979492,1415.3977499809116,131.38135593220338
1777228769,128,GET,large_scan,10.200000,0.000000,4900,5000,5200,5300,5300,5400,5400,5400,5400,5400,5400,1195,0,4900,5017.491319730719,3912.9257919848897,7762.780916993506,652261.2108786611
1777228769,128,GET,next_departures,45.100000,0.000000,97,120,130,140,160,170,180,230,320,320,320,4981,0,100,118.32556200162405,51.945250015705824,1763.9625000301749,109.4493073679984
1777228769,128,GET,point_read,55.700000,0.000000,96,120,130,140,160,170,190,210,230,230,230,6162,0,98,117.17632275413047,50.64824997680262,1836.9924579747021,104.44952937358
1777228769,128,GET,trips_per_route,4.600000,0.000000,3800,3900,4000,4100,4200,4300,4400,4400,4400,4400,4400,582,0,3800,3867.897113917065,3184.2596659553237,5906.201042002067,1200.286941580756
1777228769,128,,Aggregated,121.000000,0.000000,110,130,150,160,3800,4800,5300,5300,5400,5400,5400,13510,0,110,712.4540864294027,50.64824997680262,7762.780916993506,57839.897409326426
1777228770,128,GET,bulk_update_departures,5.500000,0.000000,90,100,120,130,160,190,200,210,210,210,210,595,0,95,113.11486872635047,53.81641600979492,1415.3977499809116,131.38151260504202
1777228770,128,GET,large_scan,10.000000,0.000000,4900,5000,5300,5300,5300,5400,5400,5400,5400,5400,5400,1204,0,4900,5016.936153580707,3912.9257919848897,7762.780916993506,652261.2117940199
1777228770,128,GET,next_departures,46.300000,0.000000,100,130,140,140,160,180,210,230,320,320,320,5029,0,100,118.48363986320877,51.945250015705824,1763.9625000301749,109.44820043746272
1777228770,128,GET,point_read,55.000000,0.000000,100,120,140,140,160,180,210,220,230,230,230,6218,0,98,117.33665045952675,50.64824997680262,1836.9924579747021,104.44934062399486
1777228770,128,GET,trips_per_route,4.900000,0.000000,3800,3800,4000,4100,4200,4300,4400,4400,4400,4400,4400,587,0,3800,3867.007239861632,3184.2596659553237,5906.201042002067,1200.289608177172
1777228770,128,,Aggregated,121.700000,0.000000,110,140,150,170,3800,4800,5300,5300,5400,5400,5400,13633,0,110,711.7348524192431,50.64824997680262,7762.780916993506,57749.95393530404
1777228771,128,GET,bulk_update_departures,5.100000,0.000000,90,100,130,140,170,190,200,210,210,210,210,600,0,95,113.12705523528469,53.81641600979492,1415.3977499809116,131.37666666666667
1777228771,128,GET,large_scan,9.400000,0.000000,4900,5100,5300,5300,5300,5400,5400,5400,5400,5400,5400,1214,0,4900,5016.283624926866,3912.9257919848897,7762.780916993506,652261.2125205931
1777228771,128,GET,next_departures,46.900000,0.000000,97,120,140,140,160,180,210,230,320,320,320,5075,0,100,118.35127715883877,51.945250015705824,1763.9625000301749,109.44610837438424
1777228771,128,GET,point_read,55.100000,0.000000,100,120,130,140,160,180,210,220,230,230,230,6278,0,98,117.18274027911666,50.64824997680262,1836.9924579747021,104.44934692577255
1777228771,128,GET,trips_per_route,5.100000,0.000000,3800,3800,4000,4100,4200,4300,4300,4400,4400,4400,4400,591,0,3800,3867.0216221232345,3184.2596659553237,5906.201042002067,1200.2910321489
1777228771,128,,Aggregated,121.600000,0.000000,110,140,150,170,3800,4800,5300,5300,5400,5400,5400,13758,0,110,710.8126404659558,50.64824997680262,7762.780916993506,57700.572903038235
1777228772,128,GET,bulk_update_departures,5.100000,0.000000,88,100,120,130,170,180,210,210,210,210,210,601,0,95,113.08332573399319,53.81641600979492,1415.3977499809116,131.37770382695507
1777228772,128,GET,large_scan,9.900000,0.000000,4800,5000,5300,5300,5300,5400,5400,5400,5400,5400,5400,1226,0,4900,5013.044816609479,3912.9257919848897,7762.780916993506,652261.2145187602
1777228772,128,GET,next_departures,46.400000,0.000000,98,120,140,150,170,180,220,230,320,320,320,5111,0,100,118.30971138234314,51.945250015705824,1763.9625000301749,109.44590099784777
1777228772,128,GET,point_read,54.300000,0.000000,100,120,140,140,160,180,210,220,230,230,230,6334,0,98,117.03422637926693,50.64824997680262,1836.9924579747021,104.44963688032838
1777228772,128,GET,trips_per_route,5.000000,0.000000,3800,3800,4000,4100,4200,4300,4300,4400,4400,4400,4400,594,0,3800,3866.2931122472164,3184.2596659553237,5906.201042002067,1200.2929292929293
1777228772,128,,Aggregated,120.700000,0.000000,110,140,150,170,3800,4800,5300,5300,5400,5400,5400,13866,0,110,710.8401743376338,50.64824997680262,7762.780916993506,57816.6120726958
1777228773,128,GET,bulk_update_departures,5.300000,0.000000,86,94,110,120,170,180,210,210,210,210,210,606,0,95,112.85589063563538,53.81641600979492,1415.3977499809116,131.37788778877888
1777228773,128,GET,large_scan,9.700000,0.000000,4800,5000,5200,5300,5300,5400,5400,5500,5500,5500,5500,1233,0,4900,5013.351769158232,3912.9257919848897,7762.780916993506,652261.2157339822
1777228773,128,GET,next_departures,47.000000,0.000000,100,130,140,150,170,180,220,230,320,320,320,5154,0,100,118.27891247867547,51.945250015705824,1763.9625000301749,109.4464493597206
1777228773,128,GET,point_read,54.000000,0.000000,99,120,140,140,160,180,210,220,230,230,230,6374,0,98,116.93661462792366,50.64824997680262,1836.9924579747021,104.44885472230938
1777228773,128,GET,trips_per_route,4.900000,0.000000,3800,3900,4100,4200,4200,4200,4400,4400,4400,4400,4400,599,0,3800,3867.553208487222,3184.2596659553237,5906.201042002067,1200.2938230383972
1777228773,128,,Aggregated,120.900000,0.000000,110,140,160,170,3800,4800,5200,5300,5400,5500,5500,13966,0,110,710.4024967445677,50.64824997680262,7762.780916993506,57730.66833739081
1777228774,128,GET,bulk_update_departures,5.200000,0.000000,86,92,110,120,170,180,210,210,210,210,210,609,0,95,112.86425372279419,53.81641600979492,1415.3977499809116,131.3776683087028
1777228774,128,GET,large_scan,10.300000,0.000000,4800,5000,5200,5300,5300,5400,5400,5500,5500,5500,5500,1241,0,4900,5013.175490696329,3912.9257919848897,7762.780916993506,652261.212731668
1777228774,128,GET,next_departures,46.200000,0.000000,100,130,140,150,170,180,220,230,360,360,360,5203,0,100,118.2118755676074,51.945250015705824,1763.9625000301749,109.44493561406881
1777228774,128,GET,point_read,54.000000,0.000000,97,120,130,140,160,180,210,220,230,230,230,6418,0,98,116.79045818656483,50.64824997680262,1836.9924579747021,104.44967279526333
1777228774,128,GET,trips_per_route,5.200000,0.000000,3800,3900,4100,4200,4200,4300,4400,4400,4400,4400,4400,609,0,3800,3868.670021564576,3184.2596659553237,5906.201042002067,1200.297208538588
1777228774,128,,Aggregated,120.900000,0.000000,110,140,150,170,3800,4800,5200,5300,5400,5500,5500,14080,0,110,710.9888286096443,50.64824997680262,7762.780916993506,57635.43714488636
1777228775,128,GET,bulk_update_departures,4.700000,0.000000,90,120,140,150,170,180,210,210,210,210,210,616,0,95,113.04861562530277,53.81641600979492,1415.3977499809116,131.3814935064935
1777228775,128,GET,large_scan,10.100000,0.000000,4800,5000,5200,5300,5300,5400,5500,5600,5600,5600,5600,1248,0,4900,5012.755837002448,3912.9257919848897,7762.780916993506,652261.2155448718
1777228775,128,GET,next_departures,45.400000,0.000000,100,120,140,140,170,180,220,230,360,360,360,5240,0,100,118.08762518954082,51.945250015705824,1763.9625000301749,109.44580152671756
1777228775,128,GET,point_read,55.000000,0.000000,95,120,130,140,160,180,210,220,230,230,230,6480,0,97,116.60742266205129,50.64824997680262,1836.9924579747021,104.45015432098765
1777228775,128,GET,trips_per_route,5.200000,0.000000,3800,3900,4100,4200,4200,4300,4400,4400,4400,4400,4400,615,0,3800,3868.0134607168534,3184.2596659553237,5906.201042002067,1200.30081300813
1777228775,128,,Aggregated,120.400000,0.000000,110,140,150,170,3800,4800,5100,5300,5500,5600,5600,14199,0,110,709.8232808640317,50.64824997680262,7762.780916993506,57475.27614620748
1777228776,128,GET,bulk_update_departures,4.700000,0.000000,87,120,140,150,170,180,210,210,210,210,210,620,0,95,113.09085103407156,53.81641600979492,1415.3977499809116,131.3790322580645
1777228776,128,GET,large_scan,9.500000,0.000000,4800,4900,5100,5200,5300,5400,5500,5600,5600,5600,5600,1263,0,4900,5010.708072543258,3912.9257919848897,7762.780916993506,652261.2185273159
1777228776,128,GET,next_departures,44.800000,0.000000,100,130,140,140,170,190,220,230,360,360,360,5278,0,100,118.04553181306066,51.945250015705824,1763.9625000301749,109.44543387646836
1777228776,128,GET,point_read,54.300000,0.000000,97,120,140,140,170,190,210,220,230,230,230,6539,0,97,116.56832425570569,50.64824997680262,1836.9924579747021,104.45022174644441
1777228776,128,GET,trips_per_route,5.100000,0.000000,3800,3900,4100,4200,4200,4300,4400,4400,4400,4400,4400,618,0,3800,3868.8885174739903,3184.2596659553237,5906.201042002067,1200.3009708737864
1777228776,128,,Aggregated,118.400000,0.000000,110,140,160,170,4000,4800,5200,5300,5500,5600,5600,14318,0,110,710.6368428746739,50.64824997680262,7762.780916993506,57681.9257577874
1777228777,128,GET,bulk_update_departures,4.600000,0.000000,90,120,140,150,170,180,210,210,210,210,210,627,0,95,112.87500175298005,53.81641600979492,1415.3977499809116,131.38277511961724
1777228777,128,GET,large_scan,9.100000,0.000000,4800,4900,5000,5200,5300,5400,5400,5500,5600,5600,5600,1276,0,4900,5009.496439977289,3912.9257919848897,7762.780916993506,652261.2194357367
1777228777,128,GET,next_departures,45.200000,0.000000,100,130,140,150,170,190,220,230,360,360,360,5318,0,100,117.96271854065856,51.945250015705824,1763.9625000301749,109.44471605866867
1777228777,128,GET,point_read,54.300000,0.000000,97,120,130,140,170,180,210,220,230,230,230,6600,0,97,116.45971654930194,50.64824997680262,1836.9924579747021,104.45075757575758
1777228777,128,GET,trips_per_route,5.500000,0.000000,3800,4100,4200,4200,4300,4300,4400,4400,4400,4400,4400,624,0,3800,3868.730143307636,3184.2596659553237,5906.201042002067,1200.2916666666667
1777228777,128,,Aggregated,118.700000,0.000000,110,140,160,180,4100,4800,5100,5300,5500,5600,5600,14445,0,110,711.176016570351,50.64824997680262,7762.780916993506,57763.10674974039
1777228778,128,GET,bulk_update_departures,4.400000,0.000000,98,130,140,150,170,180,190,210,210,210,210,638,0,95,112.76431683734495,53.81641600979492,1415.3977499809116,131.3808777429467
1777228778,128,GET,large_scan,8.900000,0.000000,4800,4900,5200,5300,5300,5400,5500,5600,5600,5600,5600,1282,0,4900,5010.652501912561,3912.9257919848897,7762.780916993506,652261.2191887676
1777228778,128,GET,next_departures,44.400000,0.000000,110,130,140,150,170,190,220,230,360,360,360,5365,0,100,117.8413337903559,51.945250015705824,1763.9625000301749,109.44380242311277
1777228778,128,GET,point_read,53.900000,0.000000,98,120,140,140,170,190,210,220,230,230,230,6661,0,97,116.38370000952078,50.64824997680262,1836.9924579747021,104.450833208227
1777228778,128,GET,trips_per_route,5.600000,0.000000,3700,3800,4100,4200,4200,4300,4400,4400,4400,4400,4400,630,0,3800,3866.8949221667376,3184.2596659553237,5906.201042002067,1200.2968253968254
1777228778,128,,Aggregated,117.200000,0.000000,110,140,160,180,3900,4800,5200,5300,5500,5600,5600,14576,0,110,709.3300304684304,50.64824997680262,7762.780916993506,57513.84495060373
1777228779,128,GET,bulk_update_departures,4.500000,0.000000,98,130,140,150,170,170,180,190,190,190,190,645,0,95,112.93443574925682,53.81641600979492,1415.3977499809116,131.38449612403102
1777228779,128,GET,large_scan,9.900000,0.000000,4800,5000,5200,5300,5300,5400,5500,5600,5600,5600,5600,1292,0,4900,5010.421472712828,3912.9257919848897,7762.780916993506,652261.2213622291
1777228779,128,GET,next_departures,43.500000,0.000000,100,120,130,140,160,180,200,210,360,360,360,5400,0,100,117.79514858650079,51.945250015705824,1763.9625000301749,109.44333333333333
1777228779,128,GET,point_read,53.700000,0.000000,94,110,130,140,160,170,190,200,260,260,260,6726,0,97,116.2907974106677,50.64824997680262,1836.9924579747021,104.45093666369313
1777228779,128,GET,trips_per_route,5.300000,0.000000,3700,3900,4100,4200,4200,4300,4300,4400,4400,4400,4400,633,0,3800,3867.294523639878,3184.2596659553237,5906.201042002067,1200.2969984202211
1777228779,128,,Aggregated,116.900000,0.000000,100,130,150,160,3800,4800,5200,5300,5500,5600,5600,14696,0,110,708.5309195031672,50.64824997680262,7762.780916993506,57489.0827436037
1777228780,128,GET,bulk_update_departures,4.900000,0.000000,98,130,140,150,170,170,170,180,180,180,180,651,0,95,112.85494248573733,53.81641600979492,1415.3977499809116,131.38402457757297
1777228780,128,GET,large_scan,10.100000,0.000000,4900,5000,5200,5200,5300,5400,5500,5600,5600,5600,5600,1303,0,4900,5010.512843691525,3912.9257919848897,7762.780916993506,652261.221028396
1777228780,128,GET,next_departures,41.200000,0.000000,100,120,130,140,160,170,190,200,360,360,360,5434,0,100,117.75740816913324,51.945250015705824,1763.9625000301749,109.44442399705558
1777228780,128,GET,point_read,54.600000,0.000000,94,110,130,130,150,170,180,190,260,260,260,6788,0,98,116.23825952813384,50.64824997680262,1836.9924579747021,104.45123747790218
1777228780,128,GET,trips_per_route,5.200000,0.000000,3800,4100,4200,4200,4300,4300,4300,4400,4400,4400,4400,639,0,3800,3868.2457956542657,3184.2596659553237,5906.201042002067,1200.2895148669797
1777228780,128,,Aggregated,116.000000,0.000000,100,130,150,160,4100,4800,5200,5300,5500,5600,5600,14815,0,110,708.9365459317847,50.64824997680262,7762.780916993506,57512.83314208572
1777228781,128,GET,bulk_update_departures,5.300000,0.000000,100,130,140,150,170,170,180,210,210,210,210,659,0,96,113.205725236952,53.81641600979492,1415.3977499809116,131.38694992412746
1777228781,128,GET,large_scan,10.000000,0.000000,4900,5000,5200,5200,5300,5400,5400,5500,5600,5600,5600,1318,0,4900,5009.98070852134,3912.9257919848897,7762.780916993506,652261.2245827011
1777228781,128,GET,next_departures,41.300000,0.000000,100,120,130,140,160,170,190,200,360,360,360,5474,0,100,117.71918864031181,51.945250015705824,1763.9625000301749,109.44464742418707
1777228781,128,GET,point_read,54.800000,0.000000,94,110,130,130,160,170,180,190,260,260,260,6843,0,98,116.15879165584396,50.64824997680262,1836.9924579747021,104.45126406546837
1777228781,128,GET,trips_per_route,5.100000,0.000000,3800,4100,4200,4200,4300,4300,4300,4400,4400,4400,4400,643,0,3800,3868.0738380717794,3184.2596659553237,5906.201042002067,1200.2923794712285
1777228781,128,,Aggregated,116.500000,0.000000,100,130,150,160,4100,4800,5200,5300,5500,5600,5600,14937,0,110,709.9282368990049,50.64824997680262,7762.780916993506,57699.17158733347
1777228782,128,GET,bulk_update_departures,5.500000,0.000000,100,130,140,150,170,170,180,210,210,210,210,666,0,96,113.08718839514856,53.81641600979492,1415.3977499809116,131.38138138138137
1777228782,128,GET,large_scan,9.700000,0.000000,4900,5100,5200,5300,5300,5400,5500,5600,5600,5600,5600,1322,0,4900,5010.077749399455,3912.9257919848897,7762.780916993506,652261.223903177
1777228782,128,GET,next_departures,41.200000,0.000000,100,120,130,140,160,170,180,190,360,360,360,5511,0,100,117.64604796278536,51.945250015705824,1763.9625000301749,109.44492832516785
1777228782,128,GET,point_read,55.600000,0.000000,95,110,130,140,160,170,180,190,260,260,260,6895,0,98,116.11063615042457,50.64824997680262,1836.9924579747021,104.45047135605512
1777228782,128,GET,trips_per_route,5.100000,0.000000,3800,4100,4200,4200,4300,4300,4300,4400,4400,4400,4400,648,0,3800,3867.4989115327517,3184.2596659553237,5906.201042002067,1200.2916666666667
1777228782,128,,Aggregated,117.100000,0.000000,100,130,150,160,4100,4800,5200,5300,5500,5600,5600,15042,0,110,708.2640841264829,50.64824997680262,7762.780916993506,57470.94561893365
1777228783,128,GET,bulk_update_departures,5.500000,0.000000,110,130,140,150,160,170,180,210,210,210,210,673,0,96,113.07619603007913,53.81641600979492,1415.3977499809116,131.38781575037146
1777228783,128,GET,large_scan,9.900000,0.000000,4900,5100,5200,5300,5300,5400,5400,5600,5600,5600,5600,1334,0,4900,5009.17454691309,3912.9257919848897,7762.780916993506,652261.2188905547
1777228783,128,GET,next_departures,39.600000,0.000000,98,120,130,140,150,160,170,180,360,360,360,5542,0,100,117.52035012092477,51.945250015705824,1763.9625000301749,109.44460483579935
1777228783,128,GET,point_read,56.400000,0.000000,95,120,130,140,160,170,180,180,260,260,260,6944,0,98,116.0520596869549,50.64824997680262,1836.9924579747021,104.45161290322581
1777228783,128,GET,trips_per_route,5.200000,0.000000,3800,4100,4200,4200,4300,4300,4300,4400,4400,4400,4400,654,0,3800,3868.7119396104918,3184.2596659553237,5906.201042002067,1200.296636085627
1777228783,128,,Aggregated,116.600000,0.000000,100,130,150,160,4200,4800,5200,5300,5400,5600,5600,15147,0,110,709.4236493597377,50.64824997680262,7762.780916993506,57590.39664620057
1777228784,128,GET,bulk_update_departures,5.900000,0.000000,110,130,140,140,160,170,180,210,210,210,210,676,0,96,112.97710763497868,53.81641600979492,1415.3977499809116,131.38905325443787
1777228784,128,GET,large_scan,10.100000,0.000000,4900,5100,5200,5300,5300,5400,5400,5400,5400,5400,5400,1342,0,4900,5009.829754873417,3912.9257919848897,7762.780916993506,652261.2183308494
1777228784,128,GET,next_departures,39.600000,0.000000,98,120,130,130,150,160,170,180,190,190,190,5580,0,100,117.40071223066089,51.945250015705824,1763.9625000301749,109.44534050179212
1777228784,128,GET,point_read,56.000000,0.000000,98,120,130,140,160,170,180,180,260,260,260,7004,0,98,115.99458912848065,50.64824997680262,1836.9924579747021,104.45145631067962
1777228784,128,GET,trips_per_route,5.200000,0.000000,3800,4100,4200,4200,4300,4300,4300,4300,4300,4300,4300,663,0,3800,3867.870894362283,3184.2596659553237,5906.201042002067,1200.3016591251885
1777228784,128,,Aggregated,116.800000,0.000000,110,130,150,160,4100,4800,5200,5300,5400,5400,5400,15265,0,110,709.563349837309,50.64824997680262,7762.780916993506,57488.46754012447
1777228785,128,GET,bulk_update_departures,6.500000,0.000000,110,130,140,150,160,170,180,210,210,210,210,682,0,96,113.0011606955685,53.81641600979492,1415.3977499809116,131.39002932551318
1777228785,128,GET,large_scan,9.700000,0.000000,4900,5100,5200,5300,5300,5400,5400,5400,5400,5400,5400,1353,0,4900,5009.301327202543,3912.9257919848897,7762.780916993506,652261.2202512934
1777228785,128,GET,next_departures,39.600000,0.000000,99,120,130,140,150,160,170,180,190,190,190,5621,0,100,117.38336971433499,51.945250015705824,1763.9625000301749,109.44582814445828
1777228785,128,GET,point_read,55.500000,0.000000,98,120,130,140,160,170,180,180,260,260,260,7047,0,97,115.89170443176425,50.64824997680262,1836.9924579747021,104.45182347098056
1777228785,128,GET,trips_per_route,5.300000,0.000000,3700,3800,4200,4200,4300,4300,4300,4300,4300,4300,4300,669,0,3800,3865.9369698625583,3184.2596659553237,5906.201042002067,1200.3064275037368
1777228785,128,,Aggregated,116.600000,0.000000,110,130,150,160,4100,4900,5300,5300,5400,5400,5400,15372,0,110,710.2175437439747,50.64824997680262,7762.780916993506,57556.161267239135
1777228786,128,GET,bulk_update_departures,6.600000,0.000000,100,120,130,150,160,170,180,210,210,210,210,682,0,96,113.0011606955685,53.81641600979492,1415.3977499809116,131.39002932551318
1777228786,128,GET,large_scan,10.100000,0.000000,4900,5200,5300,5300,5400,5400,5400,5400,5400,5400,5400,1365,0,4900,5009.1355042418245,3912.9257919848897,7762.780916993506,652261.2197802198
1777228786,128,GET,next_departures,38.100000,0.000000,98,120,130,140,150,160,170,180,180,180,180,5667,0,100,117.31120603941253,51.945250015705824,1763.9625000301749,109.44538556555497
1777228786,128,GET,point_read,55.800000,0.000000,97,120,130,140,160,170,180,180,260,260,260,7094,0,97,115.82112958833011,50.64824997680262,1836.9924579747021,104.45305892303355
1777228786,128,GET,trips_per_route,5.400000,0.000000,3700,3800,4100,4200,4300,4300,4300,4300,4300,4300,4300,675,0,3800,3865.2006285245257,3184.2596659553237,5906.201042002067,1200.3081481481481
1777228786,128,,Aggregated,116.000000,0.000000,110,130,150,160,4100,4900,5300,5300,5400,5400,5400,15483,0,110,711.1015227710055,50.64824997680262,7762.780916993506,57650.171026286895
1777228787,128,GET,bulk_update_departures,6.400000,0.000000,100,130,140,150,160,170,180,210,210,210,210,688,0,96,112.90980434052979,53.81641600979492,1415.3977499809116,131.38808139534885
1777228787,128,GET,large_scan,10.000000,0.000000,4900,5200,5300,5300,5400,5400,5400,5400,5400,5400,5400,1375,0,4900,5009.452370423317,3912.9257919848897,7762.780916993506,652261.2203636364
1777228787,128,GET,next_departures,37.100000,0.000000,97,120,130,140,150,160,170,170,180,180,180,5711,0,100,117.16985886191364,51.945250015705824,1763.9625000301749,109.44493083523025
1777228787,128,GET,point_read,57.000000,0.000000,97,120,130,140,160,170,180,180,260,260,260,7146,0,97,115.69403423954115,50.64824997680262,1836.9924579747021,104.45340050377834
1777228787,128,GET,trips_per_route,5.300000,0.000000,3700,3800,4100,4200,4200,4300,4300,4300,4300,4300,4300,679,0,3800,3864.3984522018823,3184.2596659553237,5906.201042002067,1200.3063328424153
1777228787,128,,Aggregated,115.800000,0.000000,110,130,150,160,3800,4900,5300,5400,5400,5400,5400,15599,0,110,710.6553071606877,50.64824997680262,7762.780916993506,57640.620873132895
1777228788,128,GET,bulk_update_departures,6.600000,0.000000,100,120,140,150,160,170,180,210,210,210,210,692,0,96,112.76090060600626,53.81641600979492,1415.3977499809116,131.39017341040463
1777228788,128,GET,large_scan,10.300000,0.000000,4900,5200,5200,5300,5400,5400,5400,5400,5400,5400,5400,1385,0,4900,5009.656400148067,3912.9257919848897,7762.780916993506,652261.2216606499
1777228788,128,GET,next_departures,38.100000,0.000000,98,120,130,140,160,160,170,180,210,210,210,5746,0,100,117.1585287451291,51.945250015705824,1763.9625000301749,109.4453532892447
1777228788,128,GET,point_read,56.800000,0.000000,99,120,130,140,160,170,180,190,260,260,260,7209,0,97,115.7189787778723,50.64824997680262,1836.9924579747021,104.45193508114856
1777228788,128,GET,trips_per_route,5.300000,0.000000,3700,3800,4100,4200,4200,4300,4300,4300,4300,4300,4300,685,0,3800,3862.8253181927234,3184.2596659553237,5906.201042002067,1200.3065693430658
1777228788,128,,Aggregated,117.100000,0.000000,110,130,150,160,4100,4900,5300,5400,5400,5400,5400,15717,0,110,710.6859467179254,50.64824997680262,7762.780916993506,57624.02436851816
1777228789,128,GET,bulk_update_departures,6.200000,0.000000,99,120,130,140,160,170,170,210,210,210,210,697,0,96,112.7071336848418,53.81641600979492,1415.3977499809116,131.390243902439
1777228789,128,GET,large_scan,10.200000,0.000000,4900,5200,5200,5300,5400,5400,5400,5400,5400,5400,5400,1394,0,4900,5008.788628137149,3912.9257919848897,7762.780916993506,652261.2230989957
1777228789,128,GET,next_departures,38.500000,0.000000,97,120,130,140,150,160,170,180,210,210,210,5782,0,100,117.09203813568116,51.945250015705824,1763.9625000301749,109.4451746800415
1777228789,128,GET,point_read,55.400000,0.000000,99,120,130,140,160,170,180,180,200,200,200,7248,0,98,115.69917951648364,50.64824997680262,1836.9924579747021,104.45171081677704
1777228789,128,GET,trips_per_route,5.800000,0.000000,3700,3800,4100,4100,4200,4300,4300,4300,4300,4300,4300,692,0,3800,3861.794902219769,3184.2596659553237,5906.201042002067,1200.300578034682
1777228789,128,,Aggregated,116.100000,0.000000,110,130,150,160,4100,4900,5300,5400,5400,5400,5400,15813,0,110,711.3630626556361,50.64824997680262,7762.780916993506,57646.506671725794
1777228790,128,GET,bulk_update_departures,6.100000,0.000000,97,120,130,130,160,170,170,210,210,210,210,707,0,95,112.45573221966347,53.81641600979492,1415.3977499809116,131.39038189533238
1777228790,128,GET,large_scan,9.900000,0.000000,4900,5100,5200,5300,5400,5400,5400,5400,5400,5400,5400,1404,0,4900,5007.221428891782,3912.9257919848897,7762.780916993506,652261.2222222222
1777228790,128,GET,next_departures,39.200000,0.000000,97,120,130,140,150,160,170,180,210,210,210,5819,0,100,117.03917812348566,51.945250015705824,1763.9625000301749,109.4454373603712
1777228790,128,GET,point_read,54.600000,0.000000,99,120,130,140,160,170,180,190,200,200,200,7287,0,98,115.68705313822723,50.64824997680262,1836.9924579747021,104.45190064498422
1777228790,128,GET,trips_per_route,5.500000,0.000000,3700,3800,3800,4100,4200,4300,4300,4300,4300,4300,4300,695,0,3800,3861.8518930504756,3184.2596659553237,5906.201042002067,1200.3007194244603
1777228790,128,,Aggregated,115.300000,0.000000,110,130,150,160,4100,4900,5300,5400,5400,5400,5400,15912,0,110,711.2678914173114,50.64824997680262,7762.780916993506,57698.58358471594
1777228791,128,GET,bulk_update_departures,5.400000,0.000000,93,110,120,130,150,160,160,170,170,170,170,711,0,96,112.49652797080846,53.81641600979492,1415.3977499809116,131.39099859353024
1777228791,128,GET,large_scan,10.300000,0.000000,4900,5200,5200,5300,5400,5400,5400,5400,5400,5400,5400,1415,0,4900,5007.5166975845295,3912.9257919848897,7762.780916993506,652261.2219081272
1777228791,128,GET,next_departures,38.000000,0.000000,98,120,130,140,150,160,170,170,210,210,210,5858,0,100,117.02501727032606,51.945250015705824,1763.9625000301749,109.44605667463298
1777228791,128,GET,point_read,54.500000,0.000000,99,120,130,140,160,170,180,180,200,200,200,7332,0,98,115.59900781506506,50.64824997680262,1836.9924579747021,104.4513093289689
1777228791,128,GET,trips_per_route,5.500000,0.000000,3700,3800,3800,4100,4200,4200,4300,4300,4300,4300,4300,701,0,3700,3860.8743203796425,3184.2596659553237,5906.201042002067,1200.3038516405136
1777228791,128,,Aggregated,113.700000,0.000000,110,130,150,160,4100,4900,5300,5400,5400,5400,5400,16017,0,110,712.0683357385965,50.64824997680262,7762.780916993506,57769.334644440285
1777228793,128,GET,bulk_update_departures,5.200000,0.000000,90,110,120,130,150,160,170,170,170,170,170,715,0,95,112.36983638076059,53.81641600979492,1415.3977499809116,131.3916083916084
1777228793,128,GET,large_scan,10.200000,0.000000,4900,5100,5200,5300,5400,5400,5400,5500,5500,5500,5500,1424,0,4900,5006.593339389134,3912.9257919848897,7762.780916993506,652261.224016854
1777228793,128,GET,next_departures,38.200000,0.000000,99,120,130,140,150,160,170,180,210,210,210,5903,0,100,116.93005480272215,51.945250015705824,1763.9625000301749,109.44502795188887
1777228793,128,GET,point_read,52.100000,0.000000,97,120,130,140,160,160,180,180,200,200,200,7376,0,97,115.49306473262413,50.64824997680262,1836.9924579747021,104.45159978308025
1777228793,128,GET,trips_per_route,5.900000,0.000000,3700,3700,3800,3800,4100,4100,4200,4300,4300,4300,4300,708,0,3700,3858.3508492869196,3184.2596659553237,5906.201042002067,1200.3050847457628
1777228793,128,,Aggregated,111.600000,0.000000,110,130,150,160,3800,4900,5300,5400,5500,5500,5500,16126,0,110,712.1146414836783,50.64824997680262,7762.780916993506,57744.030323700856
1777228794,128,GET,bulk_update_departures,5.600000,0.000000,99,110,120,130,150,160,180,180,180,180,180,722,0,96,112.45874753500814,53.81641600979492,1415.3977499809116,131.39473684210526
1777228794,128,GET,large_scan,10.100000,0.000000,4900,5000,5200,5300,5400,5400,5400,5500,5500,5500,5500,1441,0,4900,5005.634306178436,3912.9257919848897,7762.780916993506,652261.226925746
1777228794,128,GET,next_departures,38.500000,0.000000,97,120,130,140,150,160,170,180,210,210,210,5950,0,100,116.81044686211962,51.945250015705824,1763.9625000301749,109.44571428571429
1777228794,128,GET,point_read,49.800000,0.000000,96,110,130,140,160,160,180,180,300,300,300,7426,0,97,115.44409480954914,50.64824997680262,1836.9924579747021,104.45152168058173
1777228794,128,GET,trips_per_route,5.600000,0.000000,3700,3700,3800,3800,4100,4100,4200,4300,4300,4300,4300,714,0,3700,3858.194063381091,3184.2596659553237,5906.201042002067,1200.3081232492998
1777228794,128,,Aggregated,109.600000,0.000000,110,130,150,160,4300,4900,5300,5400,5500,5500,5500,16253,0,110,713.7989798229744,50.64824997680262,7762.780916993506,57976.19971697533
