Timestamp,User Count,Type,Name,Requests/s,Failures/s,50%,66%,75%,80%,90%,95%,98%,99%,99.9%,99.99%,100%,Total Request Count,Total Failure Count,Total Median Response Time,Total Average Response Time,Total Min Response Time,Total Max Response Time,Total Average Content Size
1777163454,0,,Aggregated,0.000000,0.000000,N/A,N/A,N/A,N/A,N/A,N/A,N/A,N/A,N/A,N/A,N/A,0,0,0,0.0,0,0,0
1777163455,20,GET,next_departures,0.000000,0.000000,0,0,0,0,0,0,0,0,0,0,0,1,0,845.3311669873074,845.3311669873074,845.3311669873074,845.3311669873074,86.0
1777163455,20,GET,point_read,0.000000,0.000000,0,0,0,0,0,0,0,0,0,0,0,14,0,590,599.3431517875122,589.988457999425,628.4335000091232,80.92857142857143
1777163455,20,,Aggregated,0.000000,0.000000,0,0,0,0,0,0,0,0,0,0,0,15,0,600,615.7423528008318,589.988457999425,845.3311669873074,81.26666666666667
1777163456,40,GET,bulk_update_departures,0.000000,0.000000,0,0,0,0,0,0,0,0,0,0,0,1,0,1116.4331669860985,1116.4331669860985,1116.4331669860985,1116.4331669860985,108.0
1777163456,40,GET,large_scan,0.000000,0.000000,0,0,0,0,0,0,0,0,0,0,0,2,0,1600,1606.6817505052313,1597.1525839995593,1616.2109170109034,332473.5
1777163456,40,GET,next_departures,0.000000,0.000000,0,0,0,0,0,0,0,0,0,0,0,11,0,850,788.1309242723298,409.61733300355263,1134.4760000065435,85.72727272727273
1777163456,40,GET,point_read,0.000000,0.000000,0,0,0,0,0,0,0,0,0,0,0,34,0,500,455.44084559044086,139.433000003919,628.4335000091232,80.91176470588235
1777163456,40,GET,trips_per_route,0.000000,0.000000,0,0,0,0,0,0,0,0,0,0,0,3,0,300,319.3813753314316,282.559916988248,377.71362499915995,372.6666666666667
1777163456,40,,Aggregated,0.000000,0.000000,520,600,610,750,900,1100,1600,1600,1600,1600,1600,51,0,520,577.3013668835583,139.433000003919,1616.2109170109034,13134.64705882353
1777163457,60,GET,bulk_update_departures,0.000000,0.000000,1400,1400,1400,1400,1400,1400,1400,1400,1400,1400,1400,3,0,1100,1160.01090266703,970.6960410112515,1392.9035000037402,108.0
1777163457,60,GET,large_scan,0.000000,0.000000,0,0,0,0,0,0,0,0,0,0,0,4,0,1600,1555.7626877562143,1146.7782499967143,1862.9090000176802,332473.25
1777163457,60,GET,next_departures,0.000000,0.000000,900,1000,1300,1300,1400,1400,1400,1400,1400,1400,1400,28,0,890,914.2473764617795,408.413750003092,1409.0049579972401,85.92857142857143
1777163457,60,GET,point_read,0.000000,0.000000,270,490,510,510,510,540,560,560,560,560,560,63,0,470,378.3419887638754,116.77854097797535,628.4335000091232,81.04761904761905
1777163457,60,GET,trips_per_route,0.000000,0.000000,380,380,400,400,660,660,660,660,660,660,660,9,0,360,382.28579654888665,282.559916988248,658.743540989235,372.6666666666667
1777163457,60,,Aggregated,0.000000,0.000000,510,590,770,890,1100,1400,1600,1600,1900,1900,1900,107,0,510,584.8423127198122,116.77854097797535,1862.9090000176802,12533.485981308411
1777163458,80,GET,bulk_update_departures,0.500000,0.000000,1400,1400,1600,1600,1600,1600,1600,1600,1600,1600,1600,5,0,1300,1269.6109415963292,970.6960410112515,1613.6239999905229,108.4
1777163458,80,GET,large_scan,0.000000,0.000000,1500,1600,1600,1900,2000,2000,2000,2000,2000,2000,2000,13,0,1500,1472.0246539195964,834.6931670093909,1971.132332982961,332473.0
1777163458,80,GET,next_departures,2.000000,0.000000,1100,1300,1300,1400,1500,1600,1800,1800,1800,1800,1800,42,0,1000,1019.4362460696582,408.413750003092,1773.9524590142537,86.11904761904762
1777163458,80,GET,point_read,10.000000,0.000000,180,360,400,480,510,510,540,560,560,560,560,105,0,250,315.2011948682013,116.77854097797535,628.4335000091232,81.13333333333334
1777163458,80,GET,trips_per_route,0.500000,0.000000,380,380,400,420,660,660,660,660,660,660,660,11,0,360,381.0729433607776,282.559916988248,658.743540989235,372.6363636363636
1777163458,80,,Aggregated,13.000000,0.000000,480,590,880,1100,1400,1600,1600,1900,2000,2000,2000,176,0,470,599.9353714885893,116.77854097797535,1971.132332982961,24652.988636363636
1777163459,100,GET,bulk_update_departures,0.666667,0.000000,1400,1400,1600,1600,1600,1600,1600,1600,1600,1600,1600,5,0,1300,1269.6109415963292,970.6960410112515,1613.6239999905229,108.4
1777163459,100,GET,large_scan,1.000000,0.000000,1500,1600,1600,1600,1900,2000,2000,2000,2000,2000,2000,14,0,1500,1480.495645924488,834.6931670093909,1971.132332982961,332473.0
1777163459,100,GET,next_departures,6.666667,0.000000,1100,1300,1400,1500,1800,1800,2000,2000,2000,2000,2000,50,0,1100,1089.3917658593273,408.413750003092,1984.4552080030553,86.18
1777163459,100,GET,point_read,13.333333,0.000000,180,350,390,470,510,520,560,990,990,990,990,116,0,220,310.68036783735494,116.77854097797535,987.9651249793824,81.15517241379311
1777163459,100,GET,trips_per_route,1.333333,0.000000,380,380,420,420,560,660,660,660,660,660,660,13,0,370,393.42116676673936,282.559916988248,658.743540989235,372.6923076923077
1777163459,100,,Aggregated,23.000000,0.000000,480,600,890,1100,1500,1600,1900,2000,2000,2000,2000,198,0,470,619.6867670757152,116.77854097797535,1984.4552080030553,23604.70707070707
1777163460,120,GET,bulk_update_departures,0.750000,0.000000,1900,2000,2100,2100,2200,2200,2200,2200,2200,2200,2200,9,0,1600,1614.7074073249112,970.6960410112515,2163.869124982739,108.44444444444444
1777163460,120,GET,large_scan,1.500000,0.000000,1900,2000,2200,2300,2600,2900,2900,2900,2900,2900,2900,21,0,1600,1782.3238472365551,834.6931670093909,2875.359791010851,332472.85714285716
1777163460,120,GET,next_departures,7.500000,0.000000,1400,1800,1900,2000,2100,2200,2300,2400,2400,2400,2400,82,0,1300,1356.8596960966072,408.413750003092,2375.461291987449,86.34146341463415
1777163460,120,GET,point_read,22.000000,0.000000,170,260,350,390,510,510,560,990,1900,1900,1900,150,0,190,292.3419216942663,116.77854097797535,1886.5118749963585,81.14666666666666
1777163460,120,GET,trips_per_route,2.500000,0.000000,370,380,400,420,560,660,660,660,660,660,660,16,0,360,387.3789688695979,282.559916988248,658.743540989235,372.6875
1777163460,120,,Aggregated,34.250000,0.000000,500,850,1300,1500,2000,2200,2300,2500,2900,2900,2900,278,0,500,767.1691161649898,116.77854097797535,2875.359791010851,25209.06834532374
1777163461,128,GET,bulk_update_departures,1.000000,0.000000,2000,2100,2200,2200,2300,2800,2800,2800,2800,2800,2800,12,0,1900,1803.107361078825,970.6960410112515,2821.52391699492,108.58333333333333
1777163461,128,GET,large_scan,2.600000,0.000000,1900,2200,2300,2500,2800,2900,3000,3000,3000,3000,3000,26,0,1600,1836.5490721155836,834.6931670093909,2978.5769160080235,332472.96153846156
1777163461,128,GET,next_departures,8.600000,0.000000,1500,1800,1900,2000,2200,2300,2300,2400,2400,2400,2400,94,0,1400,1417.1214924250269,408.413750003092,2375.461291987449,86.37234042553192
1777163461,128,GET,point_read,22.000000,0.000000,170,260,360,470,540,2200,2500,2500,2700,2700,2700,197,0,190,416.16346468578143,116.77854097797535,2695.5467079824302,81.17766497461929
1777163461,128,GET,trips_per_route,2.600000,0.000000,380,420,420,420,560,660,660,660,660,660,660,21,0,370,397.55884337466256,282.559916988248,658.743540989235,372.4761904761905
1777163461,128,,Aggregated,36.800000,0.000000,500,970,1400,1800,2100,2300,2500,2800,3000,3000,3000,350,0,490,836.9426364282014,116.77854097797535,2978.5769160080235,24792.95142857143
1777163462,128,GET,bulk_update_departures,1.000000,0.000000,2000,2100,2200,2200,2300,2800,2800,2800,2800,2800,2800,12,0,1900,1803.107361078825,970.6960410112515,2821.52391699492,108.58333333333333
1777163462,128,GET,large_scan,2.833333,0.000000,2000,2200,2500,2600,2800,2900,3000,3000,3000,3000,3000,27,0,1600,1866.7849799266723,834.6931670093909,2978.5769160080235,332473.0
1777163462,128,GET,next_departures,11.166667,0.000000,1600,1900,2000,2000,2200,2300,2300,2400,2500,2500,2500,109,1,1500,1484.0828627524172,408.413750003092,2464.676542003872,88.28440366972477
1777163462,128,GET,point_read,21.500000,0.000000,170,240,350,400,540,2200,2500,2500,2700,2700,2700,228,0,170,399.45392088140994,116.77854097797535,2695.5467079824302,81.17105263157895
1777163462,128,GET,trips_per_route,2.166667,0.000000,380,420,420,420,560,660,750,750,750,750,750,23,0,380,412.86240951487105,282.559916988248,753.4268329909537,372.4347826086956
1777163462,128,,Aggregated,38.666667,0.000000,470,990,1500,1800,2100,2300,2500,2800,3000,3000,3000,399,1,470,838.0372035357971,116.77854097797535,2978.5769160080235,22593.40852130326
1777163463,128,GET,bulk_update_departures,1.428571,0.000000,2000,2000,2200,2200,2300,2800,2800,2800,2800,2800,2800,13,1,1900,1735.7853556884668,927.9212910041679,2821.52391699492,122.76923076923077
1777163463,128,GET,large_scan,3.142857,0.000000,1900,2200,2500,2600,2800,2900,3000,3000,3000,3000,3000,30,2,1600,1797.1638444335742,422.80845798086375,2978.5769160080235,310327.56666666665
1777163463,128,GET,next_departures,12.285714,0.000000,1700,2000,2000,2100,2300,2600,4600,4900,4900,4900,4900,123,2,1700,1629.2459088528142,377.9797079914715,4905.312332994072,89.78048780487805
1777163463,128,GET,point_read,23.142857,0.000000,170,240,350,390,540,2200,2500,2500,2700,2700,2700,231,0,170,396.5811035495042,116.77854097797535,2695.5467079824302,81.17748917748918
1777163463,128,GET,trips_per_route,2.571429,0.000000,380,420,420,520,650,660,750,750,750,750,750,24,0,380,422.86741849360016,282.559916988248,753.4268329909537,372.4583333333333
1777163463,128,,Aggregated,42.571429,0.000000,500,1100,1600,1900,2200,2500,2800,3000,4900,4900,4900,421,5,500,899.3739304266873,116.77854097797535,4905.312332994072,22209.399049881235
1777163464,128,GET,bulk_update_departures,1.500000,0.000000,2100,2500,2800,2800,3800,5000,5000,5000,5000,5000,5000,20,2,2100,2235.749731201213,927.9212910041679,5026.656417001504,126.6
1777163464,128,GET,large_scan,3.250000,0.000000,2000,2200,2600,2700,3000,3400,5500,5500,5500,5500,5500,33,3,1900,1963.5137890917108,422.80845798086375,5477.402541000629,302274.75757575757
1777163464,128,GET,next_departures,13.125000,0.000000,2000,2300,2700,3000,4300,5000,5400,5600,5900,5900,5900,174,10,2000,2113.2945670447198,377.9797079914715,5947.734208981274,98.22988505747126
1777163464,128,GET,point_read,27.125000,0.000000,180,250,330,380,540,2200,2500,2500,2700,2700,2700,267,5,190,403.36597565535806,116.77854097797535,2695.5467079824302,85.13857677902622
1777163464,128,GET,trips_per_route,2.625000,0.000000,400,420,520,560,750,2000,2200,2200,2200,2200,2200,27,2,390,548.6470541412322,282.559916988248,2176.124166988302,366.44444444444446
1777163464,128,,Aggregated,47.625000,0.000000,520,1400,2000,2100,2700,3300,5000,5200,5900,5900,5900,521,22,520,1151.1255091969786,116.77854097797535,5947.734208981274,19246.289827255277
1777163465,128,GET,bulk_update_departures,1.333333,0.000000,2100,2200,2700,2800,3200,3800,5000,5000,5000,5000,5000,25,5,2000,1986.2033183209132,355.95420899335295,5026.656417001504,145.04
1777163465,128,GET,large_scan,3.333333,0.222222,2000,2600,2800,3000,3900,7000,7000,7000,7000,7000,7000,38,4,2000,2284.7154648954624,422.80845798086375,7003.196500008926,297506.63157894736
1777163465,128,GET,next_departures,12.555556,0.111111,2000,2500,2900,3000,4000,4900,5200,5400,5900,5900,5900,212,16,2000,2179.9846088667764,322.7343329926953,5947.734208981274,101.98113207547169
1777163465,128,GET,point_read,25.333333,0.000000,190,270,360,460,960,2200,2400,2500,2700,2700,2700,285,17,210,428.6691524910438,116.77854097797535,2695.5467079824302,93.73333333333333
1777163465,128,GET,trips_per_route,2.555556,0.000000,400,420,520,560,750,2000,2200,2200,2200,2200,2200,27,2,390,548.6470541412322,282.559916988248,2176.124166988302,366.44444444444446
1777163465,128,,Aggregated,45.111111,0.333333,660,1800,2100,2300,3000,3600,5000,5400,7000,7000,7000,587,44,600,1253.1774899924492,116.77854097797535,7003.196500008926,19364.746166950597
1777163466,128,GET,bulk_update_departures,1.600000,0.100000,2000,2200,2500,2800,3200,3800,5000,5000,5000,5000,5000,27,7,2000,1873.9008317783441,355.95420899335295,5026.656417001504,156.0
1777163466,128,GET,large_scan,3.100000,0.200000,2200,2800,3400,4300,4800,5500,7000,7000,7000,7000,7000,53,8,2000,2441.044201266091,306.15262500941753,7003.196500008926,282331.75471698114
1777163466,128,GET,next_departures,14.700000,0.200000,2000,2400,2800,3000,3600,4900,5200,5400,5900,5900,5900,241,34,1900,2015.115347666607,322.7343329926953,5947.734208981274,114.88381742738589
1777163466,128,GET,point_read,24.000000,0.000000,230,330,400,500,870,2100,2400,2500,3200,3200,3200,365,36,240,441.26873162426756,116.77854097797535,3162.2608749894425,101.57534246575342
1777163466,128,GET,trips_per_route,2.400000,0.000000,420,520,650,660,950,2000,2200,2200,2200,2200,2200,31,4,410,568.9047567993252,282.559916988248,2176.124166988302,362.0
1777163466,128,,Aggregated,45.800000,0.500000,570,1500,2000,2200,3000,3900,5000,5400,7000,7000,7000,717,89,560,1177.562898767653,116.77854097797535,7003.196500008926,20981.560669456067
1777163467,128,GET,bulk_update_departures,2.200000,0.400000,2000,2200,2400,2700,3200,3800,5000,5000,5000,5000,5000,32,11,1600,1708.2120155955636,355.95420899335295,5026.656417001504,171.5625
1777163467,128,GET,large_scan,3.500000,0.300000,2200,2700,3200,3900,4700,5500,7000,7000,7000,7000,7000,60,11,2000,2328.3714729351536,297.0514170010574,7003.196500008926,271572.4
1777163467,128,GET,next_departures,18.600000,1.300000,2000,2400,2700,2900,3400,4800,5200,5400,5900,5900,5900,280,51,1900,1927.5929822698733,317.4445829936303,5947.734208981274,123.425
1777163467,128,GET,point_read,27.200000,0.900000,230,330,410,480,870,2100,2400,2500,3200,3200,3200,410,58,240,427.12062328270207,116.77854097797535,3162.2608749894425,110.64878048780488
1777163467,128,GET,trips_per_route,2.700000,0.200000,430,570,650,750,950,2000,2200,2200,2200,2200,2200,33,5,420,564.5628207809447,282.559916988248,2176.124166988302,360.24242424242425
1777163467,128,,Aggregated,54.200000,3.100000,570,1700,2100,2300,2900,3800,5000,5400,7000,7000,7000,815,136,510,1138.4553822606267,116.77854097797535,7003.196500008926,20112.450306748466
1777163468,128,GET,bulk_update_departures,2.400000,0.500000,2000,2200,2400,2500,2800,3800,5000,5000,5000,5000,5000,37,14,1600,1614.946994324045,318.030665977858,5026.656417001504,178.0
1777163468,128,GET,large_scan,4.200000,0.500000,2300,2800,3000,3500,4700,5500,7000,7000,7000,7000,7000,70,14,2100,2261.8678095305636,297.0514170010574,7003.196500008926,266036.0857142857
1777163468,128,GET,next_departures,22.200000,2.200000,2000,2400,2700,2900,3300,4700,5200,5400,5900,5900,5900,309,61,1900,1878.5032530732092,317.36137499683537,5947.734208981274,126.58899676375404
1777163468,128,GET,point_read,31.400000,2.700000,250,350,400,460,840,2100,2400,2500,3200,3200,3200,456,83,250,410.5965941202349,116.77854097797535,3162.2608749894425,119.23026315789474
1777163468,128,GET,trips_per_route,2.700000,0.300000,420,520,580,650,950,2000,2200,2200,2200,2200,2200,37,7,410,545.2923637773918,282.559916988248,2176.124166988302,357.2972972972973
1777163468,128,,Aggregated,62.900000,6.200000,500,1800,2100,2300,2900,3600,4900,5200,7000,7000,7000,909,179,490,1106.6547360124769,116.77854097797535,7003.196500008926,20611.4598459846
1777163469,128,GET,bulk_update_departures,2.600000,0.800000,2000,2100,2300,2500,2800,3800,5000,5000,5000,5000,5000,39,15,1600,1584.9846580762787,318.030665977858,5026.656417001504,179.17948717948718
1777163469,128,GET,large_scan,5.600000,1.000000,2500,2800,3000,3400,4700,5000,7000,7000,7000,7000,7000,80,18,2100,2209.0692104146,297.0514170010574,7003.196500008926,257731.6125
1777163469,128,GET,next_departures,22.800000,3.800000,2000,2400,2700,2900,3300,4700,5200,5400,5900,5900,5900,345,82,1800,1806.5306333153494,295.46016702079214,5947.734208981274,134.90144927536232
1777163469,128,GET,point_read,33.800000,4.400000,270,350,380,430,800,2100,2400,2500,3200,3200,3200,501,110,250,397.3513622811211,116.77854097797535,3162.2608749894425,127.17764471057885
1777163469,128,GET,trips_per_route,2.700000,0.400000,420,460,580,650,950,2000,2200,2200,2200,2200,2200,41,10,400,526.3702957244965,282.559916988248,2176.124166988302,352.8780487804878
1777163469,128,,Aggregated,67.500000,10.400000,430,1400,2100,2400,2900,3400,4900,5200,7000,7000,7000,1006,235,450,1075.9912739756307,116.77854097797535,7003.196500008926,20626.483101391652
1777163470,128,GET,bulk_update_departures,2.900000,1.100000,930,2100,2400,2400,2800,3800,5000,5000,5000,5000,5000,46,20,1400,1480.3597780220393,316.8506660149433,5026.656417001504,188.30434782608697
1777163470,128,GET,large_scan,5.700000,1.100000,2600,2800,3100,3200,4700,5000,7000,7000,7000,7000,7000,90,20,2200,2208.904382868463,297.0514170010574,7003.196500008926,258654.32222222222
1777163470,128,GET,next_departures,25.800000,5.300000,2100,2500,2700,2900,3200,4400,5100,5400,5900,5900,5900,389,99,1800,1785.058183248836,295.46016702079214,5947.734208981274,138.4164524421594
1777163470,128,GET,point_read,34.500000,6.700000,290,350,380,400,680,1900,2400,2500,3200,3200,3200,553,134,250,381.810754674102,116.77854097797535,3162.2608749894425,132.03074141048825
1777163470,128,GET,trips_per_route,2.400000,0.500000,460,570,650,670,950,2000,2200,2200,2200,2200,2200,44,11,400,525.6172793570757,282.559916988248,2176.124166988302,352.3181818181818
1777163470,128,,Aggregated,71.300000,14.700000,410,1200,2100,2400,2900,3300,4900,5200,7000,7000,7000,1122,284,420,1065.5562256305368,116.77854097797535,7003.196500008926,20882.272727272728
1777163471,128,GET,bulk_update_departures,3.400000,1.500000,510,2000,2200,2400,2800,3200,5000,5000,5000,5000,5000,53,25,1300,1400.6310446986288,313.59445801354013,5026.656417001504,195.0566037735849
1777163471,128,GET,large_scan,6.200000,1.600000,2500,2800,3200,3200,4600,5000,7000,7000,7000,7000,7000,98,22,2200,2194.0389753385252,297.0514170010574,7003.196500008926,257901.1224489796
1777163471,128,GET,next_departures,27.800000,6.800000,2100,2500,2700,2800,3200,4400,5100,5400,5900,5900,5900,419,112,1800,1754.506248985067,287.78233300545253,5947.734208981274,141.03579952267305
1777163471,128,GET,point_read,36.500000,9.500000,310,350,360,380,520,800,2000,2100,3200,3200,3200,601,158,250,370.35582438736964,116.77854097797535,3162.2608749894425,136.38768718801995
1777163471,128,GET,trips_per_route,2.500000,0.800000,430,540,650,680,950,2000,2200,2200,2200,2200,2200,51,16,390,508.19570591613905,282.559916988248,2176.124166988302,347.15686274509807
1777163471,128,,Aggregated,76.400000,20.200000,380,970,2100,2400,2900,3300,4900,5200,7000,7000,7000,1222,333,400,1041.6442019111932,116.77854097797535,7003.196500008926,20821.126022913257
1777163472,128,GET,bulk_update_departures,3.700000,1.900000,460,2000,2200,2400,2700,3200,5000,5000,5000,5000,5000,56,27,1100,1378.5718570366694,308.74470801791176,5026.656417001504,197.01785714285714
1777163472,128,GET,large_scan,6.700000,1.900000,2500,2800,3200,3200,4600,5000,7000,7000,7000,7000,7000,106,28,2100,2099.7843781430142,297.0514170010574,7003.196500008926,244726.4716981132
1777163472,128,GET,next_departures,29.200000,8.700000,2000,2400,2600,2700,3100,4300,5100,5400,5900,5900,5900,459,134,1800,1705.6659115527855,287.78233300545253,5947.734208981274,146.12200435729847
1777163472,128,GET,point_read,38.900000,11.900000,320,340,360,380,500,800,2000,2100,3200,3200,3200,648,188,260,362.4750598515046,116.77854097797535,3162.2608749894425,142.14506172839506
1777163472,128,GET,trips_per_route,3.100000,1.100000,430,540,580,670,950,2000,2200,2200,2200,2200,2200,52,16,390,506.42389826400455,282.559916988248,2176.124166988302,347.63461538461536
1777163472,128,,Aggregated,81.600000,25.500000,370,870,2100,2400,2800,3200,4800,5100,7000,7000,7000,1321,393,380,1017.3320991471951,116.77854097797535,7003.196500008926,19779.936411809234
1777163473,128,GET,bulk_update_departures,3.800000,2.200000,430,2000,2200,2400,2500,2600,3800,3800,3800,3800,3800,61,29,1300,1403.5638612466025,308.74470801791176,5026.656417001504,195.7704918032787
1777163473,128,GET,large_scan,7.100000,2.000000,2200,2800,3100,3200,4300,4800,7000,7000,7000,7000,7000,112,33,2000,2031.2382202155277,297.0514170010574,7003.196500008926,234597.7232142857
1777163473,128,GET,next_departures,31.600000,10.600000,1500,2400,2500,2700,2900,3100,3800,4300,5900,5900,5900,506,153,1800,1696.6857477602582,287.78233300545253,5947.734208981274,148.26482213438734
1777163473,128,GET,point_read,40.700000,14.000000,320,340,360,370,480,730,1300,2100,3200,3200,3200,691,213,270,356.658808358545,113.28737501753494,3162.2608749894425,145.98118668596237
1777163473,128,GET,trips_per_route,2.900000,1.300000,410,460,540,580,880,2000,2200,2200,2200,2200,2200,59,20,390,494.3516476393551,282.559916988248,2176.124166988302,345.1864406779661
1777163473,128,,Aggregated,86.100000,30.100000,360,580,1900,2200,2700,3000,3800,4600,7000,7000,7000,1429,448,380,1012.7761010170392,113.28737501753494,7003.196500008926,18532.64380685794
1777163474,128,GET,bulk_update_departures,4.200000,2.600000,420,1700,2200,2300,2500,2600,2700,2700,2700,2700,2700,66,32,1100,1393.037322531172,299.54016700503416,5026.656417001504,197.56060606060606
1777163474,128,GET,large_scan,7.700000,2.500000,2200,2800,3000,3100,4300,4700,7000,7000,7000,7000,7000,121,38,2000,1997.901418373087,297.0514170010574,7003.196500008926,228151.23140495867
1777163474,128,GET,next_departures,32.500000,11.800000,1200,2300,2500,2600,2800,2900,3200,3400,4300,4300,4300,546,172,1800,1677.6049141276899,287.78233300545253,5947.734208981274,150.86813186813185
1777163474,128,GET,point_read,40.600000,17.000000,320,340,360,370,450,580,830,870,3200,3200,3200,734,237,280,352.23917494100874,113.28737501753494,3162.2608749894425,149.074931880109
1777163474,128,GET,trips_per_route,3.000000,1.600000,390,430,470,540,670,880,950,950,950,950,950,62,23,390,489.4111855279451,282.559916988248,2176.124166988302,342.66129032258067
1777163474,128,,Aggregated,88.000000,35.500000,360,480,1200,2100,2600,2900,3200,4300,7000,7000,7000,1529,502,370,1006.2432085895047,113.28737501753494,7003.196500008926,18202.99411379987
1777163475,128,GET,bulk_update_departures,4.500000,2.800000,400,2000,2200,2400,2500,2600,2700,2700,2700,2700,2700,68,32,1300,1418.5913841185325,299.54016700503416,5026.656417001504,194.94117647058823
1777163475,128,GET,large_scan,7.800000,2.800000,2100,2800,3000,3100,3400,4300,4700,4800,4800,4800,4800,129,42,2000,1996.540725443245,297.0514170010574,7003.196500008926,224320.61240310076
1777163475,128,GET,next_departures,36.200000,14.100000,1100,2300,2500,2500,2700,2900,3000,3000,3300,3300,3300,581,188,1700,1664.4119990493348,287.78233300545253,5947.734208981274,152.64888123924268
1777163475,128,GET,point_read,43.300000,19.600000,320,340,350,360,400,460,510,570,1300,1300,1300,777,262,290,351.7539984319015,113.28737501753494,3162.2608749894425,152.1029601029601
1777163475,128,GET,trips_per_route,3.000000,1.700000,400,430,460,530,580,680,950,950,950,950,950,67,25,400,485.751891205063,282.559916988248,2176.124166988302,342.4776119402985
1777163475,128,,Aggregated,94.800000,41.000000,360,430,1200,2100,2600,2800,3100,3400,4800,4800,4800,1622,549,380,1003.0206982997713,113.28737501753494,7003.196500008926,17990.403205918617
1777163476,128,GET,bulk_update_departures,4.800000,3.000000,430,2100,2300,2400,2500,2600,2700,2700,2700,2700,2700,77,35,1400,1448.9196839359854,299.54016700503416,5026.656417001504,191.97402597402598
1777163476,128,GET,large_scan,8.200000,3.100000,1500,2700,2800,3000,3200,3400,3700,3700,3700,3700,3700,136,47,2000,1951.3940799644095,297.0514170010574,7003.196500008926,217674.74264705883
1777163476,128,GET,next_departures,37.600000,16.000000,1300,2300,2500,2500,2700,2900,3000,3200,3500,3500,3500,616,202,1700,1652.0822116327545,287.78233300545253,5947.734208981274,153.53733766233765
1777163476,128,GET,point_read,46.800000,22.100000,320,340,360,370,420,470,510,560,700,700,700,825,288,300,353.98047842134747,113.28737501753494,3162.2608749894425,154.62787878787879
1777163476,128,GET,trips_per_route,3.700000,2.200000,400,430,460,530,590,680,700,700,700,700,700,71,28,400,488.77974651740783,282.559916988248,2176.124166988302,340.80281690140845
1777163476,128,,Aggregated,101.100000,46.400000,360,450,1300,2200,2600,2800,3000,3200,3700,3700,3700,1725,600,390,997.8993099155681,113.28737501753494,7003.196500008926,17312.980289855073
1777163477,128,GET,bulk_update_departures,4.400000,2.800000,520,2100,2300,2400,2500,2600,2600,2700,2700,2700,2700,83,37,1600,1454.607029084652,299.54016700503416,5026.656417001504,190.3734939759036
1777163477,128,GET,large_scan,9.200000,3.900000,1900,2800,3000,3100,3200,3600,3700,3700,3700,3700,3700,142,47,2100,1993.0967470642481,297.0514170010574,7003.196500008926,222525.4084507042
1777163477,128,GET,next_departures,37.200000,16.500000,1200,2300,2500,2600,2700,2900,3000,3200,3500,3500,3500,651,215,1700,1648.4473994372897,287.78233300545253,5947.734208981274,154.02457757296466
1777163477,128,GET,point_read,47.900000,23.600000,320,340,360,370,430,500,580,640,700,700,700,868,296,300,353.60318570944867,113.28737501753494,3162.2608749894425,152.93548387096774
1777163477,128,GET,trips_per_route,3.900000,2.300000,400,440,470,530,680,720,800,800,800,800,800,73,28,410,496.2479024352059,282.559916988248,2176.124166988302,341.67123287671234
1777163477,128,,Aggregated,102.600000,49.100000,360,470,1400,2300,2600,2800,3100,3200,3700,3700,3700,1817,623,400,1001.6758616424856,113.28737501753494,7003.196500008926,17541.204733076498
1777163478,128,GET,bulk_update_departures,4.600000,2.900000,510,2100,2300,2400,2500,2600,2700,2700,2700,2700,2700,89,42,1400,1399.2902162583582,299.54016700503416,5026.656417001504,195.19101123595505
1777163478,128,GET,large_scan,8.700000,3.700000,1900,2800,3000,3100,3200,3600,3700,3700,3700,3700,3700,152,51,2000,1967.2492752110165,297.0514170010574,7003.196500008926,221017.19078947368
1777163478,128,GET,next_departures,36.400000,16.900000,1200,2300,2500,2500,2700,2900,3000,3200,3500,3500,3500,690,234,1700,1622.9677219139546,287.78233300545253,5947.734208981274,155.81014492753624
1777163478,128,GET,point_read,45.000000,24.100000,320,350,370,380,460,510,590,650,790,790,790,917,320,300,352.62364838590986,113.28737501753494,3162.2608749894425,154.41003271537622
1777163478,128,GET,trips_per_route,3.900000,2.200000,430,470,530,550,680,720,1100,1100,1100,1100,1100,79,29,420,503.10640406015307,282.559916988248,2176.124166988302,343.0
1777163478,128,,Aggregated,98.600000,49.800000,370,480,1400,2200,2600,2800,3100,3300,3700,3700,3700,1927,676,400,989.3657180541404,113.28737501753494,7003.196500008926,17585.980799169694
1777163479,128,GET,bulk_update_departures,5.100000,2.800000,520,2100,2300,2400,2500,2600,2700,2700,2700,2700,2700,91,44,1300,1378.1100169008414,299.54016700503416,5026.656417001504,197.34065934065933
1777163479,128,GET,large_scan,8.000000,3.700000,1500,2700,2900,3100,3200,3600,3700,3700,3700,3700,3700,164,59,1900,1895.403030225702,297.0514170010574,7003.196500008926,212968.58536585365
1777163479,128,GET,next_departures,37.900000,16.900000,1200,2300,2400,2500,2700,2800,2900,3200,3500,3500,3500,724,251,1600,1603.0322967218322,287.78233300545253,5947.734208981274,157.32872928176795
1777163479,128,GET,point_read,46.100000,24.600000,320,350,370,400,460,510,590,650,790,790,790,963,340,300,349.55302248360744,113.28737501753494,3162.2608749894425,155.22533748701974
1777163479,128,GET,trips_per_route,4.000000,2.400000,430,490,550,590,700,800,1100,1100,1100,1100,1100,83,30,420,503.4957013583142,282.559916988248,2176.124166988302,343.43373493975906
1777163479,128,,Aggregated,101.100000,50.400000,380,480,1200,2100,2500,2800,3100,3300,3700,3700,3700,2025,724,400,975.4366395980505,113.28737501753494,7003.196500008926,17400.839012345677
1777163480,128,GET,bulk_update_departures,5.200000,2.600000,2000,2300,2500,2500,2600,2700,2700,2700,2700,2700,2700,102,47,1400,1439.5676580584134,299.54016700503416,5026.656417001504,193.01960784313727
1777163480,128,GET,large_scan,8.200000,3.800000,470,2300,2700,2900,3200,3600,3700,3700,3700,3700,3700,170,64,1900,1855.7659683648071,297.0514170010574,7003.196500008926,207416.3705882353
1777163480,128,GET,next_departures,37.600000,16.600000,1100,2300,2400,2500,2700,2800,3000,3200,3500,3500,3500,754,263,1600,1595.7246036055703,287.78233300545253,5947.734208981274,157.77188328912467
1777163480,128,GET,point_read,46.200000,24.600000,320,350,370,400,460,520,590,650,790,790,790,1006,368,310,346.1868470662207,113.28737501753494,3162.2608749894425,157.9314115308151
1777163480,128,GET,trips_per_route,4.100000,2.300000,430,490,530,560,620,720,1100,1100,1100,1100,1100,90,32,420,498.2973162304713,282.559916988248,2176.124166988302,343.8777777777778
1777163480,128,,Aggregated,101.300000,49.900000,380,480,1100,2000,2500,2800,3000,3300,3700,3700,3700,2122,774,390,970.1240308538812,113.28737501753494,7003.196500008926,16771.56409048068
1777163481,128,GET,bulk_update_departures,5.000000,2.700000,2100,2400,2500,2500,2600,2700,2700,2700,2700,2700,2700,107,49,1600,1447.8306214580264,296.73841601470485,5026.656417001504,192.49532710280374
1777163481,128,GET,large_scan,8.300000,3.900000,470,2300,2800,2900,3100,3600,3700,3700,3700,3700,3700,180,70,1600,1829.030837022098,294.834832980996,7003.196500008926,203291.26666666666
1777163481,128,GET,next_departures,37.900000,17.100000,1100,2300,2500,2600,2800,2800,3000,3200,3500,3500,3500,783,275,1600,1596.6820494758886,287.78233300545253,5947.734208981274,158.27330779054918
1777163481,128,GET,point_read,46.000000,23.300000,320,350,370,410,460,520,590,650,790,790,790,1051,383,300,340.1508340719497,113.28737501753494,3162.2608749894425,157.65746907706946
1777163481,128,GET,trips_per_route,4.300000,2.200000,430,490,530,560,620,720,1100,1100,1100,1100,1100,94,34,420,492.9370204230741,282.559916988248,2176.124166988302,343.3723404255319
1777163481,128,,Aggregated,101.500000,49.200000,390,480,1100,2100,2600,2800,3000,3200,3700,3700,3700,2215,811,390,965.3183198325029,113.28737501753494,7003.196500008926,16674.91106094808
1777163482,128,GET,bulk_update_departures,4.900000,2.600000,2100,2400,2500,2500,2600,2700,2700,2900,2900,2900,2900,113,52,1600,1450.0079361682724,296.73841601470485,5026.656417001504,192.8849557522124
1777163482,128,GET,large_scan,8.200000,4.200000,470,2500,2800,2900,3100,3400,3700,3700,3700,3700,3700,192,78,1600,1781.8900403488744,294.834832980996,7003.196500008926,197524.27604166666
1777163482,128,GET,next_departures,37.300000,16.600000,1200,2300,2500,2600,2800,2900,3000,3200,3500,3500,3500,820,291,1600,1596.9838770226754,287.78233300545253,5947.734208981274,159.04146341463414
1777163482,128,GET,point_read,45.600000,22.800000,320,350,380,410,470,520,590,650,790,790,790,1080,394,300,336.61461788948077,113.28737501753494,3162.2608749894425,157.75185185185185
1777163482,128,GET,trips_per_route,4.000000,1.900000,430,510,550,580,700,800,1100,1100,1100,1100,1100,96,34,420,495.4770924872112,282.559916988248,2176.124166988302,343.96875
1777163482,128,,Aggregated,100.000000,48.100000,390,490,1300,2200,2600,2800,3000,3200,3700,3700,3700,2301,849,380,967.6706440208619,113.28737501753494,7003.196500008926,16636.359843546285
1777163483,128,GET,bulk_update_departures,5.500000,2.600000,2100,2400,2500,2500,2700,2900,2900,3200,3200,3200,3200,117,53,1700,1474.642071188139,296.73841601470485,5026.656417001504,191.55555555555554
1777163483,128,GET,large_scan,8.100000,4.700000,470,2500,2700,2900,3100,3400,3700,3700,3700,3700,3700,202,83,1600,1769.0864554305253,294.834832980996,7003.196500008926,195982.60891089108
1777163483,128,GET,next_departures,36.400000,15.900000,1400,2400,2500,2600,2800,3000,3100,3200,3500,3500,3500,863,308,1600,1599.7641096844636,287.78233300545253,5947.734208981274,159.4611819235226
1777163483,128,GET,point_read,44.900000,23.100000,320,350,370,410,470,520,590,650,790,790,790,1121,412,300,332.7490213199323,113.28737501753494,3162.2608749894425,158.34165923282782
1777163483,128,GET,trips_per_route,4.400000,2.000000,440,520,580,590,730,810,1100,1100,1100,1100,1100,101,36,420,493.69929130488805,282.559916988248,2176.124166988302,343.7821782178218
1777163483,128,,Aggregated,99.300000,48.300000,390,500,1500,2200,2600,2800,3100,3200,3700,3700,3700,2404,892,380,970.6157630220918,113.28737501753494,7003.196500008926,16622.602745424294
1777163484,128,GET,bulk_update_departures,5.500000,2.400000,2100,2300,2500,2500,2600,2900,2900,3200,3200,3200,3200,123,57,1600,1450.1713620895346,296.73841601470485,5026.656417001504,193.47154471544715
1777163484,128,GET,large_scan,8.000000,4.700000,470,2600,2700,2900,3100,3100,3700,3700,3700,3700,3700,206,84,1600,1778.241173330032,294.834832980996,7003.196500008926,197020.39805825244
1777163484,128,GET,next_departures,36.700000,16.000000,1800,2400,2500,2600,2800,3000,3100,3200,3700,3700,3700,895,316,1700,1613.0133013864042,287.78233300545253,5947.734208981274,158.6927374301676
1777163484,128,GET,point_read,43.900000,21.800000,310,340,370,400,460,520,590,650,790,790,790,1167,433,300,329.0186778986096,113.28737501753494,3162.2608749894425,159.09083119108826
1777163484,128,GET,trips_per_route,4.300000,1.800000,430,520,560,590,720,800,1100,1100,1100,1100,1100,107,40,410,487.09674888653853,282.559916988248,2176.124166988302,342.4299065420561
1777163484,128,,Aggregated,98.400000,46.700000,390,500,1800,2300,2600,2800,3100,3100,3700,3700,3700,2498,930,380,970.5443607775698,113.28737501753494,7003.196500008926,16402.853482786228
1777163485,128,GET,bulk_update_departures,5.800000,2.500000,2100,2300,2500,2500,2600,2900,2900,3200,3200,3200,3200,130,59,1700,1463.7161775149602,296.73841601470485,5026.656417001504,191.66923076923078
1777163485,128,GET,large_scan,8.600000,4.900000,840,2600,2800,2900,3100,3200,3300,3700,3700,3700,3700,221,89,1900,1794.70243964703,294.834832980996,7003.196500008926,198698.59728506787
1777163485,128,GET,next_departures,35.700000,15.500000,1800,2300,2500,2600,2800,3000,3100,3200,3700,3700,3700,928,328,1800,1607.4424308457435,287.78233300545253,5947.734208981274,158.7801724137931
1777163485,128,GET,point_read,43.400000,20.500000,300,330,360,370,440,490,590,650,790,790,790,1210,450,300,325.5964217138186,113.28737501753494,3162.2608749894425,159.28429752066117
1777163485,128,GET,trips_per_route,4.400000,1.700000,430,520,580,590,730,810,1100,1100,1100,1100,1100,109,41,410,489.85483988862137,282.559916988248,2176.124166988302,342.23853211009174
1777163485,128,,Aggregated,97.900000,45.100000,370,490,1900,2200,2600,2800,3100,3200,3700,3700,3700,2598,967,380,972.2805103484865,113.28737501753494,7003.196500008926,17057.233641262508
1777163486,128,GET,bulk_update_departures,5.500000,2.300000,2000,2300,2500,2500,2600,2900,2900,3200,3200,3200,3200,134,60,1800,1472.7624523804832,296.73841601470485,5026.656417001504,190.57462686567163
1777163486,128,GET,large_scan,9.000000,5.100000,480,2600,2700,2900,3100,3200,3300,3700,3700,3700,3700,224,91,1900,1784.146842982149,294.834832980996,7003.196500008926,197524.3169642857
1777163486,128,GET,next_departures,35.000000,14.700000,1900,2300,2500,2500,2800,3000,3100,3200,3700,3700,3700,963,341,1800,1604.559249037277,287.78233300545253,5947.734208981274,158.92731048805814
1777163486,128,GET,point_read,42.600000,19.800000,220,330,350,360,410,460,580,630,790,790,790,1253,464,290,322.6844780046269,113.28737501753494,3162.2608749894425,158.96648044692736
1777163486,128,GET,trips_per_route,4.200000,1.400000,420,520,560,590,730,810,1100,1100,1100,1100,1100,112,43,400,488.50270653435604,282.559916988248,2176.124166988302,341.5982142857143
1777163486,128,,Aggregated,96.300000,43.300000,360,480,1900,2200,2600,2800,3100,3200,3700,3700,3700,2686,999,380,968.4384111472554,113.28737501753494,7003.196500008926,16627.50372300819
1777163487,128,GET,bulk_update_departures,6.000000,2.600000,1900,2300,2500,2500,2600,2900,2900,3200,3200,3200,3200,139,64,1700,1447.4165233303524,296.73841601470485,5026.656417001504,192.89208633093526
1777163487,128,GET,large_scan,8.400000,4.400000,490,2400,2700,2900,3100,3100,3300,3300,3300,3300,3300,234,95,1900,1784.251017247861,294.834832980996,7003.196500008926,197613.08547008547
1777163487,128,GET,next_departures,34.800000,14.300000,1800,2300,2500,2500,2800,3000,3100,3200,3700,3700,3700,998,355,1800,1599.9658026361037,287.78233300545253,5947.734208981274,159.27555110220442
1777163487,128,GET,point_read,43.100000,19.400000,220,330,340,350,390,430,460,470,500,500,500,1293,480,290,322.5285321800137,113.28737501753494,3162.2608749894425,159.16241299303945
1777163487,128,GET,trips_per_route,4.100000,1.500000,390,490,520,560,620,810,890,890,890,890,890,112,43,400,488.50270653435604,282.559916988248,2176.124166988302,341.5982142857143
1777163487,128,,Aggregated,96.400000,42.200000,360,450,1900,2200,2600,2900,3100,3200,3700,3700,3700,2776,1037,380,968.0162827991186,113.28737501753494,7003.196500008926,16812.42327089337
1777163488,128,GET,bulk_update_departures,6.100000,2.500000,2200,2400,2500,2500,2600,2900,2900,3200,3200,3200,3200,141,65,1700,1447.1637372405132,296.73841601470485,5026.656417001504,193.00709219858157
1777163488,128,GET,large_scan,9.200000,4.700000,500,2600,2700,2900,3100,3100,3300,3500,3500,3500,3500,239,97,1900,1788.4293129079717,294.834832980996,7003.196500008926,197654.6569037657
1777163488,128,GET,next_departures,35.100000,14.100000,1900,2300,2500,2600,2800,3000,3100,3200,3700,3700,3700,1031,369,1800,1597.3235004731462,287.78233300545253,5947.734208981274,159.7439379243453
1777163488,128,GET,point_read,44.500000,18.800000,240,330,340,360,400,430,480,510,660,660,660,1324,494,290,323.0990187097566,113.28737501753494,3162.2608749894425,159.5641993957704
1777163488,128,GET,trips_per_route,4.300000,1.600000,420,490,520,570,730,810,890,890,890,890,890,118,46,420,490.96673205780985,282.559916988248,2176.124166988302,341.06779661016947
1777163488,128,,Aggregated,99.200000,41.700000,360,480,2000,2300,2700,2900,3100,3200,3700,3700,3700,2853,1071,380,968.8196273670756,113.28737501753494,7003.196500008926,16713.242902208203
1777163489,128,GET,bulk_update_departures,5.700000,2.600000,2300,2400,2500,2500,2700,2900,2900,3200,3200,3200,3200,146,66,1800,1472.1417062732867,296.73841601470485,5026.656417001504,191.32876712328766
1777163489,128,GET,large_scan,8.800000,4.600000,2300,2700,2900,2900,3100,3200,3300,3500,3500,3500,3500,245,98,1900,1802.1940151142783,294.834832980996,7003.196500008926,199600.51428571428
1777163489,128,GET,next_departures,35.300000,14.100000,2000,2400,2500,2700,2800,3100,3200,3400,4000,4000,4000,1071,382,1800,1611.3157402221573,287.78233300545253,5947.734208981274,159.50233426704014
1777163489,128,GET,point_read,43.000000,17.700000,260,330,350,360,420,470,560,660,750,750,750,1359,510,300,324.7925585464847,113.28737501753494,3162.2608749894425,160.02869757174392
1777163489,128,GET,trips_per_route,4.100000,1.500000,430,520,550,570,730,810,890,890,890,890,890,122,48,420,494.46876646572014,282.559916988248,2176.124166988302,340.76229508196724
1777163489,128,,Aggregated,96.900000,40.500000,370,560,2100,2400,2700,2900,3100,3200,4000,4000,4000,2943,1104,390,979.9210523854282,113.28737501753494,7003.196500008926,16771.980632008155
1777163490,128,GET,bulk_update_departures,5.500000,2.700000,2200,2400,2500,2600,2800,2900,3200,3200,3200,3200,3200,148,66,1800,1489.951436026368,296.73841601470485,5026.656417001504,190.20945945945945
1777163490,128,GET,large_scan,9.100000,4.800000,2500,2800,3000,3100,3200,3300,3500,3500,3500,3500,3500,254,98,2000,1845.3292744212433,294.834832980996,7003.196500008926,204308.61811023622
1777163490,128,GET,next_departures,34.700000,14.200000,1900,2400,2500,2700,2800,3100,3200,3400,4000,4000,4000,1099,392,1800,1611.8844554385794,287.78233300545253,5947.734208981274,159.50227479526842
1777163490,128,GET,point_read,40.400000,17.000000,260,330,360,370,420,480,570,660,750,750,750,1418,532,300,323.7422376168184,113.28737501753494,3162.2608749894425,160.0197461212976
1777163490,128,GET,trips_per_route,3.800000,1.500000,450,500,550,590,800,890,1000,1000,1000,1000,1000,130,50,420,496.0332894832111,282.559916988248,2176.124166988302,341.4923076923077
1777163490,128,,Aggregated,93.500000,40.200000,380,560,2100,2300,2700,3000,3200,3300,4000,4000,4000,3049,1138,390,978.7596868925422,113.28737501753494,7003.196500008926,17175.839619547394
1777163491,128,GET,bulk_update_departures,5.400000,2.400000,2200,2400,2500,2600,2900,3000,3200,3200,3200,3200,3200,151,67,1900,1502.595944191323,296.73841601470485,5026.656417001504,189.80794701986756
1777163491,128,GET,large_scan,8.200000,4.200000,2400,2700,3000,3100,3200,3300,3500,3500,3500,3500,3500,263,105,2000,1816.6289232963848,294.834832980996,7003.196500008926,199853.1711026616
1777163491,128,GET,next_departures,33.600000,13.100000,1900,2300,2500,2700,2800,3000,3200,3400,4000,4000,4000,1127,405,1800,1607.5582072865375,287.78233300545253,5947.734208981274,160.0594498669033
1777163491,128,GET,point_read,39.300000,16.900000,270,340,360,370,420,480,560,620,750,750,750,1468,556,300,321.23117886420386,113.28737501753494,3162.2608749894425,160.7792915531335
1777163491,128,GET,trips_per_route,3.800000,1.700000,450,500,550,590,800,890,1000,1000,1000,1000,1000,133,51,430,494.58131647259137,282.559916988248,2176.124166988302,341.6015037593985
1777163491,128,,Aggregated,90.300000,38.300000,380,530,2000,2300,2700,2900,3200,3300,4000,4000,4000,3142,1184,380,971.9064862110974,113.28737501753494,7003.196500008926,16884.751432208785
1777163492,128,GET,bulk_update_departures,5.500000,2.100000,2200,2300,2400,2500,2900,3000,3200,3200,3200,3200,3200,152,68,1800,1495.0509305783366,296.73841601470485,5026.656417001504,190.48684210526315
1777163492,128,GET,large_scan,8.000000,3.700000,2600,2800,3000,3100,3200,3300,3500,3600,3600,3600,3600,277,109,2000,1834.0128002168622,294.834832980996,7003.196500008926,201759.15523465705
1777163492,128,GET,next_departures,34.700000,13.300000,2000,2400,2500,2700,2800,3000,3200,3400,4000,4000,4000,1153,416,1800,1607.7835711422163,287.78233300545253,5947.734208981274,160.35993061578492
1777163492,128,GET,point_read,40.100000,16.600000,290,340,360,370,420,480,560,620,750,750,750,1518,581,300,318.9200275471658,113.28737501753494,3162.2608749894425,161.63175230566534
1777163492,128,GET,trips_per_route,3.900000,1.800000,450,500,550,570,730,890,1000,1000,1000,1000,1000,137,52,430,493.4536755394299,282.559916988248,2176.124166988302,341.9270072992701
1777163492,128,,Aggregated,92.200000,37.500000,380,520,2000,2300,2700,3000,3200,3300,4000,4000,4000,3237,1226,380,970.2710843374881,113.28737501753494,7003.196500008926,17421.481618782822
1777163493,128,GET,bulk_update_departures,4.500000,1.800000,2000,2300,2400,2500,2800,3000,3200,3200,3200,3200,3200,154,70,1800,1479.9786311555004,296.73841601470485,5026.656417001504,191.7792207792208
1777163493,128,GET,large_scan,8.200000,3.200000,2600,2900,3100,3100,3300,3400,3500,3600,3600,3600,3600,279,110,2000,1833.1558407780024,294.834832980996,7003.196500008926,201505.54121863798
1777163493,128,GET,next_departures,33.700000,12.700000,1900,2300,2600,2700,2800,3000,3300,3500,4000,4000,4000,1186,430,1800,1609.6544522073536,287.78233300545253,5947.734208981274,160.73777403035413
1777163493,128,GET,point_read,41.500000,16.700000,270,340,360,370,420,480,560,620,750,750,750,1566,601,300,315.8483492360078,113.28737501753494,3162.2608749894425,161.8582375478927
1777163493,128,GET,trips_per_route,4.200000,1.800000,470,500,550,570,730,840,1000,1000,1000,1000,1000,145,54,430,493.85842993706945,282.559916988248,2176.124166988302,342.4758620689655
1777163493,128,,Aggregated,92.100000,36.200000,370,500,1900,2300,2700,2900,3200,3400,4000,4000,4000,3330,1265,380,965.3589658670837,113.28737501753494,7003.196500008926,17040.043243243243
1777163494,128,GET,bulk_update_departures,4.200000,1.700000,2000,2400,2500,2800,3000,3200,3300,3300,3300,3300,3300,159,73,1800,1479.5745853642177,296.73841601470485,5026.656417001504,192.62893081761007
1777163494,128,GET,large_scan,8.200000,3.400000,2600,3000,3100,3200,3300,3600,3800,3800,3800,3800,3800,290,113,2100,1861.152754000344,294.834832980996,7003.196500008926,203036.93448275863
1777163494,128,GET,next_departures,33.500000,13.000000,1900,2400,2600,2700,2900,3100,3400,3600,4000,4000,4000,1220,449,1800,1605.4824326383941,287.78233300545253,5947.734208981274,161.86639344262295
1777163494,128,GET,point_read,41.800000,17.400000,260,340,360,370,420,480,560,620,750,750,750,1614,614,290,312.42577335470867,113.28737501753494,3162.2608749894425,161.16171003717471
1777163494,128,GET,trips_per_route,4.100000,1.800000,470,530,550,590,800,890,1000,1000,1000,1000,1000,147,56,430,491.6057611012207,282.559916988248,2176.124166988302,341.80272108843536
1777163494,128,,Aggregated,91.800000,37.300000,370,500,1900,2300,2800,3100,3300,3500,4000,4000,4000,3430,1305,380,965.0718573260126,113.28737501753494,7003.196500008926,17323.374927113702
1777163495,128,GET,bulk_update_departures,3.700000,1.500000,2200,2400,2800,2800,3000,3200,3300,3300,3300,3300,3300,163,74,1800,1495.046883882909,296.73841601470485,5026.656417001504,191.67484662576686
1777163495,128,GET,large_scan,8.300000,3.000000,2800,3100,3200,3200,3400,3600,3800,3800,3800,3800,3800,304,115,2200,1891.4755308193746,294.834832980996,7003.196500008926,206812.43421052632
1777163495,128,GET,next_departures,33.200000,12.200000,1600,2500,2700,2700,2900,3200,3400,3600,4000,4000,4000,1252,465,1700,1601.012926301825,287.78233300545253,5947.734208981274,162.56629392971246
1777163495,128,GET,point_read,43.500000,18.500000,260,330,350,360,420,480,560,620,750,750,750,1665,634,280,309.5572643767722,113.28737501753494,3162.2608749894425,161.24804804804805
1777163495,128,GET,trips_per_route,4.200000,1.800000,470,530,550,570,650,800,1000,1000,1000,1000,1000,153,57,430,492.08963594058514,282.559916988248,2176.124166988302,342.42483660130716
1777163495,128,,Aggregated,92.900000,37.000000,360,490,1700,2400,2800,3100,3300,3500,4000,4000,4000,3537,1345,370,965.1885628097589,113.28737501753494,7003.196500008926,17932.32258976534
1777163496,128,GET,bulk_update_departures,3.600000,1.700000,2300,2600,2800,2800,3000,3200,3300,3300,3300,3300,3300,169,76,1900,1505.8960198986513,296.73841601470485,5026.656417001504,190.88165680473372
1777163496,128,GET,large_scan,7.700000,2.600000,2800,3100,3200,3300,3400,3600,3800,3800,3800,3800,3800,308,116,2200,1897.4425336690929,294.834832980996,7003.196500008926,207365.8831168831
1777163496,128,GET,next_departures,32.800000,12.700000,1700,2600,2700,2800,3000,3200,3500,3600,4000,4000,4000,1284,478,1800,1604.254170252951,287.78233300545253,5947.734208981274,162.7570093457944
1777163496,128,GET,point_read,44.200000,18.600000,260,330,350,360,420,480,560,620,750,750,750,1713,651,280,307.4106242319549,113.28737501753494,3162.2608749894425,161.09807355516637
1777163496,128,GET,trips_per_route,4.300000,1.900000,470,530,550,590,650,800,1000,1000,1000,1000,1000,157,58,430,491.5852996685311,282.559916988248,2176.124166988302,342.6624203821656
1777163496,128,,Aggregated,92.600000,37.500000,360,480,1700,2400,2900,3100,3400,3600,4000,4000,4000,3631,1379,370,964.6225209845865,113.28737501753494,7003.196500008926,17747.091710272653
1777163497,128,GET,bulk_update_departures,3.500000,1.500000,2400,2600,2800,2800,3000,3200,3300,3300,3300,3300,3300,174,78,1900,1509.8078766027827,296.73841601470485,5026.656417001504,190.5977011494253
1777163497,128,GET,large_scan,8.400000,2.800000,2900,3100,3200,3300,3400,3600,3800,3800,3800,3800,3800,318,120,2200,1890.7356780505982,294.834832980996,7003.196500008926,207121.6635220126
1777163497,128,GET,next_departures,32.200000,13.400000,1600,2600,2700,2800,3000,3200,3500,3600,4000,4000,4000,1321,494,1800,1602.6141798347953,287.78233300545253,5947.734208981274,163.10370931112794
1777163497,128,GET,point_read,44.700000,18.200000,230,330,340,350,390,470,560,620,750,750,750,1765,667,270,305.1625740205508,113.28737501753494,3162.2608749894425,160.65892351274786
1777163497,128,GET,trips_per_route,4.400000,1.600000,470,500,550,580,650,800,840,1000,1000,1000,1000,166,62,430,490.40245159012994,282.559916988248,2176.124166988302,342.3313253012048
1777163497,128,,Aggregated,93.200000,37.500000,350,480,1500,2500,2900,3100,3400,3600,4000,4000,4000,3744,1421,370,961.8142622385068,113.28737501753494,7003.196500008926,17749.386485042734
1777163498,128,GET,bulk_update_departures,3.400000,1.700000,2500,2600,2800,2800,3000,3200,3300,3300,3300,3300,3300,181,80,2000,1526.1639442204148,296.73841601470485,5026.656417001504,189.44751381215468
1777163498,128,GET,large_scan,8.500000,2.600000,2900,3100,3200,3200,3300,3600,3800,3800,3800,3800,3800,326,122,2200,1893.170291402033,294.834832980996,7003.196500008926,208159.85582822087
1777163498,128,GET,next_departures,32.100000,13.600000,1500,2600,2700,2800,3000,3100,3500,3600,4000,4000,4000,1352,512,1700,1595.326675806074,287.78233300545253,5947.734208981274,164.08505917159763
1777163498,128,GET,point_read,45.000000,18.300000,230,330,340,350,390,440,500,570,750,750,750,1806,680,270,305.2839365644251,113.28737501753494,3162.2608749894425,160.37763012181617
1777163498,128,GET,trips_per_route,4.600000,1.600000,470,500,540,580,650,800,1000,1000,1000,1000,1000,168,63,430,489.17008460696144,282.559916988248,2176.124166988302,342.20238095238096
1777163498,128,,Aggregated,93.600000,37.800000,350,450,1500,2500,2900,3100,3300,3600,4000,4000,4000,3833,1457,370,961.0785855048497,113.28737501753494,7003.196500008926,17861.5648317245
1777163499,128,GET,bulk_update_departures,3.500000,1.500000,2300,2500,2600,2800,3000,3200,3300,3300,3300,3300,3300,186,83,1900,1517.0246141820944,296.73841601470485,5026.656417001504,190.247311827957
1777163499,128,GET,large_scan,8.200000,2.300000,2900,3100,3200,3300,3400,3700,3800,3800,3800,3800,3800,335,125,2200,1904.1280909076527,294.834832980996,7003.196500008926,208524.83880597015
1777163499,128,GET,next_departures,30.900000,13.200000,1500,2600,2700,2800,2900,3100,3400,3500,3600,3600,3600,1387,521,1800,1601.654880663168,287.78233300545253,5947.734208981274,163.46214852198992
1777163499,128,GET,point_read,46.100000,19.200000,230,320,340,350,390,440,490,500,520,520,520,1859,700,270,305.71367967475345,113.28737501753494,3162.2608749894425,160.3835395373857
1777163499,128,GET,trips_per_route,4.900000,1.600000,470,500,550,580,640,670,1000,1000,1000,1000,1000,171,63,430,490.93242815174216,282.559916988248,2176.124166988302,342.7309941520468
1777163499,128,,Aggregated,93.600000,37.800000,350,440,1300,2500,2800,3100,3300,3600,3800,3800,3800,3938,1492,380,963.3864865162672,113.28737501753494,7003.196500008926,17896.061198577958
1777163500,128,GET,bulk_update_departures,3.500000,1.400000,2200,2500,2600,2700,2900,3000,3300,3300,3300,3300,3300,193,85,2000,1527.8655452687847,296.73841601470485,5026.656417001504,189.1865284974093
1777163500,128,GET,large_scan,8.200000,2.300000,2800,3000,3100,3200,3400,3700,3800,3800,3800,3800,3800,342,128,2200,1899.741925666795,294.834832980996,7003.196500008926,208147.932748538
1777163500,128,GET,next_departures,31.600000,13.800000,1100,2500,2600,2700,2900,3100,3400,3500,3600,3600,3600,1419,542,1700,1588.7467632268879,287.78233300545253,5947.734208981274,164.77448907681466
1777163500,128,GET,point_read,47.300000,18.800000,230,320,340,350,400,460,490,500,560,560,560,1892,718,280,306.2251942919637,113.28737501753494,3162.2608749894425,161.00475687103594
1777163500,128,GET,trips_per_route,5.400000,1.900000,480,550,580,610,640,670,840,840,840,840,840,177,65,430,493.7113780902546,282.559916988248,2176.124166988302,342.84180790960454
1777163500,128,,Aggregated,96.000000,38.200000,350,450,1200,2400,2800,3100,3300,3600,3800,3800,3800,4023,1538,380,960.9213093105253,113.28737501753494,7003.196500008926,17852.902063136964
1777163501,128,GET,bulk_update_departures,3.900000,1.500000,2100,2400,2500,2600,2800,3000,3300,3300,3300,3300,3300,198,89,1900,1508.6896386154224,296.73841601470485,5026.656417001504,190.84848484848484
1777163501,128,GET,large_scan,8.800000,2.600000,2800,3000,3100,3200,3400,3700,3800,3800,3800,3800,3800,349,130,2300,1902.110999266625,294.834832980996,7003.196500008926,208737.95128939828
1777163501,128,GET,next_departures,33.000000,14.300000,1300,2500,2600,2700,2900,3100,3400,3500,3600,3600,3600,1448,552,1700,1589.8736894965994,287.78233300545253,5947.734208981274,164.6243093922652
1777163501,128,GET,point_read,48.700000,18.600000,230,320,340,360,410,460,490,500,560,560,560,1932,736,280,305.4389985834927,113.28737501753494,3162.2608749894425,161.31625258799173
1777163501,128,GET,trips_per_route,5.100000,1.600000,470,550,580,610,650,670,840,840,840,840,840,182,69,430,492.7256341867218,282.559916988248,2176.124166988302,341.8736263736264
1777163501,128,,Aggregated,99.500000,38.600000,360,470,1500,2400,2800,3100,3300,3600,3800,3800,3800,4109,1576,380,959.9607204347218,113.28737501753494,7003.196500008926,17887.46483329277
1777163502,128,GET,bulk_update_departures,4.200000,1.800000,2200,2500,2500,2600,2800,3000,3000,3300,3300,3300,3300,205,91,2000,1525.2545818432359,296.73841601470485,5026.656417001504,189.8439024390244
1777163502,128,GET,large_scan,9.100000,2.700000,2800,3100,3100,3200,3400,3700,3800,3800,3800,3800,3800,356,133,2300,1902.426726460863,294.834832980996,7003.196500008926,208371.65449438203
1777163502,128,GET,next_departures,31.300000,13.700000,1200,2500,2600,2700,2900,3100,3300,3500,3600,3600,3600,1488,569,1700,1586.983419338787,287.78233300545253,5947.734208981274,164.87298387096774
1777163502,128,GET,point_read,49.300000,19.200000,230,320,340,360,410,460,500,500,560,560,560,1978,752,270,303.94348486369773,113.28737501753494,3162.2608749894425,161.1602628918099
1777163502,128,GET,trips_per_route,5.100000,1.600000,460,530,580,610,650,670,840,840,840,840,840,187,72,430,491.72244543837814,282.559916988248,2176.124166988302,341.36898395721926
1777163502,128,,Aggregated,99.000000,39.000000,370,470,1400,2400,2800,3100,3300,3500,3800,3800,3800,4214,1617,380,959.7828054654514,113.28737501753494,7003.196500008926,17761.549359278597
1777163503,128,GET,bulk_update_departures,4.500000,1.900000,2300,2500,2500,2600,2800,3000,3000,3300,3300,3300,3300,208,93,2000,1518.2336271387053,296.73841601470485,5026.656417001504,190.43269230769232
1777163503,128,GET,large_scan,8.700000,2.900000,2800,3000,3100,3200,3400,3700,3800,3800,3800,3800,3800,364,137,2300,1895.4594089864058,294.834832980996,7003.196500008926,207448.81318681317
1777163503,128,GET,next_departures,32.500000,15.400000,1200,2500,2600,2700,2900,3100,3300,3300,3600,3600,3600,1529,584,1700,1591.2651900327523,287.78233300545253,5947.734208981274,164.78351863963374
1777163503,128,GET,point_read,46.600000,18.100000,230,320,340,370,420,460,500,500,560,560,560,2022,773,270,302.71325408971364,113.28737501753494,3162.2608749894425,161.6102868447082
1777163503,128,GET,trips_per_route,4.700000,1.700000,450,510,560,610,620,670,760,760,760,760,760,191,72,430,489.8794269474487,282.559916988248,2176.124166988302,342.020942408377
1777163503,128,,Aggregated,97.000000,40.000000,380,470,1500,2400,2800,3000,3300,3400,3800,3800,3800,4314,1659,380,960.6948227149611,113.28737501753494,7003.196500008926,17662.270282800186
1777163504,128,GET,bulk_update_departures,4.900000,2.300000,2200,2400,2500,2500,2700,2800,2900,3000,3000,3000,3000,212,95,2000,1516.794256022791,296.73841601470485,5026.656417001504,190.6179245283019
1777163504,128,GET,large_scan,8.400000,2.400000,2700,2900,3000,3100,3300,3400,3700,3800,3800,3800,3800,371,139,2300,1901.1023619570399,294.834832980996,7003.196500008926,208017.04043126685
1777163504,128,GET,next_departures,32.500000,14.600000,1200,2500,2600,2700,2900,3000,3200,3300,3600,3600,3600,1569,609,1600,1579.8397605009552,284.86733298632316,5947.734208981274,166.06182281708095
1777163504,128,GET,point_read,45.800000,17.800000,240,320,340,370,420,460,500,500,560,560,560,2056,788,270,301.2627120721778,113.28737501753494,3162.2608749894425,161.81760700389106
1777163504,128,GET,trips_per_route,4.900000,1.900000,440,490,550,560,610,670,760,760,760,760,760,197,75,430,486.6133769288621,282.559916988248,2176.124166988302,341.7208121827411
1777163504,128,,Aggregated,96.500000,39.000000,380,470,1500,2400,2800,2900,3200,3300,3800,3800,3800,4405,1706,380,958.2058828749767,113.28737501753494,7003.196500008926,17678.842224744607
1777163505,128,GET,bulk_update_departures,5.300000,2.300000,2300,2500,2500,2600,2700,2800,3000,3000,3000,3000,3000,213,95,2000,1522.2606081071478,296.73841601470485,5026.656417001504,190.23474178403757
1777163505,128,GET,large_scan,8.100000,2.500000,2500,2800,2900,3000,3100,3400,3700,3800,3800,3800,3800,378,144,2300,1884.9587248521702,294.834832980996,7003.196500008926,205927.85978835978
1777163505,128,GET,next_departures,33.300000,15.200000,1200,2400,2600,2700,2900,3000,3200,3300,3400,3400,3400,1603,623,1600,1580.194940070401,284.86733298632316,5947.734208981274,166.16281971303806
1777163505,128,GET,point_read,46.300000,17.200000,250,320,340,370,420,460,500,500,560,560,560,2099,807,270,299.70476612933544,113.28737501753494,3162.2608749894425,162.07527393997142
1777163505,128,GET,trips_per_route,4.800000,2.000000,420,470,510,550,610,670,760,760,760,760,760,203,81,430,482.06075536430666,282.559916988248,2176.124166988302,340.2512315270936
1777163505,128,,Aggregated,97.800000,39.200000,370,470,1400,2400,2700,2900,3100,3300,3800,3800,3800,4496,1750,370,955.6821694613477,113.28737501753494,7003.196500008926,17472.614991103204
1777163506,128,GET,bulk_update_departures,5.300000,2.200000,2200,2500,2500,2500,2700,2900,3000,3000,3000,3000,3000,217,97,2000,1522.6907806534293,292.30212498805486,5026.656417001504,190.41935483870967
1777163506,128,GET,large_scan,8.500000,2.700000,2500,2800,2900,3000,3300,3600,3700,3800,3800,3800,3800,386,148,2200,1880.2943844872966,294.834832980996,7003.196500008926,205108.26683937825
1777163506,128,GET,next_departures,33.500000,15.400000,1400,2500,2600,2700,2900,3100,3200,3300,3400,3400,3400,1643,636,1600,1587.455854845302,284.86733298632316,5947.734208981274,165.84662203286672
1777163506,128,GET,point_read,45.500000,17.100000,240,320,350,370,420,460,500,500,560,560,560,2143,827,270,298.35156226720585,113.28737501753494,3162.2608749894425,162.3826411572562
1777163506,128,GET,trips_per_route,4.700000,1.700000,420,450,510,550,610,610,760,760,760,760,760,207,82,430,481.8714698305599,282.559916988248,2176.124166988302,340.487922705314
1777163506,128,,Aggregated,97.500000,39.100000,370,470,1700,2400,2800,2900,3100,3300,3800,3800,3800,4596,1790,370,958.1206034635037,113.28737501753494,7003.196500008926,17385.56679721497
1777163507,128,GET,bulk_update_departures,5.100000,2.200000,2100,2400,2500,2600,2700,2900,3000,3000,3000,3000,3000,218,98,2000,1517.2700756228126,292.30212498805486,5026.656417001504,190.88990825688074
1777163507,128,GET,large_scan,7.600000,2.500000,2500,2800,3000,3000,3300,3600,3700,3800,3800,3800,3800,397,154,2200,1871.9574685040768,294.834832980996,7003.196500008926,203616.8967254408
1777163507,128,GET,next_departures,34.900000,15.900000,1400,2500,2700,2700,2900,3100,3300,3300,3400,3400,3400,1672,648,1600,1588.9973781955273,284.86733298632316,5947.734208981274,165.94916267942583
1777163507,128,GET,point_read,43.600000,17.000000,240,320,340,360,410,460,500,500,560,560,560,2195,842,260,295.9728642066639,113.28737501753494,3162.2608749894425,161.898861047836
1777163507,128,GET,trips_per_route,4.800000,2.100000,420,470,510,550,610,610,760,760,760,760,760,212,85,430,480.66206782988166,282.559916988248,2176.124166988302,340.10377358490564
1777163507,128,,Aggregated,96.000000,39.700000,370,470,1500,2400,2800,3000,3200,3300,3800,3800,3800,4694,1827,370,954.8991059093247,113.28737501753494,7003.196500008926,17380.157435023433
1777163508,128,GET,bulk_update_departures,4.700000,1.900000,2100,2400,2500,2500,2700,3000,3000,3000,3000,3000,3000,222,101,1900,1505.6103922061984,292.30212498805486,5026.656417001504,191.87387387387386
1777163508,128,GET,large_scan,7.300000,2.900000,2500,2800,3000,3100,3300,3600,3700,3800,3800,3800,3800,406,159,2200,1862.5337622046563,294.834832980996,7003.196500008926,202382.43349753696
1777163508,128,GET,next_departures,35.200000,15.900000,1400,2600,2700,2800,2900,3100,3300,3300,3400,3400,3400,1706,657,1700,1595.776085441313,284.86733298632316,5947.734208981274,165.44607268464244
1777163508,128,GET,point_read,42.700000,17.000000,200,320,340,350,400,440,490,500,560,560,560,2250,863,260,293.9576727864591,113.28737501753494,3162.2608749894425,161.89866666666666
1777163508,128,GET,trips_per_route,4.700000,2.400000,410,450,500,510,590,610,760,760,760,760,760,218,88,430,478.8627402749876,282.559916988248,2176.124166988302,339.8761467889908
1777163508,128,,Aggregated,94.600000,40.100000,350,440,1400,2400,2800,3000,3200,3300,3800,3800,3800,4802,1868,370,953.4829357428622,113.28737501753494,7003.196500008926,17269.987505206165
1777163509,128,GET,bulk_update_departures,4.600000,2.000000,410,2400,2500,2500,2800,3000,3000,3000,3000,3000,3000,224,102,1900,1506.3274093516677,292.30212498805486,5026.656417001504,191.94196428571428
1777163509,128,GET,large_scan,8.100000,3.500000,540,2800,2900,3000,3200,3400,3600,3600,3600,3600,3600,412,164,2200,1848.627055514812,294.834832980996,7003.196500008926,200245.62621359224
1777163509,128,GET,next_departures,36.400000,16.000000,1400,2600,2700,2800,3000,3100,3300,3300,3500,3500,3500,1730,667,1700,1596.874597068706,284.86733298632316,5947.734208981274,165.5393063583815
1777163509,128,GET,point_read,42.600000,17.000000,190,320,340,350,390,430,480,500,560,560,560,2282,882,260,294.4212359116766,113.28737501753494,3162.2608749894425,162.52716914986854
1777163509,128,GET,trips_per_route,4.700000,2.400000,410,470,500,520,590,620,830,830,830,830,830,223,88,430,482.10440473051557,282.559916988248,2176.124166988302,340.5964125560538
1777163509,128,,Aggregated,96.400000,40.900000,350,440,1300,2400,2800,3000,3200,3300,3600,3600,3600,4871,1903,370,952.7865493945985,113.28737501753494,7003.196500008926,17096.57483063026
1777163510,128,GET,bulk_update_departures,4.400000,2.000000,410,2500,2500,2700,2900,3000,3000,3000,3000,3000,3000,228,104,1900,1507.904546358444,292.30212498805486,5026.656417001504,192.10087719298247
1777163510,128,GET,large_scan,8.200000,3.500000,500,2800,3000,3100,3200,3300,3600,3600,3600,3600,3600,427,172,2100,1838.474560883147,294.834832980996,7003.196500008926,198667.09367681498
1777163510,128,GET,next_departures,35.500000,15.100000,2300,2700,2800,2800,3000,3200,3300,3300,3500,3500,3500,1766,679,1700,1605.8275553594679,284.86733298632316,5947.734208981274,165.32219705549264
1777163510,128,GET,point_read,43.700000,17.600000,200,320,340,350,390,430,470,490,510,510,510,2309,896,260,294.9077184471745,113.28737501753494,3162.2608749894425,162.8492854049372
1777163510,128,GET,trips_per_route,4.700000,2.400000,420,470,500,520,600,670,830,960,960,960,960,232,93,430,483.1055520986285,282.559916988248,2176.124166988302,340.08620689655174
1777163510,128,,Aggregated,96.500000,40.600000,360,440,1600,2500,2900,3100,3300,3300,3600,3600,3600,4962,1944,370,958.8361037511197,113.28737501753494,7003.196500008926,17255.446594115278
1777163511,128,GET,bulk_update_departures,4.200000,2.100000,2300,2500,2700,2800,3000,3000,3000,3000,3000,3000,3000,233,106,2000,1516.889387818504,292.30212498805486,5026.656417001504,191.87982832618025
1777163511,128,GET,large_scan,7.800000,3.600000,540,2800,3000,3100,3300,3400,3600,3700,3700,3700,3700,434,173,2200,1852.2771163573993,294.834832980996,7003.196500008926,200059.866359447
1777163511,128,GET,next_departures,34.600000,14.400000,1900,2700,2800,2900,3100,3200,3300,3300,3500,3500,3500,1800,691,1700,1610.5123741060222,284.86733298632316,5947.734208981274,165.20333333333335
1777163511,128,GET,point_read,44.300000,18.300000,220,320,340,350,400,440,490,500,520,520,520,2351,911,260,295.27206916523176,113.28737501753494,3162.2608749894425,162.73968524032327
1777163511,128,GET,trips_per_route,4.800000,2.500000,430,470,520,550,630,680,830,960,960,960,960,236,94,430,485.0332915037574,282.559916988248,2176.124166988302,340.28389830508473
1777163511,128,,Aggregated,95.700000,40.900000,360,460,1700,2600,2900,3100,3300,3300,3700,3700,3700,5054,1975,370,962.5837476561161,113.28737501753494,7003.196500008926,17338.93233082707
1777163512,128,GET,bulk_update_departures,3.500000,1.800000,1900,2500,2700,2700,2900,3000,3000,3000,3000,3000,3000,237,107,2000,1522.1033251929325,292.30212498805486,5026.656417001504,191.24472573839662
1777163512,128,GET,large_scan,7.900000,4.100000,1700,2900,3100,3100,3300,3500,3700,3900,3900,3900,3900,443,175,2200,1863.7474936933222,294.834832980996,7003.196500008926,201250.30022573363
1777163512,128,GET,next_departures,34.500000,14.600000,2100,2700,2800,2900,3100,3200,3300,3300,3500,3500,3500,1837,703,1700,1613.0296150042761,284.86733298632316,5947.734208981274,164.9493739793141
1777163512,128,GET,point_read,41.700000,17.700000,260,320,350,360,430,480,510,520,570,570,570,2406,931,270,296.01758251271303,113.28737501753494,3162.2608749894425,162.62718204488777
1777163512,128,GET,trips_per_route,5.000000,2.400000,430,480,540,570,630,680,830,960,960,960,960,239,95,430,485.6223214889446,282.559916988248,2176.124166988302,340.35146443514645
1777163512,128,,Aggregated,92.600000,40.600000,370,490,1700,2600,2900,3100,3300,3300,3900,3900,3900,5162,2011,380,964.3153949827914,113.28737501753494,7003.196500008926,17430.2295621852
1777163513,128,GET,bulk_update_departures,3.500000,1.900000,2100,2500,2700,2700,2900,3000,3000,3000,3000,3000,3000,241,108,2000,1528.7539313100008,292.30212498805486,5026.656417001504,190.62240663900414
1777163513,128,GET,large_scan,8.500000,4.400000,1500,2800,3000,3100,3300,3500,3700,3900,3900,3900,3900,450,179,2200,1853.4184947202448,294.834832980996,7003.196500008926,200338.82666666666
1777163513,128,GET,next_departures,34.500000,13.600000,1700,2700,2800,2900,3000,3200,3300,3300,3500,3500,3500,1864,722,1700,1602.3744405020411,284.86733298632316,5947.734208981274,165.9087982832618
1777163513,128,GET,point_read,41.900000,17.900000,250,320,350,370,440,480,510,520,570,570,570,2450,945,270,295.7328823713196,113.28737501753494,3162.2608749894425,162.3730612244898
1777163513,128,GET,trips_per_route,5.300000,2.500000,430,480,540,570,630,680,830,960,960,960,960,246,98,430,484.2404749424753,282.559916988248,2176.124166988302,340.2886178861789
1777163513,128,,Aggregated,93.700000,40.300000,380,480,1500,2500,2900,3100,3300,3300,3900,3900,3900,5251,2052,380,958.476994060409,113.28737501753494,7003.196500008926,17327.97390973148
1777163514,128,GET,bulk_update_departures,3.300000,1.600000,2100,2500,2700,2800,2900,3000,3000,3000,3000,3000,3000,246,111,2000,1523.4631537425482,292.30212498805486,5026.656417001504,191.1788617886179
1777163514,128,GET,large_scan,8.500000,4.300000,500,2700,3000,3100,3300,3500,3700,3900,3900,3900,3900,461,187,2100,1830.3542360782733,287.6276669849176,7003.196500008926,197727.15401301518
1777163514,128,GET,next_departures,35.200000,14.000000,1700,2600,2800,2800,3000,3200,3300,3300,3500,3500,3500,1903,747,1600,1592.3480439705406,284.86733298632316,5947.734208981274,166.98265895953756
1777163514,128,GET,point_read,42.800000,17.900000,260,330,360,380,430,480,510,520,570,570,570,2487,964,270,294.9034412358998,113.28737501753494,3162.2608749894425,162.7764374748693
1777163514,128,GET,trips_per_route,5.200000,2.300000,440,520,560,590,640,680,830,960,960,960,960,251,100,430,483.6659888838709,282.559916988248,2176.124166988302,340.2788844621514
1777163514,128,,Aggregated,95.000000,40.100000,370,480,1500,2500,2900,3100,3300,3300,3900,3900,3900,5348,2109,370,954.3060186784262,113.28737501753494,7003.196500008926,17204.048429319373
1777163515,128,GET,bulk_update_departures,3.200000,1.600000,2300,2600,2700,2800,2900,3000,3000,3000,3000,3000,3000,254,113,2000,1543.1239297390066,292.30212498805486,5026.656417001504,190.00787401574803
1777163515,128,GET,large_scan,8.500000,4.100000,550,2700,3000,3200,3300,3500,3800,3900,3900,3900,3900,468,189,2100,1836.879850604955,287.6276669849176,7003.196500008926,198323.01923076922
1777163515,128,GET,next_departures,34.200000,13.400000,1700,2600,2800,2800,3000,3200,3300,3500,3900,3900,3900,1945,763,1600,1596.2258269978797,284.86733298632316,5947.734208981274,166.9331619537275
1777163515,128,GET,point_read,42.300000,17.700000,250,330,350,370,430,480,510,520,570,570,570,2535,983,260,293.50135556278207,113.28737501753494,3162.2608749894425,162.81104536489153
1777163515,128,GET,trips_per_route,5.200000,2.300000,450,540,570,600,640,830,890,960,960,960,960,255,103,430,483.64497745425587,282.559916988248,2176.124166988302,339.84705882352944
1777163515,128,,Aggregated,93.400000,39.100000,370,480,1500,2500,2900,3100,3300,3500,3900,3900,3900,5457,2151,370,957.2343572201185,113.28737501753494,7003.196500008926,17168.317207256736
1777163516,128,GET,bulk_update_departures,3.300000,1.500000,2400,2700,2800,2900,3000,3000,3100,3100,3100,3100,3100,260,114,2000,1563.682332006619,292.30212498805486,5026.656417001504,188.83846153846153
1777163516,128,GET,large_scan,8.700000,4.200000,1500,2800,3000,3200,3300,3500,3800,3900,3900,3900,3900,475,192,2100,1832.4461442128584,287.6276669849176,7003.196500008926,198201.98736842105
1777163516,128,GET,next_departures,33.600000,13.700000,1500,2600,2700,2800,3000,3200,3300,3500,3900,3900,3900,1980,781,1600,1592.2177582767401,284.86733298632316,5947.734208981274,167.37878787878788
1777163516,128,GET,point_read,42.800000,17.500000,250,330,350,370,430,480,510,520,570,570,570,2587,1004,260,291.99234511395946,113.28737501753494,3162.2608749894425,162.88055662930034
1777163516,128,GET,trips_per_route,5.500000,2.700000,440,520,560,610,650,830,960,960,960,960,960,258,106,430,481.86886337910175,282.559916988248,2176.124166988302,339.2906976744186
1777163516,128,,Aggregated,93.900000,39.600000,370,480,1500,2400,2900,3100,3300,3400,3900,3900,3900,5560,2197,370,954.904109671293,113.28737501753494,7003.196500008926,17092.69082733813
1777163517,128,GET,bulk_update_departures,3.500000,1.600000,2300,2600,2800,2900,3000,3000,3100,3100,3100,3100,3100,265,118,2000,1547.8846578176774,292.30212498805486,5026.656417001504,190.0943396226415
1777163517,128,GET,large_scan,9.000000,4.800000,550,2700,3000,3100,3300,3300,3800,3900,3900,3900,3900,484,199,2000,1815.0988327336765,287.6276669849176,7003.196500008926,195894.48140495867
1777163517,128,GET,next_departures,33.500000,13.700000,1400,2600,2700,2800,3000,3200,3300,3500,3900,3900,3900,2014,800,1600,1586.5597118137562,284.86733298632316,5947.734208981274,167.95183714001985
1777163517,128,GET,point_read,43.000000,17.700000,260,330,350,370,440,480,510,520,570,570,570,2624,1018,260,290.9928871200109,113.28737501753494,3162.2608749894425,162.85518292682926
1777163517,128,GET,trips_per_route,5.300000,2.300000,440,500,560,610,650,830,960,960,960,960,960,262,109,430,480.19821884266975,282.559916988248,2176.124166988302,338.87786259541986
1777163517,128,,Aggregated,94.300000,40.100000,360,480,1400,2400,2800,3100,3300,3300,3900,3900,3900,5649,2244,370,951.2136303942945,113.28737501753494,7003.196500008926,16944.180739953976
1777163518,128,GET,bulk_update_departures,4.300000,1.900000,2100,2500,2700,2800,2900,3000,3000,3100,3100,3100,3100,271,123,2000,1528.998967205566,292.30212498805486,5026.656417001504,191.68265682656826
1777163518,128,GET,large_scan,8.900000,4.500000,710,2700,2900,3100,3300,3300,3800,3900,3900,3900,3900,493,203,2000,1813.382046318681,287.6276669849176,7003.196500008926,195692.62677484786
1777163518,128,GET,next_departures,34.000000,14.000000,1200,2500,2700,2800,3000,3200,3300,3400,3900,3900,3900,2061,821,1600,1586.6132010605806,284.86733298632316,5947.734208981274,168.18680252304708
1777163518,128,GET,point_read,44.200000,17.800000,260,330,360,380,440,480,510,520,570,570,570,2659,1027,260,289.735520437744,113.28737501753494,3162.2608749894425,162.49116209101166
1777163518,128,GET,trips_per_route,5.200000,2.200000,440,520,560,620,650,830,960,960,960,960,960,263,110,430,479.67115653915147,282.559916988248,2176.124166988302,338.7034220532319
1777163518,128,,Aggregated,96.600000,40.400000,370,480,1500,2400,2900,3100,3300,3300,3900,3900,3900,5747,2284,370,952.6581067247995,113.28737501753494,7003.196500008926,16947.309378806334
1777163519,128,GET,bulk_update_departures,4.500000,1.800000,2300,2600,2800,2900,2900,3000,3000,3100,3100,3100,3100,275,124,2000,1538.8643364716236,292.30212498805486,5026.656417001504,191.13090909090909
1777163519,128,GET,large_scan,8.700000,4.200000,1700,2800,2900,3100,3300,3500,3800,3900,3900,3900,3900,501,205,2000,1820.9180034113933,287.6276669849176,7003.196500008926,196550.67864271457
1777163519,128,GET,next_departures,33.600000,14.400000,1200,2500,2700,2700,3000,3200,3300,3500,3900,3900,3900,2093,834,1600,1587.486142224957,284.86733298632316,5947.734208981274,168.21022455805064
1777163519,128,GET,point_read,43.800000,17.800000,240,330,340,360,430,460,510,520,570,570,570,2711,1047,260,288.5253333843098,113.28737501753494,3162.2608749894425,162.488380671339
1777163519,128,GET,trips_per_route,5.000000,2.300000,430,460,520,540,640,680,960,960,960,960,960,265,111,430,479.5270559841433,282.559916988248,2176.124166988302,338.66037735849056
1777163519,128,,Aggregated,95.600000,40.500000,360,460,1500,2500,2800,3100,3300,3400,3900,3900,3900,5845,2321,370,952.4966563825992,113.28737501753494,7003.196500008926,17007.145594525235
1777163520,128,GET,bulk_update_departures,4.900000,2.100000,2200,2600,2800,2900,3000,3000,3100,3100,3100,3100,3100,277,125,2000,1537.118638944661,292.30212498805486,5026.656417001504,191.20216606498195
1777163520,128,GET,large_scan,8.500000,4.400000,1700,2800,3000,3100,3300,3600,3800,3900,3900,3900,3900,508,208,2000,1818.5028673742493,287.6276669849176,7003.196500008926,196461.93307086613
1777163520,128,GET,next_departures,34.300000,15.500000,1100,2500,2700,2700,2900,3200,3300,3500,3900,3900,3900,2117,845,1600,1587.8516209314573,284.86733298632316,5947.734208981274,168.34860651865847
1777163520,128,GET,point_read,42.100000,17.200000,220,320,340,350,400,450,490,520,570,570,570,2741,1058,250,287.8571001670471,113.28737501753494,3162.2608749894425,162.4461875228019
1777163520,128,GET,trips_per_route,4.800000,2.300000,430,460,540,540,650,800,890,890,890,890,890,269,113,430,479.8383987055387,282.559916988248,2176.124166988302,338.56877323420076
1777163520,128,,Aggregated,94.600000,41.500000,350,450,1500,2400,2800,3000,3300,3400,3900,3900,3900,5912,2349,370,952.1576525601059,113.28737501753494,7003.196500008926,17041.332713125845
1777163521,128,GET,bulk_update_departures,4.800000,2.200000,2100,2500,2800,2800,2900,3000,3100,3100,3100,3100,3100,281,128,2000,1531.7846237676836,292.30212498805486,5026.656417001504,191.97508896797154
1777163521,128,GET,large_scan,8.700000,4.400000,1500,2700,3000,3100,3300,3600,3800,3900,3900,3900,3900,524,216,2000,1816.7873559124637,287.6276669849176,7003.196500008926,195543.48664122136
1777163521,128,GET,next_departures,35.200000,16.400000,1100,2500,2600,2700,2900,3100,3300,3500,3900,3900,3900,2162,860,1600,1594.097291999014,284.86733298632316,5947.734208981274,168.07169287696578
1777163521,128,GET,point_read,40.600000,16.400000,220,330,340,360,400,450,490,540,640,640,640,2791,1073,260,289.19745890644475,113.28737501753494,3162.2608749894425,162.12361160874238
1777163521,128,GET,trips_per_route,4.600000,2.200000,420,460,530,540,630,800,890,890,890,890,890,272,114,430,480.1695909993535,282.559916988248,2176.124166988302,338.6507352941176
1777163521,128,,Aggregated,93.900000,41.600000,350,460,1500,2500,2800,3000,3300,3500,3900,3900,3900,6030,2391,370,956.3221617974173,113.28737501753494,7003.196500008926,17152.023714759536
1777163522,128,GET,bulk_update_departures,5.200000,2.200000,2200,2500,2700,2800,2900,3000,3100,3100,3100,3100,3100,287,129,2000,1540.2707299223666,292.30212498805486,5026.656417001504,190.86759581881532
1777163522,128,GET,large_scan,8.500000,3.900000,1500,2700,2900,3000,3200,3400,3700,3800,3800,3800,3800,535,218,2000,1824.3998420507992,287.6276669849176,7003.196500008926,197117.07102803738
1777163522,128,GET,next_departures,36.400000,16.700000,1100,2500,2600,2700,2900,3100,3300,3500,3900,3900,3900,2194,872,1600,1593.2419276271116,284.86733298632316,5947.734208981274,168.0013673655424
1777163522,128,GET,point_read,43.300000,16.500000,220,330,340,350,380,430,470,490,640,640,640,2828,1085,260,289.2477879444545,113.28737501753494,3162.2608749894425,161.9593352192362
1777163522,128,GET,trips_per_route,4.100000,2.300000,400,480,520,540,650,800,890,890,890,890,890,274,114,430,480.9494254884164,282.559916988248,2176.124166988302,338.8978102189781
1777163522,128,,Aggregated,97.500000,41.600000,350,460,1700,2400,2800,3000,3300,3400,3900,3900,3900,6118,2418,370,958.3944575170835,113.28737501753494,7003.196500008926,17396.516181758743
1777163523,128,GET,bulk_update_departures,5.100000,2.300000,2000,2500,2700,2800,2900,3000,3100,3100,3100,3100,3100,291,132,2000,1529.9583262740114,292.30212498805486,5026.656417001504,191.63917525773195
1777163523,128,GET,large_scan,8.200000,3.700000,1700,2800,3000,3000,3200,3400,3700,3800,3800,3800,3800,545,219,2100,1830.9171163563515,287.6276669849176,7003.196500008926,198991.15779816514
1777163523,128,GET,next_departures,36.100000,17.100000,1500,2500,2600,2700,2900,3100,3300,3500,3900,3900,3900,2221,882,1600,1590.5045151601964,284.86733298632316,5947.734208981274,167.9315623592976
1777163523,128,GET,point_read,43.700000,16.700000,230,330,340,360,400,460,490,500,640,640,640,2879,1107,260,289.8572173997807,113.28737501753494,3162.2608749894425,162.14136853073984
1777163523,128,GET,trips_per_route,3.600000,2.000000,420,490,530,600,670,800,890,890,890,890,890,278,116,430,481.50812306046896,282.559916988248,2176.124166988302,338.8129496402878
1777163523,128,,Aggregated,96.700000,41.800000,350,480,1900,2400,2800,3000,3300,3400,3900,3900,3900,6214,2456,370,956.5394941479753,113.28737501753494,7003.196500008926,17611.83118764081
1777163524,128,GET,bulk_update_departures,4.800000,2.200000,570,2300,2600,2800,2900,3000,3100,3100,3100,3100,3100,295,136,1900,1514.3880678974172,292.30212498805486,5026.656417001504,193.0135593220339
1777163524,128,GET,large_scan,9.200000,4.300000,1700,2800,3000,3000,3200,3400,3700,3800,3800,3800,3800,554,225,2000,1816.24647517544,287.6276669849176,7003.196500008926,197562.01624548738
1777163524,128,GET,next_departures,35.500000,16.600000,1600,2500,2600,2700,2900,3100,3300,3500,3900,3900,3900,2253,897,1600,1586.5174302982127,284.86733298632316,5947.734208981274,168.13981358189082
1777163524,128,GET,point_read,43.200000,15.700000,230,330,350,360,400,460,490,500,640,640,640,2920,1123,260,289.3833190266901,113.28737501753494,3162.2608749894425,162.16232876712328
1777163524,128,GET,trips_per_route,3.600000,2.000000,430,490,530,600,650,740,800,800,800,800,800,285,118,430,482.58386053606506,282.559916988248,2176.124166988302,339.07719298245615
1777163524,128,,Aggregated,96.300000,40.800000,360,480,1800,2400,2800,3000,3300,3400,3900,3900,3900,6307,2499,370,952.8943221102762,113.28737501753494,7003.196500008926,17513.122879340415
1777163525,128,GET,bulk_update_departures,5.100000,2.200000,530,2200,2500,2600,2900,3000,3100,3100,3100,3100,3100,299,137,2000,1519.7241316514633,292.30212498805486,5026.656417001504,192.49832775919734
1777163525,128,GET,large_scan,9.400000,4.300000,1800,2700,2900,3000,3200,3400,3600,3700,3700,3700,3700,561,226,2100,1823.6556978560711,287.6276669849176,7003.196500008926,198653.27985739752
1777163525,128,GET,next_departures,36.100000,17.000000,1600,2500,2600,2700,2900,3000,3200,3300,3500,3500,3500,2293,912,1600,1589.7253739663656,284.86733298632316,5947.734208981274,168.06105538595727
1777163525,128,GET,point_read,42.400000,15.500000,240,330,350,360,410,460,490,500,640,640,640,2970,1145,260,288.44200382323703,113.28737501753494,3162.2608749894425,162.36228956228956
1777163525,128,GET,trips_per_route,3.500000,1.900000,450,500,570,620,670,750,800,800,800,800,800,290,118,430,482.8579577647455,282.559916988248,2176.124166988302,339.651724137931
1777163525,128,,Aggregated,96.500000,40.900000,370,490,1800,2300,2700,3000,3200,3300,3700,3700,3700,6413,2538,370,954.2195857590372,113.28737501753494,7003.196500008926,17537.52159675659
1777163526,128,GET,bulk_update_departures,5.000000,2.400000,520,2100,2300,2500,2700,2800,3000,3000,3000,3000,3000,303,138,2000,1524.5820255438134,292.30212498805486,5026.656417001504,191.990099009901
1777163526,128,GET,large_scan,9.400000,4.100000,1800,2700,2900,3000,3200,3400,3600,3700,3700,3700,3700,574,232,2000,1816.2850267792794,287.6276669849176,7003.196500008926,198211.76306620208
1777163526,128,GET,next_departures,35.500000,15.800000,1700,2500,2600,2700,2900,3000,3200,3300,3500,3500,3500,2329,931,1600,1586.9501815186738,284.86733298632316,5947.734208981274,168.47831687419495
1777163526,128,GET,point_read,42.600000,16.000000,240,330,350,370,410,460,490,500,640,640,640,3009,1161,260,287.71747311599023,113.28737501753494,3162.2608749894425,162.4323695579927
1777163526,128,GET,trips_per_route,3.000000,1.700000,450,490,570,600,670,750,800,800,800,800,800,294,120,430,481.2574202169468,282.559916988248,2176.124166988302,339.55102040816325
1777163526,128,,Aggregated,95.500000,40.000000,370,480,1800,2400,2800,3000,3200,3300,3700,3700,3700,6509,2582,370,953.715546169591,113.28737501753494,7003.196500008926,17639.068674143495
1777163527,128,GET,bulk_update_departures,4.800000,2.500000,1900,2200,2500,2600,2800,2900,3000,3000,3000,3000,3000,309,140,2000,1530.7426729766407,292.30212498805486,5026.656417001504,191.55016181229774
1777163527,128,GET,large_scan,9.700000,3.900000,2200,2800,3000,3000,3200,3400,3700,3900,3900,3900,3900,584,235,2000,1821.4402905896973,287.6276669849176,7003.196500008926,198804.35273972602
1777163527,128,GET,next_departures,34.900000,15.100000,1600,2500,2700,2700,2900,3000,3200,3300,3500,3500,3500,2362,951,1600,1580.1608079343293,284.86733298632316,5947.734208981274,169.07070279424218
1777163527,128,GET,point_read,43.000000,15.700000,240,330,350,370,410,460,490,500,640,640,640,3054,1180,260,286.8356778071578,113.28737501753494,3162.2608749894425,162.54780615586117
1777163527,128,GET,trips_per_route,3.500000,1.800000,460,520,600,630,740,800,990,990,990,990,990,299,122,430,482.15423760792385,282.559916988248,2176.124166988302,339.55183946488296
1777163527,128,,Aggregated,95.900000,39.000000,370,490,1900,2400,2800,3000,3200,3400,3900,3900,3900,6608,2628,370,951.7585836959558,113.28737501753494,7003.196500008926,17729.75529661017
1777163528,128,GET,bulk_update_departures,4.400000,2.300000,2100,2500,2600,2600,2800,2900,3000,3000,3000,3000,3000,316,143,2000,1532.2734699077068,292.30212498805486,5026.656417001504,191.44620253164558
1777163528,128,GET,large_scan,9.600000,3.800000,2400,2800,3000,3000,3200,3400,3700,3900,3900,3900,3900,591,236,2100,1828.2971963374155,287.6276669849176,7003.196500008926,199825.5143824027
1777163528,128,GET,next_departures,34.300000,14.600000,1600,2500,2600,2700,2900,3000,3200,3300,3500,3500,3500,2392,962,1600,1582.0090755672602,284.86733298632316,5947.734208981274,168.98076923076923
1777163528,128,GET,point_read,42.400000,15.900000,230,330,350,360,410,460,490,500,640,640,640,3109,1197,250,285.2675935262806,113.28737501753494,3162.2608749894425,162.263107108395
1777163528,128,GET,trips_per_route,3.500000,1.500000,440,500,600,630,740,800,990,990,990,990,990,302,125,430,480.59983403226886,282.559916988248,2176.124166988302,339.05960264900665
1777163528,128,,Aggregated,94.200000,38.100000,370,480,1800,2400,2800,3000,3200,3400,3900,3900,3900,6710,2663,370,950.9576552062716,113.28737501753494,7003.196500008926,17759.82861400894
1777163529,128,GET,bulk_update_departures,4.100000,2.300000,2000,2500,2600,2600,2700,2700,3000,3000,3000,3000,3000,319,143,2000,1541.1676368584892,292.30212498805486,5026.656417001504,190.66457680250784
1777163529,128,GET,large_scan,9.900000,3.900000,2100,2800,3000,3000,3200,3400,3700,3900,3900,3900,3900,600,239,2000,1824.636942910729,287.6276669849176,7003.196500008926,200154.32833333334
1777163529,128,GET,next_departures,34.200000,14.900000,1500,2400,2600,2700,2900,3000,3200,3300,3500,3500,3500,2430,981,1600,1580.4662177842915,284.86733298632316,5947.734208981274,169.29794238683127
1777163529,128,GET,point_read,41.900000,15.600000,240,330,350,360,410,460,490,500,640,640,640,3156,1216,250,284.30114532451825,113.28737501753494,3162.2608749894425,162.3257287705957
1777163529,128,GET,trips_per_route,3.600000,1.400000,440,500,600,630,740,800,990,990,990,990,990,304,126,430,480.568384189897,282.559916988248,2176.124166988302,339.00986842105266
1777163529,128,,Aggregated,93.700000,38.100000,370,480,1700,2300,2700,2900,3200,3300,3900,3900,3900,6809,2705,370,950.256242408288,113.28737501753494,7003.196500008926,17797.0585989132
1777163530,128,GET,bulk_update_departures,4.200000,2.100000,2100,2500,2600,2600,2700,2800,3000,3000,3000,3000,3000,322,145,2000,1537.4432953939736,292.30212498805486,5026.656417001504,191.03416149068323
1777163530,128,GET,large_scan,9.900000,3.600000,2100,2800,2900,3000,3200,3400,3700,3900,3900,3900,3900,609,244,2000,1819.8260584916295,287.6276669849176,7003.196500008926,199382.50738916255
1777163530,128,GET,next_departures,33.900000,14.600000,1600,2400,2600,2600,2800,3000,3000,3300,3400,3400,3400,2466,997,1600,1579.390786888881,284.86733298632316,5947.734208981274,169.41970802919707
1777163530,128,GET,point_read,42.700000,16.300000,230,320,340,350,380,430,480,500,600,600,600,3206,1240,250,283.40467788869194,113.28737501753494,3162.2608749894425,162.63849033063008
1777163530,128,GET,trips_per_route,3.800000,1.400000,440,490,600,620,670,750,990,990,990,990,990,305,127,430,479.983424323756,282.559916988248,2176.124166988302,338.85901639344263
1777163530,128,,Aggregated,94.500000,38.000000,360,460,1700,2300,2700,2900,3100,3300,3900,3900,3900,6908,2753,370,948.6246139166376,113.28737501753494,7003.196500008926,17737.119281991894
1777163531,128,GET,bulk_update_departures,4.400000,1.900000,2100,2400,2500,2600,2700,2700,2900,2900,2900,2900,2900,327,147,2000,1537.9188499996042,292.30212498805486,5026.656417001504,190.88990825688074
1777163531,128,GET,large_scan,9.900000,3.400000,2100,2700,2800,3000,3200,3200,3400,3900,3900,3900,3900,613,245,2000,1820.078363574868,287.6276669849176,7003.196500008926,199709.0668841762
1777163531,128,GET,next_departures,33.200000,14.200000,1400,2400,2600,2700,2900,3000,3000,3200,3400,3400,3400,2495,1008,1600,1581.6197158192383,284.86733298632316,5947.734208981274,169.36192384769538
1777163531,128,GET,point_read,45.100000,16.800000,210,320,330,340,380,410,470,490,500,500,500,3245,1256,250,282.73176010975214,113.28737501753494,3162.2608749894425,162.70261941448382
1777163531,128,GET,trips_per_route,3.800000,1.500000,400,470,570,600,670,750,990,990,990,990,990,309,131,430,478.5428719084957,282.559916988248,2176.124166988302,338.23624595469255
1777163531,128,,Aggregated,96.400000,37.800000,350,430,1500,2300,2700,2900,3100,3200,3900,3900,3900,6989,2787,370,948.6454429483663,113.28737501753494,7003.196500008926,17676.222921734152
1777163532,128,GET,bulk_update_departures,4.300000,1.900000,2100,2500,2600,2600,2700,2800,3000,3000,3000,3000,3000,330,149,2000,1535.196633935839,292.30212498805486,5026.656417001504,191.26060606060605
1777163532,128,GET,large_scan,9.900000,3.400000,1800,2700,2800,3000,3200,3200,3500,3900,3900,3900,3900,619,248,2000,1817.8332255596915,287.6276669849176,7003.196500008926,199386.02746365106
1777163532,128,GET,next_departures,33.200000,14.600000,1200,2500,2700,2700,2900,3000,3200,3300,3400,3400,3400,2537,1027,1600,1583.8413460334857,284.86733298632316,5947.734208981274,169.52424122979897
1777163532,128,GET,point_read,44.400000,17.000000,210,320,330,340,380,420,470,490,500,500,500,3287,1273,250,282.9001328378619,113.28737501753494,3162.2608749894425,162.7541831457256
1777163532,128,GET,trips_per_route,3.900000,1.500000,430,490,580,620,740,780,990,990,990,990,990,312,132,430,480.08134670117914,282.559916988248,2176.124166988302,338.3076923076923
1777163532,128,,Aggregated,95.700000,38.400000,350,420,1400,2400,2700,3000,3100,3200,3900,3900,3900,7085,2829,370,949.8570596352929,113.28737501753494,7003.196500008926,17579.911785462245
1777163533,128,GET,bulk_update_departures,4.300000,1.800000,2200,2500,2600,2600,2700,2900,3400,3400,3400,3400,3400,332,150,2000,1538.461242192225,292.30212498805486,5026.656417001504,191.31024096385542
1777163533,128,GET,large_scan,10.100000,3.600000,2100,2800,3100,3100,3200,3400,3500,3900,3900,3900,3900,634,253,2000,1828.6495333823816,287.6276669849176,7003.196500008926,199915.06151419558
1777163533,128,GET,next_departures,33.300000,14.400000,1400,2600,2700,2800,3000,3100,3200,3300,3400,3400,3400,2559,1037,1600,1585.5854414040714,284.86733298632316,5947.734208981274,169.61156701836654
1777163533,128,GET,point_read,45.400000,17.600000,200,320,340,350,390,430,550,630,680,680,680,3314,1282,260,284.48974894690684,113.28737501753494,3162.2608749894425,162.66294508147254
1777163533,128,GET,trips_per_route,3.700000,1.500000,440,500,620,670,780,890,990,990,990,990,990,316,132,430,483.0940201890705,282.559916988248,2176.124166988302,338.7310126582278
1777163533,128,,Aggregated,96.800000,38.900000,350,450,1500,2500,2800,3000,3200,3400,3900,3900,3900,7155,2854,370,953.613252203363,113.28737501753494,7003.196500008926,17874.18644304682
1777163534,128,GET,bulk_update_departures,4.700000,2.000000,2400,2600,2700,2700,3000,3000,3400,3400,3400,3400,3400,339,153,2000,1546.1536104685097,292.30212498805486,5026.656417001504,191.23598820058996
1777163534,128,GET,large_scan,8.900000,3.000000,2700,3000,3100,3100,3300,3500,3900,4000,4000,4000,4000,640,254,2100,1837.1133430335249,287.6276669849176,7003.196500008926,200638.765625
1777163534,128,GET,next_departures,33.800000,15.100000,2100,2600,2800,2800,3000,3100,3200,3300,3400,3400,3400,2599,1049,1600,1590.6824589803873,284.86733298632316,5947.734208981274,169.28126202385533
1777163534,128,GET,point_read,45.400000,18.300000,230,320,340,350,390,440,550,630,680,680,680,3360,1299,260,284.69284184376147,113.28737501753494,3162.2608749894425,162.61130952380952
1777163534,128,GET,trips_per_route,3.700000,1.700000,400,490,530,640,780,890,990,990,990,990,990,320,134,430,482.97284558666433,282.559916988248,2176.124166988302,338.659375
1777163534,128,,Aggregated,96.500000,40.100000,350,480,2300,2600,2900,3100,3200,3400,4000,4000,4000,7258,2889,370,956.9029462059905,113.28737501753494,7003.196500008926,17851.797464866355
1777163535,128,GET,bulk_update_departures,4.200000,2.000000,2400,2600,2700,2800,3000,3000,3400,3400,3400,3400,3400,342,153,2000,1556.819754478907,292.30212498805486,5026.656417001504,190.50877192982455
1777163535,128,GET,large_scan,8.200000,3.000000,2500,2900,3100,3100,3400,3500,3900,4000,4000,4000,4000,648,258,2100,1835.9397119358932,287.6276669849176,7003.196500008926,200215.8549382716
1777163535,128,GET,next_departures,33.700000,15.200000,1400,2600,2700,2800,3000,3100,3200,3300,3400,3400,3400,2627,1059,1600,1590.1188331967746,284.86733298632316,5947.734208981274,169.1819566044918
1777163535,128,GET,point_read,44.700000,18.300000,260,330,340,360,420,470,550,630,680,680,680,3400,1317,260,285.30209124208125,113.28737501753494,3162.2608749894425,162.7694117647059
1777163535,128,GET,trips_per_route,3.800000,1.800000,470,520,570,640,780,890,990,990,990,990,990,327,138,430,483.9546042469555,282.559916988248,2176.124166988302,338.4097859327217
1777163535,128,,Aggregated,94.600000,40.300000,360,500,1700,2500,2900,3100,3200,3400,4000,4000,4000,7344,2925,370,956.9231658477675,113.28737501753494,7003.196500008926,17825.91843681917
1777163536,128,GET,bulk_update_departures,4.200000,1.800000,2400,2600,2700,2800,3000,3000,3400,3400,3400,3400,3400,349,156,2000,1557.6598598073233,292.30212498805486,5026.656417001504,190.29799426934096
1777163536,128,GET,large_scan,8.900000,3.300000,1800,2900,3100,3100,3400,3500,3900,4000,4000,4000,4000,653,263,2000,1825.9206431860619,287.6276669849176,7003.196500008926,198684.98009188363
1777163536,128,GET,next_departures,33.700000,15.200000,1700,2600,2700,2800,3000,3100,3200,3300,3500,3500,3500,2666,1075,1600,1590.5910696492294,284.86733298632316,5947.734208981274,169.2014253563391
1777163536,128,GET,point_read,43.000000,17.100000,270,330,350,370,440,540,640,660,760,760,760,3439,1329,260,286.2056612933967,113.28737501753494,3162.2608749894425,162.55248618784532
1777163536,128,GET,trips_per_route,3.800000,1.600000,490,570,640,680,790,890,990,990,990,990,990,331,139,440,485.867861546052,282.559916988248,2176.124166988302,338.57703927492446
1777163536,128,,Aggregated,93.600000,39.000000,380,600,2000,2500,2800,3000,3200,3400,4000,4000,4000,7438,2962,370,957.4547988865066,113.28737501753494,7003.196500008926,17602.834632965853
1777163537,128,GET,bulk_update_departures,4.400000,1.700000,2400,2500,2700,2800,3000,3000,3400,3400,3400,3400,3400,351,157,2000,1556.4249863184257,292.30212498805486,5026.656417001504,190.35612535612535
1777163537,128,GET,large_scan,8.200000,2.800000,1800,2800,3100,3100,3400,3500,3700,4000,4000,4000,4000,663,267,2000,1821.2965354472638,287.6276669849176,7003.196500008926,198698.79788838612
1777163537,128,GET,next_departures,34.500000,15.000000,2000,2500,2700,2700,3000,3100,3200,3300,3500,3500,3500,2716,1096,1600,1588.21230870131,284.86733298632316,5947.734208981274,169.26693667157585
1777163537,128,GET,point_read,44.100000,17.500000,260,330,350,380,440,540,640,660,760,760,760,3486,1348,260,285.44225635168186,113.28737501753494,3162.2608749894425,162.6041308089501
1777163537,128,GET,trips_per_route,3.300000,1.600000,490,530,580,640,780,820,890,890,890,890,890,336,142,430,484.3957353833026,282.559916988248,2176.124166988302,338.35714285714283
1777163537,128,,Aggregated,94.500000,38.600000,380,620,2100,2500,2800,3000,3200,3400,4000,4000,4000,7552,3010,370,956.7290885014329,113.28737501753494,7003.196500008926,17603.862950211864
1777163538,128,GET,bulk_update_departures,4.200000,1.600000,2300,2500,2700,2800,3000,3100,3400,3400,3400,3400,3400,355,161,2000,1543.5017831851467,292.30212498805486,5026.656417001504,191.50422535211268
1777163538,128,GET,large_scan,8.400000,3.100000,1800,2700,3000,3100,3300,3500,3700,4000,4000,4000,4000,674,271,2000,1819.682111027471,287.6276669849176,7003.196500008926,198910.64985163204
1777163538,128,GET,next_departures,33.000000,14.600000,2000,2500,2600,2700,3000,3100,3200,3300,3500,3500,3500,2744,1108,1600,1585.594486219278,284.86733298632316,5947.734208981274,169.32179300291546
1777163538,128,GET,point_read,43.500000,17.100000,290,340,360,390,450,550,640,660,760,760,760,3532,1367,260,285.2444568635289,113.28737501753494,3162.2608749894425,162.67780294450736
1777163538,128,GET,trips_per_route,3.800000,2.000000,480,520,580,640,780,820,890,890,890,890,890,342,144,430,483.3397110285032,282.559916988248,2176.124166988302,338.4766081871345
1777163538,128,,Aggregated,92.900000,38.400000,390,610,2000,2400,2800,3000,3200,3400,4000,4000,4000,7647,3051,370,954.3697853880838,113.28737501753494,7003.196500008926,17691.73767490519
1777163539,128,GET,bulk_update_departures,4.700000,1.800000,2100,2400,2500,2800,3000,3000,3400,3400,3400,3400,3400,361,163,2000,1542.8759498746454,292.30212498805486,5026.656417001504,191.14958448753464
1777163539,128,GET,large_scan,7.800000,3.100000,2200,2600,2800,3100,3300,3500,3700,4000,4000,4000,4000,683,273,2100,1820.3506172510406,287.6276669849176,7003.196500008926,199697.91654465592
1777163539,128,GET,next_departures,34.000000,14.300000,2000,2400,2600,2700,2900,3100,3200,3300,3500,3500,3500,2783,1128,1600,1579.9281154386154,284.86733298632316,5947.734208981274,169.63672296083362
1777163539,128,GET,point_read,42.600000,16.600000,300,340,380,400,460,550,640,660,760,760,760,3574,1390,260,285.5786706698086,113.28737501753494,3162.2608749894425,163.07806379406827
1777163539,128,GET,trips_per_route,3.700000,1.900000,470,500,530,580,700,790,890,890,890,890,890,348,146,430,481.9273945337547,282.559916988248,2176.124166988302,338.60057471264366
1777163539,128,,Aggregated,92.800000,37.700000,400,610,2000,2300,2700,3000,3200,3400,4000,4000,4000,7749,3100,370,953.1018888920534,113.28737501753494,7003.196500008926,17761.70538133953
1777163540,128,GET,bulk_update_departures,4.200000,1.700000,2000,2300,2400,2700,3000,3000,3400,3400,3400,3400,3400,367,166,2000,1538.4289989448077,292.30212498805486,5026.656417001504,191.2942779291553
1777163540,128,GET,large_scan,8.100000,3.200000,2200,2600,2800,3000,3200,3500,3700,4000,4000,4000,4000,695,278,2100,1815.3845233215427,287.6276669849176,7003.196500008926,199600.6561151079
1777163540,128,GET,next_departures,35.700000,14.600000,1700,2300,2500,2600,2900,3000,3200,3300,3500,3500,3500,2829,1150,1600,1574.5214863384417,284.86733298632316,5947.734208981274,169.8780487804878
1777163540,128,GET,point_read,43.600000,16.800000,310,340,390,400,460,550,640,660,760,760,760,3619,1413,260,285.2198851127093,113.28737501753494,3162.2608749894425,163.40149212489638
1777163540,128,GET,trips_per_route,3.600000,1.900000,450,500,530,580,700,790,890,890,890,890,890,351,148,430,480.88360899066663,282.559916988248,2176.124166988302,338.4301994301994
1777163540,128,,Aggregated,95.200000,38.200000,400,620,2000,2300,2700,3000,3200,3400,4000,4000,4000,7861,3155,370,951.7386950962084,113.28737501753494,7003.196500008926,17807.325403892635
1777163541,128,GET,bulk_update_departures,4.000000,1.800000,2000,2400,2500,2700,3000,3000,3400,3400,3400,3400,3400,369,167,2000,1537.456144275728,292.30212498805486,5026.656417001504,191.34417344173443
1777163541,128,GET,large_scan,8.200000,3.400000,1800,2500,2700,2800,3100,3500,3700,4000,4000,4000,4000,708,286,2000,1801.4733089073834,287.6276669849176,7003.196500008926,198286.95621468927
1777163541,128,GET,next_departures,35.400000,14.900000,1400,2300,2500,2600,2800,3000,3200,3300,3500,3500,3500,2863,1168,1600,1571.3906949652783,284.86733298632316,5947.734208981274,170.1802305274188
1777163541,128,GET,point_read,42.500000,17.600000,300,340,390,400,460,550,640,660,760,760,760,3662,1432,260,284.62754403711983,113.28737501753494,3162.2608749894425,163.52867285636265
1777163541,128,GET,trips_per_route,4.000000,1.900000,450,500,570,590,700,790,820,890,890,890,890,361,155,430,479.7307046557908,282.559916988248,2176.124166988302,337.80609418282546
1777163541,128,,Aggregated,94.100000,39.600000,400,600,2000,2300,2600,2900,3100,3400,4000,4000,4000,7963,3208,370,949.0323785350301,113.28737501753494,7003.196500008926,17790.504458118798
1777163542,128,GET,bulk_update_departures,4.400000,2.100000,780,2300,2400,2500,3000,3000,3400,3400,3400,3400,3400,373,171,2000,1525.0283062674016,292.30212498805486,5026.656417001504,192.42627345844505
1777163542,128,GET,large_scan,8.500000,3.600000,1800,2500,2700,2800,3100,3400,3700,4000,4000,4000,4000,714,289,2000,1799.1558713227032,287.6276669849176,7003.196500008926,198018.8487394958
1777163542,128,GET,next_departures,35.500000,14.800000,1500,2300,2400,2500,2700,2900,3100,3200,3500,3500,3500,2903,1182,1600,1572.8631403220018,284.86733298632316,5947.734208981274,170.01619014812263
1777163542,128,GET,point_read,42.200000,17.700000,300,340,380,400,450,540,640,660,760,760,760,3714,1456,260,284.12387781932523,113.28737501753494,3162.2608749894425,163.73721055465805
1777163542,128,GET,trips_per_route,4.500000,2.000000,430,500,520,570,690,790,820,890,890,890,890,365,156,430,479.6163685115099,282.559916988248,2176.124166988302,337.96438356164384
1777163542,128,,Aggregated,95.100000,40.200000,390,580,2000,2200,2600,2800,3100,3300,4000,4000,4000,8069,3254,370,948.0419634954277,113.28737501753494,7003.196500008926,17682.76948816458
1777163543,128,GET,bulk_update_departures,4.500000,2.100000,2000,2300,2400,2500,2800,3000,3100,3100,3100,3100,3100,376,171,2000,1533.6025370898108,292.30212498805486,5026.656417001504,191.75531914893617
1777163543,128,GET,large_scan,8.400000,3.300000,1700,2500,2700,2700,2900,3000,3700,4000,4000,4000,4000,724,292,2000,1800.8083656760436,287.6276669849176,7003.196500008926,198499.5138121547
1777163543,128,GET,next_departures,36.400000,15.300000,1500,2300,2400,2500,2700,2800,3000,3200,3500,3500,3500,2919,1186,1600,1573.973203829003,284.86733298632316,5947.734208981274,169.83967112024666
1777163543,128,GET,point_read,41.300000,17.300000,300,340,370,390,450,560,660,740,810,810,810,3746,1465,260,285.71526724397347,113.28737501753494,3162.2608749894425,163.53977576081152
1777163543,128,GET,trips_per_route,4.500000,2.000000,430,490,510,530,600,690,820,820,820,820,820,366,156,430,479.5911984472527,282.559916988248,2176.124166988302,338.0601092896175
1777163543,128,,Aggregated,95.100000,40.000000,390,530,1700,2200,2500,2700,3000,3100,4000,4000,4000,8131,3270,370,949.5347881441046,113.28737501753494,7003.196500008926,17835.18140450129
1777163544,128,GET,bulk_update_departures,4.100000,1.900000,2000,2200,2400,2400,2700,2800,3000,3000,3000,3000,3000,379,173,2000,1529.472456870098,292.30212498805486,5026.656417001504,192.05013192612137
1777163544,128,GET,large_scan,9.300000,4.000000,1600,2500,2600,2700,2800,3000,3400,3700,3700,3700,3700,735,295,2000,1801.754258274058,287.6276669849176,7003.196500008926,199148.7224489796
1777163544,128,GET,next_departures,36.500000,15.800000,1500,2300,2400,2400,2600,2700,2900,3000,3500,3500,3500,2954,1202,1600,1573.9422004542596,268.1695840146858,5947.734208981274,169.9482058226134
1777163544,128,GET,point_read,41.300000,17.400000,320,350,380,400,490,610,740,760,890,890,890,3788,1490,270,287.1228704176014,113.28737501753494,3162.2608749894425,164.01847940865892
1777163544,128,GET,trips_per_route,5.200000,2.400000,430,500,530,580,710,860,930,960,960,960,960,371,159,430,483.8475123765775,282.559916988248,2176.124166988302,337.86253369272237
1777163544,128,,Aggregated,96.400000,41.500000,390,590,1700,2200,2500,2700,2800,3000,3700,3700,3700,8227,3319,370,950.5911707014312,113.28737501753494,7003.196500008926,17952.56764312629
1777163545,128,GET,bulk_update_departures,4.300000,2.200000,500,2100,2300,2300,2500,2500,3000,3000,3000,3000,3000,381,174,2000,1528.5756201542129,292.30212498805486,5026.656417001504,192.09448818897638
1777163545,128,GET,large_scan,9.600000,4.200000,1600,2500,2600,2700,2900,3000,3100,3400,3400,3400,3400,747,302,2000,1795.215784747467,287.6276669849176,7003.196500008926,198177.672021419
1777163545,128,GET,next_departures,36.700000,15.600000,1300,2300,2400,2400,2600,2700,2900,2900,3500,3500,3500,2987,1221,1600,1569.8718140203753,268.1695840146858,5947.734208981274,170.33311014395716
1777163545,128,GET,point_read,42.900000,18.400000,320,350,390,400,490,610,740,760,890,890,890,3833,1514,270,287.6402006299968,113.28737501753494,3162.2608749894425,164.36551004435168
1777163545,128,GET,trips_per_route,5.400000,2.400000,420,500,520,590,720,860,960,960,960,960,960,375,161,430,484.54322035665,282.559916988248,2176.124166988302,337.8
1777163545,128,,Aggregated,98.900000,42.800000,390,550,1600,2200,2500,2700,2800,3000,3500,3500,3500,8323,3372,370,948.798414948036,113.28737501753494,7003.196500008926,17947.54079058032
1777163546,128,GET,bulk_update_departures,4.400000,2.100000,2000,2200,2400,2500,2900,3100,3200,3200,3200,3200,3200,389,175,2000,1548.0832376472165,292.30212498805486,5026.656417001504,190.85089974293058
1777163546,128,GET,large_scan,8.900000,3.900000,2100,2600,2700,2800,3000,3200,3600,3600,3700,3700,3700,762,305,2000,1811.6699232262044,287.6276669849176,7003.196500008926,199513.48293963255
1777163546,128,GET,next_departures,36.500000,15.500000,1300,2300,2400,2500,2700,2800,3000,3200,3400,3400,3400,3027,1239,1600,1570.7288909880488,268.1695840146858,5947.734208981274,170.44730756524612
1777163546,128,GET,point_read,43.900000,18.900000,320,350,380,400,460,540,710,750,890,890,890,3870,1533,270,288.008871030967,113.28737501753494,3162.2608749894425,164.60516795865632
1777163546,128,GET,trips_per_route,5.200000,2.600000,430,500,520,590,740,860,960,960,960,960,960,380,163,430,486.51014125467844,282.559916988248,2176.124166988302,337.82894736842104
1777163546,128,,Aggregated,98.900000,43.000000,390,510,1700,2200,2600,2800,3000,3200,3700,3700,3700,8428,3415,370,953.5787136367567,113.28737501753494,7003.196500008926,18199.437114380635
1777163547,128,GET,bulk_update_departures,4.000000,2.000000,2000,2300,2400,2500,2700,3000,3200,3200,3200,3200,3200,395,178,2000,1546.3989825613496,292.30212498805486,5026.656417001504,190.99493670886076
1777163547,128,GET,large_scan,9.600000,4.100000,1700,2500,2700,2800,3100,3300,3600,3600,3700,3700,3700,774,314,2000,1798.475409288524,287.6276669849176,7003.196500008926,197712.31136950906
1777163547,128,GET,next_departures,35.800000,15.400000,1000,2300,2400,2500,2700,2800,3100,3200,3400,3400,3400,3056,1255,1500,1568.3353809099285,268.1695840146858,5947.734208981274,170.72611256544502
1777163547,128,GET,point_read,42.600000,19.200000,320,360,390,410,470,550,710,750,890,890,890,3911,1548,270,287.91975423342296,113.28737501753494,3162.2608749894425,164.53771413960624
1777163547,128,GET,trips_per_route,5.200000,2.600000,480,510,550,600,740,860,960,960,960,960,960,385,164,440,486.88130132157005,282.559916988248,2176.124166988302,338.06493506493507
1777163547,128,,Aggregated,97.200000,43.300000,400,500,1400,2200,2600,2800,3100,3200,3700,3700,3700,8521,3459,380,951.6704552021502,113.28737501753494,7003.196500008926,18119.959277080154
1777163548,128,GET,bulk_update_departures,3.900000,2.100000,2100,2400,2500,2500,2900,3100,3200,3200,3200,3200,3200,396,178,2000,1548.0668593932712,292.30212498805486,5026.656417001504,190.78787878787878
1777163548,128,GET,large_scan,9.900000,4.400000,1600,2600,2700,2800,3100,3300,3600,3600,3700,3700,3700,781,318,2000,1794.1762152104147,287.6276669849176,7003.196500008926,197218.847631242
1777163548,128,GET,next_departures,36.000000,16.200000,1000,2300,2400,2500,2700,2800,3100,3200,3400,3400,3400,3090,1276,1500,1563.3683099850577,268.1695840146858,5947.734208981274,171.1938511326861
1777163548,128,GET,point_read,42.600000,19.700000,320,360,400,410,480,560,710,750,890,890,890,3955,1570,270,288.0316406685118,113.28737501753494,3162.2608749894425,164.7825537294564
1777163548,128,GET,trips_per_route,4.700000,2.300000,480,530,590,700,740,860,960,960,960,960,960,386,165,430,486.3992439761789,282.559916988248,2176.124166988302,337.940414507772
1777163548,128,,Aggregated,97.100000,44.700000,410,510,1400,2200,2600,2800,3100,3300,3700,3700,3700,8608,3507,380,949.3505373224525,113.28737501753494,7003.196500008926,18054.67251394052
1777163549,128,GET,bulk_update_departures,3.900000,1.900000,2300,2500,2500,2700,2900,3100,3200,3200,3200,3200,3200,402,180,2000,1553.5391896410147,292.30212498805486,5026.656417001504,190.47761194029852
1777163549,128,GET,large_scan,10.800000,4.200000,1600,2600,2800,2900,3100,3300,3600,3600,3700,3700,3700,789,322,2000,1790.6915069129764,287.6276669849176,7003.196500008926,196906.19011406845
1777163549,128,GET,next_departures,35.600000,16.300000,1000,2400,2500,2600,2800,2900,3100,3200,3400,3400,3400,3132,1295,1500,1563.373233975721,268.1695840146858,5947.734208981274,171.3036398467433
1777163549,128,GET,point_read,43.100000,20.400000,320,360,390,410,480,560,710,750,890,890,890,3996,1593,270,287.63549741691077,113.28737501753494,3162.2608749894425,165.13913913913913
1777163549,128,GET,trips_per_route,4.900000,2.400000,480,530,590,700,740,860,960,960,960,960,960,391,168,430,485.23989399185564,282.559916988248,2176.124166988302,337.7647058823529
1777163549,128,,Aggregated,98.300000,45.200000,400,510,1500,2300,2700,2900,3100,3300,3700,3700,3700,8710,3558,380,949.8258976154744,113.28737501753494,7003.196500008926,17998.167738231918
1777163550,128,GET,bulk_update_departures,4.400000,2.100000,2300,2500,2600,2700,2900,3100,3200,3200,3200,3200,3200,404,181,2000,1553.8518466006406,292.30212498805486,5026.656417001504,190.52722772277227
1777163550,128,GET,large_scan,10.900000,4.700000,1600,2700,2900,3000,3200,3400,3600,3600,3700,3700,3700,802,327,2000,1793.267392451707,287.6276669849176,7003.196500008926,197032.70822942644
1777163550,128,GET,next_departures,33.600000,15.800000,1000,2400,2600,2700,2800,2900,3100,3200,3400,3400,3400,3174,1315,1500,1561.7288910623986,268.1695840146858,5947.734208981274,171.47794580970384
1777163550,128,GET,point_read,41.800000,19.800000,320,360,390,410,480,550,710,750,890,890,890,4052,1617,270,286.9395827798621,113.28737501753494,3162.2608749894425,165.22655478775914
1777163550,128,GET,trips_per_route,4.900000,2.200000,480,540,590,700,740,860,960,960,960,960,960,396,169,430,484.68527233027004,282.559916988248,2176.124166988302,338.0050505050505
1777163550,128,,Aggregated,95.600000,44.600000,400,500,1400,2400,2700,2900,3100,3300,3700,3700,3700,8828,3609,370,948.9690362790867,113.28737501753494,7003.196500008926,18061.26234707748
1777163551,128,GET,bulk_update_departures,4.000000,1.700000,2300,2500,2700,2700,2900,3000,3200,3200,3200,3200,3200,410,182,2100,1563.551917645538,292.30212498805486,5026.656417001504,189.77317073170732
1777163551,128,GET,large_scan,10.700000,4.700000,1900,2800,3000,3000,3300,3400,3600,3700,3700,3700,3700,808,329,2000,1795.7798129087444,287.6276669849176,7003.196500008926,197216.224009901
1777163551,128,GET,next_departures,34.000000,16.400000,990,2400,2600,2700,2800,2900,3100,3200,3400,3400,3400,3204,1333,1500,1557.6350535209297,268.1695840146858,5947.734208981274,171.83676654182273
1777163551,128,GET,point_read,41.700000,19.800000,320,360,390,410,480,550,710,750,890,890,890,4094,1635,270,286.3918065268863,113.28737501753494,3162.2608749894425,165.29164631167563
1777163551,128,GET,trips_per_route,4.500000,2.200000,500,540,590,700,850,930,960,960,960,960,960,401,172,430,483.89722166028156,282.559916988248,2176.124166988302,337.8354114713217
1777163551,128,,Aggregated,94.900000,44.800000,400,500,1400,2400,2700,2900,3200,3400,3700,3700,3700,8917,3651,370,947.5428875577926,113.28737501753494,7003.196500008926,18031.990243355387
1777163552,128,GET,bulk_update_departures,3.900000,1.600000,2400,2500,2700,2700,3000,3100,3200,3200,3200,3200,3200,412,184,2000,1557.6080316181087,292.30212498805486,5026.656417001504,190.2597087378641
1777163552,128,GET,large_scan,10.700000,4.800000,2000,2800,3000,3000,3300,3400,3600,3700,3700,3700,3700,814,330,2000,1798.1448587693696,287.6276669849176,7003.196500008926,197805.11670761672
1777163552,128,GET,next_departures,34.600000,16.600000,910,2500,2600,2700,2800,2900,3100,3200,3400,3400,3400,3245,1351,1500,1557.6282980813853,268.1695840146858,5947.734208981274,171.90077041602464
1777163552,128,GET,point_read,41.500000,20.000000,320,360,390,410,480,550,710,750,890,890,890,4141,1661,270,286.0489759628261,113.28737501753494,3162.2608749894425,165.66070997343635
1777163552,128,GET,trips_per_route,4.200000,2.200000,480,540,590,700,850,930,960,960,960,960,960,406,175,430,482.58275064218816,282.559916988248,2176.124166988302,337.66748768472905
1777163552,128,,Aggregated,94.900000,45.200000,390,500,1400,2400,2800,2900,3200,3400,3700,3700,3700,9018,3701,370,947.0376644002897,113.28737501753494,7003.196500008926,18016.485251718786
1777163553,128,GET,bulk_update_departures,3.700000,1.500000,2300,2500,2700,2700,2900,3100,3300,3300,3300,3300,3300,421,189,2000,1553.903168215413,292.30212498805486,5026.656417001504,190.68408551068885
1777163553,128,GET,large_scan,10.700000,4.900000,1900,2700,3000,3000,3300,3400,3600,3700,3700,3700,3700,820,334,2000,1793.5604921710342,287.6276669849176,7003.196500008926,197170.0987804878
1777163553,128,GET,next_departures,34.300000,16.500000,890,2500,2600,2700,2800,3000,3200,3300,3400,3400,3400,3278,1366,1500,1556.7597013230954,268.1695840146858,5947.734208981274,171.97925564368518
1777163553,128,GET,point_read,43.300000,20.600000,320,350,370,390,430,470,500,540,710,710,710,4192,1691,270,285.8436905818532,113.28737501753494,3162.2608749894425,166.14384541984734
1777163553,128,GET,trips_per_route,4.500000,2.100000,460,510,550,580,710,850,960,960,960,960,960,411,178,430,481.3243134883108,282.559916988248,2176.124166988302,337.5109489051095
1777163553,128,,Aggregated,96.500000,45.600000,380,470,1300,2400,2700,2900,3200,3300,3700,3700,3700,9122,3758,370,945.4124295219099,113.28737501753494,7003.196500008926,17886.285792589344
1777163554,128,GET,bulk_update_departures,4.100000,1.500000,2400,2500,2700,2700,3000,3200,3400,3400,3400,3400,3400,428,191,2100,1561.5381844455721,292.30212498805486,5026.656417001504,190.19158878504672
1777163554,128,GET,large_scan,10.000000,4.300000,1700,2800,3000,3100,3300,3400,3600,3700,3700,3700,3700,832,340,2000,1792.0626978129103,287.6276669849176,7003.196500008926,196726.05528846153
1777163554,128,GET,next_departures,34.000000,16.600000,530,2500,2600,2700,2900,3000,3200,3300,3400,3400,3400,3301,1377,1500,1556.5057018010075,268.1695840146858,5947.734208981274,172.06937291729778
1777163554,128,GET,point_read,43.100000,20.300000,300,350,370,380,420,450,490,510,580,580,580,4236,1710,270,285.6707895224833,113.28737501753494,3162.2608749894425,166.20561850802645
1777163554,128,GET,trips_per_route,4.000000,1.700000,450,480,550,580,710,740,850,850,850,850,850,412,178,430,481.8776128875788,282.559916988248,2176.124166988302,337.59466019417476
1777163554,128,,Aggregated,95.200000,44.400000,370,440,1000,2400,2800,3000,3200,3400,3700,3700,3700,9209,3796,370,945.3789629813325,113.28737501753494,7003.196500008926,17935.564882180475
1777163555,128,GET,bulk_update_departures,3.900000,1.300000,2400,2500,2700,2700,2900,3200,3300,3400,3400,3400,3400,432,192,2100,1566.2353651242922,292.30212498805486,5026.656417001504,189.85185185185185
1777163555,128,GET,large_scan,9.900000,4.000000,1600,2800,3000,3100,3300,3400,3600,3700,3700,3700,3700,841,347,1900,1783.6477497007238,287.6276669849176,7003.196500008926,195413.8834720571
1777163555,128,GET,next_departures,34.500000,16.900000,990,2500,2700,2700,2900,3000,3200,3300,3600,3600,3600,3343,1398,1500,1554.9579083724846,268.1695840146858,5947.734208981274,172.28537241998205
1777163555,128,GET,point_read,42.800000,20.700000,310,350,370,380,430,470,510,550,580,580,580,4277,1737,280,286.5388937632229,113.28737501753494,3162.2608749894425,166.72106616787468
1777163555,128,GET,trips_per_route,4.000000,1.900000,430,480,550,580,710,800,850,850,850,850,850,414,179,430,482.8942889702121,282.559916988248,2176.124166988302,337.56280193236717
1777163555,128,,Aggregated,95.100000,44.800000,370,460,1300,2400,2800,3000,3200,3400,3700,3700,3700,9307,3853,370,945.560417661995,113.28737501753494,7003.196500008926,17820.33512410014
1777163556,128,GET,bulk_update_departures,4.500000,1.800000,2400,2500,2700,2700,2900,3000,3400,3400,3400,3400,3400,437,192,2100,1577.068423022166,292.30212498805486,5026.656417001504,188.92448512585813
1777163556,128,GET,large_scan,10.000000,4.400000,500,2700,2900,3000,3200,3300,3400,3600,3600,3600,3600,853,353,1900,1782.618830399001,287.6276669849176,7003.196500008926,195005.47362250878
1777163556,128,GET,next_departures,35.100000,17.400000,550,2500,2600,2700,2800,3000,3100,3300,3600,3600,3600,3378,1416,1500,1554.3694281078563,268.1695840146858,5947.734208981274,172.49289520426288
1777163556,128,GET,point_read,44.000000,22.100000,310,350,370,390,440,500,550,570,640,640,640,4327,1759,280,287.6042218732156,113.28737501753494,3162.2608749894425,166.80402126184424
1777163556,128,GET,trips_per_route,4.300000,2.000000,430,470,550,580,710,800,820,820,820,820,820,419,180,430,484.5249607391113,282.559916988248,2176.124166988302,337.78042959427205
1777163556,128,,Aggregated,97.900000,47.700000,370,450,990,2300,2800,2900,3100,3300,3600,3600,3600,9414,3900,370,946.2388058141563,113.28737501753494,7003.196500008926,17831.76131293818
1777163557,128,GET,bulk_update_departures,5.000000,1.800000,2400,2600,2700,2800,2900,3000,3400,3400,3400,3400,3400,440,192,2100,1583.7078660651803,292.30212498805486,5026.656417001504,188.375
1777163557,128,GET,large_scan,9.800000,4.700000,2500,2800,3000,3000,3200,3300,3400,3600,3600,3600,3600,864,355,2000,1790.9191928487485,287.6276669849176,7003.196500008926,195986.70717592593
1777163557,128,GET,next_departures,34.200000,17.400000,990,2400,2600,2700,2900,3000,3100,3300,3600,3600,3600,3408,1428,1500,1553.8977805963611,268.1695840146858,5947.734208981274,172.4586267605634
1777163557,128,GET,point_read,45.100000,22.200000,310,350,370,390,440,500,550,570,640,640,640,4384,1779,280,287.6612552945782,113.28737501753494,3162.2608749894425,166.65100364963504
1777163557,128,GET,trips_per_route,4.000000,1.800000,430,470,580,580,710,800,820,820,820,820,820,421,181,430,484.57119667150727,282.559916988248,2176.124166988302,337.75534441805223
1777163557,128,,Aggregated,98.100000,47.900000,370,460,1100,2400,2800,3000,3200,3300,3600,3600,3600,9517,3935,370,946.1995058287835,113.28737501753494,7003.196500008926,17954.810549542923
1777163558,128,GET,bulk_update_departures,5.100000,1.800000,2300,2600,2700,2700,2900,3000,3400,3400,3400,3400,3400,446,194,2100,1584.6823650576573,292.30212498805486,5026.656417001504,188.13004484304932
1777163558,128,GET,large_scan,9.400000,4.500000,1500,2800,2900,3000,3200,3300,3400,3600,3600,3600,3600,875,363,1900,1778.8299591352031,287.6276669849176,7003.196500008926,194665.45142857142
1777163558,128,GET,next_departures,35.600000,17.700000,1100,2400,2600,2700,2900,3000,3200,3300,3600,3600,3600,3438,1438,1500,1553.5919941400157,268.1695840146858,5947.734208981274,172.30744618964513
1777163558,128,GET,point_read,44.400000,22.300000,320,350,370,390,440,480,550,580,640,640,640,4421,1797,280,288.0043731446436,113.28737501753494,3162.2608749894425,166.7946166025786
1777163558,128,GET,trips_per_route,3.900000,1.800000,450,470,580,610,710,800,820,820,820,820,820,425,181,440,484.85817090046646,282.559916988248,2176.124166988302,338.0847058823529
1777163558,128,,Aggregated,98.400000,48.100000,380,470,1300,2400,2800,2900,3100,3300,3600,3600,3600,9605,3973,380,945.739290079913,113.28737501753494,7003.196500008926,17895.851535658512
1777163559,128,GET,bulk_update_departures,4.900000,1.700000,2300,2500,2600,2600,2900,3000,3300,3400,3400,3400,3400,453,197,2100,1581.7378385401862,292.30212498805486,5026.656417001504,188.1169977924945
1777163559,128,GET,large_scan,9.200000,4.800000,1500,2800,2900,3000,3200,3300,3400,3600,3600,3600,3600,878,364,1900,1779.1071493352433,287.6276669849176,7003.196500008926,194757.98177676537
1777163559,128,GET,next_departures,35.600000,17.800000,1100,2300,2600,2600,2800,3000,3100,3300,3600,3600,3600,3485,1462,1500,1549.1528798230888,268.1695840146858,5947.734208981274,172.5687230989957
1777163559,128,GET,point_read,46.400000,22.600000,310,350,380,400,450,500,550,580,640,640,640,4470,1817,280,287.77430519297945,113.28737501753494,3162.2608749894425,166.7993288590604
1777163559,128,GET,trips_per_route,3.900000,1.700000,450,490,580,620,710,800,820,820,820,820,820,430,183,440,485.0262235667351,282.559916988248,2176.124166988302,338.11162790697676
1777163559,128,,Aggregated,100.000000,48.600000,380,470,1200,2200,2700,2900,3100,3300,3600,3600,3600,9716,4023,380,944.0400910359016,113.28737501753494,7003.196500008926,17761.950185261423
1777163560,128,GET,bulk_update_departures,4.500000,1.400000,2200,2400,2500,2600,2900,3000,3300,3400,3400,3400,3400,458,201,2100,1572.3221455233636,292.30212498805486,5026.656417001504,188.85152838427948
1777163560,128,GET,large_scan,9.000000,4.100000,1400,2800,2900,3000,3000,3200,3300,3400,3400,3400,3400,886,367,1900,1777.0303704766804,287.6276669849176,7003.196500008926,194876.69187358915
1777163560,128,GET,next_departures,35.100000,17.300000,1100,2300,2500,2600,2800,3000,3200,3300,3600,3600,3600,3520,1477,1500,1548.0903818234463,268.1695840146858,5947.734208981274,172.58863636363637
1777163560,128,GET,point_read,47.300000,23.100000,320,360,380,400,450,500,550,580,640,640,640,4517,1847,280,287.6509971223093,113.28737501753494,3162.2608749894425,167.3088332964357
1777163560,128,GET,trips_per_route,3.600000,1.700000,440,470,580,620,710,800,820,820,820,820,820,436,189,430,483.1145802011992,282.559916988248,2176.124166988302,337.4770642201835
1777163560,128,,Aggregated,99.500000,47.600000,380,460,1200,2200,2700,2900,3000,3200,3600,3600,3600,9817,4081,380,942.6309571029599,113.28737501753494,7003.196500008926,17750.598859121932
1777163561,128,GET,bulk_update_departures,5.000000,1.600000,2100,2300,2500,2600,2800,2900,3300,3400,3400,3400,3400,462,205,2100,1561.7584738997189,292.30212498805486,5026.656417001504,189.74675324675326
1777163561,128,GET,large_scan,9.400000,4.500000,1400,2700,2800,2900,3000,3200,3200,3300,3300,3300,3300,896,371,1900,1777.3131355940482,287.6276669849176,7003.196500008926,194929.40625
1777163561,128,GET,next_departures,34.800000,16.200000,1300,2300,2500,2600,2800,3000,3100,3300,3600,3600,3600,3568,1497,1500,1546.2567634813804,268.1695840146858,5947.734208981274,172.57763452914799
1777163561,128,GET,point_read,46.400000,22.500000,320,360,380,400,450,500,550,580,640,640,640,4565,1868,280,287.1147308141151,113.28737501753494,3162.2608749894425,167.37261774370208
1777163561,128,GET,trips_per_route,3.800000,1.500000,430,470,560,620,710,800,820,820,820,820,820,439,190,430,482.42116659168465,282.559916988248,2176.124166988302,337.5353075170843
1777163561,128,,Aggregated,99.400000,46.300000,390,470,1400,2200,2600,2800,3000,3200,3600,3600,3600,9930,4131,370,941.9446883016792,113.28737501753494,7003.196500008926,17751.50070493454
1777163562,128,GET,bulk_update_departures,5.100000,1.700000,2100,2300,2500,2600,2800,2900,3300,3400,3400,3400,3400,467,207,2100,1560.2820358300562,292.30212498805486,5026.656417001504,189.66167023554604
1777163562,128,GET,large_scan,8.600000,4.100000,1400,2700,2800,2800,3000,3200,3200,3300,3300,3300,3300,907,374,2000,1777.614555345379,287.6276669849176,7003.196500008926,195498.80154355016
1777163562,128,GET,next_departures,35.300000,16.800000,1300,2200,2400,2500,2700,2900,3100,3300,3600,3600,3600,3607,1513,1500,1544.216658343399,268.1695840146858,5947.734208981274,172.55614083726087
1777163562,128,GET,point_read,47.200000,22.300000,310,350,380,400,450,500,550,580,640,640,640,4625,1888,280,286.40534922452264,113.28737501753494,3162.2608749894425,167.16583783783784
1777163562,128,GET,trips_per_route,3.900000,1.500000,430,470,560,620,710,800,820,820,820,820,820,444,193,430,481.1204559138115,282.559916988248,2176.124166988302,337.38513513513516
1777163562,128,,Aggregated,100.100000,46.400000,390,470,1300,2100,2600,2800,3000,3200,3600,3600,3600,10050,4175,370,940.2168976780774,113.28737501753494,7003.196500008926,17806.103084577113
1777163563,128,GET,bulk_update_departures,5.500000,2.100000,2100,2200,2400,2500,2800,2900,3400,3400,3400,3400,3400,471,208,2100,1560.5773586870544,292.30212498805486,5026.656417001504,189.36093418259023
1777163563,128,GET,large_scan,8.400000,4.000000,1700,2600,2800,2800,3000,3100,3200,3200,3200,3200,3200,916,378,2000,1773.551157286245,287.6276669849176,7003.196500008926,195394.0480349345
1777163563,128,GET,next_departures,34.700000,16.300000,1200,2200,2300,2400,2700,2800,3000,3200,3600,3600,3600,3641,1531,1500,1540.244163160293,268.1695840146858,5947.734208981274,172.7703927492447
1777163563,128,GET,point_read,46.400000,22.900000,300,350,370,400,450,500,550,580,640,640,640,4668,1907,280,285.9088007078936,113.28737501753494,3162.2608749894425,167.2305055698372
1777163563,128,GET,trips_per_route,4.000000,2.000000,440,470,580,620,710,800,820,820,820,820,820,450,193,430,481.1195140015722,282.559916988248,2176.124166988302,337.8488888888889
1777163563,128,,Aggregated,99.000000,47.300000,390,470,1400,2100,2500,2800,3000,3100,3600,3600,3600,10146,4217,370,938.1785784631955,113.28737501753494,7003.196500008926,17803.258229844272
1777163564,128,GET,bulk_update_departures,5.200000,2.300000,2100,2200,2300,2300,2600,2900,2900,2900,2900,2900,2900,480,210,2100,1564.240086161711,292.30212498805486,5026.656417001504,188.60625
1777163564,128,GET,large_scan,8.800000,4.200000,1400,2500,2700,2800,3000,3000,3200,3200,3200,3200,3200,921,383,1900,1765.81460992531,287.6276669849176,7003.196500008926,194334.85776330077
1777163564,128,GET,next_departures,36.200000,16.200000,1200,2100,2300,2400,2600,2800,3000,3200,3600,3600,3600,3681,1551,1500,1535.7512839868657,268.1695840146858,5947.734208981274,172.9519152404238
1777163564,128,GET,point_read,47.400000,23.500000,290,340,370,390,450,500,550,580,640,640,640,4714,1922,270,285.17009233970185,113.28737501753494,3162.2608749894425,167.06173101400086
1777163564,128,GET,trips_per_route,3.800000,1.800000,440,470,580,620,690,740,820,820,820,820,820,454,195,430,481.1220718848356,282.559916988248,2176.124166988302,337.795154185022
1777163564,128,,Aggregated,101.400000,48.000000,380,470,1400,2000,2500,2700,3000,3100,3600,3600,3600,10250,4261,370,935.8997277443464,113.28737501753494,7003.196500008926,17624.435024390245
1777163565,128,GET,bulk_update_departures,5.500000,2.300000,1900,2100,2200,2200,2400,2500,2900,2900,2900,2900,2900,484,213,2100,1558.5045997408884,292.30212498805486,5026.656417001504,189.07644628099175
1777163565,128,GET,large_scan,9.300000,4.400000,1400,2400,2600,2700,2800,3000,3200,3200,3200,3200,3200,936,392,1900,1756.0228303410154,287.6276669849176,7003.196500008926,193354.56303418803
1777163565,128,GET,next_departures,35.800000,16.100000,1500,2100,2200,2300,2500,2700,2800,2900,3100,3100,3100,3723,1564,1500,1536.7948140778096,268.1695840146858,5947.734208981274,172.69191512221326
1777163565,128,GET,point_read,48.200000,22.400000,240,330,350,360,400,440,480,500,610,610,610,4761,1941,270,284.7151884225067,113.28737501753494,3162.2608749894425,167.05419029615626
1777163565,128,GET,trips_per_route,3.800000,1.800000,420,450,490,560,620,690,730,730,730,730,730,461,198,430,480.7515227086989,282.559916988248,2176.124166988302,337.80477223427334
1777163565,128,,Aggregated,102.600000,47.000000,360,450,1500,2000,2400,2600,2800,2900,3200,3200,3200,10365,4308,370,935.5133769738284,113.28737501753494,7003.196500008926,17623.288856729378
1777163567,128,GET,bulk_update_departures,5.100000,1.900000,1800,2100,2200,2200,2300,2500,2600,2600,2600,2600,2600,490,216,2000,1553.9451789644866,292.30212498805486,5026.656417001504,189.21632653061224
1777163567,128,GET,large_scan,8.700000,4.100000,1300,2300,2500,2500,2800,2800,3000,3100,3100,3100,3100,947,395,1900,1757.6445653296907,287.6276669849176,7003.196500008926,193918.1974656811
1777163567,128,GET,next_departures,37.600000,17.100000,1300,2100,2200,2300,2500,2600,2700,2800,3100,3100,3100,3767,1588,1500,1531.586744895321,268.1695840146858,5947.734208981274,172.9994690735333
1777163567,128,GET,point_read,47.100000,20.800000,230,330,350,360,400,430,470,500,610,610,610,4803,1961,270,284.7407046451312,113.28737501753494,3162.2608749894425,167.17947116385594
1777163567,128,GET,trips_per_route,4.200000,1.700000,420,450,490,560,620,690,730,730,730,730,730,467,199,430,480.44108442556586,282.559916988248,2176.124166988302,338.0835117773019
1777163567,128,,Aggregated,102.700000,45.600000,360,440,1500,2000,2300,2500,2700,2800,3100,3100,3100,10474,4359,370,934.4458086612365,113.28737501753494,7003.196500008926,17695.797784991406
1777163568,128,GET,bulk_update_departures,5.100000,1.900000,470,2000,2100,2200,2300,2400,2600,2600,2600,2600,2600,496,221,2000,1543.3227277049048,292.30212498805486,5026.656417001504,190.0826612903226
1777163568,128,GET,large_scan,8.700000,4.100000,1700,2300,2500,2500,2800,2900,3000,3100,3100,3100,3100,953,399,1900,1753.0318339813562,287.6276669849176,7003.196500008926,193396.2738719832
1777163568,128,GET,next_departures,37.600000,17.100000,1200,2100,2200,2300,2500,2600,2700,2800,3100,3100,3100,3803,1604,1500,1530.1336670551455,268.1695840146858,5947.734208981274,173.0449645017092
1777163568,128,GET,point_read,47.100000,20.800000,230,330,350,360,390,430,480,500,550,550,550,4843,1977,270,284.8722329984185,113.28737501753494,3162.2608749894425,167.16704521990502
1777163568,128,GET,trips_per_route,4.200000,1.700000,420,470,490,560,620,690,730,730,730,730,730,472,201,430,480.71422768999446,282.559916988248,2176.124166988302,338.103813559322
1777163568,128,,Aggregated,102.700000,45.600000,360,430,1500,2000,2300,2500,2700,2800,3100,3100,3100,10567,4402,370,933.2600630659223,113.28737501753494,7003.196500008926,17604.636604523515
1777163569,128,GET,bulk_update_departures,5.200000,2.100000,410,1900,2000,2200,2300,2400,2600,2600,2600,2600,2600,502,225,2000,1536.5115783219176,292.30212498805486,5026.656417001504,190.57171314741035
1777163569,128,GET,large_scan,9.500000,4.500000,1500,2300,2500,2600,2800,2900,3000,3100,3100,3100,3100,961,403,1900,1751.6143599887423,287.6276669849176,7003.196500008926,193171.38605619146
1777163569,128,GET,next_departures,38.000000,16.600000,1200,2100,2200,2300,2500,2600,2800,2900,3200,3200,3200,3844,1625,1500,1526.8358760777255,268.1695840146858,5947.734208981274,173.24505723204996
1777163569,128,GET,point_read,48.400000,20.400000,240,330,350,360,400,430,480,490,550,550,550,4882,1994,270,285.20948403857324,113.28737501753494,3162.2608749894425,167.21528062269562
1777163569,128,GET,trips_per_route,4.700000,1.900000,420,460,490,560,590,650,730,730,730,730,730,476,203,430,480.605212209488,282.559916988248,2176.124166988302,338.0546218487395
1777163569,128,,Aggregated,105.800000,45.500000,360,450,1400,2000,2300,2500,2800,2800,3200,3200,3200,10665,4450,370,932.4845852787238,113.28737501753494,7003.196500008926,17569.299765588374
1777163570,128,GET,bulk_update_departures,5.600000,2.900000,510,2000,2200,2200,2400,2500,2600,2600,2600,2600,2600,507,227,2000,1537.489365683561,292.30212498805486,5026.656417001504,190.4930966469428
1777163570,128,GET,large_scan,8.900000,4.400000,1500,2300,2500,2600,2800,2900,3000,3100,3100,3100,3100,966,405,1900,1750.5950413562787,287.6276669849176,7003.196500008926,193204.6645962733
1777163570,128,GET,next_departures,39.500000,17.600000,1200,2100,2200,2300,2500,2700,2800,2900,3200,3200,3200,3883,1640,1500,1527.972439646617,268.1695840146858,5947.734208981274,173.16533608035024
1777163570,128,GET,point_read,45.900000,19.800000,240,330,350,370,420,470,510,540,710,710,710,4926,2010,280,285.74379319556454,113.28737501753494,3162.2608749894425,167.13053187170118
1777163570,128,GET,trips_per_route,5.100000,2.000000,430,480,560,570,620,650,730,730,730,730,730,481,206,430,480.966451086768,282.559916988248,2176.124166988302,337.91683991683993
1777163570,128,,Aggregated,105.000000,46.700000,380,480,1500,2000,2400,2500,2800,2900,3200,3200,3200,10763,4488,380,933.0686323286834,113.28737501753494,7003.196500008926,17503.531543250025
1777163571,128,GET,bulk_update_departures,5.600000,3.100000,510,2000,2200,2200,2400,2500,2600,2600,2600,2600,2600,514,232,2000,1529.4521501819954,292.30212498805486,5026.656417001504,191.15175097276264
1777163571,128,GET,large_scan,8.600000,4.000000,1500,2300,2400,2500,2800,2900,3000,3300,3300,3300,3300,976,409,1900,1748.6102960544977,287.6276669849176,7003.196500008926,193270.193647541
1777163571,128,GET,next_departures,40.600000,18.700000,1100,2100,2200,2300,2500,2700,2800,2900,3200,3200,3200,3921,1663,1500,1523.8313617543322,268.1695840146858,5947.734208981274,173.53073195613365
1777163571,128,GET,point_read,46.100000,19.700000,260,330,360,380,420,470,520,550,710,710,710,4962,2029,280,285.7906086149366,113.28737501753494,3162.2608749894425,167.31539701733172
1777163571,128,GET,trips_per_route,5.100000,2.200000,440,480,560,570,620,650,730,730,730,730,730,487,209,430,480.89233900980213,282.559916988248,2176.124166988302,337.8439425051335
1777163571,128,,Aggregated,106.000000,47.700000,390,470,1300,2000,2400,2500,2700,2900,3300,3300,3300,10860,4542,380,931.8611779582455,113.28737501753494,7003.196500008926,17532.700184162062
1777163572,128,GET,bulk_update_departures,5.400000,3.000000,510,2000,2200,2200,2500,2600,2900,2900,2900,2900,2900,516,232,2000,1533.3667561870864,292.30212498805486,5026.656417001504,190.8294573643411
1777163572,128,GET,large_scan,8.800000,4.100000,500,2300,2400,2500,2800,3000,3300,3300,3300,3300,3300,983,413,1900,1745.430365028619,287.6276669849176,7003.196500008926,192909.76093591048
1777163572,128,GET,next_departures,39.600000,17.600000,1000,2100,2200,2300,2600,2700,2800,2900,3300,3300,3300,3960,1682,1500,1522.5233102216455,268.1695840146858,5947.734208981274,173.65681818181818
1777163572,128,GET,point_read,45.400000,19.200000,280,340,360,380,420,470,510,540,710,710,710,5002,2052,280,285.4561643239378,113.28737501753494,3162.2608749894425,167.59736105557778
1777163572,128,GET,trips_per_route,5.100000,2.300000,460,520,560,580,650,690,730,730,730,730,730,491,211,430,480.7798968386327,282.559916988248,2176.124166988302,337.79633401222
1777163572,128,,Aggregated,104.300000,46.200000,380,470,1300,2000,2400,2600,2800,2900,3300,3300,3300,10952,4590,380,931.3442537243853,113.28737501753494,7003.196500008926,17478.143170197225
1777163573,128,GET,bulk_update_departures,5.500000,3.000000,510,2100,2200,2300,2500,2600,2900,2900,2900,2900,2900,519,233,2000,1535.4681820491476,292.30212498805486,5026.656417001504,190.70712909441232
1777163573,128,GET,large_scan,9.000000,4.200000,470,2300,2400,2600,2900,3000,3300,3300,3300,3300,3300,991,419,1800,1739.2981702322456,287.6276669849176,7003.196500008926,192025.21897073663
1777163573,128,GET,next_departures,39.900000,18.400000,1000,2200,2300,2400,2700,2900,3000,3100,3300,3300,3300,4002,1705,1400,1521.3171093775331,268.1695840146858,5947.734208981274,173.92028985507247
1777163573,128,GET,point_read,44.300000,18.000000,300,340,370,380,420,470,510,540,710,710,710,5036,2076,280,285.4406730201093,113.28737501753494,3162.2608749894425,168.0198570293884
1777163573,128,GET,trips_per_route,5.100000,2.000000,460,490,560,580,620,650,730,730,730,730,730,493,213,430,480.32131738899113,282.559916988248,2176.124166988302,337.6085192697769
1777163573,128,,Aggregated,103.800000,45.600000,380,470,1300,2100,2500,2700,2900,3100,3300,3300,3300,11041,4646,370,931.3595855189361,113.28737501753494,7003.196500008926,17399.201793315824
1777163574,128,GET,bulk_update_departures,5.400000,2.700000,470,2200,2400,2500,2600,2800,3000,3000,3000,3000,3000,524,234,2000,1541.911413693709,292.30212498805486,5026.656417001504,190.2709923664122
1777163574,128,GET,large_scan,8.700000,4.200000,1400,2300,2600,2800,3000,3200,3300,3400,3400,3400,3400,1001,423,1800,1739.5227482438831,287.6276669849176,7003.196500008926,192100.9000999001
1777163574,128,GET,next_departures,39.000000,18.500000,1000,2200,2400,2500,2800,2900,3100,3200,3300,3300,3300,4034,1721,1400,1521.5849202355002,268.1695840146858,5947.734208981274,174.0411502231036
1777163574,128,GET,point_read,43.100000,18.100000,310,340,370,390,420,470,510,540,710,710,710,5083,2096,280,285.03645218497405,113.28737501753494,3162.2608749894425,168.04642927405075
1777163574,128,GET,trips_per_route,5.200000,2.100000,440,480,530,560,620,650,730,730,730,730,730,498,215,430,479.41997777457897,282.559916988248,2176.124166988302,337.6385542168675
1777163574,128,,Aggregated,101.400000,45.600000,390,470,1300,2100,2600,2800,3000,3100,3400,3400,3400,11140,4689,370,931.3185687060666,113.28737501753494,7003.196500008926,17425.2342010772
1777163575,128,GET,bulk_update_departures,5.400000,2.700000,470,2200,2400,2500,2700,2800,3000,3000,3000,3000,3000,528,237,2000,1537.6974518306022,292.30212498805486,5026.656417001504,190.70075757575756
1777163575,128,GET,large_scan,8.700000,4.200000,1500,2600,2800,2900,3200,3300,3400,3400,3400,3400,3400,1012,427,1900,1743.2465327669763,287.6276669849176,7003.196500008926,192313.72035573123
1777163575,128,GET,next_departures,39.000000,18.500000,950,2200,2500,2600,2800,3000,3100,3200,3300,3300,3300,4081,1739,1400,1523.435727543715,268.1695840146858,5947.734208981274,173.93678020093114
1777163575,128,GET,point_read,43.100000,18.100000,310,340,370,390,420,470,510,540,710,710,710,5123,2112,280,284.73662612182125,113.28737501753494,3162.2608749894425,168.0273277376537
1777163575,128,GET,trips_per_route,5.200000,2.100000,430,480,520,570,620,650,690,690,690,690,690,506,219,430,478.74063729992315,282.559916988248,2176.124166988302,337.5632411067194
1777163575,128,,Aggregated,101.400000,45.600000,390,470,1400,2200,2600,2900,3100,3200,3400,3400,3400,11250,4734,370,932.8141731491971,113.28737501753494,7003.196500008926,17463.43306666667
1777163576,128,GET,bulk_update_departures,5.300000,2.600000,450,2200,2500,2500,2800,2900,3000,3000,3000,3000,3000,529,238,2000,1535.495970116392,292.30212498805486,5026.656417001504,190.89413988657844
1777163576,128,GET,large_scan,8.500000,4.500000,1400,2600,2700,2900,3200,3300,3400,3400,3400,3400,3400,1024,433,1800,1737.74482856561,287.6276669849176,7003.196500008926,192009.84375
1777163576,128,GET,next_departures,39.200000,18.900000,910,2200,2500,2600,2900,3000,3100,3200,3300,3300,3300,4124,1765,1400,1519.086235041904,268.1695840146858,5947.734208981274,174.3193501454898
1777163576,128,GET,point_read,41.300000,18.900000,300,340,360,380,420,470,510,540,710,710,710,5161,2124,280,284.1474167316531,113.28737501753494,3162.2608749894425,167.8796744816896
1777163576,128,GET,trips_per_route,4.800000,2.200000,450,490,520,540,620,650,690,690,690,690,690,512,219,430,478.8771215327756,282.559916988248,2176.124166988302,337.97265625
1777163576,128,,Aggregated,99.100000,47.100000,380,470,1200,2200,2700,2900,3100,3200,3400,3400,3400,11350,4779,370,931.1109788486693,113.28737501753494,7003.196500008926,17486.997797356828
1777163577,128,GET,bulk_update_departures,4.800000,2.700000,450,2300,2500,2500,2800,2900,3000,3000,3000,3000,3000,532,240,2000,1531.3951806532905,292.30212498805486,5026.656417001504,191.1184210526316
1777163577,128,GET,large_scan,9.100000,4.400000,1400,2600,2700,2900,3100,3300,3400,3400,3400,3400,3400,1038,439,1800,1733.1577559742068,287.6276669849176,7003.196500008926,191984.22061657032
1777163577,128,GET,next_departures,39.900000,18.800000,930,2300,2600,2600,2900,3000,3100,3200,3300,3300,3300,4158,1777,1400,1519.4608026945327,268.1695840146858,5947.734208981274,174.1945646945647
1777163577,128,GET,point_read,40.900000,19.000000,290,330,350,370,420,460,500,540,710,710,710,5206,2142,270,283.54508300558336,111.19120800867677,3162.2608749894425,167.8597771801767
1777163577,128,GET,trips_per_route,5.200000,2.400000,430,460,500,510,620,650,690,690,690,690,690,520,223,430,477.3139423399138,282.559916988248,2176.124166988302,337.8826923076923
1777163577,128,,Aggregated,99.900000,47.300000,370,460,1400,2200,2700,2900,3100,3200,3400,3400,3400,11454,4821,370,930.3280038900346,111.19120800867677,7003.196500008926,17562.002269949364
1777163578,128,GET,bulk_update_departures,4.500000,2.500000,450,2300,2500,2600,2800,2900,3000,3000,3000,3000,3000,534,242,2000,1527.0806873119232,292.30212498805486,5026.656417001504,191.5
1777163578,128,GET,large_scan,8.800000,4.100000,1400,2400,2700,2900,3100,3300,3400,3400,3400,3400,3400,1044,442,1800,1732.5930892732326,287.6276669849176,7003.196500008926,191837.08524904214
1777163578,128,GET,next_departures,40.000000,20.000000,980,2400,2600,2600,2900,3000,3100,3200,3300,3300,3300,4198,1797,1400,1517.9320772834678,268.1695840146858,5947.734208981274,174.33825631252978
1777163578,128,GET,point_read,39.800000,18.300000,230,330,340,350,400,430,500,540,710,710,710,5252,2159,270,283.10451551733587,111.19120800867677,3162.2608749894425,167.78389185072353
1777163578,128,GET,trips_per_route,5.000000,2.100000,430,460,500,520,620,650,690,690,690,690,690,521,223,430,477.5185958421324,282.559916988248,2176.124166988302,337.9481765834933
1777163578,128,,Aggregated,98.100000,47.000000,360,440,1400,2300,2700,2900,3100,3200,3400,3400,3400,11549,4863,370,929.2769275775049,111.19120800867677,7003.196500008926,17505.35301757728
1777163579,128,GET,bulk_update_departures,4.200000,2.400000,460,2500,2700,2700,2800,3000,3000,3000,3000,3000,3000,539,244,2000,1530.2430700844652,292.30212498805486,5026.656417001504,191.39517625231912
1777163579,128,GET,large_scan,9.000000,4.400000,1500,2600,2700,3000,3100,3300,3400,3400,3400,3400,3400,1056,447,1800,1733.5221722237707,287.6276669849176,7003.196500008926,191862.39583333334
1777163579,128,GET,next_departures,39.100000,18.900000,1000,2400,2600,2700,2900,3000,3200,3200,3300,3300,3300,4225,1806,1400,1519.8648523519612,268.1695840146858,5947.734208981274,174.21609467455622
1777163579,128,GET,point_read,40.200000,18.000000,230,330,340,350,380,420,460,490,530,530,530,5292,2172,270,283.34060733902095,111.19120800867677,3162.2608749894425,167.6468253968254
1777163579,128,GET,trips_per_route,5.400000,2.400000,430,460,500,510,590,670,690,690,690,690,690,527,223,430,477.4573533676487,282.559916988248,2176.124166988302,338.3453510436433
1777163579,128,,Aggregated,97.900000,46.100000,360,430,1400,2300,2700,3000,3100,3200,3400,3400,3400,11639,4892,370,930.3108470739494,111.19120800867677,7003.196500008926,17571.21831772489
1777163580,128,GET,bulk_update_departures,3.700000,2.000000,1800,2600,2800,2800,2900,3000,3000,3000,3000,3000,3000,542,246,2000,1528.46732961355,292.30212498805486,5026.656417001504,191.6180811808118
1777163580,128,GET,large_scan,9.000000,4.200000,1400,2500,2700,3000,3100,3200,3400,3400,3400,3400,3400,1060,450,1800,1730.5351407560113,287.6276669849176,7003.196500008926,191452.87075471698
1777163580,128,GET,next_departures,39.000000,19.000000,1200,2500,2600,2700,2900,3100,3200,3200,3300,3300,3300,4270,1825,1400,1520.6023890068036,268.1695840146858,5947.734208981274,174.2056206088993
1777163580,128,GET,point_read,40.600000,18.100000,260,330,340,350,390,430,490,500,530,530,530,5334,2190,270,283.64575367850887,111.19120800867677,3162.2608749894425,167.67622797150355
1777163580,128,GET,trips_per_route,4.900000,2.200000,420,490,520,580,630,690,820,820,820,820,820,532,224,430,478.61404389058083,282.559916988248,2176.124166988302,338.5075187969925
1777163580,128,,Aggregated,97.200000,45.500000,360,450,1500,2400,2700,3000,3100,3200,3400,3400,3400,11738,4935,370,930.5978756501885,111.19120800867677,7003.196500008926,17452.907565172944
1777163581,128,GET,bulk_update_departures,3.700000,2.000000,460,2600,2800,2800,3000,3000,3200,3200,3200,3200,3200,544,247,2000,1529.4079039220057,292.30212498805486,5026.656417001504,191.65257352941177
1777163581,128,GET,large_scan,9.000000,4.200000,1700,2600,2900,3000,3200,3400,3500,3500,3500,3500,3500,1070,454,1800,1734.9964985909553,287.6276669849176,7003.196500008926,191529.02242990653
1777163581,128,GET,next_departures,39.000000,19.000000,1200,2500,2600,2700,2900,3100,3100,3200,3300,3300,3300,4299,1837,1400,1521.525190649,268.1695840146858,5947.734208981274,174.18655501279366
1777163581,128,GET,point_read,40.600000,18.100000,280,330,350,370,420,490,530,650,790,790,790,5366,2205,280,284.5252514521389,111.19120800867677,3162.2608749894425,167.74785687663064
1777163581,128,GET,trips_per_route,4.900000,2.200000,440,500,520,580,630,670,820,820,820,820,820,534,225,430,478.9569715520499,282.559916988248,2176.124166988302,338.48689138576776
1777163581,128,,Aggregated,97.200000,45.500000,370,490,1700,2400,2800,3000,3200,3300,3500,3500,3500,11813,4968,370,932.1938940088814,111.19120800867677,7003.196500008926,17512.065351731144
1777163582,128,GET,bulk_update_departures,3.400000,1.800000,450,2600,2700,2800,3000,3000,3200,3200,3200,3200,3200,544,247,2000,1529.4079039220057,292.30212498805486,5026.656417001504,191.65257352941177
1777163582,128,GET,large_scan,9.400000,4.500000,1800,2700,3000,3000,3200,3400,3500,3500,3500,3500,3500,1078,456,1800,1739.445959989206,287.6276669849176,7003.196500008926,191958.70037105752
1777163582,128,GET,next_departures,37.400000,17.700000,1700,2500,2600,2700,2900,3000,3100,3200,3300,3300,3300,4340,1850,1500,1524.8021401449664,268.1695840146858,5947.734208981274,173.9758064516129
1777163582,128,GET,point_read,40.300000,17.900000,280,340,350,380,420,490,570,650,790,790,790,5417,2214,280,284.8353795385241,111.19120800867677,3162.2608749894425,167.282628761307
1777163582,128,GET,trips_per_route,5.000000,1.800000,450,510,580,610,690,820,990,990,990,990,990,537,225,440,481.36118020072365,282.559916988248,2176.124166988302,338.6741154562384
1777163582,128,,Aggregated,95.500000,43.700000,390,520,1900,2400,2800,3000,3200,3200,3500,3500,3500,11916,4992,380,933.7198839844801,111.19120800867677,7003.196500008926,17529.27416918429
1777163583,128,GET,bulk_update_departures,3.000000,1.500000,450,2200,2700,2800,2800,3000,3200,3200,3200,3200,3200,549,249,2000,1531.0861553289296,292.30212498805486,5026.656417001504,191.47723132969034
1777163583,128,GET,large_scan,9.400000,4.500000,1800,2700,2900,3000,3200,3400,3500,3500,3500,3500,3500,1082,457,1800,1739.843018978153,287.6276669849176,7003.196500008926,192171.15896487984
1777163583,128,GET,next_departures,37.900000,17.500000,1700,2500,2600,2700,2800,3000,3100,3200,3300,3300,3300,4374,1863,1500,1525.2138438841218,268.1695840146858,5947.734208981274,173.88225880201188
1777163583,128,GET,point_read,40.400000,17.600000,290,340,370,400,490,570,710,750,840,840,840,5456,2227,280,285.8008101716023,111.19120800867677,3162.2608749894425,167.1341642228739
1777163583,128,GET,trips_per_route,4.700000,1.600000,490,540,600,630,690,820,990,990,990,990,990,539,226,440,481.7283134207696,282.559916988248,2176.124166988302,338.65120593692023
1777163583,128,,Aggregated,95.400000,42.700000,410,570,1900,2400,2700,2900,3100,3200,3500,3500,3500,12000,5022,380,934.4452150157628,111.19120800867677,7003.196500008926,17490.774416666667
1777163584,128,GET,bulk_update_departures,2.800000,1.500000,800,2500,2700,2700,2800,3000,3200,3200,3200,3200,3200,552,250,2000,1532.2505346948806,292.30212498805486,5026.656417001504,191.3605072463768
1777163584,128,GET,large_scan,9.400000,4.300000,1700,2600,2700,2800,3100,3200,3500,3500,3500,3500,3500,1093,463,1800,1735.6911158841658,287.6276669849176,7003.196500008926,191759.66514181154
1777163584,128,GET,next_departures,37.500000,16.700000,1600,2400,2600,2600,2800,2900,3000,3100,3200,3200,3200,4412,1882,1500,1523.6608521133633,268.1695840146858,5947.734208981274,174.0151858567543
1777163584,128,GET,point_read,40.400000,15.900000,290,340,370,400,490,570,710,750,840,840,840,5494,2242,280,285.22601472865233,111.19120800867677,3162.2608749894425,167.10902803057883
1777163584,128,GET,trips_per_route,4.600000,1.400000,500,580,600,620,790,950,990,990,990,990,990,544,227,440,481.5884488672215,198.72933300212026,2176.124166988302,338.72242647058823
1777163584,128,,Aggregated,94.700000,39.800000,400,570,1800,2400,2700,2900,3000,3100,3500,3500,3500,12095,5064,380,933.800761094677,111.19120800867677,7003.196500008926,17492.27465894998
1777163585,128,GET,bulk_update_departures,3.000000,1.600000,460,2200,2500,2700,2800,3000,3200,3200,3200,3200,3200,556,253,2000,1527.0923455226425,292.30212498805486,5026.656417001504,191.7607913669065
1777163585,128,GET,large_scan,9.100000,3.800000,1500,2600,2700,2800,3100,3200,3500,3500,3500,3500,3500,1105,472,1800,1726.2626096492736,287.6276669849176,7003.196500008926,190582.2371040724
1777163585,128,GET,next_departures,37.000000,15.800000,1500,2500,2600,2600,2800,2900,3000,3100,3200,3200,3200,4446,1903,1400,1520.1458152713126,268.1695840146858,5947.734208981274,174.31646423751687
1777163585,128,GET,point_read,42.100000,15.100000,300,340,370,400,490,570,710,750,840,840,840,5532,2263,280,284.9341460738078,111.19120800867677,3162.2608749894425,167.3174258857556
1777163585,128,GET,trips_per_route,4.600000,1.300000,500,580,610,630,790,950,990,990,990,990,990,545,228,440,481.3073340527833,198.72933300212026,2176.124166988302,338.6385321100917
1777163585,128,,Aggregated,95.800000,37.600000,390,560,1700,2400,2700,2900,3000,3100,3500,3500,3500,12184,5119,370,931.85489294225,111.19120800867677,7003.196500008926,17447.895600787917
1777163586,128,GET,bulk_update_departures,2.700000,1.600000,2200,2500,2600,2700,2800,3200,3700,3700,3700,3700,3700,563,254,2000,1537.2519655605272,292.30212498805486,5026.656417001504,191.0550621669627
1777163586,128,GET,large_scan,9.000000,3.800000,1600,2700,2800,2900,3100,3300,3500,3600,3600,3600,3600,1119,480,1800,1722.488539949532,287.6276669849176,7003.196500008926,189982.61840929402
1777163586,128,GET,next_departures,37.400000,15.900000,1600,2500,2600,2700,2900,3000,3300,3400,3600,3600,3600,4479,1915,1400,1523.2269380321936,268.1695840146858,5947.734208981274,174.21902210314803
1777163586,128,GET,point_read,41.000000,14.400000,310,340,370,400,490,570,710,750,840,840,840,5572,2283,280,284.57632985558394,111.19120800867677,3162.2608749894425,167.45495333811917
1777163586,128,GET,trips_per_route,4.600000,1.200000,480,580,610,630,790,950,990,990,990,990,990,553,232,440,479.88915584766085,198.72933300212026,2176.124166988302,338.54430379746833
1777163586,128,,Aggregated,94.700000,36.900000,390,570,2100,2500,2700,2900,3200,3400,3700,3700,3700,12286,5164,370,933.2987954907514,111.19120800867677,7003.196500008926,17466.931059742798
1777163587,128,GET,bulk_update_departures,2.700000,1.500000,2200,2500,2600,2700,2800,3200,3700,3700,3700,3700,3700,565,256,2000,1532.9248290311182,292.30212498805486,5026.656417001504,191.41592920353983
1777163587,128,GET,large_scan,9.200000,4.400000,1600,2700,2900,3000,3200,3400,3600,3600,3600,3600,3600,1129,484,1800,1725.4321111208749,287.6276669849176,7003.196500008926,190067.8104517272
1777163587,128,GET,next_departures,36.100000,16.100000,1800,2500,2700,2700,2900,3100,3300,3400,3600,3600,3600,4507,1925,1500,1525.102523848715,268.1695840146858,5947.734208981274,174.1313512314178
1777163587,128,GET,point_read,40.700000,15.000000,310,330,360,400,490,570,710,750,840,840,840,5620,2302,280,283.9402108386773,111.19120800867677,3162.2608749894425,167.43007117437722
1777163587,128,GET,trips_per_route,3.900000,0.900000,470,520,600,620,670,820,990,990,990,990,990,565,237,430,478.6267438348675,198.72933300212026,2176.124166988302,338.5646017699115
1777163587,128,,Aggregated,92.600000,37.900000,390,570,2000,2500,2800,3000,3200,3400,3700,3700,3700,12386,5204,370,932.8209714213049,111.19120800867677,7003.196500008926,17488.43565315679
1777163588,128,GET,bulk_update_departures,3.300000,1.600000,2200,2500,2600,2700,3100,3200,3700,3700,3700,3700,3700,569,257,2000,1538.3138931346652,292.30212498805486,5026.656417001504,191.1493848857645
1777163588,128,GET,large_scan,9.400000,4.600000,650,2700,2900,3000,3300,3500,3600,3600,3600,3600,3600,1136,489,1800,1722.216881966105,287.6276669849176,7003.196500008926,189483.2403169014
1777163588,128,GET,next_departures,35.400000,15.100000,1600,2500,2700,2800,2900,3200,3400,3400,3600,3600,3600,4541,1940,1500,1526.0352055126798,268.1695840146858,5947.734208981274,174.15481171548117
1777163588,128,GET,point_read,40.900000,15.700000,310,330,350,380,470,570,710,750,840,840,840,5665,2325,280,283.72959166624753,111.19120800867677,3162.2608749894425,167.60229479258606
1777163588,128,GET,trips_per_route,4.100000,1.300000,460,520,600,610,650,820,990,990,990,990,990,569,240,430,478.18557267081974,198.72933300212026,2176.124166988302,338.38312829525483
1777163588,128,,Aggregated,93.100000,38.300000,370,560,1600,2500,2800,3000,3400,3500,3700,3700,3700,12480,5251,370,932.7628669053843,111.19120800867677,7003.196500008926,17411.423798076925
1777163589,128,GET,bulk_update_departures,3.300000,1.600000,2200,2600,2600,2700,3100,3200,3700,3700,3700,3700,3700,570,257,2000,1540.2069268028226,292.30212498805486,5026.656417001504,191.00350877192983
1777163589,128,GET,large_scan,9.100000,4.400000,1600,2800,2900,3100,3300,3500,3600,3600,3600,3600,3600,1149,494,1800,1725.142340945628,287.6276669849176,7003.196500008926,189655.5361183638
1777163589,128,GET,next_departures,34.800000,14.800000,1500,2500,2700,2800,2900,3200,3400,3400,3600,3600,3600,4576,1958,1400,1525.157163276253,268.1695840146858,5947.734208981274,174.2930506993007
1777163589,128,GET,point_read,41.000000,15.900000,310,330,350,360,440,560,710,750,840,840,840,5709,2348,280,283.47529859909645,111.19120800867677,3162.2608749894425,167.78612716763007
1777163589,128,GET,trips_per_route,4.400000,1.300000,460,510,590,610,650,950,990,990,990,990,990,571,241,430,478.05976039179944,198.72933300212026,2176.124166988302,338.35901926444836
1777163589,128,,Aggregated,92.600000,38.000000,360,540,1600,2500,2800,3100,3300,3500,3700,3700,3700,12575,5298,370,932.8475769433194,111.19120800867677,7003.196500008926,17492.782664015904
1777163590,128,GET,bulk_update_departures,3.600000,1.600000,2200,2500,2600,2700,3000,3200,3700,3700,3700,3700,3700,576,261,2000,1536.0023071225442,292.30212498805486,5026.656417001504,191.41145833333334
1777163590,128,GET,large_scan,9.300000,4.800000,550,2700,2900,3000,3200,3400,3600,3600,3600,3600,3600,1157,498,1800,1722.4452602960287,287.6276669849176,7003.196500008926,189494.61884183233
1777163590,128,GET,next_departures,34.300000,14.400000,1500,2500,2700,2800,2900,3200,3400,3400,3600,3600,3600,4616,1974,1500,1526.4268128576816,268.1695840146858,5947.734208981274,174.24306759098786
1777163590,128,GET,point_read,41.100000,16.400000,290,330,340,350,410,540,620,720,840,840,840,5740,2360,280,283.4136046596275,111.19120800867677,3162.2608749894425,167.7602787456446
1777163590,128,GET,trips_per_route,4.800000,1.700000,400,480,540,570,640,790,990,990,990,990,990,575,243,430,477.76802213169105,198.72933300212026,2176.124166988302,338.31304347826085
1777163590,128,,Aggregated,93.100000,38.900000,350,480,1700,2500,2800,3000,3300,3400,3700,3700,3700,12664,5336,370,933.757372606455,111.19120800867677,7003.196500008926,17476.09815224258
1777163591,128,GET,bulk_update_departures,3.100000,1.300000,2400,2500,2600,2600,2800,3100,3700,3700,3700,3700,3700,578,261,2000,1539.172086047738,292.30212498805486,5026.656417001504,191.12456747404843
1777163591,128,GET,large_scan,9.100000,4.600000,470,2700,2900,3000,3200,3400,3600,3600,3600,3600,3600,1168,504,1800,1721.8502009447848,287.6276669849176,7003.196500008926,189134.75428082192
1777163591,128,GET,next_departures,34.800000,15.000000,1500,2500,2700,2800,3000,3200,3400,3400,3600,3600,3600,4653,1992,1500,1526.4502951635518,268.1695840146858,5947.734208981274,174.34107027724048
1777163591,128,GET,point_read,41.200000,17.100000,290,330,340,350,420,520,620,720,840,840,840,5787,2378,280,283.75322924233876,111.19120800867677,3162.2608749894425,167.7140141696907
1777163591,128,GET,trips_per_route,4.500000,1.800000,440,480,540,550,600,640,710,710,710,710,710,581,245,440,478.4598676448731,198.72933300212026,2176.124166988302,338.38726333907056
1777163591,128,,Aggregated,92.700000,39.800000,350,470,1500,2500,2800,3100,3300,3400,3700,3700,3700,12767,5380,370,933.9234624079429,111.19120800867677,7003.196500008926,17466.76870055612
1777163592,128,GET,bulk_update_departures,3.500000,1.600000,2500,2600,2600,2700,3000,3100,3700,3700,3700,3700,3700,581,261,2000,1546.161118305726,292.30212498805486,5026.656417001504,190.69707401032701
1777163592,128,GET,large_scan,9.700000,4.800000,410,2600,2900,3000,3200,3400,3600,3600,3600,3600,3600,1176,510,1700,1716.0286209230737,287.6276669849176,7003.196500008926,188415.04761904763
1777163592,128,GET,next_departures,35.700000,15.600000,1500,2600,2700,2800,3000,3200,3400,3400,3600,3600,3600,4688,2006,1500,1527.9808183261548,268.1695840146858,5947.734208981274,174.29842150170649
1777163592,128,GET,point_read,41.200000,17.200000,300,330,340,360,420,480,520,570,640,640,640,5827,2403,280,284.4036609602567,111.19120800867677,3162.2608749894425,168.02436931525656
1777163592,128,GET,trips_per_route,4.400000,1.900000,440,480,550,550,600,650,710,710,710,710,710,587,247,440,478.8946385889134,198.72933300212026,2176.124166988302,338.4633730834753
1777163592,128,,Aggregated,94.500000,41.100000,360,460,1500,2500,2800,3100,3300,3400,3700,3700,3700,12859,5427,370,934.5885861669873,111.19120800867677,7003.196500008926,17394.957461699978
1777163593,128,GET,bulk_update_departures,3.400000,1.400000,2400,2600,2600,2700,3000,3100,3700,3700,3700,3700,3700,582,262,2000,1544.1918219959255,292.30212498805486,5026.656417001504,190.87285223367698
1777163593,128,GET,large_scan,9.800000,5.000000,490,2700,2900,3100,3200,3400,3600,3600,3600,3600,3600,1185,511,1700,1720.6753959557786,287.6276669849176,7003.196500008926,189228.84219409284
1777163593,128,GET,next_departures,35.300000,15.500000,1500,2600,2800,2800,3000,3200,3400,3400,3600,3600,3600,4716,2019,1500,1527.7825734504077,268.1695840146858,5947.734208981274,174.34308736217133
1777163593,128,GET,point_read,42.100000,17.300000,310,330,360,380,440,490,560,580,640,640,640,5865,2423,280,284.9008930236141,111.19120800867677,3162.2608749894425,168.17220801364024
1777163593,128,GET,trips_per_route,4.700000,2.000000,420,490,540,550,600,650,710,710,710,710,710,591,251,440,478.9396875646074,198.72933300212026,2176.124166988302,338.1505922165821
1777163593,128,,Aggregated,95.300000,41.200000,370,470,1500,2500,2900,3100,3300,3400,3700,3700,3700,12939,5466,370,934.9053013320612,111.19120800867677,7003.196500008926,17494.06020558003
1777163594,128,GET,bulk_update_departures,3.600000,1.400000,2500,2600,2600,2800,3100,3100,3700,3700,3700,3700,3700,584,263,2000,1543.7635676106554,292.30212498805486,5026.656417001504,190.90753424657535
1777163594,128,GET,large_scan,9.700000,5.200000,1500,2800,3000,3100,3300,3400,3600,3600,3600,3600,3600,1198,516,1700,1720.6486564053357,287.6276669849176,7003.196500008926,189396.83973288815
1777163594,128,GET,next_departures,34.900000,15.400000,1600,2600,2800,2900,3100,3200,3400,3400,3600,3600,3600,4751,2033,1500,1529.0918919652813,268.1695840146858,5947.734208981274,174.29993685539887
1777163594,128,GET,point_read,40.900000,18.400000,310,340,370,400,440,490,560,580,640,640,640,5907,2447,280,284.96746381386,111.19120800867677,3162.2608749894425,168.41036058913153
1777163594,128,GET,trips_per_route,4.900000,2.200000,450,500,540,550,600,650,710,710,710,710,710,595,253,440,478.79648189531923,198.72933300212026,2176.124166988302,338.109243697479
1777163594,128,,Aggregated,94.000000,42.600000,380,490,1700,2500,2900,3100,3400,3400,3700,3700,3700,13035,5512,380,935.6192794830429,111.19120800867677,7003.196500008926,17570.61588032221
1777163595,128,GET,bulk_update_departures,3.300000,1.300000,2400,2600,2700,2700,3000,3100,3100,3100,3100,3100,3100,591,267,2000,1541.5060043444482,292.30212498805486,5026.656417001504,191.16751269035532
1777163595,128,GET,large_scan,10.300000,5.400000,1200,2700,2900,3100,3300,3400,3600,3600,3600,3600,3600,1211,525,1700,1712.5599491119399,287.6276669849176,7003.196500008926,188464.03055326178
1777163595,128,GET,next_departures,34.300000,15.500000,1700,2600,2800,2800,3000,3200,3400,3400,3500,3500,3500,4783,2045,1500,1530.7929398607826,268.1695840146858,5947.734208981274,174.22621785490279
1777163595,128,GET,point_read,40.500000,19.500000,300,340,370,390,440,490,560,580,640,640,640,5957,2461,280,284.2979798199623,111.19120800867677,3162.2608749894425,168.1747523921437
1777163595,128,GET,trips_per_route,5.200000,2.500000,450,540,550,570,650,660,720,720,720,720,720,602,254,440,478.5991439995537,198.72933300212026,2176.124166988302,338.37873754152827
1777163595,128,,Aggregated,93.600000,44.200000,380,480,1500,2500,2900,3100,3300,3400,3600,3600,3600,13144,5552,370,934.9058527671571,111.19120800867677,7003.196500008926,17527.523280584297
1777163596,128,GET,bulk_update_departures,3.300000,1.300000,2500,2600,2700,2700,3000,3100,3100,3100,3100,3100,3100,593,268,2000,1541.211643803674,292.30212498805486,5026.656417001504,191.19898819561553
1777163596,128,GET,large_scan,10.700000,5.500000,470,2600,2900,3000,3200,3300,3600,3600,3600,3600,3600,1223,534,1700,1705.1937686692677,287.6276669849176,7003.196500008926,187432.52820932135
1777163596,128,GET,next_departures,33.700000,15.100000,2100,2600,2700,2800,3000,3200,3300,3400,3500,3500,3500,4820,2056,1500,1533.2844010251156,268.1695840146858,5947.734208981274,174.02302904564314
1777163596,128,GET,point_read,41.000000,20.400000,300,340,370,400,440,490,560,580,640,640,640,6000,2478,280,283.93461597126344,111.19120800867677,3162.2608749894425,168.1495
1777163596,128,GET,trips_per_route,5.100000,2.600000,460,540,550,570,650,710,720,720,720,720,720,604,255,440,478.3447892181032,198.72933300212026,2176.124166988302,338.3543046357616
1777163596,128,,Aggregated,93.800000,44.900000,380,490,1600,2500,2800,3100,3200,3400,3600,3600,3600,13240,5591,370,935.2227526672566,111.19120800867677,7003.196500008926,17476.995241691842
1777163597,128,GET,bulk_update_departures,3.400000,1.300000,470,2500,2600,2700,2800,3000,3100,3100,3100,3100,3100,599,273,2000,1532.2796874400249,292.30212498805486,5026.656417001504,191.90484140233724
1777163597,128,GET,large_scan,10.400000,5.200000,500,2600,2800,2900,3100,3300,3400,3400,3600,3600,3600,1240,543,1700,1700.8036030237442,287.6276669849176,7003.196500008926,187009.99677419354
1777163597,128,GET,next_departures,33.700000,14.200000,1700,2600,2700,2800,3000,3100,3200,3300,3400,3400,3400,4851,2071,1500,1532.3661590705021,268.1695840146858,5947.734208981274,174.10080395794682
1777163597,128,GET,point_read,41.800000,19.800000,300,340,370,400,440,490,560,580,640,640,640,6038,2496,280,283.6969098889695,111.19120800867677,3162.2608749894425,168.22954620735342
1777163597,128,GET,trips_per_route,5.600000,2.600000,460,540,550,570,660,710,720,720,720,720,720,608,256,440,478.1616902067694,198.72933300212026,2176.124166988302,338.44736842105266
1777163597,128,,Aggregated,94.900000,43.100000,380,490,1600,2500,2800,3000,3200,3300,3600,3600,3600,13336,5639,370,934.6149135972066,111.19120800867677,7003.196500008926,17551.99880023995
1777163598,128,GET,bulk_update_departures,3.100000,1.400000,440,2400,2500,2600,2700,3000,3100,3100,3100,3100,3100,604,278,2000,1523.1205624048691,292.30212498805486,5026.656417001504,192.73675496688742
1777163598,128,GET,large_scan,10.200000,5.200000,560,2600,2800,2900,3100,3300,3400,3400,3600,3600,3600,1250,546,1700,1704.6148085324094,287.6276669849176,7003.196500008926,187376.4744
1777163598,128,GET,next_departures,33.900000,14.000000,2200,2600,2700,2800,3000,3100,3200,3400,3400,3400,3400,4872,2078,1500,1533.2186480968928,268.1695840146858,5947.734208981274,174.01847290640393
1777163598,128,GET,point_read,42.800000,19.500000,300,350,390,400,450,510,570,580,640,640,640,6079,2512,280,283.9511509415227,111.19120800867677,3162.2608749894425,168.19641388386248
1777163598,128,GET,trips_per_route,5.200000,2.300000,450,540,550,570,660,710,720,720,720,720,720,610,258,440,478.01867817498965,198.72933300212026,2176.124166988302,338.2934426229508
1777163598,128,,Aggregated,95.200000,42.400000,400,500,1600,2500,2800,3000,3100,3300,3600,3600,3600,13415,5672,370,934.6481568502704,111.19120800867677,7003.196500008926,17623.082295937384
1777163599,128,GET,bulk_update_departures,3.400000,1.700000,440,2500,2500,2600,2700,3000,3100,3100,3100,3100,3100,608,280,2000,1522.7722216686263,292.30212498805486,5026.656417001504,192.7796052631579
1777163599,128,GET,large_scan,11.000000,6.000000,1200,2600,2800,2900,3100,3300,3400,3400,3600,3600,3600,1262,550,1700,1706.2051568910506,287.6276669849176,7003.196500008926,187703.2852614897
1777163599,128,GET,next_departures,33.700000,14.300000,2200,2600,2700,2800,3000,3100,3200,3300,3400,3400,3400,4921,2100,1500,1534.1745337639095,204.92266601650044,5947.734208981274,174.04714488925015
1777163599,128,GET,point_read,42.000000,19.300000,310,350,380,400,460,510,570,580,640,640,640,6116,2532,280,283.97531106075047,111.19120800867677,3162.2608749894425,168.3440156965337
1777163599,128,GET,trips_per_route,4.400000,2.000000,460,540,550,570,660,710,720,720,720,720,720,615,260,440,477.8228152094208,198.72933300212026,2176.124166988302,338.3089430894309
1777163599,128,,Aggregated,94.500000,43.300000,400,510,1800,2500,2800,3000,3200,3300,3600,3600,3600,13522,5722,370,936.207908092336,111.19120800867677,7003.196500008926,17681.770004437214
1777163600,128,GET,bulk_update_departures,3.500000,2.100000,410,2300,2500,2700,2700,3000,3100,3100,3100,3100,3100,612,282,2000,1522.160197276998,292.30212498805486,5026.656417001504,192.8251633986928
1777163600,128,GET,large_scan,11.200000,5.700000,1300,2600,2800,2900,3100,3200,3400,3400,3600,3600,3600,1272,554,1700,1705.9617273305828,287.6276669849176,7003.196500008926,187796.81682389937
1777163600,128,GET,next_departures,33.300000,14.000000,2200,2500,2700,2700,3000,3100,3200,3200,3400,3400,3400,4961,2118,1500,1532.8167631072754,204.92266601650044,5947.734208981274,174.08627292884498
1777163600,128,GET,point_read,41.300000,19.000000,290,350,380,400,450,500,560,580,640,640,640,6160,2551,280,283.7717265276911,111.19120800867677,3162.2608749894425,168.37126623376622
1777163600,128,GET,trips_per_route,4.100000,1.800000,450,550,550,570,650,700,720,720,720,720,720,620,262,440,477.9882585673946,198.72933300212026,2176.124166988302,338.3258064516129
1777163600,128,,Aggregated,93.400000,42.600000,390,500,1900,2500,2800,3000,3100,3200,3600,3600,3600,13625,5767,370,935.7971284694001,111.19120800867677,7003.196500008926,17695.862825688073
