Timestamp,User Count,Type,Name,Requests/s,Failures/s,50%,66%,75%,80%,90%,95%,98%,99%,99.9%,99.99%,100%,Total Request Count,Total Failure Count,Total Median Response Time,Total Average Response Time,Total Min Response Time,Total Max Response Time,Total Average Content Size
1777163755,0,,Aggregated,0.000000,0.000000,N/A,N/A,N/A,N/A,N/A,N/A,N/A,N/A,N/A,N/A,N/A,0,0,0,0.0,0,0,0
1777163756,20,GET,next_departures,0.000000,0.000000,0,0,0,0,0,0,0,0,0,0,0,2,0,790,818.1933750020107,788.5654999990948,847.8212500049267,86.0
1777163756,20,GET,point_read,0.000000,0.000000,0,0,0,0,0,0,0,0,0,0,0,8,0,410,346.34297374941525,134.280582977226,430.5835420091171,81.125
1777163756,20,GET,trips_per_route,0.000000,0.000000,0,0,0,0,0,0,0,0,0,0,0,1,0,683.1123330048285,683.1123330048285,683.1123330048285,683.1123330048285,372.0
1777163756,20,,Aggregated,0.000000,0.000000,0,0,0,0,0,0,0,0,0,0,0,11,0,410,462.74935209128836,134.280582977226,847.8212500049267,108.45454545454545
1777163757,40,GET,bulk_update_departures,0.000000,0.000000,0,0,0,0,0,0,0,0,0,0,0,1,0,1256.1789580213372,1256.1789580213372,1256.1789580213372,1256.1789580213372,108.0
1777163757,40,GET,large_scan,0.000000,0.000000,0,0,0,0,0,0,0,0,0,0,0,5,0,1800,1716.6441334004048,1353.755624993937,1883.276417007437,332473.4
1777163757,40,GET,next_departures,0.000000,0.000000,0,0,0,0,0,0,0,0,0,0,0,15,0,790,809.8772609975034,346.99637501034886,1366.4870829961728,86.2
1777163757,40,GET,point_read,0.000000,0.000000,140,150,340,360,360,370,370,370,370,370,370,24,0,150,257.0859513313432,124.15962500381283,430.5835420091171,81.08333333333333
1777163757,40,GET,trips_per_route,0.000000,0.000000,340,340,340,340,340,340,340,340,340,340,340,2,0,341.34670899948105,512.2295210021548,341.34670899948105,683.1123330048285,372.5
1777163757,40,,Aggregated,0.000000,0.000000,370,790,1300,1300,1600,1900,1900,1900,1900,1900,1900,47,0,410,620.8953279562226,124.15962500381283,1883.276417007437,35456.574468085106
1777163758,60,GET,bulk_update_departures,0.000000,0.000000,1100,1100,1100,1300,1300,1300,1300,1300,1300,1300,1300,6,0,1100,1151.3904653353773,1051.4309169957414,1286.5193750185426,108.16666666666667
1777163758,60,GET,large_scan,0.000000,0.000000,1800,1800,1900,1900,1900,1900,1900,1900,1900,1900,1900,9,0,1700,1624.1837454500555,1119.3117499933578,1883.276417007437,332473.22222222225
1777163758,60,GET,next_departures,0.000000,0.000000,1100,1200,1300,1300,1400,1500,1500,1500,1500,1500,1500,30,0,830,909.2348721324621,346.99637501034886,1534.8059580137488,86.2
1777163758,60,GET,point_read,6.000000,0.000000,150,290,330,340,360,360,370,370,370,370,370,55,0,150,230.30819928919135,115.73579200194217,430.5835420091171,81.14545454545454
1777163758,60,GET,trips_per_route,1.000000,0.000000,340,340,340,340,340,340,340,340,340,340,340,2,0,341.34670899948105,512.2295210021548,341.34670899948105,683.1123330048285,372.5
1777163758,60,,Aggregated,7.000000,0.000000,360,740,1100,1300,1400,1700,1900,1900,1900,1900,1900,102,0,360,612.6907124308476,115.73579200194217,1883.276417007437,29418.647058823528
1777163759,80,GET,bulk_update_departures,0.500000,0.000000,1100,1200,1200,1200,1300,1300,1300,1300,1300,1300,1300,8,0,1100,1175.4002396264696,1051.4309169957414,1286.5193750185426,108.125
1777163759,80,GET,large_scan,1.000000,0.000000,1800,1900,1900,1900,2000,2000,2000,2000,2000,2000,2000,12,0,1700,1655.5454653401587,1119.3117499933578,2002.454041998135,332473.3333333333
1777163759,80,GET,next_departures,6.000000,0.000000,1200,1400,1500,1500,1600,1700,1800,1800,1800,1800,1800,49,0,1200,1072.812389427967,346.99637501034886,1755.0203329883516,86.36734693877551
1777163759,80,GET,point_read,8.500000,0.000000,150,160,290,300,340,360,360,370,370,370,370,92,0,150,212.75331432559102,115.73579200194217,430.5835420091171,81.18478260869566
1777163759,80,GET,trips_per_route,1.000000,0.000000,440,440,460,460,610,610,610,610,610,610,610,7,0,440,470.6995297165122,341.34670899948105,683.1123330048285,372.2857142857143
1777163759,80,,Aggregated,17.000000,0.000000,340,730,1200,1300,1500,1700,1900,1900,2000,2000,2000,168,0,360,623.2485488632976,115.73579200194217,2002.454041998135,23838.404761904763
1777163760,100,GET,bulk_update_departures,1.000000,0.000000,1200,1200,1300,1700,2000,2000,2000,2000,2000,2000,2000,10,0,1200,1309.5421584002906,1051.4309169957414,2039.3726670008618,108.3
1777163760,100,GET,large_scan,2.000000,0.000000,1700,1800,1900,1900,1900,2000,2000,2000,2000,2000,2000,15,1,1600,1510.2626333381825,334.9239170202054,2002.454041998135,310327.73333333334
1777163760,100,GET,next_departures,9.000000,0.000000,1200,1400,1500,1600,1700,1800,2100,2100,2100,2100,2100,59,4,1200,1069.334399000489,313.6245830100961,2148.907834023703,100.28813559322033
1777163760,100,GET,point_read,13.666667,0.000000,150,270,300,320,340,360,500,520,520,520,520,130,6,150,219.64656923082657,115.73579200194217,524.9773749965243,90.98461538461538
1777163760,100,GET,trips_per_route,0.666667,0.000000,440,460,580,610,610,610,610,610,610,610,610,10,1,440,482.7126626012614,340.34920900012366,683.1123330048285,364.3
1777163760,100,,Aggregated,26.333333,0.000000,330,540,1100,1200,1500,1700,1900,2000,2100,2100,2100,224,12,340,590.2735323710918,115.73579200194217,2148.907834023703,20881.191964285714
1777163761,120,GET,bulk_update_departures,2.000000,0.000000,1300,2000,2100,2100,2300,2400,2400,2400,2400,2400,2400,17,2,1300,1468.249316293034,384.92704200325534,2372.3584590188693,130.0
1777163761,120,GET,large_scan,2.500000,0.000000,1800,1900,1900,2000,2200,2800,2800,2800,2800,2800,2800,17,1,1700,1625.5391372388283,334.9239170202054,2781.8282920052297,312933.17647058825
1777163761,120,GET,next_departures,11.250000,0.000000,1200,1500,1700,2000,2100,2200,2300,2300,2300,2300,2300,89,14,1200,1206.797768270958,313.6245830100961,2286.6490420128684,118.78651685393258
1777163761,120,GET,point_read,19.500000,0.000000,160,290,320,340,380,690,700,710,710,710,710,163,16,160,253.4637394972914,115.73579200194217,705.9026670176536,101.93865030674847
1777163761,120,GET,trips_per_route,1.250000,0.000000,480,580,610,610,700,710,710,710,710,710,710,13,2,480,517.0383910769417,340.34920900012366,707.9562500002794,360.0769230769231
1777163761,120,,Aggregated,36.500000,0.000000,380,700,1200,1300,1900,2100,2300,2300,2800,2800,2800,299,35,380,695.7708819672764,115.73579200194217,2781.8282920052297,17906.163879598662
1777163762,140,GET,bulk_update_departures,1.800000,0.000000,1700,2000,2100,2100,2100,2300,2400,2400,2400,2400,2400,23,3,1600,1517.9068461293355,344.540958001744,2372.3584590188693,132.52173913043478
1777163762,140,GET,large_scan,2.800000,0.200000,1900,2800,3200,3300,3400,3600,3600,3600,3600,3600,3600,30,4,1900,2030.633138870083,334.9239170202054,3579.583874990931,288182.36666666664
1777163762,140,GET,next_departures,11.200000,0.800000,1300,1700,2100,2100,2200,2300,2500,2500,2800,2800,2800,125,27,1200,1284.2061973453965,313.6245830100961,2762.386292015435,130.912
1777163762,140,GET,point_read,24.400000,1.000000,250,320,360,400,520,710,770,780,940,940,940,221,37,270,296.3926839773655,115.73579200194217,943.4174160123803,116.31221719457014
1777163762,140,GET,trips_per_route,1.800000,0.200000,510,610,610,700,710,940,940,940,940,940,940,16,3,510,548.6846718740708,340.34920900012366,938.3692919800524,357.4375
1777163762,140,,Aggregated,42.000000,2.200000,450,760,1200,1500,2100,2300,2800,3400,3600,3600,3600,415,74,450,796.7189498897221,115.73579200194217,3579.583874990931,20954.956626506024
1777163763,160,GET,bulk_update_departures,2.500000,0.333333,1600,2000,2100,2100,2300,2400,2400,2400,2400,2400,2400,27,6,1300,1444.3808627407566,344.540958001744,2408.904541982338,147.62962962962962
1777163763,160,GET,large_scan,2.666667,0.166667,1900,2700,3000,3200,3400,3400,3600,3600,3600,3600,3600,43,12,1800,1849.2718643284143,334.9239170202054,3579.583874990931,239771.51162790696
1777163763,160,GET,next_departures,12.666667,1.166667,1200,1700,2100,2100,2300,2500,2600,2800,2800,2800,2800,164,50,1100,1255.7883684158896,313.6245830100961,2815.050750010414,148.0609756097561
1777163763,160,GET,point_read,24.500000,2.000000,290,350,410,430,640,760,810,940,1100,1100,1100,270,68,290,319.5354530704208,115.73579200194217,1120.711833005771,133.84814814814814
1777163763,160,GET,trips_per_route,1.833333,0.166667,580,610,610,700,940,1000,1000,1000,1000,1000,1000,19,3,580,566.5207785802379,340.34920900012366,998.611625022022,359.7894736842105
1777163763,160,,Aggregated,44.166667,3.833333,440,730,1100,1400,2100,2400,3000,3300,3600,3600,3600,523,139,440,805.9363919739317,115.73579200194217,3579.583874990931,19849.74760994264
1777163764,180,GET,bulk_update_departures,3.142857,0.428571,1700,2100,2100,2300,2400,2600,3100,3100,3100,3100,3100,33,8,1600,1525.0725240903469,344.540958001744,3096.293832990341,151.63636363636363
1777163764,180,GET,large_scan,3.285714,0.285714,1800,2700,3100,3200,3400,3600,3600,3600,3600,3600,3600,49,16,1800,1814.2626096758213,334.9239170202054,3648.541041999124,224005.73469387754
1777163764,180,GET,next_departures,16.142857,3.000000,930,1600,2100,2100,2300,2600,2800,2900,2900,2900,2900,211,84,920,1193.4998003893943,269.4764580228366,2906.434459000593,166.5829383886256
1777163764,180,GET,point_read,28.285714,4.285714,320,380,420,450,660,770,810,910,1100,1100,1100,340,120,320,339.52017572069855,115.73579200194217,1120.711833005771,154.0235294117647
1777163764,180,GET,trips_per_route,2.000000,0.285714,480,600,610,700,740,940,1000,1000,1000,1000,1000,26,6,480,547.6292116162277,340.34920900012366,998.611625022022,353.96153846153845
1777163764,180,,Aggregated,52.857143,8.285714,440,700,960,1300,2100,2500,3000,3300,3600,3600,3600,659,234,440,790.1820004526833,115.73579200194217,3648.541041999124,16810.326251896815
1777163765,200,GET,bulk_update_departures,3.125000,0.625000,1300,2100,2100,2300,2600,3100,3200,3200,3200,3200,3200,40,13,1300,1458.9712615248573,344.540958001744,3203.017499996349,165.9
1777163765,200,GET,large_scan,4.750000,1.250000,1700,2700,3100,3200,3400,3600,3900,4000,4000,4000,4000,73,30,1600,1724.8374754399515,218.9215419930406,3979.6757499861997,195958.54794520547
1777163765,200,GET,next_departures,18.625000,4.875000,830,1600,2100,2300,2600,2900,3000,3300,3600,3600,3600,273,121,830,1232.987702553499,222.993375005899,3617.5382080255076,174.84615384615384
1777163765,200,GET,point_read,31.750000,6.875000,320,380,410,440,640,760,810,910,1100,1100,1100,429,172,320,334.94078038247585,115.73579200194217,1120.711833005771,163.92540792540794
1777163765,200,GET,trips_per_route,2.250000,0.375000,480,580,610,610,710,940,1000,1000,1000,1000,1000,35,12,480,523.7591940568693,282.1394169877749,998.611625022022,343.57142857142856
1777163765,200,,Aggregated,60.500000,14.000000,420,600,870,1300,2300,2800,3200,3400,4000,4000,4000,850,348,420,803.4103476956336,115.73579200194217,3979.6757499861997,16990.22588235294
1777163766,220,GET,bulk_update_departures,3.444444,0.777778,1200,2100,2300,2400,2700,3100,3300,3300,3300,3300,3300,51,20,1200,1408.970677372018,240.98608299391344,3336.389167001471,176.90196078431373
1777163766,220,GET,large_scan,5.222222,1.555556,810,2000,3000,3100,3400,3600,3900,4000,4000,4000,4000,93,48,820,1493.0197163779158,218.9215419930406,3979.6757499861997,161021.9247311828
1777163766,220,GET,next_departures,21.888889,8.333333,550,1300,2000,2200,2600,2800,3000,3300,3600,3600,3600,358,192,560,1092.9862028746327,197.32983299763873,3617.5382080255076,191.20670391061452
1777163766,220,GET,point_read,35.111111,11.000000,310,360,400,420,500,700,790,810,1100,1100,1100,526,247,320,323.4472094301113,115.73579200194217,1120.711833005771,175.55893536121673
1777163766,220,GET,trips_per_route,2.888889,0.666667,480,580,600,610,700,740,1000,1000,1000,1000,1000,46,19,480,505.1291685224936,215.63154199975543,998.611625022022,336.1521739130435
1777163766,220,,Aggregated,68.555556,22.333333,390,490,710,1000,2300,2800,3200,3400,3900,4000,4000,1074,526,390,740.5647790600659,115.73579200194217,3979.6757499861997,14115.754189944135
1777163767,240,GET,bulk_update_departures,3.800000,1.200000,1100,2000,2100,2400,2600,3100,3200,3300,3300,3300,3300,61,29,1100,1267.8596503435267,240.98608299391344,3336.389167001471,191.9344262295082
1777163767,240,GET,large_scan,6.100000,2.500000,420,1700,2800,3100,3400,3600,3900,4000,4200,4200,4200,115,66,470,1372.586152531237,201.31183299236,4228.2995419809595,141825.6608695652
1777163767,240,GET,next_departures,26.000000,11.400000,460,1000,2000,2200,2600,2900,3200,3300,3600,3600,3600,437,255,490,1035.7422334210228,197.32983299763873,3617.5382080255076,199.10068649885582
1777163767,240,GET,point_read,39.900000,15.400000,320,360,390,410,500,690,790,810,1100,1100,1100,619,323,320,317.46269675021165,115.73579200194217,1120.711833005771,185.1615508885299
1777163767,240,GET,trips_per_route,3.500000,1.200000,440,480,580,590,650,710,940,1000,1000,1000,1000,64,35,410,456.9126484525441,215.63154199975543,998.611625022022,322.609375
1777163767,240,,Aggregated,79.300000,31.700000,370,440,590,790,2300,2800,3300,3400,4000,4200,4200,1296,708,370,704.9058804061559,115.73579200194217,4228.2995419809595,12765.376543209877
1777163768,260,GET,bulk_update_departures,4.500000,1.600000,410,1700,2100,2300,2600,2800,3200,3300,3300,3300,3300,70,38,440,1145.102729827964,214.0140830015298,3336.389167001471,203.45714285714286
1777163768,260,GET,large_scan,8.800000,4.300000,400,1200,2800,3100,3400,3600,3900,4000,4200,4200,4200,137,83,420,1310.7467551607754,198.3884159999434,4228.2995419809595,131218.6788321168
1777163768,260,GET,next_departures,32.800000,16.600000,410,820,2100,2300,2800,3000,3300,3400,4000,4000,4000,547,335,440,1032.5826427478864,196.45079199108295,4019.1321250167675,203.16819012797075
1777163768,260,GET,point_read,48.500000,21.700000,320,360,380,400,470,660,790,810,1100,1100,1100,752,426,310,308.8997594778893,115.73579200194217,1120.711833005771,192.87765957446808
1777163768,260,GET,trips_per_route,4.300000,1.700000,390,470,520,580,650,740,940,1000,1000,1000,1000,80,49,390,433.00989222443604,196.6877079976257,998.611625022022,313.825
1777163768,260,,Aggregated,98.900000,45.900000,360,410,500,690,2300,2900,3300,3400,4000,4200,4200,1586,931,360,688.2002601723867,115.73579200194217,4228.2995419809595,11521.112232030266
1777163769,280,GET,bulk_update_departures,5.700000,2.600000,370,820,2100,2300,2600,3000,3200,3300,3300,3300,3300,82,49,380,1049.9534766702975,186.06083298800513,3336.389167001471,210.1951219512195
1777163769,280,GET,large_scan,10.500000,5.800000,380,520,2700,3100,3400,3600,3900,4000,4200,4200,4200,161,104,390,1214.2488807024035,198.3884159999434,4228.2995419809595,117887.85714285714
1777163769,280,GET,next_departures,40.500000,24.100000,370,550,1700,2200,2800,3000,3300,3400,4000,4000,4000,656,431,390,954.0117392606612,189.48616698617116,4019.1321250167675,210.5609756097561
1777163769,280,GET,point_read,57.600000,29.800000,310,340,370,380,450,660,780,810,1100,1100,1100,901,552,300,299.5807034776923,115.73579200194217,1120.711833005771,200.17980022197557
1777163769,280,GET,trips_per_route,5.500000,2.800000,370,460,490,580,610,710,940,1000,1000,1000,1000,94,61,380,415.7118040738885,196.6877079976257,998.611625022022,308.8510638297872
1777163769,280,,Aggregated,119.800000,65.100000,340,390,450,550,2200,2800,3300,3400,4000,4200,4200,1894,1197,340,642.2497778518434,115.73579200194217,4228.2995419809595,10213.676346356917
1777163770,300,GET,bulk_update_departures,6.200000,3.300000,340,390,1700,2300,2600,2900,3200,3300,3300,3300,3300,98,63,370,976.0522861823639,186.06083298800513,3336.389167001471,216.4795918367347
1777163770,300,GET,large_scan,12.500000,7.900000,370,430,2600,3100,3400,3600,4000,4200,4200,4200,4200,191,128,380,1175.8713438120762,188.79341700812802,4228.2995419809595,109848.15706806282
1777163770,300,GET,next_departures,48.900000,31.100000,360,440,820,2000,2800,3100,3400,3600,4100,4100,4100,785,541,370,911.7568694279013,189.0295830089599,4052.17487498885,215.1515923566879
1777163770,300,GET,point_read,65.900000,38.700000,310,340,360,380,440,560,770,810,1100,1100,1100,1038,674,300,295.7718628840001,115.73579200194217,1120.711833005771,206.38921001926784
1777163770,300,GET,trips_per_route,7.800000,4.900000,340,400,480,510,610,710,940,1000,1000,1000,1000,104,71,360,400.3884599419857,196.6877079976257,998.611625022022,304.0480769230769
1777163770,300,,Aggregated,141.300000,85.900000,330,370,420,480,2200,2900,3400,3600,4200,4200,4200,2216,1477,340,624.8309055606676,115.73579200194217,4228.2995419809595,9664.693140794223
1777163771,320,GET,bulk_update_departures,7.100000,4.700000,330,360,410,820,2700,3000,3300,4100,4100,4100,4100,117,80,350,916.8621360756651,186.06083298800513,4086.354792001657,222.008547008547
1777163771,320,GET,large_scan,14.000000,9.500000,350,380,470,2200,3400,3600,3900,4100,4200,4200,4200,230,166,360,1037.0649514575591,188.79341700812802,4228.2995419809595,92710.85652173913
1777163771,320,GET,next_departures,57.700000,40.100000,340,380,480,1100,2800,3100,3600,3900,4300,4300,4300,914,656,360,868.7198410458398,189.0295830089599,4308.3689589984715,219.29431072210065
1777163771,320,GET,point_read,76.600000,50.000000,280,330,350,360,410,480,760,790,940,1100,1100,1218,825,270,289.8056325331846,115.73579200194217,1120.711833005771,210.14614121510672
1777163771,320,GET,trips_per_route,8.400000,5.600000,330,390,460,480,600,690,900,940,1000,1000,1000,118,83,340,390.9269887036486,196.6877079976257,998.611625022022,300.4406779661017
1777163771,320,,Aggregated,163.800000,109.900000,330,360,380,410,1100,2800,3400,3600,4200,4300,4300,2597,1810,330,592.5761989081395,115.73579200194217,4308.3689589984715,8410.210627647286
1777163772,340,GET,bulk_update_departures,8.400000,5.900000,330,370,390,450,2800,3100,3600,3600,4100,4100,4100,132,93,350,899.5866215596889,186.06083298800513,4086.354792001657,225.4090909090909
1777163772,340,GET,large_scan,16.500000,11.800000,340,380,430,550,3300,3600,4000,4200,4300,4300,4300,260,191,360,1007.5246602622568,188.79341700812802,4273.405041021761,88432.52692307692
1777163772,340,GET,next_departures,68.800000,50.400000,340,370,430,620,2800,3300,3900,4000,4300,4300,4300,1060,780,350,857.4779218271976,189.0295830089599,4308.3689589984715,221.6443396226415
1777163772,340,GET,point_read,87.800000,63.600000,280,330,350,360,400,450,560,690,910,910,910,1364,946,280,291.02413322395216,115.73579200194217,1120.711833005771,212.76539589442814
1777163772,340,GET,trips_per_route,9.300000,6.800000,320,370,410,460,590,650,770,900,1000,1000,1000,132,97,330,381.42095707536845,196.6877079976257,998.611625022022,296.2651515151515
1777163772,340,,Aggregated,190.800000,138.500000,320,350,370,400,810,2900,3500,3900,4300,4300,4300,2948,2107,330,589.1902737117757,115.73579200194217,4308.3689589984715,8000.838873812754
1777163773,360,GET,bulk_update_departures,9.500000,7.100000,340,370,440,470,2800,3200,3600,4100,4300,4300,4300,149,109,370,874.252557912146,186.06083298800513,4252.399334014626,228.248322147651
1777163773,360,GET,large_scan,19.700000,14.800000,340,380,430,480,3300,3600,4200,4300,4500,4500,4500,281,209,370,997.8426315237973,188.79341700812802,4489.0898339799605,85390.46263345196
1777163773,360,GET,next_departures,79.500000,61.000000,340,380,440,560,2900,3400,3900,4100,4300,4300,4300,1164,866,360,868.3069154216968,189.0295830089599,4308.3689589984715,222.68470790378007
1777163773,360,GET,point_read,101.100000,76.000000,300,340,360,370,430,490,560,670,920,920,920,1482,1045,300,302.3461304920318,115.73579200194217,1120.711833005771,214.78205128205127
1777163773,360,GET,trips_per_route,10.000000,7.500000,330,390,430,480,540,610,690,770,900,900,900,148,111,350,391.5396810403468,196.6877079976257,998.611625022022,293.7162162162162
1777163773,360,,Aggregated,219.800000,166.400000,330,360,390,430,650,3000,3600,4000,4300,4500,4500,3224,2340,340,597.8261471219337,115.73579200194217,4489.0898339799605,7645.69199751861
1777163774,380,GET,bulk_update_departures,10.500000,8.500000,350,430,480,510,2600,3300,3700,4100,4300,4300,4300,174,132,380,870.2313340626638,186.06083298800513,4252.399334014626,230.43103448275863
1777163774,380,GET,large_scan,22.400000,17.900000,350,420,470,550,3300,3900,4200,4500,5200,5200,5200,313,236,380,1006.3456659942245,188.79341700812802,5165.634958015289,81993.60383386581
1777163774,380,GET,next_departures,89.600000,71.500000,350,410,460,530,3000,3500,4000,4100,4300,4300,4300,1307,989,380,873.2412231659147,189.0295830089599,4308.3689589984715,224.12624330527927
1777163774,380,GET,point_read,111.700000,87.700000,320,350,370,400,470,530,720,920,1300,1300,1300,1649,1198,320,324.07772663509905,115.73579200194217,1279.1839159908704,217.82474226804123
1777163774,380,GET,trips_per_route,11.300000,9.000000,330,400,450,490,590,650,770,900,1400,1400,1400,164,122,370,407.82070403017826,196.6877079976257,1427.85854198155,293.6585365853659
1777163774,380,,Aggregated,245.500000,194.600000,340,370,420,450,690,3000,3700,4000,4500,5200,5200,3607,2677,350,612.4256975168208,115.73579200194217,5165.634958015289,7320.315774882173
1777163775,400,GET,bulk_update_departures,12.000000,10.000000,360,450,500,560,2600,3000,3700,4100,4300,4300,4300,185,142,390,880.2526081183837,186.06083298800513,4252.399334014626,230.82162162162163
1777163775,400,GET,large_scan,23.900000,19.500000,370,440,530,750,3100,3900,4200,4500,5200,5200,5200,346,266,390,999.0579316996824,188.79341700812802,5165.634958015289,77078.46242774566
1777163775,400,GET,next_departures,98.400000,80.500000,360,440,520,690,3000,3600,4000,4100,4300,4300,4300,1422,1086,390,887.4326773147607,189.0295830089599,4308.3689589984715,224.7524613220816
1777163775,400,GET,point_read,119.300000,96.200000,330,370,400,440,530,650,880,1100,1300,2100,2100,1760,1289,330,341.81740689952926,115.73579200194217,2051.8885419878643,218.2960227272727
1777163775,400,GET,trips_per_route,12.800000,10.600000,340,410,460,490,620,770,930,930,1400,1400,1400,176,134,390,422.27870077807563,196.6877079976257,1427.85854198155,291.40909090909093
1777163775,400,,Aggregated,266.400000,216.800000,350,400,460,500,860,3000,3700,4000,4500,5200,5200,3889,2917,360,629.0485295684477,115.73579200194217,5165.634958015289,7062.724865003857
1777163776,420,GET,bulk_update_departures,13.100000,11.400000,370,460,500,550,1600,3300,3700,4100,4300,4300,4300,198,154,390,862.7734787369998,186.06083298800513,4252.399334014626,232.0252525252525
1777163776,420,GET,large_scan,25.500000,21.200000,380,460,560,810,3300,4100,4500,5000,5200,5200,5200,385,298,400,1013.371999542888,188.79341700812802,5165.634958015289,75337.21298701299
1777163776,420,GET,next_departures,105.700000,86.900000,370,450,560,760,3100,3600,4000,4100,4500,4800,4800,1586,1228,390,880.0055785633676,189.0295830089599,4790.835457999492,226.0643127364439
1777163776,420,GET,point_read,127.600000,104.500000,330,380,420,450,540,700,930,1100,1500,2100,2100,1960,1461,330,347.3174521338571,115.73579200194217,2051.8885419878643,219.92755102040817
1777163776,420,GET,trips_per_route,13.200000,11.100000,360,420,480,520,690,930,1400,1400,1400,1400,1400,202,157,380,436.8147085592817,196.6877079976257,1427.85854198155,288.9207920792079
1777163776,420,,Aggregated,285.100000,235.100000,350,420,470,510,930,3100,3800,4100,4800,5200,5200,4331,3298,360,629.3338705903441,115.73579200194217,5165.634958015289,6903.423227891942
1777163777,440,GET,bulk_update_departures,13.900000,12.200000,360,450,490,510,1300,3300,3600,4100,4300,4300,4300,225,180,380,808.5909168524408,186.06083298800513,4252.399334014626,234.8488888888889
1777163777,440,GET,large_scan,27.100000,22.800000,360,460,560,780,3400,4100,4400,4800,5200,5200,5200,435,342,380,980.3309722941358,188.79341700812802,5165.634958015289,71289.38850574712
1777163777,440,GET,next_departures,110.000000,91.500000,360,430,500,620,3100,3600,4000,4100,4700,4800,4800,1796,1419,380,846.1442109423306,186.38191602076404,4790.835457999492,228.06236080178175
1777163777,440,GET,point_read,129.700000,107.800000,320,370,420,440,530,690,930,1100,1500,2100,2100,2176,1663,320,339.371814939528,115.73579200194217,2051.8885419878643,222.53170955882354
1777163777,440,GET,trips_per_route,13.400000,11.500000,370,430,480,510,680,930,1400,1400,1400,1400,1400,228,179,370,424.3019457320323,194.93341699126177,1427.85854198155,287.3640350877193
1777163777,440,,Aggregated,294.100000,245.800000,340,410,460,490,830,3100,3900,4100,4800,5200,5200,4860,3783,350,609.7254825159462,115.73579200194217,5165.634958015289,6589.109670781893
1777163778,460,GET,bulk_update_departures,14.900000,13.500000,360,450,490,540,1900,3400,3700,4100,4300,4300,4300,248,200,370,799.8591718742025,186.06083298800513,4252.399334014626,235.26612903225808
1777163778,460,GET,large_scan,28.500000,24.300000,350,440,520,690,2800,4000,4500,4800,5200,5200,5200,492,394,370,929.6309387540148,188.79341700812802,5165.634958015289,66436.60975609756
1777163778,460,GET,next_departures,119.200000,100.300000,360,430,490,580,3100,3700,4000,4200,4800,5300,5300,1994,1595,370,828.0498654425841,186.38191602076404,5345.167833991582,228.95035105315947
1777163778,460,GET,point_read,137.900000,116.200000,320,360,410,440,520,660,920,1100,1500,2100,2100,2437,1897,310,331.0912431514835,115.73579200194217,2051.8885419878643,224.27780057447683
1777163778,460,GET,trips_per_route,14.700000,12.900000,350,410,460,500,670,930,1000,1400,1400,1400,1400,257,206,360,409.8034461786706,194.93341699126177,1427.85854198155,284.66147859922177
1777163778,460,,Aggregated,315.200000,267.200000,340,400,450,490,820,3100,3900,4100,5000,5300,5300,5428,4292,340,593.0478580347057,115.73579200194217,5345.167833991582,6230.9152542372885
1777163779,480,GET,bulk_update_departures,15.900000,14.600000,340,440,470,500,1300,3400,3700,4100,4300,4300,4300,270,222,360,755.3054884216248,186.06083298800513,4252.399334014626,236.92222222222222
1777163779,480,GET,large_scan,31.000000,26.700000,340,420,480,580,2300,4000,4400,4800,5200,5200,5200,541,439,360,894.9604540829403,188.15779098076746,5165.634958015289,62898.89279112754
1777163779,480,GET,next_departures,131.000000,111.200000,350,420,470,540,3100,3700,4000,4200,4800,5300,5300,2199,1786,360,796.5174301318274,186.38191602076404,5345.167833991582,230.54615734424738
1777163779,480,GET,point_read,150.000000,128.600000,310,350,400,430,510,640,890,1100,1500,2100,2100,2696,2135,300,323.69683398738425,115.73579200194217,2051.8885419878643,226.0782640949555
1777163779,480,GET,trips_per_route,16.000000,14.200000,320,380,450,480,650,930,1000,1400,1400,1400,1400,294,242,330,392.13636863573225,194.93341699126177,1427.85854198155,281.3809523809524
1777163779,480,,Aggregated,343.900000,295.300000,330,380,440,470,750,3000,3900,4100,5000,5300,5300,6000,4824,330,571.270445533584,115.73579200194217,5345.167833991582,5881.912333333334
1777163780,500,GET,bulk_update_departures,17.400000,16.000000,340,400,460,490,1100,3400,3700,4100,4300,4300,4300,299,249,350,730.1672554376728,186.06083298800513,4252.399334014626,237.93311036789297
1777163780,500,GET,large_scan,34.000000,29.500000,330,410,470,550,2100,4100,4400,4800,5200,5200,5200,605,498,350,857.6252471650797,188.15779098076746,5165.634958015289,59017.39834710744
1777163780,500,GET,next_departures,139.400000,121.500000,340,410,460,520,3100,3700,4000,4300,4800,5300,5300,2429,1989,350,783.6894890641167,186.38191602076404,5345.167833991582,230.98888431453273
1777163780,500,GET,point_read,163.100000,142.100000,290,350,390,420,500,620,860,1000,1500,2100,2100,2983,2405,290,318.35896657900054,115.73579200194217,2051.8885419878643,228.08447871270533
1777163780,500,GET,trips_per_route,16.400000,14.400000,310,370,420,460,620,820,1000,1400,1400,1400,1400,330,276,320,379.1313301939447,194.93341699126177,1427.85854198155,279.1454545454545
1777163780,500,,Aggregated,370.300000,323.500000,320,380,430,460,690,3000,3900,4100,4800,5300,5300,6646,5417,330,559.0645785610368,115.73579200194217,5345.167833991582,5583.845019560638
1777163781,512,GET,bulk_update_departures,18.200000,16.600000,340,400,460,480,820,3100,3700,4100,4300,4300,4300,324,273,340,705.6193240704612,186.06083298800513,4252.399334014626,239.37037037037038
1777163781,512,GET,large_scan,37.200000,32.600000,320,390,470,530,2300,4100,4400,4700,5200,5200,5200,667,556,340,828.4272963445211,188.15779098076746,5165.634958015289,55547.84707646177
1777163781,512,GET,next_departures,149.800000,131.300000,330,390,450,490,2500,3600,4000,4200,4800,5300,5300,2680,2223,340,757.7793983426797,186.38191602076404,5345.167833991582,232.13544776119403
1777163781,512,GET,point_read,177.600000,156.100000,280,350,380,410,490,610,850,1000,1500,2100,2100,3256,2655,280,314.63437306912823,115.73579200194217,2051.8885419878643,229.25030712530713
1777163781,512,GET,trips_per_route,19.200000,17.300000,300,370,410,460,620,800,1000,1400,1400,1400,1400,357,301,320,373.1933685936913,190.61874999897555,1427.85854198155,277.5126050420168
1777163781,512,,Aggregated,402.000000,353.900000,310,370,420,450,660,2300,3800,4100,4800,5300,5300,7284,6008,320,544.9903907907815,115.73579200194217,5345.167833991582,5298.682591982427
1777163782,512,GET,bulk_update_departures,19.700000,18.100000,320,370,420,470,810,3100,3700,3700,5100,5100,5100,360,307,340,687.4553458462792,186.06083298800513,5124.530000000959,240.61111111111111
1777163782,512,GET,large_scan,39.300000,34.900000,290,360,410,470,1300,4100,4300,4700,5200,5200,5200,730,615,330,796.0216194010509,188.15779098076746,5165.634958015289,52596.27397260274
1777163782,512,GET,next_departures,160.800000,141.300000,300,370,430,490,2000,3600,4000,4200,5300,5300,5300,2894,2416,340,746.0772856520889,186.38191602076404,5345.167833991582,232.65134761575675
1777163782,512,GET,point_read,185.900000,164.900000,270,330,360,390,480,600,830,1000,1400,2100,2100,3510,2890,280,310.9506299863821,115.73579200194217,2051.8885419878643,230.35669515669517
1777163782,512,GET,trips_per_route,21.500000,19.500000,280,340,380,410,620,820,1000,1400,1400,1400,1400,384,327,310,367.42697440611965,190.61874999897555,1427.85854198155,276.2890625
1777163782,512,,Aggregated,427.200000,378.700000,280,350,390,430,630,1900,3800,4100,5100,5300,5300,7878,6555,310,535.7014522427955,115.73579200194217,5345.167833991582,5086.296014216807
1777163783,512,GET,bulk_update_departures,20.200000,18.800000,300,360,390,420,820,3500,3700,4200,5100,5100,5100,381,324,340,705.2814834952853,186.06083298800513,5124.530000000959,240.0551181102362
1777163783,512,GET,large_scan,43.300000,38.700000,270,340,380,410,930,4000,4300,4500,5100,5100,5100,775,659,330,771.155688010096,188.15779098076746,5165.634958015289,49986.052903225805
1777163783,512,GET,next_departures,169.800000,150.200000,280,350,400,440,1400,3600,4000,4200,5300,5300,5300,3132,2635,330,732.6244984058881,186.38191602076404,5345.167833991582,233.35344827586206
1777163783,512,GET,point_read,198.600000,177.800000,260,320,350,360,430,550,820,930,1400,2100,2100,3759,3116,270,310.0591745601241,115.73579200194217,2051.8885419878643,231.1319499866986
1777163783,512,GET,trips_per_route,23.900000,21.800000,270,320,360,380,500,800,930,1000,1400,1400,1400,411,350,310,365.78524291714757,190.61874999897555,1427.85854198155,275.9513381995134
1777163783,512,,Aggregated,455.800000,407.300000,270,340,370,390,580,1400,3700,4100,5000,5300,5300,8458,7084,310,529.2962880630446,115.73579200194217,5345.167833991582,4793.539371009695
1777163784,512,GET,bulk_update_departures,21.900000,20.500000,310,370,400,450,640,3400,3700,4200,5100,5100,5100,409,351,340,695.6542989014663,186.06083298800513,5124.530000000959,241.44743276283617
1777163784,512,GET,large_scan,46.200000,41.500000,280,350,380,410,830,3900,4300,4500,5300,5300,5300,836,718,330,756.529020338331,188.15779098076746,5308.22495900793,47152.01435406699
1777163784,512,GET,next_departures,181.200000,161.600000,290,350,390,420,990,3500,4000,4200,5300,5300,5300,3340,2825,340,728.6976218342764,186.38191602076404,5345.167833991582,233.8880239520958
1777163784,512,GET,point_read,211.000000,190.600000,270,320,350,370,420,490,690,910,1400,2100,2100,3994,3329,280,314.2051128244072,115.73579200194217,2051.8885419878643,231.59088632949425
1777163784,512,GET,trips_per_route,24.400000,22.300000,280,330,360,400,500,770,940,1000,1400,1400,1400,435,372,320,369.2264650504094,190.61874999897555,1427.85854198155,275.5885057471264
1777163784,512,,Aggregated,484.700000,436.500000,280,340,370,390,500,1000,3700,4100,5000,5300,5300,9014,7595,320,528.7752006986506,115.73579200194217,5345.167833991582,4586.629354337697
1777163785,512,GET,bulk_update_departures,23.000000,21.500000,320,380,410,450,520,3400,3700,4200,5100,5100,5100,439,381,350,677.6012573090217,186.06083298800513,5124.530000000959,242.626423690205
1777163785,512,GET,large_scan,47.800000,43.400000,290,350,390,420,560,3800,4400,4600,5400,5400,5400,881,757,340,768.423659106448,188.15779098076746,5368.484874983551,47019.422247446084
1777163785,512,GET,next_departures,191.600000,171.200000,290,350,390,420,800,3600,4000,4300,5300,5400,5400,3492,2959,340,734.6988295554463,186.38191602076404,5437.466915987898,233.96706758304697
1777163785,512,GET,point_read,223.800000,203.200000,270,330,350,370,420,480,570,690,930,1100,1100,4191,3507,290,318.875947257666,115.73579200194217,2051.8885419878643,231.9188737771415
1777163785,512,GET,trips_per_route,25.900000,23.500000,280,330,360,380,490,570,820,930,980,980,980,454,389,320,373.4737046718488,190.61874999897555,1427.85854198155,275.4735682819383
1777163785,512,,Aggregated,512.100000,462.800000,280,340,370,400,480,820,3700,4100,5100,5400,5400,9457,7993,320,533.5711816978902,115.73579200194217,5437.466915987898,4593.917098445596
1777163786,512,GET,bulk_update_departures,23.200000,21.600000,340,390,430,460,560,3500,3900,4200,5100,5100,5100,464,403,360,687.0113688958648,186.06083298800513,5124.530000000959,242.56465517241378
1777163786,512,GET,large_scan,50.300000,46.200000,300,360,400,430,570,3800,4500,4700,5400,5400,5400,917,789,350,771.7534462505425,188.15779098076746,5368.484874983551,46633.052344601965
1777163786,512,GET,next_departures,199.300000,179.800000,310,370,410,450,760,3600,4000,4300,5300,5400,5400,3705,3152,350,736.7001153780683,186.38191602076404,5437.466915987898,234.31767881241566
1777163786,512,GET,point_read,227.900000,207.800000,280,340,370,390,450,500,580,670,1100,2100,2100,4461,3746,310,325.70984033718236,115.73579200194217,2111.9132910098415,232.1515355301502
1777163786,512,GET,trips_per_route,26.400000,24.300000,280,340,370,420,490,660,820,930,980,980,980,469,402,330,376.2759770043189,190.61874999897555,1427.85854198155,275.5394456289979
1777163786,512,,Aggregated,527.100000,479.700000,290,360,390,410,500,820,3700,4100,5100,5400,5400,10016,8492,330,537.6807252210822,115.73579200194217,5437.466915987898,4483.632388178914
1777163787,512,GET,bulk_update_departures,25.400000,23.900000,350,400,430,470,630,3500,4200,4500,5100,5100,5100,480,417,360,694.7569513034978,186.06083298800513,5124.530000000959,242.37916666666666
1777163787,512,GET,large_scan,53.100000,48.900000,330,380,410,450,550,3700,4500,4700,5400,5400,5400,980,848,350,759.6099379744467,188.15779098076746,5368.484874983551,45007.348979591836
1777163787,512,GET,next_departures,209.300000,189.500000,330,390,420,460,820,3700,4100,4400,4900,5400,5400,3930,3357,350,733.4022813124642,186.38191602076404,5437.466915987898,234.66844783715013
1777163787,512,GET,point_read,242.000000,220.500000,300,350,380,400,460,500,570,670,1100,2100,2100,4748,4000,310,326.7766046569425,115.73579200194217,2111.9132910098415,232.18913226621734
1777163787,512,GET,trips_per_route,27.600000,25.400000,300,350,410,430,500,660,780,910,980,980,980,502,432,330,377.3777488506848,190.61874999897555,1427.85854198155,274.9362549800797
1777163787,512,,Aggregated,557.400000,508.200000,310,370,400,430,500,820,3800,4100,5000,5400,5400,10640,9054,330,535.8224614880456,115.73579200194217,5437.466915987898,4359.609304511278
1777163788,512,GET,bulk_update_departures,26.100000,24.300000,370,420,450,470,560,3500,3900,4500,5100,5100,5100,513,449,370,679.3826461982275,186.06083298800513,5124.530000000959,243.1345029239766
1777163788,512,GET,large_scan,52.800000,48.900000,340,390,420,460,570,4100,4600,4700,5400,5400,5400,1034,895,350,766.1921131217783,188.15779098076746,5368.484874983551,44919.24661508704
1777163788,512,GET,next_departures,210.700000,191.200000,340,400,440,470,690,3600,4000,4300,5300,5400,5400,4116,3532,350,724.6303572781619,186.38191602076404,5437.466915987898,235.23931000971817
1777163788,512,GET,point_read,248.700000,227.400000,320,360,390,410,470,500,580,670,1100,2100,2100,4981,4214,310,327.44400391376286,115.73579200194217,2111.9132910098415,232.65147560730776
1777163788,512,GET,trips_per_route,27.300000,25.100000,320,360,430,450,500,620,780,880,980,980,980,523,453,330,376.5894428070169,190.61874999897555,1427.85854198155,274.2734225621415
1777163788,512,,Aggregated,565.600000,516.900000,330,380,410,440,500,800,3800,4200,5000,5400,5400,11167,9543,330,532.9362725089113,115.73579200194217,5437.466915987898,4373.75803707352
1777163789,512,GET,bulk_update_departures,25.700000,24.100000,380,430,460,480,630,3200,4200,4500,5100,5100,5100,533,468,370,675.285226316628,186.06083298800513,5124.530000000959,243.45028142589118
1777163789,512,GET,large_scan,54.500000,50.700000,360,410,460,480,620,4200,4600,4700,5400,5400,5400,1078,932,350,778.8180866308837,188.15779098076746,5368.484874983551,45253.43135435993
1777163789,512,GET,next_departures,211.400000,192.000000,360,420,470,500,770,3600,4000,4400,5400,5400,5400,4292,3685,360,730.3387854780643,186.38191602076404,5437.466915987898,235.21691519105312
1777163789,512,GET,point_read,255.100000,231.800000,330,380,410,430,490,540,630,700,1100,2100,2100,5183,4389,320,331.6156896957848,115.73579200194217,2111.9132910098415,232.75901987266062
1777163789,512,GET,trips_per_route,27.300000,25.000000,350,430,460,470,560,690,780,880,980,980,980,549,478,340,382.17738418595377,190.61874999897555,1427.85854198155,273.632058287796
1777163789,512,,Aggregated,574.000000,523.600000,350,400,440,470,540,830,3800,4200,5100,5400,5400,11635,9952,340,538.2626982293102,115.73579200194217,5437.466915987898,4407.316115169747
1777163790,512,GET,bulk_update_departures,26.100000,24.300000,380,430,460,480,630,3500,4200,4500,5100,5100,5100,558,492,360,664.3909025552606,186.06083298800513,5124.530000000959,243.52329749103941
1777163790,512,GET,large_scan,54.300000,50.300000,360,420,470,490,660,4100,4700,5000,5400,5400,5400,1140,986,350,777.621733124614,188.15779098076746,5368.484874983551,45137.45701754386
1777163790,512,GET,next_departures,211.600000,192.300000,370,420,470,500,830,3600,4100,4400,5400,5800,5800,4528,3900,350,726.390256153061,186.38191602076404,5792.481666983804,235.47239399293287
1777163790,512,GET,point_read,255.000000,230.800000,340,390,420,440,490,550,650,800,1100,2100,2100,5452,4630,310,330.96971091197906,115.73579200194217,2111.9132910098415,233.02439471753485
1777163790,512,GET,trips_per_route,26.700000,24.800000,350,430,460,490,570,740,980,1100,1600,1600,1600,583,507,330,384.7107055457129,190.61874999897555,1614.4095410127193,273.5197255574614
1777163790,512,,Aggregated,573.700000,522.500000,350,410,450,470,550,970,3800,4300,5300,5800,5800,12261,10515,340,536.2570087655326,115.73579200194217,5792.481666983804,4411.444172579724
1777163791,512,GET,bulk_update_departures,26.500000,24.900000,380,440,470,490,690,3600,4200,4400,4700,4700,4700,581,511,360,671.2668741373553,186.06083298800513,5124.530000000959,242.73838209982787
1777163791,512,GET,large_scan,53.200000,48.900000,370,430,470,490,830,4200,4700,5000,5400,5400,5400,1191,1033,350,767.0800077757176,188.15779098076746,5368.484874983551,44331.41645675903
1777163791,512,GET,next_departures,208.800000,189.600000,370,420,470,500,1000,3600,4200,4500,5400,5800,5800,4766,4117,350,720.6220134848813,186.38191602076404,5792.481666983804,235.74003357112883
1777163791,512,GET,point_read,246.900000,224.400000,340,390,420,440,490,560,660,820,2100,2500,2500,5741,4893,310,329.3123336553502,115.73579200194217,2498.836583981756,233.3983626545898
1777163791,512,GET,trips_per_route,25.600000,23.800000,350,440,470,490,580,740,980,1100,1600,1600,1600,615,534,330,381.90487221657577,190.61874999897555,1614.4095410127193,273.3788617886179
1777163791,512,,Aggregated,561.000000,511.600000,360,410,450,470,560,1100,3900,4400,5300,5800,5800,12894,11088,330,532.3046737499743,115.73579200194217,5792.481666983804,4309.861408407011
1777163792,512,GET,bulk_update_departures,26.000000,24.400000,380,430,470,490,630,3500,3900,4400,4700,4700,4700,607,536,350,659.4716110622991,186.06083298800513,5124.530000000959,243.07742998352555
1777163792,512,GET,large_scan,53.900000,49.300000,370,430,470,490,840,4200,4700,5000,5400,5400,5400,1244,1081,350,759.7057786791221,188.15779098076746,5368.484874983551,43789.102893890675
1777163792,512,GET,next_departures,207.400000,188.400000,370,430,470,500,830,3600,4200,4500,5400,5800,5800,4933,4273,350,713.8014269327084,186.38191602076404,5792.481666983804,236.00486519359416
1777163792,512,GET,point_read,247.300000,222.900000,340,390,420,440,490,540,640,730,2400,3300,3300,5999,5124,310,328.1956070885697,115.73579200194217,3271.9294580165297,233.6891148524754
1777163792,512,GET,trips_per_route,24.800000,22.600000,360,440,470,490,580,760,980,1100,1600,1600,1600,637,551,330,381.9220537601954,190.61874999897555,1614.4095410127193,273.59183673469386
1777163792,512,,Aggregated,559.400000,507.600000,360,410,450,470,550,1000,3900,4400,5300,5800,5800,13420,11565,330,527.4728383621649,115.73579200194217,5792.481666983804,4274.335543964233
1777163793,512,GET,bulk_update_departures,25.800000,24.300000,380,440,480,510,610,3100,3900,4400,4700,4700,4700,640,568,360,652.6416938762395,186.06083298800513,5124.530000000959,243.465625
1777163793,512,GET,large_scan,52.200000,47.600000,380,450,480,500,920,4200,4700,5000,5400,5400,5400,1298,1134,350,748.0057446793359,188.15779098076746,5368.484874983551,42233.75346687211
1777163793,512,GET,next_departures,210.600000,191.700000,380,450,490,510,930,3700,4200,4500,5400,5800,5800,5162,4486,350,710.181023129384,186.38191602076404,5792.481666983804,236.4391708640062
1777163793,512,GET,point_read,249.200000,224.700000,340,400,430,460,510,570,650,810,2400,3300,3300,6280,5390,310,330.09651788812266,115.73579200194217,3271.9294580165297,234.23073248407644
1777163793,512,GET,trips_per_route,25.300000,22.800000,380,450,470,500,600,770,980,1100,1600,1600,1600,660,573,330,383.8173836412325,190.61874999897555,1614.4095410127193,272.99848484848485
1777163793,512,,Aggregated,563.100000,511.100000,360,420,460,480,570,1000,3900,4300,5200,5800,5800,14040,12151,330,525.7038595163141,115.73579200194217,5792.481666983804,4120.147934472934
1777163794,512,GET,bulk_update_departures,25.400000,23.700000,340,410,450,480,600,3200,3900,4500,5700,5700,5700,674,600,350,646.3053479194102,186.06083298800513,5720.02108299057,243.56824925816025
1777163794,512,GET,large_scan,52.500000,47.500000,350,420,470,480,2500,4200,4600,5000,5400,5400,5400,1361,1190,340,744.5579943157369,188.15779098076746,5368.484874983551,41999.31153563556
1777163794,512,GET,next_departures,206.300000,187.700000,360,420,470,500,710,3600,4300,4600,5700,5800,5800,5371,4677,350,705.5578335476936,186.38191602076404,5792.481666983804,236.6347048966673
1777163794,512,GET,point_read,249.300000,223.900000,320,370,410,440,490,540,630,730,2400,3300,3300,6585,5669,300,326.94480779689707,115.73579200194217,3271.9294580165297,234.5116173120729
1777163794,512,GET,trips_per_route,25.900000,23.000000,350,440,470,490,590,740,980,1100,1600,1600,1600,695,603,330,380.11468530828535,190.61874999897555,1614.4095410127193,272.84460431654674
1777163794,512,,Aggregated,559.400000,505.800000,340,400,440,470,550,980,3900,4400,5400,5800,5800,14686,12739,330,521.2866419976749,115.73579200194217,5792.481666983804,4107.999387171456
1777163795,512,GET,bulk_update_departures,25.600000,23.900000,330,380,440,470,580,3500,4400,4700,5700,5700,5700,695,618,350,653.7161158211027,186.06083298800513,5720.02108299057,243.29208633093526
1777163795,512,GET,large_scan,52.300000,47.600000,340,400,460,470,660,3900,4500,4700,5000,5000,5000,1393,1222,340,735.4041439445269,188.15779098076746,5368.484874983551,41040.30150753769
1777163795,512,GET,next_departures,201.800000,184.600000,350,410,460,490,650,3600,4200,4500,5700,5800,5800,5543,4836,350,703.7982103297154,186.38191602076404,5792.481666983804,236.7752119790727
1777163795,512,GET,point_read,247.500000,222.700000,310,370,400,430,490,540,610,680,2400,3300,3300,6776,5844,300,328.01666465785024,115.73579200194217,3271.9294580165297,234.70410271546635
1777163795,512,GET,trips_per_route,25.000000,22.400000,350,420,460,490,580,720,860,1100,1600,1600,1600,717,625,330,380.0596413280519,190.61874999897555,1614.4095410127193,272.26220362622036
1777163795,512,,Aggregated,552.200000,501.200000,330,390,430,460,540,950,3800,4300,5200,5800,5800,15124,13145,330,520.6987460606836,115.73579200194217,5792.481666983804,3996.048664374504
1777163796,512,GET,bulk_update_departures,26.400000,24.900000,330,420,460,500,610,3800,4500,4700,5700,5700,5700,721,639,360,672.5803148330818,186.06083298800513,5720.02108299057,242.85714285714286
1777163796,512,GET,large_scan,53.400000,48.200000,340,410,460,480,740,4100,4500,4700,5000,5000,5000,1438,1264,350,734.7871585658945,188.15779098076746,5368.484874983551,40457.06884561892
1777163796,512,GET,next_departures,202.800000,184.500000,350,410,470,490,670,3600,4400,4700,5700,5800,5800,5727,5002,350,707.4284990934841,186.38191602076404,5792.481666983804,236.9165357080496
1777163796,512,GET,point_read,258.600000,232.700000,310,370,410,440,500,550,630,690,2400,3300,3300,7046,6083,310,331.9260374336882,115.73579200194217,3271.9294580165297,234.7624183934147
1777163796,512,GET,trips_per_route,25.600000,22.900000,360,440,480,510,610,740,980,1100,1600,1600,1600,750,654,340,386.7388168295535,190.61874999897555,1614.4095410127193,272.31733333333335
1777163796,512,,Aggregated,566.800000,513.200000,330,390,440,470,560,950,3900,4400,5200,5800,5800,15682,13642,330,524.2827654445026,115.73579200194217,5792.481666983804,3926.001785486545
1777163797,512,GET,bulk_update_departures,25.500000,23.600000,330,420,470,520,610,3700,4300,4700,5700,5700,5700,736,654,360,667.5888374030246,186.06083298800513,5720.02108299057,243.10054347826087
1777163797,512,GET,large_scan,52.100000,47.100000,360,440,480,500,740,3900,4500,5000,5200,5200,5200,1481,1302,350,741.1467986547525,188.15779098076746,5368.484874983551,40411.36596893991
1777163797,512,GET,next_departures,201.700000,184.500000,360,440,490,520,940,3700,4500,4700,5700,5800,5800,5872,5130,350,711.6751849826967,186.38191602076404,5792.481666983804,236.9059945504087
1777163797,512,GET,point_read,258.300000,233.600000,330,390,440,470,530,590,650,730,2400,3300,3300,7260,6267,320,335.9855978306753,115.73579200194217,3271.9294580165297,234.69228650137742
1777163797,512,GET,trips_per_route,26.300000,23.500000,370,460,500,540,620,740,980,1100,1600,1600,1600,773,674,340,390.3996010661022,190.61874999897555,1614.4095410127193,272.3635187580854
1777163797,512,,Aggregated,563.900000,512.300000,350,410,470,490,580,980,4000,4400,5400,5800,5800,16122,14027,340,527.7865532334368,115.73579200194217,5792.481666983804,3928.4003225406277
1777163798,512,GET,bulk_update_departures,26.300000,24.200000,360,440,520,560,690,3800,4300,4700,5700,5700,5700,759,673,360,681.6605935344483,186.06083298800513,5720.02108299057,242.62977602108037
1777163798,512,GET,large_scan,51.900000,47.300000,370,460,500,530,710,3800,4700,5100,5900,5900,5900,1533,1350,360,745.221393844554,188.15779098076746,5855.323625000892,39916.053489889106
1777163798,512,GET,next_departures,205.700000,188.200000,370,470,520,560,950,3800,4400,4700,5700,5800,5800,6069,5304,360,718.314733578759,186.38191602076404,5792.481666983804,236.93211402207942
1777163798,512,GET,point_read,261.900000,236.800000,340,410,460,490,560,640,700,780,2400,3300,3300,7492,6486,320,341.92886508307646,115.73579200194217,3271.9294580165297,235.06767218366258
1777163798,512,GET,trips_per_route,27.500000,24.600000,400,480,540,580,650,760,980,1100,1600,1600,1600,797,698,350,395.7696300165519,190.61874999897555,1614.4095410127193,271.82685069008784
1777163798,512,,Aggregated,573.300000,521.100000,360,440,490,520,630,980,4000,4400,5400,5900,5900,16650,14511,340,534.3193007610462,115.73579200194217,5855.323625000892,3891.3621621621623
1777163799,512,GET,bulk_update_departures,25.700000,23.600000,370,470,530,570,690,3800,4300,4700,5700,5700,5700,778,691,370,680.1328492796936,186.06083298800513,5720.02108299057,242.81233933161954
1777163799,512,GET,large_scan,50.400000,45.700000,380,460,510,540,690,3500,4700,5100,5900,5900,5900,1575,1390,360,742.4307482651923,188.15779098076746,5855.323625000892,39280.32571428571
1777163799,512,GET,next_departures,197.600000,181.200000,380,470,530,560,870,3900,4400,4700,5400,5700,5700,6279,5494,360,720.3343939395413,186.38191602076404,5792.481666983804,237.08138238573022
1777163799,512,GET,point_read,253.100000,229.300000,350,420,470,500,570,630,700,750,2400,3300,3300,7730,6700,320,344.73914842012846,115.73579200194217,3271.9294580165297,235.1869340232859
1777163799,512,GET,trips_per_route,27.300000,24.600000,410,480,540,580,630,720,860,980,1600,1600,1600,819,718,350,398.8148556645605,190.61874999897555,1614.4095410127193,271.8742368742369
1777163799,512,,Aggregated,554.100000,504.400000,370,450,500,530,620,910,4000,4400,5200,5900,5900,17181,14993,340,536.2269034910966,115.73579200194217,5855.323625000892,3817.2815901286303
1777163800,512,GET,bulk_update_departures,24.600000,22.600000,410,500,570,600,2600,3800,4300,4700,5700,5700,5700,791,702,370,687.9328586025074,186.06083298800513,5720.02108299057,242.80025284450062
1777163800,512,GET,large_scan,49.000000,44.600000,410,490,540,580,740,3700,4700,5100,5900,5900,5900,1596,1408,360,747.2991644327911,188.15779098076746,5855.323625000892,39391.30952380953
1777163800,512,GET,next_departures,194.700000,176.700000,430,510,560,600,1000,4000,4400,4700,5400,5700,5700,6404,5594,370,730.6019003039352,186.38191602076404,5792.481666983804,236.75046845721425
1777163800,512,GET,point_read,248.500000,224.700000,380,460,510,540,620,690,780,840,1000,3300,3300,7882,6832,330,350.2621380669146,115.73579200194217,3271.9294580165297,235.1787617356001
1777163800,512,GET,trips_per_route,27.600000,24.700000,450,520,580,590,670,760,960,980,1300,1300,1300,834,730,350,403.8795097390113,190.61874999897555,1614.4095410127193,272.0203836930456
1777163800,512,,Aggregated,544.400000,493.300000,400,490,540,570,690,970,4000,4400,5400,5900,5900,17507,15266,350,543.3952482150842,115.73579200194217,5855.323625000892,3807.464385674302
1777163801,512,GET,bulk_update_departures,24.100000,21.800000,430,520,580,610,3100,3800,4300,4700,5700,5700,5700,808,716,370,689.6807828856578,186.06083298800513,5720.02108299057,242.6200495049505
1777163801,512,GET,large_scan,49.200000,45.200000,430,510,560,600,780,3900,4700,5200,5900,5900,5900,1631,1436,360,753.8748775663584,188.15779098076746,5855.323625000892,39977.31207847946
1777163801,512,GET,next_departures,193.800000,176.100000,440,520,580,620,1900,3900,4400,4700,5400,5700,5700,6556,5726,360,730.1629103568131,186.38191602076404,5792.481666983804,236.72101891397193
1777163801,512,GET,point_read,248.600000,224.700000,390,470,510,540,620,690,780,840,1000,1800,1800,8090,7019,320,348.2610445759711,115.73579200194217,3271.9294580165297,235.3514215080346
1777163801,512,GET,trips_per_route,27.000000,23.900000,450,520,580,590,660,740,960,980,1300,1300,1300,862,754,350,401.2814066060165,190.61874999897555,1614.4095410127193,272.11716937354987
1777163801,512,,Aggregated,542.700000,491.700000,420,490,540,580,700,1300,4000,4400,5200,5900,5900,17947,15651,340,542.5484181922108,115.73579200194217,5855.323625000892,3849.64250292528
1777163802,512,GET,bulk_update_departures,23.100000,20.800000,390,500,580,630,2900,3800,4300,4700,5700,5700,5700,835,741,360,689.8944103133915,186.06083298800513,5720.02108299057,242.66107784431136
1777163802,512,GET,large_scan,46.800000,43.100000,390,510,580,610,2000,3900,4400,5100,5900,5900,5900,1694,1491,360,758.7590866173489,188.15779098076746,5855.323625000892,40069.047815820544
1777163802,512,GET,next_departures,188.500000,170.500000,420,510,580,640,2200,3900,4300,4700,5400,5700,5700,6807,5960,360,731.6443806135362,186.38191602076404,5792.481666983804,236.93873953283384
1777163802,512,GET,point_read,243.900000,220.600000,360,450,510,550,650,750,2000,2100,2400,2600,2600,8395,7309,320,358.77528322820416,115.73579200194217,3271.9294580165297,235.74318046456224
1777163802,512,GET,trips_per_route,25.800000,23.100000,430,520,580,600,690,860,1300,1900,2100,2100,2100,884,774,350,407.53921671763663,190.61874999897555,2126.3164169795346,272.0656108597285
1777163802,512,,Aggregated,528.100000,478.100000,390,480,540,590,760,2300,4000,4300,5200,5900,5900,18615,16275,340,548.6911734868104,115.73579200194217,5855.323625000892,3863.1211925866237
1777163803,512,GET,bulk_update_departures,23.400000,20.900000,370,500,580,630,2900,3800,4300,4700,5700,5700,5700,875,776,360,684.1469133641638,186.06083298800513,5720.02108299057,242.47542857142858
1777163803,512,GET,large_scan,45.000000,41.200000,400,510,580,620,2900,3900,4500,5100,5900,5900,5900,1752,1539,360,761.0107415254776,188.15779098076746,5855.323625000892,40647.33105022831
1777163803,512,GET,next_departures,182.200000,163.800000,410,510,580,630,2100,3700,4200,4600,5400,5700,5700,7045,6174,360,725.2225267973421,186.38191602076404,5792.481666983804,237.0320794889993
1777163803,512,GET,point_read,238.600000,216.500000,360,450,510,540,640,740,2000,2100,2400,2600,2600,8687,7557,320,355.1081574662738,115.73579200194217,3271.9294580165297,235.48313572004145
1777163803,512,GET,trips_per_route,24.600000,22.200000,420,500,580,590,670,840,1900,2100,2800,2800,2800,920,806,350,405.4136592764458,190.61874999897555,2771.8352079973556,271.7673913043478
1777163803,512,,Aggregated,513.800000,464.600000,390,480,540,580,750,2400,4000,4300,5200,5900,5900,19279,16852,340,544.5778930482603,115.73579200194217,5855.323625000892,3910.5684423465946
1777163804,512,GET,bulk_update_departures,22.300000,20.000000,370,490,570,610,2500,3500,4000,4300,4700,4700,4700,900,800,350,674.8740284573998,186.06083298800513,5720.02108299057,242.55
1777163804,512,GET,large_scan,42.600000,38.900000,390,510,580,630,2900,3800,4500,5100,5900,5900,5900,1809,1591,350,753.3305470241314,188.15779098076746,5855.323625000892,40292.70702045329
1777163804,512,GET,next_departures,181.700000,163.300000,390,500,570,630,2100,3600,4200,4500,5200,5400,5400,7283,6395,350,716.1398734494487,186.38191602076404,5792.481666983804,237.23712755732527
1777163804,512,GET,point_read,234.100000,212.900000,350,440,500,540,640,730,1900,2100,2400,2600,2600,9029,7873,310,351.2348488424747,115.73579200194217,3271.9294580165297,235.712925019382
1777163804,512,GET,trips_per_route,24.400000,22.100000,410,500,570,590,670,840,1900,2100,2800,2800,2800,949,835,340,401.08350565571396,190.61874999897555,2771.8352079973556,271.245521601686
1777163804,512,,Aggregated,505.100000,457.200000,370,470,540,580,740,2300,3800,4200,5200,5900,5900,19970,17494,340,537.693339037389,115.73579200194217,5855.323625000892,3866.8634952428642
1777163805,512,GET,bulk_update_departures,22.400000,19.900000,330,430,530,600,2300,3100,3700,3800,4300,4300,4300,935,831,350,669.6562818520488,186.06083298800513,5720.02108299057,242.45561497326204
1777163805,512,GET,large_scan,44.900000,40.600000,350,460,560,600,2700,3700,4400,5100,5900,5900,5900,1875,1655,350,738.553646990781,188.15779098076746,5855.323625000892,39237.5552
1777163805,512,GET,next_departures,187.800000,167.900000,350,470,560,610,2100,3400,4100,4300,5200,5400,5400,7518,6614,350,706.8528969754346,186.38191602076404,5792.481666983804,237.4366852886406
1777163805,512,GET,point_read,240.100000,217.000000,310,390,470,520,640,730,1900,2100,2400,2600,2600,9322,8154,310,348.4614429919092,115.73579200194217,3271.9294580165297,236.1020167346063
1777163805,512,GET,trips_per_route,25.100000,22.500000,360,460,540,590,670,820,1900,2100,2800,2800,2800,969,854,340,398.7743144068469,190.61874999897555,2771.8352079973556,271.1217750257998
1777163805,512,,Aggregated,520.300000,467.900000,330,420,520,570,730,2200,3700,4100,5200,5900,5900,20619,18108,330,531.5391955638735,115.73579200194217,5855.323625000892,3785.1409379698334
1777163806,512,GET,bulk_update_departures,23.500000,20.700000,310,390,500,600,2400,2900,3700,3800,4300,4300,4300,968,860,350,666.6579545339164,186.06083298800513,5720.02108299057,242.36157024793388
1777163806,512,GET,large_scan,44.000000,39.300000,330,420,540,600,2500,3600,4300,4700,5900,5900,5900,1929,1704,350,733.488549130464,188.15779098076746,5855.323625000892,39007.467081389324
1777163806,512,GET,next_departures,190.800000,171.500000,330,440,540,600,2100,3300,4000,4200,5200,5400,5400,7726,6802,350,702.2737088464004,186.38191602076404,5792.481666983804,237.46362930365
1777163806,512,GET,point_read,240.600000,217.400000,280,360,420,490,630,720,1900,2100,2400,2600,2600,9587,8390,310,346.26804325616297,115.73579200194217,3271.9294580165297,236.07551893188693
1777163806,512,GET,trips_per_route,26.100000,23.600000,340,430,520,580,670,820,1900,2100,2800,2800,2800,993,873,340,397.7468839700241,190.61874999897555,2771.8352079973556,271.42296072507554
1777163806,512,,Aggregated,525.000000,472.500000,310,390,490,550,730,2300,3600,4000,5100,5900,5900,21203,18629,330,528.2566321882673,115.73579200194217,5855.323625000892,3765.8554449842004
1777163807,512,GET,bulk_update_departures,22.900000,20.400000,320,390,490,570,2400,2900,3700,3800,4300,4300,4300,991,880,350,669.4117786628432,186.06083298800513,5720.02108299057,242.18869828456104
1777163807,512,GET,large_scan,45.700000,41.000000,330,390,480,540,2300,3400,4200,4400,4700,4700,4700,1975,1747,350,730.2692417198309,188.15779098076746,5855.323625000892,38609.39341772152
1777163807,512,GET,next_departures,193.600000,174.100000,330,410,500,580,2000,3000,3800,4100,5100,5200,5200,7893,6950,350,702.9526033360393,186.38191602076404,5792.481666983804,237.47193715950843
1777163807,512,GET,point_read,248.500000,224.900000,290,360,410,460,590,710,1900,2100,2400,2600,2600,9817,8593,310,348.19222776324307,115.73579200194217,3271.9294580165297,236.09534481002342
1777163807,512,GET,trips_per_route,25.300000,23.100000,330,400,480,520,650,820,1900,2100,2800,2800,2800,1017,896,340,399.12793108087214,190.61874999897555,2771.8352079973556,271.06489675516224
1777163807,512,,Aggregated,536.000000,483.500000,310,380,450,510,710,2200,3300,3800,4700,5200,5200,21693,19066,330,529.1195283752304,115.73579200194217,5855.323625000892,3732.1416125017286
1777163808,512,GET,bulk_update_departures,24.000000,21.600000,320,390,470,520,2300,2800,3200,3700,4100,4100,4100,1011,899,360,668.7892653628618,186.06083298800513,5720.02108299057,242.3026706231454
1777163808,512,GET,large_scan,48.600000,43.300000,340,410,500,540,2900,3500,4200,4400,4700,4700,4700,2022,1783,350,742.1280678691872,188.15779098076746,5855.323625000892,39525.29871414441
1777163808,512,GET,next_departures,195.800000,176.200000,330,420,500,550,2000,2900,3600,4000,5100,5200,5200,8087,7126,360,702.7690675584867,186.38191602076404,5792.481666983804,237.55261530851985
1777163808,512,GET,point_read,251.200000,228.600000,290,360,410,470,570,710,1900,2100,2400,2600,2600,10076,8815,320,351.65754241083306,115.73579200194217,3271.9294580165297,235.94680428741563
1777163808,512,GET,trips_per_route,24.000000,21.900000,340,400,480,510,650,810,1900,2100,2800,2800,2800,1038,915,350,402.09509360332913,190.61874999897555,2771.8352079973556,271.0077071290944
1777163808,512,,Aggregated,543.600000,491.600000,310,390,460,510,700,2200,3200,3700,4700,5200,5200,22234,19538,340,531.6496561280298,115.73579200194217,5855.323625000892,3811.5011244040656
1777163809,512,GET,bulk_update_departures,24.600000,21.800000,340,390,460,490,2300,2700,3100,3200,4100,4100,4100,1041,927,360,665.9985980478372,186.06083298800513,5720.02108299057,242.29682997118155
1777163809,512,GET,large_scan,48.700000,43.800000,340,420,490,520,2700,3500,4200,4400,4700,4700,4700,2063,1823,360,738.0112976177654,188.15779098076746,5855.323625000892,38905.813378574894
1777163809,512,GET,next_departures,200.600000,180.600000,340,410,470,520,2000,2800,3400,3700,4700,5000,5000,8277,7299,360,701.2587545873506,186.38191602076404,5792.481666983804,237.5610728524828
1777163809,512,GET,point_read,255.600000,231.800000,290,370,410,450,540,690,1900,2100,2400,2600,2600,10293,9007,320,352.74960116453286,115.73579200194217,3271.9294580165297,235.92052851452442
1777163809,512,GET,trips_per_route,24.200000,21.900000,330,390,450,480,650,810,1900,2100,2800,2800,2800,1051,928,350,402.10218767098974,190.61874999897555,2771.8352079973556,270.7345385347288
1777163809,512,,Aggregated,553.700000,499.900000,320,390,440,490,680,2100,3000,3500,4500,5000,5000,22725,19984,340,531.291599705236,115.73579200194217,5855.323625000892,3748.914807480748
1777163810,512,GET,bulk_update_departures,25.400000,22.600000,350,400,450,480,2300,2700,3100,3200,4100,4100,4100,1074,957,360,665.274771632099,186.06083298800513,5720.02108299057,242.35009310986965
1777163810,512,GET,large_scan,49.300000,44.000000,340,420,470,500,2700,3500,3900,4400,4700,4700,4700,2115,1866,360,742.9531563150457,188.15779098076746,5855.323625000892,39369.21276595745
1777163810,512,GET,next_departures,201.900000,182.700000,340,410,460,490,1900,2700,3100,3400,4600,4700,4700,8483,7490,360,698.2656810989831,186.38191602076404,5792.481666983804,237.74631616173522
1777163810,512,GET,point_read,259.600000,234.800000,300,370,410,440,510,580,1900,2100,2400,2600,2600,10579,9266,320,353.55107584965214,115.73579200194217,3271.9294580165297,236.0374326495888
1777163810,512,GET,trips_per_route,24.200000,21.900000,340,390,440,460,590,730,1900,2100,2800,2800,2800,1076,951,350,401.79048252715984,190.61874999897555,2771.8352079973556,270.5483271375465
1777163810,512,,Aggregated,560.400000,506.000000,330,390,430,470,560,2100,3000,3400,4500,4700,4700,23327,20530,340,530.7918803838705,115.73579200194217,5855.323625000892,3786.6472756891158
1777163811,512,GET,bulk_update_departures,26.300000,23.600000,350,400,470,490,700,2800,3200,3400,4100,4100,4100,1103,983,360,665.2805382509179,186.06083298800513,5720.02108299057,242.21486854034453
1777163811,512,GET,large_scan,50.700000,45.100000,340,430,490,510,2100,3400,3800,4200,4700,4700,4700,2167,1917,360,736.4334721297857,188.15779098076746,5855.323625000892,38583.87955699123
1777163811,512,GET,next_departures,207.200000,187.600000,350,420,470,500,700,2900,3300,3500,4500,4700,4700,8717,7693,360,699.2616505741448,186.38191602076404,5792.481666983804,237.59607663186875
1777163811,512,GET,point_read,263.800000,238.700000,310,380,420,450,520,570,670,710,2400,2600,2600,10856,9519,320,354.04907501203627,115.73579200194217,3271.9294580165297,236.18966470154754
1777163811,512,GET,trips_per_route,24.200000,22.000000,330,390,440,470,600,680,740,930,2800,2800,2800,1103,976,350,400.8793387654018,190.61874999897555,2771.8352079973556,270.3517679057117
1777163811,512,,Aggregated,572.200000,517.000000,330,390,440,480,560,740,3000,3400,4500,4700,4700,23946,21088,340,530.8129226108628,115.73579200194217,5855.323625000892,3708.837718199282
1777163812,512,GET,bulk_update_departures,27.700000,25.000000,350,410,470,490,680,2800,3200,3400,4100,4100,4100,1129,1006,360,663.2595789643847,186.06083298800513,5720.02108299057,242.17006200177147
1777163812,512,GET,large_scan,51.200000,45.400000,340,410,470,500,670,3400,3800,4200,4700,4700,4700,2242,1991,350,721.0873041850966,188.15779098076746,5855.323625000892,37449.987065120426
1777163812,512,GET,next_departures,209.600000,190.900000,340,410,460,500,660,2800,3200,3500,4300,4700,4700,8969,7933,360,690.0758680420422,184.2188750160858,5792.481666983804,237.80666740996767
1777163812,512,GET,point_read,269.000000,243.900000,300,370,410,440,510,560,650,690,740,740,740,11185,9828,320,350.59120762173575,115.73579200194217,3271.9294580165297,236.39544032185964
1777163812,512,GET,trips_per_route,24.500000,22.200000,330,380,430,460,580,660,730,740,1000,1000,1000,1134,1003,340,397.50288579394,190.61874999897555,2771.8352079973556,270.3853615520282
1777163812,512,,Aggregated,582.000000,527.400000,320,390,440,470,550,700,3000,3400,4500,4700,4700,24659,21761,340,524.2272270101087,115.73579200194217,5855.323625000892,3622.20158968328
1777163813,512,GET,bulk_update_departures,28.300000,25.600000,360,410,470,490,680,2900,3300,3600,4100,4100,4100,1158,1033,350,659.20254154563,186.06083298800513,5720.02108299057,242.3281519861831
1777163813,512,GET,large_scan,53.600000,48.000000,330,390,460,490,580,3100,3800,3900,4700,4700,4700,2315,2062,350,710.4891233538056,188.15779098076746,5855.323625000892,36564.238444924405
1777163813,512,GET,next_departures,210.800000,192.300000,340,410,460,500,670,2900,3300,3600,4200,4700,4700,9202,8147,350,685.311916141182,184.2188750160858,5792.481666983804,237.8752445120626
1777163813,512,GET,point_read,272.000000,245.600000,300,370,410,450,510,560,650,690,740,740,740,11477,10102,310,348.54598079779856,115.73579200194217,3271.9294580165297,236.59379628822862
1777163813,512,GET,trips_per_route,24.200000,22.100000,330,380,430,460,590,660,730,790,1000,1000,1000,1165,1033,340,394.3119047830669,190.61874999897555,2771.8352079973556,269.937339055794
1777163813,512,,Aggregated,588.900000,533.600000,320,390,440,470,550,700,3000,3400,4200,4700,4700,25317,22377,340,520.3623931229465,115.73579200194217,5855.323625000892,3560.6754354781374
1777163814,512,GET,bulk_update_departures,29.000000,26.100000,350,410,470,490,700,3000,3400,3600,4100,4100,4100,1193,1064,350,656.7508862663929,186.06083298800513,5720.02108299057,242.18776194467728
1777163814,512,GET,large_scan,54.400000,49.400000,340,400,470,490,600,3300,3800,4100,4700,4700,4700,2363,2107,350,705.908962838783,188.15779098076746,5855.323625000892,36248.504020313165
1777163814,512,GET,next_departures,215.100000,195.700000,340,410,460,500,680,2900,3400,3700,4200,4700,4700,9442,8364,350,681.4705426103998,184.2188750160858,5792.481666983804,237.89112476170303
1777163814,512,GET,point_read,277.400000,250.800000,300,370,410,440,510,560,650,690,740,740,740,11815,10421,310,345.5838634253443,115.73579200194217,3271.9294580165297,236.80423190859076
1777163814,512,GET,trips_per_route,24.400000,22.200000,330,380,420,460,560,660,730,790,1000,1000,1000,1203,1068,340,390.554979453203,190.61874999897555,2771.8352079973556,269.74231088944305
1777163814,512,,Aggregated,600.300000,544.200000,320,390,440,470,550,710,3100,3400,4500,4700,4700,26016,23024,330,516.5637506336057,115.73579200194217,5855.323625000892,3509.865275215252
1777163815,512,GET,bulk_update_departures,28.800000,26.000000,340,410,470,480,660,3000,3400,3600,4100,4100,4100,1230,1099,350,649.170969058433,186.06083298800513,5720.02108299057,242.36016260162603
1777163815,512,GET,large_scan,55.000000,50.500000,340,400,470,490,590,3400,3800,4200,4700,4700,4700,2421,2160,340,702.2498319124719,187.29862498003058,5855.323625000892,36072.297397769515
1777163815,512,GET,next_departures,213.700000,195.300000,330,410,460,500,670,2900,3500,3700,4200,4700,4700,9682,8591,350,674.8342267559835,184.2188750160858,5792.481666983804,238.09047717413756
1777163815,512,GET,point_read,276.700000,251.400000,300,370,410,440,510,560,650,690,740,740,740,12127,10709,310,342.99613891781644,115.73579200194217,3271.9294580165297,236.93469118495918
1777163815,512,GET,trips_per_route,24.200000,22.400000,300,380,420,450,560,660,730,790,1000,1000,1000,1236,1097,330,387.1438430673222,190.61874999897555,2771.8352079973556,269.61003236245955
1777163815,512,,Aggregated,598.500000,545.600000,320,390,440,470,550,700,3100,3600,4500,4700,4700,26696,23656,330,512.0765689669224,115.73579200194217,5855.323625000892,3488.9448606532815
1777163816,512,GET,bulk_update_departures,27.500000,24.900000,330,390,450,480,570,3000,3400,3600,3600,3600,3600,1260,1127,340,643.79932981579,186.06083298800513,5720.02108299057,242.32380952380953
1777163816,512,GET,large_scan,55.800000,52.000000,320,380,450,490,610,3400,3900,4200,4700,4700,4700,2492,2226,340,695.7813128450839,187.29862498003058,5855.323625000892,35718.515248796146
1777163816,512,GET,next_departures,214.000000,195.700000,310,390,440,490,630,2900,3500,3700,4200,4700,4700,9915,8812,340,667.9705883121073,184.2188750160858,5792.481666983804,238.28421583459405
1777163816,512,GET,point_read,279.900000,255.300000,270,350,390,420,510,560,650,690,740,740,740,12406,10963,300,340.6490801880869,115.73579200194217,3271.9294580165297,236.96670965661775
1777163816,512,GET,trips_per_route,24.600000,22.600000,260,350,390,430,540,640,730,790,1000,1000,1000,1274,1133,330,383.2620081712994,190.61874999897555,2771.8352079973556,269.4120879120879
1777163816,512,,Aggregated,601.800000,550.500000,290,370,420,460,540,690,3100,3600,4500,4700,4700,27347,24261,330,507.6377978394703,115.73579200194217,5855.323625000892,3472.4648407503564
1777163817,512,GET,bulk_update_departures,29.700000,27.000000,310,360,410,460,570,3000,3400,3600,3600,3600,3600,1292,1154,340,646.0222358977651,186.06083298800513,5720.02108299057,242.0828173374613
1777163817,512,GET,large_scan,55.200000,51.300000,300,360,400,450,550,3400,3800,4100,4500,4500,4500,2544,2273,340,694.7784988620102,187.29862498003058,5855.323625000892,35646.59394654088
1777163817,512,GET,next_departures,217.800000,198.800000,290,360,410,440,560,2900,3400,3700,4200,4500,4500,10110,8997,340,663.8244685033003,184.2188750160858,5792.481666983804,238.4558852621167
1777163817,512,GET,point_read,278.900000,254.800000,260,330,360,380,460,520,580,630,730,730,730,12664,11200,300,339.64699273991687,115.73579200194217,3271.9294580165297,237.037271004422
1777163817,512,GET,trips_per_route,26.000000,23.700000,260,330,370,390,460,580,660,690,810,810,810,1299,1158,330,382.1090837761156,190.61874999897555,2771.8352079973556,269.18937644341804
1777163817,512,,Aggregated,607.600000,555.600000,270,340,380,410,500,620,3100,3600,4200,4500,4500,27909,24782,330,505.6108001840511,115.73579200194217,5855.323625000892,3466.982407108818
1777163818,512,GET,bulk_update_departures,28.900000,26.400000,300,360,420,480,2700,3100,3400,3600,3800,3800,3800,1315,1172,350,655.1797550912157,186.06083298800513,5720.02108299057,241.76197718631178
1777163818,512,GET,large_scan,55.200000,51.300000,300,350,400,470,610,3400,3800,3900,4500,4500,4500,2589,2315,340,695.6209546693752,187.29862498003058,5855.323625000892,35416.49130938586
1777163818,512,GET,next_departures,216.600000,198.800000,290,360,420,480,630,3000,3500,3700,4200,4500,4500,10323,9194,350,665.553725667854,184.2188750160858,5792.481666983804,238.6236559139785
1777163818,512,GET,point_read,279.400000,253.600000,260,320,360,390,500,580,650,690,830,850,850,12901,11413,300,342.89517326587975,115.73579200194217,3271.9294580165297,237.05464692659484
1777163818,512,GET,trips_per_route,28.000000,25.700000,260,340,370,400,560,610,680,690,790,790,790,1322,1178,330,385.2352189767416,190.61874999897555,2771.8352079973556,269.23903177004536
1777163818,512,,Aggregated,608.100000,555.800000,270,340,380,430,560,680,3100,3600,4200,4500,4500,28450,25272,330,508.47123829327035,115.73579200194217,5855.323625000892,3440.72762741652
1777163819,512,GET,bulk_update_departures,30.000000,27.400000,290,370,430,490,2700,3100,3400,3600,3800,3800,3800,1331,1187,350,654.7213474117021,186.06083298800513,5720.02108299057,241.87753568745305
1777163819,512,GET,large_scan,57.500000,53.000000,310,360,400,460,600,2900,3800,3900,4500,4500,4500,2627,2351,350,693.5173554639796,187.29862498003058,5855.323625000892,35160.77122192615
1777163819,512,GET,next_departures,221.700000,203.800000,290,360,420,480,630,2900,3600,3800,4300,4600,4600,10496,9358,350,664.4172790457535,184.2188750160858,5792.481666983804,238.72389481707316
1777163819,512,GET,point_read,283.200000,259.400000,260,330,370,400,500,580,660,690,830,850,850,13109,11607,310,344.3197048857413,115.73579200194217,3271.9294580165297,237.15790678160042
1777163819,512,GET,trips_per_route,28.400000,26.300000,270,360,400,430,550,610,680,690,790,790,790,1347,1203,340,386.12668642252817,190.61874999897555,2771.8352079973556,269.03414996288046
1777163819,512,,Aggregated,620.800000,569.900000,270,350,390,440,550,670,3100,3600,4200,4600,4600,28910,25706,330,508.5032039097676,115.73579200194217,5855.323625000892,3412.875233483224
1777163820,512,GET,bulk_update_departures,30.100000,27.400000,300,360,420,450,2700,3100,3400,3600,3800,3800,3800,1359,1212,350,654.8009566680932,186.06083298800513,5720.02108299057,241.813097866078
1777163820,512,GET,large_scan,56.500000,52.700000,310,360,390,440,580,3200,3700,4100,4600,4600,4600,2685,2402,350,695.7284662219045,187.29862498003058,5855.323625000892,35272.85698324022
1777163820,512,GET,next_departures,220.900000,203.200000,290,360,410,450,610,3000,3700,3900,4300,4600,4600,10707,9544,350,665.9800861540242,184.2188750160858,5792.481666983804,238.64200990006537
1777163820,512,GET,point_read,279.600000,257.000000,260,330,360,380,470,540,620,670,830,850,850,13367,11833,310,344.83287304915723,115.73579200194217,3271.9294580165297,237.0539388045186
1777163820,512,GET,trips_per_route,27.600000,25.600000,270,360,390,430,520,590,670,690,790,790,790,1367,1222,340,386.5877727609141,190.61874999897555,2771.8352079973556,268.9209948792977
1777163820,512,,Aggregated,614.700000,565.900000,270,350,380,410,510,660,3200,3700,4400,4600,4600,29485,26213,330,509.62864893271563,115.73579200194217,5855.323625000892,3429.8015940308633
1777163821,512,GET,bulk_update_departures,29.100000,26.200000,320,380,440,470,840,3100,3400,3600,3800,3800,3800,1385,1236,350,653.8657602187311,186.06083298800513,5720.02108299057,241.77689530685922
1777163821,512,GET,large_scan,55.600000,52.200000,330,380,430,460,590,3400,3900,4400,4800,4800,4800,2736,2449,350,695.799324338394,187.29862498003058,5855.323625000892,35105.89364035088
1777163821,512,GET,next_departures,220.200000,204.000000,330,390,440,470,610,3000,3700,3900,4500,4700,4700,10920,9735,350,666.6469407546772,184.2188750160858,5792.481666983804,238.64276556776557
1777163821,512,GET,point_read,278.600000,256.600000,280,350,380,410,490,550,630,680,830,850,850,13653,12086,310,345.6274277848139,115.73579200194217,3271.9294580165297,236.96674723503992
1777163821,512,GET,trips_per_route,28.600000,26.500000,320,370,420,450,540,600,670,700,790,790,790,1397,1248,340,387.449385461116,190.61874999897555,2771.8352079973556,268.90837508947743
1777163821,512,,Aggregated,612.100000,565.500000,310,370,410,440,530,670,3300,3700,4500,4800,4800,30091,26754,330,510.0931735525265,115.73579200194217,5855.323625000892,3409.70845103187
1777163822,512,GET,bulk_update_departures,28.800000,25.800000,330,390,440,470,2700,3100,3400,3700,3900,3900,3900,1414,1261,350,655.485464098285,186.06083298800513,5720.02108299057,241.65841584158414
1777163822,512,GET,large_scan,56.900000,53.200000,340,390,440,470,610,3500,4000,4400,4800,4800,4800,2798,2506,350,693.8275461840155,187.29862498003058,5855.323625000892,34927.307005003575
1777163822,512,GET,next_departures,221.100000,204.800000,340,400,440,480,610,3000,3700,3900,4500,4700,4700,11144,9945,350,663.2676348750011,184.2188750160858,5792.481666983804,238.7339375448672
1777163822,512,GET,point_read,277.600000,255.500000,300,360,390,420,490,550,630,680,830,850,850,13909,12328,310,345.1819391375472,115.73579200194217,3271.9294580165297,237.12473937738156
1777163822,512,GET,trips_per_route,29.200000,27.300000,330,390,440,460,540,600,690,700,790,790,790,1418,1267,340,387.4267297490884,190.61874999897555,2771.8352079973556,268.9950634696756
1777163822,512,,Aggregated,613.600000,566.600000,320,380,420,450,530,670,3400,3700,4500,4800,4800,30683,27307,330,508.7555694603914,115.73579200194217,5855.323625000892,3402.8081999804454
1777163823,512,GET,bulk_update_departures,29.000000,25.900000,330,390,450,480,2800,3100,3400,3700,3900,3900,3900,1443,1288,350,652.3835766500305,186.06083298800513,5720.02108299057,241.75398475398475
1777163823,512,GET,large_scan,55.500000,52.000000,340,400,440,470,620,3500,4000,4400,4800,4800,4800,2862,2565,350,690.1981883330177,187.29862498003058,5855.323625000892,34732.41229909154
1777163823,512,GET,next_departures,222.500000,205.100000,340,390,440,470,610,3000,3700,3900,4500,4700,4700,11397,10181,350,658.9556365698294,184.2188750160858,5792.481666983804,238.8175835746249
1777163823,512,GET,point_read,278.200000,255.600000,310,360,400,420,490,550,630,680,830,850,850,14221,12618,310,343.63651380512283,115.73579200194217,3271.9294580165297,237.23155896209832
1777163823,512,GET,trips_per_route,29.100000,27.000000,340,400,440,460,540,600,670,700,770,770,770,1443,1291,340,385.88723902294817,190.61874999897555,2771.8352079973556,268.8288288288288
1777163823,512,,Aggregated,614.300000,565.600000,320,380,420,450,530,680,3400,3700,4500,4800,4800,31366,27943,330,505.97922128528324,115.73579200194217,5855.323625000892,3386.992571574316
1777163824,512,GET,bulk_update_departures,28.400000,25.500000,340,400,450,480,2800,3100,3400,3700,3900,3900,3900,1479,1321,350,648.952546612592,186.06083298800513,5720.02108299057,241.7471264367816
1777163824,512,GET,large_scan,56.500000,52.400000,350,400,440,480,680,3600,3900,4400,4800,4800,4800,2917,2613,350,689.4062276763734,187.29862498003058,5855.323625000892,34879.52279739458
1777163824,512,GET,next_departures,218.600000,202.800000,340,400,440,480,610,3000,3600,3900,4400,4700,4700,11612,10377,350,656.9035353041395,184.2188750160858,5792.481666983804,238.88167413021011
1777163824,512,GET,point_read,274.100000,251.500000,310,360,400,430,490,550,630,680,830,850,850,14505,12883,310,341.91869003436165,115.73579200194217,3271.9294580165297,237.33864184763874
1777163824,512,GET,trips_per_route,29.200000,27.100000,350,400,440,460,530,590,670,700,770,770,770,1482,1326,340,383.09294295081065,190.61874999897555,2771.8352079973556,268.8070175438597
1777163824,512,,Aggregated,606.800000,559.300000,330,380,420,450,540,680,3400,3700,4500,4800,4800,31995,28520,330,504.01740818644174,115.73579200194217,5855.323625000892,3397.905141428348
1777163825,512,GET,bulk_update_departures,28.600000,25.700000,350,400,450,480,2700,3100,3400,3800,3900,3900,3900,1508,1349,340,644.3138736054409,186.06083298800513,5720.02108299057,241.9104774535809
1777163825,512,GET,large_scan,55.300000,51.100000,350,400,440,470,660,3600,3900,4300,4800,4800,4800,2965,2658,340,686.2400885368658,187.29862498003058,5855.323625000892,34655.14738617201
1777163825,512,GET,next_departures,219.000000,203.000000,350,400,440,480,620,3100,3700,4000,4400,4700,4700,11837,10591,350,652.4129700086783,184.2188750160858,5792.481666983804,239.0440145307088
1777163825,512,GET,point_read,274.300000,252.100000,310,370,400,430,490,550,630,680,830,850,850,14835,13199,300,340.2199323299881,115.73579200194217,3271.9294580165297,237.54418604651164
1777163825,512,GET,trips_per_route,28.400000,26.300000,350,410,450,470,540,600,690,700,770,770,770,1503,1346,330,381.58977530882026,190.61874999897555,2771.8352079973556,268.65535595475717
1777163825,512,,Aggregated,605.500000,558.200000,330,380,420,450,540,680,3400,3800,4500,4800,4800,32648,29143,330,500.7850906121693,115.73579200194217,5855.323625000892,3365.43230825778
1777163826,512,GET,bulk_update_departures,28.900000,25.900000,360,410,450,480,840,3200,3700,3800,3900,3900,3900,1524,1364,340,643.4542446817494,186.06083298800513,5720.02108299057,241.9442257217848
1777163826,512,GET,large_scan,56.000000,51.300000,360,420,460,490,650,3500,3900,4400,4800,4800,4800,3014,2705,340,683.989185153576,187.29862498003058,5855.323625000892,34316.22528201725
1777163826,512,GET,next_departures,217.700000,201.400000,360,420,460,500,660,3200,3800,4000,4600,4700,4700,12037,10768,350,653.8580469416577,184.2188750160858,5792.481666983804,238.96386142726593
1777163826,512,GET,point_read,270.200000,247.500000,320,380,410,440,510,580,660,700,830,850,850,15089,13421,300,340.5830280661785,115.73579200194217,3271.9294580165297,237.41831797998543
1777163826,512,GET,trips_per_route,27.700000,25.800000,380,440,470,490,570,650,700,730,770,770,770,1528,1366,340,383.0846369157028,190.61874999897555,2771.8352079973556,268.776832460733
1777163826,512,,Aggregated,600.500000,551.900000,340,400,440,470,570,710,3400,3800,4500,4800,4800,33192,29624,330,501.2372746349249,115.73579200194217,5855.323625000892,3334.1567245119304
1777163827,512,GET,bulk_update_departures,27.800000,24.900000,340,390,430,470,810,3200,3700,3800,3900,3900,3900,1555,1392,340,642.0184133028787,186.06083298800513,5720.02108299057,241.92540192926046
1777163827,512,GET,large_scan,55.100000,50.100000,340,400,440,470,650,3600,4200,4400,4800,4800,4800,3069,2756,340,681.9332141068484,187.29862498003058,5855.323625000892,34138.82502443793
1777163827,512,GET,next_departures,215.700000,200.200000,340,390,440,470,640,3200,3700,4000,4500,4700,4700,12320,11033,340,649.3566834891986,184.2188750160858,5792.481666983804,239.04488636363635
1777163827,512,GET,point_read,271.500000,248.700000,300,360,390,420,480,550,650,680,830,850,850,15424,13745,300,338.9399824160763,115.73579200194217,3271.9294580165297,237.6439315352697
1777163827,512,GET,trips_per_route,27.300000,25.300000,360,430,460,480,560,650,710,740,820,820,820,1555,1390,340,382.02479423869363,190.61874999897555,2771.8352079973556,268.8263665594855
1777163827,512,,Aggregated,597.400000,549.200000,320,380,420,440,540,680,3400,3800,4500,4800,4800,33923,30316,330,498.5739719716299,115.73579200194217,5855.323625000892,3306.804409987324
1777163828,512,GET,bulk_update_departures,26.500000,23.600000,320,370,400,420,520,3000,3400,3800,3900,3900,3900,1583,1419,340,637.8265568919135,186.06083298800513,5720.02108299057,242.00884396715097
1777163828,512,GET,large_scan,53.200000,48.800000,330,390,430,450,610,3700,4300,4600,4800,4800,4800,3130,2810,340,683.9543904313139,187.29862498003058,5855.323625000892,34221.53067092652
1777163828,512,GET,next_departures,213.100000,196.400000,320,370,420,440,570,3200,3800,4000,4500,4700,4700,12555,11253,340,646.9547698587797,184.2188750160858,5792.481666983804,239.13643966547193
1777163828,512,GET,point_read,267.500000,245.700000,290,340,370,390,460,500,560,630,770,810,810,15688,13994,300,338.5127411417397,115.73579200194217,3271.9294580165297,237.72921978582355
1777163828,512,GET,trips_per_route,25.600000,23.800000,350,400,440,470,530,600,710,740,820,820,820,1575,1407,340,381.7653624877326,190.61874999897555,2771.8352079973556,268.85714285714283
1777163828,512,,Aggregated,585.900000,538.300000,300,360,400,420,490,640,3500,3800,4600,4800,4800,34531,30883,330,497.66419003610554,115.73579200194217,5855.323625000892,3320.2570154354057
1777163829,512,GET,bulk_update_departures,26.200000,23.500000,300,360,390,400,510,3000,3400,3900,4200,4200,4200,1607,1440,340,638.8906539190623,186.06083298800513,5720.02108299057,241.97261978842565
1777163829,512,GET,large_scan,51.400000,47.500000,310,370,410,440,550,3700,4300,4400,4800,4800,4800,3164,2843,340,681.0726129389786,187.29862498003058,5855.323625000892,33961.573008849555
1777163829,512,GET,next_departures,214.000000,197.600000,310,360,390,430,560,3200,3800,4000,4500,4800,4800,12796,11473,340,645.7544284569392,184.2188750160858,5792.481666983804,239.177399187246
1777163829,512,GET,point_read,267.700000,246.300000,280,330,360,380,430,480,560,630,770,810,810,15955,14237,300,338.0534291411778,115.73579200194217,3271.9294580165297,237.74434346599813
1777163829,512,GET,trips_per_route,25.500000,23.200000,320,380,420,450,520,600,730,740,820,820,820,1596,1427,330,381.0920743002006,190.61874999897555,2771.8352079973556,268.7437343358396
1777163829,512,,Aggregated,584.800000,538.100000,290,350,380,400,470,630,3400,3800,4700,4800,4800,35118,31420,330,496.7979414332401,115.73579200194217,5855.323625000892,3278.2592118002162
1777163830,512,GET,bulk_update_departures,26.900000,24.400000,290,350,380,410,550,3000,3800,3900,4200,4200,4200,1625,1458,340,637.1098236240124,186.06083298800513,5720.02108299057,242.14892307692307
1777163830,512,GET,large_scan,53.300000,49.000000,310,380,430,450,640,3700,4200,4400,4700,4700,4700,3210,2884,340,683.8558254037615,187.29862498003058,5855.323625000892,33995.969158878506
1777163830,512,GET,next_departures,222.000000,205.300000,300,360,400,440,620,3100,3700,3900,4400,4800,4800,12952,11616,340,647.0640502686131,184.2188750160858,5792.481666983804,239.17927733168622
1777163830,512,GET,point_read,278.800000,257.900000,280,330,360,380,450,530,630,680,770,810,810,16174,14438,300,340.0266229437942,115.73579200194217,3271.9294580165297,237.80870532954123
1777163830,512,GET,trips_per_route,26.000000,23.500000,320,380,430,470,540,650,740,770,880,880,880,1614,1442,340,382.75238434517456,190.61874999897555,2771.8352079973556,268.8376703841388
1777163830,512,,Aggregated,607.000000,560.100000,290,340,380,410,520,660,3400,3800,4500,4800,4800,35575,31838,330,498.3445450411867,115.73579200194217,5855.323625000892,3285.9768095572736
1777163831,512,GET,bulk_update_departures,27.100000,24.800000,300,370,410,440,570,3000,3400,3800,4200,4200,4200,1645,1477,340,636.9234098850624,186.06083298800513,5720.02108299057,242.23829787234044
1777163831,512,GET,large_scan,53.400000,48.800000,330,410,460,510,670,3700,4300,4500,5200,5200,5200,3264,2932,350,687.7936192454138,187.29862498003058,5855.323625000892,34048.47794117647
1777163831,512,GET,next_departures,221.200000,203.400000,320,380,440,480,650,3200,3700,3900,4400,4800,4800,13154,11793,350,649.4621520825758,184.2188750160858,5792.481666983804,239.09426790329937
1777163831,512,GET,point_read,277.700000,256.600000,280,340,380,400,490,560,630,680,770,810,810,16388,14628,310,341.4364820106652,115.73579200194217,3271.9294580165297,237.7782523797901
1777163831,512,GET,trips_per_route,24.600000,22.200000,320,390,430,470,540,650,740,740,880,880,880,1631,1457,340,383.56568076891426,190.61874999897555,2771.8352079973556,268.8056407112201
1777163831,512,,Aggregated,604.000000,555.800000,300,360,410,440,540,690,3400,3800,4500,5200,5200,36082,32287,330,500.4373156559237,115.73579200194217,5855.323625000892,3298.400642979879
1777163832,512,GET,bulk_update_departures,27.000000,24.900000,320,380,420,460,570,3100,3400,3800,4200,4200,4200,1661,1492,350,636.5815917681475,186.06083298800513,5720.02108299057,242.26971703792896
1777163832,512,GET,large_scan,52.000000,47.800000,360,440,490,520,710,3800,4400,4600,5200,5200,5200,3301,2965,350,689.3380511993216,187.29862498003058,5855.323625000892,34072.28203574674
1777163832,512,GET,next_departures,222.100000,204.500000,340,410,470,500,670,3200,3700,3900,4500,4800,4800,13290,11918,350,649.8168742000066,184.2188750160858,5792.481666983804,239.08148984198647
1777163832,512,GET,point_read,279.100000,258.400000,300,360,400,430,510,570,660,690,790,810,810,16587,14807,310,342.5496936798658,115.73579200194217,3271.9294580165297,237.7599927654187
1777163832,512,GET,trips_per_route,24.300000,21.700000,350,400,470,490,550,670,740,740,880,880,880,1647,1473,340,384.38248363328177,190.61874999897555,2771.8352079973556,268.66605950212505
1777163832,512,,Aggregated,604.500000,557.300000,320,380,430,470,560,700,3500,3800,4600,5200,5200,36486,32655,330,501.12050947393175,115.73579200194217,5855.323625000892,3300.9544482815327
1777163833,512,GET,bulk_update_departures,25.900000,24.100000,350,410,450,480,570,3100,3600,3800,4200,4200,4200,1695,1524,350,635.89312869018,186.06083298800513,5720.02108299057,242.37758112094394
1777163833,512,GET,large_scan,52.100000,47.800000,390,460,500,530,700,3800,4400,4600,5200,5200,5200,3373,3031,350,688.9246570210639,187.29862498003058,5855.323625000892,33941.36851467536
1777163833,512,GET,next_departures,221.500000,204.100000,360,430,480,510,670,3200,3700,3900,4500,4800,4800,13531,12139,350,649.4583508415601,184.2188750160858,5792.481666983804,239.0867637277363
1777163833,512,GET,point_read,274.400000,254.600000,320,390,430,450,520,580,670,690,790,810,810,16921,15098,310,343.70112532173147,115.73579200194217,3271.9294580165297,237.64416996631405
1777163833,512,GET,trips_per_route,23.900000,21.300000,370,430,480,510,590,680,740,760,880,880,880,1671,1494,340,385.0733944764074,190.61874999897555,2771.8352079973556,268.6612806702573
1777163833,512,,Aggregated,597.800000,551.900000,350,410,450,490,580,700,3400,3800,4600,5200,5200,37191,33286,330,501.4284921147103,115.73579200194217,5855.323625000892,3296.50342824877
1777163834,512,GET,bulk_update_departures,25.800000,24.000000,360,420,460,500,570,3000,3600,3800,4200,4200,4200,1720,1549,350,631.6137685336587,186.06083298800513,5720.02108299057,242.58197674418605
1777163834,512,GET,large_scan,51.500000,47.300000,400,460,500,530,690,3800,4400,4600,5200,5200,5200,3433,3086,350,686.7901219216379,187.29862498003058,5855.323625000892,33836.482085639385
1777163834,512,GET,next_departures,218.700000,201.200000,370,440,490,520,690,3200,3700,3900,4500,4800,4800,13776,12357,350,648.8203624139329,184.2188750160858,5792.481666983804,239.02308362369337
1777163834,512,GET,point_read,272.000000,251.800000,340,390,430,460,530,590,670,690,790,810,810,17214,15358,310,342.7873660285322,115.73579200194217,3271.9294580165297,237.63268270012782
1777163834,512,GET,trips_per_route,22.600000,20.300000,370,440,490,520,610,680,740,770,880,880,880,1695,1516,340,384.07901040062717,190.61874999897555,2771.8352079973556,268.5858407079646
1777163834,512,,Aggregated,590.600000,544.600000,350,420,460,490,580,710,3400,3800,4600,5200,5200,37838,33866,330,500.39724944483004,115.73579200194217,5855.323625000892,3288.137005127121
1777163835,512,GET,bulk_update_departures,25.400000,23.700000,360,420,460,470,570,3000,3200,3600,4200,4200,4200,1748,1575,350,629.0831355611729,186.06083298800513,5720.02108299057,242.59782608695653
1777163835,512,GET,large_scan,51.800000,47.100000,370,450,490,510,690,3800,4300,4500,5200,5200,5200,3491,3140,350,683.9428566487877,187.29862498003058,5855.323625000892,33659.165568604985
1777163835,512,GET,next_departures,214.200000,196.600000,350,420,470,500,660,3100,3600,3800,4500,4800,4800,14043,12609,350,644.6912048809147,184.2188750160858,5792.481666983804,239.11842198960335
1777163835,512,GET,point_read,270.400000,249.800000,320,380,420,440,510,570,640,680,770,810,810,17508,15635,310,341.5706529102601,115.73579200194217,3271.9294580165297,237.7607950651131
1777163835,512,GET,trips_per_route,23.000000,20.500000,350,420,460,480,570,670,740,770,880,880,880,1726,1545,340,382.40287500347085,190.61874999897555,2771.8352079973556,268.4710312862109
1777163835,512,,Aggregated,584.800000,537.700000,340,400,450,480,560,690,3300,3800,4600,5200,5200,38516,34504,330,497.9989297194266,115.73579200194217,5855.323625000892,3269.0893394952745
1777163836,512,GET,bulk_update_departures,25.200000,23.700000,340,410,450,470,570,2900,3200,3500,4200,4200,4200,1775,1599,340,628.3669362698262,186.06083298800513,5720.02108299057,242.45070422535213
1777163836,512,GET,large_scan,50.300000,46.000000,370,450,490,510,700,3800,4300,4500,5200,5200,5200,3560,3205,350,679.1464780246974,187.29862498003058,5855.323625000892,33384.97837078651
1777163836,512,GET,next_departures,213.700000,195.900000,350,420,470,500,670,3200,3600,3800,4500,4800,4800,14252,12799,350,642.8477945911969,184.2188750160858,5792.481666983804,239.1091776592759
1777163836,512,GET,point_read,267.300000,244.500000,330,380,420,440,510,570,630,680,760,800,800,17800,15918,310,340.621409730442,115.73579200194217,3271.9294580165297,237.98567415730338
1777163836,512,GET,trips_per_route,22.100000,19.500000,350,410,440,480,570,650,740,760,880,880,880,1752,1570,340,381.21916883387274,190.61874999897555,2771.8352079973556,268.33561643835617
1777163836,512,,Aggregated,578.600000,529.600000,340,400,450,480,560,700,3300,3800,4600,5200,5200,39139,35091,330,496.3319609381817,115.73579200194217,5855.323625000892,3254.9356396433227
1777163837,512,GET,bulk_update_departures,24.200000,22.900000,360,420,460,490,570,2900,3200,3500,4200,4200,4200,1794,1618,340,624.877804954258,186.06083298800513,5720.02108299057,242.69453734671126
1777163837,512,GET,large_scan,52.500000,48.200000,360,440,480,510,670,3700,4200,4500,5200,5200,5200,3626,3269,340,673.5017641968933,187.29862498003058,5855.323625000892,32965.11803640375
1777163837,512,GET,next_departures,214.900000,196.400000,350,430,470,500,670,3100,3600,3800,4500,4800,4800,14510,13038,340,640.1189760953098,184.2188750160858,5792.481666983804,239.15279117849758
1777163837,512,GET,point_read,265.600000,242.100000,330,390,430,450,510,570,630,680,760,800,800,18104,16199,310,339.50662285255737,115.73579200194217,3271.9294580165297,238.0447967300044
1777163837,512,GET,trips_per_route,21.600000,19.300000,340,400,440,470,540,670,740,770,880,880,880,1778,1594,340,380.31825260399984,190.61874999897555,2771.8352079973556,268.2710911136108
1777163837,512,,Aggregated,578.800000,528.900000,340,410,450,470,560,700,3300,3700,4600,5200,5200,39812,35718,330,494.170307330992,115.73579200194217,5855.323625000892,3220.726615090927
1777163838,512,GET,bulk_update_departures,24.700000,23.400000,350,410,450,470,570,2900,3200,3500,4200,4200,4200,1819,1641,340,623.0103491654359,186.06083298800513,5720.02108299057,242.6794942275976
1777163838,512,GET,large_scan,53.500000,49.000000,330,420,470,500,660,3500,4100,4400,5200,5200,5200,3703,3340,340,669.9711181987316,187.29862498003058,5855.323625000892,32823.21631109911
1777163838,512,GET,next_departures,220.400000,202.800000,340,410,460,490,670,3100,3600,3800,4500,4800,4800,14760,13267,340,638.0708425941616,184.2188750160858,5792.481666983804,239.21050135501355
1777163838,512,GET,point_read,266.900000,245.000000,320,380,410,440,510,570,630,680,760,800,800,18375,16451,300,338.1919132524615,115.73579200194217,3271.9294580165297,238.08761904761906
1777163838,512,GET,trips_per_route,21.800000,19.500000,320,390,430,460,540,630,740,770,880,880,880,1807,1621,330,378.91681193800974,190.61874999897555,2771.8352079973556,268.19535141117876
1777163838,512,,Aggregated,587.300000,539.700000,330,390,440,460,550,690,3300,3600,4500,5200,5200,40464,36320,330,492.56286075765115,115.73579200194217,5855.323625000892,3222.0255041518385
1777163839,512,GET,bulk_update_departures,24.300000,23.000000,330,410,450,470,570,2900,3200,3200,3600,3600,3600,1850,1670,340,620.2179176821153,186.06083298800513,5720.02108299057,242.72216216216216
1777163839,512,GET,large_scan,54.500000,49.900000,320,400,460,490,640,3400,4200,4400,5200,5200,5200,3751,3387,340,666.0721651404602,187.29862498003058,5855.323625000892,32495.0135963743
1777163839,512,GET,next_departures,218.500000,199.900000,330,400,450,490,670,3200,3500,3700,4500,4900,4900,14998,13484,340,636.1970663743257,184.2188750160858,5792.481666983804,239.22663021736233
1777163839,512,GET,point_read,269.900000,247.700000,300,360,410,430,500,560,630,680,770,3300,3300,18689,16736,300,337.19432603301726,115.73579200194217,3325.4260000248905,238.090695061266
1777163839,512,GET,trips_per_route,22.200000,20.400000,320,380,420,450,540,650,770,880,1100,1100,1100,1839,1648,330,378.4228808711138,188.70458399760537,2771.8352079973556,268.3099510603589
1777163839,512,,Aggregated,589.400000,540.900000,310,380,430,460,550,690,3300,3600,4500,5200,5200,41127,36925,320,490.80331358448126,115.73579200194217,5855.323625000892,3182.0665742699443
1777163840,512,GET,bulk_update_departures,23.300000,22.000000,300,360,410,440,540,3000,3200,3300,3600,3600,3600,1873,1690,340,620.4025656935003,186.06083298800513,5720.02108299057,242.56486919380671
1777163840,512,GET,large_scan,56.100000,51.600000,290,360,410,440,530,3300,4100,4300,4700,4700,4700,3803,3437,340,663.0619099024087,187.29862498003058,5855.323625000892,32228.92216671049
1777163840,512,GET,next_departures,219.200000,200.300000,300,360,410,440,570,3100,3500,3600,4500,4900,4900,15213,13679,340,634.9681055016339,184.2188750160858,5792.481666983804,239.26063235390785
1777163840,512,GET,point_read,267.700000,244.800000,280,340,370,390,450,500,560,630,770,3300,3300,18975,16995,300,336.4538969996419,115.73579200194217,3325.4260000248905,238.1133069828722
1777163840,512,GET,trips_per_route,22.400000,20.700000,310,350,400,420,490,610,760,830,1100,1100,1100,1865,1671,330,377.7150006278951,188.70458399760537,2771.8352079973556,268.3206434316354
1777163840,512,,Aggregated,588.700000,539.400000,290,350,390,420,490,630,3200,3500,4500,4900,4900,41729,37472,320,489.63692898555934,115.73579200194217,5855.323625000892,3155.584964892521
1777163841,512,GET,bulk_update_departures,24.100000,22.800000,300,360,410,450,560,3000,3300,3500,3600,3600,3600,1892,1708,340,620.6305948757748,186.06083298800513,5720.02108299057,242.61627906976744
1777163841,512,GET,large_scan,58.400000,54.100000,290,350,400,440,550,3000,3900,4200,4500,4500,4500,3839,3472,340,662.0739918340159,187.29862498003058,5855.323625000892,32015.66892419901
1777163841,512,GET,next_departures,225.600000,206.600000,300,370,410,450,640,3200,3500,3600,4500,4900,4900,15383,13832,340,636.2623935456779,184.2188750160858,5792.481666983804,239.2599622960411
1777163841,512,GET,point_read,275.400000,252.300000,280,340,380,410,480,540,630,670,770,3300,3300,19225,17230,300,338.4550029724515,115.73579200194217,3325.4260000248905,238.24182054616384
1777163841,512,GET,trips_per_route,24.000000,22.100000,310,370,400,430,530,610,760,830,1100,1100,1100,1882,1686,330,378.7929256578632,188.70458399760537,2771.8352079973556,268.26833156216793
1777163841,512,,Aggregated,607.500000,557.900000,290,350,400,430,530,670,3200,3500,4400,4900,4900,42221,37928,330,490.8279116625003,115.73579200194217,5855.323625000892,3129.551621231141
1777163842,512,GET,bulk_update_departures,24.700000,23.200000,300,370,410,450,540,3000,3200,3300,3500,3500,3500,1917,1731,340,621.01147678868,186.06083298800513,5720.02108299057,242.7037037037037
1777163842,512,GET,large_scan,59.000000,55.000000,290,360,420,450,540,2000,3900,4100,4600,4600,4600,3897,3527,340,662.6014915064824,187.29862498003058,5855.323625000892,31798.74467539133
1777163842,512,GET,next_departures,225.900000,206.500000,310,370,420,460,600,3200,3500,3600,4200,4900,4900,15596,14025,340,637.3803570014311,184.2188750160858,5792.481666983804,239.23711208002052
1777163842,512,GET,point_read,278.500000,254.700000,280,350,390,420,490,540,600,650,810,3300,3300,19479,17462,310,340.0962040221944,115.73579200194217,3325.4260000248905,238.24354432979106
1777163842,512,GET,trips_per_route,24.900000,22.500000,310,360,400,430,520,590,740,830,1100,1100,1100,1899,1703,340,379.5797405887834,188.70458399760537,2771.8352079973556,268.0810953133228
1777163842,512,,Aggregated,613.000000,561.900000,290,360,400,440,520,650,3200,3500,4300,4900,4900,42788,38448,330,492.1654890793081,115.73579200194217,5855.323625000892,3114.5635458539778
1777163843,512,GET,bulk_update_departures,24.500000,22.800000,320,380,440,480,620,3000,3200,3300,3500,3500,3500,1945,1755,340,623.6929722385275,186.06083298800513,5720.02108299057,242.55115681233934
1777163843,512,GET,large_scan,58.600000,54.700000,300,370,420,470,570,3300,3900,4300,4600,4600,4600,3955,3577,350,666.1025237637552,187.29862498003058,5855.323625000892,32008.169911504425
1777163843,512,GET,next_departures,223.300000,204.900000,310,380,430,490,660,3100,3500,3600,4200,4900,4900,15789,14195,350,638.9566324574843,184.2188750160858,5792.481666983804,239.20292608778263
1777163843,512,GET,point_read,281.500000,257.500000,290,350,390,420,500,540,620,670,810,3300,3300,19715,17669,310,341.0572330828422,115.73579200194217,3325.4260000248905,238.189500380421
1777163843,512,GET,trips_per_route,25.400000,23.100000,320,380,420,450,530,610,800,890,1100,1100,1100,1928,1728,340,381.21722750424306,188.70458399760537,2771.8352079973556,268.24585062240664
1777163843,512,,Aggregated,613.300000,563.000000,300,370,410,440,540,680,3200,3500,4300,4900,4900,43332,38924,330,493.7444555344137,115.73579200194217,5855.323625000892,3139.802755469399
1777163844,512,GET,bulk_update_departures,24.100000,22.600000,350,410,450,490,630,3000,3300,3400,3500,3500,3500,1970,1778,350,623.7197690172538,186.06083298800513,5720.02108299057,242.66091370558377
1777163844,512,GET,large_scan,57.300000,53.900000,320,390,450,490,600,3300,3900,4300,4800,4800,4800,4001,3616,350,668.1465636582752,187.29862498003058,5855.323625000892,32224.358910272433
1777163844,512,GET,next_departures,223.500000,204.000000,330,400,450,500,650,3100,3500,3600,4100,4900,4900,15965,14361,350,637.9628674338636,184.2188750160858,5792.481666983804,239.27171938615723
1777163844,512,GET,point_read,279.800000,257.200000,310,370,410,440,510,550,620,670,810,3300,3300,19970,17893,310,341.43316743771726,115.73579200194217,3325.4260000248905,238.12173259889835
1777163844,512,GET,trips_per_route,25.100000,22.900000,350,400,450,460,540,610,800,890,1100,1100,1100,1954,1751,340,381.5190441643684,188.70458399760537,2771.8352079973556,268.2482088024565
1777163844,512,,Aggregated,609.800000,560.600000,320,380,430,460,540,680,3200,3500,4300,4900,4900,43860,39399,330,493.63812336458653,115.73579200194217,5855.323625000892,3157.9371409028727
1777163845,512,GET,bulk_update_departures,24.200000,22.500000,380,450,500,530,660,3000,3300,3400,3500,3500,3500,2004,1811,350,622.9722039067261,186.06083298800513,5720.02108299057,242.75149700598803
1777163845,512,GET,large_scan,56.500000,53.200000,350,430,490,520,660,3300,3900,4300,4800,4800,4800,4042,3655,350,668.5648635029299,187.29862498003058,5855.323625000892,32064.524245423057
1777163845,512,GET,next_departures,223.100000,203.600000,360,440,500,540,730,3200,3500,3600,4200,4900,4900,16153,14532,350,639.3712568848858,184.2188750160858,5792.481666983804,239.29059617408532
1777163845,512,GET,point_read,276.300000,253.300000,340,400,450,480,550,610,670,700,810,3300,3300,20235,18151,310,343.59716221821037,115.73579200194217,3325.4260000248905,238.30180380528788
1777163845,512,GET,trips_per_route,24.700000,22.700000,360,430,460,500,580,660,890,1100,1100,1100,1100,1975,1769,340,383.2945989889588,188.70458399760537,2771.8352079973556,268.3174683544304
1777163845,512,,Aggregated,604.800000,555.300000,350,420,470,510,600,740,3300,3500,4500,4900,4900,44409,39918,330,495.13014924583314,115.73579200194217,5855.323625000892,3136.943097119953
1777163846,512,GET,bulk_update_departures,24.000000,22.100000,370,440,490,520,620,3000,3200,3300,3500,3500,3500,2034,1841,350,617.9094207856715,186.06083298800513,5720.02108299057,242.9896755162242
1777163846,512,GET,large_scan,56.700000,53.300000,350,430,490,530,670,3400,4000,4300,4800,4800,4800,4091,3701,350,666.3555449735551,187.29862498003058,5855.323625000892,31927.158152041065
1777163846,512,GET,next_departures,219.600000,200.400000,360,440,500,540,720,3200,3600,3700,4700,4900,4900,16360,14720,350,638.138827284323,184.2188750160858,5792.481666983804,239.2752444987775
1777163846,512,GET,point_read,275.100000,253.600000,330,400,450,480,550,610,670,700,810,3300,3300,20534,18426,310,342.21274629459515,115.73579200194217,3325.4260000248905,238.3599883120678
1777163846,512,GET,trips_per_route,25.100000,23.000000,360,430,470,510,610,660,890,1100,1100,1100,1100,2006,1798,340,381.8022911088074,188.70458399760537,2771.8352079973556,268.228813559322
1777163846,512,,Aggregated,600.500000,552.400000,350,420,470,510,600,740,3300,3600,4500,4900,4900,45025,40486,330,493.40880486649417,115.73579200194217,5855.323625000892,3119.4967018323155
1777163847,512,GET,bulk_update_departures,24.500000,22.400000,350,440,480,520,620,3000,3200,3400,3700,3700,3700,2069,1874,340,614.6644993571443,186.06083298800513,5720.02108299057,243.01014983083616
1777163847,512,GET,large_scan,53.800000,50.300000,350,430,490,520,660,3400,4100,4300,4800,4800,4800,4165,3772,340,661.8195823999538,187.29862498003058,5855.323625000892,31603.717647058824
1777163847,512,GET,next_departures,210.700000,192.600000,360,440,500,540,710,3300,3600,3800,4900,4900,4900,16603,14944,340,636.4031792424078,184.2188750160858,5792.481666983804,239.28946575920014
1777163847,512,GET,point_read,267.300000,246.100000,330,400,450,480,550,610,670,700,810,3300,3300,20854,18722,310,340.7673150691051,115.73579200194217,3325.4260000248905,238.41603529298936
1777163847,512,GET,trips_per_route,24.700000,22.300000,350,420,460,500,580,660,800,1100,1100,1100,1100,2043,1833,340,379.69934086357955,188.70458399760537,2771.8352079973556,268.08467939304944
1777163847,512,,Aggregated,581.000000,533.700000,340,420,470,510,600,730,3300,3700,4600,4900,4900,45734,41145,330,491.46168576251506,115.73579200194217,5855.323625000892,3096.7074823982157
1777163848,512,GET,bulk_update_departures,25.100000,23.100000,350,430,470,510,620,2900,3200,3400,3700,3700,3700,2100,1905,340,609.3892653790092,186.06083298800513,5720.02108299057,243.24285714285713
1777163848,512,GET,large_scan,52.800000,49.100000,360,430,500,530,670,3700,4300,4500,4800,4800,4800,4220,3823,340,660.3264638004483,187.29862498003058,5855.323625000892,31509.990521327014
1777163848,512,GET,next_departures,204.500000,185.600000,360,440,510,540,720,3300,3700,4000,4900,5000,5000,16838,15163,340,634.4808106069855,184.2188750160858,5792.481666983804,239.33941085639626
1777163848,512,GET,point_read,265.900000,244.500000,330,390,450,480,550,610,670,700,810,820,820,21142,18987,310,339.59882345986136,115.73579200194217,3325.4260000248905,238.47270835304133
1777163848,512,GET,trips_per_route,25.000000,22.300000,350,420,460,500,570,660,800,1100,1100,1100,1100,2073,1860,340,378.04381818250806,188.70458399760537,2771.8352079973556,267.9840810419682
1777163848,512,,Aggregated,573.300000,524.600000,340,420,470,510,600,720,3400,3700,4800,5000,5000,46373,41738,330,489.7929007011618,115.73579200194217,5855.323625000892,3086.069221314127
1777163849,512,GET,bulk_update_departures,26.000000,24.300000,360,430,470,510,610,2900,3300,3500,4300,4300,4300,2132,1935,340,607.9132797288624,186.06083298800513,5720.02108299057,243.32082551594746
1777163849,512,GET,large_scan,52.700000,49.200000,350,430,500,530,690,3700,4300,4500,5700,5700,5700,4274,3872,340,659.788583945004,187.29862498003058,5855.323625000892,31503.717828731867
1777163849,512,GET,next_departures,207.600000,189.200000,350,440,500,540,700,3300,3800,4100,5100,5100,5100,17071,15375,340,633.8329386924175,184.2188750160858,5792.481666983804,239.33694569738154
1777163849,512,GET,point_read,269.300000,247.300000,330,400,450,480,550,610,670,700,810,820,820,21435,19263,300,338.600712104478,115.73579200194217,3325.4260000248905,238.56934919524141
1777163849,512,GET,trips_per_route,25.400000,22.700000,340,410,460,490,570,630,790,970,1100,1100,1100,2108,1890,330,376.8311147634391,188.70458399760537,2771.8352079973556,268.06451612903226
1777163849,512,,Aggregated,581.000000,532.700000,340,420,470,510,600,720,3400,3800,4900,5700,5700,47020,42335,330,488.9076110264134,115.73579200194217,5855.323625000892,3082.3093364525735
1777163850,512,GET,bulk_update_departures,27.500000,25.700000,350,420,470,500,570,760,3200,3400,4300,4300,4300,2157,1960,340,604.500160179838,186.06083298800513,5720.02108299057,243.49605934167826
1777163850,512,GET,large_scan,52.800000,49.400000,340,420,490,530,690,3600,4300,4500,5700,5700,5700,4327,3921,340,657.929832744149,187.29862498003058,5855.323625000892,31428.079731915877
1777163850,512,GET,next_departures,203.800000,185.700000,340,430,490,530,680,3300,3800,4100,5000,5100,5100,17295,15585,340,632.2026504432021,184.2188750160858,5792.481666983804,239.40699624168835
1777163850,512,GET,point_read,269.200000,247.100000,320,380,430,470,550,610,670,700,810,820,820,21676,19484,300,338.0704097175923,115.73579200194217,3325.4260000248905,238.61312050193763
1777163850,512,GET,trips_per_route,26.100000,23.400000,340,410,450,490,570,630,790,970,1100,1100,1100,2135,1915,330,376.35258731539403,188.70458399760537,2771.8352079973556,268.0473067915691
1777163850,512,,Aggregated,579.400000,531.300000,340,410,460,500,600,710,3400,3900,4900,5700,5700,47590,42865,330,487.8386435420025,115.73579200194217,5855.323625000892,3076.2665475940325
1777163851,512,GET,bulk_update_departures,27.600000,26.000000,350,410,460,500,600,2900,3200,3700,4300,4300,4300,2177,1977,340,607.1511304400252,186.06083298800513,5720.02108299057,243.47220946256317
1777163851,512,GET,large_scan,51.100000,47.600000,340,420,500,530,750,3700,4300,4500,5700,5700,5700,4381,3969,340,659.588510517886,187.29862498003058,5855.323625000892,31498.905501027162
1777163851,512,GET,next_departures,202.700000,185.100000,340,420,490,520,670,3300,3900,4200,5000,5100,5100,17529,15801,340,632.594856523537,184.2188750160858,5792.481666983804,239.43408066632438
1777163851,512,GET,point_read,270.200000,248.100000,310,370,430,470,540,600,660,690,790,820,820,21914,19704,310,339.1881437509571,115.73579200194217,3325.4260000248905,238.6567491101579
1777163851,512,GET,trips_per_route,26.400000,23.800000,340,420,480,520,590,660,790,970,1100,1100,1100,2161,1938,340,378.18788132637667,188.70458399760537,2771.8352079973556,268.12124016658953
1777163851,512,,Aggregated,578.000000,530.600000,330,400,460,500,590,700,3500,3900,4900,5700,5700,48162,43389,330,488.98329615158485,115.73579200194217,5855.323625000892,3084.031352518583
1777163852,512,GET,bulk_update_departures,28.000000,26.500000,350,420,460,480,600,2700,3400,4200,5000,5000,5000,2207,2004,340,608.7666958010742,186.06083298800513,5720.02108299057,243.4123244222927
1777163852,512,GET,large_scan,52.800000,48.800000,340,430,480,520,690,3500,4200,4400,5700,5700,5700,4446,4032,340,657.7948330780218,187.29862498003058,5855.323625000892,31191.649347728297
1777163852,512,GET,next_departures,204.200000,186.300000,340,410,480,520,660,3300,3900,4300,5000,5100,5100,17717,15973,340,632.8025530846722,184.2188750160858,5792.481666983804,239.46362250945418
1777163852,512,GET,point_read,270.000000,248.700000,310,370,420,460,540,600,650,690,780,820,820,22107,19886,310,339.8257143282883,115.73579200194217,3325.4260000248905,238.71805310535126
1777163852,512,GET,trips_per_route,26.500000,24.000000,340,420,470,500,600,660,790,970,1100,1100,1100,2190,1964,340,379.29763988139626,188.70458399760537,2771.8352079973556,268.14018264840183
1777163852,512,,Aggregated,581.500000,534.300000,320,390,450,490,590,700,3400,3900,5000,5700,5700,48667,43859,330,489.5032703165322,115.73579200194217,5855.323625000892,3068.2480530955268
1777163853,512,GET,bulk_update_departures,27.900000,26.600000,340,400,450,470,600,2600,3400,4200,5000,5000,5000,2223,2019,340,608.4221775037859,186.06083298800513,5720.02108299057,243.40575798470536
1777163853,512,GET,large_scan,52.500000,48.400000,340,430,480,510,670,3500,4200,4800,5700,5700,5700,4497,4078,340,659.8763496111025,187.29862498003058,5855.323625000892,31210.148543473428
1777163853,512,GET,next_departures,206.000000,188.300000,340,410,470,510,660,3300,3900,4300,5000,5100,5100,17900,16132,350,634.4350596995613,184.2188750160858,5792.481666983804,239.42329608938547
1777163853,512,GET,point_read,264.500000,243.300000,300,360,420,450,540,600,640,680,770,820,820,22341,20087,310,340.70002040873857,115.73579200194217,3325.4260000248905,238.6347522492279
1777163853,512,GET,trips_per_route,26.200000,23.800000,330,430,470,500,600,660,760,970,1100,1100,1100,2209,1983,340,380.22088843296666,188.70458399760537,2771.8352079973556,268.0466274332277
1777163853,512,,Aggregated,577.100000,530.400000,320,390,450,480,580,700,3500,4000,5100,5700,5700,49170,44299,330,490.70289021586694,115.73579200194217,5855.323625000892,3073.0579621720562
1777163854,512,GET,bulk_update_departures,28.500000,26.900000,330,380,440,470,600,760,3200,4200,5000,5000,5000,2242,2037,340,607.5188396734559,186.06083298800513,5720.02108299057,243.39741302408564
1777163854,512,GET,large_scan,54.000000,49.500000,350,430,480,510,650,3500,4300,4800,6100,6100,6100,4553,4129,350,660.9683464992444,187.29862498003058,6098.608041997068,31194.196573687677
1777163854,512,GET,next_departures,209.700000,192.700000,340,410,470,500,670,3300,4000,4400,5100,5500,5500,18064,16280,350,635.1664584460979,184.2188750160858,5792.481666983804,239.40937776793623
1777163854,512,GET,point_read,266.700000,245.200000,320,370,420,450,540,600,640,680,770,820,820,22591,20309,310,341.23034622161026,115.73579200194217,3325.4260000248905,238.58709220486034
1777163854,512,GET,trips_per_route,28.200000,25.300000,340,430,470,500,600,660,760,850,1000,1000,1000,2234,2005,340,380.535691849345,188.70458399760537,2771.8352079973556,267.9803043867502
1777163854,512,,Aggregated,587.100000,539.600000,330,390,450,480,580,700,3500,4000,5200,6100,6100,49684,44760,330,491.18316787321896,115.73579200194217,6098.608041997068,3077.17079945254
1777163855,512,GET,bulk_update_departures,28.200000,26.700000,330,380,420,460,540,2700,3700,5000,5400,5400,5400,2262,2054,350,611.5933841948936,186.06083298800513,5720.02108299057,243.25066312997347
1777163855,512,GET,large_scan,53.400000,49.200000,350,430,470,500,590,3300,4200,4800,6100,6100,6100,4615,4187,350,660.8861508901581,187.29862498003058,6098.608041997068,31066.46630552546
1777163855,512,GET,next_departures,208.200000,191.600000,350,420,470,500,630,3200,4000,4400,5200,5600,5600,18294,16491,350,635.8481757060854,184.2188750160858,5792.481666983804,239.40854925112058
1777163855,512,GET,point_read,257.800000,237.600000,320,380,420,450,510,560,610,670,770,840,840,22880,20576,310,342.6084844588001,115.73579200194217,3325.4260000248905,238.63243006993008
1777163855,512,GET,trips_per_route,28.100000,25.200000,340,420,460,490,570,630,710,790,970,970,970,2257,2027,340,381.0862841561686,188.70458399760537,2771.8352079973556,267.8812583074878
1777163855,512,,Aggregated,575.700000,530.300000,340,400,450,480,560,670,3500,4000,5400,6100,6100,50308,45335,330,492.2599629389327,115.73579200194217,6098.608041997068,3068.423173252763
1777163856,512,GET,bulk_update_departures,27.900000,26.500000,350,390,450,470,590,3000,4200,5000,5400,5400,5400,2282,2072,350,611.9770102834862,186.06083298800513,5720.02108299057,243.22830850131464
1777163856,512,GET,large_scan,55.300000,51.100000,370,440,480,500,620,3500,4300,4800,6100,6100,6100,4678,4245,350,660.2422306066635,187.29862498003058,6098.608041997068,31006.655835827278
1777163856,512,GET,next_departures,211.100000,194.000000,360,430,470,500,640,3200,3900,4500,5200,5600,5600,18499,16682,350,634.8147556346979,184.2188750160858,5792.481666983804,239.45267311746582
1777163856,512,GET,point_read,263.000000,242.400000,340,390,440,460,520,570,620,670,770,840,840,23175,20833,310,342.55684887803005,115.73579200194217,3325.4260000248905,238.5566343042071
1777163856,512,GET,trips_per_route,28.500000,25.900000,360,440,480,500,580,650,760,850,970,970,970,2281,2048,340,381.14202060914425,188.70458399760537,2771.8352079973556,267.8689171416046
1777163856,512,,Aggregated,585.800000,539.900000,350,410,460,480,560,670,3400,4000,5400,6100,6100,50915,45880,330,491.73569239887826,115.73579200194217,6098.608041997068,3067.335303937936
1777163857,512,GET,bulk_update_departures,27.100000,25.600000,350,400,450,470,590,3000,4200,5000,5400,5400,5400,2314,2103,350,608.7171495634902,186.06083298800513,5720.02108299057,243.3552290406223
1777163857,512,GET,large_scan,56.200000,52.100000,380,450,480,510,640,3600,4200,4800,6100,6100,6100,4738,4297,350,661.0339508199812,187.29862498003058,6098.608041997068,31178.18235542423
1777163857,512,GET,next_departures,213.300000,195.200000,360,430,470,500,630,3100,3900,4400,5200,5600,5600,18741,16910,350,632.557337399096,184.2188750160858,5792.481666983804,239.5185955925511
1777163857,512,GET,point_read,266.800000,245.300000,340,390,440,460,520,570,620,670,770,840,840,23457,21096,310,341.66006483277846,115.73579200194217,3325.4260000248905,238.60711088374472
1777163857,512,GET,trips_per_route,28.600000,26.000000,350,430,470,490,580,650,760,850,970,970,970,2318,2084,340,379.49798424008077,188.70458399760537,2771.8352079973556,267.66134598792064
1777163857,512,,Aggregated,592.000000,544.200000,350,410,460,480,560,670,3400,4000,5400,6100,6100,51568,46490,330,490.40691652812546,115.73579200194217,6098.608041997068,3083.1448960595717
1777163858,512,GET,bulk_update_departures,25.500000,24.000000,360,400,450,480,600,3000,4200,5000,5400,5400,5400,2330,2118,340,607.6699271300121,186.06083298800513,5720.02108299057,243.36824034334765
1777163858,512,GET,large_scan,56.900000,53.000000,380,450,490,510,670,3600,4100,4800,6100,6100,6100,4796,4348,350,661.1988555108503,187.29862498003058,6098.608041997068,31289.11509591326
1777163858,512,GET,next_departures,213.600000,195.700000,370,430,470,500,630,3100,3800,4100,5500,7400,7400,18963,17120,350,630.6356021239386,184.2188750160858,7377.732124994509,239.59294415440596
1777163858,512,GET,point_read,264.800000,243.300000,350,400,440,460,520,570,620,670,770,840,840,23744,21366,310,340.7141068179595,115.73579200194217,3325.4260000248905,238.70375673854448
1777163858,512,GET,trips_per_route,27.900000,25.700000,370,440,470,500,580,660,760,850,970,970,970,2343,2107,340,378.63530813932937,188.70458399760537,2771.8352079973556,267.64447289799404
1777163858,512,,Aggregated,588.700000,541.700000,360,420,460,480,560,680,3400,3900,5400,7400,7400,52176,47059,330,489.16708531844534,115.73579200194217,7377.732124994509,3094.6779745476847
1777163859,512,GET,bulk_update_departures,24.600000,22.900000,370,420,460,490,610,3100,3700,5000,5400,5400,5400,2356,2141,340,608.612961731729,186.06083298800513,5720.02108299057,243.3132427843803
1777163859,512,GET,large_scan,57.700000,53.400000,380,450,480,510,640,3500,4100,4400,6100,6100,6100,4859,4409,350,658.1222165122199,187.29862498003058,6098.608041997068,31023.51059888866
1777163859,512,GET,next_departures,211.600000,193.900000,370,430,480,500,620,3000,3700,4000,5500,7400,7400,19166,17307,340,629.9167358859451,184.2188750160858,7377.732124994509,239.6205781070646
1777163859,512,GET,point_read,259.800000,236.000000,350,400,440,470,520,570,620,670,770,840,840,24031,21627,310,340.51559467605995,115.73579200194217,3325.4260000248905,238.71977861928343
1777163859,512,GET,trips_per_route,27.200000,24.800000,380,440,470,490,580,650,710,790,870,870,870,2369,2131,340,378.3412554750643,188.70458399760537,2771.8352079973556,267.6036302237231
1777163859,512,,Aggregated,580.900000,531.000000,360,420,460,480,560,670,3300,3800,5400,7400,7400,52781,47615,330,488.5074712063737,115.73579200194217,7377.732124994509,3074.58517269472
1777163860,512,GET,bulk_update_departures,23.900000,22.200000,360,400,460,490,610,3100,3700,5000,5400,5400,5400,2379,2164,340,605.7470124892632,186.06083298800513,5720.02108299057,243.50693568726356
1777163860,512,GET,large_scan,56.400000,51.500000,380,440,480,500,640,3600,4100,4400,6100,6100,6100,4907,4452,350,657.9794809013395,187.29862498003058,6098.608041997068,31061.037089871614
1777163860,512,GET,next_departures,214.300000,197.200000,370,420,470,500,640,3100,3800,4100,5500,7400,7400,19389,17501,340,630.8305221061946,184.2188750160858,7377.732124994509,239.56960132033626
1777163860,512,GET,point_read,260.200000,237.600000,350,390,430,460,510,570,610,670,770,840,840,24279,21856,310,339.82262830653997,115.73579200194217,3325.4260000248905,238.75468511882696
1777163860,512,GET,trips_per_route,27.300000,25.000000,370,430,460,490,580,660,730,790,870,870,870,2392,2153,340,377.7373283041362,188.70458399760537,2771.8352079973556,267.5392976588629
1777163860,512,,Aggregated,582.100000,533.500000,360,410,450,480,560,680,3400,3900,5400,7400,7400,53346,48126,330,488.4162210956726,115.73579200194217,7377.732124994509,3075.7227533460805
1777163861,512,GET,bulk_update_departures,22.700000,20.800000,370,430,480,510,770,3100,3700,5000,5400,5400,5400,2401,2185,350,607.7348285976558,186.06083298800513,5720.02108299057,243.60349854227405
1777163861,512,GET,large_scan,56.800000,51.800000,390,460,500,540,820,3600,4100,4400,6100,6100,6100,4967,4508,350,660.5035722576719,187.29862498003058,6098.608041997068,30956.497483390376
1777163861,512,GET,next_departures,209.300000,192.500000,380,440,490,540,810,3100,3700,4100,5500,7400,7400,19590,17687,350,632.5042254676855,184.2188750160858,7377.732124994509,239.62649310872894
1777163861,512,GET,point_read,256.300000,233.300000,350,400,440,470,550,640,770,810,910,920,920,24491,22054,310,342.0958221803403,115.73579200194217,3325.4260000248905,238.8056837205504
1777163861,512,GET,trips_per_route,26.000000,23.600000,380,440,470,510,660,770,850,870,900,900,900,2424,2181,340,381.3973463162352,188.70458399760537,2771.8352079973556,267.5924092409241
1777163861,512,,Aggregated,571.100000,522.000000,360,420,470,500,650,840,3300,3800,5400,7400,7400,53873,48615,330,490.6618583013377,115.73579200194217,7377.732124994509,3072.732760380896
1777163862,512,GET,bulk_update_departures,22.200000,20.400000,350,400,460,500,770,3200,3700,4200,5400,5400,5400,2424,2206,340,607.8049972871763,186.06083298800513,5720.02108299057,243.64232673267327
1777163862,512,GET,large_scan,57.800000,53.000000,370,440,480,540,820,3600,4100,4300,6100,6100,6100,5020,4557,350,658.4795605141165,187.29862498003058,6098.608041997068,30897.078685258963
1777163862,512,GET,next_departures,210.000000,193.500000,360,410,470,510,810,3100,3800,4100,5500,7400,7400,19825,17904,340,630.8441109035031,184.2188750160858,7377.732124994509,239.641210592686
1777163862,512,GET,point_read,259.900000,236.800000,330,390,430,450,540,630,770,810,910,920,920,24749,22295,310,341.39787619786716,115.73579200194217,3325.4260000248905,238.87478281950786
1777163862,512,GET,trips_per_route,26.200000,24.300000,350,420,460,500,640,750,850,870,900,900,900,2456,2207,340,380.75178709059935,188.70458399760537,2771.8352079973556,267.7219055374593
1777163862,512,,Aggregated,576.100000,528.000000,350,400,450,480,640,830,3300,3800,5400,7400,7400,54474,49169,330,489.5868420344081,115.73579200194217,7377.732124994509,3065.9442669897567
1777163863,512,GET,bulk_update_departures,22.200000,20.400000,350,410,490,520,770,3200,3700,4200,5400,5400,5400,2439,2220,340,608.0784249553476,186.06083298800513,5720.02108299057,243.65231652316524
1777163863,512,GET,large_scan,57.500000,52.700000,360,440,510,610,890,3700,4100,4300,6100,6100,6100,5057,4585,350,663.0984179912572,187.29862498003058,6098.608041997068,31264.15325291675
1777163863,512,GET,next_departures,207.600000,190.200000,340,410,480,560,820,3200,3800,4200,5500,7400,7400,19945,18006,340,633.0015135324641,184.2188750160858,7377.732124994509,239.61830032589623
1777163863,512,GET,point_read,257.800000,235.100000,320,380,420,450,570,720,790,820,910,920,920,24874,22408,310,342.3294233126502,115.73579200194217,3325.4260000248905,238.92120286242664
1777163863,512,GET,trips_per_route,26.000000,24.100000,340,400,450,510,720,780,870,880,940,940,940,2466,2216,340,381.2451097293161,188.70458399760537,2771.8352079973556,267.7218167072182
1777163863,512,,Aggregated,571.100000,522.500000,330,400,450,490,720,860,3400,3900,5400,7400,7400,54781,49435,330,491.35393077388426,115.73579200194217,7377.732124994509,3104.7152479874408
1777163864,512,GET,bulk_update_departures,22.200000,20.600000,350,420,490,550,790,3100,3600,4000,5100,5100,5100,2454,2235,350,608.2482541968918,186.06083298800513,5720.02108299057,243.83414832925834
1777163864,512,GET,large_scan,57.700000,52.900000,360,460,600,690,1200,3700,4100,4300,5000,5000,5000,5104,4626,350,667.2099829358857,187.29862498003058,6098.608041997068,31369.17378526646
1777163864,512,GET,next_departures,205.700000,188.200000,340,430,560,670,920,3200,3800,4200,5600,7400,7400,20102,18141,350,636.3643637753001,184.2188750160858,7377.732124994509,239.55641229728386
1777163864,512,GET,point_read,256.800000,234.200000,320,380,440,490,680,790,870,940,1200,1200,1200,25094,22601,310,345.09944782676746,115.73579200194217,3325.4260000248905,238.89029250019925
1777163864,512,GET,trips_per_route,25.600000,23.800000,340,420,510,580,750,870,920,1200,1500,1500,1500,2488,2235,340,384.5136457365613,188.70458399760537,2771.8352079973556,267.7274919614148
1777163864,512,,Aggregated,568.000000,519.700000,330,410,490,570,780,1100,3500,3900,5100,7400,7400,55242,49838,330,494.31361832794636,115.73579200194217,7377.732124994509,3116.885956337569
1777163865,512,GET,bulk_update_departures,22.400000,20.900000,360,420,470,550,810,3100,3600,3700,4200,4200,4200,2475,2254,350,608.8359611306217,186.06083298800513,5720.02108299057,243.84525252525253
1777163865,512,GET,large_scan,58.300000,53.400000,370,460,590,690,1700,3700,4200,4300,5000,5000,5000,5152,4669,350,668.3876027487746,187.29862498003058,6098.608041997068,31401.669254658384
1777163865,512,GET,next_departures,213.000000,195.100000,340,420,520,670,930,3200,3800,4200,5400,7400,7400,20260,18283,350,636.7041937597764,184.2188750160858,7377.732124994509,239.53721618953603
1777163865,512,GET,point_read,267.300000,244.200000,320,390,430,480,680,790,870,950,1200,1200,1200,25311,22801,310,345.7841968334585,115.73579200194217,3325.4260000248905,238.92149658251353
1777163865,512,GET,trips_per_route,27.100000,24.800000,360,430,510,580,750,870,920,1200,1500,1500,1500,2507,2253,340,384.9875809759154,188.70458399760537,2771.8352079973556,267.6836856800957
1777163865,512,,Aggregated,588.100000,538.400000,340,410,470,560,780,1100,3400,3900,4800,7400,7400,55705,50260,330,494.8808288356755,115.73579200194217,7377.732124994509,3122.814217754241
1777163866,512,GET,bulk_update_departures,21.200000,19.700000,380,440,510,550,790,2900,3500,3600,4200,4200,4200,2493,2272,350,607.7694151481373,186.06083298800513,5720.02108299057,243.93140794223828
1777163866,512,GET,large_scan,54.000000,48.600000,380,480,640,720,2900,3800,4100,4300,5000,5000,5000,5197,4705,350,671.4278268521543,187.29862498003058,6098.608041997068,31707.266307485086
1777163866,512,GET,next_departures,200.800000,183.200000,370,450,520,670,930,3200,3800,4200,5400,7400,7400,20467,18475,350,636.5283435724446,184.2188750160858,7377.732124994509,239.567792055504
1777163866,512,GET,point_read,246.800000,225.600000,340,400,450,490,680,790,870,950,1200,1200,1200,25605,23043,320,346.3284819407297,115.73579200194217,3325.4260000248905,238.73395821128685
1777163866,512,GET,trips_per_route,24.700000,22.300000,380,460,520,580,740,850,920,1200,1500,1500,1500,2542,2287,340,385.78350890109675,188.70458399760537,2771.8352079973556,267.5460267505901
1777163866,512,,Aggregated,547.500000,499.400000,360,420,490,560,780,1200,3500,3900,4800,7400,7400,56304,50782,330,495.18342632372764,115.73579200194217,7377.732124994509,3145.1922243535096
1777163867,512,GET,bulk_update_departures,20.900000,19.700000,410,490,550,600,790,3100,3600,4100,4200,4200,4200,2516,2293,350,609.171578367348,186.06083298800513,5720.02108299057,243.96701112877582
1777163867,512,GET,large_scan,53.900000,48.600000,410,510,670,730,2800,3800,4100,4600,5000,5000,5000,5241,4742,350,673.7427405763386,187.29862498003058,6098.608041997068,31886.913375310054
1777163867,512,GET,next_departures,199.200000,181.600000,390,490,630,690,1400,3200,3800,4200,5400,7400,7400,20653,18632,350,638.6527735916347,184.2188750160858,7377.732124994509,239.47450733549604
1777163867,512,GET,point_read,243.500000,222.800000,370,420,480,530,690,790,890,950,1200,1200,1200,25809,23221,320,347.12473803782837,115.73579200194217,3325.4260000248905,238.68530357627185
1777163867,512,GET,trips_per_route,24.700000,22.400000,410,500,570,650,750,880,930,1200,1500,1500,1500,2562,2305,350,387.04157720240545,188.70458399760537,2771.8352079973556,267.5632318501171
1777163867,512,,Aggregated,542.200000,495.100000,380,460,530,630,790,1400,3500,4000,4800,7400,7400,56781,51193,340,496.7224954180407,115.73579200194217,7377.732124994509,3161.7042144379284
1777163868,512,GET,bulk_update_departures,21.600000,20.300000,420,500,550,630,770,940,3200,4000,4200,4200,4200,2544,2321,350,606.9682979073293,186.06083298800513,5720.02108299057,244.06996855345912
1777163868,512,GET,large_scan,53.900000,48.300000,430,530,690,730,2900,3700,4100,4600,5000,5000,5000,5293,4789,350,673.557480608478,187.29862498003058,6098.608041997068,31889.961836387683
1777163868,512,GET,next_departures,198.800000,181.400000,410,510,660,710,1400,3200,3800,4200,5200,5400,5400,20883,18848,350,638.0921485716991,184.2188750160858,7377.732124994509,239.54115787961499
1777163868,512,GET,point_read,246.300000,224.700000,390,450,510,580,700,790,890,950,1200,1200,1200,26095,23494,320,348.07367587065096,115.73579200194217,3325.4260000248905,238.79513316727343
1777163868,512,GET,trips_per_route,25.200000,22.800000,430,510,600,670,780,890,930,1200,1500,1500,1500,2584,2324,350,387.75385245800874,188.70458399760537,2771.8352079973556,267.5905572755418
1777163868,512,,Aggregated,545.800000,497.500000,400,480,580,660,790,1300,3400,3900,4800,5400,5400,57399,51776,340,496.8637774169563,115.73579200194217,7377.732124994509,3159.2820955068905
1777163869,512,GET,bulk_update_departures,20.500000,19.400000,410,500,550,630,780,1200,3500,4000,4200,4200,4200,2575,2350,350,605.3477108420451,186.06083298800513,5720.02108299057,244.03223300970873
1777163869,512,GET,large_scan,50.600000,44.800000,430,530,690,740,3000,3700,4100,4600,5000,5000,5000,5356,4848,350,671.3181923824885,187.29862498003058,6098.608041997068,31765.96209858103
1777163869,512,GET,next_departures,191.000000,174.000000,410,510,660,710,1200,3100,3700,4200,5200,5400,5400,21097,19048,350,636.3050111369695,184.2188750160858,7377.732124994509,239.5741574631464
1777163869,512,GET,point_read,237.500000,216.300000,380,450,510,580,700,790,890,950,1200,1200,1200,26405,23786,320,347.237715764161,115.73579200194217,3325.4260000248905,238.86771444802122
1777163869,512,GET,trips_per_route,25.000000,22.800000,430,510,600,670,780,890,930,1200,1500,1500,1500,2618,2358,350,386.47943983934863,188.70458399760537,2771.8352079973556,267.4434682964095
1777163869,512,,Aggregated,524.600000,477.300000,400,480,580,660,790,1200,3400,3800,4800,5400,5400,58051,52390,340,495.4108020882955,115.73579200194217,7377.732124994509,3149.448605536511
1777163870,512,GET,bulk_update_departures,20.800000,19.700000,410,470,530,590,770,1200,3600,4000,4200,4200,4200,2608,2382,350,603.1585150671654,186.06083298800513,5720.02108299057,244.1215490797546
1777163870,512,GET,large_scan,49.800000,44.200000,410,510,670,730,2700,3700,4100,4600,5000,5000,5000,5414,4904,350,668.8983433663898,187.29862498003058,6098.608041997068,31551.10916143332
1777163870,512,GET,next_departures,191.600000,172.400000,410,500,650,700,960,3100,3600,3900,5200,5400,5400,21329,19260,350,635.7861694618823,184.2188750160858,7377.732124994509,239.5894322284214
1777163870,512,GET,point_read,235.600000,212.300000,380,440,500,560,700,790,870,950,1200,1200,1200,26678,24038,320,346.9212174933268,115.73579200194217,3325.4260000248905,238.91277457080741
1777163870,512,GET,trips_per_route,24.600000,22.200000,420,510,590,670,780,880,930,1200,1500,1500,1500,2641,2378,350,386.4030947381496,188.70458399760537,2771.8352079973556,267.4490723210905
1777163870,512,,Aggregated,522.400000,470.800000,400,470,550,650,790,1200,3400,3800,4800,5400,5400,58670,52962,340,494.8149149518267,115.73579200194217,7377.732124994509,3130.1282597579684
1777163871,512,GET,bulk_update_departures,21.400000,20.500000,380,430,480,520,730,3000,3700,3900,4100,4100,4100,2642,2413,350,602.3851588619489,186.06083298800513,5720.02108299057,244.01551854655563
1777163871,512,GET,large_scan,50.500000,44.800000,370,460,530,660,2900,3800,4300,4400,5000,5000,5000,5475,4957,350,669.6427426765065,187.29862498003058,6098.608041997068,31687.825388127854
1777163871,512,GET,next_departures,193.100000,173.900000,370,450,510,610,950,3200,3700,4000,5100,5200,5200,21582,19494,350,634.1204997955958,184.2188750160858,7377.732124994509,239.60471689370772
1777163871,512,GET,point_read,238.000000,216.400000,350,410,450,490,650,720,800,940,1200,1200,1200,26987,24329,320,345.81469175892687,115.73579200194217,3325.4260000248905,238.98510393893355
1777163871,512,GET,trips_per_route,24.500000,22.200000,380,450,510,530,680,810,930,1200,1500,1500,1500,2669,2406,340,385.15328449885527,188.70458399760537,2771.8352079973556,267.33832896215813
1777163871,512,,Aggregated,527.500000,477.800000,370,430,480,530,710,1200,3500,3800,4700,5200,5200,59355,53599,330,493.7049858526042,115.73579200194217,7377.732124994509,3141.6005222811896
1777163872,512,GET,bulk_update_departures,21.300000,20.200000,380,430,480,510,710,2900,3700,3700,4100,4100,4100,2671,2441,350,600.3484496294378,186.06083298800513,5720.02108299057,244.09846499438413
1777163872,512,GET,large_scan,48.600000,43.000000,390,470,540,670,3000,3800,4300,4600,5000,5000,5000,5511,4990,350,669.0495981502189,187.29862498003058,6098.608041997068,31663.34113591
1777163872,512,GET,next_departures,188.500000,169.800000,380,460,520,620,950,3200,3700,3900,5100,5200,5200,21782,19680,350,632.7795955341859,184.2188750160858,7377.732124994509,239.67372142135707
1777163872,512,GET,point_read,231.700000,210.300000,360,410,450,490,650,720,800,940,1200,1200,1200,27257,24567,310,345.14283495837077,115.73579200194217,3325.4260000248905,238.94335400080712
1777163872,512,GET,trips_per_route,24.500000,22.200000,380,460,510,530,690,850,930,1200,1500,1500,1500,2695,2430,340,384.6263430257767,188.70458399760537,2771.8352079973556,267.3576994434137
1777163872,512,,Aggregated,514.600000,465.500000,370,430,490,530,710,1200,3500,3800,4700,5200,5200,59916,54108,330,492.65629283007115,115.73579200194217,7377.732124994509,3131.094215234662
1777163873,512,GET,bulk_update_departures,23.100000,22.000000,390,440,500,530,700,2900,3700,3700,4100,4100,4100,2699,2467,350,601.711068420264,186.06083298800513,5720.02108299057,244.20007410151908
1777163873,512,GET,large_scan,51.600000,46.000000,400,480,550,610,2700,3800,4100,4300,4800,4800,4800,5577,5048,350,671.2595371746282,187.29862498003058,6098.608041997068,31768.213555675095
1777163873,512,GET,next_departures,197.800000,179.800000,390,470,530,610,850,3100,3600,3800,4500,5100,5100,21988,19868,350,633.858527475776,184.2188750160858,7377.732124994509,239.69578861197016
1777163873,512,GET,point_read,244.000000,222.200000,360,410,460,490,630,690,800,940,1200,1200,1200,27495,24779,320,346.29043462023975,115.73579200194217,3325.4260000248905,238.91860338243316
1777163873,512,GET,trips_per_route,25.300000,22.900000,400,460,520,570,680,810,910,1200,1500,1500,1500,2728,2462,350,386.04804165048535,188.70458399760537,2771.8352079973556,267.2723607038123
1777163873,512,,Aggregated,541.800000,492.900000,370,440,490,540,690,960,3400,3700,4500,5100,5100,60487,54624,330,493.97901155839406,115.73579200194217,7377.732124994509,3147.767950138046
1777163874,512,GET,bulk_update_departures,24.500000,23.200000,360,430,470,510,680,3000,3700,3700,4100,4100,4100,2728,2493,350,601.415602225555,186.06083298800513,5720.02108299057,244.1491935483871
1777163874,512,GET,large_scan,50.900000,45.000000,350,430,490,540,2200,3700,4000,4300,4800,4800,4800,5647,5113,350,668.79594796401,187.29862498003058,6098.608041997068,31671.68939259784
1777163874,512,GET,next_departures,201.300000,182.900000,360,420,480,520,700,3100,3500,3700,4100,4200,4200,22211,20079,350,631.7544488621135,184.2188750160858,7377.732124994509,239.76457611093602
1777163874,512,GET,point_read,250.400000,228.200000,330,390,420,450,540,640,710,730,800,830,830,27775,25049,310,345.5242108131192,115.73579200194217,3325.4260000248905,239.03481548154815
1777163874,512,GET,trips_per_route,24.800000,22.800000,370,430,470,510,630,690,810,890,930,930,930,2756,2489,340,384.82004143887565,184.28966699866578,2771.8352079973556,267.1465892597968
1777163874,512,,Aggregated,551.900000,502.100000,350,410,460,490,630,740,3300,3700,4300,4800,4800,61117,55223,330,492.6084319295846,115.73579200194217,7377.732124994509,3145.064842842417
1777163875,512,GET,bulk_update_departures,24.300000,23.000000,340,420,460,520,680,3000,3700,3700,4100,4100,4100,2751,2515,350,600.5827467424053,186.06083298800513,5720.02108299057,244.17520901490366
1777163875,512,GET,large_scan,48.800000,42.900000,330,410,490,540,760,3700,4100,4300,4600,4600,4600,5692,5155,350,668.4196635162926,187.29862498003058,6098.608041997068,31598.42796907941
1777163875,512,GET,next_departures,195.000000,176.700000,350,410,480,530,710,3100,3600,3700,4200,4200,4200,22369,20219,350,632.0241026665731,184.2188750160858,7377.732124994509,239.74142786892574
1777163875,512,GET,point_read,249.500000,225.600000,320,370,410,440,540,640,710,730,800,830,830,28002,25250,310,345.4470518430533,115.73579200194217,3325.4260000248905,239.00996357403042
1777163875,512,GET,trips_per_route,23.500000,21.900000,350,420,470,500,620,690,810,890,930,930,930,2777,2508,340,384.5252112735026,184.28966699866578,2771.8352079973556,267.15484335613974
1777163875,512,,Aggregated,541.100000,490.100000,330,390,440,480,630,740,3400,3700,4300,4600,4600,61591,55647,330,492.53348494077665,115.73579200194217,7377.732124994509,3138.89042230196
1777163876,512,GET,bulk_update_departures,26.200000,24.900000,350,430,520,590,780,3200,3700,3900,4100,4100,4100,2776,2536,350,605.5583662332341,186.06083298800513,5720.02108299057,244.039265129683
1777163876,512,GET,large_scan,52.600000,47.100000,330,420,530,590,930,3700,4100,4300,4600,4600,4600,5728,5186,350,670.822948474093,187.29862498003058,6098.608041997068,31691.485509776536
1777163876,512,GET,next_departures,207.000000,189.100000,350,450,540,610,880,3200,3600,3800,4200,4400,4400,22555,20376,350,635.9363296019751,184.2188750160858,7377.732124994509,239.64956772334293
1777163876,512,GET,point_read,263.900000,239.700000,320,380,430,480,630,710,780,860,970,1000,1000,28199,25434,320,347.6348016343867,115.73579200194217,3325.4260000248905,239.0352494769318
1777163876,512,GET,trips_per_route,26.600000,25.000000,350,430,480,540,690,810,860,910,950,950,950,2796,2527,340,386.7019277233537,184.28966699866578,2771.8352079973556,267.10443490701
1777163876,512,,Aggregated,576.300000,525.800000,340,410,480,550,700,900,3400,3700,4300,4600,4600,62054,56059,330,495.55580863277504,115.73579200194217,7377.732124994509,3144.0190318110035
1777163877,512,GET,bulk_update_departures,27.600000,26.000000,350,430,510,590,800,3000,3700,3700,4000,4000,4000,2804,2560,350,606.6475654712983,186.06083298800513,5720.02108299057,243.91940085592012
1777163877,512,GET,large_scan,54.200000,48.600000,340,420,500,560,880,3600,4100,4300,5400,5400,5400,5779,5232,350,671.0142644173075,187.29862498003058,6098.608041997068,31701.470323585396
1777163877,512,GET,next_departures,210.300000,193.200000,350,450,520,590,850,3200,3600,3700,4200,4400,4400,22754,20550,350,636.6241317795428,184.2188750160858,7377.732124994509,239.60213588819548
1777163877,512,GET,point_read,268.700000,246.000000,330,380,440,480,610,690,770,860,970,1000,1000,28502,25703,320,348.49746375419795,115.73579200194217,3325.4260000248905,238.99171987930671
1777163877,512,GET,trips_per_route,27.000000,25.500000,340,410,460,500,670,800,850,860,950,950,950,2813,2543,350,387.20595408125075,184.28966699866578,2771.8352079973556,267.06647707074296
1777163877,512,,Aggregated,587.800000,539.300000,340,410,480,520,690,890,3400,3700,4300,5400,5400,62652,56588,340,496.1798787415187,115.73579200194217,7377.732124994509,3142.7832152205833
1777163878,512,GET,bulk_update_departures,27.000000,25.500000,380,450,570,620,870,3000,3700,3700,4000,4000,4000,2836,2588,350,608.196653840105,186.06083298800513,5720.02108299057,243.79478138222848
1777163878,512,GET,large_scan,53.100000,47.900000,370,460,540,610,900,3700,4100,4300,5400,5400,5400,5838,5285,350,672.5224560811299,187.29862498003058,6098.608041997068,31725.07896539911
1777163878,512,GET,next_departures,205.700000,188.700000,370,470,550,630,900,3200,3600,3800,4200,4400,4400,22933,20712,350,637.0912908128665,184.2188750160858,7377.732124994509,239.5830898704923
1777163878,512,GET,point_read,260.600000,237.500000,340,410,460,500,630,710,790,860,970,1000,1000,28771,25937,320,350.17673176250855,115.73579200194217,3325.4260000248905,238.915783253971
1777163878,512,GET,trips_per_route,26.300000,24.800000,360,430,500,560,680,800,860,940,1300,1300,1300,2834,2562,350,388.8911493897721,184.28966699866578,2771.8352079973556,266.9957657021877
1777163878,512,,Aggregated,572.700000,524.400000,350,430,500,550,700,920,3400,3700,4300,5400,5400,63212,57084,340,497.3501652852849,115.73579200194217,7377.732124994509,3148.5680566980955
1777163879,512,GET,bulk_update_departures,28.700000,26.600000,390,460,570,620,870,2700,3600,3700,4000,4000,4000,2862,2612,350,607.6324991567521,186.06083298800513,5720.02108299057,243.81027253668762
1777163879,512,GET,large_scan,53.700000,48.400000,380,470,550,610,900,3600,4100,4300,5400,5400,5400,5885,5329,350,671.1015654657094,187.29862498003058,6098.608041997068,31643.097196261682
1777163879,512,GET,next_departures,210.300000,190.900000,380,480,560,630,880,3100,3500,3700,4200,4400,4400,23130,20898,350,635.9285213737853,184.2188750160858,7377.732124994509,239.6392131431042
1777163879,512,GET,point_read,263.400000,241.200000,350,420,470,520,640,720,800,870,970,1000,1000,29012,26165,320,350.37884210446975,115.73579200194217,3325.4260000248905,238.97080518406176
1777163879,512,GET,trips_per_route,25.400000,24.000000,380,470,550,610,710,830,890,950,1300,1300,1300,2866,2587,350,390.26615644544114,184.28966699866578,2771.8352079973556,267.1601535240754
1777163879,512,,Aggregated,581.500000,531.100000,360,450,510,570,710,910,3300,3700,4300,5400,5400,63755,57591,340,496.9209849617365,115.73579200194217,7377.732124994509,3139.5022978589914
1777163880,512,GET,bulk_update_departures,29.100000,26.900000,380,480,590,630,890,2900,3600,3700,4000,4000,4000,2892,2640,350,606.1774445036791,186.06083298800513,5720.02108299057,243.80809128630705
1777163880,512,GET,large_scan,54.900000,50.100000,380,470,550,610,900,3400,4100,4300,5400,5400,5400,5937,5379,350,668.5948212231347,187.29862498003058,6098.608041997068,31480.090281286844
1777163880,512,GET,next_departures,209.800000,191.700000,380,480,550,630,860,2900,3500,3700,4200,4400,4400,23364,21126,350,633.2502173945658,184.2188750160858,7377.732124994509,239.7265879130286
1777163880,512,GET,point_read,271.100000,250.000000,350,420,470,510,640,720,800,870,970,1000,1000,29290,26428,320,349.9809035653831,115.73579200194217,3325.4260000248905,239.0311710481393
1777163880,512,GET,trips_per_route,24.800000,23.600000,370,480,560,610,710,820,890,950,1300,1300,1300,2896,2613,350,389.9121492712821,184.28966699866578,2771.8352079973556,267.23238950276243
1777163880,512,,Aggregated,589.700000,542.300000,360,450,510,570,710,900,3200,3600,4300,5400,5400,64379,58186,340,495.47052535815675,115.73579200194217,7377.732124994509,3121.801969586356
1777163881,512,GET,bulk_update_departures,29.200000,26.600000,400,500,600,650,2000,2900,3500,3700,4000,4000,4000,2919,2661,350,608.2844382948144,186.06083298800513,5720.02108299057,243.60089071599862
1777163881,512,GET,large_scan,52.900000,48.000000,380,460,550,600,880,3100,3800,4100,5400,5400,5400,5992,5431,350,666.6212962599535,187.29862498003058,6098.608041997068,31359.797730307077
1777163881,512,GET,next_departures,201.600000,183.000000,380,480,560,640,890,2900,3400,3600,4200,4400,4400,23600,21330,350,633.2182447051525,184.2188750160858,7377.732124994509,239.6445338983051
1777163881,512,GET,point_read,262.200000,239.100000,350,410,470,510,640,720,800,870,970,1000,1000,29626,26738,320,349.14317082195765,115.73579200194217,3325.4260000248905,239.0505974481874
1777163881,512,GET,trips_per_route,25.100000,23.800000,370,460,530,600,710,820,860,950,1300,1300,1300,2935,2650,350,388.7594665675162,184.28966699866578,2771.8352079973556,267.2013628620102
1777163881,512,,Aggregated,571.000000,520.500000,360,450,510,570,710,910,3100,3500,4200,5400,5400,65072,58810,340,494.8157774582126,115.73579200194217,7377.732124994509,3106.4196428571427
1777163882,512,GET,bulk_update_departures,28.400000,26.000000,380,490,600,640,2000,2900,3400,3600,4000,4000,4000,2955,2694,350,606.7777347037597,186.06083298800513,5720.02108299057,243.60744500846025
1777163882,512,GET,large_scan,52.500000,47.700000,360,450,530,590,790,3100,3800,4100,5400,5400,5400,6038,5474,350,664.7551385916584,187.29862498003058,6098.608041997068,31287.891520370984
1777163882,512,GET,next_departures,201.500000,183.100000,360,460,550,620,880,2800,3400,3600,4200,4400,4400,23855,21571,350,630.7730366898116,184.2188750160858,7377.732124994509,239.7115489415217
1777163882,512,GET,point_read,259.200000,236.300000,340,400,460,500,630,720,800,870,970,1000,1000,29921,27018,320,348.23553041373634,115.73579200194217,3325.4260000248905,239.11343203769928
1777163882,512,GET,trips_per_route,24.300000,22.400000,360,460,530,600,710,820,860,950,1300,1300,1300,2960,2674,350,387.79370495528406,184.28966699866578,2771.8352079973556,267.1141891891892
1777163882,512,,Aggregated,565.900000,515.500000,350,430,500,560,710,900,3000,3400,4200,5400,5400,65729,59431,340,493.2576974437254,115.73579200194217,7377.732124994509,3092.9975961904183
1777163883,512,GET,bulk_update_departures,28.800000,26.000000,350,430,520,600,2000,2700,3400,3500,4000,4000,4000,2995,2733,350,602.9078545791637,186.06083298800513,5720.02108299057,243.77395659432386
1777163883,512,GET,large_scan,51.800000,47.200000,330,400,460,510,720,2700,3700,4100,5400,5400,5400,6105,5540,350,660.4487449404696,187.29862498003058,6098.608041997068,31001.727600327602
1777163883,512,GET,next_departures,201.300000,184.200000,340,400,480,540,840,2600,3300,3500,4200,4400,4400,24153,21854,350,627.3268429695054,184.2188750160858,7377.732124994509,239.77903366041485
1777163883,512,GET,point_read,260.000000,238.300000,320,370,420,460,590,690,790,870,970,1000,1000,30230,27315,320,347.10090827566444,114.80412498349324,3325.4260000248905,239.18207079060537
1777163883,512,GET,trips_per_route,25.100000,23.100000,340,410,480,530,700,820,860,950,1300,1300,1300,2987,2698,340,386.7031055000745,184.28966699866578,2771.8352079973556,267.102109139605
1777163883,512,,Aggregated,567.000000,518.800000,330,390,450,500,680,880,2900,3400,4200,5400,5400,66470,60140,330,491.01123038770606,114.80412498349324,7377.732124994509,3066.2756281029037
1777163884,512,GET,bulk_update_departures,27.900000,24.900000,350,420,510,590,890,2600,3100,3500,4000,4000,4000,3029,2765,350,600.754729740396,186.06083298800513,5720.02108299057,243.80422581710135
1777163884,512,GET,large_scan,51.100000,46.900000,340,410,460,510,720,2700,3600,4100,5400,5400,5400,6153,5584,350,659.1796833163611,187.29862498003058,6098.608041997068,30977.82496343247
1777163884,512,GET,next_departures,201.200000,182.800000,340,400,490,540,880,2700,3300,3500,4200,4400,4400,24391,22067,350,626.2208275212671,184.2188750160858,7377.732124994509,239.75470460415727
1777163884,512,GET,point_read,263.800000,240.700000,310,370,420,460,590,690,790,870,970,1000,1000,30542,27598,310,346.18845267756814,114.80412498349324,3325.4260000248905,239.18698840940345
1777163884,512,GET,trips_per_route,26.400000,24.200000,340,410,480,530,700,820,860,950,1300,1300,1300,3016,2725,340,385.7636779272934,184.28966699866578,2771.8352079973556,267.0371352785146
1777163884,512,,Aggregated,570.400000,519.500000,330,390,450,500,680,890,2800,3300,4200,5400,5400,67131,60739,330,489.8857732822037,114.80412498349324,7377.732124994509,3058.2522232649594
1777163885,512,GET,bulk_update_departures,28.400000,25.400000,350,440,510,600,1900,2600,3100,3500,4000,4000,4000,3046,2780,350,601.2716015832708,186.06083298800513,5720.02108299057,243.81516743269862
1777163885,512,GET,large_scan,53.600000,49.400000,340,420,480,510,730,2700,3300,3800,5400,5400,5400,6198,5625,350,658.9586005483362,187.29862498003058,6098.608041997068,30969.177960632464
1777163885,512,GET,next_departures,210.200000,192.200000,340,420,500,550,870,2600,3200,3400,4200,4400,4400,24561,22222,350,626.1748744887899,184.2188750160858,7377.732124994509,239.79166157729733
1777163885,512,GET,point_read,270.100000,249.400000,320,380,430,470,590,690,790,870,970,1000,1000,30736,27757,320,346.3965890925108,114.80412498349324,3325.4260000248905,239.10837454450808
1777163885,512,GET,trips_per_route,26.900000,24.800000,350,430,500,550,700,820,860,950,1300,1300,1300,3048,2755,340,386.26892866893604,184.28966699866578,2771.8352079973556,267.0295275590551
1777163885,512,,Aggregated,589.200000,541.200000,330,400,460,500,680,890,2800,3200,4100,5400,5400,67589,61139,330,490.0112896162226,114.80412498349324,7377.732124994509,3058.815635680362
1777163886,512,GET,bulk_update_departures,29.600000,26.600000,340,430,490,550,730,2500,2900,3100,3400,3400,3400,3074,2806,350,601.9138777259867,186.06083298800513,5720.02108299057,243.7839947950553
1777163886,512,GET,large_scan,52.700000,49.000000,340,430,490,540,670,1700,3300,3300,4100,4100,4100,6267,5691,350,658.9244137264703,187.29862498003058,6098.608041997068,30790.069889899474
1777163886,512,GET,next_departures,217.600000,199.600000,340,410,490,550,730,2500,2900,3200,3500,3700,3700,24771,22416,350,627.061404025469,184.2188750160858,7377.732124994509,239.826288805458
1777163886,512,GET,point_read,275.200000,255.200000,320,380,430,470,600,660,730,760,880,890,890,31015,28025,320,348.0175154418664,114.80412498349324,3325.4260000248905,239.19677575366757
1777163886,512,GET,trips_per_route,26.100000,23.700000,350,410,500,540,610,700,850,940,1300,1300,1300,3069,2776,350,387.1545273437254,184.28966699866578,2771.8352079973556,266.92179863147607
1777163886,512,,Aggregated,601.200000,554.100000,330,400,460,500,640,760,2600,3000,3500,4100,4100,68196,61714,330,491.1525761909188,114.80412498349324,7377.732124994509,3048.409994721098
1777163887,512,GET,bulk_update_departures,29.900000,27.000000,340,420,510,570,750,2500,2900,3100,3400,3400,3400,3096,2825,350,603.1390902124549,186.06083298800513,5720.02108299057,243.75129198966408
1777163887,512,GET,large_scan,51.100000,47.600000,340,420,490,550,680,2200,3300,3300,4100,4100,4100,6310,5733,350,657.7797531944109,187.29862498003058,6098.608041997068,30634.645483359745
1777163887,512,GET,next_departures,220.000000,200.800000,340,410,490,560,730,2500,2900,3200,3500,3700,3700,24992,22617,350,626.995379528998,184.2188750160858,7377.732124994509,239.82570422535213
1777163887,512,GET,point_read,277.000000,254.600000,310,370,420,470,600,670,730,760,880,890,890,31219,28213,320,348.5571738889575,114.80412498349324,3325.4260000248905,239.2133636567475
1777163887,512,GET,trips_per_route,26.200000,23.900000,360,410,480,530,610,700,850,940,1300,1300,1300,3102,2808,350,387.58834530232195,184.28966699866578,2771.8352079973556,266.8500967117988
1777163887,512,,Aggregated,604.200000,553.900000,330,390,460,510,640,760,2700,3000,3600,4100,4100,68719,62196,340,491.4460753199333,114.80412498349324,7377.732124994509,3031.8945560907464
1777163888,512,GET,bulk_update_departures,29.900000,26.900000,340,420,460,500,720,2500,2900,3100,3400,3400,3400,3120,2847,350,603.4302899460902,186.06083298800513,5720.02108299057,243.7330128205128
1777163888,512,GET,large_scan,51.200000,47.600000,340,410,460,500,620,1700,3100,3300,4000,4000,4000,6357,5775,350,657.9300043705781,187.29862498003058,6098.608041997068,30671.327670284725
1777163888,512,GET,next_departures,221.600000,202.600000,340,410,470,510,690,2600,3000,3200,3600,3900,3900,25190,22785,350,628.3942653741831,184.2188750160858,7377.732124994509,239.74672489082968
1777163888,512,GET,point_read,276.300000,253.300000,310,370,410,440,510,610,680,730,800,820,820,31486,28449,320,349.2392626724069,114.80412498349324,3325.4260000248905,239.17201295814013
1777163888,512,GET,trips_per_route,27.300000,24.900000,350,400,460,480,580,630,710,740,850,850,850,3124,2827,350,388.24055764622585,184.28966699866578,2771.8352079973556,266.8649167733675
1777163888,512,,Aggregated,606.300000,555.300000,330,390,440,470,600,720,2700,3000,3500,4000,4000,69277,62683,340,492.2763112401189,114.80412498349324,7377.732124994509,3033.3523824645986
1777163889,512,GET,bulk_update_departures,29.800000,27.200000,340,430,480,520,680,2500,2900,3100,3400,3400,3400,3137,2864,350,602.6936749176715,186.06083298800513,5720.02108299057,243.76761236850493
1777163889,512,GET,large_scan,53.900000,50.800000,340,420,490,540,640,1900,3200,3300,4000,4000,4000,6397,5812,350,658.2426002341533,187.29862498003058,6098.608041997068,30636.931530404876
1777163889,512,GET,next_departures,222.600000,205.700000,350,430,500,550,700,2600,3000,3200,3600,3900,3900,25351,22940,350,628.0680234766036,184.2188750160858,7377.732124994509,239.8259634728413
1777163889,512,GET,point_read,279.200000,258.600000,320,380,430,470,570,620,680,730,800,840,840,31688,28629,320,350.05758867595176,114.80412498349324,3325.4260000248905,239.17041151224439
1777163889,512,GET,trips_per_route,28.100000,25.700000,350,400,460,480,560,600,650,690,730,730,730,3135,2837,350,388.55710580920504,184.28966699866578,2771.8352079973556,266.8421052631579
1777163889,512,,Aggregated,613.600000,568.000000,330,410,460,500,610,720,2800,3000,3600,4000,4000,69708,63082,340,492.54507132245595,114.80412498349324,7377.732124994509,3030.4177425833477
1777163890,512,GET,bulk_update_departures,28.400000,25.700000,360,430,480,530,720,2500,2900,3100,3400,3400,3400,3173,2897,350,602.5904054146677,186.06083298800513,5720.02108299057,243.74661203907974
1777163890,512,GET,large_scan,51.800000,48.800000,370,440,500,550,650,2300,3300,3500,4000,4000,4000,6461,5872,350,657.4141013562703,187.29862498003058,6098.608041997068,30541.607955424857
1777163890,512,GET,next_departures,220.900000,203.500000,370,450,510,570,720,2700,3000,3200,3600,3900,3900,25624,23198,350,626.9574719466077,184.2188750160858,7377.732124994509,239.88928348423354
1777163890,512,GET,point_read,266.600000,246.300000,330,400,450,480,580,630,690,740,800,840,840,32006,28935,320,350.49102083651724,114.80412498349324,3325.4260000248905,239.2486096356933
1777163890,512,GET,trips_per_route,28.900000,26.400000,360,420,470,490,570,610,670,710,730,730,730,3171,2871,350,388.7903942112701,184.28966699866578,2771.8352079973556,266.75086723431093
1777163890,512,,Aggregated,596.600000,550.700000,350,430,480,510,620,740,2800,3100,3600,4000,4000,70435,63773,340,492.3035433994658,114.80412498349324,7377.732124994509,3020.556797046923
1777163891,512,GET,bulk_update_departures,27.800000,25.400000,370,440,490,530,720,2700,2900,3100,3400,3400,3400,3196,2914,350,605.1210889029395,186.06083298800513,5720.02108299057,243.55788485607007
1777163891,512,GET,large_scan,51.700000,48.900000,370,440,510,560,670,2900,3300,3600,4000,4000,4000,6514,5918,350,657.5881276590165,187.29862498003058,6098.608041997068,30652.187442431685
1777163891,512,GET,next_departures,223.500000,205.300000,360,450,510,560,700,2600,3000,3100,3400,3900,3900,25867,23419,350,625.7972830958022,184.2188750160858,7377.732124994509,239.89851934897746
1777163891,512,GET,point_read,268.900000,248.600000,330,410,450,480,580,630,700,740,800,840,840,32288,29185,320,349.8543458853676,114.80412498349324,3325.4260000248905,239.20357408325074
1777163891,512,GET,trips_per_route,28.300000,25.900000,370,430,470,490,580,620,670,710,730,730,730,3197,2896,350,388.2608795107859,184.28966699866578,2771.8352079973556,266.74538629965593
1777163891,512,,Aggregated,600.200000,554.100000,350,430,480,510,620,740,2800,3100,3600,4000,4000,71062,64332,340,491.71655086103556,114.80412498349324,7377.732124994509,3028.741169682812
1777163892,512,GET,bulk_update_departures,27.700000,25.400000,370,440,490,530,720,2700,2900,2900,3400,3400,3400,3222,2939,350,602.9764619424901,186.06083298800513,5720.02108299057,243.5707635009311
1777163892,512,GET,large_scan,51.700000,48.700000,360,440,500,540,650,2800,3300,3600,4000,4000,4000,6585,5987,350,654.2852701442339,187.29862498003058,6098.608041997068,30425.309946848898
1777163892,512,GET,next_departures,223.900000,206.300000,370,450,510,560,710,2600,3000,3200,3400,3900,3900,26103,23644,350,623.5959583944135,184.2188750160858,7377.732124994509,239.94295674826648
1777163892,512,GET,point_read,270.200000,249.300000,340,410,450,480,580,630,700,740,800,840,840,32614,29495,320,349.0791287287952,114.80412498349324,3325.4260000248905,239.26534617035628
1777163892,512,GET,trips_per_route,26.800000,25.000000,370,430,470,490,580,610,670,710,850,850,850,3232,2927,350,387.62543810827253,184.28966699866578,2771.8352079973556,266.7973391089109
1777163892,512,,Aggregated,600.300000,554.700000,360,430,480,510,620,740,2800,3000,3700,4000,4000,71756,64992,340,490.0866281088013,114.80412498349324,7377.732124994509,3011.098319304309
1777163893,512,GET,bulk_update_departures,27.300000,25.100000,380,450,490,540,720,2700,2900,2900,3400,3400,3400,3256,2972,350,600.2954508226866,186.06083298800513,5720.02108299057,243.59797297297297
1777163893,512,GET,large_scan,51.600000,48.500000,370,440,510,550,670,3000,3300,3600,4000,4000,4000,6641,6040,350,652.7521146828367,187.29862498003058,6098.608041997068,30320.98298449029
1777163893,512,GET,next_departures,224.400000,205.800000,380,450,510,570,710,2600,3000,3100,3400,3900,3900,26366,23890,350,621.74023046459,184.2188750160858,7377.732124994509,239.99006295987257
1777163893,512,GET,point_read,268.400000,247.500000,340,410,450,480,580,630,700,740,800,840,840,32896,29763,320,348.5540601798775,114.80412498349324,3325.4260000248905,239.32541950389106
1777163893,512,GET,trips_per_route,27.300000,25.600000,370,430,470,480,580,610,670,710,850,850,850,3258,2953,350,386.77639479983594,184.28966699866578,2771.8352079973556,266.6510128913444
1777163893,512,,Aggregated,599.000000,552.500000,360,430,480,510,620,740,2800,3100,3700,4000,4000,72417,65618,340,488.9520907501318,114.80412498349324,7377.732124994509,2999.6268693814986
1777163894,512,GET,bulk_update_departures,27.300000,25.000000,380,450,500,560,770,2800,2900,3100,3400,3400,3400,3292,3003,350,600.9074012133985,186.06083298800513,5720.02108299057,243.4793438639125
1777163894,512,GET,large_scan,52.500000,49.000000,370,440,500,550,660,2900,3500,3700,4000,4000,4000,6695,6090,350,651.638220728113,187.29862498003058,6098.608041997068,30276.947423450336
1777163894,512,GET,next_departures,224.700000,207.200000,380,460,510,570,710,2600,3000,3100,3400,3900,3900,26582,24083,350,621.3977386049262,184.2188750160858,7377.732124994509,239.95448047550974
1777163894,512,GET,point_read,264.000000,242.800000,350,420,460,480,580,630,700,740,800,840,840,33189,30020,320,348.15655296737344,114.80412498349324,3325.4260000248905,239.30452860887644
1777163894,512,GET,trips_per_route,26.100000,24.500000,380,430,470,490,580,620,680,730,850,850,850,3284,2977,350,386.4288264080049,184.28966699866578,2771.8352079973556,266.6257612667479
1777163894,512,,Aggregated,594.600000,548.500000,370,430,480,510,620,740,2800,3100,3700,4000,4000,73042,66173,340,488.5257775324312,114.80412498349324,7377.732124994509,2994.19572300868
1777163895,512,GET,bulk_update_departures,27.000000,24.800000,360,430,470,510,730,2700,2900,2900,3200,3200,3200,3317,3027,350,599.0881626736746,186.06083298800513,5720.02108299057,243.5224600542659
1777163895,512,GET,large_scan,54.200000,50.800000,350,420,470,520,650,2800,3500,3700,4000,4000,4000,6754,6146,350,649.4004924467988,187.29862498003058,6098.608041997068,30162.27021024578
1777163895,512,GET,next_departures,222.300000,204.900000,360,430,480,530,690,2600,3000,3200,3600,3900,3900,26832,24320,350,619.2554330735763,184.2188750160858,7377.732124994509,239.9899373881932
1777163895,512,GET,point_read,266.700000,245.300000,330,390,440,460,560,620,680,740,800,840,840,33520,30331,320,347.34440515823496,114.80412498349324,3325.4260000248905,239.35689140811456
1777163895,512,GET,trips_per_route,27.100000,25.200000,360,410,440,470,530,610,680,730,850,850,850,3324,3012,350,385.2443062605087,184.28966699866578,2771.8352079973556,266.6389891696751
1777163895,512,,Aggregated,597.300000,551.000000,340,410,460,490,600,730,2800,3100,3700,4000,4000,73747,66836,330,486.97065204983085,114.80412498349324,7377.732124994509,2981.4459978033005
1777163896,512,GET,bulk_update_departures,26.200000,23.900000,330,390,430,460,720,2800,2900,3000,3200,3200,3200,3351,3058,350,597.715671554645,186.06083298800513,5720.02108299057,243.45628170695315
1777163896,512,GET,large_scan,53.100000,49.500000,330,380,430,450,570,2900,3400,3700,4000,4000,4000,6826,6213,350,647.2781785197279,187.29862498003058,6098.608041997068,30090.13272780545
1777163896,512,GET,next_departures,218.100000,200.800000,340,400,440,480,620,2700,3000,3200,3600,3900,3900,27052,24530,350,617.4282410196752,184.2188750160858,7377.732124994509,240.0544506875647
1777163896,512,GET,point_read,264.400000,242.500000,310,370,400,430,490,560,620,660,750,840,840,33838,30633,320,346.6468848846807,114.80412498349324,3325.4260000248905,239.41769608132867
1777163896,512,GET,trips_per_route,26.700000,25.200000,340,390,420,440,490,540,650,730,850,850,850,3363,3051,350,384.13146345254205,184.28966699866578,2771.8352079973556,266.4998513232233
1777163896,512,,Aggregated,588.500000,541.900000,330,380,420,450,530,660,2800,3100,3700,4000,4000,74430,67485,330,485.6322214206453,114.80412498349324,7377.732124994509,2978.6735993550988
1777163897,512,GET,bulk_update_departures,26.900000,24.400000,300,360,390,430,600,2700,2900,2900,3200,3200,3200,3393,3096,350,596.1414817543867,186.06083298800513,5720.02108299057,243.38491010904804
1777163897,512,GET,large_scan,54.100000,50.600000,310,360,400,430,570,3000,3500,3700,4000,4000,4000,6898,6279,350,645.7028720761816,187.29862498003058,6098.608041997068,30067.66961438098
1777163897,512,GET,next_departures,219.300000,201.900000,310,370,410,440,590,2600,3000,3100,3600,3900,3900,27308,24767,350,615.7368867891804,184.2188750160858,7377.732124994509,240.05979932620477
1777163897,512,GET,point_read,265.400000,243.500000,290,340,380,400,470,530,610,650,760,1300,1300,34145,30922,320,345.90649619080136,114.80412498349324,3325.4260000248905,239.475208668912
1777163897,512,GET,trips_per_route,26.700000,25.100000,310,360,400,420,490,530,630,710,850,850,850,3395,3081,340,383.3754349189357,184.28966699866578,2771.8352079973556,266.48041237113404
1777163897,512,,Aggregated,592.400000,545.500000,300,360,390,420,510,640,2800,3100,3700,4000,4000,75139,68145,330,484.4867016808602,114.80412498349324,7377.732124994509,2979.4078308202133
1777163898,512,GET,bulk_update_departures,26.800000,24.400000,290,360,390,440,720,2700,2900,2900,3200,3200,3200,3419,3118,350,597.354255730535,186.06083298800513,5720.02108299057,243.29687042995027
1777163898,512,GET,large_scan,55.500000,52.000000,300,350,390,420,600,3100,3500,3700,3900,3900,3900,6949,6326,350,645.5097850282674,187.29862498003058,6098.608041997068,30040.100590012953
1777163898,512,GET,next_departures,225.800000,208.500000,310,360,400,430,590,2300,3000,3100,3500,3700,3700,27491,24939,350,615.1153220078213,184.2188750160858,7377.732124994509,240.09792295660398
1777163898,512,GET,point_read,277.200000,256.500000,290,340,370,390,470,560,630,670,760,1300,1300,34372,31136,320,346.4082746768377,114.80412498349324,3325.4260000248905,239.5137902944257
1777163898,512,GET,trips_per_route,27.500000,25.600000,310,360,390,410,490,580,630,710,850,850,850,3421,3105,340,383.67761810868035,184.28966699866578,2771.8352079973556,266.44343759134756
1777163898,512,,Aggregated,612.800000,567.000000,300,350,380,410,520,650,2800,3100,3700,3900,3900,75652,68624,330,484.5535261799219,114.80412498349324,7377.732124994509,2978.4419975678106
1777163899,512,GET,bulk_update_departures,27.600000,25.100000,290,360,390,460,2100,2700,2900,2900,3200,3200,3200,3439,3136,350,597.7770344730353,186.06083298800513,5720.02108299057,243.28409421343414
1777163899,512,GET,large_scan,55.500000,51.800000,300,350,400,430,550,2900,3400,3600,3800,3800,3800,7005,6381,350,644.4883066250673,187.29862498003058,6098.608041997068,29849.409850107066
1777163899,512,GET,next_departures,227.600000,210.700000,310,360,400,430,560,2500,3000,3100,3500,3700,3700,27689,25116,350,615.6515866913984,184.2188750160858,7377.732124994509,240.07949005020043
1777163899,512,GET,point_read,282.500000,261.000000,290,340,370,390,460,540,620,670,760,1300,1300,34614,31358,320,347.3451727077784,114.80412498349324,3325.4260000248905,239.5198763506096
1777163899,512,GET,trips_per_route,28.700000,26.800000,320,370,410,430,510,600,650,750,850,850,850,3446,3128,350,384.66823013574276,184.28966699866578,2771.8352079973556,266.4724318049913
1777163899,512,,Aggregated,621.900000,575.400000,300,350,390,420,510,640,2800,3000,3600,3800,3800,76193,69119,330,485.1593338300704,114.80412498349324,7377.732124994509,2963.3737482445895
1777163900,512,GET,bulk_update_departures,29.600000,27.100000,300,370,430,500,680,2600,2900,2900,3200,3200,3200,3475,3171,350,596.964569056621,186.06083298800513,5720.02108299057,243.34244604316547
1777163900,512,GET,large_scan,58.900000,54.700000,310,370,410,440,560,2600,3400,3600,3800,3800,3800,7061,6437,350,643.0712907449963,187.29862498003058,6098.608041997068,29614.680781758958
1777163900,512,GET,next_departures,230.400000,214.200000,310,370,420,450,590,2500,3000,3100,3500,3700,3700,27913,25307,350,616.4780151759722,184.2188750160858,7377.732124994509,239.9918675885788
1777163900,512,GET,point_read,290.900000,269.500000,290,350,380,400,480,550,630,670,750,1300,1300,34870,31591,320,347.9864411955413,114.80412498349324,3325.4260000248905,239.51502724404932
1777163900,512,GET,trips_per_route,29.100000,27.200000,320,380,420,440,530,600,650,750,850,850,850,3470,3150,350,385.21054351895407,184.28966699866578,2771.8352079973556,266.42536023054754
1777163900,512,,Aggregated,638.900000,592.700000,300,360,400,430,530,660,2800,3000,3600,3800,3800,76789,69656,340,485.6671774541742,114.80412498349324,7377.732124994509,2942.2202919689016
