Timestamp,User Count,Type,Name,Requests/s,Failures/s,50%,66%,75%,80%,90%,95%,98%,99%,99.9%,99.99%,100%,Total Request Count,Total Failure Count,Total Median Response Time,Total Average Response Time,Total Min Response Time,Total Max Response Time,Total Average Content Size
1777186146,0,,Aggregated,0.000000,0.000000,N/A,N/A,N/A,N/A,N/A,N/A,N/A,N/A,N/A,N/A,N/A,0,0,0,0.0,0,0,0
1777186147,10,,Aggregated,0.000000,0.000000,N/A,N/A,N/A,N/A,N/A,N/A,N/A,N/A,N/A,N/A,N/A,0,0,0,0.0,0,0,0
1777186148,20,,Aggregated,0.000000,0.000000,N/A,N/A,N/A,N/A,N/A,N/A,N/A,N/A,N/A,N/A,N/A,0,0,0,0.0,0,0,0
1777186149,30,GET,trips_per_route,0.000000,0.000000,0,0,0,0,0,0,0,0,0,0,0,12,0,2600,2201.3298992533237,292.5850830215495,2709.569583006669,372.5
1777186149,30,,Aggregated,0.000000,0.000000,2600,2600,2600,2600,2600,2700,2700,2700,2700,2700,2700,12,0,2600,2201.3298992533237,292.5850830215495,2709.569583006669,372.5
1777186150,40,GET,trips_per_route,0.000000,0.000000,360,400,500,2200,2300,2400,2400,2400,2400,2400,2400,52,0,400,1143.7939582728386,228.6117500043474,2709.569583006669,372.4423076923077
1777186150,40,,Aggregated,0.000000,0.000000,400,2300,2300,2400,2600,2600,2600,2700,2700,2700,2700,52,0,400,1143.7939582728386,228.6117500043474,2709.569583006669,372.4423076923077
1777186151,50,GET,trips_per_route,3.666667,0.000000,300,340,400,490,2300,2300,2400,2400,2500,2500,2500,121,0,310,807.837717961241,203.0746660020668,2709.569583006669,372.59504132231405
1777186151,50,,Aggregated,3.666667,0.000000,310,390,500,2200,2400,2600,2600,2600,2700,2700,2700,121,0,310,807.837717961241,203.0746660020668,2709.569583006669,372.59504132231405
1777186152,60,GET,trips_per_route,9.500000,0.000000,300,330,380,400,2200,2300,2400,2400,2500,2500,2500,196,0,310,656.820212781895,203.0746660020668,2709.569583006669,372.6173469387755
1777186152,60,,Aggregated,9.500000,0.000000,310,350,400,470,2300,2500,2600,2600,2700,2700,2700,196,0,310,656.820212781895,203.0746660020668,2709.569583006669,372.6173469387755
1777186153,70,GET,trips_per_route,21.400000,0.000000,300,320,350,380,990,2200,2300,2400,2500,2500,2500,301,0,300,539.8865463524443,203.0746660020668,2709.569583006669,372.6578073089701
1777186153,70,,Aggregated,21.400000,0.000000,300,330,360,390,2200,2300,2600,2600,2700,2700,2700,301,0,300,539.8865463524443,203.0746660020668,2709.569583006669,372.6578073089701
1777186154,80,GET,trips_per_route,30.833333,0.000000,300,320,340,350,410,2200,2300,2400,2500,2500,2500,419,0,300,471.5794625013165,203.0746660020668,2709.569583006669,372.66348448687353
1777186154,80,,Aggregated,30.833333,0.000000,300,320,340,360,490,2300,2500,2600,2700,2700,2700,419,0,300,471.5794625013165,203.0746660020668,2709.569583006669,372.66348448687353
1777186155,90,GET,trips_per_route,40.285714,0.000000,300,320,340,350,410,1100,2300,2300,2500,2500,2500,537,0,300,438.6308762454406,203.0746660020668,2709.569583006669,372.6405959031657
1777186155,90,,Aggregated,40.285714,0.000000,300,320,340,360,450,2200,2400,2600,2700,2700,2700,537,0,300,438.6308762454406,203.0746660020668,2709.569583006669,372.6405959031657
1777186156,100,GET,trips_per_route,50.000000,0.000000,310,320,340,360,410,510,2300,2300,2500,2500,2500,650,0,310,420.97281583495294,203.0746660020668,2709.569583006669,372.61846153846153
1777186156,100,,Aggregated,50.000000,0.000000,310,330,340,360,420,2100,2400,2600,2700,2700,2700,650,0,310,420.97281583495294,203.0746660020668,2709.569583006669,372.61846153846153
1777186157,110,GET,trips_per_route,57.000000,0.000000,310,330,350,370,430,530,2200,2300,2500,2500,2500,782,0,310,423.5020460393217,203.0746660020668,2709.569583006669,372.6150895140665
1777186157,110,,Aggregated,57.000000,0.000000,310,330,350,380,450,1400,2300,2500,2700,2700,2700,782,0,310,423.5020460393217,203.0746660020668,2709.569583006669,372.6150895140665
1777186158,120,GET,trips_per_route,63.200000,0.000000,310,340,360,390,450,590,2200,2300,2500,2500,2500,914,0,320,428.96367204999035,203.0746660020668,2709.569583006669,372.59190371991247
1777186158,120,,Aggregated,63.200000,0.000000,310,340,360,390,450,590,2200,2300,2500,2500,2500,914,0,320,428.96367204999035,203.0746660020668,2709.569583006669,372.59190371991247
1777186159,130,GET,trips_per_route,76.200000,0.000000,320,350,380,400,490,660,2200,2300,2500,2700,2700,1041,0,320,447.05473478938524,203.0746660020668,2709.569583006669,372.566762728146
1777186159,130,,Aggregated,76.200000,0.000000,320,350,380,400,490,660,2200,2300,2500,2700,2700,1041,0,320,447.05473478938524,203.0746660020668,2709.569583006669,372.566762728146
1777186160,140,GET,trips_per_route,89.000000,0.000000,330,370,400,430,550,800,2100,2300,2600,2700,2700,1182,0,330,464.4679713432083,203.0746660020668,2709.569583006669,372.53553299492387
1777186160,140,,Aggregated,89.000000,0.000000,330,370,400,430,550,800,2100,2300,2600,2700,2700,1182,0,330,464.4679713432083,203.0746660020668,2709.569583006669,372.53553299492387
1777186161,150,GET,trips_per_route,101.300000,0.000000,340,390,440,490,710,990,2200,2400,2700,2700,2700,1292,0,340,494.8253075640831,203.0746660020668,2709.6854170085862,372.4953560371517
1777186161,150,,Aggregated,101.300000,0.000000,340,390,440,490,710,990,2200,2400,2700,2700,2700,1292,0,340,494.8253075640831,203.0746660020668,2709.6854170085862,372.4953560371517
1777186162,160,GET,trips_per_route,110.600000,0.000000,360,430,500,560,770,1400,2300,2500,3300,3300,3300,1410,4,350,516.942179664422,203.0746660020668,3316.476292005973,372.24751773049644
1777186162,160,,Aggregated,110.600000,0.000000,360,430,500,560,770,1400,2300,2500,3300,3300,3300,1410,4,350,516.942179664422,203.0746660020668,3316.476292005973,372.24751773049644
1777186163,170,GET,trips_per_route,114.900000,0.000000,400,510,620,710,960,1900,2300,2500,3300,3300,3300,1590,49,360,553.1303430489908,203.0746660020668,3316.476292005973,369.9578616352201
1777186163,170,,Aggregated,114.900000,0.000000,400,510,620,710,960,1900,2300,2500,3300,3300,3300,1590,49,360,553.1303430489908,203.0746660020668,3316.476292005973,369.9578616352201
1777186164,180,GET,trips_per_route,120.700000,0.400000,430,580,690,760,1000,1900,2300,2500,3300,3300,3300,1757,111,370,557.5440488640414,203.0746660020668,3316.476292005973,367.3272623790552
1777186164,180,,Aggregated,120.700000,0.400000,430,580,690,760,1000,1900,2300,2500,3300,3300,3300,1757,111,370,557.5440488640414,203.0746660020668,3316.476292005973,367.3272623790552
1777186165,190,GET,trips_per_route,127.800000,4.000000,470,620,730,800,1100,1700,2300,2500,3300,3300,3300,1935,173,380,561.8295996684222,203.0746660020668,3316.476292005973,365.20258397932815
1777186165,190,,Aggregated,127.800000,4.000000,470,620,730,800,1100,1700,2300,2500,3300,3300,3300,1935,173,380,561.8295996684222,203.0746660020668,3316.476292005973,365.20258397932815
1777186166,200,GET,trips_per_route,131.100000,9.600000,510,680,770,860,1100,1500,2300,2500,3300,3300,3300,2150,249,390,573.1259258640903,203.0746660020668,3316.476292005973,363.0558139534884
1777186166,200,,Aggregated,131.100000,9.600000,510,680,770,860,1100,1500,2300,2500,3300,3300,3300,2150,249,390,573.1259258640903,203.0746660020668,3316.476292005973,363.0558139534884
1777186167,200,GET,trips_per_route,139.500000,16.100000,530,690,780,860,1100,1400,2200,2500,3300,3300,3300,2319,329,390,570.2316036795823,203.0746660020668,3316.476292005973,360.9348857266063
1777186167,200,,Aggregated,139.500000,16.100000,530,690,780,860,1100,1400,2200,2500,3300,3300,3300,2319,329,390,570.2316036795823,203.0746660020668,3316.476292005973,360.9348857266063
1777186168,200,GET,trips_per_route,146.600000,23.400000,540,710,820,900,1100,1400,2000,2400,3300,3300,3300,2533,419,400,577.1403498421384,203.0746660020668,3316.476292005973,359.0177654954599
1777186168,200,,Aggregated,146.600000,23.400000,540,710,820,900,1100,1400,2000,2400,3300,3300,3300,2533,419,400,577.1403498421384,203.0746660020668,3316.476292005973,359.0177654954599
1777186169,200,GET,trips_per_route,151.700000,30.500000,550,720,830,900,1100,1400,1900,2300,3300,3300,3300,2741,508,400,577.1531232451279,203.0746660020668,3316.476292005973,357.3305363006202
1777186169,200,,Aggregated,151.700000,30.500000,550,720,830,900,1100,1400,1900,2300,3300,3300,3300,2741,508,400,577.1531232451279,203.0746660020668,3316.476292005973,357.3305363006202
1777186170,200,GET,trips_per_route,160.700000,40.100000,540,710,820,900,1100,1300,1700,1900,3300,3300,3300,2961,606,410,575.7675941345927,193.98729197564535,3316.476292005973,355.72644376899694
1777186170,200,,Aggregated,160.700000,40.100000,540,710,820,900,1100,1300,1700,1900,3300,3300,3300,2961,606,410,575.7675941345927,193.98729197564535,3316.476292005973,355.72644376899694
1777186171,200,GET,trips_per_route,168.000000,49.500000,530,700,800,890,1100,1300,1500,1900,2400,2700,2700,3161,700,410,574.1312502583056,183.20129200583324,3316.476292005973,354.34767478646
1777186171,200,,Aggregated,168.000000,49.500000,530,700,800,890,1100,1300,1500,1900,2400,2700,2700,3161,700,410,574.1312502583056,183.20129200583324,3316.476292005973,354.34767478646
1777186172,200,GET,trips_per_route,176.600000,58.600000,500,670,760,850,1000,1200,1400,1500,1900,1900,1900,3374,800,410,573.4890318036449,183.20129200583324,3316.476292005973,353.01185536455245
1777186172,200,,Aggregated,176.600000,58.600000,500,670,760,850,1000,1200,1400,1500,1900,1900,1900,3374,800,410,573.4890318036449,183.20129200583324,3316.476292005973,353.01185536455245
1777186173,200,GET,trips_per_route,185.900000,68.300000,490,660,750,840,1000,1200,1400,1500,1900,1900,1900,3572,897,410,572.7446964503048,183.20129200583324,3316.476292005973,351.791993281075
1777186173,200,,Aggregated,185.900000,68.300000,490,660,750,840,1000,1200,1400,1500,1900,1900,1900,3572,897,410,572.7446964503048,183.20129200583324,3316.476292005973,351.791993281075
1777186174,200,GET,trips_per_route,193.400000,77.600000,490,660,750,840,1000,1200,1500,1600,1900,1900,1900,3767,987,410,574.706299246302,183.20129200583324,3316.476292005973,350.85771170692857
1777186174,200,,Aggregated,193.400000,77.600000,490,660,750,840,1000,1200,1500,1600,1900,1900,1900,3767,987,410,574.706299246302,183.20129200583324,3316.476292005973,350.85771170692857
1777186175,200,GET,trips_per_route,197.200000,84.200000,470,640,750,830,980,1300,1500,1600,1900,1900,1900,3989,1092,410,575.0417417069248,183.20129200583324,3316.476292005973,349.8192529456004
1777186175,200,,Aggregated,197.200000,84.200000,470,640,750,830,980,1300,1500,1600,1900,1900,1900,3989,1092,410,575.0417417069248,183.20129200583324,3316.476292005973,349.8192529456004
1777186176,200,GET,trips_per_route,201.500000,87.700000,460,650,750,820,990,1300,1500,1600,1900,1900,1900,4188,1194,410,573.927413346235,183.20129200583324,3316.476292005973,348.78510028653295
1777186176,200,,Aggregated,201.500000,87.700000,460,650,750,820,990,1300,1500,1600,1900,1900,1900,4188,1194,410,573.927413346235,183.20129200583324,3316.476292005973,348.78510028653295
1777186177,200,GET,trips_per_route,203.000000,91.100000,450,630,730,800,960,1200,1500,1500,1600,1700,1700,4390,1284,420,573.3734866371302,182.5457910017576,3316.476292005973,348.1883826879271
1777186177,200,,Aggregated,203.000000,91.100000,450,630,730,800,960,1200,1500,1500,1600,1700,1700,4390,1284,420,573.3734866371302,182.5457910017576,3316.476292005973,348.1883826879271
1777186178,200,GET,trips_per_route,203.600000,93.700000,450,640,740,810,970,1200,1500,1500,1600,1700,1700,4601,1371,420,573.1849167219971,182.5457910017576,3316.476292005973,347.771136709411
1777186178,200,,Aggregated,203.600000,93.700000,450,640,740,810,970,1200,1500,1500,1600,1700,1700,4601,1371,420,573.1849167219971,182.5457910017576,3316.476292005973,347.771136709411
1777186179,200,GET,trips_per_route,206.600000,95.600000,450,630,730,810,970,1200,1500,1500,1600,1700,1700,4820,1461,420,571.4429411846384,177.5023750087712,3316.476292005973,347.3230290456432
1777186179,200,,Aggregated,206.600000,95.600000,450,630,730,810,970,1200,1500,1500,1600,1700,1700,4820,1461,420,571.4429411846384,177.5023750087712,3316.476292005973,347.3230290456432
1777186180,200,GET,trips_per_route,206.700000,95.200000,430,620,730,800,960,1200,1500,1600,1700,1700,1700,5041,1552,420,569.1241996728638,177.5023750087712,3316.476292005973,346.9182701844872
1777186180,200,,Aggregated,206.700000,95.200000,430,620,730,800,960,1200,1500,1600,1700,1700,1700,5041,1552,420,569.1241996728638,177.5023750087712,3316.476292005973,346.9182701844872
1777186181,200,GET,trips_per_route,206.400000,94.700000,420,600,720,800,960,1200,1500,1600,1700,1800,1800,5248,1647,420,567.3821722336472,177.5023750087712,3316.476292005973,346.4432164634146
1777186181,200,,Aggregated,206.400000,94.700000,420,600,720,800,960,1200,1500,1600,1700,1800,1800,5248,1647,420,567.3821722336472,177.5023750087712,3316.476292005973,346.4432164634146
1777186182,200,GET,trips_per_route,208.400000,94.600000,420,590,710,800,960,1200,1500,1600,1800,1800,1800,5471,1739,420,566.1472185686674,177.5023750087712,3316.476292005973,346.1456772070919
1777186182,200,,Aggregated,208.400000,94.600000,420,590,710,800,960,1200,1500,1600,1800,1800,1800,5471,1739,420,566.1472185686674,177.5023750087712,3316.476292005973,346.1456772070919
1777186183,200,GET,trips_per_route,208.600000,94.400000,420,560,670,750,950,1200,1500,1500,1800,1800,1800,5706,1827,420,563.2091841407373,177.5023750087712,3316.476292005973,345.9603925692254
1777186183,200,,Aggregated,208.600000,94.400000,420,560,670,750,950,1200,1500,1500,1800,1800,1800,5706,1827,420,563.2091841407373,177.5023750087712,3316.476292005973,345.9603925692254
1777186184,200,GET,trips_per_route,209.500000,93.400000,420,530,640,710,930,1200,1400,1500,1800,1800,1800,5931,1920,420,560.1396187329261,177.5023750087712,3316.476292005973,345.68993424380375
1777186184,200,,Aggregated,209.500000,93.400000,420,530,640,710,930,1200,1400,1500,1800,1800,1800,5931,1920,420,560.1396187329261,177.5023750087712,3316.476292005973,345.68993424380375
1777186185,200,GET,trips_per_route,212.900000,93.000000,420,520,640,700,930,1200,1400,1500,1800,1800,1800,6156,2013,420,558.0509705144541,177.5023750087712,3316.476292005973,345.3846653671215
1777186185,200,,Aggregated,212.900000,93.000000,420,520,640,700,930,1200,1400,1500,1800,1800,1800,6156,2013,420,558.0509705144541,177.5023750087712,3316.476292005973,345.3846653671215
1777186186,200,GET,trips_per_route,215.300000,93.000000,420,510,620,680,890,1100,1300,1500,1800,1800,1800,6371,2100,420,555.8247574865712,177.5023750087712,3316.476292005973,345.17265735363367
1777186186,200,,Aggregated,215.300000,93.000000,420,510,620,680,890,1100,1300,1500,1800,1800,1800,6371,2100,420,555.8247574865712,177.5023750087712,3316.476292005973,345.17265735363367
1777186187,200,GET,trips_per_route,215.700000,92.400000,410,510,610,670,870,1100,1300,1500,1800,1800,1800,6594,2189,420,554.4991891722824,177.5023750087712,3316.476292005973,344.96815286624206
1777186187,200,,Aggregated,215.700000,92.400000,410,510,610,670,870,1100,1300,1500,1800,1800,1800,6594,2189,420,554.4991891722824,177.5023750087712,3316.476292005973,344.96815286624206
1777186188,200,GET,trips_per_route,218.400000,91.100000,410,510,610,670,870,1100,1300,1500,1800,1800,1800,6811,2282,420,553.0474333975573,177.5023750087712,3316.476292005973,344.7251504918514
1777186188,200,,Aggregated,218.400000,91.100000,410,510,610,670,870,1100,1300,1500,1800,1800,1800,6811,2282,420,553.0474333975573,177.5023750087712,3316.476292005973,344.7251504918514
1777186189,200,GET,trips_per_route,218.600000,90.400000,410,510,620,670,850,1100,1300,1400,1800,1800,1800,7034,2377,420,551.66726645009,177.5023750087712,3316.476292005973,344.44995735001424
1777186189,200,,Aggregated,218.600000,90.400000,410,510,620,670,850,1100,1300,1400,1800,1800,1800,7034,2377,420,551.66726645009,177.5023750087712,3316.476292005973,344.44995735001424
1777186190,200,GET,trips_per_route,219.600000,91.000000,420,520,620,670,850,1100,1300,1400,1800,1800,1800,7244,2475,420,550.3531648313435,177.5023750087712,3316.476292005973,344.1301766979569
1777186190,200,,Aggregated,219.600000,91.000000,420,520,620,670,850,1100,1300,1400,1800,1800,1800,7244,2475,420,550.3531648313435,177.5023750087712,3316.476292005973,344.1301766979569
1777186191,200,GET,trips_per_route,220.700000,91.200000,410,510,610,670,850,1100,1200,1300,1500,1500,1500,7467,2565,420,549.241091836349,172.7218749874737,3316.476292005973,343.9595553769921
1777186191,200,,Aggregated,220.700000,91.200000,410,510,610,670,850,1100,1200,1300,1500,1500,1500,7467,2565,420,549.241091836349,172.7218749874737,3316.476292005973,343.9595553769921
1777186192,200,GET,trips_per_route,219.400000,91.900000,420,520,620,680,860,1100,1200,1300,1400,1400,1400,7694,2658,420,548.7695644819474,172.7218749874737,3316.476292005973,343.79308552118533
1777186192,200,,Aggregated,219.400000,91.900000,420,520,620,680,860,1100,1200,1300,1400,1400,1400,7694,2658,420,548.7695644819474,172.7218749874737,3316.476292005973,343.79308552118533
1777186193,200,GET,trips_per_route,221.000000,91.600000,420,520,630,700,860,1100,1200,1300,1400,1400,1400,7903,2758,420,547.5784695320964,172.7218749874737,3316.476292005973,343.4933569530558
1777186193,200,,Aggregated,221.000000,91.600000,420,520,630,700,860,1100,1200,1300,1400,1400,1400,7903,2758,420,547.5784695320964,172.7218749874737,3316.476292005973,343.4933569530558
1777186194,200,GET,trips_per_route,220.600000,92.200000,420,520,640,700,870,1100,1200,1300,1400,1400,1400,8107,2847,410,546.4294498845622,172.7218749874737,3316.476292005973,343.3257678549402
1777186194,200,,Aggregated,220.600000,92.200000,420,520,640,700,870,1100,1200,1300,1400,1400,1400,8107,2847,410,546.4294498845622,172.7218749874737,3316.476292005973,343.3257678549402
1777186195,200,GET,trips_per_route,217.100000,91.900000,410,520,640,710,900,1100,1300,1300,1500,1500,1500,8331,2936,410,546.7346696729238,172.7218749874737,3316.476292005973,343.241747689353
1777186195,200,,Aggregated,217.100000,91.900000,410,520,640,710,900,1100,1300,1300,1500,1500,1500,8331,2936,410,546.7346696729238,172.7218749874737,3316.476292005973,343.241747689353
1777186196,200,GET,trips_per_route,217.900000,91.700000,420,520,640,710,900,1200,1200,1300,1500,1500,1500,8553,3021,410,545.992856084036,172.7218749874737,3316.476292005973,343.1954869636385
1777186196,200,,Aggregated,217.900000,91.700000,420,520,640,710,900,1200,1200,1300,1500,1500,1500,8553,3021,410,545.992856084036,172.7218749874737,3316.476292005973,343.1954869636385
1777186197,200,GET,trips_per_route,218.000000,91.900000,410,510,630,710,930,1200,1200,1300,1500,1500,1500,8777,3112,410,545.0676577036359,172.7218749874737,3316.476292005973,343.08385553150276
1777186197,200,,Aggregated,218.000000,91.900000,410,510,630,710,930,1200,1200,1300,1500,1500,1500,8777,3112,410,545.0676577036359,172.7218749874737,3316.476292005973,343.08385553150276
1777186198,200,GET,trips_per_route,217.300000,92.000000,410,510,630,720,950,1200,1200,1300,1500,1500,1500,8982,3204,410,544.9798757704294,172.7218749874737,3316.476292005973,342.92017368069475
1777186198,200,,Aggregated,217.300000,92.000000,410,510,630,720,950,1200,1200,1300,1500,1500,1500,8982,3204,410,544.9798757704294,172.7218749874737,3316.476292005973,342.92017368069475
1777186199,200,GET,trips_per_route,217.500000,92.200000,410,510,630,720,950,1200,1200,1300,1500,1500,1500,9195,3299,410,544.0129119267075,172.7218749874737,3316.476292005973,342.7551930396955
1777186199,200,,Aggregated,217.500000,92.200000,410,510,630,720,950,1200,1200,1300,1500,1500,1500,9195,3299,410,544.0129119267075,172.7218749874737,3316.476292005973,342.7551930396955
1777186200,200,GET,trips_per_route,215.800000,91.500000,410,520,640,740,980,1100,1200,1300,1500,1500,1500,9413,3396,410,544.2814490685288,172.7218749874737,3316.476292005973,342.5884415170509
1777186200,200,,Aggregated,215.800000,91.500000,410,520,640,740,980,1100,1200,1300,1500,1500,1500,9413,3396,410,544.2814490685288,172.7218749874737,3316.476292005973,342.5884415170509
1777186201,200,GET,trips_per_route,216.400000,91.800000,410,520,640,740,980,1100,1200,1300,1500,1500,1500,9631,3496,410,543.2939330760098,172.7218749874737,3316.476292005973,342.40629218149724
1777186201,200,,Aggregated,216.400000,91.800000,410,520,640,740,980,1100,1200,1300,1500,1500,1500,9631,3496,410,543.2939330760098,172.7218749874737,3316.476292005973,342.40629218149724
1777186202,200,GET,trips_per_route,217.000000,92.300000,410,530,650,750,980,1100,1200,1300,1500,1500,1500,9845,3593,410,543.1659908832952,172.7218749874737,3316.476292005973,342.25210766886744
1777186202,200,,Aggregated,217.000000,92.300000,410,530,650,750,980,1100,1200,1300,1500,1500,1500,9845,3593,410,543.1659908832952,172.7218749874737,3316.476292005973,342.25210766886744
1777186203,200,GET,trips_per_route,216.200000,92.500000,420,540,650,740,960,1100,1300,1300,1500,1500,1500,10064,3676,420,543.1690765388536,172.7218749874737,3316.476292005973,342.23787758346583
1777186203,200,,Aggregated,216.200000,92.500000,420,540,650,740,960,1100,1300,1300,1500,1500,1500,10064,3676,420,543.1690765388536,172.7218749874737,3316.476292005973,342.23787758346583
1777186204,200,GET,trips_per_route,215.600000,92.300000,420,550,660,750,940,1100,1300,1300,1500,1500,1500,10283,3762,420,542.8251465685171,172.7218749874737,3316.476292005973,342.2047067976271
1777186204,200,,Aggregated,215.600000,92.300000,420,550,660,750,940,1100,1300,1300,1500,1500,1500,10283,3762,420,542.8251465685171,172.7218749874737,3316.476292005973,342.2047067976271
1777186205,200,GET,trips_per_route,216.700000,92.000000,420,550,660,740,920,1100,1200,1300,1300,1400,1400,10496,3859,420,542.0664554278777,168.41187499812804,3316.476292005973,342.0477324695122
1777186205,200,,Aggregated,216.700000,92.000000,420,550,660,740,920,1100,1200,1300,1300,1400,1400,10496,3859,420,542.0664554278777,168.41187499812804,3316.476292005973,342.0477324695122
1777186206,200,GET,trips_per_route,217.700000,92.500000,420,570,670,750,910,1000,1200,1300,1300,1400,1400,10720,3958,420,541.5168448431665,168.41187499812804,3316.476292005973,341.9107276119403
1777186206,200,,Aggregated,217.700000,92.500000,420,570,670,750,910,1000,1200,1300,1300,1400,1400,10720,3958,420,541.5168448431665,168.41187499812804,3316.476292005973,341.9107276119403
1777186207,200,GET,trips_per_route,216.200000,91.900000,420,570,680,750,910,1000,1200,1300,1300,1400,1400,10926,4051,420,541.1306307892631,168.41187499812804,3316.476292005973,341.7849167124291
1777186207,200,,Aggregated,216.200000,91.900000,420,570,680,750,910,1000,1200,1300,1300,1400,1400,10926,4051,420,541.1306307892631,168.41187499812804,3316.476292005973,341.7849167124291
1777186208,200,GET,trips_per_route,215.400000,92.300000,430,580,680,750,890,1000,1200,1200,1300,1400,1400,11150,4143,420,540.6744927437041,168.41187499812804,3316.476292005973,341.72816143497755
1777186208,200,,Aggregated,215.400000,92.300000,430,580,680,750,890,1000,1200,1200,1300,1400,1400,11150,4143,420,540.6744927437041,168.41187499812804,3316.476292005973,341.72816143497755
1777186209,200,GET,trips_per_route,216.600000,94.200000,440,580,680,740,890,1000,1200,1200,1300,1400,1400,11354,4235,420,540.5225329844242,168.41187499812804,3316.476292005973,341.6092126122952
1777186209,200,,Aggregated,216.600000,94.200000,440,580,680,740,890,1000,1200,1200,1300,1400,1400,11354,4235,420,540.5225329844242,168.41187499812804,3316.476292005973,341.6092126122952
1777186210,200,GET,trips_per_route,217.600000,94.000000,450,590,680,730,890,990,1100,1200,1300,1400,1400,11579,4334,420,540.3147060634152,168.41187499812804,3316.476292005973,341.49848864323343
1777186210,200,,Aggregated,217.600000,94.000000,450,590,680,730,890,990,1100,1200,1300,1400,1400,11579,4334,420,540.3147060634152,168.41187499812804,3316.476292005973,341.49848864323343
1777186211,200,GET,trips_per_route,217.000000,94.200000,440,600,680,730,880,990,1100,1200,1300,1400,1400,11785,4431,420,540.1414127705717,168.41187499812804,3316.476292005973,341.365379719983
1777186211,200,,Aggregated,217.000000,94.200000,440,600,680,730,880,990,1100,1200,1300,1400,1400,11785,4431,420,540.1414127705717,168.41187499812804,3316.476292005973,341.365379719983
1777186212,200,GET,trips_per_route,215.900000,93.300000,440,590,680,730,880,990,1100,1200,1300,1300,1300,12009,4538,420,539.7127266358123,168.41187499812804,3316.476292005973,341.2091764509951
1777186212,200,,Aggregated,215.900000,93.300000,440,590,680,730,880,990,1100,1200,1300,1300,1300,12009,4538,420,539.7127266358123,168.41187499812804,3316.476292005973,341.2091764509951
1777186213,200,GET,trips_per_route,215.200000,93.800000,440,600,680,730,880,990,1100,1100,1200,1300,1300,12221,4629,420,539.5264867684059,168.41187499812804,3316.476292005973,341.1278946076426
1777186213,200,,Aggregated,215.200000,93.800000,440,600,680,730,880,990,1100,1100,1200,1300,1300,12221,4629,420,539.5264867684059,168.41187499812804,3316.476292005973,341.1278946076426
1777186214,200,GET,trips_per_route,216.200000,94.700000,450,600,690,740,890,990,1100,1100,1200,1200,1200,12441,4725,420,539.2744037245898,168.41187499812804,3316.476292005973,341.04131500683224
1777186214,200,,Aggregated,216.200000,94.700000,450,600,690,740,890,990,1100,1100,1200,1200,1200,12441,4725,420,539.2744037245898,168.41187499812804,3316.476292005973,341.04131500683224
1777186215,200,GET,trips_per_route,216.100000,95.100000,460,610,690,740,880,970,1100,1100,1200,1200,1200,12647,4822,420,539.0124901246559,168.41187499812804,3316.476292005973,340.9210880050605
1777186215,200,,Aggregated,216.100000,95.100000,460,610,690,740,880,970,1100,1100,1200,1200,1200,12647,4822,420,539.0124901246559,168.41187499812804,3316.476292005973,340.9210880050605
1777186216,200,GET,trips_per_route,214.900000,95.400000,460,610,700,740,890,990,1100,1100,1300,1300,1300,12869,4914,420,539.4929726159244,168.41187499812804,3316.476292005973,340.87971093325046
1777186216,200,,Aggregated,214.900000,95.400000,460,610,700,740,890,990,1100,1100,1300,1300,1300,12869,4914,420,539.4929726159244,168.41187499812804,3316.476292005973,340.87971093325046
1777186217,200,GET,trips_per_route,215.200000,95.500000,460,610,700,750,890,990,1100,1100,1300,1400,1400,13107,5009,420,539.1890637102528,168.41187499812804,3316.476292005973,340.84740978103304
1777186217,200,,Aggregated,215.200000,95.500000,460,610,700,750,890,990,1100,1100,1300,1400,1400,13107,5009,420,539.1890637102528,168.41187499812804,3316.476292005973,340.84740978103304
1777186218,200,GET,trips_per_route,217.500000,96.500000,440,590,690,740,890,1000,1100,1100,1500,1600,1600,13318,5100,420,538.3399596980857,168.41187499812804,3316.476292005973,340.7781198378135
1777186218,200,,Aggregated,217.500000,96.500000,440,590,690,740,890,1000,1100,1100,1500,1600,1600,13318,5100,420,538.3399596980857,168.41187499812804,3316.476292005973,340.7781198378135
1777186219,200,GET,trips_per_route,215.200000,95.200000,430,580,680,740,890,1000,1100,1200,1500,1600,1600,13530,5190,420,537.1909153918264,168.41187499812804,3316.476292005973,340.7379157427938
1777186219,200,,Aggregated,215.200000,95.200000,430,580,680,740,890,1000,1100,1200,1500,1600,1600,13530,5190,420,537.1909153918264,168.41187499812804,3316.476292005973,340.7379157427938
1777186220,200,GET,trips_per_route,214.400000,95.300000,430,580,690,750,890,1000,1100,1200,1500,1600,1600,13754,5281,420,537.4070181489827,168.41187499812804,3316.476292005973,340.6986331249091
1777186220,200,,Aggregated,214.400000,95.300000,430,580,690,750,890,1000,1100,1200,1500,1600,1600,13754,5281,420,537.4070181489827,168.41187499812804,3316.476292005973,340.6986331249091
1777186221,200,GET,trips_per_route,216.700000,95.000000,430,570,680,740,890,1000,1100,1200,1500,1600,1600,13971,5380,420,537.0819413995627,168.41187499812804,3316.476292005973,340.61713549495386
1777186221,200,,Aggregated,216.700000,95.000000,430,570,680,740,890,1000,1100,1200,1500,1600,1600,13971,5380,420,537.0819413995627,168.41187499812804,3316.476292005973,340.61713549495386
1777186222,200,GET,trips_per_route,217.600000,95.100000,430,560,680,740,890,1000,1200,1300,1500,1600,1600,14183,5479,420,536.9252062513074,168.41187499812804,3316.476292005973,340.50525276739756
1777186222,200,,Aggregated,217.600000,95.100000,430,560,680,740,890,1000,1200,1300,1500,1600,1600,14183,5479,420,536.9252062513074,168.41187499812804,3316.476292005973,340.50525276739756
1777186223,200,GET,trips_per_route,217.700000,94.300000,430,570,680,750,910,1100,1200,1300,1500,1600,1600,14398,5578,420,537.4170204951645,168.41187499812804,3316.476292005973,340.41332129462427
1777186223,200,,Aggregated,217.700000,94.300000,430,570,680,750,910,1100,1200,1300,1500,1600,1600,14398,5578,420,537.4170204951645,168.41187499812804,3316.476292005973,340.41332129462427
1777186224,200,GET,trips_per_route,217.400000,94.200000,430,570,680,750,920,1100,1200,1300,1500,1600,1600,14602,5676,420,537.3974286401907,168.41187499812804,3316.476292005973,340.2922887275716
1777186224,200,,Aggregated,217.400000,94.200000,430,570,680,750,920,1100,1200,1300,1500,1600,1600,14602,5676,420,537.3974286401907,168.41187499812804,3316.476292005973,340.2922887275716
1777186225,200,GET,trips_per_route,217.100000,94.800000,420,550,670,740,920,1100,1200,1300,1600,1600,1600,14812,5777,420,537.4146512680776,168.41187499812804,3316.476292005973,340.1947069943289
1777186225,200,,Aggregated,217.100000,94.800000,420,550,670,740,920,1100,1200,1300,1600,1600,1600,14812,5777,420,537.4146512680776,168.41187499812804,3316.476292005973,340.1947069943289
1777186226,200,GET,trips_per_route,216.000000,95.100000,420,570,700,760,940,1100,1200,1300,1600,1600,1600,15012,5873,420,538.1488187643744,168.41187499812804,3316.476292005973,340.0880628830269
1777186226,200,,Aggregated,216.000000,95.100000,420,570,700,760,940,1100,1200,1300,1600,1600,1600,15012,5873,420,538.1488187643744,168.41187499812804,3316.476292005973,340.0880628830269
1777186227,200,GET,trips_per_route,216.400000,95.200000,420,600,720,780,980,1100,1300,1400,1600,1600,1600,15231,5982,420,538.740291742772,168.41187499812804,3316.476292005973,339.9592935460574
1777186227,200,,Aggregated,216.400000,95.200000,420,600,720,780,980,1100,1300,1400,1600,1600,1600,15231,5982,420,538.740291742772,168.41187499812804,3316.476292005973,339.9592935460574
1777186228,200,GET,trips_per_route,213.900000,95.500000,430,600,710,780,970,1100,1200,1300,1500,1500,1500,15445,6085,420,538.2025259573497,168.41187499812804,3316.476292005973,339.8556167044351
1777186228,200,,Aggregated,213.900000,95.500000,430,600,710,780,970,1100,1200,1300,1500,1500,1500,15445,6085,420,538.2025259573497,168.41187499812804,3316.476292005973,339.8556167044351
1777186229,200,GET,trips_per_route,212.900000,96.600000,430,610,730,790,970,1100,1200,1300,1500,1500,1500,15645,6176,420,538.2961315273584,168.41187499812804,3316.476292005973,339.7896452540748
1777186229,200,,Aggregated,212.900000,96.600000,430,610,730,790,970,1100,1200,1300,1500,1500,1500,15645,6176,420,538.2961315273584,168.41187499812804,3316.476292005973,339.7896452540748
1777186230,200,GET,trips_per_route,214.000000,97.700000,420,620,740,800,980,1100,1200,1300,1500,1500,1500,15862,6278,420,538.4031894249613,168.41187499812804,3316.476292005973,339.69593998234774
1777186230,200,,Aggregated,214.000000,97.700000,420,620,740,800,980,1100,1200,1300,1500,1500,1500,15862,6278,420,538.4031894249613,168.41187499812804,3316.476292005973,339.69593998234774
1777186231,200,GET,trips_per_route,212.100000,98.500000,420,640,750,820,980,1100,1200,1400,1500,1500,1500,16080,6379,420,539.0702015719999,168.41187499812804,3316.476292005973,339.6171019900498
1777186231,200,,Aggregated,212.100000,98.500000,420,640,750,820,980,1100,1200,1400,1500,1500,1500,16080,6379,420,539.0702015719999,168.41187499812804,3316.476292005973,339.6171019900498
1777186232,200,GET,trips_per_route,211.600000,99.100000,420,630,740,810,980,1100,1200,1400,1500,1500,1500,16278,6477,420,538.9544299375048,168.41187499812804,3316.476292005973,339.51369947167956
1777186232,200,,Aggregated,211.600000,99.100000,420,630,740,810,980,1100,1200,1400,1500,1500,1500,16278,6477,420,538.9544299375048,168.41187499812804,3316.476292005973,339.51369947167956
1777186233,200,GET,trips_per_route,210.800000,100.300000,420,640,750,810,980,1100,1200,1400,1500,1500,1500,16491,6582,420,539.2907857274772,168.41187499812804,3316.476292005973,339.3905766781881
1777186233,200,,Aggregated,210.800000,100.300000,420,640,750,810,980,1100,1200,1400,1500,1500,1500,16491,6582,420,539.2907857274772,168.41187499812804,3316.476292005973,339.3905766781881
1777186234,200,GET,trips_per_route,209.600000,99.700000,410,640,750,810,970,1100,1200,1400,1500,1500,1500,16690,6682,420,539.3936783819148,168.41187499812804,3316.476292005973,339.282804074296
1777186234,200,,Aggregated,209.600000,99.700000,410,640,750,810,970,1100,1200,1400,1500,1500,1500,16690,6682,420,539.3936783819148,168.41187499812804,3316.476292005973,339.282804074296
1777186235,200,GET,trips_per_route,209.000000,99.800000,420,650,770,840,990,1100,1200,1400,1500,1500,1500,16889,6774,420,540.3766822499738,168.41187499812804,3316.476292005973,339.22043933921486
1777186235,200,,Aggregated,209.000000,99.800000,420,650,770,840,990,1100,1200,1400,1500,1500,1500,16889,6774,420,540.3766822499738,168.41187499812804,3316.476292005973,339.22043933921486
1777186236,200,GET,trips_per_route,208.500000,99.500000,430,650,780,850,990,1100,1200,1400,1500,1500,1500,17106,6875,420,541.0533177064111,168.41187499812804,3316.476292005973,339.13609259908804
1777186236,200,,Aggregated,208.500000,99.500000,430,650,780,850,990,1100,1200,1400,1500,1500,1500,17106,6875,420,541.0533177064111,168.41187499812804,3316.476292005973,339.13609259908804
1777186237,200,GET,trips_per_route,208.600000,101.000000,430,650,770,840,980,1100,1200,1300,1500,1500,1500,17327,6973,420,540.7458358789186,168.41187499812804,3316.476292005973,339.09401512090955
1777186237,200,,Aggregated,208.600000,101.000000,430,650,770,840,980,1100,1200,1300,1500,1500,1500,17327,6973,420,540.7458358789186,168.41187499812804,3316.476292005973,339.09401512090955
1777186238,200,GET,trips_per_route,207.500000,100.100000,430,650,770,840,990,1100,1200,1300,1500,1500,1500,17530,7071,420,540.5600532619453,168.41187499812804,3316.476292005973,339.00433542498575
1777186238,200,,Aggregated,207.500000,100.100000,430,650,770,840,990,1100,1200,1300,1500,1500,1500,17530,7071,420,540.5600532619453,168.41187499812804,3316.476292005973,339.00433542498575
1777186239,200,GET,trips_per_route,210.000000,99.800000,440,650,770,830,970,1100,1200,1300,1500,1500,1500,17733,7160,420,540.4011312812842,168.41187499812804,3316.476292005973,338.97783792928436
1777186239,200,,Aggregated,210.000000,99.800000,440,650,770,830,970,1100,1200,1300,1500,1500,1500,17733,7160,420,540.4011312812842,168.41187499812804,3316.476292005973,338.97783792928436
1777186240,200,GET,trips_per_route,208.300000,99.100000,450,660,780,840,970,1100,1200,1200,1500,1500,1500,17944,7247,420,540.9600761266053,168.41187499812804,3316.476292005973,338.97252563530986
1777186240,200,,Aggregated,208.300000,99.100000,450,660,780,840,970,1100,1200,1200,1500,1500,1500,17944,7247,420,540.9600761266053,168.41187499812804,3316.476292005973,338.97252563530986
1777186241,200,GET,trips_per_route,207.600000,97.900000,450,670,780,840,960,1100,1200,1200,1900,1900,1900,18162,7342,420,541.2385828523584,168.41187499812804,3316.476292005973,338.94108578350404
1777186241,200,,Aggregated,207.600000,97.900000,450,670,780,840,960,1100,1200,1200,1900,1900,1900,18162,7342,420,541.2385828523584,168.41187499812804,3316.476292005973,338.94108578350404
1777186242,200,GET,trips_per_route,207.700000,97.500000,470,690,780,840,950,1000,1100,1200,1900,1900,1900,18376,7434,420,541.6299940169555,168.41187499812804,3316.476292005973,338.9178820200261
1777186242,200,,Aggregated,207.700000,97.500000,470,690,780,840,950,1000,1100,1200,1900,1900,1900,18376,7434,420,541.6299940169555,168.41187499812804,3316.476292005973,338.9178820200261
1777186243,200,GET,trips_per_route,208.300000,96.100000,470,680,760,820,940,1000,1100,1200,1900,1900,1900,18570,7521,420,541.3502817001155,168.41187499812804,3316.476292005973,338.8809369951535
1777186243,200,,Aggregated,208.300000,96.100000,470,680,760,820,940,1000,1100,1200,1900,1900,1900,18570,7521,420,541.3502817001155,168.41187499812804,3316.476292005973,338.8809369951535
1777186244,200,GET,trips_per_route,208.500000,95.900000,480,680,760,810,930,1000,1100,1200,1900,1900,1900,18793,7611,420,541.7200770830765,168.41187499812804,3316.476292005973,338.8738892140691
1777186244,200,,Aggregated,208.500000,95.900000,480,680,760,810,930,1000,1100,1200,1900,1900,1900,18793,7611,420,541.7200770830765,168.41187499812804,3316.476292005973,338.8738892140691
1777186245,200,GET,trips_per_route,209.600000,94.700000,480,670,740,800,910,1000,1100,1200,1900,1900,1900,19011,7701,420,541.8302540196411,168.41187499812804,3316.476292005973,338.86018620798484
1777186245,200,,Aggregated,209.600000,94.700000,480,670,740,800,910,1000,1100,1200,1900,1900,1900,19011,7701,420,541.8302540196411,168.41187499812804,3316.476292005973,338.86018620798484
1777186246,200,GET,trips_per_route,209.700000,93.900000,490,680,740,800,920,980,1100,1200,1900,1900,1900,19217,7787,420,541.8987030513322,168.41187499812804,3316.476292005973,338.8576260602591
1777186246,200,,Aggregated,209.700000,93.900000,490,680,740,800,920,980,1100,1200,1900,1900,1900,19217,7787,420,541.8987030513322,168.41187499812804,3316.476292005973,338.8576260602591
1777186247,200,GET,trips_per_route,209.700000,92.400000,490,680,740,790,910,970,1100,1200,1900,1900,1900,19422,7872,420,541.5851430308605,168.41187499812804,3316.476292005973,338.8523324065493
1777186247,200,,Aggregated,209.700000,92.400000,490,680,740,790,910,970,1100,1200,1900,1900,1900,19422,7872,420,541.5851430308605,168.41187499812804,3316.476292005973,338.8523324065493
1777186248,200,GET,trips_per_route,211.000000,91.500000,490,680,750,800,910,970,1100,1200,1900,1900,1900,19632,7964,420,541.8723098489832,168.41187499812804,3316.476292005973,338.81519967400163
1777186248,200,,Aggregated,211.000000,91.500000,490,680,750,800,910,970,1100,1200,1900,1900,1900,19632,7964,420,541.8723098489832,168.41187499812804,3316.476292005973,338.81519967400163
1777186249,200,GET,trips_per_route,210.600000,89.800000,500,680,740,780,900,960,1100,1200,1900,1900,1900,19844,8058,420,542.0068958624364,168.41187499812804,3316.476292005973,338.7806893771417
1777186249,200,,Aggregated,210.600000,89.800000,500,680,740,780,900,960,1100,1200,1900,1900,1900,19844,8058,420,542.0068958624364,168.41187499812804,3316.476292005973,338.7806893771417
1777186250,200,GET,trips_per_route,210.100000,89.600000,500,690,740,790,910,970,1100,1200,1400,1400,1400,20056,8152,430,542.2987062945668,168.41187499812804,3316.476292005973,338.74496410051853
1777186250,200,,Aggregated,210.100000,89.600000,500,690,740,790,910,970,1100,1200,1400,1400,1400,20056,8152,430,542.2987062945668,168.41187499812804,3316.476292005973,338.74496410051853
1777186251,200,GET,trips_per_route,210.700000,89.900000,500,680,740,790,920,970,1100,1200,1400,1400,1400,20261,8246,430,542.4185766305233,168.41187499812804,3316.476292005973,338.6995212477173
1777186251,200,,Aggregated,210.700000,89.900000,500,680,740,790,920,970,1100,1200,1400,1400,1400,20261,8246,430,542.4185766305233,168.41187499812804,3316.476292005973,338.6995212477173
1777186252,200,GET,trips_per_route,209.600000,89.600000,500,690,750,790,920,970,1100,1200,1400,1400,1400,20460,8336,430,542.4742611653354,168.41187499812804,3316.476292005973,338.67140762463345
1777186252,200,,Aggregated,209.600000,89.600000,500,690,750,790,920,970,1100,1200,1400,1400,1400,20460,8336,430,542.4742611653354,168.41187499812804,3316.476292005973,338.67140762463345
1777186253,200,GET,trips_per_route,209.400000,90.300000,500,690,760,800,930,980,1100,1200,1700,1800,1800,20664,8424,430,542.9949076084697,168.41187499812804,3316.476292005973,338.6500677506775
1777186253,200,,Aggregated,209.400000,90.300000,500,690,760,800,930,980,1100,1200,1700,1800,1800,20664,8424,430,542.9949076084697,168.41187499812804,3316.476292005973,338.6500677506775
1777186254,200,GET,trips_per_route,210.400000,90.400000,500,690,760,800,930,980,1100,1200,1700,1800,1800,20896,8523,430,543.0521526722991,168.41187499812804,3316.476292005973,338.63184341500767
1777186254,200,,Aggregated,210.400000,90.400000,500,690,760,800,930,980,1100,1200,1700,1800,1800,20896,8523,430,543.0521526722991,168.41187499812804,3316.476292005973,338.63184341500767
1777186255,200,GET,trips_per_route,208.600000,90.400000,490,690,750,790,930,990,1100,1200,1700,1800,1800,21110,8617,430,542.8284367772296,168.41187499812804,3316.476292005973,338.6102794883941
1777186255,200,,Aggregated,208.600000,90.400000,490,690,750,790,930,990,1100,1200,1700,1800,1800,21110,8617,430,542.8284367772296,168.41187499812804,3316.476292005973,338.6102794883941
1777186256,200,GET,trips_per_route,210.500000,91.300000,470,680,750,790,940,1000,1100,1200,1700,1800,1800,21312,8703,430,542.4705929771782,168.41187499812804,3316.476292005973,338.605762012012
1777186256,200,,Aggregated,210.500000,91.300000,470,680,750,790,940,1000,1100,1200,1700,1800,1800,21312,8703,430,542.4705929771782,168.41187499812804,3316.476292005973,338.605762012012
1777186257,200,GET,trips_per_route,209.700000,91.700000,460,680,740,790,940,1000,1100,1200,1700,1800,1800,21531,8793,430,542.5068260510789,168.41187499812804,3316.476292005973,338.60568482652917
1777186257,200,,Aggregated,209.700000,91.700000,460,680,740,790,940,1000,1100,1200,1700,1800,1800,21531,8793,430,542.5068260510789,168.41187499812804,3316.476292005973,338.60568482652917
1777186258,200,GET,trips_per_route,210.600000,91.300000,460,660,740,790,940,1000,1100,1200,1700,1800,1800,21744,8884,430,542.518666312215,168.41187499812804,3316.476292005973,338.5848969830758
1777186258,200,,Aggregated,210.600000,91.300000,460,660,740,790,940,1000,1100,1200,1700,1800,1800,21744,8884,430,542.518666312215,168.41187499812804,3316.476292005973,338.5848969830758
1777186259,200,GET,trips_per_route,210.300000,91.900000,460,650,730,780,940,1000,1100,1200,1700,1800,1800,21950,8973,430,542.4841118019405,168.41187499812804,3316.476292005973,338.5742141230068
1777186259,200,,Aggregated,210.300000,91.900000,460,650,730,780,940,1000,1100,1200,1700,1800,1800,21950,8973,430,542.4841118019405,168.41187499812804,3316.476292005973,338.5742141230068
1777186260,200,GET,trips_per_route,211.100000,91.500000,470,660,730,790,950,1100,1100,1200,1700,1800,1800,22166,9069,430,542.7811513827321,168.41187499812804,3316.476292005973,338.54520436704865
1777186260,200,,Aggregated,211.100000,91.500000,470,660,730,790,950,1100,1100,1200,1700,1800,1800,22166,9069,430,542.7811513827321,168.41187499812804,3316.476292005973,338.54520436704865
1777186261,200,GET,trips_per_route,210.100000,91.300000,470,650,730,790,950,1100,1100,1200,1700,1800,1800,22354,9149,430,542.9555816450169,168.41187499812804,3316.476292005973,338.5399928424443
1777186261,200,,Aggregated,210.100000,91.300000,470,650,730,790,950,1100,1100,1200,1700,1800,1800,22354,9149,430,542.9555816450169,168.41187499812804,3316.476292005973,338.5399928424443
1777186262,200,GET,trips_per_route,210.100000,91.300000,460,640,720,790,960,1100,1200,1200,1700,1800,1800,22588,9247,430,543.1221806125235,168.41187499812804,3316.476292005973,338.518151230742
1777186262,200,,Aggregated,210.100000,91.300000,460,640,720,790,960,1100,1200,1200,1700,1800,1800,22588,9247,430,543.1221806125235,168.41187499812804,3316.476292005973,338.518151230742
1777186263,200,GET,trips_per_route,211.400000,90.700000,450,610,710,770,950,1100,1100,1200,1200,1200,1200,22814,9336,430,542.7512292894879,168.41187499812804,3316.476292005973,338.5325677215745
1777186263,200,,Aggregated,211.400000,90.700000,450,610,710,770,950,1100,1100,1200,1200,1200,1200,22814,9336,430,542.7512292894879,168.41187499812804,3316.476292005973,338.5325677215745
1777186264,200,GET,trips_per_route,211.100000,90.700000,460,620,710,780,950,1100,1100,1200,1200,1200,1200,23031,9428,430,542.4765510437534,168.41187499812804,3316.476292005973,338.518127740871
1777186264,200,,Aggregated,211.100000,90.700000,460,620,710,780,950,1100,1100,1200,1200,1200,1200,23031,9428,430,542.4765510437534,168.41187499812804,3316.476292005973,338.518127740871
1777186265,200,GET,trips_per_route,212.900000,90.700000,460,630,710,760,930,1000,1100,1200,1200,1200,1200,23224,9519,430,542.1643217633717,168.41187499812804,3316.476292005973,338.4810971408887
1777186265,200,,Aggregated,212.900000,90.700000,460,630,710,760,930,1000,1100,1200,1200,1200,1200,23224,9519,430,542.1643217633717,168.41187499812804,3316.476292005973,338.4810971408887
1777186266,200,GET,trips_per_route,211.600000,89.800000,470,640,710,770,940,1000,1100,1200,1200,1300,1300,23428,9606,430,542.5512243150727,168.41187499812804,3316.476292005973,338.47584087416766
1777186266,200,,Aggregated,211.600000,89.800000,470,640,710,770,940,1000,1100,1200,1200,1300,1300,23428,9606,430,542.5512243150727,168.41187499812804,3316.476292005973,338.47584087416766
1777186267,200,GET,trips_per_route,212.700000,89.200000,470,650,720,790,940,1000,1200,1200,1400,1500,1500,23654,9702,430,543.0360714207559,168.41187499812804,3316.476292005973,338.45172063921535
1777186267,200,,Aggregated,212.700000,89.200000,470,650,720,790,940,1000,1200,1200,1400,1500,1500,23654,9702,430,543.0360714207559,168.41187499812804,3316.476292005973,338.45172063921535
1777186268,200,GET,trips_per_route,212.000000,90.700000,460,640,720,790,940,1000,1100,1200,1400,1500,1500,23863,9800,430,542.703030766181,168.41187499812804,3316.476292005973,338.40380505384906
1777186268,200,,Aggregated,212.000000,90.700000,460,640,720,790,940,1000,1100,1200,1400,1500,1500,23863,9800,430,542.703030766181,168.41187499812804,3316.476292005973,338.40380505384906
1777186269,200,GET,trips_per_route,212.100000,91.700000,450,640,720,780,940,1000,1200,1200,1400,1500,1500,24075,9898,430,542.6379979303266,168.41187499812804,3316.476292005973,338.37266874350985
1777186269,200,,Aggregated,212.100000,91.700000,450,640,720,780,940,1000,1200,1200,1400,1500,1500,24075,9898,430,542.6379979303266,168.41187499812804,3316.476292005973,338.37266874350985
1777186270,200,GET,trips_per_route,211.900000,92.200000,450,630,720,780,940,1100,1100,1200,1400,1500,1500,24281,9988,430,542.6026932701961,168.41187499812804,3316.476292005973,338.3460730612413
1777186270,200,,Aggregated,211.900000,92.200000,450,630,720,780,940,1100,1100,1200,1400,1500,1500,24281,9988,430,542.6026932701961,168.41187499812804,3316.476292005973,338.3460730612413
1777186271,200,GET,trips_per_route,211.700000,91.900000,450,640,720,780,940,1000,1200,1200,1400,1500,1500,24477,10076,430,543.212534746758,168.41187499812804,3316.476292005973,338.32749111410715
1777186271,200,,Aggregated,211.700000,91.900000,450,640,720,780,940,1000,1200,1200,1400,1500,1500,24477,10076,430,543.212534746758,168.41187499812804,3316.476292005973,338.32749111410715
1777186272,200,GET,trips_per_route,213.800000,92.200000,460,660,740,810,960,1100,1200,1200,1500,1500,1500,24688,10166,430,543.7071843492988,168.41187499812804,3316.476292005973,338.3193454309786
1777186272,200,,Aggregated,213.800000,92.200000,460,660,740,810,960,1100,1200,1200,1500,1500,1500,24688,10166,430,543.7071843492988,168.41187499812804,3316.476292005973,338.3193454309786
1777186273,200,GET,trips_per_route,211.700000,92.700000,460,670,760,820,970,1100,1200,1200,1500,1500,1500,24902,10257,430,543.9362302363032,168.41187499812804,3316.476292005973,338.30640109228176
1777186273,200,,Aggregated,211.700000,92.700000,460,670,760,820,970,1100,1200,1200,1500,1500,1500,24902,10257,430,543.9362302363032,168.41187499812804,3316.476292005973,338.30640109228176
1777186274,200,GET,trips_per_route,210.800000,92.800000,470,670,770,840,970,1100,1200,1200,1500,1500,1500,25108,10343,430,543.9034269821315,168.41187499812804,3316.476292005973,338.3090648398917
1777186274,200,,Aggregated,210.800000,92.800000,470,670,770,840,970,1100,1200,1200,1500,1500,1500,25108,10343,430,543.9034269821315,168.41187499812804,3316.476292005973,338.3090648398917
1777186275,200,GET,trips_per_route,208.900000,92.200000,470,670,770,830,980,1100,1200,1200,1500,1500,1500,25317,10429,430,544.1708196666791,168.41187499812804,3316.476292005973,338.3142157443615
1777186275,200,,Aggregated,208.900000,92.200000,470,670,770,830,980,1100,1200,1200,1500,1500,1500,25317,10429,430,544.1708196666791,168.41187499812804,3316.476292005973,338.3142157443615
1777186276,200,GET,trips_per_route,208.600000,91.700000,470,660,760,830,980,1100,1200,1200,1400,1500,1500,25535,10519,430,544.2276155130332,168.41187499812804,3316.476292005973,338.3188564715097
1777186276,200,,Aggregated,208.600000,91.700000,470,660,760,830,980,1100,1200,1200,1400,1500,1500,25535,10519,430,544.2276155130332,168.41187499812804,3316.476292005973,338.3188564715097
1777186277,200,GET,trips_per_route,208.200000,91.700000,470,660,770,830,980,1100,1200,1200,1400,1500,1500,25736,10608,430,544.1433616058496,168.41187499812804,3316.476292005973,338.30191171899287
1777186277,200,,Aggregated,208.200000,91.700000,470,660,770,830,980,1100,1200,1200,1400,1500,1500,25736,10608,430,544.1433616058496,168.41187499812804,3316.476292005973,338.30191171899287
1777186278,200,GET,trips_per_route,207.700000,90.800000,470,660,760,830,970,1100,1200,1200,1400,1500,1500,25963,10697,430,543.9539466048972,168.41187499812804,3316.476292005973,338.32353734160154
1777186278,200,,Aggregated,207.700000,90.800000,470,660,760,830,970,1100,1200,1200,1400,1500,1500,25963,10697,430,543.9539466048972,168.41187499812804,3316.476292005973,338.32353734160154
1777186279,200,GET,trips_per_route,206.700000,89.200000,470,650,750,820,960,1100,1200,1300,1400,1500,1500,26169,10782,430,543.8584661175364,168.41187499812804,3316.476292005973,338.32733386831745
1777186279,200,,Aggregated,206.700000,89.200000,470,650,750,820,960,1100,1200,1300,1400,1500,1500,26169,10782,430,543.8584661175364,168.41187499812804,3316.476292005973,338.32733386831745
1777186280,200,GET,trips_per_route,208.800000,89.200000,470,640,740,810,950,1100,1200,1300,1400,1500,1500,26376,10865,430,543.9171613020172,168.41187499812804,3316.476292005973,338.3350394297847
1777186280,200,,Aggregated,208.800000,89.200000,470,640,740,810,950,1100,1200,1300,1400,1500,1500,26376,10865,430,543.9171613020172,168.41187499812804,3316.476292005973,338.3350394297847
1777186281,200,GET,trips_per_route,208.500000,89.000000,460,630,730,800,940,1100,1200,1200,1400,1400,1400,26591,10950,430,543.7973622093922,168.41187499812804,3316.476292005973,338.3527885374751
1777186281,200,,Aggregated,208.500000,89.000000,460,630,730,800,940,1100,1200,1200,1400,1400,1400,26591,10950,430,543.7973622093922,168.41187499812804,3316.476292005973,338.3527885374751
1777186282,200,GET,trips_per_route,207.700000,87.300000,460,620,720,790,940,1100,1200,1200,1400,1400,1400,26822,11049,430,543.8317153144482,168.41187499812804,3316.476292005973,338.3343523972858
1777186282,200,,Aggregated,207.700000,87.300000,460,620,720,790,940,1100,1200,1200,1400,1400,1400,26822,11049,430,543.8317153144482,168.41187499812804,3316.476292005973,338.3343523972858
1777186283,200,GET,trips_per_route,210.400000,86.700000,450,610,710,780,930,1100,1200,1200,1400,1400,1400,27031,11147,430,543.7090940586539,168.41187499812804,3316.476292005973,338.2960674780807
1777186283,200,,Aggregated,210.400000,86.700000,450,610,710,780,930,1100,1200,1200,1400,1400,1400,27031,11147,430,543.7090940586539,168.41187499812804,3316.476292005973,338.2960674780807
1777186284,200,GET,trips_per_route,211.400000,87.300000,450,610,710,780,930,1100,1100,1200,1400,1400,1400,27227,11238,430,543.7267604676416,168.41187499812804,3316.476292005973,338.26987916406506
1777186284,200,,Aggregated,211.400000,87.300000,450,610,710,780,930,1100,1100,1200,1400,1400,1400,27227,11238,430,543.7267604676416,168.41187499812804,3316.476292005973,338.26987916406506
1777186285,200,GET,trips_per_route,212.300000,88.200000,440,600,710,780,940,1100,1100,1200,1400,1400,1400,27442,11331,430,543.6953200038097,168.41187499812804,3316.476292005973,338.2618249398732
1777186285,200,,Aggregated,212.300000,88.200000,440,600,710,780,940,1100,1100,1200,1400,1400,1400,27442,11331,430,543.6953200038097,168.41187499812804,3316.476292005973,338.2618249398732
1777186286,200,GET,trips_per_route,211.800000,89.000000,440,610,710,790,950,1100,1100,1200,1400,1400,1400,27652,11429,430,543.7485089837961,168.41187499812804,3316.476292005973,338.217597280486
1777186286,200,,Aggregated,211.800000,89.000000,440,610,710,790,950,1100,1100,1200,1400,1400,1400,27652,11429,430,543.7485089837961,168.41187499812804,3316.476292005973,338.217597280486
1777186287,200,GET,trips_per_route,213.300000,89.800000,430,600,700,780,960,1100,1200,1300,1500,1500,1500,27876,11536,430,543.7490828564298,168.41187499812804,3316.476292005973,338.17150954225855
1777186287,200,,Aggregated,213.300000,89.800000,430,600,700,780,960,1100,1200,1300,1500,1500,1500,27876,11536,430,543.7490828564298,168.41187499812804,3316.476292005973,338.17150954225855
1777186288,200,GET,trips_per_route,213.200000,90.500000,440,600,700,780,970,1100,1200,1300,1500,1500,1500,28095,11634,430,543.7202395475995,168.41187499812804,3316.476292005973,338.1518419647624
1777186288,200,,Aggregated,213.200000,90.500000,440,600,700,780,970,1100,1200,1300,1500,1500,1500,28095,11634,430,543.7202395475995,168.41187499812804,3316.476292005973,338.1518419647624
1777186289,200,GET,trips_per_route,213.800000,92.300000,430,590,690,760,960,1100,1200,1300,1500,1500,1500,28310,11736,430,543.3101298571421,168.41187499812804,3316.476292005973,338.1160014129283
1777186289,200,,Aggregated,213.800000,92.300000,430,590,690,760,960,1100,1200,1300,1500,1500,1500,28310,11736,430,543.3101298571421,168.41187499812804,3316.476292005973,338.1160014129283
1777186290,200,GET,trips_per_route,212.300000,93.400000,420,580,680,760,960,1100,1200,1300,1500,1500,1500,28521,11836,430,543.244026178345,168.41187499812804,3316.476292005973,338.08369271764667
1777186290,200,,Aggregated,212.300000,93.400000,420,580,680,760,960,1100,1200,1300,1500,1500,1500,28521,11836,430,543.244026178345,168.41187499812804,3316.476292005973,338.08369271764667
1777186291,200,GET,trips_per_route,214.300000,94.800000,430,590,680,760,960,1100,1200,1300,1800,1900,1900,28719,11931,430,543.4339492310872,168.41187499812804,3316.476292005973,338.0505240433163
1777186291,200,,Aggregated,214.300000,94.800000,430,590,680,760,960,1100,1200,1300,1800,1900,1900,28719,11931,430,543.4339492310872,168.41187499812804,3316.476292005973,338.0505240433163
1777186292,200,GET,trips_per_route,213.400000,96.200000,430,590,700,770,980,1100,1200,1300,1900,1900,1900,28921,12025,430,543.5630299425972,168.41187499812804,3316.476292005973,338.01998547768056
1777186292,200,,Aggregated,213.400000,96.200000,430,590,700,770,980,1100,1200,1300,1900,1900,1900,28921,12025,430,543.5630299425972,168.41187499812804,3316.476292005973,338.01998547768056
1777186293,200,GET,trips_per_route,212.200000,97.200000,430,590,710,780,990,1100,1300,1400,1900,1900,1900,29146,12130,430,544.0026655075102,168.41187499812804,3316.476292005973,337.9886776916215
1777186293,200,,Aggregated,212.200000,97.200000,430,590,710,780,990,1100,1300,1400,1900,1900,1900,29146,12130,430,544.0026655075102,168.41187499812804,3316.476292005973,337.9886776916215
1777186294,200,GET,trips_per_route,211.600000,96.900000,410,580,690,770,980,1100,1300,1600,1900,1900,1900,29346,12229,430,543.8825456465682,168.41187499812804,3316.476292005973,337.94118448851634
1777186294,200,,Aggregated,211.600000,96.900000,410,580,690,770,980,1100,1300,1600,1900,1900,1900,29346,12229,430,543.8825456465682,168.41187499812804,3316.476292005973,337.94118448851634
1777186295,200,GET,trips_per_route,211.300000,98.500000,420,590,710,780,1000,1100,1300,1700,1900,1900,1900,29543,12324,430,544.3539966885585,168.41187499812804,3316.476292005973,337.9045459161223
1777186295,200,,Aggregated,211.300000,98.500000,420,590,710,780,1000,1100,1300,1700,1900,1900,1900,29543,12324,430,544.3539966885585,168.41187499812804,3316.476292005973,337.9045459161223
1777186296,200,GET,trips_per_route,211.600000,99.300000,420,600,710,790,1000,1200,1400,1800,1900,1900,1900,29739,12421,430,544.5799754971625,168.41187499812804,3316.476292005973,337.86600087427286
1777186296,200,,Aggregated,211.600000,99.300000,420,600,710,790,1000,1200,1400,1800,1900,1900,1900,29739,12421,430,544.5799754971625,168.41187499812804,3316.476292005973,337.86600087427286
1777186297,200,GET,trips_per_route,207.900000,98.900000,410,590,720,790,1000,1200,1600,1800,1900,1900,1900,29959,12521,430,544.5698256243202,168.41187499812804,3316.476292005973,337.83981441303115
1777186297,200,,Aggregated,207.900000,98.900000,410,590,720,790,1000,1200,1600,1800,1900,1900,1900,29959,12521,430,544.5698256243202,168.41187499812804,3316.476292005973,337.83981441303115
1777186298,200,GET,trips_per_route,208.800000,99.000000,410,600,730,810,1000,1200,1600,1800,1900,1900,1900,30169,12615,430,544.7612066842745,168.41187499812804,3316.476292005973,337.8263117769896
1777186298,200,,Aggregated,208.800000,99.000000,410,600,730,810,1000,1200,1600,1800,1900,1900,1900,30169,12615,430,544.7612066842745,168.41187499812804,3316.476292005973,337.8263117769896
1777186299,200,GET,trips_per_route,209.200000,98.100000,410,610,740,820,1000,1200,1600,1800,1900,1900,1900,30369,12716,430,544.7973020993328,168.41187499812804,3316.476292005973,337.78125720306895
1777186299,200,,Aggregated,209.200000,98.100000,410,610,740,820,1000,1200,1600,1800,1900,1900,1900,30369,12716,430,544.7973020993328,168.41187499812804,3316.476292005973,337.78125720306895
1777186300,200,GET,trips_per_route,209.500000,98.400000,400,610,730,810,1000,1300,1700,1800,1900,1900,1900,30591,12815,430,545.0313840577215,168.41187499812804,3316.476292005973,337.76551927037366
1777186300,200,,Aggregated,209.500000,98.400000,400,610,730,810,1000,1300,1700,1800,1900,1900,1900,30591,12815,430,545.0313840577215,168.41187499812804,3316.476292005973,337.76551927037366
1777186301,200,GET,trips_per_route,206.500000,98.000000,400,600,720,800,1000,1300,1600,1700,1900,1900,1900,30797,12911,430,544.8887954995586,168.41187499812804,3316.476292005973,337.73880572783065
1777186301,200,,Aggregated,206.500000,98.000000,400,600,720,800,1000,1300,1600,1700,1900,1900,1900,30797,12911,430,544.8887954995586,168.41187499812804,3316.476292005973,337.73880572783065
1777186302,200,GET,trips_per_route,206.700000,98.500000,400,590,710,800,1000,1300,1600,1700,1900,1900,1900,31014,12999,430,544.9082250217931,168.41187499812804,3316.476292005973,337.74991939124266
1777186302,200,,Aggregated,206.700000,98.500000,400,590,710,800,1000,1300,1600,1700,1900,1900,1900,31014,12999,430,544.9082250217931,168.41187499812804,3316.476292005973,337.74991939124266
1777186303,200,GET,trips_per_route,206.400000,98.400000,400,590,710,790,1000,1300,1600,1700,1900,1900,1900,31230,13080,430,544.9328402373644,168.41187499812804,3316.476292005973,337.7800192122959
1777186303,200,,Aggregated,206.400000,98.400000,400,590,710,790,1000,1300,1600,1700,1900,1900,1900,31230,13080,430,544.9328402373644,168.41187499812804,3316.476292005973,337.7800192122959
1777186304,200,GET,trips_per_route,207.900000,97.600000,410,590,700,770,1000,1300,1600,1700,1900,1900,1900,31452,13172,430,544.7622614442862,168.41187499812804,3316.476292005973,337.78669083047185
1777186304,200,,Aggregated,207.900000,97.600000,410,590,700,770,1000,1300,1600,1700,1900,1900,1900,31452,13172,430,544.7622614442862,168.41187499812804,3316.476292005973,337.78669083047185
1777186305,200,GET,trips_per_route,209.700000,95.700000,400,580,690,740,980,1300,1500,1600,1800,1800,1800,31655,13262,430,544.7518245375735,168.41187499812804,3316.476292005973,337.7730532301374
1777186305,200,,Aggregated,209.700000,95.700000,400,580,690,740,980,1300,1500,1600,1800,1800,1800,31655,13262,430,544.7518245375735,168.41187499812804,3316.476292005973,337.7730532301374
1777186306,200,GET,trips_per_route,209.600000,94.600000,410,570,680,740,970,1200,1500,1600,1800,1800,1800,31873,13347,430,544.59105434813,168.41187499812804,3316.476292005973,337.78988485552037
1777186306,200,,Aggregated,209.600000,94.600000,410,570,680,740,970,1200,1500,1600,1800,1800,1800,31873,13347,430,544.59105434813,168.41187499812804,3316.476292005973,337.78988485552037
1777186307,200,GET,trips_per_route,211.300000,94.000000,420,580,680,740,950,1200,1400,1500,1700,1700,1700,32085,13430,430,544.6071473219092,168.41187499812804,3316.476292005973,337.8078853046595
1777186307,200,,Aggregated,211.300000,94.000000,420,580,680,740,950,1200,1400,1500,1700,1700,1700,32085,13430,430,544.6071473219092,168.41187499812804,3316.476292005973,337.8078853046595
1777186308,200,GET,trips_per_route,212.100000,92.500000,420,590,690,740,950,1200,1400,1500,1600,1700,1700,32298,13517,430,544.7524757050368,168.41187499812804,3316.476292005973,337.8142299832807
1777186308,200,,Aggregated,212.100000,92.500000,420,590,690,740,950,1200,1400,1500,1600,1700,1700,32298,13517,430,544.7524757050368,168.41187499812804,3316.476292005973,337.8142299832807
1777186309,200,GET,trips_per_route,212.200000,92.000000,430,590,700,760,940,1100,1300,1400,1600,1600,1600,32505,13609,430,544.7311748868639,168.41187499812804,3316.476292005973,337.80575296108293
1777186309,200,,Aggregated,212.200000,92.000000,430,590,700,760,940,1100,1300,1400,1600,1600,1600,32505,13609,430,544.7311748868639,168.41187499812804,3316.476292005973,337.80575296108293
1777186310,200,GET,trips_per_route,211.600000,90.800000,440,620,720,770,940,1100,1300,1400,1600,1600,1600,32703,13698,430,544.9667419618223,168.41187499812804,3316.476292005973,337.7910895024921
1777186310,200,,Aggregated,211.600000,90.800000,440,620,720,770,940,1100,1300,1400,1600,1600,1600,32703,13698,430,544.9667419618223,168.41187499812804,3316.476292005973,337.7910895024921
1777186311,200,GET,trips_per_route,211.700000,89.100000,450,630,720,780,940,1100,1300,1400,1600,1600,1600,32919,13795,430,545.3941598431735,168.41187499812804,3316.476292005973,337.7788207418208
1777186311,200,,Aggregated,211.700000,89.100000,450,630,720,780,940,1100,1300,1400,1600,1600,1600,32919,13795,430,545.3941598431735,168.41187499812804,3316.476292005973,337.7788207418208
1777186312,200,GET,trips_per_route,212.300000,88.600000,450,630,720,780,940,1100,1300,1300,1500,1500,1500,33127,13898,430,545.2030657836079,168.41187499812804,3316.476292005973,337.7353216409575
1777186312,200,,Aggregated,212.300000,88.600000,450,630,720,780,940,1100,1300,1300,1500,1500,1500,33127,13898,430,545.2030657836079,168.41187499812804,3316.476292005973,337.7353216409575
1777186313,200,GET,trips_per_route,210.100000,88.000000,460,630,730,790,950,1100,1200,1300,1700,1700,1700,33327,13988,430,545.3134683318501,168.41187499812804,3316.476292005973,337.7199567917904
1777186313,200,,Aggregated,210.100000,88.000000,460,630,730,790,950,1100,1200,1300,1700,1700,1700,33327,13988,430,545.3134683318501,168.41187499812804,3316.476292005973,337.7199567917904
1777186314,200,GET,trips_per_route,208.900000,88.700000,470,640,740,800,960,1100,1300,1300,1700,1700,1700,33540,14083,430,545.5584614617952,168.41187499812804,3316.476292005973,337.7005664877758
1777186314,200,,Aggregated,208.900000,88.700000,470,640,740,800,960,1100,1300,1300,1700,1700,1700,33540,14083,430,545.5584614617952,168.41187499812804,3316.476292005973,337.7005664877758
1777186315,200,GET,trips_per_route,209.200000,89.600000,470,640,740,810,960,1100,1300,1300,1700,1700,1700,33740,14174,430,545.6875826052874,168.41187499812804,3316.476292005973,337.68870776526376
1777186315,200,,Aggregated,209.200000,89.600000,470,640,740,810,960,1100,1300,1300,1700,1700,1700,33740,14174,430,545.6875826052874,168.41187499812804,3316.476292005973,337.68870776526376
1777186316,200,GET,trips_per_route,208.900000,90.400000,470,640,740,810,980,1100,1300,1400,1700,1700,1700,33957,14272,430,545.7713672577756,168.41187499812804,3316.476292005973,337.67759224902085
1777186316,200,,Aggregated,208.900000,90.400000,470,640,740,810,980,1100,1300,1400,1700,1700,1700,33957,14272,430,545.7713672577756,168.41187499812804,3316.476292005973,337.67759224902085
1777186317,200,GET,trips_per_route,207.700000,90.200000,470,640,750,820,980,1100,1300,1400,1700,1700,1700,34168,14367,430,545.779247723841,168.41187499812804,3316.476292005973,337.6578084757668
1777186317,200,,Aggregated,207.700000,90.200000,470,640,750,820,980,1100,1300,1400,1700,1700,1700,34168,14367,430,545.779247723841,168.41187499812804,3316.476292005973,337.6578084757668
1777186318,200,GET,trips_per_route,207.000000,91.700000,470,630,750,820,980,1100,1300,1400,1700,1700,1700,34382,14472,430,545.65500889573,168.41187499812804,3316.476292005973,337.62020824850214
1777186318,200,,Aggregated,207.000000,91.700000,470,630,750,820,980,1100,1300,1400,1700,1700,1700,34382,14472,430,545.65500889573,168.41187499812804,3316.476292005973,337.62020824850214
1777186319,200,GET,trips_per_route,206.800000,92.700000,450,630,750,820,980,1100,1300,1400,1700,1700,1700,34588,14570,430,545.721303012785,168.41187499812804,3316.476292005973,337.58887475425
1777186319,200,,Aggregated,206.800000,92.700000,450,630,750,820,980,1100,1300,1400,1700,1700,1700,34588,14570,430,545.721303012785,168.41187499812804,3316.476292005973,337.58887475425
1777186320,200,GET,trips_per_route,207.500000,93.400000,460,620,740,820,980,1100,1300,1400,1700,1700,1700,34807,14664,430,545.7730226015335,168.41187499812804,3316.476292005973,337.58764041715744
1777186320,200,,Aggregated,207.500000,93.400000,460,620,740,820,980,1100,1300,1400,1700,1700,1700,34807,14664,430,545.7730226015335,168.41187499812804,3316.476292005973,337.58764041715744
1777186321,200,GET,trips_per_route,208.800000,95.600000,450,610,740,810,970,1100,1200,1300,1600,1700,1700,35025,14756,430,545.6513956288469,168.41187499812804,3316.476292005973,337.58506780870806
1777186321,200,,Aggregated,208.800000,95.600000,450,610,740,810,970,1100,1200,1300,1600,1700,1700,35025,14756,430,545.6513956288469,168.41187499812804,3316.476292005973,337.58506780870806
1777186322,200,GET,trips_per_route,209.000000,96.200000,450,600,740,810,980,1100,1200,1300,1700,1700,1700,35236,14853,430,545.5939210899365,168.41187499812804,3316.476292005973,337.5650471109093
1777186322,200,,Aggregated,209.000000,96.200000,450,600,740,810,980,1100,1200,1300,1700,1700,1700,35236,14853,430,545.5939210899365,168.41187499812804,3316.476292005973,337.5650471109093
1777186323,200,GET,trips_per_route,211.700000,96.500000,450,590,720,790,980,1100,1200,1300,1600,1600,1600,35439,14936,430,545.5697684726999,168.41187499812804,3316.476292005973,337.57075538248824
1777186323,200,,Aggregated,211.700000,96.500000,450,590,720,790,980,1100,1200,1300,1600,1600,1600,35439,14936,430,545.5697684726999,168.41187499812804,3316.476292005973,337.57075538248824
1777186324,200,GET,trips_per_route,211.900000,96.200000,450,600,730,790,980,1100,1200,1200,1500,1600,1600,35654,15023,430,545.7932693100622,168.41187499812804,3316.476292005973,337.58254333314636
1777186324,200,,Aggregated,211.900000,96.200000,450,600,730,790,980,1100,1200,1200,1500,1600,1600,35654,15023,430,545.7932693100622,168.41187499812804,3316.476292005973,337.58254333314636
1777186325,200,GET,trips_per_route,210.800000,94.700000,450,600,720,780,980,1100,1200,1200,1600,1600,1600,35849,15113,430,545.8378488946397,168.41187499812804,3316.476292005973,337.5571703534269
1777186325,200,,Aggregated,210.800000,94.700000,450,600,720,780,980,1100,1200,1200,1600,1600,1600,35849,15113,430,545.8378488946397,168.41187499812804,3316.476292005973,337.5571703534269
1777186326,200,GET,trips_per_route,209.900000,93.800000,460,610,730,780,1000,1100,1200,1300,1600,1600,1600,36047,15199,430,546.0654322475337,168.41187499812804,3316.476292005973,337.5520847782062
1777186326,200,,Aggregated,209.900000,93.800000,460,610,730,780,1000,1100,1200,1300,1600,1600,1600,36047,15199,430,546.0654322475337,168.41187499812804,3316.476292005973,337.5520847782062
1777186327,200,GET,trips_per_route,210.700000,93.800000,460,620,730,780,1000,1100,1200,1300,1600,7000,7000,36265,15287,430,546.4662773191503,168.41187499812804,7025.321833993075,337.55899627740246
1777186327,200,,Aggregated,210.700000,93.800000,460,620,730,780,1000,1100,1200,1300,1600,7000,7000,36265,15287,430,546.4662773191503,168.41187499812804,7025.321833993075,337.55899627740246
1777186328,200,GET,trips_per_route,209.800000,93.100000,470,620,730,790,1000,1100,1200,1300,1600,7000,7000,36478,15385,430,546.453987562766,168.41187499812804,7025.321833993075,337.5401886068315
1777186328,200,,Aggregated,209.800000,93.100000,470,620,730,790,1000,1100,1200,1300,1600,7000,7000,36478,15385,430,546.453987562766,168.41187499812804,7025.321833993075,337.5401886068315
1777186329,200,GET,trips_per_route,210.600000,93.600000,460,620,730,790,1000,1100,1200,1300,1600,7000,7000,36675,15481,430,546.4578315604504,168.41187499812804,7025.321833993075,337.5144648943422
1777186329,200,,Aggregated,210.600000,93.600000,460,620,730,790,1000,1100,1200,1300,1600,7000,7000,36675,15481,430,546.4578315604504,168.41187499812804,7025.321833993075,337.5144648943422
1777186330,200,GET,trips_per_route,209.000000,92.000000,470,640,740,810,1000,1100,1200,1200,1600,7000,7000,36874,15569,430,546.780916644828,168.41187499812804,7025.321833993075,337.50791885881654
1777186330,200,,Aggregated,209.000000,92.000000,470,640,740,810,1000,1100,1200,1200,1600,7000,7000,36874,15569,430,546.780916644828,168.41187499812804,7025.321833993075,337.50791885881654
1777186331,200,GET,trips_per_route,208.900000,91.100000,470,660,750,810,1000,1100,1200,1200,1600,7000,7000,37098,15664,430,546.8080182431216,168.41187499812804,7025.321833993075,337.50595719445795
1777186331,200,,Aggregated,208.900000,91.100000,470,660,750,810,1000,1100,1200,1200,1600,7000,7000,37098,15664,430,546.8080182431216,168.41187499812804,7025.321833993075,337.50595719445795
1777186332,200,GET,trips_per_route,208.200000,90.800000,470,670,750,810,1000,1100,1200,1200,1600,7000,7000,37306,15757,430,546.8267083032626,168.41187499812804,7025.321833993075,337.4943440733394
1777186332,200,,Aggregated,208.200000,90.800000,470,670,750,810,1000,1100,1200,1200,1600,7000,7000,37306,15757,430,546.8267083032626,168.41187499812804,7025.321833993075,337.4943440733394
1777186333,200,GET,trips_per_route,208.100000,90.800000,480,670,760,830,1000,1100,1200,1200,1600,7000,7000,37504,15843,430,546.9337815801337,168.41187499812804,7025.321833993075,337.4915742320819
1777186333,200,,Aggregated,208.100000,90.800000,480,670,760,830,1000,1100,1200,1200,1600,7000,7000,37504,15843,430,546.9337815801337,168.41187499812804,7025.321833993075,337.4915742320819
1777186334,200,GET,trips_per_route,206.100000,90.200000,480,670,760,840,980,1100,1200,1200,1600,7000,7000,37710,15931,430,546.9994294760629,168.41187499812804,7025.321833993075,337.4897109520021
1777186334,200,,Aggregated,206.100000,90.200000,480,670,760,840,980,1100,1200,1200,1600,7000,7000,37710,15931,430,546.9994294760629,168.41187499812804,7025.321833993075,337.4897109520021
1777186335,200,GET,trips_per_route,205.500000,90.200000,480,670,760,840,970,1100,1200,1200,1600,7000,7000,37930,16017,430,547.1822478699551,168.41187499812804,7025.321833993075,337.5085684155022
1777186335,200,,Aggregated,205.500000,90.200000,480,670,760,840,970,1100,1200,1200,1600,7000,7000,37930,16017,430,547.1822478699551,168.41187499812804,7025.321833993075,337.5085684155022
1777186336,200,GET,trips_per_route,207.300000,90.700000,480,660,760,840,950,1000,1100,1200,1400,7000,7000,38145,16103,430,547.1329042063996,168.41187499812804,7025.321833993075,337.519255472539
1777186336,200,,Aggregated,207.300000,90.700000,480,660,760,840,950,1000,1100,1200,1400,7000,7000,38145,16103,430,547.1329042063996,168.41187499812804,7025.321833993075,337.519255472539
1777186337,200,GET,trips_per_route,208.200000,91.200000,490,670,760,840,950,1000,1100,1200,1300,1300,1300,38350,16188,440,547.2204042894875,168.41187499812804,7025.321833993075,337.52662320730116
1777186337,200,,Aggregated,208.200000,91.200000,490,670,760,840,950,1000,1100,1200,1300,1300,1300,38350,16188,440,547.2204042894875,168.41187499812804,7025.321833993075,337.52662320730116
1777186338,200,GET,trips_per_route,208.700000,90.800000,490,670,760,840,950,1000,1100,1200,1300,1300,1300,38542,16272,440,547.1393431776278,168.41187499812804,7025.321833993075,337.5225987234705
1777186338,200,,Aggregated,208.700000,90.800000,490,670,760,840,950,1000,1100,1200,1300,1300,1300,38542,16272,440,547.1393431776278,168.41187499812804,7025.321833993075,337.5225987234705
1777186339,200,GET,trips_per_route,206.700000,89.200000,490,660,760,830,950,1000,1100,1200,1500,1500,1500,38750,16351,440,547.4437187128785,168.41187499812804,7025.321833993075,337.5434064516129
1777186339,200,,Aggregated,206.700000,89.200000,490,660,760,830,950,1000,1100,1200,1500,1500,1500,38750,16351,440,547.4437187128785,168.41187499812804,7025.321833993075,337.5434064516129
1777186340,200,GET,trips_per_route,207.600000,89.200000,490,660,760,840,950,1000,1100,1200,1500,1500,1500,38959,16434,440,547.5335197694202,168.41187499812804,7025.321833993075,337.5546600272081
1777186340,200,,Aggregated,207.600000,89.200000,490,660,760,840,950,1000,1100,1200,1500,1500,1500,38959,16434,440,547.5335197694202,168.41187499812804,7025.321833993075,337.5546600272081
1777186341,200,GET,trips_per_route,207.600000,88.400000,490,680,770,850,960,1000,1100,1200,1500,1500,1500,39163,16522,440,547.7286570017611,168.41187499812804,7025.321833993075,337.5519495442127
1777186341,200,,Aggregated,207.600000,88.400000,490,680,770,850,960,1000,1100,1200,1500,1500,1500,39163,16522,440,547.7286570017611,168.41187499812804,7025.321833993075,337.5519495442127
1777186342,200,GET,trips_per_route,207.500000,86.600000,500,680,770,850,960,1000,1100,1300,1500,1600,1600,39364,16609,440,547.9779114152747,168.41187499812804,7025.321833993075,337.54760695051317
1777186342,200,,Aggregated,207.500000,86.600000,500,680,770,850,960,1000,1100,1300,1500,1600,1600,39364,16609,440,547.9779114152747,168.41187499812804,7025.321833993075,337.54760695051317
1777186343,200,GET,trips_per_route,206.200000,85.700000,500,690,770,830,950,1000,1100,1400,1500,1600,1600,39557,16695,440,548.2220208455118,168.41187499812804,7025.321833993075,337.5414212402356
1777186343,200,,Aggregated,206.200000,85.700000,500,690,770,830,950,1000,1100,1400,1500,1600,1600,39557,16695,440,548.2220208455118,168.41187499812804,7025.321833993075,337.5414212402356
1777186344,200,GET,trips_per_route,206.800000,85.800000,500,700,780,850,960,1000,1200,1400,1500,1600,1600,39755,16784,440,548.5595513205615,168.41187499812804,7025.321833993075,337.53404603194565
1777186344,200,,Aggregated,206.800000,85.800000,500,700,780,850,960,1000,1200,1400,1500,1600,1600,39755,16784,440,548.5595513205615,168.41187499812804,7025.321833993075,337.53404603194565
1777186345,200,GET,trips_per_route,205.800000,85.400000,510,710,800,860,970,1000,1300,1400,1700,1700,1700,39962,16875,440,548.9276678156455,168.41187499812804,7025.321833993075,337.5296031229668
1777186345,200,,Aggregated,205.800000,85.400000,510,710,800,860,970,1000,1300,1400,1700,1700,1700,39962,16875,440,548.9276678156455,168.41187499812804,7025.321833993075,337.5296031229668
1777186346,200,GET,trips_per_route,204.400000,85.600000,520,730,810,870,980,1100,1300,1400,1700,1700,1700,40156,16964,440,549.2909682104022,168.41187499812804,7025.321833993075,337.5174569180197
1777186346,200,,Aggregated,204.400000,85.600000,520,730,810,870,980,1100,1300,1400,1700,1700,1700,40156,16964,440,549.2909682104022,168.41187499812804,7025.321833993075,337.5174569180197
1777186347,200,GET,trips_per_route,204.000000,85.500000,530,740,820,880,1000,1100,1400,1500,1700,1700,1700,40346,17054,440,549.6599792710522,168.41187499812804,7025.321833993075,337.4949437366777
1777186347,200,,Aggregated,204.000000,85.500000,530,740,820,880,1000,1100,1400,1500,1700,1700,1700,40346,17054,440,549.6599792710522,168.41187499812804,7025.321833993075,337.4949437366777
1777186348,200,GET,trips_per_route,200.900000,86.100000,530,740,820,880,1000,1100,1400,1500,1700,1900,1900,40549,17150,440,549.823024095411,168.41187499812804,7025.321833993075,337.4720461663666
1777186348,200,,Aggregated,200.900000,86.100000,530,740,820,880,1000,1100,1400,1500,1700,1900,1900,40549,17150,440,549.823024095411,168.41187499812804,7025.321833993075,337.4720461663666
1777186349,200,GET,trips_per_route,200.000000,85.800000,520,730,810,860,1000,1100,1400,1600,1900,1900,1900,40755,17244,440,549.8143146321904,168.41187499812804,7025.321833993075,337.454300085879
1777186349,200,,Aggregated,200.000000,85.800000,520,730,810,860,1000,1100,1400,1600,1900,1900,1900,40755,17244,440,549.8143146321904,168.41187499812804,7025.321833993075,337.454300085879
1777186350,200,GET,trips_per_route,199.100000,86.400000,520,730,810,870,1000,1100,1400,1600,1900,1900,1900,40963,17336,440,550.0187438941507,168.41187499812804,7025.321833993075,337.44759905280375
1777186350,200,,Aggregated,199.100000,86.400000,520,730,810,870,1000,1100,1400,1600,1900,1900,1900,40963,17336,440,550.0187438941507,168.41187499812804,7025.321833993075,337.44759905280375
1777186351,200,GET,trips_per_route,200.400000,87.500000,520,730,820,880,1000,1200,1400,1600,1900,1900,1900,41161,17427,440,550.3901030133187,168.41187499812804,7025.321833993075,337.4289740288137
1777186351,200,,Aggregated,200.400000,87.500000,520,730,820,880,1000,1200,1400,1600,1900,1900,1900,41161,17427,440,550.3901030133187,168.41187499812804,7025.321833993075,337.4289740288137
1777186352,200,GET,trips_per_route,200.300000,89.400000,510,730,830,890,1000,1200,1400,1600,1900,1900,1900,41359,17518,440,550.6952459189541,168.41187499812804,7025.321833993075,337.41311443700283
1777186352,200,,Aggregated,200.300000,89.400000,510,730,830,890,1000,1200,1400,1600,1900,1900,1900,41359,17518,440,550.6952459189541,168.41187499812804,7025.321833993075,337.41311443700283
1777186353,200,GET,trips_per_route,199.500000,90.600000,510,730,830,900,1000,1200,1400,1600,1900,1900,1900,41552,17612,440,550.9698952587603,168.41187499812804,7025.321833993075,337.39011359260684
1777186353,200,,Aggregated,199.500000,90.600000,510,730,830,900,1000,1200,1400,1600,1900,1900,1900,41552,17612,440,550.9698952587603,168.41187499812804,7025.321833993075,337.39011359260684
1777186354,200,GET,trips_per_route,199.200000,90.500000,500,730,830,900,1000,1200,1300,1600,1900,1900,1900,41742,17703,440,551.2229601501705,168.41187499812804,7025.321833993075,337.3702266302525
1777186354,200,,Aggregated,199.200000,90.500000,500,730,830,900,1000,1200,1300,1600,1900,1900,1900,41742,17703,440,551.2229601501705,168.41187499812804,7025.321833993075,337.3702266302525
1777186355,200,GET,trips_per_route,198.400000,91.300000,510,740,850,920,1100,1200,1300,1600,1900,1900,1900,41949,17793,440,551.744758948494,168.41187499812804,7025.321833993075,337.3688764928842
1777186355,200,,Aggregated,198.400000,91.300000,510,740,850,920,1100,1200,1300,1600,1900,1900,1900,41949,17793,440,551.744758948494,168.41187499812804,7025.321833993075,337.3688764928842
1777186356,200,GET,trips_per_route,198.300000,90.600000,490,730,840,910,1100,1200,1300,1500,1900,1900,1900,42151,17893,440,551.8500975096604,168.41187499812804,7025.321833993075,337.33166472918793
1777186356,200,,Aggregated,198.300000,90.600000,490,730,840,910,1100,1200,1300,1500,1900,1900,1900,42151,17893,440,551.8500975096604,168.41187499812804,7025.321833993075,337.33166472918793
1777186357,200,GET,trips_per_route,197.200000,91.600000,490,720,840,910,1000,1200,1300,1500,1900,1900,1900,42355,17986,440,552.0041974906784,168.41187499812804,7025.321833993075,337.323078739228
1777186357,200,,Aggregated,197.200000,91.600000,490,720,840,910,1000,1200,1300,1500,1900,1900,1900,42355,17986,440,552.0041974906784,168.41187499812804,7025.321833993075,337.323078739228
1777186358,200,GET,trips_per_route,199.600000,91.900000,490,730,840,910,1000,1200,1300,1400,1800,1800,1800,42558,18074,440,552.0731793065873,168.41187499812804,7025.321833993075,337.31892946097093
1777186358,200,,Aggregated,199.600000,91.900000,490,730,840,910,1000,1200,1300,1400,1800,1800,1800,42558,18074,440,552.0731793065873,168.41187499812804,7025.321833993075,337.31892946097093
1777186359,200,GET,trips_per_route,200.500000,92.900000,500,730,850,920,1100,1200,1300,1300,1600,1700,1700,42774,18169,440,552.25878235259,168.41187499812804,7025.321833993075,337.31044559779303
1777186359,200,,Aggregated,200.500000,92.900000,500,730,850,920,1100,1200,1300,1300,1600,1700,1700,42774,18169,440,552.25878235259,168.41187499812804,7025.321833993075,337.31044559779303
1777186360,200,GET,trips_per_route,200.800000,92.600000,500,730,840,910,1100,1200,1300,1300,1600,1700,1700,42961,18247,440,552.2764633100646,168.41187499812804,7025.321833993075,337.31097972579784
1777186360,200,,Aggregated,200.800000,92.600000,500,730,840,910,1100,1200,1300,1300,1600,1700,1700,42961,18247,440,552.2764633100646,168.41187499812804,7025.321833993075,337.31097972579784
1777186361,200,GET,trips_per_route,199.300000,92.300000,490,700,820,900,1000,1200,1200,1300,1600,1700,1700,43207,18345,440,552.1952379979576,168.41187499812804,7025.321833993075,337.32545652324853
1777186361,200,,Aggregated,199.300000,92.300000,490,700,820,900,1000,1200,1200,1300,1600,1700,1700,43207,18345,440,552.1952379979576,168.41187499812804,7025.321833993075,337.32545652324853
1777186362,200,GET,trips_per_route,199.300000,91.200000,490,690,800,880,1000,1100,1200,1300,1600,1700,1700,43403,18432,440,552.1546504497968,168.41187499812804,7025.321833993075,337.3167983779923
1777186362,200,,Aggregated,199.300000,91.200000,490,690,800,880,1000,1100,1200,1300,1600,1700,1700,43403,18432,440,552.1546504497968,168.41187499812804,7025.321833993075,337.3167983779923
1777186363,200,GET,trips_per_route,201.900000,91.300000,480,680,790,860,1000,1100,1200,1300,1600,1700,1700,43598,18509,440,552.2791417280761,168.41187499812804,7025.321833993075,337.33056562227625
1777186363,200,,Aggregated,201.900000,91.300000,480,680,790,860,1000,1100,1200,1300,1600,1700,1700,43598,18509,440,552.2791417280761,168.41187499812804,7025.321833993075,337.33056562227625
1777186364,200,GET,trips_per_route,203.100000,92.000000,490,670,770,840,1000,1100,1200,1200,1400,1500,1500,43810,18599,440,552.3645075709824,168.41187499812804,7025.321833993075,337.3333485505592
1777186364,200,,Aggregated,203.100000,92.000000,490,670,770,840,1000,1100,1200,1200,1400,1500,1500,43810,18599,440,552.3645075709824,168.41187499812804,7025.321833993075,337.3333485505592
1777186365,200,GET,trips_per_route,204.700000,90.600000,500,660,760,830,1000,1100,1200,1200,1400,1500,1500,44012,18671,440,552.4765441577871,168.41187499812804,7025.321833993075,337.3619467417977
1777186365,200,,Aggregated,204.700000,90.600000,500,660,760,830,1000,1100,1200,1200,1400,1500,1500,44012,18671,440,552.4765441577871,168.41187499812804,7025.321833993075,337.3619467417977
1777186366,200,GET,trips_per_route,205.000000,89.700000,490,650,750,800,980,1100,1200,1200,1300,1300,1300,44244,18760,440,552.36669779171,168.41187499812804,7025.321833993075,337.38170147364616
1777186366,200,,Aggregated,205.000000,89.700000,490,650,750,800,980,1100,1200,1200,1300,1300,1300,44244,18760,440,552.36669779171,168.41187499812804,7025.321833993075,337.38170147364616
1777186367,200,GET,trips_per_route,206.700000,88.200000,490,640,740,800,970,1100,1200,1200,1300,1300,1300,44442,18853,440,552.3653448130673,168.41187499812804,7025.321833993075,337.363462490437
1777186367,200,,Aggregated,206.700000,88.200000,490,640,740,800,970,1100,1200,1200,1300,1300,1300,44442,18853,440,552.3653448130673,168.41187499812804,7025.321833993075,337.363462490437
1777186368,200,GET,trips_per_route,208.300000,87.000000,490,640,740,790,980,1100,1200,1200,1400,1400,1400,44641,18937,440,552.5154781855992,168.41187499812804,7025.321833993075,337.36759929213054
1777186368,200,,Aggregated,208.300000,87.000000,490,640,740,790,980,1100,1200,1200,1400,1400,1400,44641,18937,440,552.5154781855992,168.41187499812804,7025.321833993075,337.36759929213054
1777186369,200,GET,trips_per_route,208.600000,86.600000,490,650,750,800,980,1100,1200,1200,1400,1400,1400,44850,19036,440,552.7776702698194,168.41187499812804,7025.321833993075,337.35072463768114
1777186369,200,,Aggregated,208.600000,86.600000,490,650,750,800,980,1100,1200,1200,1400,1400,1400,44850,19036,440,552.7776702698194,168.41187499812804,7025.321833993075,337.35072463768114
1777186370,200,GET,trips_per_route,208.700000,86.300000,480,650,740,800,970,1100,1200,1200,1400,1400,1400,45062,19129,440,552.6323179198358,168.41187499812804,7025.321833993075,337.3477874927877
1777186370,200,,Aggregated,208.700000,86.300000,480,650,740,800,970,1100,1200,1200,1400,1400,1400,45062,19129,440,552.6323179198358,168.41187499812804,7025.321833993075,337.3477874927877
1777186371,200,GET,trips_per_route,207.600000,86.800000,480,660,750,800,960,1100,1200,1200,1400,1400,1400,45293,19223,440,552.379692506389,168.41187499812804,7025.321833993075,337.35859845892304
1777186371,200,,Aggregated,207.600000,86.800000,480,660,750,800,960,1100,1200,1200,1400,1400,1400,45293,19223,440,552.379692506389,168.41187499812804,7025.321833993075,337.35859845892304
1777186372,200,GET,trips_per_route,208.300000,87.000000,470,640,740,790,950,1100,1200,1300,1400,1500,1500,45501,19321,440,552.350657477837,168.41187499812804,7025.321833993075,337.3396189094745
1777186372,200,,Aggregated,208.300000,87.000000,470,640,740,790,950,1100,1200,1300,1400,1500,1500,45501,19321,440,552.350657477837,168.41187499812804,7025.321833993075,337.3396189094745
1777186373,200,GET,trips_per_route,209.200000,87.100000,460,640,730,790,950,1100,1200,1300,1500,1500,1500,45700,19413,440,552.326730732626,168.41187499812804,7025.321833993075,337.329715536105
1777186373,200,,Aggregated,209.200000,87.100000,460,640,730,790,950,1100,1200,1300,1500,1500,1500,45700,19413,440,552.326730732626,168.41187499812804,7025.321833993075,337.329715536105
1777186374,200,GET,trips_per_route,209.200000,87.300000,460,640,730,780,950,1100,1200,1300,1500,1500,1500,45914,19502,440,552.3589853954574,168.41187499812804,7025.321833993075,337.3324693993118
1777186374,200,,Aggregated,209.200000,87.300000,460,640,730,780,950,1100,1200,1300,1500,1500,1500,45914,19502,440,552.3589853954574,168.41187499812804,7025.321833993075,337.3324693993118
1777186375,200,GET,trips_per_route,210.000000,89.200000,450,640,750,790,960,1100,1200,1300,1500,1500,1500,46121,19587,440,552.4164348414259,168.41187499812804,7025.321833993075,337.34108106936105
1777186375,200,,Aggregated,210.000000,89.200000,450,640,750,790,960,1100,1200,1300,1500,1500,1500,46121,19587,440,552.4164348414259,168.41187499812804,7025.321833993075,337.34108106936105
1777186376,200,GET,trips_per_route,211.000000,90.500000,460,640,740,790,950,1100,1200,1300,1500,1500,1500,46346,19678,440,552.2544379491972,168.41187499812804,7025.321833993075,337.34874638588013
1777186376,200,,Aggregated,211.000000,90.500000,460,640,740,790,950,1100,1200,1300,1500,1500,1500,46346,19678,440,552.2544379491972,168.41187499812804,7025.321833993075,337.34874638588013
1777186377,200,GET,trips_per_route,210.300000,91.300000,450,630,720,770,920,1000,1200,1300,1500,1500,1500,46551,19765,440,552.0749936850149,168.41187499812804,7025.321833993075,337.3450838864901
1777186377,200,,Aggregated,210.300000,91.300000,450,630,720,770,920,1000,1200,1300,1500,1500,1500,46551,19765,440,552.0749936850149,168.41187499812804,7025.321833993075,337.3450838864901
1777186378,200,GET,trips_per_route,210.100000,91.800000,450,630,720,770,920,1000,1200,1300,1500,1500,1500,46776,19861,440,552.1069629525226,168.41187499812804,7025.321833993075,337.344984607491
1777186378,200,,Aggregated,210.100000,91.800000,450,630,720,770,920,1000,1200,1300,1500,1500,1500,46776,19861,440,552.1069629525226,168.41187499812804,7025.321833993075,337.344984607491
1777186379,200,GET,trips_per_route,211.400000,92.000000,450,620,700,750,900,1000,1100,1200,1500,1500,1500,46986,19955,440,551.9794328696047,168.41187499812804,7025.321833993075,337.3389945941344
1777186379,200,,Aggregated,211.400000,92.000000,450,620,700,750,900,1000,1100,1200,1500,1500,1500,46986,19955,440,551.9794328696047,168.41187499812804,7025.321833993075,337.3389945941344
1777186380,200,GET,trips_per_route,211.800000,92.600000,450,620,700,760,910,1000,1200,1300,1500,1500,1500,47206,20051,440,551.8814151604521,168.41187499812804,7025.321833993075,337.33408888700586
1777186380,200,,Aggregated,211.800000,92.600000,450,620,700,760,910,1000,1200,1300,1500,1500,1500,47206,20051,440,551.8814151604521,168.41187499812804,7025.321833993075,337.33408888700586
1777186381,200,GET,trips_per_route,214.200000,92.100000,460,620,700,760,920,1000,1200,1300,1500,1500,1500,47428,20148,440,551.7158156422607,168.41187499812804,7025.321833993075,337.3280129881083
1777186381,200,,Aggregated,214.200000,92.100000,460,620,700,760,920,1000,1200,1300,1500,1500,1500,47428,20148,440,551.7158156422607,168.41187499812804,7025.321833993075,337.3280129881083
1777186382,200,GET,trips_per_route,214.200000,92.700000,450,610,690,740,910,1000,1200,1300,1600,1600,1600,47640,20241,440,551.5294565891544,168.41187499812804,7025.321833993075,337.3247691015953
1777186382,200,,Aggregated,214.200000,92.700000,450,610,690,740,910,1000,1200,1300,1600,1600,1600,47640,20241,440,551.5294565891544,168.41187499812804,7025.321833993075,337.3247691015953
1777186383,200,GET,trips_per_route,212.500000,91.500000,440,600,680,730,900,1000,1100,1300,1600,1600,1600,47864,20329,440,551.3712350982458,168.41187499812804,7025.321833993075,337.33776951362194
1777186383,200,,Aggregated,212.500000,91.500000,440,600,680,730,900,1000,1100,1300,1600,1600,1600,47864,20329,440,551.3712350982458,168.41187499812804,7025.321833993075,337.33776951362194
1777186384,200,GET,trips_per_route,213.800000,91.200000,430,590,680,720,900,1000,1100,1300,1600,1600,1600,48083,20415,440,551.2684061856089,168.41187499812804,7025.321833993075,337.35270261838906
1777186384,200,,Aggregated,213.800000,91.200000,430,590,680,720,900,1000,1100,1300,1600,1600,1600,48083,20415,440,551.2684061856089,168.41187499812804,7025.321833993075,337.35270261838906
1777186385,200,GET,trips_per_route,214.700000,91.500000,430,590,670,720,900,1100,1200,1300,1600,1600,1600,48279,20507,440,551.2553498732472,168.41187499812804,7025.321833993075,337.3401893162659
1777186385,200,,Aggregated,214.700000,91.500000,430,590,670,720,900,1100,1200,1300,1600,1600,1600,48279,20507,440,551.2553498732472,168.41187499812804,7025.321833993075,337.3401893162659
1777186386,200,GET,trips_per_route,215.600000,91.500000,430,600,680,730,920,1100,1200,1400,1700,1800,1800,48498,20606,440,551.29691213876,168.41187499812804,7025.321833993075,337.32803414573794
1777186386,200,,Aggregated,215.600000,91.500000,430,600,680,730,920,1100,1200,1400,1700,1800,1800,48498,20606,440,551.29691213876,168.41187499812804,7025.321833993075,337.32803414573794
1777186387,200,GET,trips_per_route,214.900000,90.500000,430,590,680,720,920,1100,1200,1400,1700,1800,1800,48713,20706,440,551.24246524258,168.41187499812804,7025.321833993075,337.3169585121015
1777186387,200,,Aggregated,214.900000,90.500000,430,590,680,720,920,1100,1200,1400,1700,1800,1800,48713,20706,440,551.24246524258,168.41187499812804,7025.321833993075,337.3169585121015
1777186388,200,GET,trips_per_route,214.900000,92.000000,430,590,680,730,920,1100,1200,1400,1700,1800,1800,48934,20806,440,551.1437420221301,168.41187499812804,7025.321833993075,337.30181468917317
1777186388,200,,Aggregated,214.900000,92.000000,430,590,680,730,920,1100,1200,1400,1700,1800,1800,48934,20806,440,551.1437420221301,168.41187499812804,7025.321833993075,337.30181468917317
1777186389,200,GET,trips_per_route,214.500000,92.700000,430,580,680,730,920,1000,1200,1500,1700,1800,1800,49142,20904,440,551.051318208419,168.41187499812804,7025.321833993075,337.2865369744821
1777186389,200,,Aggregated,214.500000,92.700000,430,580,680,730,920,1000,1200,1500,1700,1800,1800,49142,20904,440,551.051318208419,168.41187499812804,7025.321833993075,337.2865369744821
1777186390,200,GET,trips_per_route,214.000000,93.200000,430,590,680,740,920,1100,1200,1500,1700,1800,1800,49339,20999,440,551.0118981767729,168.41187499812804,7025.321833993075,337.2654289709966
1777186390,200,,Aggregated,214.000000,93.200000,430,590,680,740,920,1100,1200,1500,1700,1800,1800,49339,20999,440,551.0118981767729,168.41187499812804,7025.321833993075,337.2654289709966
1777186391,200,GET,trips_per_route,214.400000,94.000000,430,600,690,750,920,1000,1200,1400,1700,1800,1800,49557,21094,440,551.0021702909929,168.41187499812804,7025.321833993075,337.25842968702705
1777186391,200,,Aggregated,214.400000,94.000000,430,600,690,750,920,1000,1200,1400,1700,1800,1800,49557,21094,440,551.0021702909929,168.41187499812804,7025.321833993075,337.25842968702705
1777186392,200,GET,trips_per_route,213.500000,94.000000,430,610,700,760,930,1100,1200,1400,1700,1800,1800,49784,21189,440,550.9748769539578,168.41187499812804,7025.321833993075,337.2639803953077
1777186392,200,,Aggregated,213.500000,94.000000,430,610,700,760,930,1100,1200,1400,1700,1800,1800,49784,21189,440,550.9748769539578,168.41187499812804,7025.321833993075,337.2639803953077
1777186393,200,GET,trips_per_route,214.000000,95.800000,440,620,700,760,930,1100,1200,1300,1700,1800,1800,49985,21279,440,550.9066733181735,168.41187499812804,7025.321833993075,337.2590377113134
1777186393,200,,Aggregated,214.000000,95.800000,440,620,700,760,930,1100,1200,1300,1700,1800,1800,49985,21279,440,550.9066733181735,168.41187499812804,7025.321833993075,337.2590377113134
1777186394,200,GET,trips_per_route,212.300000,95.500000,440,630,710,770,940,1100,1200,1300,1700,1800,1800,50183,21371,440,551.0097381936444,168.41187499812804,7025.321833993075,337.24500328796603
1777186394,200,,Aggregated,212.300000,95.500000,440,630,710,770,940,1100,1200,1300,1700,1800,1800,50183,21371,440,551.0097381936444,168.41187499812804,7025.321833993075,337.24500328796603
1777186395,200,GET,trips_per_route,211.800000,94.500000,440,630,710,780,950,1100,1200,1300,1700,1800,1800,50395,21462,440,551.1308686405739,168.41187499812804,7025.321833993075,337.24079769818434
1777186395,200,,Aggregated,211.800000,94.500000,440,630,710,780,950,1100,1200,1300,1700,1800,1800,50395,21462,440,551.1308686405739,168.41187499812804,7025.321833993075,337.24079769818434
1777186396,200,GET,trips_per_route,210.100000,94.600000,440,620,720,780,960,1100,1200,1200,1400,1500,1500,50621,21551,440,551.0038950659194,168.41187499812804,7025.321833993075,337.2532940874341
1777186396,200,,Aggregated,210.100000,94.600000,440,620,720,780,960,1100,1200,1200,1400,1500,1500,50621,21551,440,551.0038950659194,168.41187499812804,7025.321833993075,337.2532940874341
1777186397,200,GET,trips_per_route,211.000000,95.400000,420,610,710,770,960,1100,1200,1300,1500,1700,1700,50846,21642,440,550.74811809183,168.41187499812804,7025.321833993075,337.2644062463124
1777186397,200,,Aggregated,211.000000,95.400000,420,610,710,770,960,1100,1200,1300,1500,1700,1700,50846,21642,440,550.74811809183,168.41187499812804,7025.321833993075,337.2644062463124
1777186398,200,GET,trips_per_route,210.400000,94.100000,410,590,700,770,960,1100,1200,1300,1600,1700,1700,51062,21731,440,550.4555240671224,168.41187499812804,7025.321833993075,337.2698092514982
1777186398,200,,Aggregated,210.400000,94.100000,410,590,700,770,960,1100,1200,1300,1600,1700,1700,51062,21731,440,550.4555240671224,168.41187499812804,7025.321833993075,337.2698092514982
1777186399,200,GET,trips_per_route,212.100000,93.700000,410,580,690,760,960,1100,1200,1300,1600,1700,1700,51287,21815,440,550.3804379408311,168.41187499812804,7025.321833993075,337.2917503460916
1777186399,200,,Aggregated,212.100000,93.700000,410,580,690,760,960,1100,1200,1300,1600,1700,1700,51287,21815,440,550.3804379408311,168.41187499812804,7025.321833993075,337.2917503460916
1777186400,200,GET,trips_per_route,213.300000,92.700000,410,560,690,740,960,1100,1200,1300,1600,1700,1700,51498,21903,440,550.2353376595466,168.41187499812804,7025.321833993075,337.29775913627714
1777186400,200,,Aggregated,213.300000,92.700000,410,560,690,740,960,1100,1200,1300,1600,1700,1700,51498,21903,440,550.2353376595466,168.41187499812804,7025.321833993075,337.29775913627714
1777186401,200,GET,trips_per_route,213.000000,92.100000,420,560,690,740,980,1100,1200,1300,1600,1700,1700,51705,21989,440,550.2235590864078,168.41187499812804,7025.321833993075,337.30151822841117
1777186401,200,,Aggregated,213.000000,92.100000,420,560,690,740,980,1100,1200,1300,1600,1700,1700,51705,21989,440,550.2235590864078,168.41187499812804,7025.321833993075,337.30151822841117
1777186402,200,GET,trips_per_route,214.100000,90.900000,420,560,690,740,970,1100,1200,1400,1600,1700,1700,51912,22081,440,550.130401325355,168.41187499812804,7025.321833993075,337.2936700570196
1777186402,200,,Aggregated,214.100000,90.900000,420,560,690,740,970,1100,1200,1400,1600,1700,1700,51912,22081,440,550.130401325355,168.41187499812804,7025.321833993075,337.2936700570196
1777186403,200,GET,trips_per_route,213.900000,89.200000,410,550,680,740,960,1100,1300,1400,1600,1700,1700,52117,22167,440,550.1747392761,168.41187499812804,7025.321833993075,337.2977339447781
1777186403,200,,Aggregated,213.900000,89.200000,410,550,680,740,960,1100,1300,1400,1600,1700,1700,52117,22167,440,550.1747392761,168.41187499812804,7025.321833993075,337.2977339447781
1777186404,200,GET,trips_per_route,214.800000,88.900000,420,550,680,740,960,1100,1300,1500,1600,1700,1700,52328,22249,440,550.4401222882257,168.41187499812804,7025.321833993075,337.3080377618101
1777186404,200,,Aggregated,214.800000,88.900000,420,550,680,740,960,1100,1300,1500,1600,1700,1700,52328,22249,440,550.4401222882257,168.41187499812804,7025.321833993075,337.3080377618101
1777186405,200,GET,trips_per_route,213.900000,89.300000,420,550,680,730,950,1100,1400,1500,1600,1700,1700,52532,22342,440,550.4169189409196,168.41187499812804,7025.321833993075,337.29602908703265
1777186405,200,,Aggregated,213.900000,89.300000,420,550,680,730,950,1100,1400,1500,1600,1700,1700,52532,22342,440,550.4169189409196,168.41187499812804,7025.321833993075,337.29602908703265
1777186406,200,GET,trips_per_route,213.200000,88.600000,430,570,690,740,970,1100,1400,1500,1600,1700,1700,52732,22431,440,550.500816450147,168.41187499812804,7025.321833993075,337.28785177880604
1777186406,200,,Aggregated,213.200000,88.600000,430,570,690,740,970,1100,1400,1500,1600,1700,1700,52732,22431,440,550.500816450147,168.41187499812804,7025.321833993075,337.28785177880604
1777186407,200,GET,trips_per_route,212.600000,87.800000,450,590,710,760,980,1100,1400,1500,1600,1600,1600,52939,22527,440,550.5819954879602,168.41187499812804,7025.321833993075,337.27322012127166
1777186407,200,,Aggregated,212.600000,87.800000,450,590,710,760,980,1100,1400,1500,1600,1600,1600,52939,22527,440,550.5819954879602,168.41187499812804,7025.321833993075,337.27322012127166
1777186408,200,GET,trips_per_route,212.200000,88.500000,450,610,710,760,990,1200,1400,1500,1600,1700,1700,53152,22622,440,550.6083703642391,168.41187499812804,7025.321833993075,337.2699992474413
1777186408,200,,Aggregated,212.200000,88.500000,450,610,710,760,990,1200,1400,1500,1600,1700,1700,53152,22622,440,550.6083703642391,168.41187499812804,7025.321833993075,337.2699992474413
1777186409,200,GET,trips_per_route,210.400000,88.700000,460,630,720,780,990,1200,1400,1500,1600,1700,1700,53348,22716,440,550.6826422760386,168.41187499812804,7025.321833993075,337.2568981030217
1777186409,200,,Aggregated,210.400000,88.700000,460,630,720,780,990,1200,1400,1500,1600,1700,1700,53348,22716,440,550.6826422760386,168.41187499812804,7025.321833993075,337.2568981030217
1777186410,200,GET,trips_per_route,209.100000,88.900000,470,650,740,790,1000,1200,1400,1500,1600,1700,1700,53553,22808,440,550.8523244500582,168.41187499812804,7025.321833993075,337.25171325602673
1777186410,200,,Aggregated,209.100000,88.900000,470,650,740,790,1000,1200,1400,1500,1600,1700,1700,53553,22808,440,550.8523244500582,168.41187499812804,7025.321833993075,337.25171325602673
1777186411,200,GET,trips_per_route,207.800000,89.300000,470,650,750,800,1000,1200,1400,1500,1700,1700,1700,53745,22906,440,551.0325519850032,168.41187499812804,7025.321833993075,337.2213787329054
1777186411,200,,Aggregated,207.800000,89.300000,470,650,750,800,1000,1200,1400,1500,1700,1700,1700,53745,22906,440,551.0325519850032,168.41187499812804,7025.321833993075,337.2213787329054
1777186412,200,GET,trips_per_route,207.300000,90.800000,470,660,750,820,1000,1200,1400,1500,1700,1700,1700,53940,22998,440,551.2371516095266,168.41187499812804,7025.321833993075,337.2064886911383
1777186412,200,,Aggregated,207.300000,90.800000,470,660,750,820,1000,1200,1400,1500,1700,1700,1700,53940,22998,440,551.2371516095266,168.41187499812804,7025.321833993075,337.2064886911383
1777186413,200,GET,trips_per_route,204.700000,91.200000,480,670,760,830,1000,1200,1400,1500,1700,1700,1700,54140,23087,440,551.4393027656804,168.41187499812804,7025.321833993075,337.2002585888437
1777186413,200,,Aggregated,204.700000,91.200000,480,670,760,830,1000,1200,1400,1500,1700,1700,1700,54140,23087,440,551.4393027656804,168.41187499812804,7025.321833993075,337.2002585888437
1777186414,200,GET,trips_per_route,203.300000,91.100000,490,690,780,860,1100,1200,1400,1500,1700,1700,1700,54343,23177,440,551.8774639463076,168.41187499812804,7025.321833993075,337.19809359071087
1777186414,200,,Aggregated,203.300000,91.100000,490,690,780,860,1100,1200,1400,1500,1700,1700,1700,54343,23177,440,551.8774639463076,168.41187499812804,7025.321833993075,337.19809359071087
1777186415,200,GET,trips_per_route,203.400000,91.800000,500,700,790,860,1100,1200,1500,1600,1700,1700,1700,54525,23270,440,552.004526291923,168.41187499812804,7025.321833993075,337.1714259513984
1777186415,200,,Aggregated,203.400000,91.800000,500,700,790,860,1100,1200,1500,1600,1700,1700,1700,54525,23270,440,552.004526291923,168.41187499812804,7025.321833993075,337.1714259513984
1777186416,200,GET,trips_per_route,201.300000,92.300000,500,710,800,870,1100,1300,1500,1600,1900,1900,1900,54716,23360,440,552.4088376727509,168.41187499812804,7025.321833993075,337.1600263177133
1777186416,200,,Aggregated,201.300000,92.300000,500,710,800,870,1100,1300,1500,1600,1900,1900,1900,54716,23360,440,552.4088376727509,168.41187499812804,7025.321833993075,337.1600263177133
1777186417,200,GET,trips_per_route,200.400000,92.600000,510,720,820,890,1100,1300,1500,1600,1900,1900,1900,54915,23452,440,552.7904413931165,168.41187499812804,7025.321833993075,337.1509969953565
1777186417,200,,Aggregated,200.400000,92.600000,510,720,820,890,1100,1300,1500,1600,1900,1900,1900,54915,23452,440,552.7904413931165,168.41187499812804,7025.321833993075,337.1509969953565
1777186418,200,GET,trips_per_route,198.600000,92.200000,520,720,830,900,1100,1300,1500,1600,1900,1900,1900,55118,23536,440,552.8609019706269,168.41187499812804,7025.321833993075,337.1574621720672
1777186418,200,,Aggregated,198.600000,92.200000,520,720,830,900,1100,1300,1500,1600,1900,1900,1900,55118,23536,440,552.8609019706269,168.41187499812804,7025.321833993075,337.1574621720672
1777186419,200,GET,trips_per_route,197.100000,92.400000,520,730,840,910,1100,1300,1500,1600,1900,1900,1900,55324,23624,440,553.0864402705005,168.41187499812804,7025.321833993075,337.1591895018437
1777186419,200,,Aggregated,197.100000,92.400000,520,730,840,910,1100,1300,1500,1600,1900,1900,1900,55324,23624,440,553.0864402705005,168.41187499812804,7025.321833993075,337.1591895018437
1777186420,200,GET,trips_per_route,198.000000,92.600000,520,730,840,910,1100,1300,1500,1600,1900,1900,1900,55538,23716,440,553.2072737334652,168.41187499812804,7025.321833993075,337.1528863120746
1777186420,200,,Aggregated,198.000000,92.600000,520,730,840,910,1100,1300,1500,1600,1900,1900,1900,55538,23716,440,553.2072737334652,168.41187499812804,7025.321833993075,337.1528863120746
1777186421,200,GET,trips_per_route,196.000000,90.900000,510,720,830,890,1100,1300,1400,1600,1900,1900,1900,55735,23805,440,553.1799412350657,168.41187499812804,7025.321833993075,337.1467838880416
1777186421,200,,Aggregated,196.000000,90.900000,510,720,830,890,1100,1300,1400,1600,1900,1900,1900,55735,23805,440,553.1799412350657,168.41187499812804,7025.321833993075,337.1467838880416
1777186422,200,GET,trips_per_route,195.200000,89.400000,510,700,810,870,1100,1300,1400,1500,1900,1900,1900,55942,23889,440,553.1551438600299,168.41187499812804,7025.321833993075,337.155357334382
1777186422,200,,Aggregated,195.200000,89.400000,510,700,810,870,1100,1300,1400,1500,1900,1900,1900,55942,23889,440,553.1551438600299,168.41187499812804,7025.321833993075,337.155357334382
1777186423,200,GET,trips_per_route,197.800000,88.800000,510,700,810,870,1100,1300,1400,1500,1900,1900,1900,56168,23978,440,553.164949745685,168.41187499812804,7025.321833993075,337.16689218060105
1777186423,200,,Aggregated,197.800000,88.800000,510,700,810,870,1100,1300,1400,1500,1900,1900,1900,56168,23978,440,553.164949745685,168.41187499812804,7025.321833993075,337.16689218060105
1777186424,200,GET,trips_per_route,199.700000,90.100000,490,690,790,850,1000,1200,1400,1500,1900,1900,1900,56377,24064,440,553.1433172079829,168.41187499812804,7025.321833993075,337.17324440818066
1777186424,200,,Aggregated,199.700000,90.100000,490,690,790,850,1000,1200,1400,1500,1900,1900,1900,56377,24064,440,553.1433172079829,168.41187499812804,7025.321833993075,337.17324440818066
1777186425,200,GET,trips_per_route,199.000000,89.400000,490,670,770,840,1000,1200,1300,1400,1900,1900,1900,56598,24157,440,553.1086561978364,168.41187499812804,7025.321833993075,337.1759072758755
1777186425,200,,Aggregated,199.000000,89.400000,490,670,770,840,1000,1200,1300,1400,1900,1900,1900,56598,24157,440,553.1086561978364,168.41187499812804,7025.321833993075,337.1759072758755
1777186426,200,GET,trips_per_route,202.100000,88.800000,480,650,740,810,970,1100,1200,1300,1500,1500,1500,56810,24244,440,552.9306152140814,168.41187499812804,7025.321833993075,337.1833127970428
1777186426,200,,Aggregated,202.100000,88.800000,480,650,740,810,970,1100,1200,1300,1500,1500,1500,56810,24244,440,552.9306152140814,168.41187499812804,7025.321833993075,337.1833127970428
1777186427,200,GET,trips_per_route,204.500000,88.900000,480,630,730,780,940,1100,1200,1300,1400,1500,1500,57010,24324,440,552.8946633049954,168.41187499812804,7025.321833993075,337.1909314155411
1777186427,200,,Aggregated,204.500000,88.900000,480,630,730,780,940,1100,1200,1300,1400,1500,1500,57010,24324,440,552.8946633049954,168.41187499812804,7025.321833993075,337.1909314155411
1777186428,200,GET,trips_per_route,207.900000,88.900000,470,640,730,780,930,1100,1200,1300,1500,1500,1500,57224,24414,440,552.8725374510967,168.41187499812804,7025.321833993075,337.1953900461345
1777186428,200,,Aggregated,207.900000,88.900000,470,640,730,780,930,1100,1200,1300,1500,1500,1500,57224,24414,440,552.8725374510967,168.41187499812804,7025.321833993075,337.1953900461345
1777186429,200,GET,trips_per_route,209.500000,87.500000,460,630,730,770,920,1100,1200,1300,1500,1500,1500,57436,24505,440,552.96092092391,168.41187499812804,7025.321833993075,337.19646214917475
1777186429,200,,Aggregated,209.500000,87.500000,460,630,730,770,920,1100,1200,1300,1500,1500,1500,57436,24505,440,552.96092092391,168.41187499812804,7025.321833993075,337.19646214917475
1777186430,200,GET,trips_per_route,208.900000,87.100000,460,630,720,770,910,1100,1200,1300,1600,1600,1600,57635,24589,440,553.0320404739238,168.41187499812804,7025.321833993075,337.2002429079552
1777186430,200,,Aggregated,208.900000,87.100000,460,630,720,770,910,1100,1200,1300,1600,1600,1600,57635,24589,440,553.0320404739238,168.41187499812804,7025.321833993075,337.2002429079552
1777186431,200,GET,trips_per_route,211.200000,87.500000,460,630,720,770,910,1100,1200,1400,1600,1600,1600,57841,24677,440,553.056433518311,168.41187499812804,7025.321833993075,337.2002904514099
1777186431,200,,Aggregated,211.200000,87.500000,460,630,720,770,910,1100,1200,1400,1600,1600,1600,57841,24677,440,553.056433518311,168.41187499812804,7025.321833993075,337.2002904514099
1777186432,200,GET,trips_per_route,211.600000,87.900000,470,640,720,770,920,1100,1200,1500,1600,1600,1600,58040,24757,440,553.1654730373133,168.41187499812804,7025.321833993075,337.20716747070986
1777186432,200,,Aggregated,211.600000,87.900000,470,640,720,770,920,1100,1200,1500,1600,1600,1600,58040,24757,440,553.1654730373133,168.41187499812804,7025.321833993075,337.20716747070986
1777186433,200,GET,trips_per_route,210.600000,88.300000,470,660,730,770,910,1100,1300,1500,1600,1600,1600,58242,24838,440,553.266046572177,168.41187499812804,7025.321833993075,337.2167507983929
1777186433,200,,Aggregated,210.600000,88.300000,470,660,730,770,910,1100,1300,1500,1600,1600,1600,58242,24838,440,553.266046572177,168.41187499812804,7025.321833993075,337.2167507983929
1777186434,200,GET,trips_per_route,209.600000,87.200000,470,660,730,770,910,1100,1400,1500,1600,1600,1600,58462,24930,440,553.3540732953537,168.41187499812804,7025.321833993075,337.2220587732202
1777186434,200,,Aggregated,209.600000,87.200000,470,660,730,770,910,1100,1400,1500,1600,1600,1600,58462,24930,440,553.3540732953537,168.41187499812804,7025.321833993075,337.2220587732202
1777186435,200,GET,trips_per_route,209.700000,86.500000,480,670,740,780,920,1100,1400,1500,1600,1600,1600,58676,25018,440,553.4257936652699,168.41187499812804,7025.321833993075,337.2290544686073
1777186435,200,,Aggregated,209.700000,86.500000,480,670,740,780,920,1100,1400,1500,1600,1600,1600,58676,25018,440,553.4257936652699,168.41187499812804,7025.321833993075,337.2290544686073
1777186436,200,GET,trips_per_route,208.500000,86.100000,470,660,730,780,930,1200,1400,1500,1600,1600,1600,58872,25091,440,553.2886014888505,168.41187499812804,7025.321833993075,337.2453118630249
1777186436,200,,Aggregated,208.500000,86.100000,470,660,730,780,930,1200,1400,1500,1600,1600,1600,58872,25091,440,553.2886014888505,168.41187499812804,7025.321833993075,337.2453118630249
1777186437,200,GET,trips_per_route,208.100000,86.000000,460,650,730,780,930,1200,1400,1500,1600,1600,1600,59082,25174,440,553.2765938035543,168.41187499812804,7025.321833993075,337.25584780474594
1777186437,200,,Aggregated,208.100000,86.000000,460,650,730,780,930,1200,1400,1500,1600,1600,1600,59082,25174,440,553.2765938035543,168.41187499812804,7025.321833993075,337.25584780474594
1777186438,200,GET,trips_per_route,208.000000,85.400000,470,650,730,790,940,1200,1400,1500,1600,1600,1600,59304,25266,440,553.3277143737273,168.41187499812804,7025.321833993075,337.2606738162687
1777186438,200,,Aggregated,208.000000,85.400000,470,650,730,790,940,1200,1400,1500,1600,1600,1600,59304,25266,440,553.3277143737273,168.41187499812804,7025.321833993075,337.2606738162687
1777186439,200,GET,trips_per_route,207.500000,85.500000,460,640,720,800,940,1100,1400,1500,1600,1600,1600,59514,25359,440,553.3157673175803,168.41187499812804,7025.321833993075,337.2576536613234
1777186439,200,,Aggregated,207.500000,85.500000,460,640,720,800,940,1100,1400,1500,1600,1600,1600,59514,25359,440,553.3157673175803,168.41187499812804,7025.321833993075,337.2576536613234
1777186440,200,GET,trips_per_route,206.900000,85.600000,460,630,720,790,930,1100,1400,1500,1600,1600,1600,59723,25446,440,553.2267830318066,168.41187499812804,7025.321833993075,337.2623277464293
1777186440,200,,Aggregated,206.900000,85.600000,460,630,720,790,930,1100,1400,1500,1600,1600,1600,59723,25446,440,553.2267830318066,168.41187499812804,7025.321833993075,337.2623277464293
1777186441,200,GET,trips_per_route,207.000000,85.600000,470,630,730,800,940,1100,1400,1400,1600,1600,1600,59921,25530,440,553.3651170045962,168.41187499812804,7025.321833993075,337.2633634285142
1777186441,200,,Aggregated,207.000000,85.600000,470,630,730,800,940,1100,1400,1400,1600,1600,1600,59921,25530,440,553.3651170045962,168.41187499812804,7025.321833993075,337.2633634285142
1777186442,200,GET,trips_per_route,208.600000,85.800000,470,630,730,790,950,1100,1400,1400,1600,1600,1600,60135,25615,440,553.451876941172,168.41187499812804,7025.321833993075,337.26939386380644
1777186442,200,,Aggregated,208.600000,85.800000,470,630,730,790,950,1100,1400,1400,1600,1600,1600,60135,25615,440,553.451876941172,168.41187499812804,7025.321833993075,337.26939386380644
1777186443,200,GET,trips_per_route,207.500000,85.300000,470,620,720,780,940,1100,1400,1400,1500,1500,1500,60342,25703,440,553.3962873935448,168.41187499812804,7025.321833993075,337.26591760299624
1777186443,200,,Aggregated,207.500000,85.300000,470,620,720,780,940,1100,1400,1400,1500,1500,1500,60342,25703,440,553.3962873935448,168.41187499812804,7025.321833993075,337.26591760299624
1777186444,200,GET,trips_per_route,206.800000,85.000000,470,620,720,780,950,1100,1300,1400,1500,1500,1500,60550,25785,450,553.4565339255198,168.41187499812804,7025.321833993075,337.27719240297273
1777186444,200,,Aggregated,206.800000,85.000000,470,620,720,780,950,1100,1300,1400,1500,1500,1500,60550,25785,450,553.4565339255198,168.41187499812804,7025.321833993075,337.27719240297273
1777186445,200,GET,trips_per_route,207.900000,84.800000,470,620,730,780,960,1100,1300,1400,1500,1500,1500,60752,25874,450,553.4946376412859,168.41187499812804,7025.321833993075,337.27337371609167
1777186445,200,,Aggregated,207.900000,84.800000,470,620,730,780,960,1100,1300,1400,1500,1500,1500,60752,25874,450,553.4946376412859,168.41187499812804,7025.321833993075,337.27337371609167
1777186446,200,GET,trips_per_route,209.300000,85.400000,480,630,740,790,970,1100,1300,1400,1500,1500,1500,60951,25966,450,553.5167774458259,168.41187499812804,7025.321833993075,337.2652786664698
1777186446,200,,Aggregated,209.300000,85.400000,480,630,740,790,970,1100,1300,1400,1500,1500,1500,60951,25966,450,553.5167774458259,168.41187499812804,7025.321833993075,337.2652786664698
1777186447,200,GET,trips_per_route,209.000000,85.700000,490,650,750,810,970,1100,1300,1400,1400,1500,1500,61166,26052,450,553.6746894294303,168.41187499812804,7025.321833993075,337.27209560867146
1777186447,200,,Aggregated,209.000000,85.700000,490,650,750,810,970,1100,1300,1400,1400,1500,1500,61166,26052,450,553.6746894294303,168.41187499812804,7025.321833993075,337.27209560867146
1777186448,200,GET,trips_per_route,207.700000,86.600000,490,670,760,810,990,1100,1300,1400,1400,1500,1500,61373,26142,450,553.8827402809957,168.41187499812804,7025.321833993075,337.26721848369806
1777186448,200,,Aggregated,207.700000,86.600000,490,670,760,810,990,1100,1300,1400,1400,1500,1500,61373,26142,450,553.8827402809957,168.41187499812804,7025.321833993075,337.26721848369806
1777186449,200,GET,trips_per_route,206.900000,87.700000,480,660,750,800,970,1100,1300,1400,1400,1500,1500,61577,26228,450,553.7830562638245,168.41187499812804,7025.321833993075,337.26898030108646
1777186449,200,,Aggregated,206.900000,87.700000,480,660,750,800,970,1100,1300,1400,1400,1500,1500,61577,26228,450,553.7830562638245,168.41187499812804,7025.321833993075,337.26898030108646
1777186450,200,GET,trips_per_route,205.000000,86.300000,480,660,760,810,980,1100,1300,1400,1400,1500,1500,61783,26327,450,553.8029944997734,168.41187499812804,7025.321833993075,337.25354871081043
1777186450,200,,Aggregated,205.000000,86.300000,480,660,760,810,980,1100,1300,1400,1400,1500,1500,61783,26327,450,553.8029944997734,168.41187499812804,7025.321833993075,337.25354871081043
1777186451,200,GET,trips_per_route,206.300000,86.300000,480,660,760,810,990,1100,1300,1400,1400,1500,1500,61985,26416,450,553.9077425340704,168.41187499812804,7025.321833993075,337.2512059369202
1777186451,200,,Aggregated,206.300000,86.300000,480,660,760,810,990,1100,1300,1400,1400,1500,1500,61985,26416,450,553.9077425340704,168.41187499812804,7025.321833993075,337.2512059369202
1777186452,200,GET,trips_per_route,205.500000,86.800000,480,670,760,810,990,1100,1300,1300,1400,1400,1400,62203,26512,450,553.9865764388475,168.41187499812804,7025.321833993075,337.2482195392505
1777186452,200,,Aggregated,205.500000,86.800000,480,670,760,810,990,1100,1300,1300,1400,1400,1400,62203,26512,450,553.9865764388475,168.41187499812804,7025.321833993075,337.2482195392505
1777186453,200,GET,trips_per_route,207.000000,87.900000,480,680,760,810,980,1100,1300,1300,1400,1400,1400,62410,26604,450,554.032299095553,168.41187499812804,7025.321833993075,337.24467232815255
1777186453,200,,Aggregated,207.000000,87.900000,480,680,760,810,980,1100,1300,1300,1400,1400,1400,62410,26604,450,554.032299095553,168.41187499812804,7025.321833993075,337.24467232815255
1777186454,200,GET,trips_per_route,207.200000,89.400000,490,680,760,810,980,1100,1200,1300,1400,1400,1400,62611,26692,450,554.0350884596553,168.41187499812804,7025.321833993075,337.24297647378256
1777186454,200,,Aggregated,207.200000,89.400000,490,680,760,810,980,1100,1200,1300,1400,1400,1400,62611,26692,450,554.0350884596553,168.41187499812804,7025.321833993075,337.24297647378256
1777186455,200,GET,trips_per_route,206.500000,89.900000,490,680,760,810,980,1100,1200,1300,1400,1400,1400,62829,26789,450,554.0193468820039,168.41187499812804,7025.321833993075,337.2296232631428
1777186455,200,,Aggregated,206.500000,89.900000,490,680,760,810,980,1100,1200,1300,1400,1400,1400,62829,26789,450,554.0193468820039,168.41187499812804,7025.321833993075,337.2296232631428
1777186456,200,GET,trips_per_route,205.800000,90.100000,490,670,750,800,960,1100,1200,1300,1400,1400,1400,63046,26881,450,553.9074896185539,168.41187499812804,7025.321833993075,337.2322272626336
1777186456,200,,Aggregated,205.800000,90.100000,490,670,750,800,960,1100,1200,1300,1400,1400,1400,63046,26881,450,553.9074896185539,168.41187499812804,7025.321833993075,337.2322272626336
1777186457,200,GET,trips_per_route,206.100000,91.100000,480,660,750,790,960,1100,1200,1300,1400,1400,1400,63260,26972,450,553.8504901075898,168.41187499812804,7025.321833993075,337.23199494151123
1777186457,200,,Aggregated,206.100000,91.100000,480,660,750,790,960,1100,1200,1300,1400,1400,1400,63260,26972,450,553.8504901075898,168.41187499812804,7025.321833993075,337.23199494151123
1777186458,200,GET,trips_per_route,206.800000,90.900000,480,650,740,780,940,1000,1200,1300,1600,1600,1600,63466,27056,450,553.89095949688,168.41187499812804,7025.321833993075,337.236914253301
1777186458,200,,Aggregated,206.800000,90.900000,480,650,740,780,940,1000,1200,1300,1600,1600,1600,63466,27056,450,553.89095949688,168.41187499812804,7025.321833993075,337.236914253301
1777186459,200,GET,trips_per_route,207.700000,90.100000,480,650,740,780,940,1000,1200,1300,1600,1600,1600,63679,27139,450,553.8633571749536,168.41187499812804,7025.321833993075,337.24691028439514
1777186459,200,,Aggregated,207.700000,90.100000,480,650,740,780,940,1000,1200,1300,1600,1600,1600,63679,27139,450,553.8633571749536,168.41187499812804,7025.321833993075,337.24691028439514
1777186460,200,GET,trips_per_route,210.500000,92.200000,480,650,730,780,940,1000,1200,1300,1600,1600,1600,63896,27230,450,553.8495849389441,168.41187499812804,7025.321833993075,337.2508920746213
1777186460,200,,Aggregated,210.500000,92.200000,480,650,730,780,940,1000,1200,1300,1600,1600,1600,63896,27230,450,553.8495849389441,168.41187499812804,7025.321833993075,337.2508920746213
1777186461,200,GET,trips_per_route,209.400000,91.700000,480,650,720,770,930,1000,1100,1200,1600,1600,1600,64091,27312,450,553.7492832633448,168.41187499812804,7025.321833993075,337.25296843550575
1777186461,200,,Aggregated,209.400000,91.700000,480,650,720,770,930,1000,1100,1200,1600,1600,1600,64091,27312,450,553.7492832633448,168.41187499812804,7025.321833993075,337.25296843550575
1777186462,200,GET,trips_per_route,209.500000,90.900000,480,650,730,780,930,1000,1100,1200,1600,1600,1600,64302,27403,450,553.9383328524651,168.41187499812804,7025.321833993075,337.2532736151286
1777186462,200,,Aggregated,209.500000,90.900000,480,650,730,780,930,1000,1100,1200,1600,1600,1600,64302,27403,450,553.9383328524651,168.41187499812804,7025.321833993075,337.2532736151286
1777186463,200,GET,trips_per_route,211.000000,90.100000,480,650,730,780,930,1000,1100,1200,1600,1800,1800,64513,27497,450,553.995541717702,168.41187499812804,7025.321833993075,337.24815153534945
1777186463,200,,Aggregated,211.000000,90.100000,480,650,730,780,930,1000,1100,1200,1600,1800,1800,64513,27497,450,553.995541717702,168.41187499812804,7025.321833993075,337.24815153534945
1777186464,200,GET,trips_per_route,209.800000,88.800000,490,660,740,790,930,1000,1200,1200,1600,1800,1800,64720,27588,450,554.0305212298555,168.41187499812804,7025.321833993075,337.24403584672433
1777186464,200,,Aggregated,209.800000,88.800000,490,660,740,790,930,1000,1200,1200,1600,1800,1800,64720,27588,450,554.0305212298555,168.41187499812804,7025.321833993075,337.24403584672433
1777186465,200,GET,trips_per_route,209.600000,88.900000,490,660,740,790,930,1000,1200,1300,1800,2000,2000,64918,27684,450,554.0862857147516,168.41187499812804,7025.321833993075,337.22885794386764
1777186465,200,,Aggregated,209.600000,88.900000,490,660,740,790,930,1000,1200,1300,1800,2000,2000,64918,27684,450,554.0862857147516,168.41187499812804,7025.321833993075,337.22885794386764
1777186466,200,GET,trips_per_route,210.300000,89.300000,490,660,750,800,930,1000,1200,1300,2100,2100,2100,65113,27775,450,554.0917962891328,168.41187499812804,7025.321833993075,337.22000215010826
1777186466,200,,Aggregated,210.300000,89.300000,490,660,750,800,930,1000,1200,1300,2100,2100,2100,65113,27775,450,554.0917962891328,168.41187499812804,7025.321833993075,337.22000215010826
1777186467,200,GET,trips_per_route,208.900000,88.700000,500,680,760,820,950,1100,1200,1300,2100,2100,2100,65320,27869,450,554.3329753103848,168.41187499812804,7025.321833993075,337.21399265156157
1777186467,200,,Aggregated,208.900000,88.700000,500,680,760,820,950,1100,1200,1300,2100,2100,2100,65320,27869,450,554.3329753103848,168.41187499812804,7025.321833993075,337.21399265156157
1777186468,200,GET,trips_per_route,209.500000,89.300000,500,680,760,830,950,1100,1200,1300,2100,2100,2100,65532,27960,450,554.4561316923988,168.41187499812804,7025.321833993075,337.2148721235427
1777186468,200,,Aggregated,209.500000,89.300000,500,680,760,830,950,1100,1200,1300,2100,2100,2100,65532,27960,450,554.4561316923988,168.41187499812804,7025.321833993075,337.2148721235427
1777186469,200,GET,trips_per_route,207.200000,90.100000,510,690,780,840,960,1100,1200,1300,2100,2100,2100,65727,28051,450,554.552734241378,168.41187499812804,7025.321833993075,337.20318894822526
1777186469,200,,Aggregated,207.200000,90.100000,510,690,780,840,960,1100,1200,1300,2100,2100,2100,65727,28051,450,554.552734241378,168.41187499812804,7025.321833993075,337.20318894822526
1777186470,200,GET,trips_per_route,206.000000,89.100000,500,690,780,830,970,1100,1200,1300,2100,2100,2100,65924,28142,450,554.5461374789134,168.41187499812804,7025.321833993075,337.19561919786423
1777186470,200,,Aggregated,206.000000,89.100000,500,690,780,830,970,1100,1200,1300,2100,2100,2100,65924,28142,450,554.5461374789134,168.41187499812804,7025.321833993075,337.19561919786423
1777186471,200,GET,trips_per_route,206.100000,90.100000,500,700,790,850,990,1100,1200,1300,2100,2100,2100,66131,28235,450,554.6634134369183,168.41187499812804,7025.321833993075,337.19053091590933
1777186471,200,,Aggregated,206.100000,90.100000,500,700,790,850,990,1100,1200,1300,2100,2100,2100,66131,28235,450,554.6634134369183,168.41187499812804,7025.321833993075,337.19053091590933
1777186472,200,GET,trips_per_route,205.200000,90.900000,490,700,790,850,1000,1100,1300,1400,2100,2100,2100,66334,28332,450,554.7990784141888,168.41187499812804,7025.321833993075,337.17965146078933
1777186472,200,,Aggregated,205.200000,90.900000,490,700,790,850,1000,1100,1300,1400,2100,2100,2100,66334,28332,450,554.7990784141888,168.41187499812804,7025.321833993075,337.17965146078933
1777186473,200,GET,trips_per_route,202.800000,91.400000,500,700,800,860,1000,1200,1300,1400,2100,2100,2100,66543,28430,450,554.9318650870506,168.41187499812804,7025.321833993075,337.16999534135823
1777186473,200,,Aggregated,202.800000,91.400000,500,700,800,860,1000,1200,1300,1400,2100,2100,2100,66543,28430,450,554.9318650870506,168.41187499812804,7025.321833993075,337.16999534135823
1777186474,200,GET,trips_per_route,203.300000,92.600000,490,690,800,860,1000,1200,1300,1400,2100,2100,2100,66736,28526,450,555.0074426930997,168.41187499812804,7025.321833993075,337.15021877247665
1777186474,200,,Aggregated,203.300000,92.600000,490,690,800,860,1000,1200,1300,1400,2100,2100,2100,66736,28526,450,555.0074426930997,168.41187499812804,7025.321833993075,337.15021877247665
1777186475,200,GET,trips_per_route,202.200000,93.300000,490,690,800,870,1100,1200,1300,1400,1800,2100,2100,66940,28622,450,555.2345810249536,168.41187499812804,7025.321833993075,337.13904989542874
1777186475,200,,Aggregated,202.200000,93.300000,490,690,800,870,1100,1200,1300,1400,1800,2100,2100,66940,28622,450,555.2345810249536,168.41187499812804,7025.321833993075,337.13904989542874
1777186476,200,GET,trips_per_route,201.900000,93.600000,510,700,800,880,1100,1200,1300,1400,1600,1800,1800,67136,28717,450,555.3153080025951,168.41187499812804,7025.321833993075,337.1258341277407
1777186476,200,,Aggregated,201.900000,93.600000,510,700,800,880,1100,1200,1300,1400,1600,1800,1800,67136,28717,450,555.3153080025951,168.41187499812804,7025.321833993075,337.1258341277407
1777186477,100,GET,trips_per_route,201.300000,93.500000,480,690,790,870,1100,1200,1300,1400,1600,1600,1600,67267,28745,450,555.2162603081072,168.41187499812804,7025.321833993075,337.16105965778166
1777186477,100,,Aggregated,201.300000,93.500000,480,690,790,870,1100,1200,1300,1400,1600,1600,1600,67267,28745,450,555.2162603081072,168.41187499812804,7025.321833993075,337.16105965778166
1777186478,0,GET,trips_per_route,201.300000,93.500000,460,680,790,870,1100,1200,1300,1400,1600,1600,1600,67267,28745,450,555.2162603081072,168.41187499812804,7025.321833993075,337.16105965778166
1777186478,0,,Aggregated,201.300000,93.500000,460,680,790,870,1100,1200,1300,1400,1600,1600,1600,67267,28745,450,555.2162603081072,168.41187499812804,7025.321833993075,337.16105965778166
1777186479,0,GET,trips_per_route,201.300000,93.500000,440,680,770,860,1100,1200,1300,1400,1600,1600,1600,67267,28745,450,555.2162603081072,168.41187499812804,7025.321833993075,337.16105965778166
1777186479,0,,Aggregated,201.300000,93.500000,440,680,770,860,1100,1200,1300,1400,1600,1600,1600,67267,28745,450,555.2162603081072,168.41187499812804,7025.321833993075,337.16105965778166
1777186480,0,GET,trips_per_route,201.300000,93.500000,430,680,770,870,1100,1200,1300,1400,1600,1600,1600,67267,28745,450,555.2162603081072,168.41187499812804,7025.321833993075,337.16105965778166
1777186480,0,,Aggregated,201.300000,93.500000,430,680,770,870,1100,1200,1300,1400,1600,1600,1600,67267,28745,450,555.2162603081072,168.41187499812804,7025.321833993075,337.16105965778166
1777186481,0,GET,trips_per_route,201.300000,93.500000,450,680,790,890,1100,1200,1300,1400,1600,1600,1600,67267,28745,450,555.2162603081072,168.41187499812804,7025.321833993075,337.16105965778166
1777186481,0,,Aggregated,201.300000,93.500000,450,680,790,890,1100,1200,1300,1400,1600,1600,1600,67267,28745,450,555.2162603081072,168.41187499812804,7025.321833993075,337.16105965778166
1777186482,0,GET,trips_per_route,201.300000,93.500000,440,680,770,890,1100,1200,1400,1400,1600,1600,1600,67267,28745,450,555.2162603081072,168.41187499812804,7025.321833993075,337.16105965778166
1777186482,0,,Aggregated,201.300000,93.500000,440,680,770,890,1100,1200,1400,1400,1600,1600,1600,67267,28745,450,555.2162603081072,168.41187499812804,7025.321833993075,337.16105965778166
1777186483,0,GET,trips_per_route,201.300000,93.500000,420,670,770,870,1100,1200,1300,1400,1600,1600,1600,67267,28745,450,555.2162603081072,168.41187499812804,7025.321833993075,337.16105965778166
1777186483,0,,Aggregated,201.300000,93.500000,420,670,770,870,1100,1200,1300,1400,1600,1600,1600,67267,28745,450,555.2162603081072,168.41187499812804,7025.321833993075,337.16105965778166
1777186484,0,GET,trips_per_route,201.300000,93.500000,400,660,760,860,1100,1200,1400,1500,1600,1600,1600,67267,28745,450,555.2162603081072,168.41187499812804,7025.321833993075,337.16105965778166
1777186484,0,,Aggregated,201.300000,93.500000,400,660,760,860,1100,1200,1400,1500,1600,1600,1600,67267,28745,450,555.2162603081072,168.41187499812804,7025.321833993075,337.16105965778166
1777186485,0,GET,trips_per_route,201.300000,93.500000,370,620,710,760,1000,1200,1300,1300,1400,1400,1400,67267,28745,450,555.2162603081072,168.41187499812804,7025.321833993075,337.16105965778166
1777186485,0,,Aggregated,201.300000,93.500000,370,620,710,760,1000,1200,1300,1300,1400,1400,1400,67267,28745,450,555.2162603081072,168.41187499812804,7025.321833993075,337.16105965778166
1777186486,0,GET,trips_per_route,201.300000,93.500000,340,420,550,600,830,1000,1200,1300,1300,1300,1300,67267,28745,450,555.2162603081072,168.41187499812804,7025.321833993075,337.16105965778166
1777186486,0,,Aggregated,201.300000,93.500000,340,420,550,600,830,1000,1200,1300,1300,1300,1300,67267,28745,450,555.2162603081072,168.41187499812804,7025.321833993075,337.16105965778166
1777186487,0,GET,trips_per_route,201.300000,93.500000,340,420,550,600,830,1000,1200,1300,1300,1300,1300,67267,28745,450,555.2162603081072,168.41187499812804,7025.321833993075,337.16105965778166
1777186487,0,,Aggregated,201.300000,93.500000,340,420,550,600,830,1000,1200,1300,1300,1300,1300,67267,28745,450,555.2162603081072,168.41187499812804,7025.321833993075,337.16105965778166
1777186488,0,GET,trips_per_route,201.300000,93.500000,340,420,550,600,830,1000,1200,1300,1300,1300,1300,67267,28745,450,555.2162603081072,168.41187499812804,7025.321833993075,337.16105965778166
1777186488,0,,Aggregated,201.300000,93.500000,340,420,550,600,830,1000,1200,1300,1300,1300,1300,67267,28745,450,555.2162603081072,168.41187499812804,7025.321833993075,337.16105965778166
1777186489,0,GET,trips_per_route,201.300000,93.500000,340,420,550,600,830,1000,1200,1300,1300,1300,1300,67267,28745,450,555.2162603081072,168.41187499812804,7025.321833993075,337.16105965778166
1777186489,0,,Aggregated,201.300000,93.500000,340,420,550,600,830,1000,1200,1300,1300,1300,1300,67267,28745,450,555.2162603081072,168.41187499812804,7025.321833993075,337.16105965778166
1777186490,0,GET,trips_per_route,201.300000,93.500000,340,420,550,600,830,1000,1200,1300,1300,1300,1300,67267,28745,450,555.2162603081072,168.41187499812804,7025.321833993075,337.16105965778166
1777186490,0,,Aggregated,201.300000,93.500000,340,420,550,600,830,1000,1200,1300,1300,1300,1300,67267,28745,450,555.2162603081072,168.41187499812804,7025.321833993075,337.16105965778166
1777186491,0,GET,trips_per_route,201.300000,93.500000,340,420,550,600,830,1000,1200,1300,1300,1300,1300,67267,28745,450,555.2162603081072,168.41187499812804,7025.321833993075,337.16105965778166
1777186491,0,,Aggregated,201.300000,93.500000,340,420,550,600,830,1000,1200,1300,1300,1300,1300,67267,28745,450,555.2162603081072,168.41187499812804,7025.321833993075,337.16105965778166
1777186492,0,GET,trips_per_route,201.300000,93.500000,340,420,550,600,830,1000,1200,1300,1300,1300,1300,67267,28745,450,555.2162603081072,168.41187499812804,7025.321833993075,337.16105965778166
1777186492,0,,Aggregated,201.300000,93.500000,340,420,550,600,830,1000,1200,1300,1300,1300,1300,67267,28745,450,555.2162603081072,168.41187499812804,7025.321833993075,337.16105965778166
1777186493,0,GET,trips_per_route,201.300000,93.500000,340,420,550,600,830,1000,1200,1300,1300,1300,1300,67267,28745,450,555.2162603081072,168.41187499812804,7025.321833993075,337.16105965778166
1777186493,0,,Aggregated,201.300000,93.500000,340,420,550,600,830,1000,1200,1300,1300,1300,1300,67267,28745,450,555.2162603081072,168.41187499812804,7025.321833993075,337.16105965778166
1777186494,0,GET,trips_per_route,201.300000,93.500000,340,420,550,600,830,1000,1200,1300,1300,1300,1300,67267,28745,450,555.2162603081072,168.41187499812804,7025.321833993075,337.16105965778166
1777186494,0,,Aggregated,201.300000,93.500000,340,420,550,600,830,1000,1200,1300,1300,1300,1300,67267,28745,450,555.2162603081072,168.41187499812804,7025.321833993075,337.16105965778166
1777186495,0,GET,trips_per_route,201.300000,93.500000,0,0,0,0,0,0,0,0,0,0,0,67267,28745,450,555.2162603081072,168.41187499812804,7025.321833993075,337.16105965778166
1777186495,0,,Aggregated,201.300000,93.500000,0,0,0,0,0,0,0,0,0,0,0,67267,28745,450,555.2162603081072,168.41187499812804,7025.321833993075,337.16105965778166
1777186496,0,GET,trips_per_route,201.300000,93.500000,0,0,0,0,0,0,0,0,0,0,0,67267,28745,450,555.2162603081072,168.41187499812804,7025.321833993075,337.16105965778166
1777186496,0,,Aggregated,201.300000,93.500000,0,0,0,0,0,0,0,0,0,0,0,67267,28745,450,555.2162603081072,168.41187499812804,7025.321833993075,337.16105965778166
1777186497,0,GET,trips_per_route,201.300000,93.500000,0,0,0,0,0,0,0,0,0,0,0,67267,28745,450,555.2162603081072,168.41187499812804,7025.321833993075,337.16105965778166
1777186497,0,,Aggregated,201.300000,93.500000,0,0,0,0,0,0,0,0,0,0,0,67267,28745,450,555.2162603081072,168.41187499812804,7025.321833993075,337.16105965778166
1777186498,0,GET,trips_per_route,201.300000,93.500000,0,0,0,0,0,0,0,0,0,0,0,67267,28745,450,555.2162603081072,168.41187499812804,7025.321833993075,337.16105965778166
1777186498,0,,Aggregated,201.300000,93.500000,0,0,0,0,0,0,0,0,0,0,0,67267,28745,450,555.2162603081072,168.41187499812804,7025.321833993075,337.16105965778166
1777186499,0,GET,trips_per_route,201.300000,93.500000,0,0,0,0,0,0,0,0,0,0,0,67267,28745,450,555.2162603081072,168.41187499812804,7025.321833993075,337.16105965778166
1777186499,0,,Aggregated,201.300000,93.500000,0,0,0,0,0,0,0,0,0,0,0,67267,28745,450,555.2162603081072,168.41187499812804,7025.321833993075,337.16105965778166
1777186500,0,GET,trips_per_route,201.300000,93.500000,0,0,0,0,0,0,0,0,0,0,0,67267,28745,450,555.2162603081072,168.41187499812804,7025.321833993075,337.16105965778166
1777186500,0,,Aggregated,201.300000,93.500000,0,0,0,0,0,0,0,0,0,0,0,67267,28745,450,555.2162603081072,168.41187499812804,7025.321833993075,337.16105965778166
1777186501,0,GET,trips_per_route,201.300000,93.500000,0,0,0,0,0,0,0,0,0,0,0,67267,28745,450,555.2162603081072,168.41187499812804,7025.321833993075,337.16105965778166
1777186501,0,,Aggregated,201.300000,93.500000,0,0,0,0,0,0,0,0,0,0,0,67267,28745,450,555.2162603081072,168.41187499812804,7025.321833993075,337.16105965778166
1777186502,0,GET,trips_per_route,201.300000,93.500000,0,0,0,0,0,0,0,0,0,0,0,67267,28745,450,555.2162603081072,168.41187499812804,7025.321833993075,337.16105965778166
1777186502,0,,Aggregated,201.300000,93.500000,0,0,0,0,0,0,0,0,0,0,0,67267,28745,450,555.2162603081072,168.41187499812804,7025.321833993075,337.16105965778166
1777186503,0,GET,trips_per_route,201.300000,93.500000,0,0,0,0,0,0,0,0,0,0,0,67267,28745,450,555.2162603081072,168.41187499812804,7025.321833993075,337.16105965778166
1777186503,0,,Aggregated,201.300000,93.500000,0,0,0,0,0,0,0,0,0,0,0,67267,28745,450,555.2162603081072,168.41187499812804,7025.321833993075,337.16105965778166
1777186504,0,GET,trips_per_route,201.300000,93.500000,0,0,0,0,0,0,0,0,0,0,0,67267,28745,450,555.2162603081072,168.41187499812804,7025.321833993075,337.16105965778166
1777186504,0,,Aggregated,201.300000,93.500000,0,0,0,0,0,0,0,0,0,0,0,67267,28745,450,555.2162603081072,168.41187499812804,7025.321833993075,337.16105965778166
1777186505,0,GET,trips_per_route,201.300000,93.500000,0,0,0,0,0,0,0,0,0,0,0,67267,28745,450,555.2162603081072,168.41187499812804,7025.321833993075,337.16105965778166
1777186505,0,,Aggregated,201.300000,93.500000,0,0,0,0,0,0,0,0,0,0,0,67267,28745,450,555.2162603081072,168.41187499812804,7025.321833993075,337.16105965778166
1777186506,0,GET,trips_per_route,201.300000,93.500000,0,0,0,0,0,0,0,0,0,0,0,67267,28745,450,555.2162603081072,168.41187499812804,7025.321833993075,337.16105965778166
1777186506,0,,Aggregated,201.300000,93.500000,0,0,0,0,0,0,0,0,0,0,0,67267,28745,450,555.2162603081072,168.41187499812804,7025.321833993075,337.16105965778166
1777186507,0,GET,trips_per_route,201.300000,93.500000,0,0,0,0,0,0,0,0,0,0,0,67267,28745,450,555.2162603081072,168.41187499812804,7025.321833993075,337.16105965778166
1777186507,0,,Aggregated,201.300000,93.500000,0,0,0,0,0,0,0,0,0,0,0,67267,28745,450,555.2162603081072,168.41187499812804,7025.321833993075,337.16105965778166
1777186508,0,GET,trips_per_route,201.300000,93.500000,0,0,0,0,0,0,0,0,0,0,0,67267,28745,450,555.2162603081072,168.41187499812804,7025.321833993075,337.16105965778166
1777186508,0,,Aggregated,201.300000,93.500000,0,0,0,0,0,0,0,0,0,0,0,67267,28745,450,555.2162603081072,168.41187499812804,7025.321833993075,337.16105965778166
1777186509,0,GET,trips_per_route,201.300000,93.500000,0,0,0,0,0,0,0,0,0,0,0,67267,28745,450,555.2162603081072,168.41187499812804,7025.321833993075,337.16105965778166
1777186509,0,,Aggregated,201.300000,93.500000,0,0,0,0,0,0,0,0,0,0,0,67267,28745,450,555.2162603081072,168.41187499812804,7025.321833993075,337.16105965778166
1777186510,0,GET,trips_per_route,201.300000,93.500000,0,0,0,0,0,0,0,0,0,0,0,67267,28745,450,555.2162603081072,168.41187499812804,7025.321833993075,337.16105965778166
1777186510,0,,Aggregated,201.300000,93.500000,0,0,0,0,0,0,0,0,0,0,0,67267,28745,450,555.2162603081072,168.41187499812804,7025.321833993075,337.16105965778166
1777186511,0,GET,trips_per_route,201.300000,93.500000,0,0,0,0,0,0,0,0,0,0,0,67267,28745,450,555.2162603081072,168.41187499812804,7025.321833993075,337.16105965778166
1777186511,0,,Aggregated,201.300000,93.500000,0,0,0,0,0,0,0,0,0,0,0,67267,28745,450,555.2162603081072,168.41187499812804,7025.321833993075,337.16105965778166
1777186512,0,GET,trips_per_route,201.300000,93.500000,0,0,0,0,0,0,0,0,0,0,0,67267,28745,450,555.2162603081072,168.41187499812804,7025.321833993075,337.16105965778166
1777186512,0,,Aggregated,201.300000,93.500000,0,0,0,0,0,0,0,0,0,0,0,67267,28745,450,555.2162603081072,168.41187499812804,7025.321833993075,337.16105965778166
1777186513,0,GET,trips_per_route,201.300000,93.500000,0,0,0,0,0,0,0,0,0,0,0,67267,28745,450,555.2162603081072,168.41187499812804,7025.321833993075,337.16105965778166
1777186513,0,,Aggregated,201.300000,93.500000,0,0,0,0,0,0,0,0,0,0,0,67267,28745,450,555.2162603081072,168.41187499812804,7025.321833993075,337.16105965778166
1777186514,0,GET,trips_per_route,201.300000,93.500000,0,0,0,0,0,0,0,0,0,0,0,67267,28745,450,555.2162603081072,168.41187499812804,7025.321833993075,337.16105965778166
1777186514,0,,Aggregated,201.300000,93.500000,0,0,0,0,0,0,0,0,0,0,0,67267,28745,450,555.2162603081072,168.41187499812804,7025.321833993075,337.16105965778166
1777186515,0,GET,trips_per_route,201.300000,93.500000,0,0,0,0,0,0,0,0,0,0,0,67267,28745,450,555.2162603081072,168.41187499812804,7025.321833993075,337.16105965778166
1777186515,0,,Aggregated,201.300000,93.500000,0,0,0,0,0,0,0,0,0,0,0,67267,28745,450,555.2162603081072,168.41187499812804,7025.321833993075,337.16105965778166
1777186516,0,GET,trips_per_route,201.300000,93.500000,0,0,0,0,0,0,0,0,0,0,0,67267,28745,450,555.2162603081072,168.41187499812804,7025.321833993075,337.16105965778166
1777186516,0,,Aggregated,201.300000,93.500000,0,0,0,0,0,0,0,0,0,0,0,67267,28745,450,555.2162603081072,168.41187499812804,7025.321833993075,337.16105965778166
1777186517,0,GET,trips_per_route,201.300000,93.500000,0,0,0,0,0,0,0,0,0,0,0,67267,28745,450,555.2162603081072,168.41187499812804,7025.321833993075,337.16105965778166
1777186517,0,,Aggregated,201.300000,93.500000,0,0,0,0,0,0,0,0,0,0,0,67267,28745,450,555.2162603081072,168.41187499812804,7025.321833993075,337.16105965778166
1777186518,0,GET,trips_per_route,201.300000,93.500000,0,0,0,0,0,0,0,0,0,0,0,67267,28745,450,555.2162603081072,168.41187499812804,7025.321833993075,337.16105965778166
1777186518,0,,Aggregated,201.300000,93.500000,0,0,0,0,0,0,0,0,0,0,0,67267,28745,450,555.2162603081072,168.41187499812804,7025.321833993075,337.16105965778166
1777186519,0,GET,trips_per_route,201.300000,93.500000,0,0,0,0,0,0,0,0,0,0,0,67267,28745,450,555.2162603081072,168.41187499812804,7025.321833993075,337.16105965778166
1777186519,0,,Aggregated,201.300000,93.500000,0,0,0,0,0,0,0,0,0,0,0,67267,28745,450,555.2162603081072,168.41187499812804,7025.321833993075,337.16105965778166
1777186520,0,GET,trips_per_route,201.300000,93.500000,0,0,0,0,0,0,0,0,0,0,0,67267,28745,450,555.2162603081072,168.41187499812804,7025.321833993075,337.16105965778166
1777186520,0,,Aggregated,201.300000,93.500000,0,0,0,0,0,0,0,0,0,0,0,67267,28745,450,555.2162603081072,168.41187499812804,7025.321833993075,337.16105965778166
1777186521,0,GET,trips_per_route,201.300000,93.500000,0,0,0,0,0,0,0,0,0,0,0,67267,28745,450,555.2162603081072,168.41187499812804,7025.321833993075,337.16105965778166
1777186521,0,,Aggregated,201.300000,93.500000,0,0,0,0,0,0,0,0,0,0,0,67267,28745,450,555.2162603081072,168.41187499812804,7025.321833993075,337.16105965778166
1777186522,0,GET,trips_per_route,201.300000,93.500000,0,0,0,0,0,0,0,0,0,0,0,67267,28745,450,555.2162603081072,168.41187499812804,7025.321833993075,337.16105965778166
1777186522,0,,Aggregated,201.300000,93.500000,0,0,0,0,0,0,0,0,0,0,0,67267,28745,450,555.2162603081072,168.41187499812804,7025.321833993075,337.16105965778166
1777186523,0,GET,trips_per_route,201.300000,93.500000,0,0,0,0,0,0,0,0,0,0,0,67267,28745,450,555.2162603081072,168.41187499812804,7025.321833993075,337.16105965778166
1777186523,0,,Aggregated,201.300000,93.500000,0,0,0,0,0,0,0,0,0,0,0,67267,28745,450,555.2162603081072,168.41187499812804,7025.321833993075,337.16105965778166
1777186524,0,GET,trips_per_route,201.300000,93.500000,0,0,0,0,0,0,0,0,0,0,0,67267,28745,450,555.2162603081072,168.41187499812804,7025.321833993075,337.16105965778166
1777186524,0,,Aggregated,201.300000,93.500000,0,0,0,0,0,0,0,0,0,0,0,67267,28745,450,555.2162603081072,168.41187499812804,7025.321833993075,337.16105965778166
1777186525,0,GET,trips_per_route,201.300000,93.500000,0,0,0,0,0,0,0,0,0,0,0,67267,28745,450,555.2162603081072,168.41187499812804,7025.321833993075,337.16105965778166
1777186525,0,,Aggregated,201.300000,93.500000,0,0,0,0,0,0,0,0,0,0,0,67267,28745,450,555.2162603081072,168.41187499812804,7025.321833993075,337.16105965778166
1777186526,0,GET,trips_per_route,201.300000,93.500000,0,0,0,0,0,0,0,0,0,0,0,67267,28745,450,555.2162603081072,168.41187499812804,7025.321833993075,337.16105965778166
1777186526,0,,Aggregated,201.300000,93.500000,0,0,0,0,0,0,0,0,0,0,0,67267,28745,450,555.2162603081072,168.41187499812804,7025.321833993075,337.16105965778166
1777186527,0,GET,trips_per_route,201.300000,93.500000,0,0,0,0,0,0,0,0,0,0,0,67267,28745,450,555.2162603081072,168.41187499812804,7025.321833993075,337.16105965778166
1777186527,0,,Aggregated,201.300000,93.500000,0,0,0,0,0,0,0,0,0,0,0,67267,28745,450,555.2162603081072,168.41187499812804,7025.321833993075,337.16105965778166
1777186528,0,GET,trips_per_route,201.300000,93.500000,0,0,0,0,0,0,0,0,0,0,0,67267,28745,450,555.2162603081072,168.41187499812804,7025.321833993075,337.16105965778166
1777186528,0,,Aggregated,201.300000,93.500000,0,0,0,0,0,0,0,0,0,0,0,67267,28745,450,555.2162603081072,168.41187499812804,7025.321833993075,337.16105965778166
1777186529,0,GET,trips_per_route,201.300000,93.500000,0,0,0,0,0,0,0,0,0,0,0,67267,28745,450,555.2162603081072,168.41187499812804,7025.321833993075,337.16105965778166
1777186529,0,,Aggregated,201.300000,93.500000,0,0,0,0,0,0,0,0,0,0,0,67267,28745,450,555.2162603081072,168.41187499812804,7025.321833993075,337.16105965778166
1777186530,0,GET,trips_per_route,201.300000,93.500000,0,0,0,0,0,0,0,0,0,0,0,67267,28745,450,555.2162603081072,168.41187499812804,7025.321833993075,337.16105965778166
1777186530,0,,Aggregated,201.300000,93.500000,0,0,0,0,0,0,0,0,0,0,0,67267,28745,450,555.2162603081072,168.41187499812804,7025.321833993075,337.16105965778166
1777186531,0,GET,trips_per_route,201.300000,93.500000,0,0,0,0,0,0,0,0,0,0,0,67267,28745,450,555.2162603081072,168.41187499812804,7025.321833993075,337.16105965778166
1777186531,0,,Aggregated,201.300000,93.500000,0,0,0,0,0,0,0,0,0,0,0,67267,28745,450,555.2162603081072,168.41187499812804,7025.321833993075,337.16105965778166
1777186532,0,GET,trips_per_route,201.300000,93.500000,0,0,0,0,0,0,0,0,0,0,0,67267,28745,450,555.2162603081072,168.41187499812804,7025.321833993075,337.16105965778166
1777186532,0,,Aggregated,201.300000,93.500000,0,0,0,0,0,0,0,0,0,0,0,67267,28745,450,555.2162603081072,168.41187499812804,7025.321833993075,337.16105965778166
1777186533,0,GET,trips_per_route,201.300000,93.500000,0,0,0,0,0,0,0,0,0,0,0,67267,28745,450,555.2162603081072,168.41187499812804,7025.321833993075,337.16105965778166
1777186533,0,,Aggregated,201.300000,93.500000,0,0,0,0,0,0,0,0,0,0,0,67267,28745,450,555.2162603081072,168.41187499812804,7025.321833993075,337.16105965778166
1777186534,0,GET,trips_per_route,201.300000,93.500000,0,0,0,0,0,0,0,0,0,0,0,67267,28745,450,555.2162603081072,168.41187499812804,7025.321833993075,337.16105965778166
1777186534,0,,Aggregated,201.300000,93.500000,0,0,0,0,0,0,0,0,0,0,0,67267,28745,450,555.2162603081072,168.41187499812804,7025.321833993075,337.16105965778166
1777186535,0,GET,trips_per_route,201.300000,93.500000,0,0,0,0,0,0,0,0,0,0,0,67267,28745,450,555.2162603081072,168.41187499812804,7025.321833993075,337.16105965778166
1777186535,0,,Aggregated,201.300000,93.500000,0,0,0,0,0,0,0,0,0,0,0,67267,28745,450,555.2162603081072,168.41187499812804,7025.321833993075,337.16105965778166
1777186536,0,GET,trips_per_route,201.300000,93.500000,0,0,0,0,0,0,0,0,0,0,0,67267,28745,450,555.2162603081072,168.41187499812804,7025.321833993075,337.16105965778166
1777186536,0,,Aggregated,201.300000,93.500000,0,0,0,0,0,0,0,0,0,0,0,67267,28745,450,555.2162603081072,168.41187499812804,7025.321833993075,337.16105965778166
1777186537,0,GET,trips_per_route,201.300000,93.500000,0,0,0,0,0,0,0,0,0,0,0,67267,28745,450,555.2162603081072,168.41187499812804,7025.321833993075,337.16105965778166
1777186537,0,,Aggregated,201.300000,93.500000,0,0,0,0,0,0,0,0,0,0,0,67267,28745,450,555.2162603081072,168.41187499812804,7025.321833993075,337.16105965778166
1777186538,0,GET,trips_per_route,201.300000,93.500000,0,0,0,0,0,0,0,0,0,0,0,67267,28745,450,555.2162603081072,168.41187499812804,7025.321833993075,337.16105965778166
1777186538,0,,Aggregated,201.300000,93.500000,0,0,0,0,0,0,0,0,0,0,0,67267,28745,450,555.2162603081072,168.41187499812804,7025.321833993075,337.16105965778166
1777186539,0,GET,trips_per_route,201.300000,93.500000,0,0,0,0,0,0,0,0,0,0,0,67267,28745,450,555.2162603081072,168.41187499812804,7025.321833993075,337.16105965778166
1777186539,0,,Aggregated,201.300000,93.500000,0,0,0,0,0,0,0,0,0,0,0,67267,28745,450,555.2162603081072,168.41187499812804,7025.321833993075,337.16105965778166
1777186540,0,GET,trips_per_route,201.300000,93.500000,0,0,0,0,0,0,0,0,0,0,0,67267,28745,450,555.2162603081072,168.41187499812804,7025.321833993075,337.16105965778166
1777186540,0,,Aggregated,201.300000,93.500000,0,0,0,0,0,0,0,0,0,0,0,67267,28745,450,555.2162603081072,168.41187499812804,7025.321833993075,337.16105965778166
1777186541,0,GET,trips_per_route,201.300000,93.500000,0,0,0,0,0,0,0,0,0,0,0,67267,28745,450,555.2162603081072,168.41187499812804,7025.321833993075,337.16105965778166
1777186541,0,,Aggregated,201.300000,93.500000,0,0,0,0,0,0,0,0,0,0,0,67267,28745,450,555.2162603081072,168.41187499812804,7025.321833993075,337.16105965778166
1777186542,0,GET,trips_per_route,201.300000,93.500000,0,0,0,0,0,0,0,0,0,0,0,67267,28745,450,555.2162603081072,168.41187499812804,7025.321833993075,337.16105965778166
1777186542,0,,Aggregated,201.300000,93.500000,0,0,0,0,0,0,0,0,0,0,0,67267,28745,450,555.2162603081072,168.41187499812804,7025.321833993075,337.16105965778166
1777186544,0,GET,trips_per_route,201.300000,93.500000,0,0,0,0,0,0,0,0,0,0,0,67267,28745,450,555.2162603081072,168.41187499812804,7025.321833993075,337.16105965778166
1777186544,0,,Aggregated,201.300000,93.500000,0,0,0,0,0,0,0,0,0,0,0,67267,28745,450,555.2162603081072,168.41187499812804,7025.321833993075,337.16105965778166
1777186545,0,GET,trips_per_route,201.300000,93.500000,0,0,0,0,0,0,0,0,0,0,0,67267,28745,450,555.2162603081072,168.41187499812804,7025.321833993075,337.16105965778166
1777186545,0,,Aggregated,201.300000,93.500000,0,0,0,0,0,0,0,0,0,0,0,67267,28745,450,555.2162603081072,168.41187499812804,7025.321833993075,337.16105965778166
1777186546,0,GET,trips_per_route,201.300000,93.500000,0,0,0,0,0,0,0,0,0,0,0,67267,28745,450,555.2162603081072,168.41187499812804,7025.321833993075,337.16105965778166
1777186546,0,,Aggregated,201.300000,93.500000,0,0,0,0,0,0,0,0,0,0,0,67267,28745,450,555.2162603081072,168.41187499812804,7025.321833993075,337.16105965778166
1777186547,0,GET,trips_per_route,201.300000,93.500000,0,0,0,0,0,0,0,0,0,0,0,67267,28745,450,555.2162603081072,168.41187499812804,7025.321833993075,337.16105965778166
1777186547,0,,Aggregated,201.300000,93.500000,0,0,0,0,0,0,0,0,0,0,0,67267,28745,450,555.2162603081072,168.41187499812804,7025.321833993075,337.16105965778166
1777186548,0,GET,trips_per_route,201.300000,93.500000,0,0,0,0,0,0,0,0,0,0,0,67267,28745,450,555.2162603081072,168.41187499812804,7025.321833993075,337.16105965778166
1777186548,0,,Aggregated,201.300000,93.500000,0,0,0,0,0,0,0,0,0,0,0,67267,28745,450,555.2162603081072,168.41187499812804,7025.321833993075,337.16105965778166
1777186549,0,GET,trips_per_route,201.300000,93.500000,0,0,0,0,0,0,0,0,0,0,0,67267,28745,450,555.2162603081072,168.41187499812804,7025.321833993075,337.16105965778166
1777186549,0,,Aggregated,201.300000,93.500000,0,0,0,0,0,0,0,0,0,0,0,67267,28745,450,555.2162603081072,168.41187499812804,7025.321833993075,337.16105965778166
1777186550,0,GET,trips_per_route,201.300000,93.500000,0,0,0,0,0,0,0,0,0,0,0,67267,28745,450,555.2162603081072,168.41187499812804,7025.321833993075,337.16105965778166
1777186550,0,,Aggregated,201.300000,93.500000,0,0,0,0,0,0,0,0,0,0,0,67267,28745,450,555.2162603081072,168.41187499812804,7025.321833993075,337.16105965778166
1777186551,0,GET,trips_per_route,201.300000,93.500000,0,0,0,0,0,0,0,0,0,0,0,67267,28745,450,555.2162603081072,168.41187499812804,7025.321833993075,337.16105965778166
1777186551,0,,Aggregated,201.300000,93.500000,0,0,0,0,0,0,0,0,0,0,0,67267,28745,450,555.2162603081072,168.41187499812804,7025.321833993075,337.16105965778166
1777186552,0,GET,trips_per_route,201.300000,93.500000,0,0,0,0,0,0,0,0,0,0,0,67267,28745,450,555.2162603081072,168.41187499812804,7025.321833993075,337.16105965778166
1777186552,0,,Aggregated,201.300000,93.500000,0,0,0,0,0,0,0,0,0,0,0,67267,28745,450,555.2162603081072,168.41187499812804,7025.321833993075,337.16105965778166
1777186553,0,GET,trips_per_route,201.300000,93.500000,0,0,0,0,0,0,0,0,0,0,0,67267,28745,450,555.2162603081072,168.41187499812804,7025.321833993075,337.16105965778166
1777186553,0,,Aggregated,201.300000,93.500000,0,0,0,0,0,0,0,0,0,0,0,67267,28745,450,555.2162603081072,168.41187499812804,7025.321833993075,337.16105965778166
1777186554,0,GET,trips_per_route,201.300000,93.500000,0,0,0,0,0,0,0,0,0,0,0,67267,28745,450,555.2162603081072,168.41187499812804,7025.321833993075,337.16105965778166
1777186554,0,,Aggregated,201.300000,93.500000,0,0,0,0,0,0,0,0,0,0,0,67267,28745,450,555.2162603081072,168.41187499812804,7025.321833993075,337.16105965778166
1777186555,0,GET,trips_per_route,201.300000,93.500000,0,0,0,0,0,0,0,0,0,0,0,67267,28745,450,555.2162603081072,168.41187499812804,7025.321833993075,337.16105965778166
1777186555,0,,Aggregated,201.300000,93.500000,0,0,0,0,0,0,0,0,0,0,0,67267,28745,450,555.2162603081072,168.41187499812804,7025.321833993075,337.16105965778166
1777186556,0,GET,trips_per_route,201.300000,93.500000,0,0,0,0,0,0,0,0,0,0,0,67267,28745,450,555.2162603081072,168.41187499812804,7025.321833993075,337.16105965778166
1777186556,0,,Aggregated,201.300000,93.500000,0,0,0,0,0,0,0,0,0,0,0,67267,28745,450,555.2162603081072,168.41187499812804,7025.321833993075,337.16105965778166
1777186557,0,GET,trips_per_route,201.300000,93.500000,0,0,0,0,0,0,0,0,0,0,0,67267,28745,450,555.2162603081072,168.41187499812804,7025.321833993075,337.16105965778166
1777186557,0,,Aggregated,201.300000,93.500000,0,0,0,0,0,0,0,0,0,0,0,67267,28745,450,555.2162603081072,168.41187499812804,7025.321833993075,337.16105965778166
1777186558,0,GET,trips_per_route,201.300000,93.500000,0,0,0,0,0,0,0,0,0,0,0,67267,28745,450,555.2162603081072,168.41187499812804,7025.321833993075,337.16105965778166
1777186558,0,,Aggregated,201.300000,93.500000,0,0,0,0,0,0,0,0,0,0,0,67267,28745,450,555.2162603081072,168.41187499812804,7025.321833993075,337.16105965778166
1777186559,0,GET,trips_per_route,201.300000,93.500000,0,0,0,0,0,0,0,0,0,0,0,67267,28745,450,555.2162603081072,168.41187499812804,7025.321833993075,337.16105965778166
1777186559,0,,Aggregated,201.300000,93.500000,0,0,0,0,0,0,0,0,0,0,0,67267,28745,450,555.2162603081072,168.41187499812804,7025.321833993075,337.16105965778166
1777186560,0,GET,trips_per_route,201.300000,93.500000,0,0,0,0,0,0,0,0,0,0,0,67267,28745,450,555.2162603081072,168.41187499812804,7025.321833993075,337.16105965778166
1777186560,0,,Aggregated,201.300000,93.500000,0,0,0,0,0,0,0,0,0,0,0,67267,28745,450,555.2162603081072,168.41187499812804,7025.321833993075,337.16105965778166
1777186561,0,GET,trips_per_route,201.300000,93.500000,0,0,0,0,0,0,0,0,0,0,0,67267,28745,450,555.2162603081072,168.41187499812804,7025.321833993075,337.16105965778166
1777186561,0,,Aggregated,201.300000,93.500000,0,0,0,0,0,0,0,0,0,0,0,67267,28745,450,555.2162603081072,168.41187499812804,7025.321833993075,337.16105965778166
1777186562,0,GET,trips_per_route,201.300000,93.500000,0,0,0,0,0,0,0,0,0,0,0,67267,28745,450,555.2162603081072,168.41187499812804,7025.321833993075,337.16105965778166
1777186562,0,,Aggregated,201.300000,93.500000,0,0,0,0,0,0,0,0,0,0,0,67267,28745,450,555.2162603081072,168.41187499812804,7025.321833993075,337.16105965778166
1777186563,0,GET,trips_per_route,201.300000,93.500000,0,0,0,0,0,0,0,0,0,0,0,67267,28745,450,555.2162603081072,168.41187499812804,7025.321833993075,337.16105965778166
1777186563,0,,Aggregated,201.300000,93.500000,0,0,0,0,0,0,0,0,0,0,0,67267,28745,450,555.2162603081072,168.41187499812804,7025.321833993075,337.16105965778166
1777186564,0,GET,trips_per_route,201.300000,93.500000,0,0,0,0,0,0,0,0,0,0,0,67267,28745,450,555.2162603081072,168.41187499812804,7025.321833993075,337.16105965778166
1777186564,0,,Aggregated,201.300000,93.500000,0,0,0,0,0,0,0,0,0,0,0,67267,28745,450,555.2162603081072,168.41187499812804,7025.321833993075,337.16105965778166
1777186565,0,GET,trips_per_route,201.300000,93.500000,0,0,0,0,0,0,0,0,0,0,0,67267,28745,450,555.2162603081072,168.41187499812804,7025.321833993075,337.16105965778166
1777186565,0,,Aggregated,201.300000,93.500000,0,0,0,0,0,0,0,0,0,0,0,67267,28745,450,555.2162603081072,168.41187499812804,7025.321833993075,337.16105965778166
1777186566,0,GET,trips_per_route,201.300000,93.500000,0,0,0,0,0,0,0,0,0,0,0,67267,28745,450,555.2162603081072,168.41187499812804,7025.321833993075,337.16105965778166
1777186566,0,,Aggregated,201.300000,93.500000,0,0,0,0,0,0,0,0,0,0,0,67267,28745,450,555.2162603081072,168.41187499812804,7025.321833993075,337.16105965778166
1777186567,0,GET,trips_per_route,201.300000,93.500000,0,0,0,0,0,0,0,0,0,0,0,67267,28745,450,555.2162603081072,168.41187499812804,7025.321833993075,337.16105965778166
1777186567,0,,Aggregated,201.300000,93.500000,0,0,0,0,0,0,0,0,0,0,0,67267,28745,450,555.2162603081072,168.41187499812804,7025.321833993075,337.16105965778166
1777186568,0,GET,trips_per_route,201.300000,93.500000,0,0,0,0,0,0,0,0,0,0,0,67267,28745,450,555.2162603081072,168.41187499812804,7025.321833993075,337.16105965778166
1777186568,0,,Aggregated,201.300000,93.500000,0,0,0,0,0,0,0,0,0,0,0,67267,28745,450,555.2162603081072,168.41187499812804,7025.321833993075,337.16105965778166
1777186569,0,GET,trips_per_route,201.300000,93.500000,0,0,0,0,0,0,0,0,0,0,0,67267,28745,450,555.2162603081072,168.41187499812804,7025.321833993075,337.16105965778166
1777186569,0,,Aggregated,201.300000,93.500000,0,0,0,0,0,0,0,0,0,0,0,67267,28745,450,555.2162603081072,168.41187499812804,7025.321833993075,337.16105965778166
1777186570,0,GET,trips_per_route,201.300000,93.500000,0,0,0,0,0,0,0,0,0,0,0,67267,28745,450,555.2162603081072,168.41187499812804,7025.321833993075,337.16105965778166
1777186570,0,,Aggregated,201.300000,93.500000,0,0,0,0,0,0,0,0,0,0,0,67267,28745,450,555.2162603081072,168.41187499812804,7025.321833993075,337.16105965778166
1777186571,0,GET,trips_per_route,201.300000,93.500000,0,0,0,0,0,0,0,0,0,0,0,67267,28745,450,555.2162603081072,168.41187499812804,7025.321833993075,337.16105965778166
1777186571,0,,Aggregated,201.300000,93.500000,0,0,0,0,0,0,0,0,0,0,0,67267,28745,450,555.2162603081072,168.41187499812804,7025.321833993075,337.16105965778166
1777186572,0,GET,trips_per_route,201.300000,93.500000,0,0,0,0,0,0,0,0,0,0,0,67267,28745,450,555.2162603081072,168.41187499812804,7025.321833993075,337.16105965778166
1777186572,0,,Aggregated,201.300000,93.500000,0,0,0,0,0,0,0,0,0,0,0,67267,28745,450,555.2162603081072,168.41187499812804,7025.321833993075,337.16105965778166
1777186573,0,GET,trips_per_route,201.300000,93.500000,0,0,0,0,0,0,0,0,0,0,0,67267,28745,450,555.2162603081072,168.41187499812804,7025.321833993075,337.16105965778166
1777186573,0,,Aggregated,201.300000,93.500000,0,0,0,0,0,0,0,0,0,0,0,67267,28745,450,555.2162603081072,168.41187499812804,7025.321833993075,337.16105965778166
1777186574,0,GET,trips_per_route,201.300000,93.500000,0,0,0,0,0,0,0,0,0,0,0,67267,28745,450,555.2162603081072,168.41187499812804,7025.321833993075,337.16105965778166
1777186574,0,,Aggregated,201.300000,93.500000,0,0,0,0,0,0,0,0,0,0,0,67267,28745,450,555.2162603081072,168.41187499812804,7025.321833993075,337.16105965778166
1777186575,0,GET,trips_per_route,201.300000,93.500000,0,0,0,0,0,0,0,0,0,0,0,67267,28745,450,555.2162603081072,168.41187499812804,7025.321833993075,337.16105965778166
1777186575,0,,Aggregated,201.300000,93.500000,0,0,0,0,0,0,0,0,0,0,0,67267,28745,450,555.2162603081072,168.41187499812804,7025.321833993075,337.16105965778166
1777186576,0,GET,trips_per_route,201.300000,93.500000,0,0,0,0,0,0,0,0,0,0,0,67267,28745,450,555.2162603081072,168.41187499812804,7025.321833993075,337.16105965778166
1777186576,0,,Aggregated,201.300000,93.500000,0,0,0,0,0,0,0,0,0,0,0,67267,28745,450,555.2162603081072,168.41187499812804,7025.321833993075,337.16105965778166
1777186577,0,GET,trips_per_route,201.300000,93.500000,0,0,0,0,0,0,0,0,0,0,0,67267,28745,450,555.2162603081072,168.41187499812804,7025.321833993075,337.16105965778166
1777186577,0,,Aggregated,201.300000,93.500000,0,0,0,0,0,0,0,0,0,0,0,67267,28745,450,555.2162603081072,168.41187499812804,7025.321833993075,337.16105965778166
1777186578,0,GET,trips_per_route,201.300000,93.500000,0,0,0,0,0,0,0,0,0,0,0,67267,28745,450,555.2162603081072,168.41187499812804,7025.321833993075,337.16105965778166
1777186578,0,,Aggregated,201.300000,93.500000,0,0,0,0,0,0,0,0,0,0,0,67267,28745,450,555.2162603081072,168.41187499812804,7025.321833993075,337.16105965778166
1777186579,0,GET,trips_per_route,201.300000,93.500000,0,0,0,0,0,0,0,0,0,0,0,67267,28745,450,555.2162603081072,168.41187499812804,7025.321833993075,337.16105965778166
1777186579,0,,Aggregated,201.300000,93.500000,0,0,0,0,0,0,0,0,0,0,0,67267,28745,450,555.2162603081072,168.41187499812804,7025.321833993075,337.16105965778166
1777186580,0,GET,trips_per_route,201.300000,93.500000,0,0,0,0,0,0,0,0,0,0,0,67267,28745,450,555.2162603081072,168.41187499812804,7025.321833993075,337.16105965778166
1777186580,0,,Aggregated,201.300000,93.500000,0,0,0,0,0,0,0,0,0,0,0,67267,28745,450,555.2162603081072,168.41187499812804,7025.321833993075,337.16105965778166
1777186581,0,GET,trips_per_route,201.300000,93.500000,0,0,0,0,0,0,0,0,0,0,0,67267,28745,450,555.2162603081072,168.41187499812804,7025.321833993075,337.16105965778166
1777186581,0,,Aggregated,201.300000,93.500000,0,0,0,0,0,0,0,0,0,0,0,67267,28745,450,555.2162603081072,168.41187499812804,7025.321833993075,337.16105965778166
1777186582,0,GET,trips_per_route,201.300000,93.500000,0,0,0,0,0,0,0,0,0,0,0,67267,28745,450,555.2162603081072,168.41187499812804,7025.321833993075,337.16105965778166
1777186582,0,,Aggregated,201.300000,93.500000,0,0,0,0,0,0,0,0,0,0,0,67267,28745,450,555.2162603081072,168.41187499812804,7025.321833993075,337.16105965778166
1777186583,0,GET,trips_per_route,201.300000,93.500000,0,0,0,0,0,0,0,0,0,0,0,67267,28745,450,555.2162603081072,168.41187499812804,7025.321833993075,337.16105965778166
1777186583,0,,Aggregated,201.300000,93.500000,0,0,0,0,0,0,0,0,0,0,0,67267,28745,450,555.2162603081072,168.41187499812804,7025.321833993075,337.16105965778166
1777186584,0,GET,trips_per_route,201.300000,93.500000,0,0,0,0,0,0,0,0,0,0,0,67267,28745,450,555.2162603081072,168.41187499812804,7025.321833993075,337.16105965778166
1777186584,0,,Aggregated,201.300000,93.500000,0,0,0,0,0,0,0,0,0,0,0,67267,28745,450,555.2162603081072,168.41187499812804,7025.321833993075,337.16105965778166
1777186585,0,GET,trips_per_route,201.300000,93.500000,0,0,0,0,0,0,0,0,0,0,0,67267,28745,450,555.2162603081072,168.41187499812804,7025.321833993075,337.16105965778166
1777186585,0,,Aggregated,201.300000,93.500000,0,0,0,0,0,0,0,0,0,0,0,67267,28745,450,555.2162603081072,168.41187499812804,7025.321833993075,337.16105965778166
1777186586,0,GET,trips_per_route,201.300000,93.500000,0,0,0,0,0,0,0,0,0,0,0,67267,28745,450,555.2162603081072,168.41187499812804,7025.321833993075,337.16105965778166
1777186586,0,,Aggregated,201.300000,93.500000,0,0,0,0,0,0,0,0,0,0,0,67267,28745,450,555.2162603081072,168.41187499812804,7025.321833993075,337.16105965778166
1777186587,0,GET,trips_per_route,201.300000,93.500000,0,0,0,0,0,0,0,0,0,0,0,67267,28745,450,555.2162603081072,168.41187499812804,7025.321833993075,337.16105965778166
1777186587,0,,Aggregated,201.300000,93.500000,0,0,0,0,0,0,0,0,0,0,0,67267,28745,450,555.2162603081072,168.41187499812804,7025.321833993075,337.16105965778166
1777186588,0,GET,trips_per_route,201.300000,93.500000,0,0,0,0,0,0,0,0,0,0,0,67267,28745,450,555.2162603081072,168.41187499812804,7025.321833993075,337.16105965778166
1777186588,0,,Aggregated,201.300000,93.500000,0,0,0,0,0,0,0,0,0,0,0,67267,28745,450,555.2162603081072,168.41187499812804,7025.321833993075,337.16105965778166
1777186589,0,GET,trips_per_route,201.300000,93.500000,0,0,0,0,0,0,0,0,0,0,0,67267,28745,450,555.2162603081072,168.41187499812804,7025.321833993075,337.16105965778166
1777186589,0,,Aggregated,201.300000,93.500000,0,0,0,0,0,0,0,0,0,0,0,67267,28745,450,555.2162603081072,168.41187499812804,7025.321833993075,337.16105965778166
1777186590,0,GET,trips_per_route,201.300000,93.500000,0,0,0,0,0,0,0,0,0,0,0,67267,28745,450,555.2162603081072,168.41187499812804,7025.321833993075,337.16105965778166
1777186590,0,,Aggregated,201.300000,93.500000,0,0,0,0,0,0,0,0,0,0,0,67267,28745,450,555.2162603081072,168.41187499812804,7025.321833993075,337.16105965778166
1777186591,0,GET,trips_per_route,201.300000,93.500000,0,0,0,0,0,0,0,0,0,0,0,67267,28745,450,555.2162603081072,168.41187499812804,7025.321833993075,337.16105965778166
1777186591,0,,Aggregated,201.300000,93.500000,0,0,0,0,0,0,0,0,0,0,0,67267,28745,450,555.2162603081072,168.41187499812804,7025.321833993075,337.16105965778166
1777186592,0,GET,trips_per_route,201.300000,93.500000,0,0,0,0,0,0,0,0,0,0,0,67267,28745,450,555.2162603081072,168.41187499812804,7025.321833993075,337.16105965778166
1777186592,0,,Aggregated,201.300000,93.500000,0,0,0,0,0,0,0,0,0,0,0,67267,28745,450,555.2162603081072,168.41187499812804,7025.321833993075,337.16105965778166
1777186593,0,GET,trips_per_route,201.300000,93.500000,0,0,0,0,0,0,0,0,0,0,0,67267,28745,450,555.2162603081072,168.41187499812804,7025.321833993075,337.16105965778166
1777186593,0,,Aggregated,201.300000,93.500000,0,0,0,0,0,0,0,0,0,0,0,67267,28745,450,555.2162603081072,168.41187499812804,7025.321833993075,337.16105965778166
1777186594,0,GET,trips_per_route,201.300000,93.500000,0,0,0,0,0,0,0,0,0,0,0,67267,28745,450,555.2162603081072,168.41187499812804,7025.321833993075,337.16105965778166
1777186594,0,,Aggregated,201.300000,93.500000,0,0,0,0,0,0,0,0,0,0,0,67267,28745,450,555.2162603081072,168.41187499812804,7025.321833993075,337.16105965778166
1777186595,0,GET,trips_per_route,201.300000,93.500000,0,0,0,0,0,0,0,0,0,0,0,67267,28745,450,555.2162603081072,168.41187499812804,7025.321833993075,337.16105965778166
1777186595,0,,Aggregated,201.300000,93.500000,0,0,0,0,0,0,0,0,0,0,0,67267,28745,450,555.2162603081072,168.41187499812804,7025.321833993075,337.16105965778166
1777186596,0,GET,trips_per_route,201.300000,93.500000,0,0,0,0,0,0,0,0,0,0,0,67267,28745,450,555.2162603081072,168.41187499812804,7025.321833993075,337.16105965778166
1777186596,0,,Aggregated,201.300000,93.500000,0,0,0,0,0,0,0,0,0,0,0,67267,28745,450,555.2162603081072,168.41187499812804,7025.321833993075,337.16105965778166
1777186597,0,GET,trips_per_route,201.300000,93.500000,0,0,0,0,0,0,0,0,0,0,0,67267,28745,450,555.2162603081072,168.41187499812804,7025.321833993075,337.16105965778166
1777186597,0,,Aggregated,201.300000,93.500000,0,0,0,0,0,0,0,0,0,0,0,67267,28745,450,555.2162603081072,168.41187499812804,7025.321833993075,337.16105965778166
1777186598,0,GET,trips_per_route,201.300000,93.500000,0,0,0,0,0,0,0,0,0,0,0,67267,28745,450,555.2162603081072,168.41187499812804,7025.321833993075,337.16105965778166
1777186598,0,,Aggregated,201.300000,93.500000,0,0,0,0,0,0,0,0,0,0,0,67267,28745,450,555.2162603081072,168.41187499812804,7025.321833993075,337.16105965778166
1777186599,0,GET,trips_per_route,201.300000,93.500000,0,0,0,0,0,0,0,0,0,0,0,67267,28745,450,555.2162603081072,168.41187499812804,7025.321833993075,337.16105965778166
1777186599,0,,Aggregated,201.300000,93.500000,0,0,0,0,0,0,0,0,0,0,0,67267,28745,450,555.2162603081072,168.41187499812804,7025.321833993075,337.16105965778166
1777186600,0,GET,trips_per_route,201.300000,93.500000,0,0,0,0,0,0,0,0,0,0,0,67267,28745,450,555.2162603081072,168.41187499812804,7025.321833993075,337.16105965778166
1777186600,0,,Aggregated,201.300000,93.500000,0,0,0,0,0,0,0,0,0,0,0,67267,28745,450,555.2162603081072,168.41187499812804,7025.321833993075,337.16105965778166
1777186601,0,GET,trips_per_route,201.300000,93.500000,0,0,0,0,0,0,0,0,0,0,0,67267,28745,450,555.2162603081072,168.41187499812804,7025.321833993075,337.16105965778166
1777186601,0,,Aggregated,201.300000,93.500000,0,0,0,0,0,0,0,0,0,0,0,67267,28745,450,555.2162603081072,168.41187499812804,7025.321833993075,337.16105965778166
1777186602,0,GET,trips_per_route,201.300000,93.500000,0,0,0,0,0,0,0,0,0,0,0,67267,28745,450,555.2162603081072,168.41187499812804,7025.321833993075,337.16105965778166
1777186602,0,,Aggregated,201.300000,93.500000,0,0,0,0,0,0,0,0,0,0,0,67267,28745,450,555.2162603081072,168.41187499812804,7025.321833993075,337.16105965778166
1777186603,0,GET,trips_per_route,201.300000,93.500000,0,0,0,0,0,0,0,0,0,0,0,67267,28745,450,555.2162603081072,168.41187499812804,7025.321833993075,337.16105965778166
1777186603,0,,Aggregated,201.300000,93.500000,0,0,0,0,0,0,0,0,0,0,0,67267,28745,450,555.2162603081072,168.41187499812804,7025.321833993075,337.16105965778166
1777186604,0,GET,trips_per_route,201.300000,93.500000,0,0,0,0,0,0,0,0,0,0,0,67267,28745,450,555.2162603081072,168.41187499812804,7025.321833993075,337.16105965778166
1777186604,0,,Aggregated,201.300000,93.500000,0,0,0,0,0,0,0,0,0,0,0,67267,28745,450,555.2162603081072,168.41187499812804,7025.321833993075,337.16105965778166
1777186605,0,GET,trips_per_route,201.300000,93.500000,0,0,0,0,0,0,0,0,0,0,0,67267,28745,450,555.2162603081072,168.41187499812804,7025.321833993075,337.16105965778166
1777186605,0,,Aggregated,201.300000,93.500000,0,0,0,0,0,0,0,0,0,0,0,67267,28745,450,555.2162603081072,168.41187499812804,7025.321833993075,337.16105965778166
1777186606,0,GET,trips_per_route,201.300000,93.500000,0,0,0,0,0,0,0,0,0,0,0,67267,28745,450,555.2162603081072,168.41187499812804,7025.321833993075,337.16105965778166
1777186606,0,,Aggregated,201.300000,93.500000,0,0,0,0,0,0,0,0,0,0,0,67267,28745,450,555.2162603081072,168.41187499812804,7025.321833993075,337.16105965778166
1777186607,0,GET,trips_per_route,201.300000,93.500000,0,0,0,0,0,0,0,0,0,0,0,67267,28745,450,555.2162603081072,168.41187499812804,7025.321833993075,337.16105965778166
1777186607,0,,Aggregated,201.300000,93.500000,0,0,0,0,0,0,0,0,0,0,0,67267,28745,450,555.2162603081072,168.41187499812804,7025.321833993075,337.16105965778166
1777186608,0,GET,trips_per_route,201.300000,93.500000,0,0,0,0,0,0,0,0,0,0,0,67267,28745,450,555.2162603081072,168.41187499812804,7025.321833993075,337.16105965778166
1777186608,0,,Aggregated,201.300000,93.500000,0,0,0,0,0,0,0,0,0,0,0,67267,28745,450,555.2162603081072,168.41187499812804,7025.321833993075,337.16105965778166
1777186609,0,GET,trips_per_route,201.300000,93.500000,0,0,0,0,0,0,0,0,0,0,0,67267,28745,450,555.2162603081072,168.41187499812804,7025.321833993075,337.16105965778166
1777186609,0,,Aggregated,201.300000,93.500000,0,0,0,0,0,0,0,0,0,0,0,67267,28745,450,555.2162603081072,168.41187499812804,7025.321833993075,337.16105965778166
1777186610,0,GET,trips_per_route,201.300000,93.500000,0,0,0,0,0,0,0,0,0,0,0,67267,28745,450,555.2162603081072,168.41187499812804,7025.321833993075,337.16105965778166
1777186610,0,,Aggregated,201.300000,93.500000,0,0,0,0,0,0,0,0,0,0,0,67267,28745,450,555.2162603081072,168.41187499812804,7025.321833993075,337.16105965778166
1777186611,0,GET,trips_per_route,201.300000,93.500000,0,0,0,0,0,0,0,0,0,0,0,67267,28745,450,555.2162603081072,168.41187499812804,7025.321833993075,337.16105965778166
1777186611,0,,Aggregated,201.300000,93.500000,0,0,0,0,0,0,0,0,0,0,0,67267,28745,450,555.2162603081072,168.41187499812804,7025.321833993075,337.16105965778166
1777186612,0,GET,trips_per_route,201.300000,93.500000,0,0,0,0,0,0,0,0,0,0,0,67267,28745,450,555.2162603081072,168.41187499812804,7025.321833993075,337.16105965778166
1777186612,0,,Aggregated,201.300000,93.500000,0,0,0,0,0,0,0,0,0,0,0,67267,28745,450,555.2162603081072,168.41187499812804,7025.321833993075,337.16105965778166
1777186613,0,GET,trips_per_route,201.300000,93.500000,0,0,0,0,0,0,0,0,0,0,0,67267,28745,450,555.2162603081072,168.41187499812804,7025.321833993075,337.16105965778166
1777186613,0,,Aggregated,201.300000,93.500000,0,0,0,0,0,0,0,0,0,0,0,67267,28745,450,555.2162603081072,168.41187499812804,7025.321833993075,337.16105965778166
1777186614,0,GET,trips_per_route,201.300000,93.500000,0,0,0,0,0,0,0,0,0,0,0,67267,28745,450,555.2162603081072,168.41187499812804,7025.321833993075,337.16105965778166
1777186614,0,,Aggregated,201.300000,93.500000,0,0,0,0,0,0,0,0,0,0,0,67267,28745,450,555.2162603081072,168.41187499812804,7025.321833993075,337.16105965778166
1777186615,0,GET,trips_per_route,201.300000,93.500000,0,0,0,0,0,0,0,0,0,0,0,67267,28745,450,555.2162603081072,168.41187499812804,7025.321833993075,337.16105965778166
1777186615,0,,Aggregated,201.300000,93.500000,0,0,0,0,0,0,0,0,0,0,0,67267,28745,450,555.2162603081072,168.41187499812804,7025.321833993075,337.16105965778166
1777186616,0,GET,trips_per_route,201.300000,93.500000,0,0,0,0,0,0,0,0,0,0,0,67267,28745,450,555.2162603081072,168.41187499812804,7025.321833993075,337.16105965778166
1777186616,0,,Aggregated,201.300000,93.500000,0,0,0,0,0,0,0,0,0,0,0,67267,28745,450,555.2162603081072,168.41187499812804,7025.321833993075,337.16105965778166
1777186617,0,GET,trips_per_route,201.300000,93.500000,0,0,0,0,0,0,0,0,0,0,0,67267,28745,450,555.2162603081072,168.41187499812804,7025.321833993075,337.16105965778166
1777186617,0,,Aggregated,201.300000,93.500000,0,0,0,0,0,0,0,0,0,0,0,67267,28745,450,555.2162603081072,168.41187499812804,7025.321833993075,337.16105965778166
1777186618,0,GET,trips_per_route,201.300000,93.500000,0,0,0,0,0,0,0,0,0,0,0,67267,28745,450,555.2162603081072,168.41187499812804,7025.321833993075,337.16105965778166
1777186618,0,,Aggregated,201.300000,93.500000,0,0,0,0,0,0,0,0,0,0,0,67267,28745,450,555.2162603081072,168.41187499812804,7025.321833993075,337.16105965778166
1777186619,0,GET,trips_per_route,201.300000,93.500000,0,0,0,0,0,0,0,0,0,0,0,67267,28745,450,555.2162603081072,168.41187499812804,7025.321833993075,337.16105965778166
1777186619,0,,Aggregated,201.300000,93.500000,0,0,0,0,0,0,0,0,0,0,0,67267,28745,450,555.2162603081072,168.41187499812804,7025.321833993075,337.16105965778166
1777186620,0,GET,trips_per_route,201.300000,93.500000,0,0,0,0,0,0,0,0,0,0,0,67267,28745,450,555.2162603081072,168.41187499812804,7025.321833993075,337.16105965778166
1777186620,0,,Aggregated,201.300000,93.500000,0,0,0,0,0,0,0,0,0,0,0,67267,28745,450,555.2162603081072,168.41187499812804,7025.321833993075,337.16105965778166
1777186621,0,GET,trips_per_route,201.300000,93.500000,0,0,0,0,0,0,0,0,0,0,0,67267,28745,450,555.2162603081072,168.41187499812804,7025.321833993075,337.16105965778166
1777186621,0,,Aggregated,201.300000,93.500000,0,0,0,0,0,0,0,0,0,0,0,67267,28745,450,555.2162603081072,168.41187499812804,7025.321833993075,337.16105965778166
1777186622,0,GET,trips_per_route,201.300000,93.500000,0,0,0,0,0,0,0,0,0,0,0,67267,28745,450,555.2162603081072,168.41187499812804,7025.321833993075,337.16105965778166
1777186622,0,,Aggregated,201.300000,93.500000,0,0,0,0,0,0,0,0,0,0,0,67267,28745,450,555.2162603081072,168.41187499812804,7025.321833993075,337.16105965778166
1777186623,0,GET,trips_per_route,201.300000,93.500000,0,0,0,0,0,0,0,0,0,0,0,67267,28745,450,555.2162603081072,168.41187499812804,7025.321833993075,337.16105965778166
1777186623,0,,Aggregated,201.300000,93.500000,0,0,0,0,0,0,0,0,0,0,0,67267,28745,450,555.2162603081072,168.41187499812804,7025.321833993075,337.16105965778166
1777186624,0,GET,trips_per_route,201.300000,93.500000,0,0,0,0,0,0,0,0,0,0,0,67267,28745,450,555.2162603081072,168.41187499812804,7025.321833993075,337.16105965778166
1777186624,0,,Aggregated,201.300000,93.500000,0,0,0,0,0,0,0,0,0,0,0,67267,28745,450,555.2162603081072,168.41187499812804,7025.321833993075,337.16105965778166
1777186625,0,GET,trips_per_route,201.300000,93.500000,0,0,0,0,0,0,0,0,0,0,0,67267,28745,450,555.2162603081072,168.41187499812804,7025.321833993075,337.16105965778166
1777186625,0,,Aggregated,201.300000,93.500000,0,0,0,0,0,0,0,0,0,0,0,67267,28745,450,555.2162603081072,168.41187499812804,7025.321833993075,337.16105965778166
1777186626,0,GET,trips_per_route,201.300000,93.500000,0,0,0,0,0,0,0,0,0,0,0,67267,28745,450,555.2162603081072,168.41187499812804,7025.321833993075,337.16105965778166
1777186626,0,,Aggregated,201.300000,93.500000,0,0,0,0,0,0,0,0,0,0,0,67267,28745,450,555.2162603081072,168.41187499812804,7025.321833993075,337.16105965778166
1777186627,0,GET,trips_per_route,201.300000,93.500000,0,0,0,0,0,0,0,0,0,0,0,67267,28745,450,555.2162603081072,168.41187499812804,7025.321833993075,337.16105965778166
1777186627,0,,Aggregated,201.300000,93.500000,0,0,0,0,0,0,0,0,0,0,0,67267,28745,450,555.2162603081072,168.41187499812804,7025.321833993075,337.16105965778166
1777186628,0,GET,trips_per_route,201.300000,93.500000,0,0,0,0,0,0,0,0,0,0,0,67267,28745,450,555.2162603081072,168.41187499812804,7025.321833993075,337.16105965778166
1777186628,0,,Aggregated,201.300000,93.500000,0,0,0,0,0,0,0,0,0,0,0,67267,28745,450,555.2162603081072,168.41187499812804,7025.321833993075,337.16105965778166
1777186629,0,GET,trips_per_route,201.300000,93.500000,0,0,0,0,0,0,0,0,0,0,0,67267,28745,450,555.2162603081072,168.41187499812804,7025.321833993075,337.16105965778166
1777186629,0,,Aggregated,201.300000,93.500000,0,0,0,0,0,0,0,0,0,0,0,67267,28745,450,555.2162603081072,168.41187499812804,7025.321833993075,337.16105965778166
1777186630,0,GET,trips_per_route,201.300000,93.500000,0,0,0,0,0,0,0,0,0,0,0,67267,28745,450,555.2162603081072,168.41187499812804,7025.321833993075,337.16105965778166
1777186630,0,,Aggregated,201.300000,93.500000,0,0,0,0,0,0,0,0,0,0,0,67267,28745,450,555.2162603081072,168.41187499812804,7025.321833993075,337.16105965778166
1777186631,0,GET,trips_per_route,201.300000,93.500000,0,0,0,0,0,0,0,0,0,0,0,67267,28745,450,555.2162603081072,168.41187499812804,7025.321833993075,337.16105965778166
1777186631,0,,Aggregated,201.300000,93.500000,0,0,0,0,0,0,0,0,0,0,0,67267,28745,450,555.2162603081072,168.41187499812804,7025.321833993075,337.16105965778166
1777186632,0,GET,trips_per_route,201.300000,93.500000,0,0,0,0,0,0,0,0,0,0,0,67267,28745,450,555.2162603081072,168.41187499812804,7025.321833993075,337.16105965778166
1777186632,0,,Aggregated,201.300000,93.500000,0,0,0,0,0,0,0,0,0,0,0,67267,28745,450,555.2162603081072,168.41187499812804,7025.321833993075,337.16105965778166
1777186633,0,GET,trips_per_route,201.300000,93.500000,0,0,0,0,0,0,0,0,0,0,0,67267,28745,450,555.2162603081072,168.41187499812804,7025.321833993075,337.16105965778166
1777186633,0,,Aggregated,201.300000,93.500000,0,0,0,0,0,0,0,0,0,0,0,67267,28745,450,555.2162603081072,168.41187499812804,7025.321833993075,337.16105965778166
1777186634,0,GET,trips_per_route,201.300000,93.500000,0,0,0,0,0,0,0,0,0,0,0,67267,28745,450,555.2162603081072,168.41187499812804,7025.321833993075,337.16105965778166
1777186634,0,,Aggregated,201.300000,93.500000,0,0,0,0,0,0,0,0,0,0,0,67267,28745,450,555.2162603081072,168.41187499812804,7025.321833993075,337.16105965778166
1777186635,0,GET,trips_per_route,201.300000,93.500000,0,0,0,0,0,0,0,0,0,0,0,67267,28745,450,555.2162603081072,168.41187499812804,7025.321833993075,337.16105965778166
1777186635,0,,Aggregated,201.300000,93.500000,0,0,0,0,0,0,0,0,0,0,0,67267,28745,450,555.2162603081072,168.41187499812804,7025.321833993075,337.16105965778166
1777186636,0,GET,trips_per_route,201.300000,93.500000,0,0,0,0,0,0,0,0,0,0,0,67267,28745,450,555.2162603081072,168.41187499812804,7025.321833993075,337.16105965778166
1777186636,0,,Aggregated,201.300000,93.500000,0,0,0,0,0,0,0,0,0,0,0,67267,28745,450,555.2162603081072,168.41187499812804,7025.321833993075,337.16105965778166
1777186637,0,GET,trips_per_route,201.300000,93.500000,0,0,0,0,0,0,0,0,0,0,0,67267,28745,450,555.2162603081072,168.41187499812804,7025.321833993075,337.16105965778166
1777186637,0,,Aggregated,201.300000,93.500000,0,0,0,0,0,0,0,0,0,0,0,67267,28745,450,555.2162603081072,168.41187499812804,7025.321833993075,337.16105965778166
1777186638,0,GET,trips_per_route,201.300000,93.500000,0,0,0,0,0,0,0,0,0,0,0,67267,28745,450,555.2162603081072,168.41187499812804,7025.321833993075,337.16105965778166
1777186638,0,,Aggregated,201.300000,93.500000,0,0,0,0,0,0,0,0,0,0,0,67267,28745,450,555.2162603081072,168.41187499812804,7025.321833993075,337.16105965778166
1777186639,0,GET,trips_per_route,201.300000,93.500000,0,0,0,0,0,0,0,0,0,0,0,67267,28745,450,555.2162603081072,168.41187499812804,7025.321833993075,337.16105965778166
1777186639,0,,Aggregated,201.300000,93.500000,0,0,0,0,0,0,0,0,0,0,0,67267,28745,450,555.2162603081072,168.41187499812804,7025.321833993075,337.16105965778166
1777186640,0,GET,trips_per_route,201.300000,93.500000,0,0,0,0,0,0,0,0,0,0,0,67267,28745,450,555.2162603081072,168.41187499812804,7025.321833993075,337.16105965778166
1777186640,0,,Aggregated,201.300000,93.500000,0,0,0,0,0,0,0,0,0,0,0,67267,28745,450,555.2162603081072,168.41187499812804,7025.321833993075,337.16105965778166
1777186641,0,GET,trips_per_route,201.300000,93.500000,0,0,0,0,0,0,0,0,0,0,0,67267,28745,450,555.2162603081072,168.41187499812804,7025.321833993075,337.16105965778166
1777186641,0,,Aggregated,201.300000,93.500000,0,0,0,0,0,0,0,0,0,0,0,67267,28745,450,555.2162603081072,168.41187499812804,7025.321833993075,337.16105965778166
1777186642,0,GET,trips_per_route,201.300000,93.500000,0,0,0,0,0,0,0,0,0,0,0,67267,28745,450,555.2162603081072,168.41187499812804,7025.321833993075,337.16105965778166
1777186642,0,,Aggregated,201.300000,93.500000,0,0,0,0,0,0,0,0,0,0,0,67267,28745,450,555.2162603081072,168.41187499812804,7025.321833993075,337.16105965778166
1777186643,0,GET,trips_per_route,201.300000,93.500000,0,0,0,0,0,0,0,0,0,0,0,67267,28745,450,555.2162603081072,168.41187499812804,7025.321833993075,337.16105965778166
1777186643,0,,Aggregated,201.300000,93.500000,0,0,0,0,0,0,0,0,0,0,0,67267,28745,450,555.2162603081072,168.41187499812804,7025.321833993075,337.16105965778166
1777186644,0,GET,trips_per_route,201.300000,93.500000,0,0,0,0,0,0,0,0,0,0,0,67267,28745,450,555.2162603081072,168.41187499812804,7025.321833993075,337.16105965778166
1777186644,0,,Aggregated,201.300000,93.500000,0,0,0,0,0,0,0,0,0,0,0,67267,28745,450,555.2162603081072,168.41187499812804,7025.321833993075,337.16105965778166
1777186645,0,GET,trips_per_route,201.300000,93.500000,0,0,0,0,0,0,0,0,0,0,0,67267,28745,450,555.2162603081072,168.41187499812804,7025.321833993075,337.16105965778166
1777186645,0,,Aggregated,201.300000,93.500000,0,0,0,0,0,0,0,0,0,0,0,67267,28745,450,555.2162603081072,168.41187499812804,7025.321833993075,337.16105965778166
1777186646,0,GET,trips_per_route,201.300000,93.500000,0,0,0,0,0,0,0,0,0,0,0,67267,28745,450,555.2162603081072,168.41187499812804,7025.321833993075,337.16105965778166
1777186646,0,,Aggregated,201.300000,93.500000,0,0,0,0,0,0,0,0,0,0,0,67267,28745,450,555.2162603081072,168.41187499812804,7025.321833993075,337.16105965778166
1777186647,0,GET,trips_per_route,201.300000,93.500000,0,0,0,0,0,0,0,0,0,0,0,67267,28745,450,555.2162603081072,168.41187499812804,7025.321833993075,337.16105965778166
1777186647,0,,Aggregated,201.300000,93.500000,0,0,0,0,0,0,0,0,0,0,0,67267,28745,450,555.2162603081072,168.41187499812804,7025.321833993075,337.16105965778166
1777186648,0,GET,trips_per_route,201.300000,93.500000,0,0,0,0,0,0,0,0,0,0,0,67267,28745,450,555.2162603081072,168.41187499812804,7025.321833993075,337.16105965778166
1777186648,0,,Aggregated,201.300000,93.500000,0,0,0,0,0,0,0,0,0,0,0,67267,28745,450,555.2162603081072,168.41187499812804,7025.321833993075,337.16105965778166
1777186649,0,GET,trips_per_route,201.300000,93.500000,0,0,0,0,0,0,0,0,0,0,0,67267,28745,450,555.2162603081072,168.41187499812804,7025.321833993075,337.16105965778166
1777186649,0,,Aggregated,201.300000,93.500000,0,0,0,0,0,0,0,0,0,0,0,67267,28745,450,555.2162603081072,168.41187499812804,7025.321833993075,337.16105965778166
1777186650,0,GET,trips_per_route,201.300000,93.500000,0,0,0,0,0,0,0,0,0,0,0,67267,28745,450,555.2162603081072,168.41187499812804,7025.321833993075,337.16105965778166
1777186650,0,,Aggregated,201.300000,93.500000,0,0,0,0,0,0,0,0,0,0,0,67267,28745,450,555.2162603081072,168.41187499812804,7025.321833993075,337.16105965778166
1777186651,0,GET,trips_per_route,201.300000,93.500000,0,0,0,0,0,0,0,0,0,0,0,67267,28745,450,555.2162603081072,168.41187499812804,7025.321833993075,337.16105965778166
1777186651,0,,Aggregated,201.300000,93.500000,0,0,0,0,0,0,0,0,0,0,0,67267,28745,450,555.2162603081072,168.41187499812804,7025.321833993075,337.16105965778166
1777186652,0,GET,trips_per_route,201.300000,93.500000,0,0,0,0,0,0,0,0,0,0,0,67267,28745,450,555.2162603081072,168.41187499812804,7025.321833993075,337.16105965778166
1777186652,0,,Aggregated,201.300000,93.500000,0,0,0,0,0,0,0,0,0,0,0,67267,28745,450,555.2162603081072,168.41187499812804,7025.321833993075,337.16105965778166
1777186653,0,GET,trips_per_route,201.300000,93.500000,0,0,0,0,0,0,0,0,0,0,0,67267,28745,450,555.2162603081072,168.41187499812804,7025.321833993075,337.16105965778166
1777186653,0,,Aggregated,201.300000,93.500000,0,0,0,0,0,0,0,0,0,0,0,67267,28745,450,555.2162603081072,168.41187499812804,7025.321833993075,337.16105965778166
1777186654,0,GET,trips_per_route,201.300000,93.500000,0,0,0,0,0,0,0,0,0,0,0,67267,28745,450,555.2162603081072,168.41187499812804,7025.321833993075,337.16105965778166
1777186654,0,,Aggregated,201.300000,93.500000,0,0,0,0,0,0,0,0,0,0,0,67267,28745,450,555.2162603081072,168.41187499812804,7025.321833993075,337.16105965778166
1777186655,0,GET,trips_per_route,201.300000,93.500000,0,0,0,0,0,0,0,0,0,0,0,67267,28745,450,555.2162603081072,168.41187499812804,7025.321833993075,337.16105965778166
1777186655,0,,Aggregated,201.300000,93.500000,0,0,0,0,0,0,0,0,0,0,0,67267,28745,450,555.2162603081072,168.41187499812804,7025.321833993075,337.16105965778166
1777186656,0,GET,trips_per_route,201.300000,93.500000,0,0,0,0,0,0,0,0,0,0,0,67267,28745,450,555.2162603081072,168.41187499812804,7025.321833993075,337.16105965778166
1777186656,0,,Aggregated,201.300000,93.500000,0,0,0,0,0,0,0,0,0,0,0,67267,28745,450,555.2162603081072,168.41187499812804,7025.321833993075,337.16105965778166
1777186657,0,GET,trips_per_route,201.300000,93.500000,0,0,0,0,0,0,0,0,0,0,0,67267,28745,450,555.2162603081072,168.41187499812804,7025.321833993075,337.16105965778166
1777186657,0,,Aggregated,201.300000,93.500000,0,0,0,0,0,0,0,0,0,0,0,67267,28745,450,555.2162603081072,168.41187499812804,7025.321833993075,337.16105965778166
1777186658,0,GET,trips_per_route,201.300000,93.500000,0,0,0,0,0,0,0,0,0,0,0,67267,28745,450,555.2162603081072,168.41187499812804,7025.321833993075,337.16105965778166
1777186658,0,,Aggregated,201.300000,93.500000,0,0,0,0,0,0,0,0,0,0,0,67267,28745,450,555.2162603081072,168.41187499812804,7025.321833993075,337.16105965778166
1777186659,0,GET,trips_per_route,201.300000,93.500000,0,0,0,0,0,0,0,0,0,0,0,67267,28745,450,555.2162603081072,168.41187499812804,7025.321833993075,337.16105965778166
1777186659,0,,Aggregated,201.300000,93.500000,0,0,0,0,0,0,0,0,0,0,0,67267,28745,450,555.2162603081072,168.41187499812804,7025.321833993075,337.16105965778166
1777186660,0,GET,trips_per_route,201.300000,93.500000,0,0,0,0,0,0,0,0,0,0,0,67267,28745,450,555.2162603081072,168.41187499812804,7025.321833993075,337.16105965778166
1777186660,0,,Aggregated,201.300000,93.500000,0,0,0,0,0,0,0,0,0,0,0,67267,28745,450,555.2162603081072,168.41187499812804,7025.321833993075,337.16105965778166
1777186661,0,GET,trips_per_route,201.300000,93.500000,0,0,0,0,0,0,0,0,0,0,0,67267,28745,450,555.2162603081072,168.41187499812804,7025.321833993075,337.16105965778166
1777186661,0,,Aggregated,201.300000,93.500000,0,0,0,0,0,0,0,0,0,0,0,67267,28745,450,555.2162603081072,168.41187499812804,7025.321833993075,337.16105965778166
1777186662,0,GET,trips_per_route,201.300000,93.500000,0,0,0,0,0,0,0,0,0,0,0,67267,28745,450,555.2162603081072,168.41187499812804,7025.321833993075,337.16105965778166
1777186662,0,,Aggregated,201.300000,93.500000,0,0,0,0,0,0,0,0,0,0,0,67267,28745,450,555.2162603081072,168.41187499812804,7025.321833993075,337.16105965778166
1777186663,0,GET,trips_per_route,201.300000,93.500000,0,0,0,0,0,0,0,0,0,0,0,67267,28745,450,555.2162603081072,168.41187499812804,7025.321833993075,337.16105965778166
1777186663,0,,Aggregated,201.300000,93.500000,0,0,0,0,0,0,0,0,0,0,0,67267,28745,450,555.2162603081072,168.41187499812804,7025.321833993075,337.16105965778166
1777186664,0,GET,trips_per_route,201.300000,93.500000,0,0,0,0,0,0,0,0,0,0,0,67267,28745,450,555.2162603081072,168.41187499812804,7025.321833993075,337.16105965778166
1777186664,0,,Aggregated,201.300000,93.500000,0,0,0,0,0,0,0,0,0,0,0,67267,28745,450,555.2162603081072,168.41187499812804,7025.321833993075,337.16105965778166
1777186665,0,GET,trips_per_route,201.300000,93.500000,0,0,0,0,0,0,0,0,0,0,0,67267,28745,450,555.2162603081072,168.41187499812804,7025.321833993075,337.16105965778166
1777186665,0,,Aggregated,201.300000,93.500000,0,0,0,0,0,0,0,0,0,0,0,67267,28745,450,555.2162603081072,168.41187499812804,7025.321833993075,337.16105965778166
1777186666,0,GET,trips_per_route,201.300000,93.500000,0,0,0,0,0,0,0,0,0,0,0,67267,28745,450,555.2162603081072,168.41187499812804,7025.321833993075,337.16105965778166
1777186666,0,,Aggregated,201.300000,93.500000,0,0,0,0,0,0,0,0,0,0,0,67267,28745,450,555.2162603081072,168.41187499812804,7025.321833993075,337.16105965778166
1777186667,0,GET,trips_per_route,201.300000,93.500000,0,0,0,0,0,0,0,0,0,0,0,67267,28745,450,555.2162603081072,168.41187499812804,7025.321833993075,337.16105965778166
1777186667,0,,Aggregated,201.300000,93.500000,0,0,0,0,0,0,0,0,0,0,0,67267,28745,450,555.2162603081072,168.41187499812804,7025.321833993075,337.16105965778166
1777186668,0,GET,trips_per_route,201.300000,93.500000,0,0,0,0,0,0,0,0,0,0,0,67267,28745,450,555.2162603081072,168.41187499812804,7025.321833993075,337.16105965778166
1777186668,0,,Aggregated,201.300000,93.500000,0,0,0,0,0,0,0,0,0,0,0,67267,28745,450,555.2162603081072,168.41187499812804,7025.321833993075,337.16105965778166
1777186669,0,GET,trips_per_route,201.300000,93.500000,0,0,0,0,0,0,0,0,0,0,0,67267,28745,450,555.2162603081072,168.41187499812804,7025.321833993075,337.16105965778166
1777186669,0,,Aggregated,201.300000,93.500000,0,0,0,0,0,0,0,0,0,0,0,67267,28745,450,555.2162603081072,168.41187499812804,7025.321833993075,337.16105965778166
1777186670,0,GET,trips_per_route,201.300000,93.500000,0,0,0,0,0,0,0,0,0,0,0,67267,28745,450,555.2162603081072,168.41187499812804,7025.321833993075,337.16105965778166
1777186670,0,,Aggregated,201.300000,93.500000,0,0,0,0,0,0,0,0,0,0,0,67267,28745,450,555.2162603081072,168.41187499812804,7025.321833993075,337.16105965778166
1777186671,0,GET,trips_per_route,201.300000,93.500000,0,0,0,0,0,0,0,0,0,0,0,67267,28745,450,555.2162603081072,168.41187499812804,7025.321833993075,337.16105965778166
1777186671,0,,Aggregated,201.300000,93.500000,0,0,0,0,0,0,0,0,0,0,0,67267,28745,450,555.2162603081072,168.41187499812804,7025.321833993075,337.16105965778166
1777186672,0,GET,trips_per_route,201.300000,93.500000,0,0,0,0,0,0,0,0,0,0,0,67267,28745,450,555.2162603081072,168.41187499812804,7025.321833993075,337.16105965778166
1777186672,0,,Aggregated,201.300000,93.500000,0,0,0,0,0,0,0,0,0,0,0,67267,28745,450,555.2162603081072,168.41187499812804,7025.321833993075,337.16105965778166
1777186673,0,GET,trips_per_route,201.300000,93.500000,0,0,0,0,0,0,0,0,0,0,0,67267,28745,450,555.2162603081072,168.41187499812804,7025.321833993075,337.16105965778166
1777186673,0,,Aggregated,201.300000,93.500000,0,0,0,0,0,0,0,0,0,0,0,67267,28745,450,555.2162603081072,168.41187499812804,7025.321833993075,337.16105965778166
1777186674,0,GET,trips_per_route,201.300000,93.500000,0,0,0,0,0,0,0,0,0,0,0,67267,28745,450,555.2162603081072,168.41187499812804,7025.321833993075,337.16105965778166
1777186674,0,,Aggregated,201.300000,93.500000,0,0,0,0,0,0,0,0,0,0,0,67267,28745,450,555.2162603081072,168.41187499812804,7025.321833993075,337.16105965778166
1777186675,0,GET,trips_per_route,201.300000,93.500000,0,0,0,0,0,0,0,0,0,0,0,67267,28745,450,555.2162603081072,168.41187499812804,7025.321833993075,337.16105965778166
1777186675,0,,Aggregated,201.300000,93.500000,0,0,0,0,0,0,0,0,0,0,0,67267,28745,450,555.2162603081072,168.41187499812804,7025.321833993075,337.16105965778166
1777186676,0,GET,trips_per_route,201.300000,93.500000,0,0,0,0,0,0,0,0,0,0,0,67267,28745,450,555.2162603081072,168.41187499812804,7025.321833993075,337.16105965778166
1777186676,0,,Aggregated,201.300000,93.500000,0,0,0,0,0,0,0,0,0,0,0,67267,28745,450,555.2162603081072,168.41187499812804,7025.321833993075,337.16105965778166
1777186677,0,GET,trips_per_route,201.300000,93.500000,0,0,0,0,0,0,0,0,0,0,0,67267,28745,450,555.2162603081072,168.41187499812804,7025.321833993075,337.16105965778166
1777186677,0,,Aggregated,201.300000,93.500000,0,0,0,0,0,0,0,0,0,0,0,67267,28745,450,555.2162603081072,168.41187499812804,7025.321833993075,337.16105965778166
1777186678,0,GET,trips_per_route,201.300000,93.500000,0,0,0,0,0,0,0,0,0,0,0,67267,28745,450,555.2162603081072,168.41187499812804,7025.321833993075,337.16105965778166
1777186678,0,,Aggregated,201.300000,93.500000,0,0,0,0,0,0,0,0,0,0,0,67267,28745,450,555.2162603081072,168.41187499812804,7025.321833993075,337.16105965778166
1777186679,0,GET,trips_per_route,201.300000,93.500000,0,0,0,0,0,0,0,0,0,0,0,67267,28745,450,555.2162603081072,168.41187499812804,7025.321833993075,337.16105965778166
1777186679,0,,Aggregated,201.300000,93.500000,0,0,0,0,0,0,0,0,0,0,0,67267,28745,450,555.2162603081072,168.41187499812804,7025.321833993075,337.16105965778166
1777186680,0,GET,trips_per_route,201.300000,93.500000,0,0,0,0,0,0,0,0,0,0,0,67267,28745,450,555.2162603081072,168.41187499812804,7025.321833993075,337.16105965778166
1777186680,0,,Aggregated,201.300000,93.500000,0,0,0,0,0,0,0,0,0,0,0,67267,28745,450,555.2162603081072,168.41187499812804,7025.321833993075,337.16105965778166
1777186681,0,GET,trips_per_route,201.300000,93.500000,0,0,0,0,0,0,0,0,0,0,0,67267,28745,450,555.2162603081072,168.41187499812804,7025.321833993075,337.16105965778166
1777186681,0,,Aggregated,201.300000,93.500000,0,0,0,0,0,0,0,0,0,0,0,67267,28745,450,555.2162603081072,168.41187499812804,7025.321833993075,337.16105965778166
1777186682,0,GET,trips_per_route,201.300000,93.500000,0,0,0,0,0,0,0,0,0,0,0,67267,28745,450,555.2162603081072,168.41187499812804,7025.321833993075,337.16105965778166
1777186682,0,,Aggregated,201.300000,93.500000,0,0,0,0,0,0,0,0,0,0,0,67267,28745,450,555.2162603081072,168.41187499812804,7025.321833993075,337.16105965778166
1777186683,0,GET,trips_per_route,201.300000,93.500000,0,0,0,0,0,0,0,0,0,0,0,67267,28745,450,555.2162603081072,168.41187499812804,7025.321833993075,337.16105965778166
1777186683,0,,Aggregated,201.300000,93.500000,0,0,0,0,0,0,0,0,0,0,0,67267,28745,450,555.2162603081072,168.41187499812804,7025.321833993075,337.16105965778166
1777186684,0,GET,trips_per_route,201.300000,93.500000,0,0,0,0,0,0,0,0,0,0,0,67267,28745,450,555.2162603081072,168.41187499812804,7025.321833993075,337.16105965778166
1777186684,0,,Aggregated,201.300000,93.500000,0,0,0,0,0,0,0,0,0,0,0,67267,28745,450,555.2162603081072,168.41187499812804,7025.321833993075,337.16105965778166
1777186685,0,GET,trips_per_route,201.300000,93.500000,0,0,0,0,0,0,0,0,0,0,0,67267,28745,450,555.2162603081072,168.41187499812804,7025.321833993075,337.16105965778166
1777186685,0,,Aggregated,201.300000,93.500000,0,0,0,0,0,0,0,0,0,0,0,67267,28745,450,555.2162603081072,168.41187499812804,7025.321833993075,337.16105965778166
1777186686,0,GET,trips_per_route,201.300000,93.500000,0,0,0,0,0,0,0,0,0,0,0,67267,28745,450,555.2162603081072,168.41187499812804,7025.321833993075,337.16105965778166
1777186686,0,,Aggregated,201.300000,93.500000,0,0,0,0,0,0,0,0,0,0,0,67267,28745,450,555.2162603081072,168.41187499812804,7025.321833993075,337.16105965778166
1777186687,0,GET,trips_per_route,201.300000,93.500000,0,0,0,0,0,0,0,0,0,0,0,67267,28745,450,555.2162603081072,168.41187499812804,7025.321833993075,337.16105965778166
1777186687,0,,Aggregated,201.300000,93.500000,0,0,0,0,0,0,0,0,0,0,0,67267,28745,450,555.2162603081072,168.41187499812804,7025.321833993075,337.16105965778166
1777186688,0,GET,trips_per_route,201.300000,93.500000,0,0,0,0,0,0,0,0,0,0,0,67267,28745,450,555.2162603081072,168.41187499812804,7025.321833993075,337.16105965778166
1777186688,0,,Aggregated,201.300000,93.500000,0,0,0,0,0,0,0,0,0,0,0,67267,28745,450,555.2162603081072,168.41187499812804,7025.321833993075,337.16105965778166
1777186689,0,GET,trips_per_route,201.300000,93.500000,0,0,0,0,0,0,0,0,0,0,0,67267,28745,450,555.2162603081072,168.41187499812804,7025.321833993075,337.16105965778166
1777186689,0,,Aggregated,201.300000,93.500000,0,0,0,0,0,0,0,0,0,0,0,67267,28745,450,555.2162603081072,168.41187499812804,7025.321833993075,337.16105965778166
1777186690,0,GET,trips_per_route,201.300000,93.500000,0,0,0,0,0,0,0,0,0,0,0,67267,28745,450,555.2162603081072,168.41187499812804,7025.321833993075,337.16105965778166
1777186690,0,,Aggregated,201.300000,93.500000,0,0,0,0,0,0,0,0,0,0,0,67267,28745,450,555.2162603081072,168.41187499812804,7025.321833993075,337.16105965778166
1777186691,0,GET,trips_per_route,201.300000,93.500000,0,0,0,0,0,0,0,0,0,0,0,67267,28745,450,555.2162603081072,168.41187499812804,7025.321833993075,337.16105965778166
1777186691,0,,Aggregated,201.300000,93.500000,0,0,0,0,0,0,0,0,0,0,0,67267,28745,450,555.2162603081072,168.41187499812804,7025.321833993075,337.16105965778166
1777186692,0,GET,trips_per_route,201.300000,93.500000,0,0,0,0,0,0,0,0,0,0,0,67267,28745,450,555.2162603081072,168.41187499812804,7025.321833993075,337.16105965778166
1777186692,0,,Aggregated,201.300000,93.500000,0,0,0,0,0,0,0,0,0,0,0,67267,28745,450,555.2162603081072,168.41187499812804,7025.321833993075,337.16105965778166
1777186693,0,GET,trips_per_route,201.300000,93.500000,0,0,0,0,0,0,0,0,0,0,0,67267,28745,450,555.2162603081072,168.41187499812804,7025.321833993075,337.16105965778166
1777186693,0,,Aggregated,201.300000,93.500000,0,0,0,0,0,0,0,0,0,0,0,67267,28745,450,555.2162603081072,168.41187499812804,7025.321833993075,337.16105965778166
1777186694,0,GET,trips_per_route,201.300000,93.500000,0,0,0,0,0,0,0,0,0,0,0,67267,28745,450,555.2162603081072,168.41187499812804,7025.321833993075,337.16105965778166
1777186694,0,,Aggregated,201.300000,93.500000,0,0,0,0,0,0,0,0,0,0,0,67267,28745,450,555.2162603081072,168.41187499812804,7025.321833993075,337.16105965778166
1777186695,0,GET,trips_per_route,201.300000,93.500000,0,0,0,0,0,0,0,0,0,0,0,67267,28745,450,555.2162603081072,168.41187499812804,7025.321833993075,337.16105965778166
1777186695,0,,Aggregated,201.300000,93.500000,0,0,0,0,0,0,0,0,0,0,0,67267,28745,450,555.2162603081072,168.41187499812804,7025.321833993075,337.16105965778166
1777186696,0,GET,trips_per_route,201.300000,93.500000,0,0,0,0,0,0,0,0,0,0,0,67267,28745,450,555.2162603081072,168.41187499812804,7025.321833993075,337.16105965778166
1777186696,0,,Aggregated,201.300000,93.500000,0,0,0,0,0,0,0,0,0,0,0,67267,28745,450,555.2162603081072,168.41187499812804,7025.321833993075,337.16105965778166
1777186697,0,GET,trips_per_route,201.300000,93.500000,0,0,0,0,0,0,0,0,0,0,0,67267,28745,450,555.2162603081072,168.41187499812804,7025.321833993075,337.16105965778166
1777186697,0,,Aggregated,201.300000,93.500000,0,0,0,0,0,0,0,0,0,0,0,67267,28745,450,555.2162603081072,168.41187499812804,7025.321833993075,337.16105965778166
1777186698,0,GET,trips_per_route,201.300000,93.500000,0,0,0,0,0,0,0,0,0,0,0,67267,28745,450,555.2162603081072,168.41187499812804,7025.321833993075,337.16105965778166
1777186698,0,,Aggregated,201.300000,93.500000,0,0,0,0,0,0,0,0,0,0,0,67267,28745,450,555.2162603081072,168.41187499812804,7025.321833993075,337.16105965778166
1777186699,0,GET,trips_per_route,201.300000,93.500000,0,0,0,0,0,0,0,0,0,0,0,67267,28745,450,555.2162603081072,168.41187499812804,7025.321833993075,337.16105965778166
1777186699,0,,Aggregated,201.300000,93.500000,0,0,0,0,0,0,0,0,0,0,0,67267,28745,450,555.2162603081072,168.41187499812804,7025.321833993075,337.16105965778166
1777186700,0,GET,trips_per_route,201.300000,93.500000,0,0,0,0,0,0,0,0,0,0,0,67267,28745,450,555.2162603081072,168.41187499812804,7025.321833993075,337.16105965778166
1777186700,0,,Aggregated,201.300000,93.500000,0,0,0,0,0,0,0,0,0,0,0,67267,28745,450,555.2162603081072,168.41187499812804,7025.321833993075,337.16105965778166
1777186701,0,GET,trips_per_route,201.300000,93.500000,0,0,0,0,0,0,0,0,0,0,0,67267,28745,450,555.2162603081072,168.41187499812804,7025.321833993075,337.16105965778166
1777186701,0,,Aggregated,201.300000,93.500000,0,0,0,0,0,0,0,0,0,0,0,67267,28745,450,555.2162603081072,168.41187499812804,7025.321833993075,337.16105965778166
1777186702,0,GET,trips_per_route,201.300000,93.500000,0,0,0,0,0,0,0,0,0,0,0,67267,28745,450,555.2162603081072,168.41187499812804,7025.321833993075,337.16105965778166
1777186702,0,,Aggregated,201.300000,93.500000,0,0,0,0,0,0,0,0,0,0,0,67267,28745,450,555.2162603081072,168.41187499812804,7025.321833993075,337.16105965778166
1777186703,0,GET,trips_per_route,201.300000,93.500000,0,0,0,0,0,0,0,0,0,0,0,67267,28745,450,555.2162603081072,168.41187499812804,7025.321833993075,337.16105965778166
1777186703,0,,Aggregated,201.300000,93.500000,0,0,0,0,0,0,0,0,0,0,0,67267,28745,450,555.2162603081072,168.41187499812804,7025.321833993075,337.16105965778166
1777186704,0,GET,trips_per_route,201.300000,93.500000,0,0,0,0,0,0,0,0,0,0,0,67267,28745,450,555.2162603081072,168.41187499812804,7025.321833993075,337.16105965778166
1777186704,0,,Aggregated,201.300000,93.500000,0,0,0,0,0,0,0,0,0,0,0,67267,28745,450,555.2162603081072,168.41187499812804,7025.321833993075,337.16105965778166
1777186705,0,GET,trips_per_route,201.300000,93.500000,0,0,0,0,0,0,0,0,0,0,0,67267,28745,450,555.2162603081072,168.41187499812804,7025.321833993075,337.16105965778166
1777186705,0,,Aggregated,201.300000,93.500000,0,0,0,0,0,0,0,0,0,0,0,67267,28745,450,555.2162603081072,168.41187499812804,7025.321833993075,337.16105965778166
1777186706,0,GET,trips_per_route,201.300000,93.500000,0,0,0,0,0,0,0,0,0,0,0,67267,28745,450,555.2162603081072,168.41187499812804,7025.321833993075,337.16105965778166
1777186706,0,,Aggregated,201.300000,93.500000,0,0,0,0,0,0,0,0,0,0,0,67267,28745,450,555.2162603081072,168.41187499812804,7025.321833993075,337.16105965778166
1777186707,0,GET,trips_per_route,201.300000,93.500000,0,0,0,0,0,0,0,0,0,0,0,67267,28745,450,555.2162603081072,168.41187499812804,7025.321833993075,337.16105965778166
1777186707,0,,Aggregated,201.300000,93.500000,0,0,0,0,0,0,0,0,0,0,0,67267,28745,450,555.2162603081072,168.41187499812804,7025.321833993075,337.16105965778166
1777186708,0,GET,trips_per_route,201.300000,93.500000,0,0,0,0,0,0,0,0,0,0,0,67267,28745,450,555.2162603081072,168.41187499812804,7025.321833993075,337.16105965778166
1777186708,0,,Aggregated,201.300000,93.500000,0,0,0,0,0,0,0,0,0,0,0,67267,28745,450,555.2162603081072,168.41187499812804,7025.321833993075,337.16105965778166
1777186709,0,GET,trips_per_route,201.300000,93.500000,0,0,0,0,0,0,0,0,0,0,0,67267,28745,450,555.2162603081072,168.41187499812804,7025.321833993075,337.16105965778166
1777186709,0,,Aggregated,201.300000,93.500000,0,0,0,0,0,0,0,0,0,0,0,67267,28745,450,555.2162603081072,168.41187499812804,7025.321833993075,337.16105965778166
1777186710,0,GET,trips_per_route,201.300000,93.500000,0,0,0,0,0,0,0,0,0,0,0,67267,28745,450,555.2162603081072,168.41187499812804,7025.321833993075,337.16105965778166
1777186710,0,,Aggregated,201.300000,93.500000,0,0,0,0,0,0,0,0,0,0,0,67267,28745,450,555.2162603081072,168.41187499812804,7025.321833993075,337.16105965778166
1777186711,0,GET,trips_per_route,201.300000,93.500000,0,0,0,0,0,0,0,0,0,0,0,67267,28745,450,555.2162603081072,168.41187499812804,7025.321833993075,337.16105965778166
1777186711,0,,Aggregated,201.300000,93.500000,0,0,0,0,0,0,0,0,0,0,0,67267,28745,450,555.2162603081072,168.41187499812804,7025.321833993075,337.16105965778166
1777186712,0,GET,trips_per_route,201.300000,93.500000,0,0,0,0,0,0,0,0,0,0,0,67267,28745,450,555.2162603081072,168.41187499812804,7025.321833993075,337.16105965778166
1777186712,0,,Aggregated,201.300000,93.500000,0,0,0,0,0,0,0,0,0,0,0,67267,28745,450,555.2162603081072,168.41187499812804,7025.321833993075,337.16105965778166
1777186713,0,GET,trips_per_route,201.300000,93.500000,0,0,0,0,0,0,0,0,0,0,0,67267,28745,450,555.2162603081072,168.41187499812804,7025.321833993075,337.16105965778166
1777186713,0,,Aggregated,201.300000,93.500000,0,0,0,0,0,0,0,0,0,0,0,67267,28745,450,555.2162603081072,168.41187499812804,7025.321833993075,337.16105965778166
1777186714,0,GET,trips_per_route,201.300000,93.500000,0,0,0,0,0,0,0,0,0,0,0,67267,28745,450,555.2162603081072,168.41187499812804,7025.321833993075,337.16105965778166
1777186714,0,,Aggregated,201.300000,93.500000,0,0,0,0,0,0,0,0,0,0,0,67267,28745,450,555.2162603081072,168.41187499812804,7025.321833993075,337.16105965778166
1777186715,0,GET,trips_per_route,201.300000,93.500000,0,0,0,0,0,0,0,0,0,0,0,67267,28745,450,555.2162603081072,168.41187499812804,7025.321833993075,337.16105965778166
1777186715,0,,Aggregated,201.300000,93.500000,0,0,0,0,0,0,0,0,0,0,0,67267,28745,450,555.2162603081072,168.41187499812804,7025.321833993075,337.16105965778166
1777186716,0,GET,trips_per_route,201.300000,93.500000,0,0,0,0,0,0,0,0,0,0,0,67267,28745,450,555.2162603081072,168.41187499812804,7025.321833993075,337.16105965778166
1777186716,0,,Aggregated,201.300000,93.500000,0,0,0,0,0,0,0,0,0,0,0,67267,28745,450,555.2162603081072,168.41187499812804,7025.321833993075,337.16105965778166
1777186717,0,GET,trips_per_route,201.300000,93.500000,0,0,0,0,0,0,0,0,0,0,0,67267,28745,450,555.2162603081072,168.41187499812804,7025.321833993075,337.16105965778166
1777186717,0,,Aggregated,201.300000,93.500000,0,0,0,0,0,0,0,0,0,0,0,67267,28745,450,555.2162603081072,168.41187499812804,7025.321833993075,337.16105965778166
1777186718,0,GET,trips_per_route,201.300000,93.500000,0,0,0,0,0,0,0,0,0,0,0,67267,28745,450,555.2162603081072,168.41187499812804,7025.321833993075,337.16105965778166
1777186718,0,,Aggregated,201.300000,93.500000,0,0,0,0,0,0,0,0,0,0,0,67267,28745,450,555.2162603081072,168.41187499812804,7025.321833993075,337.16105965778166
1777186719,0,GET,trips_per_route,201.300000,93.500000,0,0,0,0,0,0,0,0,0,0,0,67267,28745,450,555.2162603081072,168.41187499812804,7025.321833993075,337.16105965778166
1777186719,0,,Aggregated,201.300000,93.500000,0,0,0,0,0,0,0,0,0,0,0,67267,28745,450,555.2162603081072,168.41187499812804,7025.321833993075,337.16105965778166
1777186720,0,GET,trips_per_route,201.300000,93.500000,0,0,0,0,0,0,0,0,0,0,0,67267,28745,450,555.2162603081072,168.41187499812804,7025.321833993075,337.16105965778166
1777186720,0,,Aggregated,201.300000,93.500000,0,0,0,0,0,0,0,0,0,0,0,67267,28745,450,555.2162603081072,168.41187499812804,7025.321833993075,337.16105965778166
1777186721,0,GET,trips_per_route,201.300000,93.500000,0,0,0,0,0,0,0,0,0,0,0,67267,28745,450,555.2162603081072,168.41187499812804,7025.321833993075,337.16105965778166
1777186721,0,,Aggregated,201.300000,93.500000,0,0,0,0,0,0,0,0,0,0,0,67267,28745,450,555.2162603081072,168.41187499812804,7025.321833993075,337.16105965778166
1777186722,0,GET,trips_per_route,201.300000,93.500000,0,0,0,0,0,0,0,0,0,0,0,67267,28745,450,555.2162603081072,168.41187499812804,7025.321833993075,337.16105965778166
1777186722,0,,Aggregated,201.300000,93.500000,0,0,0,0,0,0,0,0,0,0,0,67267,28745,450,555.2162603081072,168.41187499812804,7025.321833993075,337.16105965778166
1777186723,0,GET,trips_per_route,201.300000,93.500000,0,0,0,0,0,0,0,0,0,0,0,67267,28745,450,555.2162603081072,168.41187499812804,7025.321833993075,337.16105965778166
1777186723,0,,Aggregated,201.300000,93.500000,0,0,0,0,0,0,0,0,0,0,0,67267,28745,450,555.2162603081072,168.41187499812804,7025.321833993075,337.16105965778166
1777186724,0,GET,trips_per_route,201.300000,93.500000,0,0,0,0,0,0,0,0,0,0,0,67267,28745,450,555.2162603081072,168.41187499812804,7025.321833993075,337.16105965778166
1777186724,0,,Aggregated,201.300000,93.500000,0,0,0,0,0,0,0,0,0,0,0,67267,28745,450,555.2162603081072,168.41187499812804,7025.321833993075,337.16105965778166
1777186725,0,GET,trips_per_route,201.300000,93.500000,0,0,0,0,0,0,0,0,0,0,0,67267,28745,450,555.2162603081072,168.41187499812804,7025.321833993075,337.16105965778166
1777186725,0,,Aggregated,201.300000,93.500000,0,0,0,0,0,0,0,0,0,0,0,67267,28745,450,555.2162603081072,168.41187499812804,7025.321833993075,337.16105965778166
1777186726,0,GET,trips_per_route,201.300000,93.500000,0,0,0,0,0,0,0,0,0,0,0,67267,28745,450,555.2162603081072,168.41187499812804,7025.321833993075,337.16105965778166
1777186726,0,,Aggregated,201.300000,93.500000,0,0,0,0,0,0,0,0,0,0,0,67267,28745,450,555.2162603081072,168.41187499812804,7025.321833993075,337.16105965778166
1777186727,0,GET,trips_per_route,201.300000,93.500000,0,0,0,0,0,0,0,0,0,0,0,67267,28745,450,555.2162603081072,168.41187499812804,7025.321833993075,337.16105965778166
1777186727,0,,Aggregated,201.300000,93.500000,0,0,0,0,0,0,0,0,0,0,0,67267,28745,450,555.2162603081072,168.41187499812804,7025.321833993075,337.16105965778166
1777186728,0,GET,trips_per_route,201.300000,93.500000,0,0,0,0,0,0,0,0,0,0,0,67267,28745,450,555.2162603081072,168.41187499812804,7025.321833993075,337.16105965778166
1777186728,0,,Aggregated,201.300000,93.500000,0,0,0,0,0,0,0,0,0,0,0,67267,28745,450,555.2162603081072,168.41187499812804,7025.321833993075,337.16105965778166
1777186729,0,GET,trips_per_route,201.300000,93.500000,0,0,0,0,0,0,0,0,0,0,0,67267,28745,450,555.2162603081072,168.41187499812804,7025.321833993075,337.16105965778166
1777186729,0,,Aggregated,201.300000,93.500000,0,0,0,0,0,0,0,0,0,0,0,67267,28745,450,555.2162603081072,168.41187499812804,7025.321833993075,337.16105965778166
1777186730,0,GET,trips_per_route,201.300000,93.500000,0,0,0,0,0,0,0,0,0,0,0,67267,28745,450,555.2162603081072,168.41187499812804,7025.321833993075,337.16105965778166
1777186730,0,,Aggregated,201.300000,93.500000,0,0,0,0,0,0,0,0,0,0,0,67267,28745,450,555.2162603081072,168.41187499812804,7025.321833993075,337.16105965778166
1777186731,0,GET,trips_per_route,201.300000,93.500000,0,0,0,0,0,0,0,0,0,0,0,67267,28745,450,555.2162603081072,168.41187499812804,7025.321833993075,337.16105965778166
1777186731,0,,Aggregated,201.300000,93.500000,0,0,0,0,0,0,0,0,0,0,0,67267,28745,450,555.2162603081072,168.41187499812804,7025.321833993075,337.16105965778166
1777186732,0,GET,trips_per_route,201.300000,93.500000,0,0,0,0,0,0,0,0,0,0,0,67267,28745,450,555.2162603081072,168.41187499812804,7025.321833993075,337.16105965778166
1777186732,0,,Aggregated,201.300000,93.500000,0,0,0,0,0,0,0,0,0,0,0,67267,28745,450,555.2162603081072,168.41187499812804,7025.321833993075,337.16105965778166
1777186733,0,GET,trips_per_route,201.300000,93.500000,0,0,0,0,0,0,0,0,0,0,0,67267,28745,450,555.2162603081072,168.41187499812804,7025.321833993075,337.16105965778166
1777186733,0,,Aggregated,201.300000,93.500000,0,0,0,0,0,0,0,0,0,0,0,67267,28745,450,555.2162603081072,168.41187499812804,7025.321833993075,337.16105965778166
1777186734,0,GET,trips_per_route,201.300000,93.500000,0,0,0,0,0,0,0,0,0,0,0,67267,28745,450,555.2162603081072,168.41187499812804,7025.321833993075,337.16105965778166
1777186734,0,,Aggregated,201.300000,93.500000,0,0,0,0,0,0,0,0,0,0,0,67267,28745,450,555.2162603081072,168.41187499812804,7025.321833993075,337.16105965778166
1777186735,0,GET,trips_per_route,201.300000,93.500000,0,0,0,0,0,0,0,0,0,0,0,67267,28745,450,555.2162603081072,168.41187499812804,7025.321833993075,337.16105965778166
1777186735,0,,Aggregated,201.300000,93.500000,0,0,0,0,0,0,0,0,0,0,0,67267,28745,450,555.2162603081072,168.41187499812804,7025.321833993075,337.16105965778166
1777186736,0,GET,trips_per_route,201.300000,93.500000,0,0,0,0,0,0,0,0,0,0,0,67267,28745,450,555.2162603081072,168.41187499812804,7025.321833993075,337.16105965778166
1777186736,0,,Aggregated,201.300000,93.500000,0,0,0,0,0,0,0,0,0,0,0,67267,28745,450,555.2162603081072,168.41187499812804,7025.321833993075,337.16105965778166
1777186737,0,GET,trips_per_route,201.300000,93.500000,0,0,0,0,0,0,0,0,0,0,0,67267,28745,450,555.2162603081072,168.41187499812804,7025.321833993075,337.16105965778166
1777186737,0,,Aggregated,201.300000,93.500000,0,0,0,0,0,0,0,0,0,0,0,67267,28745,450,555.2162603081072,168.41187499812804,7025.321833993075,337.16105965778166
1777186738,0,GET,trips_per_route,201.300000,93.500000,0,0,0,0,0,0,0,0,0,0,0,67267,28745,450,555.2162603081072,168.41187499812804,7025.321833993075,337.16105965778166
1777186738,0,,Aggregated,201.300000,93.500000,0,0,0,0,0,0,0,0,0,0,0,67267,28745,450,555.2162603081072,168.41187499812804,7025.321833993075,337.16105965778166
1777186739,0,GET,trips_per_route,201.300000,93.500000,0,0,0,0,0,0,0,0,0,0,0,67267,28745,450,555.2162603081072,168.41187499812804,7025.321833993075,337.16105965778166
1777186739,0,,Aggregated,201.300000,93.500000,0,0,0,0,0,0,0,0,0,0,0,67267,28745,450,555.2162603081072,168.41187499812804,7025.321833993075,337.16105965778166
1777186740,0,GET,trips_per_route,201.300000,93.500000,0,0,0,0,0,0,0,0,0,0,0,67267,28745,450,555.2162603081072,168.41187499812804,7025.321833993075,337.16105965778166
1777186740,0,,Aggregated,201.300000,93.500000,0,0,0,0,0,0,0,0,0,0,0,67267,28745,450,555.2162603081072,168.41187499812804,7025.321833993075,337.16105965778166
1777186741,0,GET,trips_per_route,201.300000,93.500000,0,0,0,0,0,0,0,0,0,0,0,67267,28745,450,555.2162603081072,168.41187499812804,7025.321833993075,337.16105965778166
1777186741,0,,Aggregated,201.300000,93.500000,0,0,0,0,0,0,0,0,0,0,0,67267,28745,450,555.2162603081072,168.41187499812804,7025.321833993075,337.16105965778166
1777186742,0,GET,trips_per_route,201.300000,93.500000,0,0,0,0,0,0,0,0,0,0,0,67267,28745,450,555.2162603081072,168.41187499812804,7025.321833993075,337.16105965778166
1777186742,0,,Aggregated,201.300000,93.500000,0,0,0,0,0,0,0,0,0,0,0,67267,28745,450,555.2162603081072,168.41187499812804,7025.321833993075,337.16105965778166
1777186743,0,GET,trips_per_route,201.300000,93.500000,0,0,0,0,0,0,0,0,0,0,0,67267,28745,450,555.2162603081072,168.41187499812804,7025.321833993075,337.16105965778166
1777186743,0,,Aggregated,201.300000,93.500000,0,0,0,0,0,0,0,0,0,0,0,67267,28745,450,555.2162603081072,168.41187499812804,7025.321833993075,337.16105965778166
1777186744,0,GET,trips_per_route,201.300000,93.500000,0,0,0,0,0,0,0,0,0,0,0,67267,28745,450,555.2162603081072,168.41187499812804,7025.321833993075,337.16105965778166
1777186744,0,,Aggregated,201.300000,93.500000,0,0,0,0,0,0,0,0,0,0,0,67267,28745,450,555.2162603081072,168.41187499812804,7025.321833993075,337.16105965778166
1777186745,0,GET,trips_per_route,201.300000,93.500000,0,0,0,0,0,0,0,0,0,0,0,67267,28745,450,555.2162603081072,168.41187499812804,7025.321833993075,337.16105965778166
1777186745,0,,Aggregated,201.300000,93.500000,0,0,0,0,0,0,0,0,0,0,0,67267,28745,450,555.2162603081072,168.41187499812804,7025.321833993075,337.16105965778166
1777186746,0,GET,trips_per_route,201.300000,93.500000,0,0,0,0,0,0,0,0,0,0,0,67267,28745,450,555.2162603081072,168.41187499812804,7025.321833993075,337.16105965778166
1777186746,0,,Aggregated,201.300000,93.500000,0,0,0,0,0,0,0,0,0,0,0,67267,28745,450,555.2162603081072,168.41187499812804,7025.321833993075,337.16105965778166
1777186747,0,GET,trips_per_route,201.300000,93.500000,0,0,0,0,0,0,0,0,0,0,0,67267,28745,450,555.2162603081072,168.41187499812804,7025.321833993075,337.16105965778166
1777186747,0,,Aggregated,201.300000,93.500000,0,0,0,0,0,0,0,0,0,0,0,67267,28745,450,555.2162603081072,168.41187499812804,7025.321833993075,337.16105965778166
1777186748,0,GET,trips_per_route,201.300000,93.500000,0,0,0,0,0,0,0,0,0,0,0,67267,28745,450,555.2162603081072,168.41187499812804,7025.321833993075,337.16105965778166
1777186748,0,,Aggregated,201.300000,93.500000,0,0,0,0,0,0,0,0,0,0,0,67267,28745,450,555.2162603081072,168.41187499812804,7025.321833993075,337.16105965778166
1777186749,0,GET,trips_per_route,201.300000,93.500000,0,0,0,0,0,0,0,0,0,0,0,67267,28745,450,555.2162603081072,168.41187499812804,7025.321833993075,337.16105965778166
1777186749,0,,Aggregated,201.300000,93.500000,0,0,0,0,0,0,0,0,0,0,0,67267,28745,450,555.2162603081072,168.41187499812804,7025.321833993075,337.16105965778166
1777186750,0,GET,trips_per_route,201.300000,93.500000,0,0,0,0,0,0,0,0,0,0,0,67267,28745,450,555.2162603081072,168.41187499812804,7025.321833993075,337.16105965778166
1777186750,0,,Aggregated,201.300000,93.500000,0,0,0,0,0,0,0,0,0,0,0,67267,28745,450,555.2162603081072,168.41187499812804,7025.321833993075,337.16105965778166
1777186751,0,GET,trips_per_route,201.300000,93.500000,0,0,0,0,0,0,0,0,0,0,0,67267,28745,450,555.2162603081072,168.41187499812804,7025.321833993075,337.16105965778166
1777186751,0,,Aggregated,201.300000,93.500000,0,0,0,0,0,0,0,0,0,0,0,67267,28745,450,555.2162603081072,168.41187499812804,7025.321833993075,337.16105965778166
1777186752,0,GET,trips_per_route,201.300000,93.500000,0,0,0,0,0,0,0,0,0,0,0,67267,28745,450,555.2162603081072,168.41187499812804,7025.321833993075,337.16105965778166
1777186752,0,,Aggregated,201.300000,93.500000,0,0,0,0,0,0,0,0,0,0,0,67267,28745,450,555.2162603081072,168.41187499812804,7025.321833993075,337.16105965778166
1777186753,0,GET,trips_per_route,201.300000,93.500000,0,0,0,0,0,0,0,0,0,0,0,67267,28745,450,555.2162603081072,168.41187499812804,7025.321833993075,337.16105965778166
1777186753,0,,Aggregated,201.300000,93.500000,0,0,0,0,0,0,0,0,0,0,0,67267,28745,450,555.2162603081072,168.41187499812804,7025.321833993075,337.16105965778166
1777186754,0,GET,trips_per_route,201.300000,93.500000,0,0,0,0,0,0,0,0,0,0,0,67267,28745,450,555.2162603081072,168.41187499812804,7025.321833993075,337.16105965778166
1777186754,0,,Aggregated,201.300000,93.500000,0,0,0,0,0,0,0,0,0,0,0,67267,28745,450,555.2162603081072,168.41187499812804,7025.321833993075,337.16105965778166
1777186755,0,GET,trips_per_route,201.300000,93.500000,0,0,0,0,0,0,0,0,0,0,0,67267,28745,450,555.2162603081072,168.41187499812804,7025.321833993075,337.16105965778166
1777186755,0,,Aggregated,201.300000,93.500000,0,0,0,0,0,0,0,0,0,0,0,67267,28745,450,555.2162603081072,168.41187499812804,7025.321833993075,337.16105965778166
1777186756,0,GET,trips_per_route,201.300000,93.500000,0,0,0,0,0,0,0,0,0,0,0,67267,28745,450,555.2162603081072,168.41187499812804,7025.321833993075,337.16105965778166
1777186756,0,,Aggregated,201.300000,93.500000,0,0,0,0,0,0,0,0,0,0,0,67267,28745,450,555.2162603081072,168.41187499812804,7025.321833993075,337.16105965778166
1777186757,0,GET,trips_per_route,201.300000,93.500000,0,0,0,0,0,0,0,0,0,0,0,67267,28745,450,555.2162603081072,168.41187499812804,7025.321833993075,337.16105965778166
1777186757,0,,Aggregated,201.300000,93.500000,0,0,0,0,0,0,0,0,0,0,0,67267,28745,450,555.2162603081072,168.41187499812804,7025.321833993075,337.16105965778166
1777186758,0,GET,trips_per_route,201.300000,93.500000,0,0,0,0,0,0,0,0,0,0,0,67267,28745,450,555.2162603081072,168.41187499812804,7025.321833993075,337.16105965778166
1777186758,0,,Aggregated,201.300000,93.500000,0,0,0,0,0,0,0,0,0,0,0,67267,28745,450,555.2162603081072,168.41187499812804,7025.321833993075,337.16105965778166
1777186759,0,GET,trips_per_route,201.300000,93.500000,0,0,0,0,0,0,0,0,0,0,0,67267,28745,450,555.2162603081072,168.41187499812804,7025.321833993075,337.16105965778166
1777186759,0,,Aggregated,201.300000,93.500000,0,0,0,0,0,0,0,0,0,0,0,67267,28745,450,555.2162603081072,168.41187499812804,7025.321833993075,337.16105965778166
1777186760,0,GET,trips_per_route,201.300000,93.500000,0,0,0,0,0,0,0,0,0,0,0,67267,28745,450,555.2162603081072,168.41187499812804,7025.321833993075,337.16105965778166
1777186760,0,,Aggregated,201.300000,93.500000,0,0,0,0,0,0,0,0,0,0,0,67267,28745,450,555.2162603081072,168.41187499812804,7025.321833993075,337.16105965778166
1777186761,0,GET,trips_per_route,201.300000,93.500000,0,0,0,0,0,0,0,0,0,0,0,67267,28745,450,555.2162603081072,168.41187499812804,7025.321833993075,337.16105965778166
1777186761,0,,Aggregated,201.300000,93.500000,0,0,0,0,0,0,0,0,0,0,0,67267,28745,450,555.2162603081072,168.41187499812804,7025.321833993075,337.16105965778166
1777186762,0,GET,trips_per_route,201.300000,93.500000,0,0,0,0,0,0,0,0,0,0,0,67267,28745,450,555.2162603081072,168.41187499812804,7025.321833993075,337.16105965778166
1777186762,0,,Aggregated,201.300000,93.500000,0,0,0,0,0,0,0,0,0,0,0,67267,28745,450,555.2162603081072,168.41187499812804,7025.321833993075,337.16105965778166
1777186763,0,GET,trips_per_route,201.300000,93.500000,0,0,0,0,0,0,0,0,0,0,0,67267,28745,450,555.2162603081072,168.41187499812804,7025.321833993075,337.16105965778166
1777186763,0,,Aggregated,201.300000,93.500000,0,0,0,0,0,0,0,0,0,0,0,67267,28745,450,555.2162603081072,168.41187499812804,7025.321833993075,337.16105965778166
1777186764,0,GET,trips_per_route,201.300000,93.500000,0,0,0,0,0,0,0,0,0,0,0,67267,28745,450,555.2162603081072,168.41187499812804,7025.321833993075,337.16105965778166
1777186764,0,,Aggregated,201.300000,93.500000,0,0,0,0,0,0,0,0,0,0,0,67267,28745,450,555.2162603081072,168.41187499812804,7025.321833993075,337.16105965778166
1777186765,0,GET,trips_per_route,201.300000,93.500000,0,0,0,0,0,0,0,0,0,0,0,67267,28745,450,555.2162603081072,168.41187499812804,7025.321833993075,337.16105965778166
1777186765,0,,Aggregated,201.300000,93.500000,0,0,0,0,0,0,0,0,0,0,0,67267,28745,450,555.2162603081072,168.41187499812804,7025.321833993075,337.16105965778166
1777186766,0,GET,trips_per_route,201.300000,93.500000,0,0,0,0,0,0,0,0,0,0,0,67267,28745,450,555.2162603081072,168.41187499812804,7025.321833993075,337.16105965778166
1777186766,0,,Aggregated,201.300000,93.500000,0,0,0,0,0,0,0,0,0,0,0,67267,28745,450,555.2162603081072,168.41187499812804,7025.321833993075,337.16105965778166
1777186767,0,GET,trips_per_route,201.300000,93.500000,0,0,0,0,0,0,0,0,0,0,0,67267,28745,450,555.2162603081072,168.41187499812804,7025.321833993075,337.16105965778166
1777186767,0,,Aggregated,201.300000,93.500000,0,0,0,0,0,0,0,0,0,0,0,67267,28745,450,555.2162603081072,168.41187499812804,7025.321833993075,337.16105965778166
1777186768,0,GET,trips_per_route,201.300000,93.500000,0,0,0,0,0,0,0,0,0,0,0,67267,28745,450,555.2162603081072,168.41187499812804,7025.321833993075,337.16105965778166
1777186768,0,,Aggregated,201.300000,93.500000,0,0,0,0,0,0,0,0,0,0,0,67267,28745,450,555.2162603081072,168.41187499812804,7025.321833993075,337.16105965778166
1777186769,0,GET,trips_per_route,201.300000,93.500000,0,0,0,0,0,0,0,0,0,0,0,67267,28745,450,555.2162603081072,168.41187499812804,7025.321833993075,337.16105965778166
1777186769,0,,Aggregated,201.300000,93.500000,0,0,0,0,0,0,0,0,0,0,0,67267,28745,450,555.2162603081072,168.41187499812804,7025.321833993075,337.16105965778166
1777186770,0,GET,trips_per_route,201.300000,93.500000,0,0,0,0,0,0,0,0,0,0,0,67267,28745,450,555.2162603081072,168.41187499812804,7025.321833993075,337.16105965778166
1777186770,0,,Aggregated,201.300000,93.500000,0,0,0,0,0,0,0,0,0,0,0,67267,28745,450,555.2162603081072,168.41187499812804,7025.321833993075,337.16105965778166
1777186771,0,GET,trips_per_route,201.300000,93.500000,0,0,0,0,0,0,0,0,0,0,0,67267,28745,450,555.2162603081072,168.41187499812804,7025.321833993075,337.16105965778166
1777186771,0,,Aggregated,201.300000,93.500000,0,0,0,0,0,0,0,0,0,0,0,67267,28745,450,555.2162603081072,168.41187499812804,7025.321833993075,337.16105965778166
1777186772,0,GET,trips_per_route,201.300000,93.500000,0,0,0,0,0,0,0,0,0,0,0,67267,28745,450,555.2162603081072,168.41187499812804,7025.321833993075,337.16105965778166
1777186772,0,,Aggregated,201.300000,93.500000,0,0,0,0,0,0,0,0,0,0,0,67267,28745,450,555.2162603081072,168.41187499812804,7025.321833993075,337.16105965778166
1777186773,0,GET,trips_per_route,201.300000,93.500000,0,0,0,0,0,0,0,0,0,0,0,67267,28745,450,555.2162603081072,168.41187499812804,7025.321833993075,337.16105965778166
1777186773,0,,Aggregated,201.300000,93.500000,0,0,0,0,0,0,0,0,0,0,0,67267,28745,450,555.2162603081072,168.41187499812804,7025.321833993075,337.16105965778166
1777186774,0,GET,trips_per_route,201.300000,93.500000,0,0,0,0,0,0,0,0,0,0,0,67267,28745,450,555.2162603081072,168.41187499812804,7025.321833993075,337.16105965778166
1777186774,0,,Aggregated,201.300000,93.500000,0,0,0,0,0,0,0,0,0,0,0,67267,28745,450,555.2162603081072,168.41187499812804,7025.321833993075,337.16105965778166
1777186775,0,GET,trips_per_route,201.300000,93.500000,0,0,0,0,0,0,0,0,0,0,0,67267,28745,450,555.2162603081072,168.41187499812804,7025.321833993075,337.16105965778166
1777186775,0,,Aggregated,201.300000,93.500000,0,0,0,0,0,0,0,0,0,0,0,67267,28745,450,555.2162603081072,168.41187499812804,7025.321833993075,337.16105965778166
1777186776,0,GET,trips_per_route,201.300000,93.500000,0,0,0,0,0,0,0,0,0,0,0,67267,28745,450,555.2162603081072,168.41187499812804,7025.321833993075,337.16105965778166
1777186776,0,,Aggregated,201.300000,93.500000,0,0,0,0,0,0,0,0,0,0,0,67267,28745,450,555.2162603081072,168.41187499812804,7025.321833993075,337.16105965778166
1777186777,0,GET,trips_per_route,201.300000,93.500000,0,0,0,0,0,0,0,0,0,0,0,67267,28745,450,555.2162603081072,168.41187499812804,7025.321833993075,337.16105965778166
1777186777,0,,Aggregated,201.300000,93.500000,0,0,0,0,0,0,0,0,0,0,0,67267,28745,450,555.2162603081072,168.41187499812804,7025.321833993075,337.16105965778166
1777186778,0,GET,trips_per_route,201.300000,93.500000,0,0,0,0,0,0,0,0,0,0,0,67267,28745,450,555.2162603081072,168.41187499812804,7025.321833993075,337.16105965778166
1777186778,0,,Aggregated,201.300000,93.500000,0,0,0,0,0,0,0,0,0,0,0,67267,28745,450,555.2162603081072,168.41187499812804,7025.321833993075,337.16105965778166
1777186779,0,GET,trips_per_route,201.300000,93.500000,0,0,0,0,0,0,0,0,0,0,0,67267,28745,450,555.2162603081072,168.41187499812804,7025.321833993075,337.16105965778166
1777186779,0,,Aggregated,201.300000,93.500000,0,0,0,0,0,0,0,0,0,0,0,67267,28745,450,555.2162603081072,168.41187499812804,7025.321833993075,337.16105965778166
1777186780,0,GET,trips_per_route,201.300000,93.500000,0,0,0,0,0,0,0,0,0,0,0,67267,28745,450,555.2162603081072,168.41187499812804,7025.321833993075,337.16105965778166
1777186780,0,,Aggregated,201.300000,93.500000,0,0,0,0,0,0,0,0,0,0,0,67267,28745,450,555.2162603081072,168.41187499812804,7025.321833993075,337.16105965778166
1777186781,0,GET,trips_per_route,201.300000,93.500000,0,0,0,0,0,0,0,0,0,0,0,67267,28745,450,555.2162603081072,168.41187499812804,7025.321833993075,337.16105965778166
1777186781,0,,Aggregated,201.300000,93.500000,0,0,0,0,0,0,0,0,0,0,0,67267,28745,450,555.2162603081072,168.41187499812804,7025.321833993075,337.16105965778166
1777186782,0,GET,trips_per_route,201.300000,93.500000,0,0,0,0,0,0,0,0,0,0,0,67267,28745,450,555.2162603081072,168.41187499812804,7025.321833993075,337.16105965778166
1777186782,0,,Aggregated,201.300000,93.500000,0,0,0,0,0,0,0,0,0,0,0,67267,28745,450,555.2162603081072,168.41187499812804,7025.321833993075,337.16105965778166
1777186783,0,GET,trips_per_route,201.300000,93.500000,0,0,0,0,0,0,0,0,0,0,0,67267,28745,450,555.2162603081072,168.41187499812804,7025.321833993075,337.16105965778166
1777186783,0,,Aggregated,201.300000,93.500000,0,0,0,0,0,0,0,0,0,0,0,67267,28745,450,555.2162603081072,168.41187499812804,7025.321833993075,337.16105965778166
1777186784,0,GET,trips_per_route,201.300000,93.500000,0,0,0,0,0,0,0,0,0,0,0,67267,28745,450,555.2162603081072,168.41187499812804,7025.321833993075,337.16105965778166
1777186784,0,,Aggregated,201.300000,93.500000,0,0,0,0,0,0,0,0,0,0,0,67267,28745,450,555.2162603081072,168.41187499812804,7025.321833993075,337.16105965778166
1777186785,0,GET,trips_per_route,201.300000,93.500000,0,0,0,0,0,0,0,0,0,0,0,67267,28745,450,555.2162603081072,168.41187499812804,7025.321833993075,337.16105965778166
1777186785,0,,Aggregated,201.300000,93.500000,0,0,0,0,0,0,0,0,0,0,0,67267,28745,450,555.2162603081072,168.41187499812804,7025.321833993075,337.16105965778166
1777186786,0,GET,trips_per_route,201.300000,93.500000,0,0,0,0,0,0,0,0,0,0,0,67267,28745,450,555.2162603081072,168.41187499812804,7025.321833993075,337.16105965778166
1777186786,0,,Aggregated,201.300000,93.500000,0,0,0,0,0,0,0,0,0,0,0,67267,28745,450,555.2162603081072,168.41187499812804,7025.321833993075,337.16105965778166
1777186788,0,GET,trips_per_route,201.300000,93.500000,0,0,0,0,0,0,0,0,0,0,0,67267,28745,450,555.2162603081072,168.41187499812804,7025.321833993075,337.16105965778166
1777186788,0,,Aggregated,201.300000,93.500000,0,0,0,0,0,0,0,0,0,0,0,67267,28745,450,555.2162603081072,168.41187499812804,7025.321833993075,337.16105965778166
1777186789,0,GET,trips_per_route,201.300000,93.500000,0,0,0,0,0,0,0,0,0,0,0,67267,28745,450,555.2162603081072,168.41187499812804,7025.321833993075,337.16105965778166
1777186789,0,,Aggregated,201.300000,93.500000,0,0,0,0,0,0,0,0,0,0,0,67267,28745,450,555.2162603081072,168.41187499812804,7025.321833993075,337.16105965778166
1777186790,0,GET,trips_per_route,201.300000,93.500000,0,0,0,0,0,0,0,0,0,0,0,67267,28745,450,555.2162603081072,168.41187499812804,7025.321833993075,337.16105965778166
1777186790,0,,Aggregated,201.300000,93.500000,0,0,0,0,0,0,0,0,0,0,0,67267,28745,450,555.2162603081072,168.41187499812804,7025.321833993075,337.16105965778166
1777186791,0,GET,trips_per_route,201.300000,93.500000,0,0,0,0,0,0,0,0,0,0,0,67267,28745,450,555.2162603081072,168.41187499812804,7025.321833993075,337.16105965778166
1777186791,0,,Aggregated,201.300000,93.500000,0,0,0,0,0,0,0,0,0,0,0,67267,28745,450,555.2162603081072,168.41187499812804,7025.321833993075,337.16105965778166
1777186792,0,GET,trips_per_route,201.300000,93.500000,0,0,0,0,0,0,0,0,0,0,0,67267,28745,450,555.2162603081072,168.41187499812804,7025.321833993075,337.16105965778166
1777186792,0,,Aggregated,201.300000,93.500000,0,0,0,0,0,0,0,0,0,0,0,67267,28745,450,555.2162603081072,168.41187499812804,7025.321833993075,337.16105965778166
1777186793,0,GET,trips_per_route,201.300000,93.500000,0,0,0,0,0,0,0,0,0,0,0,67267,28745,450,555.2162603081072,168.41187499812804,7025.321833993075,337.16105965778166
1777186793,0,,Aggregated,201.300000,93.500000,0,0,0,0,0,0,0,0,0,0,0,67267,28745,450,555.2162603081072,168.41187499812804,7025.321833993075,337.16105965778166
1777186794,0,GET,trips_per_route,201.300000,93.500000,0,0,0,0,0,0,0,0,0,0,0,67267,28745,450,555.2162603081072,168.41187499812804,7025.321833993075,337.16105965778166
1777186794,0,,Aggregated,201.300000,93.500000,0,0,0,0,0,0,0,0,0,0,0,67267,28745,450,555.2162603081072,168.41187499812804,7025.321833993075,337.16105965778166
1777186795,0,GET,trips_per_route,201.300000,93.500000,0,0,0,0,0,0,0,0,0,0,0,67267,28745,450,555.2162603081072,168.41187499812804,7025.321833993075,337.16105965778166
1777186795,0,,Aggregated,201.300000,93.500000,0,0,0,0,0,0,0,0,0,0,0,67267,28745,450,555.2162603081072,168.41187499812804,7025.321833993075,337.16105965778166
1777186796,0,GET,trips_per_route,201.300000,93.500000,0,0,0,0,0,0,0,0,0,0,0,67267,28745,450,555.2162603081072,168.41187499812804,7025.321833993075,337.16105965778166
1777186796,0,,Aggregated,201.300000,93.500000,0,0,0,0,0,0,0,0,0,0,0,67267,28745,450,555.2162603081072,168.41187499812804,7025.321833993075,337.16105965778166
1777186797,0,GET,trips_per_route,201.300000,93.500000,0,0,0,0,0,0,0,0,0,0,0,67267,28745,450,555.2162603081072,168.41187499812804,7025.321833993075,337.16105965778166
1777186797,0,,Aggregated,201.300000,93.500000,0,0,0,0,0,0,0,0,0,0,0,67267,28745,450,555.2162603081072,168.41187499812804,7025.321833993075,337.16105965778166
1777186798,0,GET,trips_per_route,201.300000,93.500000,0,0,0,0,0,0,0,0,0,0,0,67267,28745,450,555.2162603081072,168.41187499812804,7025.321833993075,337.16105965778166
1777186798,0,,Aggregated,201.300000,93.500000,0,0,0,0,0,0,0,0,0,0,0,67267,28745,450,555.2162603081072,168.41187499812804,7025.321833993075,337.16105965778166
1777186799,0,GET,trips_per_route,201.300000,93.500000,0,0,0,0,0,0,0,0,0,0,0,67267,28745,450,555.2162603081072,168.41187499812804,7025.321833993075,337.16105965778166
1777186799,0,,Aggregated,201.300000,93.500000,0,0,0,0,0,0,0,0,0,0,0,67267,28745,450,555.2162603081072,168.41187499812804,7025.321833993075,337.16105965778166
1777186800,0,GET,trips_per_route,201.300000,93.500000,0,0,0,0,0,0,0,0,0,0,0,67267,28745,450,555.2162603081072,168.41187499812804,7025.321833993075,337.16105965778166
1777186800,0,,Aggregated,201.300000,93.500000,0,0,0,0,0,0,0,0,0,0,0,67267,28745,450,555.2162603081072,168.41187499812804,7025.321833993075,337.16105965778166
1777186801,0,GET,trips_per_route,201.300000,93.500000,0,0,0,0,0,0,0,0,0,0,0,67267,28745,450,555.2162603081072,168.41187499812804,7025.321833993075,337.16105965778166
1777186801,0,,Aggregated,201.300000,93.500000,0,0,0,0,0,0,0,0,0,0,0,67267,28745,450,555.2162603081072,168.41187499812804,7025.321833993075,337.16105965778166
1777186802,0,GET,trips_per_route,201.300000,93.500000,0,0,0,0,0,0,0,0,0,0,0,67267,28745,450,555.2162603081072,168.41187499812804,7025.321833993075,337.16105965778166
1777186802,0,,Aggregated,201.300000,93.500000,0,0,0,0,0,0,0,0,0,0,0,67267,28745,450,555.2162603081072,168.41187499812804,7025.321833993075,337.16105965778166
1777186803,0,GET,trips_per_route,201.300000,93.500000,0,0,0,0,0,0,0,0,0,0,0,67267,28745,450,555.2162603081072,168.41187499812804,7025.321833993075,337.16105965778166
1777186803,0,,Aggregated,201.300000,93.500000,0,0,0,0,0,0,0,0,0,0,0,67267,28745,450,555.2162603081072,168.41187499812804,7025.321833993075,337.16105965778166
1777186804,0,GET,trips_per_route,201.300000,93.500000,0,0,0,0,0,0,0,0,0,0,0,67267,28745,450,555.2162603081072,168.41187499812804,7025.321833993075,337.16105965778166
1777186804,0,,Aggregated,201.300000,93.500000,0,0,0,0,0,0,0,0,0,0,0,67267,28745,450,555.2162603081072,168.41187499812804,7025.321833993075,337.16105965778166
1777186805,0,GET,trips_per_route,201.300000,93.500000,0,0,0,0,0,0,0,0,0,0,0,67267,28745,450,555.2162603081072,168.41187499812804,7025.321833993075,337.16105965778166
1777186805,0,,Aggregated,201.300000,93.500000,0,0,0,0,0,0,0,0,0,0,0,67267,28745,450,555.2162603081072,168.41187499812804,7025.321833993075,337.16105965778166
1777186806,0,GET,trips_per_route,201.300000,93.500000,0,0,0,0,0,0,0,0,0,0,0,67267,28745,450,555.2162603081072,168.41187499812804,7025.321833993075,337.16105965778166
1777186806,0,,Aggregated,201.300000,93.500000,0,0,0,0,0,0,0,0,0,0,0,67267,28745,450,555.2162603081072,168.41187499812804,7025.321833993075,337.16105965778166
1777186807,0,GET,trips_per_route,201.300000,93.500000,0,0,0,0,0,0,0,0,0,0,0,67267,28745,450,555.2162603081072,168.41187499812804,7025.321833993075,337.16105965778166
1777186807,0,,Aggregated,201.300000,93.500000,0,0,0,0,0,0,0,0,0,0,0,67267,28745,450,555.2162603081072,168.41187499812804,7025.321833993075,337.16105965778166
1777186808,10,GET,trips_per_route,0.000000,0.000000,500,560,710,750,790,790,790,790,790,790,790,67277,28745,450,555.2153056737744,168.41187499812804,7025.321833993075,337.1663272738083
1777186808,10,,Aggregated,0.000000,0.000000,500,560,710,750,790,790,790,790,790,790,790,67277,28745,450,555.2153056737744,168.41187499812804,7025.321833993075,337.1663272738083
1777186809,20,GET,trips_per_route,0.000000,0.000000,320,350,380,410,500,710,790,790,790,790,790,67308,28745,450,555.0963157317202,168.41187499812804,7025.321833993075,337.18269745052595
1777186809,20,,Aggregated,0.000000,0.000000,320,350,380,410,500,710,790,790,790,790,790,67308,28745,450,555.0963157317202,168.41187499812804,7025.321833993075,337.18269745052595
1777186810,30,GET,trips_per_route,1.000000,0.000000,300,330,360,370,410,500,750,790,790,790,790,67348,28745,450,554.9419536026087,168.41187499812804,7025.321833993075,337.2038219397755
1777186810,30,,Aggregated,1.000000,0.000000,300,330,360,370,410,500,750,790,790,790,790,67348,28745,450,554.9419536026087,168.41187499812804,7025.321833993075,337.2038219397755
1777186811,40,GET,trips_per_route,3.800000,0.000000,280,310,330,360,400,480,710,750,790,790,790,67408,28745,450,554.6985587853322,168.41187499812804,7025.321833993075,337.23537265606456
1777186811,40,,Aggregated,3.800000,0.000000,280,310,330,360,400,480,710,750,790,790,790,67408,28745,450,554.6985587853322,168.41187499812804,7025.321833993075,337.23537265606456
1777186812,50,GET,trips_per_route,8.000000,0.000000,280,310,330,340,400,440,620,710,790,790,790,67482,28745,450,554.4106971657567,168.41187499812804,7025.321833993075,337.2743546427195
1777186812,50,,Aggregated,8.000000,0.000000,280,310,330,340,400,440,620,710,790,790,790,67482,28745,450,554.4106971657567,168.41187499812804,7025.321833993075,337.2743546427195
1777186813,60,GET,trips_per_route,14.000000,0.000000,290,320,330,340,390,420,500,660,790,790,790,67568,28745,450,554.0880237510182,168.41187499812804,7025.321833993075,337.3195003551977
1777186813,60,,Aggregated,14.000000,0.000000,290,320,330,340,390,420,500,660,790,790,790,67568,28745,450,554.0880237510182,168.41187499812804,7025.321833993075,337.3195003551977
1777186814,70,GET,trips_per_route,20.800000,0.000000,290,320,330,340,390,420,560,710,790,790,790,67669,28745,440,553.7213762729142,168.41187499812804,7025.321833993075,337.37226795135143
1777186814,70,,Aggregated,20.800000,0.000000,290,320,330,340,390,420,560,710,790,790,790,67669,28745,440,553.7213762729142,168.41187499812804,7025.321833993075,337.37226795135143
1777186815,80,GET,trips_per_route,29.600000,0.000000,290,310,330,340,370,420,490,660,790,790,790,67785,28745,440,553.271998566747,168.41187499812804,7025.321833993075,337.4328096186472
1777186815,80,,Aggregated,29.600000,0.000000,290,310,330,340,370,420,490,660,790,790,790,67785,28745,440,553.271998566747,168.41187499812804,7025.321833993075,337.4328096186472
1777186816,90,GET,trips_per_route,38.700000,0.000000,290,310,330,340,370,420,590,680,790,790,790,67908,28745,440,552.8402267058849,168.41187499812804,7025.321833993075,337.4966277905401
1777186816,90,,Aggregated,38.700000,0.000000,290,310,330,340,370,420,590,680,790,790,790,67908,28745,440,552.8402267058849,168.41187499812804,7025.321833993075,337.4966277905401
1777186817,100,GET,trips_per_route,50.500000,0.000000,300,320,330,340,380,420,500,660,760,760,760,68044,28745,440,552.4207368194261,168.41187499812804,7025.321833993075,337.5666480512609
1777186817,100,,Aggregated,50.500000,0.000000,300,320,330,340,380,420,500,660,760,760,760,68044,28745,440,552.4207368194261,168.41187499812804,7025.321833993075,337.5666480512609
1777186818,110,GET,trips_per_route,62.800000,0.000000,300,330,340,360,410,470,640,690,870,870,870,68178,28745,440,552.1027026530257,168.41187499812804,7025.321833993075,337.635204904808
1777186818,110,,Aggregated,62.800000,0.000000,300,330,340,360,410,470,640,690,870,870,870,68178,28745,440,552.1027026530257,168.41187499812804,7025.321833993075,337.635204904808
1777186819,120,GET,trips_per_route,76.400000,0.000000,310,340,360,380,440,500,660,730,1400,1400,1400,68313,28745,440,551.8281581089119,168.41187499812804,7025.321833993075,337.704053401256
1777186819,120,,Aggregated,76.400000,0.000000,310,340,360,380,440,500,660,730,1400,1400,1400,68313,28745,440,551.8281581089119,168.41187499812804,7025.321833993075,337.704053401256
1777186820,130,GET,trips_per_route,88.100000,0.000000,320,360,390,410,470,580,690,840,2500,2500,2500,68459,28751,440,551.668621710484,29.818667011568323,7025.321833993075,337.75281555383515
1777186820,130,,Aggregated,88.100000,0.000000,320,360,390,410,470,580,690,840,2500,2500,2500,68459,28751,440,551.668621710484,29.818667011568323,7025.321833993075,337.75281555383515
1777186821,140,GET,trips_per_route,99.400000,0.000000,340,380,420,440,550,650,770,1400,2500,2500,2500,68592,28756,440,551.6197273942745,29.818667011568323,7025.321833993075,337.79883951481224
1777186821,140,,Aggregated,99.400000,0.000000,340,380,420,440,550,650,770,1400,2500,2500,2500,68592,28756,440,551.6197273942745,29.818667011568323,7025.321833993075,337.79883951481224
1777186822,150,GET,trips_per_route,109.300000,0.600000,350,410,450,470,590,720,930,1600,2500,2600,2600,68731,28775,440,551.5822058527867,29.1710419987794,7025.321833993075,337.7894981885903
1777186822,150,,Aggregated,109.300000,0.600000,350,410,450,470,590,720,930,1600,2500,2600,2600,68731,28775,440,551.5822058527867,29.1710419987794,7025.321833993075,337.7894981885903
1777186823,160,GET,trips_per_route,116.000000,0.700000,370,440,480,520,680,840,1300,2100,2600,2600,2600,68836,28775,440,551.9048273095459,29.1710419987794,7025.321833993075,337.84185600557845
1777186823,160,,Aggregated,116.000000,0.700000,370,440,480,520,680,840,1300,2100,2600,2600,2600,68836,28775,440,551.9048273095459,29.1710419987794,7025.321833993075,337.84185600557845
1777186824,170,GET,trips_per_route,124.200000,2.700000,410,490,570,640,840,1000,2100,2600,3000,3000,3000,68995,28798,440,552.6349413492283,29.1710419987794,7025.321833993075,337.8435973621277
1777186824,170,,Aggregated,124.200000,2.700000,410,490,570,640,840,1000,2100,2600,3000,3000,3000,68995,28798,440,552.6349413492283,29.1710419987794,7025.321833993075,337.8435973621277
1777186825,180,GET,trips_per_route,126.300000,3.000000,440,540,640,720,930,1400,2200,2600,3000,3000,3000,69188,28866,440,553.0885654649799,29.1710419987794,7025.321833993075,337.8126987338845
1777186825,180,,Aggregated,126.300000,3.000000,440,540,640,720,930,1400,2200,2600,3000,3000,3000,69188,28866,440,553.0885654649799,29.1710419987794,7025.321833993075,337.8126987338845
1777186826,190,GET,trips_per_route,130.800000,3.500000,460,570,670,750,940,1300,2100,2600,3000,3000,3000,69382,28951,440,552.9816391976753,29.1710419987794,7025.321833993075,337.79347669424345
1777186826,190,,Aggregated,130.800000,3.500000,460,570,670,750,940,1300,2100,2600,3000,3000,3000,69382,28951,440,552.9816391976753,29.1710419987794,7025.321833993075,337.79347669424345
1777186827,200,GET,trips_per_route,139.100000,11.100000,480,610,730,800,1000,1300,2100,2600,3000,3000,3000,69579,29043,440,553.0703946781057,29.1710419987794,7025.321833993075,337.7466045789678
1777186827,200,,Aggregated,139.100000,11.100000,480,610,730,800,1000,1300,2100,2600,3000,3000,3000,69579,29043,440,553.0703946781057,29.1710419987794,7025.321833993075,337.7466045789678
1777186828,200,GET,trips_per_route,146.600000,19.600000,500,660,760,840,1100,1300,2100,2600,3000,3000,3000,69786,29136,440,553.1042128707345,28.7459579994902,7025.321833993075,337.6623391511191
1777186828,200,,Aggregated,146.600000,19.600000,500,660,760,840,1100,1300,2100,2600,3000,3000,3000,69786,29136,440,553.1042128707345,28.7459579994902,7025.321833993075,337.6623391511191
1777186829,200,GET,trips_per_route,151.700000,28.100000,520,700,800,870,1100,1200,2000,2500,3000,3000,3000,69997,29224,440,553.2149616599444,28.7459579994902,7025.321833993075,337.61852650827893
1777186829,200,,Aggregated,151.700000,28.100000,520,700,800,870,1100,1200,2000,2500,3000,3000,3000,69997,29224,440,553.2149616599444,28.7459579994902,7025.321833993075,337.61852650827893
1777186830,200,GET,trips_per_route,160.900000,38.500000,530,710,810,890,1100,1200,1900,2400,3000,3000,3000,70224,29333,440,553.0834613680512,28.7459579994902,7025.321833993075,337.49151287309184
1777186830,200,,Aggregated,160.900000,38.500000,530,710,810,890,1100,1200,1900,2400,3000,3000,3000,70224,29333,440,553.0834613680512,28.7459579994902,7025.321833993075,337.49151287309184
1777186831,200,GET,trips_per_route,167.200000,47.100000,540,730,830,900,1100,1200,1900,2400,3000,3000,3000,70420,29416,440,553.108675655965,28.7459579994902,7025.321833993075,337.44085487077535
1777186831,200,,Aggregated,167.200000,47.100000,540,730,830,900,1100,1200,1900,2400,3000,3000,3000,70420,29416,440,553.108675655965,28.7459579994902,7025.321833993075,337.44085487077535
1777186832,200,GET,trips_per_route,173.800000,55.500000,530,720,840,900,1100,1200,1800,2100,3000,3000,3000,70647,29530,440,552.9962686311349,28.7459579994902,7025.321833993075,337.28607017990856
1777186832,200,,Aggregated,173.800000,55.500000,530,720,840,900,1100,1200,1800,2100,3000,3000,3000,70647,29530,440,552.9962686311349,28.7459579994902,7025.321833993075,337.28607017990856
1777186833,200,GET,trips_per_route,182.100000,65.000000,500,700,810,880,1100,1200,1300,1800,2400,2900,2900,70831,29618,440,553.0461546760689,28.7459579994902,7025.321833993075,337.2133529104488
1777186833,200,,Aggregated,182.100000,65.000000,500,700,810,880,1100,1200,1300,1800,2400,2900,2900,70831,29618,440,553.0461546760689,28.7459579994902,7025.321833993075,337.2133529104488
1777186834,200,GET,trips_per_route,188.000000,72.700000,470,690,800,870,1000,1100,1200,1300,1700,1700,1700,71076,29734,440,552.9446730627049,28.7459579994902,7025.321833993075,337.0379030896505
1777186834,200,,Aggregated,188.000000,72.700000,470,690,800,870,1000,1100,1200,1300,1700,1700,1700,71076,29734,440,552.9446730627049,28.7459579994902,7025.321833993075,337.0379030896505
1777186835,200,GET,trips_per_route,197.100000,82.500000,470,710,820,890,1000,1200,1300,1300,1700,1700,1700,71275,29840,440,552.830892352083,28.7459579994902,7025.321833993075,336.9131673097159
1777186835,200,,Aggregated,197.100000,82.500000,470,710,820,890,1000,1200,1300,1300,1700,1700,1700,71275,29840,440,552.830892352083,28.7459579994902,7025.321833993075,336.9131673097159
1777186836,200,GET,trips_per_route,208.400000,93.900000,490,720,830,900,1000,1200,1300,1400,1900,1900,1900,71472,29930,440,553.1056122802617,28.7459579994902,7025.321833993075,336.8883059100067
1777186836,200,,Aggregated,208.400000,93.900000,490,720,830,900,1000,1200,1300,1400,1900,1900,1900,71472,29930,440,553.1056122802617,28.7459579994902,7025.321833993075,336.8883059100067
1777186837,200,GET,trips_per_route,208.700000,97.800000,460,700,820,880,1000,1200,1300,1400,1900,1900,1900,71698,30038,440,552.962791385728,28.7459579994902,7025.321833993075,336.77304806270746
1777186837,200,,Aggregated,208.700000,97.800000,460,700,820,880,1000,1200,1300,1400,1900,1900,1900,71698,30038,440,552.962791385728,28.7459579994902,7025.321833993075,336.77304806270746
1777186838,200,GET,trips_per_route,207.600000,97.800000,440,690,800,860,1000,1200,1300,1400,1900,1900,1900,71934,30145,440,552.6609158977265,28.7459579994902,7025.321833993075,336.649790085356
1777186838,200,,Aggregated,207.600000,97.800000,440,690,800,860,1000,1200,1300,1400,1900,1900,1900,71934,30145,440,552.6609158977265,28.7459579994902,7025.321833993075,336.649790085356
1777186839,200,GET,trips_per_route,210.400000,98.500000,420,670,790,850,1000,1100,1300,1400,1900,1900,1900,72169,30251,440,552.3290905716984,28.7459579994902,7025.321833993075,336.4998545081683
1777186839,200,,Aggregated,210.400000,98.500000,420,670,790,850,1000,1100,1300,1400,1900,1900,1900,72169,30251,440,552.3290905716984,28.7459579994902,7025.321833993075,336.4998545081683
1777186840,200,GET,trips_per_route,212.400000,99.400000,410,670,780,850,990,1100,1300,1400,1900,1900,1900,72398,30357,440,552.148469178651,28.7459579994902,7025.321833993075,336.3815989391972
1777186840,200,,Aggregated,212.400000,99.400000,410,670,780,850,990,1100,1300,1400,1900,1900,1900,72398,30357,440,552.148469178651,28.7459579994902,7025.321833993075,336.3815989391972
1777186841,200,GET,trips_per_route,217.000000,103.000000,400,650,770,830,980,1100,1300,1400,1900,1900,1900,72622,30460,440,551.956491256312,28.7459579994902,7025.321833993075,336.286979152323
1777186841,200,,Aggregated,217.000000,103.000000,400,650,770,830,980,1100,1300,1400,1900,1900,1900,72622,30460,440,551.956491256312,28.7459579994902,7025.321833993075,336.286979152323
1777186842,200,GET,trips_per_route,218.600000,104.100000,400,630,750,820,970,1100,1300,1300,1900,1900,1900,72861,30575,440,551.5010224356104,28.7459579994902,7025.321833993075,336.1008083885755
1777186842,200,,Aggregated,218.600000,104.100000,400,630,750,820,970,1100,1300,1300,1900,1900,1900,72861,30575,440,551.5010224356104,28.7459579994902,7025.321833993075,336.1008083885755
1777186843,200,GET,trips_per_route,219.400000,104.500000,390,580,710,790,940,1100,1200,1300,1900,1900,1900,73124,30689,440,550.9995480143918,28.7459579994902,7025.321833993075,335.93177342596135
1777186843,200,,Aggregated,219.400000,104.500000,390,580,710,790,940,1100,1200,1300,1900,1900,1900,73124,30689,440,550.9995480143918,28.7459579994902,7025.321833993075,335.93177342596135
1777186844,200,GET,trips_per_route,222.300000,105.200000,400,580,700,770,940,1100,1200,1300,1900,1900,1900,73329,30776,440,550.821464960607,28.7459579994902,7025.321833993075,335.89031624596
1777186844,200,,Aggregated,222.300000,105.200000,400,580,700,770,940,1100,1200,1300,1900,1900,1900,73329,30776,440,550.821464960607,28.7459579994902,7025.321833993075,335.89031624596
1777186845,200,GET,trips_per_route,229.400000,107.500000,400,560,680,750,920,1100,1200,1300,1600,1900,1900,73537,30863,440,550.8525749086264,28.7459579994902,7025.321833993075,335.8933462066715
1777186845,200,,Aggregated,229.400000,107.500000,400,560,680,750,920,1100,1200,1300,1600,1900,1900,73537,30863,440,550.8525749086264,28.7459579994902,7025.321833993075,335.8933462066715
1777186846,200,GET,trips_per_route,225.000000,104.300000,400,550,670,740,900,1000,1100,1200,1600,1600,1600,73770,30949,440,550.7653589396577,28.7459579994902,7025.321833993075,335.8943337400027
1777186846,200,,Aggregated,225.000000,104.300000,400,550,670,740,900,1000,1100,1200,1600,1600,1600,73770,30949,440,550.7653589396577,28.7459579994902,7025.321833993075,335.8943337400027
1777186847,200,GET,trips_per_route,225.500000,101.300000,410,560,660,730,890,1000,1200,1300,1600,1600,1600,73976,31030,440,550.6313181710491,28.7459579994902,7025.321833993075,335.89193792581375
1777186847,200,,Aggregated,225.500000,101.300000,410,560,660,730,890,1000,1200,1300,1600,1600,1600,73976,31030,440,550.6313181710491,28.7459579994902,7025.321833993075,335.89193792581375
1777186848,200,GET,trips_per_route,228.500000,101.500000,420,560,670,730,890,1000,1200,1300,1600,1600,1600,74193,31121,440,550.6215843792987,28.7459579994902,7025.321833993075,335.88994918658096
1777186848,200,,Aggregated,228.500000,101.500000,420,560,670,730,890,1000,1200,1300,1600,1600,1600,74193,31121,440,550.6215843792987,28.7459579994902,7025.321833993075,335.88994918658096
1777186849,200,GET,trips_per_route,229.300000,100.800000,420,560,670,720,890,1000,1200,1400,1600,1600,1600,74417,31222,440,550.4686306566168,28.7459579994902,7025.321833993075,335.8297835172071
1777186849,200,,Aggregated,229.300000,100.800000,420,560,670,720,890,1000,1200,1400,1600,1600,1600,74417,31222,440,550.4686306566168,28.7459579994902,7025.321833993075,335.8297835172071
1777186850,200,GET,trips_per_route,226.700000,98.500000,410,550,660,710,880,1000,1200,1400,1700,1700,1700,74650,31331,440,550.2271398257279,28.7459579994902,7025.321833993075,335.7437910247823
1777186850,200,,Aggregated,226.700000,98.500000,410,550,660,710,880,1000,1200,1400,1700,1700,1700,74650,31331,440,550.2271398257279,28.7459579994902,7025.321833993075,335.7437910247823
1777186851,200,GET,trips_per_route,222.700000,95.900000,400,540,650,700,860,1000,1200,1500,1700,1700,1700,74916,31453,440,549.7123895528022,28.7459579994902,7025.321833993075,335.57555128410485
1777186851,200,,Aggregated,222.700000,95.900000,400,540,650,700,860,1000,1200,1500,1700,1700,1700,74916,31453,440,549.7123895528022,28.7459579994902,7025.321833993075,335.57555128410485
1777186852,200,GET,trips_per_route,223.100000,95.900000,400,540,650,700,860,1000,1300,1500,1700,1700,1700,75142,31558,440,549.3360741622473,28.7459579994902,7025.321833993075,335.47418221500624
1777186852,200,,Aggregated,223.100000,95.900000,400,540,650,700,860,1000,1300,1500,1700,1700,1700,75142,31558,440,549.3360741622473,28.7459579994902,7025.321833993075,335.47418221500624
1777186853,200,GET,trips_per_route,227.500000,97.500000,390,530,640,710,860,1000,1400,1500,1700,1700,1700,75356,31659,440,549.0884645227142,28.7459579994902,7025.321833993075,335.386750889113
1777186853,200,,Aggregated,227.500000,97.500000,390,530,640,710,860,1000,1400,1500,1700,1700,1700,75356,31659,440,549.0884645227142,28.7459579994902,7025.321833993075,335.386750889113
1777186854,200,GET,trips_per_route,227.200000,98.600000,390,520,640,700,870,1100,1400,1600,1700,1800,1800,75580,31755,440,548.9699187884701,28.7459579994902,7025.321833993075,335.3290685366499
1777186854,200,,Aggregated,227.200000,98.600000,390,520,640,700,870,1100,1400,1600,1700,1800,1800,75580,31755,440,548.9699187884701,28.7459579994902,7025.321833993075,335.3290685366499
1777186855,200,GET,trips_per_route,222.700000,96.700000,380,520,630,710,890,1100,1400,1600,1700,1800,1800,75817,31848,440,548.8971338880414,28.7459579994902,7025.321833993075,335.2919002334569
1777186855,200,,Aggregated,222.700000,96.700000,380,520,630,710,890,1100,1400,1600,1700,1800,1800,75817,31848,440,548.8971338880414,28.7459579994902,7025.321833993075,335.2919002334569
1777186856,200,GET,trips_per_route,224.400000,97.000000,370,500,600,690,890,1100,1500,1600,1700,1800,1800,76062,31947,440,548.5201936768146,28.7459579994902,7025.321833993075,335.2237516762641
1777186856,200,,Aggregated,224.400000,97.000000,370,500,600,690,890,1100,1500,1600,1700,1800,1800,76062,31947,440,548.5201936768146,28.7459579994902,7025.321833993075,335.2237516762641
1777186857,200,GET,trips_per_route,226.500000,98.000000,370,490,580,650,880,1100,1500,1600,1700,1800,1800,76286,32035,440,548.3283464789731,28.7459579994902,7025.321833993075,335.1934299871536
1777186857,200,,Aggregated,226.500000,98.000000,370,490,580,650,880,1100,1500,1600,1700,1800,1800,76286,32035,440,548.3283464789731,28.7459579994902,7025.321833993075,335.1934299871536
1777186858,200,GET,trips_per_route,227.500000,99.200000,370,490,580,650,870,1100,1400,1600,1700,1800,1800,76496,32130,440,548.0575322043358,28.722999995807186,7025.321833993075,335.1239411211044
1777186858,200,,Aggregated,227.500000,99.200000,370,490,580,650,870,1100,1400,1600,1700,1800,1800,76496,32130,440,548.0575322043358,28.722999995807186,7025.321833993075,335.1239411211044
1777186859,200,GET,trips_per_route,228.400000,99.900000,380,500,600,670,870,1100,1400,1600,1700,1800,1800,76705,32214,440,548.0677985854358,28.722999995807186,7025.321833993075,335.1049344892771
1777186859,200,,Aggregated,228.400000,99.900000,380,500,600,670,870,1100,1400,1600,1700,1800,1800,76705,32214,440,548.0677985854358,28.722999995807186,7025.321833993075,335.1049344892771
1777186860,200,GET,trips_per_route,229.100000,100.200000,390,510,620,680,900,1100,1500,1600,1700,1800,1800,76933,32321,440,547.9512281453588,28.722999995807186,7025.321833993075,334.9937997998258
1777186860,200,,Aggregated,229.100000,100.200000,390,510,620,680,900,1100,1500,1600,1700,1800,1800,76933,32321,440,547.9512281453588,28.722999995807186,7025.321833993075,334.9937997998258
1777186861,200,GET,trips_per_route,229.200000,98.800000,410,550,650,720,910,1100,1400,1600,1700,1800,1800,77132,32400,440,547.9913621638094,28.722999995807186,7025.321833993075,334.9859461702017
1777186861,200,,Aggregated,229.200000,98.800000,410,550,650,720,910,1100,1400,1600,1700,1800,1800,77132,32400,440,547.9913621638094,28.722999995807186,7025.321833993075,334.9859461702017
1777186862,200,GET,trips_per_route,228.500000,98.100000,420,570,670,740,910,1100,1400,1600,1700,1800,1800,77353,32495,440,548.0119779443415,28.722999995807186,7025.321833993075,334.9377528990472
1777186862,200,,Aggregated,228.500000,98.100000,420,570,670,740,910,1100,1400,1600,1700,1800,1800,77353,32495,440,548.0119779443415,28.722999995807186,7025.321833993075,334.9377528990472
1777186863,200,GET,trips_per_route,223.300000,96.300000,410,560,660,710,890,1100,1400,1500,1700,1800,1800,77608,32615,440,547.5713576309487,28.722999995807186,7025.321833993075,334.79377126069477
1777186863,200,,Aggregated,223.300000,96.300000,410,560,660,710,890,1100,1400,1500,1700,1800,1800,77608,32615,440,547.5713576309487,28.722999995807186,7025.321833993075,334.79377126069477
1777186864,200,GET,trips_per_route,221.100000,94.300000,400,560,650,700,860,1100,1300,1500,1600,1700,1700,77828,32711,440,547.2351365373871,28.722999995807186,7025.321833993075,334.7126098576348
1777186864,200,,Aggregated,221.100000,94.300000,400,560,650,700,860,1100,1300,1500,1600,1700,1700,77828,32711,440,547.2351365373871,28.722999995807186,7025.321833993075,334.7126098576348
1777186865,200,GET,trips_per_route,223.000000,93.800000,430,590,680,740,900,1100,1300,1500,1600,1700,1700,78031,32790,440,547.3634714479872,28.722999995807186,7025.321833993075,334.72876164601246
1777186865,200,,Aggregated,223.000000,93.800000,430,590,680,740,900,1100,1300,1500,1600,1700,1700,78031,32790,440,547.3634714479872,28.722999995807186,7025.321833993075,334.72876164601246
1777186866,200,GET,trips_per_route,224.300000,95.400000,430,610,700,760,910,1100,1300,1500,1600,1700,1700,78249,32886,440,547.3817459176171,28.722999995807186,7025.321833993075,334.73200935475217
1777186866,200,,Aggregated,224.300000,95.400000,430,610,700,760,910,1100,1300,1500,1600,1700,1700,78249,32886,440,547.3817459176171,28.722999995807186,7025.321833993075,334.73200935475217
1777186867,200,GET,trips_per_route,222.300000,94.300000,440,620,710,760,920,1100,1300,1500,1600,1700,1700,78466,32973,440,547.3729042623881,28.722999995807186,7025.321833993075,334.7460683608187
1777186867,200,,Aggregated,222.300000,94.300000,440,620,710,760,920,1100,1300,1500,1600,1700,1700,78466,32973,440,547.3729042623881,28.722999995807186,7025.321833993075,334.7460683608187
1777186868,200,GET,trips_per_route,220.200000,93.900000,430,610,700,760,910,1100,1300,1500,1600,1700,1700,78680,33071,440,547.2418085934853,28.722999995807186,7025.321833993075,334.7436959837316
1777186868,200,,Aggregated,220.200000,93.900000,430,610,700,760,910,1100,1300,1500,1600,1700,1700,78680,33071,440,547.2418085934853,28.722999995807186,7025.321833993075,334.7436959837316
1777186869,200,GET,trips_per_route,219.100000,93.500000,420,600,690,750,900,1100,1200,1400,1600,1700,1700,78896,33162,440,547.1662740122615,28.722999995807186,7025.321833993075,334.75342222672884
1777186869,200,,Aggregated,219.100000,93.500000,420,600,690,750,900,1100,1200,1400,1600,1700,1700,78896,33162,440,547.1662740122615,28.722999995807186,7025.321833993075,334.75342222672884
1777186870,200,GET,trips_per_route,218.100000,93.500000,430,590,690,750,920,1100,1200,1300,1600,1700,1700,79112,33259,440,547.1976781836678,28.722999995807186,7025.321833993075,334.75479067650923
1777186870,200,,Aggregated,218.100000,93.500000,430,590,690,750,920,1100,1200,1300,1600,1700,1700,79112,33259,440,547.1976781836678,28.722999995807186,7025.321833993075,334.75479067650923
1777186871,200,GET,trips_per_route,219.400000,94.800000,430,590,690,760,940,1100,1200,1300,1500,1700,1700,79318,33347,440,547.250180401538,28.722999995807186,7025.321833993075,334.7585541743362
1777186871,200,,Aggregated,219.400000,94.800000,430,590,690,760,940,1100,1200,1300,1500,1700,1700,79318,33347,440,547.250180401538,28.722999995807186,7025.321833993075,334.7585541743362
1777186872,200,GET,trips_per_route,217.400000,94.800000,440,600,710,780,950,1100,1200,1300,1500,1500,1500,79527,33441,440,547.3562847829083,28.722999995807186,7025.321833993075,334.7608485168559
1777186872,200,,Aggregated,217.400000,94.800000,440,600,710,780,950,1100,1200,1300,1500,1500,1500,79527,33441,440,547.3562847829083,28.722999995807186,7025.321833993075,334.7608485168559
1777186873,200,GET,trips_per_route,218.100000,94.500000,460,630,730,790,960,1100,1200,1300,1500,1500,1500,79726,33534,440,547.317680382628,28.722999995807186,7025.321833993075,334.75822191004187
1777186873,200,,Aggregated,218.100000,94.500000,460,630,730,790,960,1100,1200,1300,1500,1500,1500,79726,33534,440,547.317680382628,28.722999995807186,7025.321833993075,334.75822191004187
1777186874,200,GET,trips_per_route,215.800000,93.800000,460,640,730,790,950,1100,1200,1200,1400,1400,1400,79952,33625,440,547.3654497727313,28.722999995807186,7025.321833993075,334.77206323794275
1777186874,200,,Aggregated,215.800000,93.800000,460,640,730,790,950,1100,1200,1200,1400,1400,1400,79952,33625,440,547.3654497727313,28.722999995807186,7025.321833993075,334.77206323794275
1777186875,200,GET,trips_per_route,212.500000,92.800000,470,640,720,790,950,1000,1100,1200,1300,1300,1300,80162,33713,440,547.3782657038405,28.722999995807186,7025.321833993075,334.7806317207654
1777186875,200,,Aggregated,212.500000,92.800000,470,640,720,790,950,1000,1100,1200,1300,1300,1300,80162,33713,440,547.3782657038405,28.722999995807186,7025.321833993075,334.7806317207654
1777186876,200,GET,trips_per_route,211.000000,91.600000,460,630,720,800,940,1000,1100,1200,1300,1300,1300,80384,33804,440,547.2897919738429,28.722999995807186,7025.321833993075,334.79105294585986
1777186876,200,,Aggregated,211.000000,91.600000,460,630,720,800,940,1000,1100,1200,1300,1300,1300,80384,33804,440,547.2897919738429,28.722999995807186,7025.321833993075,334.79105294585986
1777186877,200,GET,trips_per_route,210.900000,92.600000,460,630,720,790,940,1000,1100,1200,1200,1300,1300,80598,33887,440,547.1397559532927,28.722999995807186,7025.321833993075,334.80664532618675
1777186877,200,,Aggregated,210.900000,92.600000,460,630,720,790,940,1000,1100,1200,1200,1300,1300,80598,33887,440,547.1397559532927,28.722999995807186,7025.321833993075,334.80664532618675
1777186878,200,GET,trips_per_route,211.700000,91.300000,460,630,720,780,930,1000,1100,1200,1200,1300,1300,80818,33974,440,547.0568657702285,28.722999995807186,7025.321833993075,334.82177237744065
1777186878,200,,Aggregated,211.700000,91.300000,460,630,720,780,930,1000,1100,1200,1200,1300,1300,80818,33974,440,547.0568657702285,28.722999995807186,7025.321833993075,334.82177237744065
1777186879,200,GET,trips_per_route,211.800000,90.800000,450,620,710,770,930,1000,1100,1200,1200,1300,1300,81042,34065,440,546.9079801448088,28.722999995807186,7025.321833993075,334.83499913625036
1777186879,200,,Aggregated,211.800000,90.800000,450,620,710,770,930,1000,1100,1200,1200,1300,1300,81042,34065,440,546.9079801448088,28.722999995807186,7025.321833993075,334.83499913625036
1777186880,200,GET,trips_per_route,212.600000,90.300000,450,610,690,740,910,1000,1100,1200,1200,1300,1300,81266,34153,440,546.7766209138211,28.722999995807186,7025.321833993075,334.8504540644304
1777186880,200,,Aggregated,212.600000,90.300000,450,610,690,740,910,1000,1100,1200,1200,1300,1300,81266,34153,440,546.7766209138211,28.722999995807186,7025.321833993075,334.8504540644304
1777186881,200,GET,trips_per_route,213.000000,90.000000,440,590,680,730,890,1000,1100,1100,1200,1300,1300,81488,34246,440,546.5761521185528,28.722999995807186,7025.321833993075,334.8596112311015
1777186881,200,,Aggregated,213.000000,90.000000,440,590,680,730,890,1000,1100,1100,1200,1300,1300,81488,34246,440,546.5761521185528,28.722999995807186,7025.321833993075,334.8596112311015
1777186882,200,GET,trips_per_route,215.600000,89.800000,430,580,670,720,880,990,1100,1100,1200,1200,1200,81705,34339,440,546.5215703705585,28.722999995807186,7025.321833993075,334.8673275809314
1777186882,200,,Aggregated,215.600000,89.800000,430,580,670,720,880,990,1100,1100,1200,1200,1200,81705,34339,440,546.5215703705585,28.722999995807186,7025.321833993075,334.8673275809314
1777186883,200,GET,trips_per_route,216.800000,89.500000,430,570,670,710,880,990,1100,1100,1200,1200,1200,81919,34428,440,546.4907460113318,28.722999995807186,7025.321833993075,334.8777939183828
1777186883,200,,Aggregated,216.800000,89.500000,430,570,670,710,880,990,1100,1100,1200,1200,1200,81919,34428,440,546.4907460113318,28.722999995807186,7025.321833993075,334.8777939183828
1777186884,200,GET,trips_per_route,218.900000,89.800000,430,570,670,720,880,1000,1100,1200,1300,1300,1300,82120,34522,440,546.5275158467908,28.722999995807186,7025.321833993075,334.8765830491963
1777186884,200,,Aggregated,218.900000,89.800000,430,570,670,720,880,1000,1100,1200,1300,1300,1300,82120,34522,440,546.5275158467908,28.722999995807186,7025.321833993075,334.8765830491963
1777186885,200,GET,trips_per_route,219.000000,89.800000,430,590,680,730,890,1000,1200,1200,1400,1500,1500,82332,34615,440,546.6463378350276,28.722999995807186,7025.321833993075,334.87790895399115
1777186885,200,,Aggregated,219.000000,89.800000,430,590,680,730,890,1000,1200,1200,1400,1500,1500,82332,34615,440,546.6463378350276,28.722999995807186,7025.321833993075,334.87790895399115
1777186886,200,GET,trips_per_route,217.200000,89.300000,430,600,690,740,920,1100,1200,1200,1500,1500,1500,82537,34710,440,546.7274636264888,28.722999995807186,7025.321833993075,334.87757005948845
1777186886,200,,Aggregated,217.200000,89.300000,430,600,690,740,920,1100,1200,1200,1500,1500,1500,82537,34710,440,546.7274636264888,28.722999995807186,7025.321833993075,334.87757005948845
1777186887,200,GET,trips_per_route,217.100000,89.500000,430,600,700,750,930,1100,1200,1300,1500,1800,1800,82743,34812,440,546.7488136110899,28.722999995807186,7025.321833993075,334.87033344210386
1777186887,200,,Aggregated,217.100000,89.500000,430,600,700,750,930,1100,1200,1300,1500,1800,1800,82743,34812,440,546.7488136110899,28.722999995807186,7025.321833993075,334.87033344210386
1777186888,200,GET,trips_per_route,216.100000,90.400000,440,610,710,770,940,1100,1200,1300,1500,1800,1800,82956,34906,440,546.7573669957583,28.722999995807186,7025.321833993075,334.875198900622
1777186888,200,,Aggregated,216.100000,90.400000,440,610,710,770,940,1100,1200,1300,1500,1800,1800,82956,34906,440,546.7573669957583,28.722999995807186,7025.321833993075,334.875198900622
1777186889,200,GET,trips_per_route,214.900000,92.300000,440,620,720,790,950,1100,1200,1300,1500,1800,1800,83159,34994,440,546.8141783325657,28.722999995807186,7025.321833993075,334.88062627015717
1777186889,200,,Aggregated,214.900000,92.300000,440,620,720,790,950,1100,1200,1300,1500,1800,1800,83159,34994,440,546.8141783325657,28.722999995807186,7025.321833993075,334.88062627015717
1777186890,200,GET,trips_per_route,213.700000,92.700000,460,660,750,820,960,1100,1200,1300,1500,1800,1800,83363,35090,440,546.8702703738188,28.722999995807186,7025.321833993075,334.8742007845207
1777186890,200,,Aggregated,213.700000,92.700000,460,660,750,820,960,1100,1200,1300,1500,1800,1800,83363,35090,440,546.8702703738188,28.722999995807186,7025.321833993075,334.8742007845207
1777186891,200,GET,trips_per_route,211.800000,92.700000,480,670,750,830,970,1100,1200,1300,1500,1800,1800,83570,35185,440,546.92716209924,28.722999995807186,7025.321833993075,334.8730525308125
1777186891,200,,Aggregated,211.800000,92.700000,480,670,750,830,970,1100,1200,1300,1500,1800,1800,83570,35185,440,546.92716209924,28.722999995807186,7025.321833993075,334.8730525308125
1777186892,200,GET,trips_per_route,210.100000,93.100000,480,680,760,830,970,1100,1200,1300,1500,1800,1800,83774,35282,440,546.9848329539418,28.722999995807186,7025.321833993075,334.86923150380784
1777186892,200,,Aggregated,210.100000,93.100000,480,680,760,830,970,1100,1200,1300,1500,1800,1800,83774,35282,440,546.9848329539418,28.722999995807186,7025.321833993075,334.86923150380784
1777186893,200,GET,trips_per_route,208.100000,93.300000,490,680,770,840,980,1100,1300,1300,1500,1800,1800,83967,35378,440,547.0650991730571,28.722999995807186,7025.321833993075,334.8593733252349
1777186893,200,,Aggregated,208.100000,93.300000,490,680,770,840,980,1100,1300,1300,1500,1800,1800,83967,35378,440,547.0650991730571,28.722999995807186,7025.321833993075,334.8593733252349
1777186894,200,GET,trips_per_route,206.300000,93.900000,480,690,780,840,990,1100,1300,1400,1600,1800,1800,84166,35479,440,547.222919300989,28.722999995807186,7025.321833993075,334.84815721312646
1777186894,200,,Aggregated,206.300000,93.900000,480,690,780,840,990,1100,1300,1400,1600,1800,1800,84166,35479,440,547.222919300989,28.722999995807186,7025.321833993075,334.84815721312646
1777186895,200,GET,trips_per_route,205.000000,94.100000,480,690,790,850,990,1100,1300,1400,1700,1800,1800,84372,35578,440,547.3441866753782,28.722999995807186,7025.321833993075,334.844190015645
1777186895,200,,Aggregated,205.000000,94.100000,480,690,790,850,990,1100,1300,1400,1700,1800,1800,84372,35578,440,547.3441866753782,28.722999995807186,7025.321833993075,334.844190015645
1777186896,200,GET,trips_per_route,204.500000,95.100000,470,700,790,850,1000,1100,1300,1500,1600,1700,1700,84590,35685,440,547.4240315853186,28.722999995807186,7025.321833993075,334.8315521929306
1777186896,200,,Aggregated,204.500000,95.100000,470,700,790,850,1000,1100,1300,1500,1600,1700,1700,84590,35685,440,547.4240315853186,28.722999995807186,7025.321833993075,334.8315521929306
1777186897,200,GET,trips_per_route,204.600000,95.800000,470,690,800,860,1000,1200,1400,1500,1700,1700,1700,84779,35778,440,547.5178974472708,28.722999995807186,7025.321833993075,334.82297502919357
1777186897,200,,Aggregated,204.600000,95.800000,470,690,800,860,1000,1200,1400,1500,1700,1700,1700,84779,35778,440,547.5178974472708,28.722999995807186,7025.321833993075,334.82297502919357
1777186898,200,GET,trips_per_route,204.500000,97.400000,470,700,810,870,1000,1200,1400,1600,1700,1700,1700,84987,35864,440,547.7409923014401,28.722999995807186,7025.321833993075,334.83316271900406
1777186898,200,,Aggregated,204.500000,97.400000,470,700,810,870,1000,1200,1400,1600,1700,1700,1700,84987,35864,440,547.7409923014401,28.722999995807186,7025.321833993075,334.83316271900406
1777186899,200,GET,trips_per_route,203.400000,96.900000,470,710,800,870,1000,1200,1400,1600,1700,1700,1700,85189,35957,440,547.7609970292812,28.722999995807186,7025.321833993075,334.8329713930202
1777186899,200,,Aggregated,203.400000,96.900000,470,710,800,870,1000,1200,1400,1600,1700,1700,1700,85189,35957,440,547.7609970292812,28.722999995807186,7025.321833993075,334.8329713930202
1777186900,200,GET,trips_per_route,202.900000,96.500000,470,700,800,860,1000,1200,1400,1600,1700,1700,1700,85391,36047,440,547.8104905006809,28.722999995807186,7025.321833993075,334.83461957349135
1777186900,200,,Aggregated,202.900000,96.500000,470,700,800,860,1000,1200,1400,1600,1700,1700,1700,85391,36047,440,547.8104905006809,28.722999995807186,7025.321833993075,334.83461957349135
1777186901,200,GET,trips_per_route,201.700000,95.600000,470,700,790,860,1000,1200,1500,1600,1700,1700,1700,85607,36141,440,547.814939013642,28.722999995807186,7025.321833993075,334.8362400271006
1777186901,200,,Aggregated,201.700000,95.600000,470,700,790,860,1000,1200,1500,1600,1700,1700,1700,85607,36141,440,547.814939013642,28.722999995807186,7025.321833993075,334.8362400271006
1777186902,200,GET,trips_per_route,201.800000,95.000000,480,700,790,860,1000,1200,1400,1600,1700,1700,1700,85816,36226,440,547.8722958075621,28.722999995807186,7025.321833993075,334.8468350890277
1777186902,200,,Aggregated,201.800000,95.000000,480,700,790,860,1000,1200,1400,1600,1700,1700,1700,85816,36226,440,547.8722958075621,28.722999995807186,7025.321833993075,334.8468350890277
1777186903,200,GET,trips_per_route,202.700000,95.300000,480,690,780,850,990,1100,1400,1600,1700,1700,1700,86024,36308,440,547.8643420379967,28.722999995807186,7025.321833993075,334.85999256021574
1777186903,200,,Aggregated,202.700000,95.300000,480,690,780,850,990,1100,1400,1600,1700,1700,1700,86024,36308,440,547.8643420379967,28.722999995807186,7025.321833993075,334.85999256021574
1777186904,200,GET,trips_per_route,203.700000,94.400000,490,690,780,840,980,1100,1400,1600,1700,1700,1700,86233,36400,440,547.9390574095944,28.722999995807186,7025.321833993075,334.8640775573156
1777186904,200,,Aggregated,203.700000,94.400000,490,690,780,840,980,1100,1400,1600,1700,1700,1700,86233,36400,440,547.9390574095944,28.722999995807186,7025.321833993075,334.8640775573156
1777186905,200,GET,trips_per_route,205.300000,93.600000,500,690,770,830,980,1100,1300,1400,1700,1700,1700,86436,36494,440,547.969321988355,28.722999995807186,7025.321833993075,334.86092600305426
1777186905,200,,Aggregated,205.300000,93.600000,500,690,770,830,980,1100,1300,1400,1700,1700,1700,86436,36494,440,547.969321988355,28.722999995807186,7025.321833993075,334.86092600305426
1777186906,200,GET,trips_per_route,205.900000,92.900000,510,700,770,820,960,1100,1200,1300,1600,1600,1600,86649,36575,440,548.0229640075896,28.722999995807186,7025.321833993075,334.87696338099687
1777186906,200,,Aggregated,205.900000,92.900000,510,700,770,820,960,1100,1200,1300,1600,1600,1600,86649,36575,440,548.0229640075896,28.722999995807186,7025.321833993075,334.87696338099687
1777186907,200,GET,trips_per_route,204.400000,90.900000,500,680,760,810,930,1000,1200,1300,1600,1600,1600,86853,36663,440,547.9601823848748,28.722999995807186,7025.321833993075,334.8831589006713
1777186907,200,,Aggregated,204.400000,90.900000,500,680,760,810,930,1000,1200,1300,1600,1600,1600,86853,36663,440,547.9601823848748,28.722999995807186,7025.321833993075,334.8831589006713
1777186908,200,GET,trips_per_route,204.900000,88.700000,500,690,760,810,930,1000,1200,1200,1600,1600,1600,87077,36756,440,548.0510491425279,28.722999995807186,7025.321833993075,334.8927730629213
1777186908,200,,Aggregated,204.900000,88.700000,500,690,760,810,930,1000,1200,1200,1600,1600,1600,87077,36756,440,548.0510491425279,28.722999995807186,7025.321833993075,334.8927730629213
1777186909,200,GET,trips_per_route,207.700000,88.300000,500,670,760,800,930,1000,1200,1200,1600,1600,1600,87275,36844,440,548.0614586878015,28.722999995807186,7025.321833993075,334.89601833285593
1777186909,200,,Aggregated,207.700000,88.300000,500,670,760,800,930,1000,1200,1200,1600,1600,1600,87275,36844,440,548.0614586878015,28.722999995807186,7025.321833993075,334.89601833285593
1777186910,200,GET,trips_per_route,207.700000,88.500000,500,680,760,820,940,1000,1200,1200,1600,1700,1700,87464,36928,440,548.1772460381433,28.722999995807186,7025.321833993075,334.8981981157962
1777186910,200,,Aggregated,207.700000,88.500000,500,680,760,820,940,1000,1200,1200,1600,1700,1700,87464,36928,440,548.1772460381433,28.722999995807186,7025.321833993075,334.8981981157962
1777186911,200,GET,trips_per_route,208.300000,89.400000,490,670,770,820,940,1100,1200,1200,1600,1700,1700,87693,37019,440,548.2065085138094,28.722999995807186,7025.321833993075,334.91123578848936
1777186911,200,,Aggregated,208.300000,89.400000,490,670,770,820,940,1100,1200,1200,1600,1700,1700,87693,37019,440,548.2065085138094,28.722999995807186,7025.321833993075,334.91123578848936
1777186912,200,GET,trips_per_route,207.400000,89.000000,480,660,760,810,940,1100,1200,1200,1600,1700,1700,87898,37104,440,548.1632658362815,28.722999995807186,7025.321833993075,334.9200436870008
1777186912,200,,Aggregated,207.400000,89.000000,480,660,760,810,940,1100,1200,1200,1600,1700,1700,87898,37104,440,548.1632658362815,28.722999995807186,7025.321833993075,334.9200436870008
1777186913,200,GET,trips_per_route,206.800000,87.800000,470,660,760,820,940,1100,1200,1200,1600,1700,1700,88105,37200,440,548.1411254296211,28.722999995807186,7025.321833993075,334.91674706316326
1777186913,200,,Aggregated,206.800000,87.800000,470,660,760,820,940,1100,1200,1200,1600,1700,1700,88105,37200,440,548.1411254296211,28.722999995807186,7025.321833993075,334.91674706316326
1777186914,200,GET,trips_per_route,208.000000,87.800000,470,660,760,820,960,1100,1200,1200,1600,1700,1700,88319,37296,440,548.2298324659102,28.722999995807186,7025.321833993075,334.9193265322298
1777186914,200,,Aggregated,208.000000,87.800000,470,660,760,820,960,1100,1200,1200,1600,1700,1700,88319,37296,440,548.2298324659102,28.722999995807186,7025.321833993075,334.9193265322298
1777186915,200,GET,trips_per_route,206.800000,88.400000,470,650,740,800,950,1100,1200,1300,1600,1700,1700,88529,37388,440,548.2238644696279,28.722999995807186,7025.321833993075,334.9227032949655
1777186915,200,,Aggregated,206.800000,88.400000,470,650,740,800,950,1100,1200,1300,1600,1700,1700,88529,37388,440,548.2238644696279,28.722999995807186,7025.321833993075,334.9227032949655
1777186916,200,GET,trips_per_route,207.100000,88.500000,460,640,730,790,960,1100,1200,1300,1600,1700,1700,88742,37476,440,548.159339796913,28.722999995807186,7025.321833993075,334.93194879538436
1777186916,200,,Aggregated,207.100000,88.500000,460,640,730,790,960,1100,1200,1300,1600,1700,1700,88742,37476,440,548.159339796913,28.722999995807186,7025.321833993075,334.93194879538436
1777186917,200,GET,trips_per_route,209.200000,90.000000,440,620,720,780,960,1100,1200,1300,1600,1700,1700,88965,37565,440,548.0666901108488,28.722999995807186,7025.321833993075,334.9446973528916
1777186917,200,,Aggregated,209.200000,90.000000,440,620,720,780,960,1100,1200,1300,1600,1700,1700,88965,37565,440,548.0666901108488,28.722999995807186,7025.321833993075,334.9446973528916
1777186918,200,GET,trips_per_route,210.400000,90.300000,440,620,720,780,960,1100,1200,1300,1600,1700,1700,89187,37658,440,547.981021549225,28.722999995807186,7025.321833993075,334.94894995907475
1777186918,200,,Aggregated,210.400000,90.300000,440,620,720,780,960,1100,1200,1300,1600,1700,1700,89187,37658,440,547.981021549225,28.722999995807186,7025.321833993075,334.94894995907475
1777186919,200,GET,trips_per_route,210.900000,90.300000,430,620,710,770,950,1100,1200,1300,1600,1700,1700,89407,37757,440,547.9509264905405,28.722999995807186,7025.321833993075,334.95097699285293
1777186919,200,,Aggregated,210.900000,90.300000,430,620,710,770,950,1100,1200,1300,1600,1700,1700,89407,37757,440,547.9509264905405,28.722999995807186,7025.321833993075,334.95097699285293
1777186920,200,GET,trips_per_route,211.600000,90.100000,430,610,700,750,920,1000,1200,1300,1600,1600,1600,89626,37851,440,547.9065975096712,28.722999995807186,7025.321833993075,334.9572110771428
1777186920,200,,Aggregated,211.600000,90.100000,430,610,700,750,920,1000,1200,1300,1600,1600,1600,89626,37851,440,547.9065975096712,28.722999995807186,7025.321833993075,334.9572110771428
1777186921,200,GET,trips_per_route,212.300000,90.100000,430,610,700,740,910,1000,1200,1300,1600,1600,1600,89833,37943,440,547.7895648901708,28.722999995807186,7025.321833993075,334.9581556888894
1777186921,200,,Aggregated,212.300000,90.100000,430,610,700,740,910,1000,1200,1300,1600,1600,1600,89833,37943,440,547.7895648901708,28.722999995807186,7025.321833993075,334.9581556888894
1777186922,200,GET,trips_per_route,213.300000,91.500000,430,610,700,750,920,1000,1200,1300,1600,1600,1600,90042,38031,440,547.7804461550687,28.722999995807186,7025.321833993075,334.96406121587705
1777186922,200,,Aggregated,213.300000,91.500000,430,610,700,750,920,1000,1200,1300,1600,1600,1600,90042,38031,440,547.7804461550687,28.722999995807186,7025.321833993075,334.96406121587705
1777186923,200,GET,trips_per_route,214.600000,92.400000,430,590,690,740,910,1000,1200,1300,1600,1600,1600,90269,38119,440,547.8268050962986,28.722999995807186,7025.321833993075,334.97674727758147
1777186923,200,,Aggregated,214.600000,92.400000,430,590,690,740,910,1000,1200,1300,1600,1600,1600,90269,38119,440,547.8268050962986,28.722999995807186,7025.321833993075,334.97674727758147
1777186924,200,GET,trips_per_route,214.900000,92.500000,430,590,690,740,900,1000,1200,1300,1600,1600,1600,90473,38202,440,547.8516593232474,28.722999995807186,7025.321833993075,334.98594055685123
1777186924,200,,Aggregated,214.900000,92.500000,430,590,690,740,900,1000,1200,1300,1600,1600,1600,90473,38202,440,547.8516593232474,28.722999995807186,7025.321833993075,334.98594055685123
1777186925,200,GET,trips_per_route,215.100000,92.500000,430,590,700,750,920,1000,1200,1300,1600,1600,1600,90670,38298,440,547.8514944931867,28.722999995807186,7025.321833993075,334.9796073673762
1777186925,200,,Aggregated,215.100000,92.500000,430,590,700,750,920,1000,1200,1300,1600,1600,1600,90670,38298,440,547.8514944931867,28.722999995807186,7025.321833993075,334.9796073673762
1777186926,200,GET,trips_per_route,215.100000,91.400000,440,610,710,780,930,1000,1300,1300,1500,1500,1500,90877,38386,440,547.9722742404913,28.722999995807186,7025.321833993075,334.9845065308054
1777186926,200,,Aggregated,215.100000,91.400000,440,610,710,780,930,1000,1300,1300,1500,1500,1500,90877,38386,440,547.9722742404913,28.722999995807186,7025.321833993075,334.9845065308054
1777186927,200,GET,trips_per_route,213.400000,90.000000,460,620,720,790,940,1100,1300,1400,1500,1600,1600,91090,38477,440,547.9921994345091,28.722999995807186,7025.321833993075,334.9907893292348
1777186927,200,,Aggregated,213.400000,90.000000,460,620,720,790,940,1100,1300,1400,1500,1600,1600,91090,38477,440,547.9921994345091,28.722999995807186,7025.321833993075,334.9907893292348
1777186928,200,GET,trips_per_route,211.800000,90.000000,460,630,720,780,940,1100,1300,1400,1500,1600,1600,91291,38569,440,547.9950703957168,28.722999995807186,7025.321833993075,334.9881039752002
1777186928,200,,Aggregated,211.800000,90.000000,460,630,720,780,940,1100,1300,1400,1500,1600,1600,91291,38569,440,547.9950703957168,28.722999995807186,7025.321833993075,334.9881039752002
1777186929,200,GET,trips_per_route,210.200000,89.800000,470,640,730,790,950,1100,1400,1400,1500,1600,1600,91492,38663,440,548.0866048078768,28.722999995807186,7025.321833993075,334.98158308923183
1777186929,200,,Aggregated,210.200000,89.800000,470,640,730,790,950,1100,1400,1400,1500,1600,1600,91492,38663,440,548.0866048078768,28.722999995807186,7025.321833993075,334.98158308923183
1777186930,200,GET,trips_per_route,210.300000,90.700000,470,650,740,800,970,1100,1400,1400,1500,1600,1600,91705,38763,440,548.128054933394,28.722999995807186,7025.321833993075,334.97879068753065
1777186930,200,,Aggregated,210.300000,90.700000,470,650,740,800,970,1100,1400,1400,1500,1600,1600,91705,38763,440,548.128054933394,28.722999995807186,7025.321833993075,334.97879068753065
1777186931,200,GET,trips_per_route,209.600000,91.200000,470,660,750,800,980,1100,1400,1400,1500,1600,1600,91921,38863,440,548.210616027671,28.722999995807186,7025.321833993075,334.97735011586036
1777186931,200,,Aggregated,209.600000,91.200000,470,660,750,800,980,1100,1400,1400,1500,1600,1600,91921,38863,440,548.210616027671,28.722999995807186,7025.321833993075,334.97735011586036
1777186932,200,GET,trips_per_route,209.000000,90.200000,480,670,750,800,960,1100,1400,1400,1500,1600,1600,92133,38963,440,548.1338483922447,28.722999995807186,7025.321833993075,334.9737119164686
1777186932,200,,Aggregated,209.000000,90.200000,480,670,750,800,960,1100,1400,1400,1500,1600,1600,92133,38963,440,548.1338483922447,28.722999995807186,7025.321833993075,334.9737119164686
1777186933,200,GET,trips_per_route,207.000000,91.200000,480,650,740,800,950,1100,1400,1400,1500,1600,1600,92345,39055,440,548.0127349021888,28.722999995807186,7025.321833993075,334.97816882343386
1777186933,200,,Aggregated,207.000000,91.200000,480,650,740,800,950,1100,1400,1400,1500,1600,1600,92345,39055,440,548.0127349021888,28.722999995807186,7025.321833993075,334.97816882343386
1777186934,200,GET,trips_per_route,206.500000,91.800000,480,660,740,800,960,1100,1400,1400,1500,1600,1600,92556,39149,440,548.0583835115422,28.722999995807186,7025.321833993075,334.98035783741733
1777186934,200,,Aggregated,206.500000,91.800000,480,660,740,800,960,1100,1400,1400,1500,1600,1600,92556,39149,440,548.0583835115422,28.722999995807186,7025.321833993075,334.98035783741733
1777186935,200,GET,trips_per_route,208.600000,92.700000,460,640,730,780,920,1000,1200,1400,1500,1600,1600,92797,39254,440,547.9326183035595,28.722999995807186,7025.321833993075,334.9812924986799
1777186935,200,,Aggregated,208.600000,92.700000,460,640,730,780,920,1000,1200,1400,1500,1600,1600,92797,39254,440,547.9326183035595,28.722999995807186,7025.321833993075,334.9812924986799
1777186936,200,GET,trips_per_route,209.200000,94.600000,430,610,710,760,910,1000,1200,1400,1500,1500,1500,93027,39353,440,547.7094788690135,28.722999995807186,7025.321833993075,334.98793898545586
1777186936,200,,Aggregated,209.200000,94.600000,430,610,710,760,910,1000,1200,1400,1500,1500,1500,93027,39353,440,547.7094788690135,28.722999995807186,7025.321833993075,334.98793898545586
1777186937,200,GET,trips_per_route,211.800000,96.000000,430,600,710,760,910,1000,1200,1300,1500,1500,1500,93250,39445,440,547.5733754275699,28.722999995807186,7025.321833993075,334.9971581769437
1777186937,200,,Aggregated,211.800000,96.000000,430,600,710,760,910,1000,1200,1300,1500,1500,1500,93250,39445,440,547.5733754275699,28.722999995807186,7025.321833993075,334.9971581769437
1777186938,200,GET,trips_per_route,213.900000,96.700000,420,580,680,730,910,990,1200,1200,1500,1500,1500,93466,39543,440,547.4719001833396,28.722999995807186,7025.321833993075,334.9979136798408
1777186938,200,,Aggregated,213.900000,96.700000,420,580,680,730,910,990,1200,1200,1500,1500,1500,93466,39543,440,547.4719001833396,28.722999995807186,7025.321833993075,334.9979136798408
1777186939,200,GET,trips_per_route,214.900000,96.900000,420,560,670,710,890,980,1100,1200,1400,1500,1500,93691,39635,440,547.3800078768434,28.722999995807186,7025.321833993075,335.00800503783717
1777186939,200,,Aggregated,214.900000,96.900000,420,560,670,710,890,980,1100,1200,1400,1500,1500,93691,39635,440,547.3800078768434,28.722999995807186,7025.321833993075,335.00800503783717
1777186940,200,GET,trips_per_route,215.900000,97.000000,420,560,660,700,880,960,1100,1200,1300,1500,1500,93919,39738,440,547.2693896299189,28.722999995807186,7025.321833993075,335.0090184094805
1777186940,200,,Aggregated,215.900000,97.000000,420,560,660,700,880,960,1100,1200,1300,1500,1500,93919,39738,440,547.2693896299189,28.722999995807186,7025.321833993075,335.0090184094805
1777186941,200,GET,trips_per_route,218.300000,96.700000,420,560,660,690,870,950,1100,1100,1200,1400,1400,94131,39830,440,547.1835627028536,28.722999995807186,7025.321833993075,335.0133112364683
1777186941,200,,Aggregated,218.300000,96.700000,420,560,660,690,870,950,1100,1100,1200,1400,1400,94131,39830,440,547.1835627028536,28.722999995807186,7025.321833993075,335.0133112364683
1777186942,200,GET,trips_per_route,219.700000,97.300000,420,560,660,690,860,950,1100,1100,1300,1400,1400,94338,39930,440,547.1090547414137,28.722999995807186,7025.321833993075,335.00868154932266
1777186942,200,,Aggregated,219.700000,97.300000,420,560,660,690,860,950,1100,1100,1300,1400,1400,94338,39930,440,547.1090547414137,28.722999995807186,7025.321833993075,335.00868154932266
1777186943,200,GET,trips_per_route,221.400000,96.800000,420,560,660,700,840,940,1000,1100,1300,1400,1400,94553,40027,440,547.0746593043207,28.722999995807186,7025.321833993075,335.00934925385764
1777186943,200,,Aggregated,221.400000,96.800000,420,560,660,700,840,940,1000,1100,1300,1400,1400,94553,40027,440,547.0746593043207,28.722999995807186,7025.321833993075,335.00934925385764
1777186944,200,GET,trips_per_route,221.000000,97.000000,420,580,670,700,850,940,1000,1100,1300,1400,1400,94775,40125,440,547.089461498671,28.722999995807186,7025.321833993075,335.0127881825376
1777186944,200,,Aggregated,221.000000,97.000000,420,580,670,700,850,940,1000,1100,1300,1400,1400,94775,40125,440,547.089461498671,28.722999995807186,7025.321833993075,335.0127881825376
1777186945,200,GET,trips_per_route,220.300000,96.800000,440,600,680,710,870,950,1000,1100,1300,1400,1400,94973,40225,440,547.0669139771991,28.722999995807186,7025.321833993075,335.0051698903899
1777186945,200,,Aggregated,220.300000,96.800000,440,600,680,710,870,950,1000,1100,1300,1400,1400,94973,40225,440,547.0669139771991,28.722999995807186,7025.321833993075,335.0051698903899
1777186946,200,GET,trips_per_route,220.400000,96.900000,440,610,700,730,900,980,1100,1200,1400,1400,1400,95174,40323,440,547.1497901477862,28.722999995807186,7025.321833993075,334.99996847878623
1777186946,200,,Aggregated,220.400000,96.900000,440,610,700,730,900,980,1100,1200,1400,1400,1400,95174,40323,440,547.1497901477862,28.722999995807186,7025.321833993075,334.99996847878623
1777186947,200,GET,trips_per_route,218.000000,96.400000,450,640,710,740,920,1000,1100,1200,1400,1400,1400,95384,40425,440,547.2155675993222,28.722999995807186,7025.321833993075,334.9946427073723
1777186947,200,,Aggregated,218.000000,96.400000,450,640,710,740,920,1000,1100,1200,1400,1400,1400,95384,40425,440,547.2155675993222,28.722999995807186,7025.321833993075,334.9946427073723
1777186948,200,GET,trips_per_route,216.100000,96.900000,450,650,720,760,920,1000,1200,1300,1600,1600,1600,95600,40527,440,547.266257199006,28.722999995807186,7025.321833993075,334.98889121338914
1777186948,200,,Aggregated,216.100000,96.900000,450,650,720,760,920,1000,1200,1300,1600,1600,1600,95600,40527,440,547.266257199006,28.722999995807186,7025.321833993075,334.98889121338914
1777186949,200,GET,trips_per_route,214.000000,97.600000,450,650,730,770,930,1000,1200,1400,1600,1600,1600,95799,40627,440,547.2452246872303,28.722999995807186,7025.321833993075,334.9805217173457
1777186949,200,,Aggregated,214.000000,97.600000,450,650,730,770,930,1000,1200,1400,1600,1600,1600,95799,40627,440,547.2452246872303,28.722999995807186,7025.321833993075,334.9805217173457
1777186950,200,GET,trips_per_route,212.900000,98.400000,470,670,740,790,950,1000,1300,1400,1600,1600,1600,96010,40723,440,547.3566694864801,28.722999995807186,7025.321833993075,334.97887720029166
1777186950,200,,Aggregated,212.900000,98.400000,470,670,740,790,950,1000,1300,1400,1600,1600,1600,96010,40723,440,547.3566694864801,28.722999995807186,7025.321833993075,334.97887720029166
1777186951,200,GET,trips_per_route,211.700000,98.700000,460,680,750,810,960,1100,1300,1400,1600,1600,1600,96216,40824,440,547.3575091520319,28.722999995807186,7025.321833993075,334.96725076910286
1777186951,200,,Aggregated,211.700000,98.700000,460,680,750,810,960,1100,1300,1400,1600,1600,1600,96216,40824,440,547.3575091520319,28.722999995807186,7025.321833993075,334.96725076910286
1777186952,200,GET,trips_per_route,210.200000,99.200000,460,690,760,820,960,1100,1300,1400,1600,1600,1600,96420,40923,440,547.4329740892517,28.722999995807186,7025.321833993075,334.9600497822029
1777186952,200,,Aggregated,210.200000,99.200000,460,690,760,820,960,1100,1300,1400,1600,1600,1600,96420,40923,440,547.4329740892517,28.722999995807186,7025.321833993075,334.9600497822029
1777186953,200,GET,trips_per_route,208.300000,98.800000,470,700,770,820,970,1100,1300,1400,1700,1700,1700,96622,41022,440,547.5277412823149,28.722999995807186,7025.321833993075,334.95503094533336
1777186953,200,,Aggregated,208.300000,98.800000,470,700,770,820,970,1100,1300,1400,1700,1700,1700,96622,41022,440,547.5277412823149,28.722999995807186,7025.321833993075,334.95503094533336
1777186954,200,GET,trips_per_route,207.500000,99.400000,460,710,790,840,990,1100,1300,1400,1700,1700,1700,96810,41121,440,547.6197578247152,28.722999995807186,7025.321833993075,334.9432393347795
1777186954,200,,Aggregated,207.500000,99.400000,460,710,790,840,990,1100,1300,1400,1700,1700,1700,96810,41121,440,547.6197578247152,28.722999995807186,7025.321833993075,334.9432393347795
1777186955,200,GET,trips_per_route,205.900000,99.300000,460,710,790,850,1000,1200,1400,1500,1700,1700,1700,97011,41222,440,547.7843481733274,28.722999995807186,7025.321833993075,334.93309006195176
1777186955,200,,Aggregated,205.900000,99.300000,460,710,790,850,1000,1200,1400,1500,1700,1700,1700,97011,41222,440,547.7843481733274,28.722999995807186,7025.321833993075,334.93309006195176
1777186956,200,GET,trips_per_route,203.800000,98.500000,470,720,790,850,1000,1200,1400,1500,1700,1700,1700,97226,41322,440,547.9257652829426,28.722999995807186,7025.321833993075,334.9326003332442
1777186956,200,,Aggregated,203.800000,98.500000,470,720,790,850,1000,1200,1400,1500,1700,1700,1700,97226,41322,440,547.9257652829426,28.722999995807186,7025.321833993075,334.9326003332442
1777186957,200,GET,trips_per_route,204.300000,99.600000,450,710,790,850,1000,1200,1400,1400,1700,1700,1700,97426,41424,440,547.9158749395992,28.722999995807186,7025.321833993075,334.92160203641737
1777186957,200,,Aggregated,204.300000,99.600000,450,710,790,850,1000,1200,1400,1400,1700,1700,1700,97426,41424,440,547.9158749395992,28.722999995807186,7025.321833993075,334.92160203641737
1777186958,200,GET,trips_per_route,204.100000,99.900000,460,720,800,860,1000,1200,1400,1400,1700,1700,1700,97631,41517,440,547.968491248387,28.722999995807186,7025.321833993075,334.9218895637656
1777186958,200,,Aggregated,204.100000,99.900000,460,720,800,860,1000,1200,1400,1400,1700,1700,1700,97631,41517,440,547.968491248387,28.722999995807186,7025.321833993075,334.9218895637656
1777186959,200,GET,trips_per_route,204.000000,99.900000,470,720,800,870,1000,1200,1300,1400,1700,1700,1700,97832,41612,440,548.0438932032994,28.722999995807186,7025.321833993075,334.91995461607655
1777186959,200,,Aggregated,204.000000,99.900000,470,720,800,870,1000,1200,1300,1400,1700,1700,1700,97832,41612,440,548.0438932032994,28.722999995807186,7025.321833993075,334.91995461607655
1777186960,200,GET,trips_per_route,204.400000,98.600000,470,730,810,880,1000,1200,1300,1400,1700,1700,1700,98038,41703,440,548.1660830539425,28.722999995807186,7025.321833993075,334.9199698076256
1777186960,200,,Aggregated,204.400000,98.600000,470,730,810,880,1000,1200,1300,1400,1700,1700,1700,98038,41703,440,548.1660830539425,28.722999995807186,7025.321833993075,334.9199698076256
1777186961,200,GET,trips_per_route,203.200000,98.600000,480,730,810,890,1000,1200,1300,1400,1700,1700,1700,98230,41795,440,548.2702891689859,28.722999995807186,7025.321833993075,334.91227730835794
1777186961,200,,Aggregated,203.200000,98.600000,480,730,810,890,1000,1200,1300,1400,1700,1700,1700,98230,41795,440,548.2702891689859,28.722999995807186,7025.321833993075,334.91227730835794
1777186962,200,GET,trips_per_route,202.800000,97.900000,480,730,820,910,1100,1200,1300,1400,1600,1700,1700,98453,41894,440,548.3933398290117,28.722999995807186,7025.321833993075,334.9132479457203
1777186962,200,,Aggregated,202.800000,97.900000,480,730,820,910,1100,1200,1300,1400,1600,1700,1700,98453,41894,440,548.3933398290117,28.722999995807186,7025.321833993075,334.9132479457203
1777186963,200,GET,trips_per_route,202.000000,97.500000,480,700,810,890,1000,1200,1300,1400,1500,1500,1500,98669,41981,440,548.3091359602536,28.722999995807186,7025.321833993075,334.92113024354154
1777186963,200,,Aggregated,202.000000,97.500000,480,700,810,890,1000,1200,1300,1400,1500,1500,1500,98669,41981,440,548.3091359602536,28.722999995807186,7025.321833993075,334.92113024354154
1777186964,200,GET,trips_per_route,201.300000,96.300000,490,690,800,870,1000,1100,1200,1300,1500,1500,1500,98881,42066,440,548.3054695992188,28.722999995807186,7025.321833993075,334.93137205327616
1777186964,200,,Aggregated,201.300000,96.300000,490,690,800,870,1000,1100,1200,1300,1500,1500,1500,98881,42066,440,548.3054695992188,28.722999995807186,7025.321833993075,334.93137205327616
1777186965,200,GET,trips_per_route,203.200000,95.600000,490,680,780,870,990,1100,1200,1300,1400,1400,1400,99101,42160,440,548.3364698028449,28.722999995807186,7025.321833993075,334.9339360854078
1777186965,200,,Aggregated,203.200000,95.600000,490,680,780,870,990,1100,1200,1300,1400,1400,1400,99101,42160,440,548.3364698028449,28.722999995807186,7025.321833993075,334.9339360854078
1777186966,200,GET,trips_per_route,205.400000,94.900000,470,660,770,850,970,1100,1200,1300,1400,1400,1400,99312,42253,440,548.1391602002341,28.722999995807186,7025.321833993075,334.93664411148706
1777186966,200,,Aggregated,205.400000,94.900000,470,660,770,850,970,1100,1200,1300,1400,1400,1400,99312,42253,440,548.1391602002341,28.722999995807186,7025.321833993075,334.93664411148706
1777186967,200,GET,trips_per_route,204.600000,93.500000,460,640,760,830,960,1100,1200,1300,1400,1400,1400,99519,42335,440,548.1283390543896,28.722999995807186,7025.321833993075,334.94658306454045
1777186967,200,,Aggregated,204.600000,93.500000,460,640,760,830,960,1100,1200,1300,1400,1400,1400,99519,42335,440,548.1283390543896,28.722999995807186,7025.321833993075,334.94658306454045
1777186968,200,GET,trips_per_route,208.000000,92.400000,460,640,750,820,960,1100,1200,1300,1400,1400,1400,99735,42431,440,548.197619575874,28.722999995807186,7025.321833993075,334.9499974933574
1777186968,200,,Aggregated,208.000000,92.400000,460,640,750,820,960,1100,1200,1300,1400,1400,1400,99735,42431,440,548.197619575874,28.722999995807186,7025.321833993075,334.9499974933574
1777186969,200,GET,trips_per_route,209.100000,91.200000,460,630,740,800,950,1100,1200,1300,1400,1400,1400,99945,42526,440,548.1626842594916,28.722999995807186,7025.321833993075,334.9495022262244
1777186969,200,,Aggregated,209.100000,91.200000,460,630,740,800,950,1100,1200,1300,1400,1400,1400,99945,42526,440,548.1626842594916,28.722999995807186,7025.321833993075,334.9495022262244
1777186970,200,GET,trips_per_route,208.600000,91.700000,460,620,730,800,930,1100,1200,1300,1400,1400,1400,100153,42628,440,548.1240003746449,28.722999995807186,7025.321833993075,334.9431769392829
1777186970,200,,Aggregated,208.600000,91.700000,460,620,730,800,930,1100,1200,1300,1400,1400,1400,100153,42628,440,548.1240003746449,28.722999995807186,7025.321833993075,334.9431769392829
1777186971,200,GET,trips_per_route,209.000000,91.200000,460,620,720,780,920,1000,1200,1300,1400,1400,1400,100357,42712,440,548.1447037719139,28.722999995807186,7025.321833993075,334.9512639875644
1777186971,200,,Aggregated,209.000000,91.200000,460,620,720,780,920,1000,1200,1300,1400,1400,1400,100357,42712,440,548.1447037719139,28.722999995807186,7025.321833993075,334.9512639875644
1777186972,200,GET,trips_per_route,210.300000,91.400000,460,620,730,780,920,1000,1200,1300,1400,1400,1400,100568,42805,440,548.1959276470275,28.722999995807186,7025.321833993075,334.95283788083685
1777186972,200,,Aggregated,210.300000,91.400000,460,620,730,780,920,1000,1200,1300,1400,1400,1400,100568,42805,440,548.1959276470275,28.722999995807186,7025.321833993075,334.95283788083685
1777186973,200,GET,trips_per_route,212.600000,91.500000,450,630,740,790,930,1000,1200,1300,1400,1400,1400,100765,42903,440,548.2468364055786,28.722999995807186,7025.321833993075,334.94753138490546
1777186973,200,,Aggregated,212.600000,91.500000,450,630,740,790,930,1000,1200,1300,1400,1400,1400,100765,42903,440,548.2468364055786,28.722999995807186,7025.321833993075,334.94753138490546
1777186974,200,GET,trips_per_route,214.200000,92.400000,460,640,740,790,950,1100,1300,1300,1600,1600,1600,100963,42993,440,548.4080161531397,28.722999995807186,7025.321833993075,334.94809979893625
1777186974,200,,Aggregated,214.200000,92.400000,460,640,740,790,950,1100,1300,1300,1600,1600,1600,100963,42993,440,548.4080161531397,28.722999995807186,7025.321833993075,334.94809979893625
1777186975,200,GET,trips_per_route,210.900000,92.200000,470,660,750,800,970,1100,1300,1400,1600,1600,1600,101175,43090,440,548.5633989897574,28.722999995807186,7025.321833993075,334.9477440079071
1777186975,200,,Aggregated,210.900000,92.200000,470,660,750,800,970,1100,1300,1400,1600,1600,1600,101175,43090,440,548.5633989897574,28.722999995807186,7025.321833993075,334.9477440079071
1777186976,200,GET,trips_per_route,209.700000,93.100000,470,670,760,810,980,1100,1300,1400,1600,1600,1600,101381,43183,440,548.5244926061647,28.722999995807186,7025.321833993075,334.9497637624407
1777186976,200,,Aggregated,209.700000,93.100000,470,670,760,810,980,1100,1300,1400,1600,1600,1600,101381,43183,440,548.5244926061647,28.722999995807186,7025.321833993075,334.9497637624407
1777186977,200,GET,trips_per_route,207.900000,92.600000,450,660,750,810,990,1100,1300,1400,1600,1600,1600,101593,43271,440,548.4582970717748,28.722999995807186,7025.321833993075,334.95817625230086
1777186977,200,,Aggregated,207.900000,92.600000,450,660,750,810,990,1100,1300,1400,1600,1600,1600,101593,43271,440,548.4582970717748,28.722999995807186,7025.321833993075,334.95817625230086
1777186978,200,GET,trips_per_route,205.800000,92.500000,450,660,750,810,1000,1100,1300,1400,1600,1600,1600,101814,43366,440,548.5089977070138,28.722999995807186,7025.321833993075,334.96417977881237
1777186978,200,,Aggregated,205.800000,92.500000,450,660,750,810,1000,1100,1300,1400,1600,1600,1600,101814,43366,440,548.5089977070138,28.722999995807186,7025.321833993075,334.96417977881237
1777186979,200,GET,trips_per_route,207.900000,93.200000,450,660,750,810,1000,1100,1300,1400,1600,1600,1600,102017,43469,440,548.4876258026081,28.722999995807186,7025.321833993075,334.95534077653724
1777186979,200,,Aggregated,207.900000,93.200000,450,660,750,810,1000,1100,1300,1400,1600,1600,1600,102017,43469,440,548.4876258026081,28.722999995807186,7025.321833993075,334.95534077653724
1777186980,200,GET,trips_per_route,207.800000,93.700000,450,660,750,810,1000,1100,1300,1400,1600,1600,1600,102219,43555,440,548.5772600502216,28.722999995807186,7025.321833993075,334.9613966092409
1777186980,200,,Aggregated,207.800000,93.700000,450,660,750,810,1000,1100,1300,1400,1600,1600,1600,102219,43555,440,548.5772600502216,28.722999995807186,7025.321833993075,334.9613966092409
1777186981,200,GET,trips_per_route,206.900000,93.500000,460,660,760,810,1100,1200,1300,1400,1600,1600,1600,102439,43650,440,548.6407239608403,28.722999995807186,7025.321833993075,334.9669949921417
1777186981,200,,Aggregated,206.900000,93.500000,460,660,760,810,1100,1200,1300,1400,1600,1600,1600,102439,43650,440,548.6407239608403,28.722999995807186,7025.321833993075,334.9669949921417
1777186982,200,GET,trips_per_route,206.700000,93.400000,440,640,750,800,1000,1100,1300,1400,1600,1600,1600,102646,43746,440,548.5055194693964,28.722999995807186,7025.321833993075,334.9671687157805
1777186982,200,,Aggregated,206.700000,93.400000,440,640,750,800,1000,1100,1300,1400,1600,1600,1600,102646,43746,440,548.5055194693964,28.722999995807186,7025.321833993075,334.9671687157805
1777186983,200,GET,trips_per_route,204.800000,93.400000,440,630,730,790,1000,1100,1300,1400,1600,1600,1600,102869,43837,440,548.5061505733463,28.722999995807186,7025.321833993075,334.9762805121076
1777186983,200,,Aggregated,204.800000,93.400000,440,630,730,790,1000,1100,1300,1400,1600,1600,1600,102869,43837,440,548.5061505733463,28.722999995807186,7025.321833993075,334.9762805121076
1777186984,200,GET,trips_per_route,206.900000,92.700000,450,620,720,780,980,1100,1300,1400,1500,1500,1500,103079,43931,440,548.512734915283,28.722999995807186,7025.321833993075,334.9784922244104
1777186984,200,,Aggregated,206.900000,92.700000,450,620,720,780,980,1100,1300,1400,1500,1500,1500,103079,43931,440,548.512734915283,28.722999995807186,7025.321833993075,334.9784922244104
1777186985,200,GET,trips_per_route,209.800000,94.000000,450,610,710,760,960,1100,1300,1300,1500,1500,1500,103278,44016,440,548.5226253756308,28.722999995807186,7025.321833993075,334.98253258196326
1777186985,200,,Aggregated,209.800000,94.000000,450,610,710,760,960,1100,1300,1300,1500,1500,1500,103278,44016,440,548.5226253756308,28.722999995807186,7025.321833993075,334.98253258196326
1777186986,200,GET,trips_per_route,209.600000,93.400000,460,620,720,780,960,1100,1200,1300,1500,1500,1500,103490,44112,440,548.591960336317,28.722999995807186,7025.321833993075,334.98235578316746
1777186986,200,,Aggregated,209.600000,93.400000,460,620,720,780,960,1100,1200,1300,1500,1500,1500,103490,44112,440,548.591960336317,28.722999995807186,7025.321833993075,334.98235578316746
1777186987,200,GET,trips_per_route,212.300000,93.600000,470,630,730,780,960,1100,1200,1300,1500,1500,1500,103697,44203,440,548.5598931373561,28.722999995807186,7025.321833993075,334.9839050310038
1777186987,200,,Aggregated,212.300000,93.600000,470,630,730,780,960,1100,1200,1300,1500,1500,1500,103697,44203,440,548.5598931373561,28.722999995807186,7025.321833993075,334.9839050310038
1777186988,200,GET,trips_per_route,211.000000,93.800000,480,630,730,790,950,1100,1200,1300,1500,1500,1500,103902,44290,440,548.5782208507484,28.722999995807186,7025.321833993075,334.9899424457662
1777186988,200,,Aggregated,211.000000,93.800000,480,630,730,790,950,1100,1200,1300,1500,1500,1500,103902,44290,440,548.5782208507484,28.722999995807186,7025.321833993075,334.9899424457662
1777186989,200,GET,trips_per_route,208.700000,92.900000,480,630,730,780,940,1100,1200,1300,1500,1500,1500,104114,44386,440,548.5763223728922,28.722999995807186,7025.321833993075,334.9899533203988
1777186989,200,,Aggregated,208.700000,92.900000,480,630,730,780,940,1100,1200,1300,1500,1500,1500,104114,44386,440,548.5763223728922,28.722999995807186,7025.321833993075,334.9899533203988
1777186990,200,GET,trips_per_route,210.200000,92.400000,480,640,740,790,950,1100,1200,1200,1400,1500,1500,104324,44477,440,548.6457202796583,28.722999995807186,7025.321833993075,334.9937789962041
1777186990,200,,Aggregated,210.200000,92.400000,480,640,740,790,950,1100,1200,1200,1400,1500,1500,104324,44477,440,548.6457202796583,28.722999995807186,7025.321833993075,334.9937789962041
1777186991,200,GET,trips_per_route,211.000000,92.800000,490,660,750,800,950,1100,1200,1200,1500,1500,1500,104541,44576,440,548.6907374534304,28.722999995807186,7025.321833993075,334.9924527218986
1777186991,200,,Aggregated,211.000000,92.800000,490,660,750,800,950,1100,1200,1200,1500,1500,1500,104541,44576,440,548.6907374534304,28.722999995807186,7025.321833993075,334.9924527218986
1777186992,200,GET,trips_per_route,210.600000,92.700000,490,660,750,790,940,1000,1200,1200,1500,1500,1500,104740,44662,440,548.681446486855,28.722999995807186,7025.321833993075,334.9967347718159
1777186992,200,,Aggregated,210.600000,92.700000,490,660,750,790,940,1000,1200,1200,1500,1500,1500,104740,44662,440,548.681446486855,28.722999995807186,7025.321833993075,334.9967347718159
1777186993,200,GET,trips_per_route,209.600000,91.700000,490,670,750,800,950,1100,1200,1200,1500,1500,1500,104945,44753,440,548.6607002735365,28.722999995807186,7025.321833993075,334.99881842870076
1777186993,200,,Aggregated,209.600000,91.700000,490,670,750,800,950,1100,1200,1200,1500,1500,1500,104945,44753,440,548.6607002735365,28.722999995807186,7025.321833993075,334.99881842870076
1777186994,200,GET,trips_per_route,208.200000,91.600000,490,670,750,810,950,1100,1200,1200,1600,1600,1600,105149,44842,440,548.735100316374,28.722999995807186,7025.321833993075,335.0017498977641
1777186994,200,,Aggregated,208.200000,91.600000,490,670,750,810,950,1100,1200,1200,1600,1600,1600,105149,44842,440,548.735100316374,28.722999995807186,7025.321833993075,335.0017498977641
1777186995,200,GET,trips_per_route,207.300000,90.800000,480,660,750,810,940,1100,1200,1200,1600,1600,1600,105371,44940,440,548.7049036440081,28.722999995807186,7025.321833993075,335.00504882747623
1777186995,200,,Aggregated,207.300000,90.800000,480,660,750,810,940,1100,1200,1200,1600,1600,1600,105371,44940,440,548.7049036440081,28.722999995807186,7025.321833993075,335.00504882747623
1777186996,200,GET,trips_per_route,208.600000,91.800000,480,660,740,790,930,1000,1200,1200,1600,1600,1600,105593,45026,440,548.656329941196,28.722999995807186,7025.321833993075,335.01737804589317
1777186996,200,,Aggregated,208.600000,91.800000,480,660,740,790,930,1000,1200,1200,1600,1600,1600,105593,45026,440,548.656329941196,28.722999995807186,7025.321833993075,335.01737804589317
1777186997,200,GET,trips_per_route,209.100000,92.200000,460,640,730,780,920,1000,1200,1200,1600,1600,1600,105808,45117,440,548.5442579316192,28.722999995807186,7025.321833993075,335.0240057462574
1777186997,200,,Aggregated,209.100000,92.200000,460,640,730,780,920,1000,1200,1200,1600,1600,1600,105808,45117,440,548.5442579316192,28.722999995807186,7025.321833993075,335.0240057462574
1777186998,200,GET,trips_per_route,210.600000,91.500000,460,640,730,780,930,1000,1200,1300,1600,1600,1600,106016,45206,440,548.5577513372095,28.722999995807186,7025.321833993075,335.02958987322666
1777186998,200,,Aggregated,210.600000,91.500000,460,640,730,780,930,1000,1200,1300,1600,1600,1600,106016,45206,440,548.5577513372095,28.722999995807186,7025.321833993075,335.02958987322666
1777186999,200,GET,trips_per_route,211.600000,91.400000,460,640,730,780,930,1000,1200,1300,1500,1600,1600,106234,45297,440,548.5730688041837,28.722999995807186,7025.321833993075,335.03698439294385
1777186999,200,,Aggregated,211.600000,91.400000,460,640,730,780,930,1000,1200,1300,1500,1600,1600,106234,45297,440,548.5730688041837,28.722999995807186,7025.321833993075,335.03698439294385
1777187000,200,GET,trips_per_route,210.200000,91.000000,460,630,720,770,930,1000,1200,1300,1500,1600,1600,106456,45386,440,548.5386945785262,28.722999995807186,7025.321833993075,335.04725896144885
1777187000,200,,Aggregated,210.200000,91.000000,460,630,720,770,930,1000,1200,1300,1500,1600,1600,106456,45386,440,548.5386945785262,28.722999995807186,7025.321833993075,335.04725896144885
1777187001,200,GET,trips_per_route,210.300000,90.700000,450,620,710,760,910,1000,1200,1300,1500,1600,1600,106660,45480,440,548.4921491488311,28.722999995807186,7025.321833993075,335.0457809863116
1777187001,200,,Aggregated,210.300000,90.700000,450,620,710,760,910,1000,1200,1300,1500,1600,1600,106660,45480,440,548.4921491488311,28.722999995807186,7025.321833993075,335.0457809863116
1777187002,200,GET,trips_per_route,210.300000,89.900000,450,630,710,770,920,1000,1200,1300,1500,1600,1600,106878,45573,440,548.5069768970534,28.722999995807186,7025.321833993075,335.0501693519714
1777187002,200,,Aggregated,210.300000,89.900000,450,630,710,770,920,1000,1200,1300,1500,1600,1600,106878,45573,440,548.5069768970534,28.722999995807186,7025.321833993075,335.0501693519714
1777187003,200,GET,trips_per_route,213.500000,90.900000,450,620,710,760,910,980,1200,1300,1500,1600,1600,107077,45664,440,548.4548408964968,28.722999995807186,7025.321833993075,335.0502161995573
1777187003,200,,Aggregated,213.500000,90.900000,450,620,710,760,910,980,1200,1300,1500,1600,1600,107077,45664,440,548.4548408964968,28.722999995807186,7025.321833993075,335.0502161995573
1777187004,200,GET,trips_per_route,211.800000,90.100000,450,620,710,770,910,980,1200,1300,1600,1700,1700,107289,45757,440,548.5155801015587,28.722999995807186,7025.321833993075,335.05394774860423
1777187004,200,,Aggregated,211.800000,90.100000,450,620,710,770,910,980,1200,1300,1600,1700,1700,107289,45757,440,548.5155801015587,28.722999995807186,7025.321833993075,335.05394774860423
1777187005,200,GET,trips_per_route,213.900000,90.300000,450,620,720,770,920,980,1200,1300,1600,1700,1700,107500,45860,440,548.5294892544107,28.722999995807186,7025.321833993075,335.04799069767444
1777187005,200,,Aggregated,213.900000,90.300000,450,620,720,770,920,980,1200,1300,1600,1700,1700,107500,45860,440,548.5294892544107,28.722999995807186,7025.321833993075,335.04799069767444
1777187006,200,GET,trips_per_route,213.600000,90.700000,470,650,730,780,930,990,1200,1300,1600,1700,1700,107707,45956,440,548.5667401675499,28.722999995807186,7025.321833993075,335.0450481398609
1777187006,200,,Aggregated,213.600000,90.700000,470,650,730,780,930,990,1200,1300,1600,1700,1700,107707,45956,440,548.5667401675499,28.722999995807186,7025.321833993075,335.0450481398609
1777187007,200,GET,trips_per_route,213.000000,91.800000,470,660,740,800,940,1000,1200,1300,1600,1700,1700,107910,46056,440,548.6318130138038,28.722999995807186,7025.321833993075,335.0401630988787
1777187007,200,,Aggregated,213.000000,91.800000,470,660,740,800,940,1000,1200,1300,1600,1700,1700,107910,46056,440,548.6318130138038,28.722999995807186,7025.321833993075,335.0401630988787
1777187008,200,GET,trips_per_route,211.800000,93.000000,460,660,740,800,940,1000,1200,1300,1600,1700,1700,108113,46148,440,548.6859805977407,28.722999995807186,7025.321833993075,335.0414658736692
1777187008,200,,Aggregated,211.800000,93.000000,460,660,740,800,940,1000,1200,1300,1600,1700,1700,108113,46148,440,548.6859805977407,28.722999995807186,7025.321833993075,335.0414658736692
1777187009,200,GET,trips_per_route,209.100000,93.600000,470,670,750,810,950,1100,1200,1400,1600,1700,1700,108320,46243,440,548.7374569768696,28.722999995807186,7025.321833993075,335.0419405465288
1777187009,200,,Aggregated,209.100000,93.600000,470,670,750,810,950,1100,1200,1400,1600,1700,1700,108320,46243,440,548.7374569768696,28.722999995807186,7025.321833993075,335.0419405465288
1777187010,200,GET,trips_per_route,208.900000,93.300000,480,680,760,820,960,1100,1200,1400,1600,1700,1700,108517,46338,440,548.7741839283678,28.722999995807186,7025.321833993075,335.0386667526747
1777187010,200,,Aggregated,208.900000,93.300000,480,680,760,820,960,1100,1200,1400,1600,1700,1700,108517,46338,440,548.7741839283678,28.722999995807186,7025.321833993075,335.0386667526747
1777187011,200,GET,trips_per_route,208.000000,93.700000,480,680,770,830,970,1100,1300,1400,1600,1700,1700,108718,46429,440,548.9375179008982,28.722999995807186,7025.321833993075,335.0397726227488
1777187011,200,,Aggregated,208.000000,93.700000,480,680,770,830,970,1100,1300,1400,1600,1700,1700,108718,46429,440,548.9375179008982,28.722999995807186,7025.321833993075,335.0397726227488
1777187012,200,GET,trips_per_route,208.100000,94.500000,490,680,780,840,990,1100,1300,1400,1600,1700,1700,108923,46523,440,548.9984496956455,28.722999995807186,7025.321833993075,335.0390459315296
1777187012,200,,Aggregated,208.100000,94.500000,490,680,780,840,990,1100,1300,1400,1600,1700,1700,108923,46523,440,548.9984496956455,28.722999995807186,7025.321833993075,335.0390459315296
1777187013,200,GET,trips_per_route,205.300000,95.000000,500,700,790,850,1000,1100,1300,1500,1800,1800,1800,109130,46620,440,549.1243309106949,28.722999995807186,7025.321833993075,335.03680014661415
1777187013,200,,Aggregated,205.300000,95.000000,500,700,790,850,1000,1100,1300,1500,1800,1800,1800,109130,46620,440,549.1243309106949,28.722999995807186,7025.321833993075,335.03680014661415
1777187014,200,GET,trips_per_route,206.100000,96.600000,510,700,800,860,1000,1100,1300,1400,1800,1800,1800,109317,46722,440,549.1175219185761,28.722999995807186,7025.321833993075,335.021917908468
1777187014,200,,Aggregated,206.100000,96.600000,510,700,800,860,1000,1100,1300,1400,1800,1800,1800,109317,46722,440,549.1175219185761,28.722999995807186,7025.321833993075,335.021917908468
1777187015,200,GET,trips_per_route,201.300000,95.300000,510,710,810,870,1000,1200,1300,1400,1800,1800,1800,109514,46819,440,549.2275948869803,28.722999995807186,7025.321833993075,335.013815585222
1777187015,200,,Aggregated,201.300000,95.400000,510,710,810,870,1000,1200,1300,1400,1800,1800,1800,109514,46819,440,549.2275948869803,28.722999995807186,7025.321833993075,335.013815585222
1777187016,200,GET,trips_per_route,201.500000,94.500000,510,720,820,890,1100,1200,1300,1400,1800,1800,1800,109712,46910,440,549.4005185582489,28.722999995807186,7025.321833993075,335.0138179962083
1777187016,200,,Aggregated,201.500000,94.500000,510,720,820,890,1100,1200,1300,1400,1800,1800,1800,109712,46910,440,549.4005185582489,28.722999995807186,7025.321833993075,335.0138179962083
1777187017,200,GET,trips_per_route,202.400000,95.100000,490,710,820,900,1100,1200,1300,1400,1800,1800,1800,109907,47005,440,549.4734309729085,28.722999995807186,7025.321833993075,335.00990837708247
1777187017,200,,Aggregated,202.400000,95.100000,490,710,820,900,1100,1200,1300,1400,1800,1800,1800,109907,47005,440,549.4734309729085,28.722999995807186,7025.321833993075,335.00990837708247
1777187018,200,GET,trips_per_route,200.500000,94.900000,490,720,830,920,1100,1200,1300,1400,1800,1800,1800,110118,47095,440,549.5706200567771,28.722999995807186,7025.321833993075,335.01306779999635
1777187018,200,,Aggregated,200.500000,94.900000,490,720,830,920,1100,1200,1300,1400,1800,1800,1800,110118,47095,440,549.5706200567771,28.722999995807186,7025.321833993075,335.01306779999635
1777187019,200,GET,trips_per_route,200.100000,94.600000,490,720,840,920,1100,1200,1300,1400,1800,1800,1800,110333,47186,440,549.6740352824829,28.722999995807186,7025.321833993075,335.019314257747
1777187019,200,,Aggregated,200.100000,94.600000,490,720,840,920,1100,1200,1300,1400,1800,1800,1800,110333,47186,440,549.6740352824829,28.722999995807186,7025.321833993075,335.019314257747
1777187020,200,GET,trips_per_route,200.800000,95.100000,480,710,840,930,1100,1200,1300,1400,1800,1800,1800,110547,47283,440,549.7032985874416,28.722999995807186,7025.321833993075,335.01968393533974
1777187020,200,,Aggregated,200.800000,95.100000,480,710,840,930,1100,1200,1300,1400,1800,1800,1800,110547,47283,440,549.7032985874416,28.722999995807186,7025.321833993075,335.01968393533974
1777187021,200,GET,trips_per_route,200.900000,94.800000,470,690,820,910,1100,1200,1300,1400,1800,1800,1800,110748,47370,440,549.6267090251931,28.722999995807186,7025.321833993075,335.0214992595803
1777187021,200,,Aggregated,200.900000,94.800000,470,690,820,910,1100,1200,1300,1400,1800,1800,1800,110748,47370,440,549.6267090251931,28.722999995807186,7025.321833993075,335.0214992595803
1777187022,200,GET,trips_per_route,199.500000,93.800000,470,680,820,900,1100,1200,1300,1400,1800,1800,1800,110980,47468,440,549.621494487773,28.722999995807186,7025.321833993075,335.0262299513426
1777187022,200,,Aggregated,199.500000,93.800000,470,680,820,900,1100,1200,1300,1400,1800,1800,1800,110980,47468,440,549.621494487773,28.722999995807186,7025.321833993075,335.0262299513426
1777187023,200,GET,trips_per_route,202.500000,93.300000,440,640,760,860,1000,1200,1300,1300,1400,1400,1400,111192,47558,440,549.4947266699033,28.722999995807186,7025.321833993075,335.03212461328155
1777187023,200,,Aggregated,202.500000,93.300000,440,640,760,860,1000,1200,1300,1300,1400,1400,1400,111192,47558,440,549.4947266699033,28.722999995807186,7025.321833993075,335.03212461328155
1777187024,200,GET,trips_per_route,203.600000,92.900000,450,640,750,840,1000,1100,1200,1300,1400,1400,1400,111423,47652,440,549.4694618787552,28.722999995807186,7025.321833993075,335.0401622645235
1777187024,200,,Aggregated,203.600000,92.900000,450,640,750,840,1000,1100,1200,1300,1400,1400,1400,111423,47652,440,549.4694618787552,28.722999995807186,7025.321833993075,335.0401622645235
1777187025,200,GET,trips_per_route,207.800000,94.100000,440,620,720,790,980,1100,1200,1300,1400,1400,1400,111634,47754,440,549.3332863823615,28.722999995807186,7025.321833993075,335.0371392228174
1777187025,200,,Aggregated,207.800000,94.000000,440,620,720,790,980,1100,1200,1300,1400,1400,1400,111634,47754,440,549.3332863823615,28.722999995807186,7025.321833993075,335.0371392228174
1777187026,200,GET,trips_per_route,207.700000,94.000000,430,600,700,760,950,1100,1200,1300,1400,1400,1400,111862,47852,440,549.2179209253154,28.722999995807186,7025.321833993075,335.04174786790867
1777187026,200,,Aggregated,207.700000,94.000000,430,600,700,760,950,1100,1200,1300,1400,1400,1400,111862,47852,440,549.2179209253154,28.722999995807186,7025.321833993075,335.04174786790867
1777187027,200,GET,trips_per_route,209.100000,93.100000,420,580,680,730,900,1000,1200,1200,1400,1400,1400,112071,47939,440,549.0799605503446,28.722999995807186,7025.321833993075,335.04699699297765
1777187027,200,,Aggregated,209.100000,93.100000,420,580,680,730,900,1000,1200,1200,1400,1400,1400,112071,47939,440,549.0799605503446,28.722999995807186,7025.321833993075,335.04699699297765
1777187028,200,GET,trips_per_route,213.600000,93.200000,430,600,690,730,900,1000,1200,1200,1400,1400,1400,112291,48032,440,549.1274313417802,28.722999995807186,7025.321833993075,335.0507253475345
1777187028,200,,Aggregated,213.600000,93.200000,430,600,690,730,900,1000,1200,1200,1400,1400,1400,112291,48032,440,549.1274313417802,28.722999995807186,7025.321833993075,335.0507253475345
1777187029,200,GET,trips_per_route,217.600000,93.800000,430,600,690,730,880,1000,1100,1200,1800,1800,1800,112493,48120,440,549.168062036863,28.722999995807186,7025.321833993075,335.0546700683598
1777187029,200,,Aggregated,217.600000,93.800000,430,600,690,730,880,1000,1100,1200,1800,1800,1800,112493,48120,440,549.168062036863,28.722999995807186,7025.321833993075,335.0546700683598
1777187030,200,GET,trips_per_route,215.400000,93.400000,430,590,690,730,880,1000,1100,1300,1800,1800,1800,112696,48215,440,549.1780313697899,28.722999995807186,7025.321833993075,335.05293887981827
1777187030,200,,Aggregated,215.400000,93.400000,430,590,690,730,880,1000,1100,1300,1800,1800,1800,112696,48215,440,549.1780313697899,28.722999995807186,7025.321833993075,335.05293887981827
1777187031,200,GET,trips_per_route,215.800000,93.300000,430,590,690,730,880,1100,1200,1400,1900,1900,1900,112912,48296,440,549.2076163047749,28.722999995807186,7025.321833993075,335.06666253365455
1777187031,200,,Aggregated,215.800000,93.300000,430,590,690,730,880,1100,1200,1400,1900,1900,1900,112912,48296,440,549.2076163047749,28.722999995807186,7025.321833993075,335.06666253365455
1777187032,200,GET,trips_per_route,217.300000,93.800000,420,590,690,730,880,1000,1200,1400,1900,1900,1900,113127,48395,440,549.1576313399091,28.722999995807186,7025.321833993075,335.066933623273
1777187032,200,,Aggregated,217.300000,93.800000,420,590,690,730,880,1000,1200,1400,1900,1900,1900,113127,48395,440,549.1576313399091,28.722999995807186,7025.321833993075,335.066933623273
1777187033,200,GET,trips_per_route,216.400000,93.800000,420,600,690,740,890,1100,1300,1400,1900,1900,1900,113351,48495,440,549.1453481490835,28.722999995807186,7025.321833993075,335.06774532205276
1777187033,200,,Aggregated,216.400000,93.800000,420,600,690,740,890,1100,1300,1400,1900,1900,1900,113351,48495,440,549.1453481490835,28.722999995807186,7025.321833993075,335.06774532205276
1777187034,200,GET,trips_per_route,215.700000,93.700000,430,600,700,740,890,1100,1300,1400,1900,1900,1900,113572,48591,440,549.099856550374,28.722999995807186,7025.321833993075,335.07205120980524
1777187034,200,,Aggregated,215.700000,93.700000,430,600,700,740,890,1100,1300,1400,1900,1900,1900,113572,48591,440,549.099856550374,28.722999995807186,7025.321833993075,335.07205120980524
1777187035,200,GET,trips_per_route,214.500000,93.800000,420,600,690,730,890,1100,1300,1400,1900,1900,1900,113792,48683,440,549.0075273683801,28.722999995807186,7025.321833993075,335.07904773622045
1777187035,200,,Aggregated,214.500000,93.800000,420,600,690,730,890,1100,1300,1400,1900,1900,1900,113792,48683,440,549.0075273683801,28.722999995807186,7025.321833993075,335.07904773622045
1777187036,200,GET,trips_per_route,214.900000,93.600000,420,590,690,730,890,1100,1300,1400,1900,1900,1900,114018,48774,440,548.9031466381086,28.722999995807186,7025.321833993075,335.0885561928818
1777187036,200,,Aggregated,214.900000,93.600000,420,590,690,730,890,1100,1300,1400,1900,1900,1900,114018,48774,440,548.9031466381086,28.722999995807186,7025.321833993075,335.0885561928818
1777187037,200,GET,trips_per_route,214.700000,93.300000,420,590,690,730,900,1100,1300,1400,1900,1900,1900,114232,48871,440,548.7665238937249,28.722999995807186,7025.321833993075,335.09002731283704
1777187037,200,,Aggregated,214.700000,93.300000,420,590,690,730,900,1100,1300,1400,1900,1900,1900,114232,48871,440,548.7665238937249,28.722999995807186,7025.321833993075,335.09002731283704
1777187038,200,GET,trips_per_route,213.600000,92.800000,420,570,680,720,890,1100,1300,1400,1900,1900,1900,114454,48965,440,548.728844659974,28.722999995807186,7025.321833993075,335.09617837733936
1777187038,200,,Aggregated,213.600000,92.800000,420,570,680,720,890,1100,1300,1400,1900,1900,1900,114454,48965,440,548.728844659974,28.722999995807186,7025.321833993075,335.09617837733936
1777187039,200,GET,trips_per_route,212.800000,92.600000,420,570,680,720,880,1000,1300,1400,1900,1900,1900,114654,49056,440,548.7259050971039,28.722999995807186,7025.321833993075,335.09703106738533
1777187039,200,,Aggregated,212.800000,92.600000,420,570,680,720,880,1000,1300,1400,1900,1900,1900,114654,49056,440,548.7259050971039,28.722999995807186,7025.321833993075,335.09703106738533
1777187040,200,GET,trips_per_route,215.900000,93.100000,410,570,670,710,880,1000,1300,1300,1600,1600,1600,114888,49157,440,548.686420941913,28.722999995807186,7025.321833993075,335.1021429566186
1777187040,200,,Aggregated,215.900000,93.100000,410,570,670,710,880,1000,1300,1300,1600,1600,1600,114888,49157,440,548.686420941913,28.722999995807186,7025.321833993075,335.1021429566186
1777187041,200,GET,trips_per_route,216.100000,92.900000,420,570,670,710,880,1000,1300,1300,1400,1500,1500,115104,49249,440,548.5711893942208,28.722999995807186,7025.321833993075,335.1077373505699
1777187041,200,,Aggregated,216.100000,92.900000,420,570,670,710,880,1000,1300,1300,1400,1500,1500,115104,49249,440,548.5711893942208,28.722999995807186,7025.321833993075,335.1077373505699
1777187042,200,GET,trips_per_route,216.900000,94.300000,410,550,660,700,870,1000,1200,1300,1400,1500,1500,115329,49342,440,548.5164605786098,28.722999995807186,7025.321833993075,335.11539161876027
1777187042,200,,Aggregated,216.900000,94.300000,410,550,660,700,870,1000,1200,1300,1400,1500,1500,115329,49342,440,548.5164605786098,28.722999995807186,7025.321833993075,335.11539161876027
1777187043,200,GET,trips_per_route,218.100000,94.700000,410,550,660,700,870,1000,1200,1300,1400,1500,1500,115538,49431,440,548.4664958699578,28.722999995807186,7025.321833993075,335.1201682563312
1777187043,200,,Aggregated,218.100000,94.700000,410,550,660,700,870,1000,1200,1300,1400,1500,1500,115538,49431,440,548.4664958699578,28.722999995807186,7025.321833993075,335.1201682563312
1777187044,200,GET,trips_per_route,218.600000,94.100000,420,550,660,700,870,1100,1200,1300,1400,1500,1500,115753,49521,440,548.4230198798233,28.722999995807186,7025.321833993075,335.12619975292216
1777187044,200,,Aggregated,218.600000,94.100000,420,550,660,700,870,1100,1200,1300,1400,1500,1500,115753,49521,440,548.4230198798233,28.722999995807186,7025.321833993075,335.12619975292216
1777187045,200,GET,trips_per_route,219.200000,93.400000,410,550,660,700,870,1100,1200,1300,1400,1500,1500,115949,49618,440,548.3651906260876,28.722999995807186,7025.321833993075,335.12132058060007
1777187045,200,,Aggregated,219.200000,93.400000,410,550,660,700,870,1100,1200,1300,1400,1500,1500,115949,49618,440,548.3651906260876,28.722999995807186,7025.321833993075,335.12132058060007
1777187046,200,GET,trips_per_route,218.800000,93.000000,420,570,680,710,880,1100,1200,1300,1400,1500,1500,116178,49712,440,548.3743963167224,28.722999995807186,7025.321833993075,335.1269861763845
1777187046,200,,Aggregated,218.800000,93.000000,420,570,680,710,880,1100,1200,1300,1400,1500,1500,116178,49712,440,548.3743963167224,28.722999995807186,7025.321833993075,335.1269861763845
1777187047,200,GET,trips_per_route,217.900000,93.100000,420,580,670,720,880,1100,1200,1300,1400,1400,1400,116401,49805,440,548.2824831552072,28.722999995807186,7025.321833993075,335.132876865319
1777187047,200,,Aggregated,217.900000,93.100000,420,580,670,720,880,1100,1200,1300,1400,1400,1400,116401,49805,440,548.2824831552072,28.722999995807186,7025.321833993075,335.132876865319
1777187048,200,GET,trips_per_route,218.200000,94.200000,420,580,680,720,900,1100,1200,1300,1300,1400,1400,116617,49897,440,548.2289843993324,28.722999995807186,7025.321833993075,335.13830745088626
1777187048,200,,Aggregated,218.200000,94.200000,420,580,680,720,900,1100,1200,1300,1300,1400,1400,116617,49897,440,548.2289843993324,28.722999995807186,7025.321833993075,335.13830745088626
1777187049,200,GET,trips_per_route,217.400000,93.800000,420,570,680,720,910,1100,1200,1300,1400,1400,1400,116834,49990,440,548.2453982500735,28.722999995807186,7025.321833993075,335.14318605885273
1777187049,200,,Aggregated,217.400000,93.800000,420,570,680,720,910,1100,1200,1300,1400,1400,1400,116834,49990,440,548.2453982500735,28.722999995807186,7025.321833993075,335.14318605885273
1777187050,200,GET,trips_per_route,216.200000,93.300000,430,580,690,730,930,1100,1200,1300,1400,1400,1400,117044,50088,440,548.2551867956834,28.722999995807186,7025.321833993075,335.14257031543696
1777187050,200,,Aggregated,216.200000,93.300000,430,580,690,730,930,1100,1200,1300,1400,1400,1400,117044,50088,440,548.2551867956834,28.722999995807186,7025.321833993075,335.14257031543696
1777187051,200,GET,trips_per_route,217.100000,93.700000,430,580,690,740,940,1100,1200,1300,1400,1400,1400,117269,50188,440,548.2032483138757,28.722999995807186,7025.321833993075,335.1453239986697
1777187051,200,,Aggregated,217.100000,93.700000,430,580,690,740,940,1100,1200,1300,1400,1400,1400,117269,50188,440,548.2032483138757,28.722999995807186,7025.321833993075,335.1453239986697
1777187052,200,GET,trips_per_route,215.700000,92.100000,440,590,700,750,930,1100,1100,1300,1400,1400,1400,117470,50272,440,548.187037946326,28.722999995807186,7025.321833993075,335.1511875372436
1777187052,200,,Aggregated,215.700000,92.100000,440,590,700,750,930,1100,1100,1300,1400,1400,1400,117470,50272,440,548.187037946326,28.722999995807186,7025.321833993075,335.1511875372436
1777187053,200,GET,trips_per_route,216.100000,92.400000,430,590,700,760,940,1100,1200,1200,1400,1400,1400,117684,50367,440,548.189411255457,28.722999995807186,7025.321833993075,335.1535042996499
1777187053,200,,Aggregated,216.100000,92.400000,430,590,700,760,940,1100,1200,1200,1400,1400,1400,117684,50367,440,548.189411255457,28.722999995807186,7025.321833993075,335.1535042996499
1777187054,200,GET,trips_per_route,215.000000,92.600000,430,590,710,770,950,1100,1100,1200,1400,1400,1400,117897,50461,440,548.1545604081805,28.722999995807186,7025.321833993075,335.156348337956
1777187054,200,,Aggregated,215.000000,92.600000,430,590,710,770,950,1100,1100,1200,1400,1400,1400,117897,50461,440,548.1545604081805,28.722999995807186,7025.321833993075,335.156348337956
1777187055,200,GET,trips_per_route,213.800000,93.900000,420,580,700,770,950,1100,1200,1200,1300,1400,1400,118114,50549,440,548.1373012371103,28.722999995807186,7025.321833993075,335.1637993802598
1777187055,200,,Aggregated,213.800000,93.900000,420,580,700,770,950,1100,1200,1200,1300,1400,1400,118114,50549,440,548.1373012371103,28.722999995807186,7025.321833993075,335.1637993802598
1777187056,200,GET,trips_per_route,214.200000,94.400000,420,580,700,770,950,1100,1200,1200,1300,1400,1400,118335,50636,440,548.054260271274,28.722999995807186,7025.321833993075,335.1736172729962
1777187056,200,,Aggregated,214.200000,94.400000,420,580,700,770,950,1100,1200,1200,1300,1400,1400,118335,50636,440,548.054260271274,28.722999995807186,7025.321833993075,335.1736172729962
1777187057,200,GET,trips_per_route,213.800000,93.900000,420,570,690,770,950,1100,1200,1200,1300,1400,1400,118567,50729,440,547.9260381229611,28.722999995807186,7025.321833993075,335.1832128669866
1777187057,200,,Aggregated,213.800000,93.900000,420,570,690,770,950,1100,1200,1200,1300,1400,1400,118567,50729,440,547.9260381229611,28.722999995807186,7025.321833993075,335.1832128669866
1777187058,200,GET,trips_per_route,214.000000,92.400000,420,570,680,750,940,1100,1200,1200,1300,1400,1400,118799,50827,440,547.8058833211236,28.722999995807186,7025.321833993075,335.1893366105775
1777187058,200,,Aggregated,214.000000,92.400000,420,570,680,750,940,1100,1200,1200,1300,1400,1400,118799,50827,440,547.8058833211236,28.722999995807186,7025.321833993075,335.1893366105775
1777187059,200,GET,trips_per_route,215.600000,92.900000,410,560,660,730,910,1100,1200,1200,1400,1400,1400,119022,50924,440,547.6950877187071,28.722999995807186,7025.321833993075,335.1932667910134
1777187059,200,,Aggregated,215.600000,92.900000,410,560,660,730,910,1100,1200,1200,1400,1400,1400,119022,50924,440,547.6950877187071,28.722999995807186,7025.321833993075,335.1932667910134
1777187060,200,GET,trips_per_route,216.300000,92.800000,410,550,660,720,890,1100,1200,1200,1500,1600,1600,119231,51014,440,547.6400622852609,28.722999995807186,7025.321833993075,335.1976247787907
1777187060,200,,Aggregated,216.300000,92.800000,410,550,660,720,890,1100,1200,1200,1500,1600,1600,119231,51014,440,547.6400622852609,28.722999995807186,7025.321833993075,335.1976247787907
1777187061,200,GET,trips_per_route,217.700000,92.500000,410,550,650,710,880,1100,1200,1300,1500,1600,1600,119449,51103,440,547.5928161565857,28.722999995807186,7025.321833993075,335.2053344942193
1777187061,200,,Aggregated,217.700000,92.500000,410,550,650,710,880,1100,1200,1300,1500,1600,1600,119449,51103,440,547.5928161565857,28.722999995807186,7025.321833993075,335.2053344942193
1777187062,200,GET,trips_per_route,220.000000,93.500000,410,550,650,700,880,1100,1200,1300,1500,1600,1600,119668,51197,440,547.5804218888942,28.722999995807186,7025.321833993075,335.2100227295518
1777187062,200,,Aggregated,220.000000,93.500000,410,550,650,700,880,1100,1200,1300,1500,1600,1600,119668,51197,440,547.5804218888942,28.722999995807186,7025.321833993075,335.2100227295518
1777187063,200,GET,trips_per_route,217.800000,92.300000,410,550,650,700,870,1100,1300,1400,1600,1600,1600,119870,51293,440,547.5876696248952,28.722999995807186,7025.321833993075,335.20805038792025
1777187063,200,,Aggregated,217.800000,92.300000,410,550,650,700,870,1100,1300,1400,1600,1600,1600,119870,51293,440,547.5876696248952,28.722999995807186,7025.321833993075,335.20805038792025
1777187064,200,GET,trips_per_route,218.800000,92.600000,410,550,660,710,870,1100,1300,1400,1600,1600,1600,120078,51390,440,547.6128773038455,28.722999995807186,7025.321833993075,335.20717367044756
1777187064,200,,Aggregated,218.800000,92.600000,410,550,660,710,870,1100,1300,1400,1600,1600,1600,120078,51390,440,547.6128773038455,28.722999995807186,7025.321833993075,335.20717367044756
1777187065,200,GET,trips_per_route,218.800000,91.600000,420,560,660,710,870,1100,1300,1400,1600,1700,1700,120278,51479,440,547.6562177859288,28.722999995807186,7025.321833993075,335.2092735163538
1777187065,200,,Aggregated,218.800000,91.600000,420,560,660,710,870,1100,1300,1400,1600,1700,1700,120278,51479,440,547.6562177859288,28.722999995807186,7025.321833993075,335.2092735163538
1777187066,200,GET,trips_per_route,218.200000,91.800000,430,570,680,730,890,1100,1400,1400,1700,1700,1700,120486,51571,440,547.7233778304437,28.722999995807186,7025.321833993075,335.2119333366532
1777187066,200,,Aggregated,218.200000,91.800000,430,570,680,730,890,1100,1400,1400,1700,1700,1700,120486,51571,440,547.7233778304437,28.722999995807186,7025.321833993075,335.2119333366532
1777187067,200,GET,trips_per_route,217.900000,92.500000,430,580,690,750,910,1200,1400,1500,1700,1700,1700,120686,51665,440,547.793376093694,28.722999995807186,7025.321833993075,335.2107286677825
1777187067,200,,Aggregated,217.900000,92.500000,430,580,690,750,910,1200,1400,1500,1700,1700,1700,120686,51665,440,547.793376093694,28.722999995807186,7025.321833993075,335.2107286677825
1777187068,200,GET,trips_per_route,215.200000,92.900000,450,600,700,750,920,1200,1400,1500,1700,1700,1700,120894,51755,440,547.8253965463322,28.722999995807186,7025.321833993075,335.21460949261336
1777187068,200,,Aggregated,215.200000,92.900000,450,600,700,750,920,1200,1400,1500,1700,1700,1700,120894,51755,440,547.8253965463322,28.722999995807186,7025.321833993075,335.21460949261336
1777187069,200,GET,trips_per_route,212.300000,92.900000,460,610,710,770,950,1300,1400,1600,1700,1700,1700,121103,51849,440,547.8655896350235,28.722999995807186,7025.321833993075,335.2162209028678
1777187069,200,,Aggregated,212.300000,92.900000,460,610,710,770,950,1300,1400,1600,1700,1700,1700,121103,51849,440,547.8655896350235,28.722999995807186,7025.321833993075,335.2162209028678
1777187070,200,GET,trips_per_route,211.500000,92.800000,460,630,710,770,1000,1300,1400,1500,1700,1700,1700,121302,51947,440,547.9030500815101,28.722999995807186,7025.321833993075,335.21054887800693
1777187070,200,,Aggregated,211.500000,92.800000,460,630,710,770,1000,1300,1400,1500,1700,1700,1700,121302,51947,440,547.9030500815101,28.722999995807186,7025.321833993075,335.21054887800693
1777187071,200,GET,trips_per_route,208.900000,92.800000,470,640,730,790,1000,1300,1400,1600,1700,1700,1700,121506,52041,440,547.9722175851591,28.722999995807186,7025.321833993075,335.2105739634257
1777187071,200,,Aggregated,208.900000,92.800000,470,640,730,790,1000,1300,1400,1600,1700,1700,1700,121506,52041,440,547.9722175851591,28.722999995807186,7025.321833993075,335.2105739634257
1777187072,200,GET,trips_per_route,206.900000,92.700000,480,650,740,820,1000,1300,1400,1600,1700,1700,1700,121716,52135,440,548.0468792833755,28.722999995807186,7025.321833993075,335.2116319957935
1777187072,200,,Aggregated,206.900000,92.700000,480,650,740,820,1000,1300,1400,1600,1700,1700,1700,121716,52135,440,548.0468792833755,28.722999995807186,7025.321833993075,335.2116319957935
1777187073,200,GET,trips_per_route,207.100000,94.000000,480,650,740,820,1000,1300,1400,1600,1700,1700,1700,121920,52228,440,548.0877356198199,28.722999995807186,7025.321833993075,335.21227034120733
1777187073,200,,Aggregated,207.100000,94.000000,480,650,740,820,1000,1300,1400,1600,1700,1700,1700,121920,52228,440,548.0877356198199,28.722999995807186,7025.321833993075,335.21227034120733
1777187074,200,GET,trips_per_route,204.700000,93.900000,470,660,750,830,1000,1300,1400,1600,1700,1700,1700,122122,52328,440,548.1315517748009,28.722999995807186,7025.321833993075,335.2062609521626
1777187074,200,,Aggregated,204.700000,93.900000,470,660,750,830,1000,1300,1400,1600,1700,1700,1700,122122,52328,440,548.1315517748009,28.722999995807186,7025.321833993075,335.2062609521626
1777187075,200,GET,trips_per_route,204.300000,93.800000,460,660,750,820,1000,1300,1400,1500,1700,1700,1700,122324,52429,440,548.1684386322897,28.722999995807186,7025.321833993075,335.19947025931134
1777187075,200,,Aggregated,204.300000,93.800000,460,660,750,820,1000,1300,1400,1500,1700,1700,1700,122324,52429,440,548.1684386322897,28.722999995807186,7025.321833993075,335.19947025931134
1777187076,200,GET,trips_per_route,204.400000,93.900000,470,680,770,840,1100,1300,1400,1500,1700,1700,1700,122529,52523,440,548.3369230267215,28.722999995807186,7025.321833993075,335.19972414693666
1777187076,200,,Aggregated,204.400000,93.900000,470,680,770,840,1100,1300,1400,1500,1700,1700,1700,122529,52523,440,548.3369230267215,28.722999995807186,7025.321833993075,335.19972414693666
1777187077,200,GET,trips_per_route,204.500000,94.300000,460,670,760,830,1000,1300,1400,1500,1700,1700,1700,122727,52616,440,548.3489196421175,28.722999995807186,7025.321833993075,335.19786192117465
1777187077,200,,Aggregated,204.500000,94.300000,460,670,760,830,1000,1300,1400,1500,1700,1700,1700,122727,52616,440,548.3489196421175,28.722999995807186,7025.321833993075,335.19786192117465
1777187078,200,GET,trips_per_route,202.300000,94.100000,460,680,770,850,1000,1300,1400,1500,1700,1700,1700,122937,52702,440,548.39010780216,28.722999995807186,7025.321833993075,335.20392558790275
1777187078,200,,Aggregated,202.300000,94.100000,460,680,770,850,1000,1300,1400,1500,1700,1700,1700,122937,52702,440,548.39010780216,28.722999995807186,7025.321833993075,335.20392558790275
1777187079,200,GET,trips_per_route,202.900000,93.900000,470,680,780,850,1000,1200,1400,1400,1700,1700,1700,123164,52799,440,548.3958503293509,28.722999995807186,7025.321833993075,335.2084375304472
1777187079,200,,Aggregated,202.900000,93.900000,470,680,780,850,1000,1200,1400,1400,1700,1700,1700,123164,52799,440,548.3958503293509,28.722999995807186,7025.321833993075,335.2084375304472
1777187080,200,GET,trips_per_route,202.600000,94.900000,460,680,760,840,1000,1200,1300,1400,1700,1700,1700,123355,52892,440,548.343208001981,28.722999995807186,7025.321833993075,335.204766730169
1777187080,200,,Aggregated,202.600000,94.900000,460,680,760,840,1000,1200,1300,1400,1700,1700,1700,123355,52892,440,548.343208001981,28.722999995807186,7025.321833993075,335.204766730169
1777187081,200,GET,trips_per_route,203.100000,94.600000,470,680,770,830,1000,1200,1300,1400,1600,1700,1700,123574,52991,440,548.433342886305,28.722999995807186,7025.321833993075,335.20492983961026
1777187081,200,,Aggregated,203.100000,94.600000,470,680,770,830,1000,1200,1300,1400,1600,1700,1700,123574,52991,440,548.433342886305,28.722999995807186,7025.321833993075,335.20492983961026
1777187082,200,GET,trips_per_route,205.100000,94.500000,470,670,750,820,1000,1200,1300,1400,1500,1600,1600,123794,53084,440,548.4130571459871,28.722999995807186,7025.321833993075,335.2103898411878
1777187082,200,,Aggregated,205.100000,94.500000,470,670,750,820,1000,1200,1300,1400,1500,1600,1600,123794,53084,440,548.4130571459871,28.722999995807186,7025.321833993075,335.2103898411878
1777187083,200,GET,trips_per_route,203.800000,93.900000,460,650,740,800,990,1200,1300,1400,1500,1600,1600,124018,53177,440,548.2829072923473,28.722999995807186,7025.321833993075,335.21703301133704
1777187083,200,,Aggregated,203.800000,93.900000,460,650,740,800,990,1200,1300,1400,1500,1600,1600,124018,53177,440,548.2829072923473,28.722999995807186,7025.321833993075,335.21703301133704
1777187084,200,GET,trips_per_route,206.400000,94.300000,450,630,720,780,970,1100,1300,1400,1500,1600,1600,124229,53268,440,548.2218374818686,28.722999995807186,7025.321833993075,335.2209789984625
1777187084,200,,Aggregated,206.400000,94.300000,450,630,720,780,970,1100,1300,1400,1500,1600,1600,124229,53268,440,548.2218374818686,28.722999995807186,7025.321833993075,335.2209789984625
1777187085,200,GET,trips_per_route,208.300000,94.800000,450,620,710,770,970,1100,1300,1400,1700,1700,1700,124453,53359,440,548.1847016630862,28.722999995807186,7025.321833993075,335.2288012342009
1777187085,200,,Aggregated,208.300000,94.800000,450,620,710,770,970,1100,1300,1400,1700,1700,1700,124453,53359,440,548.1847016630862,28.722999995807186,7025.321833993075,335.2288012342009
1777187086,200,GET,trips_per_route,209.600000,94.100000,440,600,700,740,940,1100,1200,1400,1700,1700,1700,124675,53454,440,548.1369624426158,28.722999995807186,7025.321833993075,335.2335993583317
1777187086,200,,Aggregated,209.600000,94.100000,440,600,700,740,940,1100,1200,1400,1700,1700,1700,124675,53454,440,548.1369624426158,28.722999995807186,7025.321833993075,335.2335993583317
1777187087,200,GET,trips_per_route,210.400000,92.900000,430,590,690,730,930,1100,1200,1400,1700,1700,1700,124882,53547,440,548.0536308503904,28.722999995807186,7025.321833993075,335.23508592110954
1777187087,200,,Aggregated,210.400000,92.900000,430,590,690,730,930,1100,1200,1400,1700,1700,1700,124882,53547,440,548.0536308503904,28.722999995807186,7025.321833993075,335.23508592110954
1777187088,200,GET,trips_per_route,214.500000,93.000000,430,590,680,720,920,1000,1200,1400,1700,1700,1700,125110,53643,440,548.030498290036,28.722999995807186,7025.321833993075,335.2405722963792
1777187088,200,,Aggregated,214.500000,93.000000,430,590,680,720,920,1000,1200,1400,1700,1700,1700,125110,53643,440,548.030498290036,28.722999995807186,7025.321833993075,335.2405722963792
1777187089,200,GET,trips_per_route,216.200000,93.400000,430,590,680,720,900,1100,1300,1400,1700,1700,1700,125318,53740,440,548.0410075815538,28.722999995807186,7025.321833993075,335.238632917857
1777187089,200,,Aggregated,216.200000,93.400000,430,590,680,720,900,1100,1300,1400,1700,1700,1700,125318,53740,440,548.0410075815538,28.722999995807186,7025.321833993075,335.238632917857
1777187090,200,GET,trips_per_route,216.400000,93.300000,420,590,680,720,910,1100,1300,1500,1700,1700,1700,125519,53834,440,548.0664013020022,28.722999995807186,7025.321833993075,335.2376134290426
1777187090,200,,Aggregated,216.400000,93.300000,420,590,680,720,910,1100,1300,1500,1700,1700,1700,125519,53834,440,548.0664013020022,28.722999995807186,7025.321833993075,335.2376134290426
1777187091,200,GET,trips_per_route,216.800000,93.600000,430,590,680,720,920,1100,1400,1500,1700,1700,1700,125718,53919,440,548.1302411762274,28.722999995807186,7025.321833993075,335.24174740291767
1777187091,200,,Aggregated,216.800000,93.600000,430,590,680,720,920,1100,1400,1500,1700,1700,1700,125718,53919,440,548.1302411762274,28.722999995807186,7025.321833993075,335.24174740291767
1777187092,200,GET,trips_per_route,215.000000,93.400000,430,600,690,730,930,1100,1400,1500,1700,1700,1700,125925,54002,440,548.1511670560393,28.722999995807186,7025.321833993075,335.249553305539
1777187092,200,,Aggregated,215.000000,93.400000,430,600,690,730,930,1100,1400,1500,1700,1700,1700,125925,54002,440,548.1511670560393,28.722999995807186,7025.321833993075,335.249553305539
1777187093,200,GET,trips_per_route,215.100000,93.400000,440,620,700,750,940,1100,1400,1500,1700,1700,1700,126122,54090,440,548.2000693992688,28.722999995807186,7025.321833993075,335.2500594662311
1777187093,200,,Aggregated,215.100000,93.400000,440,620,700,750,940,1100,1400,1500,1700,1700,1700,126122,54090,440,548.2000693992688,28.722999995807186,7025.321833993075,335.2500594662311
1777187094,200,GET,trips_per_route,214.100000,92.400000,440,630,710,760,960,1100,1400,1500,1700,1700,1700,126323,54181,440,548.2508760385006,28.722999995807186,7025.321833993075,335.2510152545459
1777187094,200,,Aggregated,214.100000,92.400000,440,630,710,760,960,1100,1400,1500,1700,1700,1700,126323,54181,440,548.2508760385006,28.722999995807186,7025.321833993075,335.2510152545459
1777187095,200,GET,trips_per_route,212.400000,91.600000,460,640,730,780,970,1100,1400,1500,1900,1900,1900,126536,54269,440,548.3649919787069,28.722999995807186,7025.321833993075,335.25742081304924
1777187095,200,,Aggregated,212.400000,91.600000,460,640,730,780,970,1100,1400,1500,1900,1900,1900,126536,54269,440,548.3649919787069,28.722999995807186,7025.321833993075,335.25742081304924
1777187096,200,GET,trips_per_route,210.400000,91.500000,470,650,730,780,970,1100,1500,1600,1900,1900,1900,126752,54356,440,548.3606190702905,28.722999995807186,7025.321833993075,335.26509246402424
1777187096,200,,Aggregated,210.400000,91.500000,470,650,730,780,970,1100,1500,1600,1900,1900,1900,126752,54356,440,548.3606190702905,28.722999995807186,7025.321833993075,335.26509246402424
1777187097,200,GET,trips_per_route,208.700000,91.500000,480,650,730,780,960,1100,1500,1600,1900,1900,1900,126950,54436,440,548.3095125549846,28.722999995807186,7025.321833993075,335.27204411185505
1777187097,200,,Aggregated,208.700000,91.500000,480,650,730,780,960,1100,1500,1600,1900,1900,1900,126950,54436,440,548.3095125549846,28.722999995807186,7025.321833993075,335.27204411185505
1777187098,200,GET,trips_per_route,208.000000,90.600000,490,660,740,790,960,1100,1500,1600,1900,1900,1900,127167,54520,440,548.361846857779,28.722999995807186,7025.321833993075,335.2811893022561
1777187098,200,,Aggregated,208.000000,90.600000,490,660,740,790,960,1100,1500,1600,1900,1900,1900,127167,54520,440,548.361846857779,28.722999995807186,7025.321833993075,335.2811893022561
1777187099,200,GET,trips_per_route,206.900000,89.700000,490,660,740,800,960,1100,1500,1600,1900,1900,1900,127372,54613,440,548.3947785115411,28.722999995807186,7025.321833993075,335.28120780077256
1777187099,200,,Aggregated,206.900000,89.700000,490,660,740,800,960,1100,1500,1600,1900,1900,1900,127372,54613,440,548.3947785115411,28.722999995807186,7025.321833993075,335.28120780077256
1777187100,200,GET,trips_per_route,206.000000,88.800000,490,660,740,800,960,1100,1500,1600,1900,1900,1900,127577,54700,440,548.4023288685809,28.722999995807186,7025.321833993075,335.2853022096459
1777187100,200,,Aggregated,206.000000,88.800000,490,660,740,800,960,1100,1500,1600,1900,1900,1900,127577,54700,440,548.4023288685809,28.722999995807186,7025.321833993075,335.2853022096459
1777187101,200,GET,trips_per_route,206.300000,87.900000,490,650,730,790,940,1100,1500,1600,1900,1900,1900,127783,54783,440,548.420953988621,28.722999995807186,7025.321833993075,335.29165851482594
1777187101,200,,Aggregated,206.300000,87.900000,490,650,730,790,940,1100,1500,1600,1900,1900,1900,127783,54783,440,548.420953988621,28.722999995807186,7025.321833993075,335.29165851482594
1777187102,200,GET,trips_per_route,206.300000,87.000000,490,660,730,780,940,1000,1500,1600,1900,1900,1900,127992,54871,440,548.4269774437929,28.722999995807186,7025.321833993075,335.2963778986187
1777187102,200,,Aggregated,206.300000,87.000000,490,660,730,780,940,1000,1500,1600,1900,1900,1900,127992,54871,440,548.4269774437929,28.722999995807186,7025.321833993075,335.2963778986187
1777187103,200,GET,trips_per_route,207.100000,86.700000,490,650,730,780,940,1000,1600,1700,1900,1900,1900,128207,54957,440,548.4840698453368,28.722999995807186,7025.321833993075,335.3039927617057
1777187103,200,,Aggregated,207.100000,86.700000,490,650,730,780,940,1000,1600,1700,1900,1900,1900,128207,54957,440,548.4840698453368,28.722999995807186,7025.321833993075,335.3039927617057
1777187104,200,GET,trips_per_route,207.100000,86.800000,490,650,730,780,930,1000,1500,1700,1900,1900,1900,128424,55047,440,548.5055398292938,28.722999995807186,7025.321833993075,335.3085949666729
1777187104,200,,Aggregated,207.100000,86.800000,490,650,730,780,930,1000,1500,1700,1900,1900,1900,128424,55047,440,548.5055398292938,28.722999995807186,7025.321833993075,335.3085949666729
1777187105,200,GET,trips_per_route,206.900000,86.900000,470,650,720,770,920,1000,1600,1700,1900,1900,1900,128619,55142,440,548.4789001579032,28.722999995807186,7025.321833993075,335.3045584244941
1777187105,200,,Aggregated,206.900000,86.900000,470,650,720,770,920,1000,1600,1700,1900,1900,1900,128619,55142,440,548.4789001579032,28.722999995807186,7025.321833993075,335.3045584244941
1777187106,200,GET,trips_per_route,206.400000,86.000000,470,640,720,770,930,1000,1500,1700,1900,2000,2000,128831,55234,440,548.5202587775633,28.722999995807186,7025.321833993075,335.30702237815433
1777187106,200,,Aggregated,206.400000,86.000000,470,640,720,770,930,1000,1500,1700,1900,2000,2000,128831,55234,440,548.5202587775633,28.722999995807186,7025.321833993075,335.30702237815433
1777187107,200,GET,trips_per_route,208.400000,85.500000,480,650,730,770,940,1100,1600,1700,1900,2000,2000,129037,55317,440,548.5557805202329,28.722999995807186,7025.321833993075,335.31429744956876
1777187107,200,,Aggregated,208.400000,85.500000,480,650,730,770,940,1100,1600,1700,1900,2000,2000,129037,55317,440,548.5557805202329,28.722999995807186,7025.321833993075,335.31429744956876
1777187108,200,GET,trips_per_route,207.600000,86.900000,470,640,720,770,940,1100,1400,1700,1900,2000,2000,129248,55409,440,548.5617380057806,28.722999995807186,7025.321833993075,335.3170726046051
1777187108,200,,Aggregated,207.600000,86.900000,470,640,720,770,940,1100,1400,1700,1900,2000,2000,129248,55409,440,548.5617380057806,28.722999995807186,7025.321833993075,335.3170726046051
1777187109,200,GET,trips_per_route,207.000000,87.800000,470,630,710,760,950,1100,1400,1700,1900,2000,2000,129456,55507,440,548.5675181237172,28.722999995807186,7025.321833993075,335.3137359411692
1777187109,200,,Aggregated,207.000000,87.800000,470,630,710,760,950,1100,1400,1700,1900,2000,2000,129456,55507,440,548.5675181237172,28.722999995807186,7025.321833993075,335.3137359411692
1777187110,200,GET,trips_per_route,207.000000,87.400000,450,620,710,760,970,1200,1400,1700,1900,2000,2000,129673,55605,440,548.5697165808133,28.722999995807186,7025.321833993075,335.3141209041204
1777187110,200,,Aggregated,207.000000,87.400000,450,620,710,760,970,1200,1400,1700,1900,2000,2000,129673,55605,440,548.5697165808133,28.722999995807186,7025.321833993075,335.3141209041204
1777187111,200,GET,trips_per_route,207.800000,88.700000,450,610,700,770,990,1200,1400,1600,1900,2000,2000,129886,55688,440,548.564351604313,28.722999995807186,7025.321833993075,335.32320650416517
1777187111,200,,Aggregated,207.800000,88.700000,450,610,700,770,990,1200,1400,1600,1900,2000,2000,129886,55688,440,548.564351604313,28.722999995807186,7025.321833993075,335.32320650416517
1777187112,200,GET,trips_per_route,208.400000,90.100000,450,600,710,780,1000,1200,1400,1500,1900,2000,2000,130087,55784,440,548.5932094355763,28.722999995807186,7025.321833993075,335.3209928739997
1777187112,200,,Aggregated,208.400000,90.100000,450,600,710,780,1000,1200,1400,1500,1900,2000,2000,130087,55784,440,548.5932094355763,28.722999995807186,7025.321833993075,335.3209928739997
1777187113,200,GET,trips_per_route,208.400000,90.000000,450,610,720,780,1000,1200,1400,1500,1900,2000,2000,130298,55872,440,548.6673670608689,28.722999995807186,7025.321833993075,335.3264823711799
1777187113,200,,Aggregated,208.400000,90.000000,450,610,720,780,1000,1200,1400,1500,1900,2000,2000,130298,55872,440,548.6673670608689,28.722999995807186,7025.321833993075,335.3264823711799
1777187114,200,GET,trips_per_route,208.400000,90.200000,440,610,710,770,1000,1200,1400,1400,1900,2000,2000,130503,55960,440,548.6393055217131,28.722999995807186,7025.321833993075,335.32954031708084
1777187114,200,,Aggregated,208.400000,90.200000,440,610,710,770,1000,1200,1400,1400,1900,2000,2000,130503,55960,440,548.6393055217131,28.722999995807186,7025.321833993075,335.32954031708084
1777187115,200,GET,trips_per_route,208.400000,90.300000,430,590,700,770,1000,1200,1400,1400,1900,2000,2000,130729,56046,440,548.5868097683481,28.722999995807186,7025.321833993075,335.34016935798485
1777187115,200,,Aggregated,208.400000,90.300000,430,590,700,770,1000,1200,1400,1400,1900,2000,2000,130729,56046,440,548.5868097683481,28.722999995807186,7025.321833993075,335.34016935798485
1777187116,200,GET,trips_per_route,210.000000,91.000000,430,590,700,770,1000,1200,1300,1400,1500,1500,1500,130958,56131,440,548.5216840596552,28.722999995807186,7025.321833993075,335.3525557812428
1777187116,200,,Aggregated,210.000000,91.000000,430,590,700,770,1000,1200,1300,1400,1500,1500,1500,130958,56131,440,548.5216840596552,28.722999995807186,7025.321833993075,335.3525557812428
1777187117,200,GET,trips_per_route,209.800000,91.900000,420,590,690,770,1000,1200,1300,1400,1500,1500,1500,131179,56224,440,548.4491657467164,28.722999995807186,7025.321833993075,335.3578697809863
1777187117,200,,Aggregated,209.800000,91.900000,420,590,690,770,1000,1200,1300,1400,1500,1500,1500,131179,56224,440,548.4491657467164,28.722999995807186,7025.321833993075,335.3578697809863
1777187118,200,GET,trips_per_route,210.800000,90.500000,410,570,680,760,980,1100,1300,1400,1500,1500,1500,131383,56310,440,548.3430558005277,28.722999995807186,7025.321833993075,335.3624213178265
1777187118,200,,Aggregated,210.800000,90.500000,410,570,680,760,980,1100,1300,1400,1500,1500,1500,131383,56310,440,548.3430558005277,28.722999995807186,7025.321833993075,335.3624213178265
1777187119,200,GET,trips_per_route,212.100000,90.000000,410,560,680,760,980,1100,1300,1300,1400,1400,1400,131618,56399,440,548.3075515730796,28.722999995807186,7025.321833993075,335.37414335425245
1777187119,200,,Aggregated,212.100000,90.000000,410,560,680,760,980,1100,1300,1300,1400,1400,1400,131618,56399,440,548.3075515730796,28.722999995807186,7025.321833993075,335.37414335425245
1777187120,200,GET,trips_per_route,214.200000,89.900000,410,560,670,740,940,1100,1300,1300,1400,1500,1500,131836,56492,440,548.2325136681161,28.722999995807186,7025.321833993075,335.37850056130344
1777187120,200,,Aggregated,214.200000,89.900000,410,560,670,740,940,1100,1300,1300,1400,1500,1500,131836,56492,440,548.2325136681161,28.722999995807186,7025.321833993075,335.37850056130344
1777187121,200,GET,trips_per_route,214.800000,89.900000,400,560,670,720,930,1100,1300,1300,1400,1500,1500,132058,56589,440,548.1505604086585,28.722999995807186,7025.321833993075,335.378470066183
1777187121,200,,Aggregated,214.800000,89.900000,400,560,670,720,930,1100,1300,1300,1400,1500,1500,132058,56589,440,548.1505604086585,28.722999995807186,7025.321833993075,335.378470066183
1777187122,200,GET,trips_per_route,215.700000,88.600000,400,540,650,710,910,1100,1300,1400,1500,1500,1500,132272,56679,440,548.144636762304,28.722999995807186,7025.321833993075,335.3835505624773
1777187122,200,,Aggregated,215.700000,88.600000,400,540,650,710,910,1100,1300,1400,1500,1500,1500,132272,56679,440,548.144636762304,28.722999995807186,7025.321833993075,335.3835505624773
1777187123,200,GET,trips_per_route,217.200000,88.700000,390,520,630,700,910,1100,1300,1300,1500,1500,1500,132499,56779,440,548.0945851873701,28.722999995807186,7025.321833993075,335.38602555490985
1777187123,200,,Aggregated,217.200000,88.700000,390,520,630,700,910,1100,1300,1300,1500,1500,1500,132499,56779,440,548.0945851873701,28.722999995807186,7025.321833993075,335.38602555490985
1777187124,200,GET,trips_per_route,217.500000,89.100000,380,510,620,680,910,1100,1300,1300,1500,1500,1500,132718,56885,440,547.9930019753266,28.722999995807186,7025.321833993075,335.3809505869588
1777187124,200,,Aggregated,217.500000,89.100000,380,510,620,680,910,1100,1300,1300,1500,1500,1500,132718,56885,440,547.9930019753266,28.722999995807186,7025.321833993075,335.3809505869588
1777187125,200,GET,trips_per_route,218.500000,90.000000,390,520,630,690,910,1100,1300,1300,1500,1500,1500,132932,56986,440,547.9567031529841,28.722999995807186,7025.321833993075,335.37918635091626
1777187125,200,,Aggregated,218.500000,90.000000,390,520,630,690,910,1100,1300,1300,1500,1500,1500,132932,56986,440,547.9567031529841,28.722999995807186,7025.321833993075,335.37918635091626
1777187126,200,GET,trips_per_route,219.500000,91.400000,390,520,640,700,930,1100,1300,1300,1500,1500,1500,133157,57093,440,547.9370418866262,28.722999995807186,7025.321833993075,335.37698356075913
1777187126,200,,Aggregated,219.500000,91.400000,390,520,640,700,930,1100,1300,1300,1500,1500,1500,133157,57093,440,547.9370418866262,28.722999995807186,7025.321833993075,335.37698356075913
1777187127,200,GET,trips_per_route,219.000000,92.300000,380,530,650,710,910,1100,1300,1300,1500,1500,1500,133362,57194,440,547.8943433289802,28.722999995807186,7025.321833993075,335.3713276645521
1777187127,200,,Aggregated,219.000000,92.300000,380,530,650,710,910,1100,1300,1300,1500,1500,1500,133362,57194,440,547.8943433289802,28.722999995807186,7025.321833993075,335.3713276645521
1777187128,200,GET,trips_per_route,219.300000,94.000000,390,540,660,710,920,1100,1300,1300,1500,1500,1500,133579,57293,440,547.8544451853463,28.722999995807186,7025.321833993075,335.37000576437913
1777187128,200,,Aggregated,219.300000,94.000000,390,540,660,710,920,1100,1300,1300,1500,1500,1500,133579,57293,440,547.8544451853463,28.722999995807186,7025.321833993075,335.37000576437913
1777187129,200,GET,trips_per_route,218.000000,95.100000,390,540,670,720,920,1100,1300,1300,1500,1500,1500,133803,57397,440,547.8076056154448,28.722999995807186,7025.321833993075,335.36677055073505
1777187129,200,,Aggregated,218.000000,95.100000,390,540,670,720,920,1100,1300,1300,1500,1500,1500,133803,57397,440,547.8076056154448,28.722999995807186,7025.321833993075,335.36677055073505
1777187130,200,GET,trips_per_route,218.000000,97.300000,380,550,680,730,920,1100,1200,1300,1500,1500,1500,134018,57504,440,547.7725657708536,28.722999995807186,7025.321833993075,335.3588398573326
1777187130,200,,Aggregated,218.000000,97.300000,380,550,680,730,920,1100,1200,1300,1500,1500,1500,134018,57504,440,547.7725657708536,28.722999995807186,7025.321833993075,335.3588398573326
1777187131,200,GET,trips_per_route,217.700000,98.300000,380,560,690,740,910,1100,1200,1300,1500,1500,1500,134244,57621,440,547.7044019759699,28.722999995807186,7025.321833993075,335.3481123923602
1777187131,200,,Aggregated,217.700000,98.300000,380,560,690,740,910,1100,1200,1300,1500,1500,1500,134244,57621,440,547.7044019759699,28.722999995807186,7025.321833993075,335.3481123923602
1777187132,200,GET,trips_per_route,216.600000,99.700000,390,560,690,730,910,1100,1100,1200,1500,1500,1500,134448,57718,440,547.6373040182964,28.722999995807186,7025.321833993075,335.34480988932523
1777187132,200,,Aggregated,216.600000,99.700000,390,560,690,730,910,1100,1100,1200,1500,1500,1500,134448,57718,440,547.6373040182964,28.722999995807186,7025.321833993075,335.34480988932523
1777187133,200,GET,trips_per_route,217.100000,101.700000,390,580,690,740,930,1100,1100,1200,1300,1400,1400,134675,57821,440,547.6369682722524,28.722999995807186,7025.321833993075,335.34373863003526
1777187133,200,,Aggregated,217.100000,101.700000,390,580,690,740,930,1100,1100,1200,1300,1400,1400,134675,57821,440,547.6369682722524,28.722999995807186,7025.321833993075,335.34373863003526
