Timestamp,User Count,Type,Name,Requests/s,Failures/s,50%,66%,75%,80%,90%,95%,98%,99%,99.9%,99.99%,100%,Total Request Count,Total Failure Count,Total Median Response Time,Total Average Response Time,Total Min Response Time,Total Max Response Time,Total Average Content Size
1777163905,0,,Aggregated,0.000000,0.000000,N/A,N/A,N/A,N/A,N/A,N/A,N/A,N/A,N/A,N/A,N/A,0,0,0,0.0,0,0,0
1777163906,20,GET,next_departures,0.000000,0.000000,0,0,0,0,0,0,0,0,0,0,0,2,0,893.5265410109423,916.6449579934124,893.5265410109423,939.7633749758825,86.0
1777163906,20,GET,point_read,0.000000,0.000000,0,0,0,0,0,0,0,0,0,0,0,12,0,390,354.1527950874297,132.39291601348668,409.5413329778239,81.33333333333333
1777163906,20,GET,trips_per_route,0.000000,0.000000,0,0,0,0,0,0,0,0,0,0,0,1,0,643.5424159863032,643.5424159863032,643.5424159863032,643.5424159863032,372.0
1777163906,20,,Aggregated,0.000000,0.000000,0,0,0,0,0,0,0,0,0,0,0,15,0,400,448.444391534819,132.39291601348668,939.7633749758825,101.33333333333333
1777163907,40,GET,bulk_update_departures,0.000000,0.000000,0,0,0,0,0,0,0,0,0,0,0,1,0,807.5684579962399,807.5684579962399,807.5684579962399,807.5684579962399,108.0
1777163907,40,GET,large_scan,0.000000,0.000000,0,0,0,0,0,0,0,0,0,0,0,2,0,1045.9252910222858,1296.8121870071627,1045.9252910222858,1547.6990829920396,332473.5
1777163907,40,GET,next_departures,0.000000,0.000000,0,0,0,0,0,0,0,0,0,0,0,18,0,890,920.8541457224378,430.8590829896275,1434.360209008446,86.33333333333333
1777163907,40,GET,point_read,0.000000,0.000000,0,0,0,0,0,0,0,0,0,0,0,42,0,190,238.6721725238853,119.93733400595374,409.5413329778239,81.14285714285714
1777163907,40,GET,trips_per_route,0.000000,0.000000,0,0,0,0,0,0,0,0,0,0,0,4,0,290,416.1470309991273,281.56566599500366,643.5424159863032,372.75
1777163907,40,,Aggregated,0.000000,0.000000,310,430,590,810,1300,1400,1400,1500,1500,1500,1500,67,0,310,472.6177138061812,119.93733400595374,1547.6990829920396,10022.507462686568
1777163908,60,GET,bulk_update_departures,0.000000,0.000000,0,0,0,0,0,0,0,0,0,0,0,3,0,880,891.649569326546,807.5684579962399,985.4872500000056,108.0
1777163908,60,GET,large_scan,0.000000,0.000000,0,0,0,0,0,0,0,0,0,0,0,4,0,1000,1276.5531039985945,980.9243749768939,1547.6990829920396,332473.25
1777163908,60,GET,next_departures,0.000000,0.000000,840,1000,1200,1300,1400,1400,1400,1400,1400,1400,1400,29,0,890,876.7025157245246,404.25983400200494,1434.360209008446,86.34482758620689
1777163908,60,GET,point_read,0.000000,0.000000,160,240,250,260,270,300,300,310,310,310,310,68,0,160,215.59047722129276,117.9582080221735,409.5413329778239,81.20588235294117
1777163908,60,GET,trips_per_route,0.000000,0.000000,450,450,510,510,510,510,510,510,510,510,510,5,0,450,434.8030082008336,281.56566599500366,643.5424159863032,372.6
1777163908,60,,Aggregated,0.000000,0.000000,290,430,590,840,1000,1300,1400,1500,1500,1500,1500,109,0,290,459.07983093612205,117.9582080221735,1547.6990829920396,12294.550458715596
1777163909,80,GET,bulk_update_departures,0.000000,0.000000,990,1500,1600,1600,1800,1800,1800,1800,1800,1800,1800,8,2,880,1090.8865726232762,362.10670799482614,1801.7525410105009,154.625
1777163909,80,GET,large_scan,0.000000,0.000000,980,980,1200,1200,1500,1500,1500,1500,1500,1500,1500,8,3,980,1048.8903488731012,512.1248750074301,1547.6990829920396,207905.5
1777163909,80,GET,next_departures,1.000000,0.000000,980,1000,1300,1300,1500,1800,1800,1800,1800,1800,1800,38,1,940,967.5668355017766,404.25983400200494,1844.0939589927439,91.71052631578948
1777163909,80,GET,point_read,7.000000,0.000000,210,260,280,300,360,520,770,780,780,780,780,88,9,240,253.73128117081995,117.9582080221735,776.905083010206,102.70454545454545
1777163909,80,GET,trips_per_route,1.000000,0.000000,410,450,510,510,780,780,780,780,780,780,780,9,2,410,450.40040278238143,281.56566599500366,782.8253750049043,354.8888888888889
1777163909,80,,Aggregated,9.000000,0.000000,360,530,780,890,1200,1500,1800,1800,1800,1800,1800,151,17,360,531.5742482722657,117.9582080221735,1844.0939589927439,11127.139072847682
1777163910,100,GET,bulk_update_departures,0.333333,0.000000,1600,1800,2000,2000,2100,2200,2200,2200,2200,2200,2200,13,3,1500,1341.1227528458066,362.10670799482614,2160.526291001588,151.23076923076923
1777163910,100,GET,large_scan,0.666667,0.000000,1200,1500,2700,2700,2800,2900,2900,2900,2900,2900,2900,14,5,1000,1440.4043600724046,512.1248750074301,2925.754500000039,213837.2142857143
1777163910,100,GET,next_departures,7.000000,0.000000,1000,1400,1800,2000,2100,2300,2400,2600,2600,2600,2600,66,11,980,1184.4321060762563,378.3317919878755,2599.1017920023296,119.98484848484848
1777163910,100,GET,point_read,14.000000,0.000000,260,300,350,360,520,740,750,770,780,780,780,117,21,260,293.0632189406743,117.9582080221735,776.905083010206,118.98290598290598
1777163910,100,GET,trips_per_route,1.333333,0.000000,450,500,510,560,780,780,780,780,780,780,780,12,2,450,463.1385173367259,281.56566599500366,782.8253750049043,359.3333333333333
1777163910,100,,Aggregated,23.333333,0.000000,420,750,920,1000,1800,2100,2400,2700,2900,2900,2900,222,42,410,700.9857416808184,117.9582080221735,2925.754500000039,13611.887387387387
1777163911,120,GET,bulk_update_departures,0.750000,0.000000,1600,2000,2100,2200,2200,2200,2200,2200,2200,2200,2200,16,4,1500,1390.369197622931,362.10670799482614,2244.0065830014646,154.8125
1777163911,120,GET,large_scan,1.000000,0.000000,2400,2800,3000,3000,3100,3200,3200,3200,3200,3200,3200,22,6,1500,1868.769560546339,512.1248750074301,3237.088499998208,241878.68181818182
1777163911,120,GET,next_departures,7.500000,0.000000,1000,1700,1900,2000,2200,2300,2400,2500,2600,2600,2600,111,28,1000,1245.9581471900435,358.0996250093449,2599.1017920023296,137.9009009009009
1777163911,120,GET,point_read,17.000000,0.000000,270,340,390,450,590,780,800,810,810,810,810,160,39,270,322.74313691250427,117.9582080221735,808.2812920038123,132.25
1777163911,120,GET,trips_per_route,1.250000,0.000000,450,510,560,780,810,810,810,810,810,810,810,20,8,450,510.5832855027984,281.56566599500366,808.9850000105798,340.35
1777163911,120,,Aggregated,27.500000,0.000000,490,800,990,1400,2100,2300,2800,3000,3200,3200,3200,329,85,490,800.9445575931242,117.9582080221735,3237.088499998208,16313.31914893617
1777163912,140,GET,bulk_update_departures,1.800000,0.400000,1600,2000,2100,2200,2200,2200,2200,2200,2200,2200,2200,16,4,1500,1390.369197622931,362.10670799482614,2244.0065830014646,154.8125
1777163912,140,GET,large_scan,1.600000,0.600000,1500,2400,2800,3000,3000,3100,3200,3200,3200,3200,3200,31,12,1500,1638.2361007112663,398.2620830065571,3237.088499998208,203886.96774193548
1777163912,140,GET,next_departures,8.200000,0.200000,920,1400,1800,2000,2200,2300,2400,2500,2600,2600,2600,146,54,900,1133.1963353564688,358.0996250093449,2599.1017920023296,161.58219178082192
1777163912,140,GET,point_read,18.200000,1.800000,290,350,440,480,740,800,810,900,900,900,900,209,63,300,345.7595697079415,117.9582080221735,897.6465410087258,143.57894736842104
1777163912,140,GET,trips_per_route,1.800000,0.400000,500,560,630,770,800,810,810,810,810,810,810,28,13,480,530.3163021110647,281.56566599500366,808.9850000105798,333.5357142857143
1777163912,140,,Aggregated,31.600000,3.400000,460,750,880,1100,2000,2200,2700,3000,3200,3200,3200,430,146,450,757.1872041258841,117.9582080221735,3237.088499998208,14850.95581395349
1777163913,160,GET,bulk_update_departures,2.166667,0.500000,1500,2000,2200,2200,2200,2300,2600,2600,2600,2600,2600,24,9,990,1324.3199616651207,362.10670799482614,2642.8443749900907,175.75
1777163913,160,GET,large_scan,2.333333,0.833333,880,1900,2700,2800,3000,3000,3200,3200,3200,3200,3200,44,22,880,1443.4729686604855,305.717207986163,3237.088499998208,166380.56818181818
1777163913,160,GET,next_departures,11.000000,1.833333,780,1300,1800,2000,2200,2400,2500,2700,2800,2800,2800,198,90,780,1089.848303682179,211.7593750008382,2792.724500002805,178.2070707070707
1777163913,160,GET,point_read,19.500000,3.500000,330,410,480,510,740,780,800,890,900,900,900,270,110,340,366.5237832773494,117.9582080221735,897.6465410087258,165.11111111111111
1777163913,160,GET,trips_per_route,2.000000,0.333333,480,560,580,630,780,810,810,810,810,810,810,34,17,450,513.4628737971926,281.56566599500366,808.9850000105798,329.5882352941176
1777163913,160,,Aggregated,37.000000,7.000000,460,650,800,1000,2000,2300,2700,3000,3200,3200,3200,570,248,460,750.0098474106748,117.9582080221735,3237.088499998208,13010.585964912281
1777163914,180,GET,bulk_update_departures,2.285714,0.571429,770,1800,2000,2200,2200,2300,2600,2600,2600,2600,2600,30,15,770,1135.3472331655212,239.20670797815546,2642.8443749900907,194.2
1777163914,180,GET,large_scan,3.142857,0.857143,780,2000,2700,2800,3000,3100,3200,3400,3400,3400,3400,57,30,810,1429.3815737386979,240.08116699405946,3360.13433302287,157636.87719298244
1777163914,180,GET,next_departures,15.857143,4.000000,730,1200,1800,2000,2300,2500,2700,2800,2900,2900,2900,262,136,730,1068.6897115343347,211.7593750008382,2928.6277079954743,188.99618320610688
1777163914,180,GET,point_read,22.857143,5.571429,350,420,480,500,680,780,800,810,900,900,900,333,155,350,371.19101274474707,117.9582080221735,897.6465410087258,175.9009009009009
1777163914,180,GET,trips_per_route,2.857143,1.142857,480,560,590,770,810,960,1100,1100,1100,1100,1100,41,20,480,537.554290686541,281.56566599500366,1139.4072920084,331.0
1777163914,180,,Aggregated,47.000000,12.142857,460,640,780,960,2000,2400,2800,3000,3400,3400,3400,723,356,460,748.5175716213223,117.9582080221735,3360.13433302287,12604.136929460581
1777163915,200,GET,bulk_update_departures,2.000000,0.500000,490,1500,2000,2100,2200,2300,2600,2600,2600,2600,2600,39,23,490,984.6372145626586,204.84737498918548,2642.8443749900907,207.2051282051282
1777163915,200,GET,large_scan,3.875000,1.500000,740,1800,2500,2800,3000,3100,3400,3600,3600,3600,3600,72,42,740,1305.284139404749,208.3244170062244,3559.5952500007115,138695.72222222222
1777163915,200,GET,next_departures,18.250000,6.750000,540,950,1500,1900,2400,2700,2900,3200,3400,3400,3400,355,212,550,993.119266898286,194.7728749946691,3429.202290979447,202.43661971830986
1777163915,200,GET,point_read,26.250000,7.875000,350,410,460,490,640,770,800,810,900,900,900,423,227,350,364.01338797635356,117.9582080221735,897.6465410087258,188.97163120567376
1777163915,200,GET,trips_per_route,3.500000,1.625000,470,520,570,590,800,810,1100,1100,1100,1100,1100,50,29,450,505.20557920332067,210.1029170153197,1139.4072920084,320.1
1777163915,200,,Aggregated,53.875000,18.250000,430,520,740,800,2000,2500,2900,3100,3600,3600,3600,939,533,430,707.323313342003,117.9582080221735,3559.5952500007115,10822.127795527156
1777163916,220,GET,bulk_update_departures,2.666667,1.000000,420,770,1600,2000,2200,2200,2600,2600,2600,2600,2600,51,34,420,868.3302343718013,202.98220799304545,2642.8443749900907,219.80392156862746
1777163916,220,GET,large_scan,4.888889,2.444444,500,810,1900,2500,3000,3100,3400,3600,3600,3600,3600,94,62,500,1122.866843490517,208.3244170062244,3559.5952500007115,113367.08510638298
1777163916,220,GET,next_departures,22.222222,10.111111,490,790,1400,1900,2400,2700,2900,3100,3400,3400,3400,454,290,490,933.6696535481975,194.7728749946691,3429.202290979447,208.6123348017621
1777163916,220,GET,point_read,30.666667,12.333333,340,390,430,470,570,750,790,800,900,900,900,526,318,340,351.7907350151463,117.9582080221735,897.6465410087258,200.59695817490496
1777163916,220,GET,trips_per_route,3.777778,1.888889,440,500,560,570,780,810,960,1100,1100,1100,1100,59,38,440,472.1215826980138,198.68816700181924,1139.4072920084,312.6779661016949
1777163916,220,,Aggregated,64.222222,27.777778,400,490,640,780,2000,2500,2800,3100,3400,3600,3600,1184,742,400,664.3728445516064,117.9582080221735,3559.5952500007115,9194.58445945946
1777163917,240,GET,bulk_update_departures,3.000000,1.500000,410,650,1600,2000,2200,2300,2600,2700,2700,2700,2700,62,42,410,874.1047834994407,202.98220799304545,2710.9972079924773,222.30645161290323
1777163917,240,GET,large_scan,5.700000,3.000000,420,650,1200,1900,2900,3000,3200,3400,3600,3600,3600,123,89,420,965.0448760172973,192.66066700220108,3559.5952500007115,92103.49593495936
1777163917,240,GET,next_departures,26.200000,13.600000,420,680,1200,1900,2400,2700,2900,3100,3400,3400,3400,564,378,440,885.3880919661399,185.32237500767224,3429.202290979447,212.93085106382978
1777163917,240,GET,point_read,33.300000,15.500000,330,360,410,440,520,680,780,800,900,900,900,660,432,330,334.42167960011193,117.9582080221735,897.6465410087258,208.56969696969696
1777163917,240,GET,trips_per_route,4.100000,2.000000,410,470,520,560,780,810,960,1100,1100,1100,1100,73,49,410,441.935445796794,198.68816700181924,1139.4072920084,308.16438356164383
1777163917,240,,Aggregated,72.300000,35.600000,360,450,530,680,2000,2500,2800,3000,3400,3600,3600,1482,990,360,624.3141000507663,117.9582080221735,3559.5952500007115,7842.61673414305
1777163918,260,GET,bulk_update_departures,3.900000,2.300000,390,570,2000,2100,2200,2500,2700,2800,2800,2800,2800,80,53,390,912.6513540741144,202.98220799304545,2843.376124976203,217.275
1777163918,260,GET,large_scan,7.200000,4.200000,370,470,770,1700,2800,3000,3200,3400,3600,3600,3600,153,116,380,868.2993940719529,192.66066700220108,3559.5952500007115,80610.04575163398
1777163918,260,GET,next_departures,35.500000,21.200000,380,520,830,1600,2400,2600,2800,3000,3400,3400,3400,692,493,390,808.4065526763565,185.32237500767224,3429.202290979447,219.07803468208093
1777163918,260,GET,point_read,42.300000,22.700000,330,360,390,420,500,650,780,800,900,900,900,798,561,320,325.0381891594317,117.9582080221735,897.6465410087258,216.7731829573935
1777163918,260,GET,trips_per_route,5.000000,2.900000,390,450,500,560,770,810,960,1100,1100,1100,1100,80,56,390,427.0820719022595,198.68816700181924,1139.4072920084,303.7125
1777163918,260,,Aggregated,93.900000,53.300000,350,410,490,590,1800,2400,2700,3000,3400,3600,3600,1803,1279,350,587.2580647656039,117.9582080221735,3559.5952500007115,7043.595673876872
1777163919,280,GET,bulk_update_departures,5.100000,3.400000,360,490,2000,2100,2200,2500,2700,2800,2800,2800,2800,87,58,390,894.8308294010081,189.799874991877,2843.376124976203,216.32183908045977
1777163919,280,GET,large_scan,9.400000,6.200000,350,430,650,1300,2700,3000,3100,3400,3600,3600,3600,184,143,360,810.0615849021858,192.66066700220108,3559.5952500007115,74294.68478260869
1777163919,280,GET,next_departures,45.300000,29.000000,360,470,750,1200,2300,2600,2700,2900,3400,3400,3400,800,585,370,770.7164224316148,185.32237500767224,3429.202290979447,221.58375
1777163919,280,GET,point_read,51.300000,31.900000,320,350,370,390,480,600,780,800,900,900,900,972,715,310,314.0117308727517,117.9582080221735,897.6465410087258,221.3179012345679
1777163919,280,GET,trips_per_route,5.800000,3.900000,360,430,470,520,590,800,960,1100,1100,1100,1100,92,67,360,412.0874832743025,198.68816700181924,1139.4072920084,301.4891304347826
1777163919,280,,Aggregated,116.900000,74.400000,340,380,450,510,1600,2400,2700,2900,3400,3600,3600,2135,1568,340,555.7874485221228,117.9582080221735,3559.5952500007115,6608.509133489461
1777163920,300,GET,bulk_update_departures,6.100000,4.200000,340,420,650,2000,2200,2400,2700,2800,2800,2800,2800,112,78,360,842.484410668216,189.799874991877,2843.376124976203,219.50892857142858
1777163920,300,GET,large_scan,12.100000,8.900000,350,400,490,680,2600,3000,3100,3200,3600,3600,3600,215,170,350,778.059623632201,192.66066700220108,3559.5952500007115,69800.69767441861
1777163920,300,GET,next_departures,54.300000,37.800000,350,420,560,920,2300,2500,2700,2900,3400,3400,3400,925,690,360,747.029993408863,185.32237500767224,3429.202290979447,223.66378378378377
1777163920,300,GET,point_read,61.800000,43.200000,310,340,360,380,460,530,770,790,900,900,900,1122,846,310,308.703051320311,117.9582080221735,897.6465410087258,223.89839572192514
1777163920,300,GET,trips_per_route,6.900000,4.900000,350,420,450,480,580,800,960,1100,1100,1100,1100,108,80,350,402.1695320571544,198.68816700181924,1139.4072920084,299.69444444444446
1777163920,300,,Aggregated,141.200000,99.000000,330,370,420,470,1000,2300,2700,2900,3400,3600,3600,2482,1864,330,540.8714544812744,117.9582080221735,3559.5952500007115,6253.910153102337
1777163921,320,GET,bulk_update_departures,7.700000,5.300000,350,460,970,2100,2200,2400,2600,2700,2800,2800,2800,130,91,370,856.6784736830203,189.799874991877,2843.376124976203,218.5076923076923
1777163921,320,GET,large_scan,14.900000,11.600000,350,420,490,520,1800,2800,3100,3200,3600,3600,3600,260,214,360,733.4542810807202,192.66066700220108,3559.5952500007115,59042.41923076923
1777163921,320,GET,next_departures,66.300000,49.400000,350,420,520,650,2300,2500,2700,2900,3400,3400,3400,1053,802,370,734.6640135195188,185.32237500767224,3429.202290979447,225.55555555555554
1777163921,320,GET,point_read,73.100000,56.200000,320,350,380,400,490,550,770,890,960,970,970,1290,991,320,324.54486005145844,117.9582080221735,966.0060839960352,224.9201550387597
1777163921,320,GET,trips_per_route,7.500000,5.600000,350,410,450,470,540,590,780,960,1100,1100,1100,123,92,360,403.8393008387818,198.68816700181924,1139.4072920084,297.2276422764228
1777163921,320,,Aggregated,169.500000,128.100000,340,380,430,480,780,2300,2600,2800,3400,3600,3600,2856,2190,340,540.6171653940422,117.9582080221735,3559.5952500007115,5582.510854341736
1777163922,340,GET,bulk_update_departures,7.800000,5.600000,350,460,970,2000,2200,2400,2600,2700,2800,2800,2800,140,98,390,865.5053701916976,189.799874991877,2843.376124976203,218.12142857142857
1777163922,340,GET,large_scan,17.600000,14.000000,360,430,500,530,2100,2800,3100,3400,3600,3600,3600,288,236,380,758.8723149549171,192.66066700220108,3602.9115419951268,60248.447916666664
1777163922,340,GET,next_departures,75.900000,58.400000,360,440,520,650,2300,2500,2700,2900,3400,3400,3400,1157,885,380,739.5829221290021,185.32237500767224,3429.202290979447,225.54883318928262
1777163922,340,GET,point_read,88.100000,70.600000,330,360,400,420,490,530,770,850,960,970,970,1434,1119,330,335.39868898563833,117.9582080221735,966.0060839960352,226.31938633193863
1777163922,340,GET,trips_per_route,8.300000,6.500000,360,420,460,490,540,610,850,960,1100,1100,1100,141,106,390,419.03017996562687,198.68816700181924,1139.4072920084,295.1843971631206
1777163922,340,,Aggregated,197.700000,155.100000,350,400,450,490,850,2300,2600,2800,3400,3600,3600,3160,2444,350,549.1988591195152,117.9582080221735,3602.9115419951268,5699.118037974684
1777163923,360,GET,bulk_update_departures,9.900000,7.500000,360,480,630,2000,2200,2400,2500,2700,2800,2800,2800,150,107,410,853.3332693990087,189.799874991877,2843.376124976203,220.26
1777163923,360,GET,large_scan,20.100000,16.500000,370,440,500,530,2000,3000,3300,3400,3600,3600,3600,317,259,400,774.8930851796866,192.66066700220108,3602.9115419951268,61048.20504731861
1777163923,360,GET,next_departures,85.900000,67.900000,370,450,520,610,2200,2500,2700,2900,3400,3400,3400,1298,1014,400,723.8597948036787,185.32237500767224,3429.202290979447,227.48382126348227
1777163923,360,GET,point_read,100.500000,82.500000,340,380,410,440,500,530,680,850,970,1000,1000,1585,1266,340,346.97030257620577,117.9582080221735,1028.059125004802,229.1659305993691
1777163923,360,GET,trips_per_route,9.600000,7.800000,370,430,470,490,550,620,850,960,1100,1100,1100,156,119,400,423.64495141186916,198.68816700181924,1139.4072920084,292.6025641025641
1777163923,360,,Aggregated,226.000000,182.200000,350,410,460,490,680,2200,2600,2800,3400,3600,3600,3506,2765,360,550.2702949431045,117.9582080221735,3602.9115419951268,5730.025099828865
1777163924,380,GET,bulk_update_departures,11.400000,8.700000,360,470,680,2000,2200,2400,2500,2700,2800,2800,2800,166,120,400,837.2274035714491,189.799874991877,2843.376124976203,221.5722891566265
1777163924,380,GET,large_scan,23.800000,20.800000,360,430,500,530,1700,2800,3300,3400,3600,3600,3600,357,296,390,753.2193373190239,192.66066700220108,3602.9115419951268,57028.01680672269
1777163924,380,GET,next_departures,94.200000,77.400000,370,440,510,550,2200,2400,2600,2700,3400,3400,3400,1474,1163,400,717.9576453711234,185.32237500767224,3429.202290979447,227.9226594301221
1777163924,380,GET,point_read,113.000000,95.200000,340,380,410,440,500,540,710,950,1200,1200,1200,1792,1443,340,350.93770105777367,117.9582080221735,1161.328374990262,229.67243303571428
1777163924,380,GET,trips_per_route,10.300000,8.400000,360,420,470,500,600,720,1100,1200,1200,1200,1200,181,142,400,433.9483296868484,198.68816700181924,1160.7294589921366,289.3370165745856
1777163924,380,,Aggregated,252.700000,210.500000,350,410,460,490,680,2200,2500,2700,3400,3600,3600,3970,3164,360,547.4996548266089,117.9582080221735,3602.9115419951268,5338.963224181361
1777163925,400,GET,bulk_update_departures,12.400000,9.400000,370,470,850,2000,2200,2400,2500,2700,2800,2800,2800,187,138,390,804.9383785290504,189.799874991877,2843.376124976203,223.28877005347593
1777163925,400,GET,large_scan,25.700000,22.400000,360,430,500,530,1600,2700,3200,3300,3600,3600,3600,417,348,380,732.5398014841336,192.66066700220108,3602.9115419951268,55233.64988009592
1777163925,400,GET,next_departures,101.100000,83.100000,360,430,480,530,2000,2300,2500,2600,3000,3000,3000,1650,1329,380,683.0001413484746,185.32237500767224,3429.202290979447,230.0430303030303
1777163925,400,GET,point_read,122.400000,105.600000,330,370,410,430,490,540,710,950,1200,1200,1200,2030,1662,330,344.46373227031745,117.9582080221735,1161.328374990262,231.19704433497537
1777163925,400,GET,trips_per_route,11.300000,9.300000,360,420,460,500,600,720,1100,1200,1200,1200,1200,195,156,390,425.2628746120116,198.68816700181924,1160.7294589921366,287.75897435897434
1777163925,400,,Aggregated,272.900000,229.800000,340,400,450,480,630,2100,2400,2600,3300,3600,3600,4479,3633,350,528.0487707717984,117.9582080221735,3602.9115419951268,5353.695244474213
1777163927,420,GET,bulk_update_departures,12.600000,9.800000,350,430,540,1800,2100,2300,2400,2500,2800,2800,2800,215,164,360,753.5270007537017,189.799874991877,2843.376124976203,226.17209302325583
1777163927,420,GET,large_scan,27.300000,23.700000,350,410,480,520,1500,2700,3200,3300,3600,3600,3600,477,404,360,692.036741280775,192.66066700220108,3602.9115419951268,51103.72746331237
1777163927,420,GET,next_departures,109.800000,92.300000,350,410,470,510,1200,2300,2400,2500,3000,3000,3000,1859,1524,370,651.3343489945354,185.32237500767224,3429.202290979447,231.9343733189887
1777163927,420,GET,point_read,130.900000,115.500000,320,370,400,420,490,540,700,950,1200,1200,1200,2268,1884,320,335.9238999482215,117.9582080221735,1161.328374990262,232.63800705467372
1777163927,420,GET,trips_per_route,12.200000,10.200000,350,410,450,490,600,720,1100,1200,1200,1200,1200,212,173,360,412.2490823839435,198.68816700181924,1160.7294589921366,285.00471698113205
1777163927,420,,Aggregated,292.800000,251.500000,340,390,430,470,590,2000,2400,2500,3300,3600,3600,5031,4149,340,507.2972761045074,117.9582080221735,3602.9115419951268,5057.50645994832
1777163928,440,GET,bulk_update_departures,13.600000,10.500000,340,400,470,580,2100,2200,2300,2400,2400,2400,2400,231,180,350,722.3308859831448,189.799874991877,2843.376124976203,228.91774891774892
1777163928,440,GET,large_scan,30.000000,26.600000,340,410,480,520,1800,2900,3200,3300,3600,3600,3600,531,449,350,690.473309647423,192.66066700220108,3602.9115419951268,51563.37099811676
1777163928,440,GET,next_departures,121.200000,102.700000,350,410,460,510,1200,2300,2500,2600,2900,3000,3000,2056,1700,360,637.2066417941201,185.32237500767224,3429.202290979447,232.37354085603113
1777163928,440,GET,point_read,145.900000,128.800000,320,360,400,420,490,530,680,910,1200,1200,1200,2515,2111,320,329.78596257393724,117.9582080221735,1161.328374990262,233.76461232604373
1777163928,440,GET,trips_per_route,14.000000,12.200000,340,410,450,470,550,680,1100,1200,1200,1200,1200,242,200,350,398.7707603408441,198.68816700181924,1160.7294589921366,283.1611570247934
1777163928,440,,Aggregated,324.700000,280.800000,330,380,430,460,570,1900,2400,2600,3300,3600,3600,5575,4640,340,496.77324439274054,117.9582080221735,3602.9115419951268,5124.167354260089
1777163929,460,GET,bulk_update_departures,16.400000,13.000000,330,380,440,480,2100,2200,2400,2700,3100,3100,3100,266,213,340,681.9175518386126,189.799874991877,3055.8356669789646,231.24436090225564
1777163929,460,GET,large_scan,38.300000,34.200000,330,390,460,510,1600,2900,3200,3300,3600,3600,3600,594,509,340,655.3665354376269,191.39587500831112,3602.9115419951268,47799.53872053872
1777163929,460,GET,next_departures,140.400000,123.400000,330,390,440,480,960,2300,2500,2700,3100,3500,3500,2296,1930,340,608.5088856464827,184.15158402058296,3461.173041985603,233.90940766550523
1777163929,460,GET,point_read,174.100000,156.500000,300,360,390,410,480,530,680,850,1200,1200,1200,2817,2404,310,321.9223601588007,117.9582080221735,1161.328374990262,235.38871139510118
1777163929,460,GET,trips_per_route,15.200000,13.400000,340,400,430,470,550,710,1100,1200,1200,1200,1200,265,221,350,389.2487528242988,198.68816700181924,1160.7294589921366,281.3320754716981
1777163929,460,,Aggregated,384.400000,340.500000,320,370,410,450,540,1200,2400,2700,3300,3600,3600,6238,5277,330,477.3678102515423,117.9582080221735,3602.9115419951268,4765.812119268997
1777163930,480,GET,bulk_update_departures,16.900000,13.800000,320,360,410,450,2100,2200,2700,3100,3300,3300,3300,293,237,330,668.3389277508523,189.799874991877,3304.269917018246,231.74744027303754
1777163930,480,GET,large_scan,40.800000,36.000000,320,370,420,480,1100,2800,3200,3300,3600,3600,3600,663,576,340,622.2865094327938,191.19308301014826,3602.9115419951268,43853.81598793364
1777163930,480,GET,next_departures,149.200000,132.200000,320,370,420,460,720,2300,2600,2800,3500,3600,3600,2547,2168,340,584.7216612760933,182.49079101951793,3555.3731670079287,235.18217510797015
1777163930,480,GET,point_read,185.500000,167.900000,280,350,380,400,480,520,670,850,1200,1200,1200,3084,2660,290,315.5436085382837,117.9582080221735,1161.328374990262,236.43547341115433
1777163930,480,GET,trips_per_route,16.900000,15.100000,320,390,420,470,550,710,1100,1200,1200,1200,1200,287,241,340,378.8263302838725,191.63558300351724,1160.7294589921366,279.77003484320556
1777163930,480,,Aggregated,409.300000,365.000000,310,360,400,430,530,970,2400,2700,3400,3600,3600,6874,5882,320,462.54654908040214,117.9582080221735,3602.9115419951268,4444.494035496072
1777163931,500,GET,bulk_update_departures,18.500000,15.900000,280,340,380,400,850,2300,3100,3500,3600,3600,3600,323,265,330,650.8187532076943,189.799874991877,3578.188790997956,232.69659442724458
1777163931,500,GET,large_scan,44.000000,39.200000,290,350,390,440,1200,2900,3200,3400,3600,3600,3600,733,640,330,612.4484382151616,191.19308301014826,3602.9115419951268,42409.77080491132
1777163931,500,GET,next_departures,160.000000,143.300000,290,350,390,420,620,2300,2700,2900,3500,3600,3600,2788,2391,330,573.8454668493827,182.49079101951793,3555.3731670079287,235.76721664275468
1777163931,500,GET,point_read,201.600000,184.000000,260,330,360,380,450,500,600,700,1200,1200,1200,3412,2966,280,311.07372202906254,117.9582080221735,1161.328374990262,237.0700468933177
1777163931,500,GET,trips_per_route,18.500000,16.500000,300,370,410,430,550,710,1100,1200,1200,1200,1200,316,268,340,373.7169211406903,191.63558300351724,1160.7294589921366,278.43037974683546
1777163931,500,,Aggregated,442.600000,398.900000,280,340,380,400,500,850,2400,2900,3500,3600,3600,7572,6530,310,454.1070273002497,117.9582080221735,3602.9115419951268,4320.616613840465
1777163932,520,GET,bulk_update_departures,20.500000,17.800000,300,350,400,440,760,2200,3000,3300,3600,3600,3600,343,283,330,659.5244251517273,189.799874991877,3578.188790997956,233.0728862973761
1777163932,520,GET,large_scan,47.300000,42.700000,310,360,420,490,890,2900,3200,3400,3900,3900,3900,792,693,340,629.1957824198677,191.19308301014826,3898.1155419896822,41786.13762626263
1777163932,520,GET,next_departures,174.000000,157.700000,300,360,410,460,700,2300,2800,3100,3700,3800,3800,2974,2564,340,581.991682047452,182.49079101951793,3802.723959001014,236.38433086751849
1777163932,520,GET,point_read,209.400000,192.800000,270,340,370,390,490,590,760,880,1200,1200,1200,3683,3193,300,324.12889239291127,117.9582080221735,1161.328374990262,236.48628835188705
1777163932,520,GET,trips_per_route,19.500000,17.400000,310,370,410,470,610,720,1100,1200,1200,1200,1200,339,287,340,387.3771328628778,191.63558300351724,1160.7294589921366,278.08554572271385
1777163932,520,,Aggregated,470.700000,428.400000,290,350,390,420,570,880,2600,3000,3600,3900,3900,8131,7020,320,464.9453644860774,117.9582080221735,3898.1155419896822,4285.182880334522
1777163933,540,GET,bulk_update_departures,20.900000,18.600000,300,350,400,450,1800,2700,3100,3300,3600,3600,3600,360,296,340,676.19766236409,189.799874991877,3578.188790997956,232.24444444444444
1777163933,540,GET,large_scan,50.900000,46.100000,310,360,420,490,810,2800,3200,3400,3900,3900,3900,827,727,340,624.8970687842789,191.19308301014826,3898.1155419896822,40430.217654171705
1777163933,540,GET,next_departures,183.800000,167.700000,300,360,410,460,700,2300,2800,3100,3700,3800,3800,3123,2702,340,584.1713274342889,182.49079101951793,3802.723959001014,236.93467819404418
1777163933,540,GET,point_read,225.300000,208.700000,270,330,360,390,490,610,760,890,1200,1200,1200,3846,3339,310,329.8688715689337,113.26508299680427,1161.328374990262,236.69916796671868
1777163933,540,GET,trips_per_route,20.200000,18.300000,310,370,420,470,610,720,890,1100,1200,1200,1200,362,307,350,391.7684798605337,191.63558300351724,1160.7294589921366,277.9171270718232
1777163933,540,,Aggregated,501.100000,459.400000,290,350,390,420,580,880,2600,3000,3600,3900,3900,8518,7371,330,469.0166658460407,113.26508299680427,3898.1155419896822,4140.678093449166
1777163934,560,GET,bulk_update_departures,20.600000,18.500000,320,380,460,540,830,2700,3100,3300,3600,3600,3600,403,337,350,668.9345916876426,189.799874991877,3578.188790997956,233.99751861042185
1777163934,560,GET,large_scan,51.100000,45.900000,320,380,440,520,760,2900,3300,3500,4200,4200,4200,889,785,350,628.4569344911591,191.19308301014826,4190.0208329898305,39122.81214848144
1777163934,560,GET,next_departures,186.500000,170.700000,320,380,430,500,700,2200,2900,3200,3700,3800,3800,3368,2930,350,588.9287509510889,182.49079101951793,3802.723959001014,237.28919239904988
1777163934,560,GET,point_read,229.900000,210.800000,280,350,390,420,540,650,790,870,950,980,980,4149,3632,320,340.0625263235032,113.26508299680427,1161.328374990262,237.5642323451434
1777163934,560,GET,trips_per_route,20.800000,18.900000,330,400,450,510,620,700,830,840,890,890,890,399,343,360,400.68158094174834,191.63558300351724,1160.7294589921366,276.03007518796994
1777163934,560,,Aggregated,508.900000,464.800000,310,360,410,460,630,820,2700,3100,3600,4200,4200,9208,8027,340,475.95376421893906,113.26508299680427,4190.0208329898305,3993.2081885317116
1777163935,580,GET,bulk_update_departures,21.700000,19.500000,340,400,470,540,810,2800,3300,3500,3700,3700,3700,425,357,350,672.1272566450267,189.799874991877,3704.4715829833876,234.13882352941175
1777163935,580,GET,large_scan,52.900000,48.100000,330,400,470,520,750,2800,3400,3600,4600,4600,4600,929,823,350,628.8068747434946,191.19308301014826,4649.524250009563,38164.238966630786
1777163935,580,GET,next_departures,192.500000,177.600000,340,410,490,540,720,2600,3200,3400,3800,3800,3800,3577,3117,360,599.6569124470711,182.49079101951793,3802.723959001014,237.20799552697792
1777163935,580,GET,point_read,238.000000,218.900000,320,370,410,450,560,660,790,870,950,980,980,4371,3838,330,345.78369446561163,113.26508299680427,1161.328374990262,237.79020819034545
1777163935,580,GET,trips_per_route,21.800000,19.800000,350,420,480,520,640,720,840,870,890,890,890,428,370,370,405.7314989388084,191.63558300351724,1160.7294589921366,274.9252336448598
1777163935,580,,Aggregated,526.900000,483.900000,330,390,450,490,640,830,2800,3200,3800,4600,4600,9730,8505,340,483.0279605949646,113.26508299680427,4649.524250009563,3860.1879753340186
1777163936,600,GET,bulk_update_departures,24.200000,21.900000,360,440,530,580,830,2800,3300,3500,3700,3700,3700,459,390,360,664.8616169021092,189.799874991877,3704.4715829833876,235.16339869281046
1777163936,600,GET,large_scan,55.800000,51.400000,360,430,520,570,810,3100,3900,4300,4700,4700,4700,990,875,360,650.7383979059111,191.19308301014826,4746.251834003488,38848.65353535354
1777163936,600,GET,next_departures,202.900000,187.600000,370,440,520,570,760,2700,3300,3500,4000,4200,4200,3843,3362,370,605.2009144848068,182.49079101951793,4202.214499993715,237.43871975019516
1777163936,600,GET,point_read,249.500000,229.900000,340,400,450,490,600,690,810,890,1000,1000,1000,4673,4114,330,353.44936813637463,113.26508299680427,1161.328374990262,237.85341322490905
1777163936,600,GET,trips_per_route,23.300000,21.400000,370,440,510,560,640,730,880,890,1000,1000,1000,454,392,370,410.72923229246487,191.63558300351724,1160.7294589921366,274.4383259911894
1777163936,600,,Aggregated,555.700000,512.200000,350,420,490,530,670,890,3000,3400,4300,4700,4700,10419,9133,350,490.7697071899494,113.26508299680427,4746.251834003488,3907.9247528553606
1777163937,620,GET,bulk_update_departures,25.900000,23.700000,400,510,600,630,1000,3100,3300,3500,3700,3700,3700,491,417,380,686.0184006965785,189.799874991877,3704.4715829833876,235.09164969450103
1777163937,620,GET,large_scan,57.000000,52.500000,390,470,550,600,760,3100,3900,4300,4700,4700,4700,1041,925,370,648.3214210807105,191.19308301014826,4746.251834003488,37277.08453410183
1777163937,620,GET,next_departures,208.400000,194.100000,390,490,560,610,780,2700,3300,3500,3800,4200,4200,4058,3561,370,611.7233047657002,182.49079101951793,4202.214499993715,237.67373090192214
1777163937,620,GET,point_read,255.600000,237.600000,360,440,490,540,630,700,850,910,1000,1100,1100,4927,4336,340,361.1459900748365,113.26508299680427,1161.328374990262,237.661457276233
1777163937,620,GET,trips_per_route,24.600000,22.700000,410,500,570,590,690,790,890,970,1100,1100,1100,493,424,380,421.59186511120566,191.63558300351724,1160.7294589921366,274.41784989858013
1777163937,620,,Aggregated,571.500000,530.600000,380,470,530,580,680,900,3100,3400,4300,4700,4700,11010,9663,350,497.8493994027958,113.26508299680427,4746.251834003488,3741.2898274296094
1777163938,640,GET,bulk_update_departures,26.600000,24.600000,390,490,590,630,980,3100,3300,3500,3700,3700,3700,536,459,360,666.9110656716364,188.60341599793173,3704.4715829833876,236.0410447761194
1777163938,640,GET,large_scan,56.300000,51.800000,390,470,550,600,760,3000,3900,4300,4700,4700,4700,1123,1002,360,631.3585516589694,188.85504198260605,4746.251834003488,36052.82279608192
1777163938,640,GET,next_departures,216.500000,200.600000,390,490,560,610,780,2800,3300,3500,3800,4200,4200,4344,3832,360,597.9276341577607,182.49079101951793,4202.214499993715,238.07228360957643
1777163938,640,GET,point_read,261.000000,241.900000,360,430,490,540,630,700,830,910,1000,1100,1100,5285,4672,330,353.9027152827949,113.26508299680427,1161.328374990262,237.99659413434247
1777163938,640,GET,trips_per_route,25.200000,23.100000,410,490,560,590,690,820,890,970,1100,1100,1100,525,454,370,412.642076430299,190.55945801665075,1160.7294589921366,273.46285714285716
1777163938,640,,Aggregated,585.600000,542.000000,380,460,530,570,680,900,3100,3400,4300,4700,4700,11813,10419,350,486.8272723177689,113.26508299680427,4746.251834003488,3644.2397358841954
1777163939,660,GET,bulk_update_departures,27.000000,24.900000,400,490,590,630,1000,3100,3200,3500,3700,3700,3700,574,492,360,670.270300288926,188.60341599793173,3704.4715829833876,236.01393728222996
1777163939,660,GET,large_scan,55.600000,51.300000,400,480,560,600,790,3200,3900,4300,4700,4700,4700,1183,1059,360,624.1129074818764,188.85504198260605,4746.251834003488,35079.682163989855
1777163939,660,GET,next_departures,215.800000,199.900000,400,490,560,600,760,2900,3300,3500,3800,4200,4200,4598,4078,360,588.7804173175447,182.49079101951793,4202.214499993715,238.6600695954763
1777163939,660,GET,point_read,262.100000,242.100000,370,440,490,530,630,700,830,900,1000,1100,1100,5595,4959,330,352.665258463876,113.26508299680427,1161.328374990262,238.1710455764075
1777163939,660,GET,trips_per_route,27.400000,24.400000,410,480,540,590,670,790,890,970,1100,1100,1100,559,487,370,408.7124229302069,190.55945801665075,1160.7294589921366,272.61001788908766
1777163939,660,,Aggregated,587.900000,542.600000,390,460,530,570,670,890,3100,3400,4300,4700,4700,12509,11075,350,482.2052479228034,113.26508299680427,4746.251834003488,3534.819010312575
1777163940,680,GET,bulk_update_departures,29.900000,27.300000,440,540,620,650,2500,3100,3200,3500,3700,3700,3700,583,499,360,678.7304564558971,188.60341599793173,3704.4715829833876,235.8353344768439
1777163940,680,GET,large_scan,58.200000,54.300000,430,540,620,660,950,3300,4100,4400,4700,4700,4700,1222,1091,360,645.5845676914868,188.85504198260605,4746.251834003488,35871.59819967267
1777163940,680,GET,next_departures,225.400000,210.100000,440,540,610,660,940,3000,3400,3600,4000,4200,4200,4734,4195,370,605.3745984712615,182.49079101951793,4202.214499993715,238.70426700464722
1777163940,680,GET,point_read,271.700000,251.200000,400,480,550,580,680,850,950,1000,1100,1100,1100,5758,5102,330,363.1386507942969,113.26508299680427,1161.328374990262,238.2315039944425
1777163940,680,GET,trips_per_route,28.100000,25.200000,430,520,580,620,720,880,970,1100,1100,1100,1100,579,503,380,420.1340070534686,190.55945801665075,1160.7294589921366,272.9378238341969
1777163940,680,,Aggregated,613.300000,568.100000,420,510,580,620,800,1000,3200,3500,4300,4700,4700,12876,11390,350,495.8572140690634,113.26508299680427,4746.251834003488,3621.6510562286426
1777163941,700,GET,bulk_update_departures,30.100000,27.200000,460,570,640,700,1800,3200,3500,3700,3800,3800,3800,612,525,380,697.5544781237309,188.60341599793173,3808.296415983932,236.30228758169935
1777163941,700,GET,large_scan,58.200000,54.300000,450,570,640,710,1000,3300,4200,4400,4700,4700,4700,1273,1136,370,666.8701682796287,188.85504198260605,4746.251834003488,36010.65907305577
1777163941,700,GET,next_departures,227.900000,212.700000,460,570,650,720,1100,3000,3500,3700,4000,4600,4600,4943,4388,380,624.8899648310195,182.49079101951793,4584.1225830081385,238.8448310742464
1777163941,700,GET,point_read,274.800000,252.900000,420,510,580,620,780,940,1100,1500,1800,1800,1800,6016,5337,340,380.11711246005575,113.26508299680427,1787.1352079964709,238.3221409574468
1777163941,700,GET,trips_per_route,29.200000,26.500000,460,540,610,640,880,980,1200,1600,1800,1800,1800,607,529,390,441.038899915897,190.55945801665075,1753.1281250121538,272.9159802306425
1777163941,700,,Aggregated,620.200000,573.600000,440,550,610,650,920,1300,3200,3500,4400,4700,4700,13451,11915,360,514.397094773627,113.26508299680427,4746.251834003488,3625.4703739498923
1777163942,720,GET,bulk_update_departures,29.100000,26.300000,470,610,660,790,1200,3200,3500,3700,3800,3800,3800,630,543,390,705.684260625091,188.60341599793173,3808.296415983932,236.97460317460317
1777163942,720,GET,large_scan,55.900000,51.500000,500,630,710,810,1600,3700,4200,4400,4700,4700,4700,1317,1175,380,687.8781681943777,188.85504198260605,4746.251834003488,36077.46317388003
1777163942,720,GET,next_departures,216.600000,200.600000,490,630,720,830,1200,3100,3600,3700,4300,4600,4600,5110,4536,380,646.252778260425,182.49079101951793,4631.071666022763,238.93835616438355
1777163942,720,GET,point_read,266.200000,243.300000,440,550,620,670,850,990,1300,1700,2400,2400,2400,6200,5500,340,394.52377961382433,113.26508299680427,2436.9492499972694,238.38467741935483
1777163942,720,GET,trips_per_route,28.700000,25.700000,470,580,640,710,910,1100,1200,1600,1800,1800,1800,624,543,390,451.3461778155593,190.55945801665075,1753.1281250121538,272.92147435897436
1777163942,720,,Aggregated,596.500000,547.400000,460,590,660,730,980,1600,3400,3700,4500,4700,4700,13881,12297,360,531.702022705799,113.26508299680427,4746.251834003488,3640.413226712773
1777163943,740,GET,bulk_update_departures,28.600000,25.700000,480,620,710,840,1800,3200,3500,3700,3800,3800,3800,648,560,390,714.8054595367913,188.60341599793173,3808.296415983932,237.21759259259258
1777163943,740,GET,large_scan,54.400000,50.000000,530,670,790,900,1700,3700,4200,4400,4700,4700,4700,1364,1221,390,696.270860622377,188.85504198260605,4746.251834003488,35086.88416422287
1777163943,740,GET,next_departures,215.900000,200.200000,520,670,800,910,1600,3300,3700,3900,4600,4600,4600,5306,4706,390,668.7760257153024,182.49079101951793,4631.071666022763,238.85130041462494
1777163943,740,GET,point_read,260.800000,238.000000,460,600,670,730,930,1100,1700,1800,2900,3100,3100,6456,5735,350,413.3234242922592,113.26508299680427,3141.605624987278,238.51223667905825
1777163943,740,GET,trips_per_route,29.500000,26.400000,490,620,700,760,920,1100,1300,1700,1800,1800,1800,644,561,400,462.1784057296355,190.55945801665075,1753.1281250121538,272.5900621118012
1777163943,740,,Aggregated,589.200000,540.300000,490,630,720,810,1000,1800,3500,3800,4500,4700,4700,14418,12783,370,549.832979930285,113.26508299680427,4746.251834003488,3536.8952004438897
1777163944,760,GET,bulk_update_departures,29.200000,26.500000,570,680,820,900,1400,3200,3500,3600,3800,3800,3800,684,596,400,717.0933541417672,188.60341599793173,3808.296415983932,237.9751461988304
1777163944,760,GET,large_scan,54.400000,50.100000,580,730,850,940,1800,3700,4200,4500,5100,5100,5100,1419,1273,400,710.5307225567431,188.85504198260605,5137.946834001923,34439.07470049331
1777163944,760,GET,next_departures,216.400000,200.600000,580,730,840,930,1700,3300,3700,4000,4600,4900,4900,5569,4951,400,681.9236772825521,182.49079101951793,4853.562375006732,238.9802478003232
1777163944,760,GET,point_read,259.100000,238.400000,500,640,740,800,960,1200,1700,2000,2900,3100,3100,6755,6010,350,426.53009448859973,113.26508299680427,3141.605624987278,238.58460399703924
1777163944,760,GET,trips_per_route,28.800000,25.700000,550,670,780,820,970,1200,1700,1800,3500,3500,3500,668,584,410,479.9971320493144,190.55945801665075,3501.627166988328,272.20508982035926
1777163944,760,,Aggregated,587.900000,541.300000,550,680,790,850,1100,2000,3500,3800,4600,5100,5100,15095,13414,380,562.9822312558418,113.26508299680427,5137.946834001923,3455.1954289499836
1777163945,780,GET,bulk_update_departures,29.100000,26.700000,580,660,820,890,1600,3200,3500,3800,4300,4300,4300,719,629,420,722.7657339833169,188.60341599793173,4309.959124977468,238.33518776077887
1777163945,780,GET,large_scan,54.100000,49.800000,580,730,840,940,1800,3200,4100,4300,5100,5100,5100,1483,1334,410,715.6211674383833,188.85504198260605,5137.946834001923,33635.92784895482
1777163945,780,GET,next_departures,219.900000,202.500000,580,730,850,940,1700,3400,3800,4000,4700,5300,5300,5837,5198,410,691.0244081359255,182.49079101951793,5329.975625005318,238.9826965907144
1777163945,780,GET,point_read,260.900000,240.100000,520,650,750,810,990,1400,1800,2400,3600,5300,5300,7068,6303,360,438.10144001393405,113.26508299680427,5337.88204198936,238.77843803056027
1777163945,780,GET,trips_per_route,28.400000,25.600000,540,650,760,810,980,1300,1700,1800,3500,3500,3500,715,629,420,488.11658921800523,190.55945801665075,3501.627166988328,271.2321678321678
1777163945,780,,Aggregated,592.400000,544.700000,550,680,790,860,1200,2100,3500,3900,4800,5300,5300,15822,14093,390,572.6171510329843,113.26508299680427,5337.88204198936,3370.623372519277
1777163946,800,GET,bulk_update_departures,28.200000,26.000000,590,710,820,890,1800,3200,3800,4000,4700,4700,4700,751,657,440,738.643027391575,188.60341599793173,4725.284582993481,238.20372836218377
1777163946,800,GET,large_scan,53.100000,48.800000,630,750,850,950,1800,3700,4300,4500,5100,5100,5100,1540,1386,420,729.6918423020874,188.85504198260605,5137.946834001923,33479.06688311688
1777163946,800,GET,next_departures,218.900000,200.900000,620,760,860,950,1800,3400,3800,4000,4700,5300,5300,6052,5391,430,701.1476224527977,182.49079101951793,5329.975625005318,238.91539986781228
1777163946,800,GET,point_read,262.900000,240.000000,560,680,770,820,1000,1400,1800,2400,3600,5300,5300,7307,6525,370,446.13500039571835,113.26508299680427,5337.88204198936,238.86985082797318
1777163946,800,GET,trips_per_route,27.700000,24.900000,580,700,790,820,1100,1400,1700,1800,3500,3500,3500,742,654,430,495.9543871265699,190.55945801665075,3501.627166988328,270.94609164420484
1777163946,800,,Aggregated,590.800000,540.600000,590,720,810,870,1300,2200,3600,3900,4900,5300,5300,16392,14613,400,582.5828675536869,113.26508299680427,5337.88204198936,3363.1670326988774
1777163947,820,GET,bulk_update_departures,29.200000,27.000000,610,720,830,900,1300,3200,3800,4000,4700,4700,4700,797,702,440,731.0940583788356,188.60341599793173,4725.284582993481,238.65997490589712
1777163947,820,GET,large_scan,55.400000,51.100000,640,770,860,970,1800,3900,4300,4500,5800,5800,5800,1626,1465,420,735.0221987874066,188.85504198260605,5784.4029999978375,33151.93419434194
1777163947,820,GET,next_departures,226.300000,208.200000,640,770,870,970,1800,3400,3800,4100,4700,5300,5300,6373,5696,430,698.8174447066159,182.49079101951793,5329.975625005318,239.13557194413934
1777163947,820,GET,point_read,270.200000,247.100000,570,690,780,840,1000,1400,1800,2400,3600,5300,5300,7766,6953,370,451.05828218501455,113.26508299680427,5337.88204198936,238.96664949781098
1777163947,820,GET,trips_per_route,28.700000,25.900000,560,670,760,800,1000,1300,1700,1800,3500,3500,3500,795,706,430,492.9981636186936,190.55945801665075,3501.627166988328,269.9761006289308
1777163947,820,,Aggregated,609.800000,559.300000,600,730,820,890,1300,2200,3600,4000,4900,5800,5800,17357,15522,400,583.409793996497,113.26508299680427,5784.4029999978375,3323.714582013021
1777163948,840,GET,bulk_update_departures,28.900000,26.400000,580,700,800,850,1200,2800,3800,4000,4700,4700,4700,855,758,420,711.0773585601614,188.60341599793173,4725.284582993481,238.92748538011696
1777163948,840,GET,large_scan,54.800000,50.800000,630,760,850,950,1800,3900,4500,4800,5800,5800,5800,1719,1553,420,727.7810945207892,188.85504198260605,5784.4029999978375,32338.353112274577
1777163948,840,GET,next_departures,218.000000,200.300000,620,760,860,960,1800,3400,3900,4100,4900,5300,5300,6742,6043,420,691.3821918855558,182.49079101951793,5329.975625005318,239.26297834470483
1777163948,840,GET,point_read,263.400000,241.300000,540,670,760,820,1000,1400,1800,2300,3600,5300,5300,8279,7440,370,446.1952181875344,113.26508299680427,5337.88204198936,239.11100374441358
1777163948,840,GET,trips_per_route,29.000000,26.300000,560,660,760,800,980,1300,1700,1800,3500,3500,3500,843,752,420,488.2280214898267,190.55945801665075,3501.627166988328,269.208778173191
1777163948,840,,Aggregated,594.100000,545.100000,580,710,800,870,1200,2100,3600,4000,4900,5800,5800,18438,16546,400,576.3071924413238,113.26508299680427,5784.4029999978375,3233.190476190476
1777163949,860,GET,bulk_update_departures,30.900000,28.600000,580,710,810,860,1300,3300,3800,4300,4700,4700,4700,883,779,430,728.5580787404798,188.60341599793173,4725.284582993481,238.4643261608154
1777163949,860,GET,large_scan,58.300000,54.000000,610,730,820,920,1800,3800,4500,4800,5800,5800,5800,1775,1604,420,731.0192570543165,188.85504198260605,5784.4029999978375,32262.06253521127
1777163949,860,GET,next_departures,233.400000,215.200000,600,740,830,930,1700,3400,3900,4100,4900,5300,5300,6929,6215,430,692.7788631560591,182.49079101951793,5329.975625005318,239.43151969981238
1777163949,860,GET,point_read,282.900000,260.600000,530,660,740,800,1000,1400,1700,2300,3600,5300,5300,8518,7633,370,446.9052208504958,113.26508299680427,5337.88204198936,238.66588401033107
1777163949,860,GET,trips_per_route,30.600000,28.700000,550,670,750,800,1000,1300,1700,1800,3500,3500,3500,876,777,430,492.9404599862795,190.55945801665075,3501.627166988328,269.9486301369863
1777163949,860,,Aggregated,636.100000,587.200000,570,690,790,840,1200,2000,3600,4000,5100,5800,5800,18981,17008,400,578.4571530351445,113.26508299680427,5784.4029999978375,3235.033823296981
1777163950,880,GET,bulk_update_departures,31.900000,29.900000,600,720,830,910,1400,3100,3800,4300,4700,4700,4700,902,796,440,739.3022714188671,188.60341599793173,4725.284582993481,238.55321507760533
1777163950,880,GET,large_scan,59.700000,55.200000,610,730,810,920,1800,3700,4500,4800,5800,5800,5800,1798,1623,430,740.5758685708132,188.85504198260605,5784.4029999978375,32591.840934371525
1777163950,880,GET,next_departures,238.600000,220.200000,620,750,850,950,1800,3300,3900,4100,4900,5300,5300,7092,6363,430,704.0667260326047,182.49079101951793,5329.975625005318,239.59278059785674
1777163950,880,GET,point_read,298.900000,276.000000,530,670,750,800,990,1400,1700,2300,3600,5300,5300,8675,7769,380,454.9598853881771,113.26508299680427,5337.88204198936,238.6379250720461
1777163950,880,GET,trips_per_route,31.500000,29.600000,560,680,760,800,950,1300,1700,1800,3500,3500,3500,897,795,430,502.9888931973194,190.55945801665075,3501.627166988328,269.8851727982163
1777163950,880,,Aggregated,660.600000,610.900000,580,700,790,850,1200,2100,3600,4000,5100,5800,5800,19364,17346,410,588.1845344181875,113.26508299680427,5784.4029999978375,3244.513943400124
1777163951,900,GET,bulk_update_departures,31.400000,29.200000,590,740,850,980,1500,3200,3800,4300,4700,4700,4700,917,807,440,755.7686814632901,188.60341599793173,4725.284582993481,238.41657579062158
1777163951,900,GET,large_scan,59.000000,54.300000,600,730,850,1000,1800,3700,4500,4800,5800,5800,5800,1819,1642,430,752.2413008655144,188.85504198260605,5784.4029999978375,32583.94612424409
1777163951,900,GET,next_departures,232.700000,213.100000,610,750,910,1000,2000,3300,3900,4200,5300,5600,5600,7187,6441,440,719.1131243823969,182.49079101951793,5569.74441598868,239.54069848337275
1777163951,900,GET,point_read,292.100000,267.500000,520,660,760,830,1100,1400,1800,2400,3600,5300,5300,8802,7878,380,466.6265556921652,113.26508299680427,5337.88204198936,238.74426266757555
1777163951,900,GET,trips_per_route,31.400000,28.700000,560,680,760,830,1100,1400,1800,2400,3500,3500,3500,908,805,440,516.0532429251045,190.55945801665075,3501.627166988328,269.97907488986783
1777163951,900,,Aggregated,646.600000,592.800000,570,710,810,920,1300,2300,3500,4000,5300,5800,5800,19633,17573,410,601.3067855086276,113.26508299680427,5784.4029999978375,3237.2522283909743
1777163952,920,GET,bulk_update_departures,31.400000,29.300000,590,790,990,1200,2500,3300,3800,4300,4700,4700,4700,944,831,450,785.2239230083427,188.60341599793173,4725.284582993481,238.36546610169492
1777163952,920,GET,large_scan,58.100000,53.700000,610,780,1100,1400,2800,3800,4600,4900,5800,5800,5800,1888,1703,440,800.7180190600177,188.85504198260605,5784.4029999978375,32810.17002118644
1777163952,920,GET,next_departures,235.300000,216.500000,610,790,1000,1200,2600,3200,3900,4100,5300,5600,5600,7397,6619,450,754.093365036687,182.49079101951793,5569.74441598868,239.3290523185075
1777163952,920,GET,point_read,292.500000,267.300000,520,670,790,900,1300,1700,2500,3000,3600,5300,5300,9066,8123,390,494.3174868373552,113.26508299680427,5337.88204198936,238.83300242664902
1777163952,920,GET,trips_per_route,32.000000,29.400000,560,700,800,950,1400,2300,2700,3200,3500,3500,3500,936,833,450,555.2784157242478,190.55945801665075,3501.627166988328,269.53418803418805
1777163952,920,,Aggregated,649.300000,596.200000,570,730,890,1000,1700,2800,3600,4000,5300,5800,5800,20231,18109,420,634.2869140065683,113.26508299680427,5784.4029999978375,3280.0394938460777
1777163953,940,GET,bulk_update_departures,30.700000,28.500000,610,820,1100,1300,2700,3300,3800,4300,4700,4700,4700,969,855,460,803.6764759090222,188.60341599793173,4725.284582993481,238.59958720330238
1777163953,940,GET,large_scan,54.200000,50.400000,640,820,1200,1600,3300,3800,4500,4800,5800,5800,5800,1938,1750,450,822.693496293766,188.85504198260605,5784.4029999978375,32484.570175438595
1777163953,940,GET,next_departures,224.300000,205.400000,640,840,1100,1400,2900,3300,3800,4100,5300,5600,5600,7604,6806,460,780.1227937395466,182.49079101951793,5569.74441598868,239.3486322987901
1777163953,940,GET,point_read,279.000000,253.900000,530,690,840,990,1500,2300,3200,3500,4100,5300,5300,9303,8347,390,518.7052289403697,113.26508299680427,5337.88204198936,239.02601311404922
1777163953,940,GET,trips_per_route,30.000000,27.500000,560,700,840,950,1500,2400,3100,3200,3300,3300,3300,957,852,450,571.4817482485378,190.55945801665075,3501.627166988328,269.65203761755487
1777163953,940,,Aggregated,618.200000,565.700000,580,760,960,1100,2200,3100,3600,4000,5300,5800,5800,20771,18610,420,658.4959319471742,113.26508299680427,5784.4029999978375,3249.146550479033
1777163954,960,GET,bulk_update_departures,30.700000,28.100000,650,880,1200,1400,2800,3400,4000,4400,4700,4700,4700,1020,904,470,818.8592715164893,188.60341599793173,4725.284582993481,238.80392156862746
1777163954,960,GET,large_scan,54.800000,50.800000,690,880,1200,1500,3300,3800,4500,4800,5800,5800,5800,2033,1843,460,829.4952336401834,188.85504198260605,5784.4029999978375,31305.2651254304
1777163954,960,GET,next_departures,228.000000,207.300000,690,940,1200,1500,2900,3300,3800,4200,5100,5600,5600,7906,7091,460,790.0619246998298,182.49079101951793,5569.74441598868,239.53060966354667
1777163954,960,GET,point_read,282.700000,258.500000,580,750,930,1100,1600,2300,3200,3600,4300,4500,4500,9720,8743,400,535.2124653164763,113.26508299680427,5337.88204198936,239.17767489711935
1777163954,960,GET,trips_per_route,30.700000,28.500000,640,750,950,1000,1600,2400,3100,3200,3300,3300,3300,1010,902,460,584.5446075810728,190.55945801665075,3501.627166988328,269.1118811881188
1777163954,960,,Aggregated,626.900000,573.200000,640,830,1000,1200,2200,3100,3700,4000,5100,5800,5800,21689,19483,430,671.3304006707161,113.26508299680427,5784.4029999978375,3152.636036700632
1777163955,980,GET,bulk_update_departures,31.600000,29.000000,580,840,1100,1300,2700,3300,3700,4000,4600,4600,4600,1060,942,450,807.7796027809217,188.60341599793173,4725.284582993481,238.96509433962265
1777163955,980,GET,large_scan,57.100000,52.600000,590,840,1100,1400,3000,3700,4200,4700,5800,5800,5800,2148,1953,440,817.820517065766,188.85504198260605,5784.4029999978375,30415.8677839851
1777163955,980,GET,next_departures,228.400000,208.500000,590,880,1200,1400,2800,3200,3800,4100,5400,5600,5600,8316,7483,450,781.9395549721064,182.49079101951793,5569.74441598868,239.72366522366522
1777163955,980,GET,point_read,282.700000,258.800000,470,730,910,1100,1500,2300,3200,3600,5100,5600,5600,10201,9214,390,533.9744767719116,113.26508299680427,5590.723083005287,239.56739535339673
1777163955,980,GET,trips_per_route,30.900000,28.900000,530,730,940,1000,1600,2400,3100,3200,3300,3300,3300,1056,946,450,580.5575267015614,190.55945801665075,3501.627166988328,268.5274621212121
1777163955,980,,Aggregated,630.700000,577.800000,520,780,1000,1200,2100,3100,3600,3900,5200,5800,5800,22781,20538,420,666.1549789078692,113.26508299680427,5784.4029999978375,3086.235064307976
1777163956,1000,GET,bulk_update_departures,32.900000,30.100000,610,850,1200,1400,3000,3400,3700,4000,4600,4600,4600,1104,983,470,815.4829316782539,188.60341599793173,4725.284582993481,239.1802536231884
1777163956,1000,GET,large_scan,60.300000,55.800000,610,830,1100,1400,3000,3700,3900,4600,5600,5600,5600,2229,2032,460,817.1803005604638,188.85504198260605,5784.4029999978375,29617.79542395693
1777163956,1000,GET,next_departures,228.700000,209.200000,640,860,1200,1400,2800,3300,3800,4100,5400,5600,5600,8651,7803,470,783.2210890676799,182.49079101951793,5569.74441598868,239.8608253381112
1777163956,1000,GET,point_read,288.200000,265.100000,530,730,870,1000,1500,2300,3400,3700,5100,5600,5600,10619,9609,400,538.2305321574512,113.26508299680427,5590.723083005287,239.70599868160843
1777163956,1000,GET,trips_per_route,33.400000,31.100000,600,760,950,1000,1600,2500,3100,3200,3500,3500,3500,1104,991,460,584.3299100162003,190.55945801665075,3501.627166988328,268.1449275362319
1777163956,1000,,Aggregated,643.500000,591.300000,590,770,1000,1200,2100,3200,3700,3900,5100,5600,5600,23707,21418,430,668.9165195800549,113.26508299680427,5784.4029999978375,3003.274433711562
1777163957,1020,GET,bulk_update_departures,33.400000,30.600000,640,880,1200,1400,3100,3500,3800,4000,4600,4600,4600,1150,1028,470,807.4178010789404,188.60341599793173,4725.284582993481,239.50347826086957
1777163957,1020,GET,large_scan,63.700000,59.200000,620,840,1200,1400,2800,3600,3900,4600,5600,5600,5600,2326,2126,460,811.888557245958,188.85504198260605,5784.4029999978375,28821.638435081684
1777163957,1020,GET,next_departures,238.800000,219.300000,660,890,1200,1400,2900,3300,3800,4400,5600,7500,7500,8985,8113,470,783.4362929582486,182.49079101951793,7516.669583012117,239.82381747356706
1777163957,1020,GET,point_read,302.900000,280.200000,580,750,920,1100,1600,2400,3500,3800,7600,7700,7700,11041,10015,410,541.7985523054714,113.26508299680427,7740.253249998204,239.9058962050539
1777163957,1020,GET,trips_per_route,33.100000,30.800000,610,760,950,1000,1600,2500,3200,3300,7600,7600,7600,1163,1047,460,592.3620688167232,190.55945801665075,7594.442749978043,267.4926913155632
1777163957,1020,,Aggregated,671.900000,620.100000,610,790,1000,1300,2100,3200,3700,4000,7600,7700,7700,24665,22329,440,670.0617575375327,113.26508299680427,7740.253249998204,2936.5202513683357
1777163958,1024,GET,bulk_update_departures,34.800000,32.100000,610,810,1100,1400,2800,3400,3700,3800,4600,4600,4600,1192,1067,480,804.0046808523005,188.60341599793173,4725.284582993481,239.59144295302013
1777163958,1024,GET,large_scan,67.100000,62.800000,610,810,1100,1300,2600,3600,4000,4700,5100,5100,5100,2411,2208,460,806.2861575193268,188.85504198260605,5784.4029999978375,28227.711737868103
1777163958,1024,GET,next_departures,255.600000,236.500000,620,820,1100,1300,2700,3300,3800,4200,5600,7500,7500,9324,8444,470,775.0370607911703,182.49079101951793,7516.669583012117,240.0526598026598
1777163958,1024,GET,point_read,321.800000,298.800000,550,730,880,1000,1500,2300,3500,3800,7700,8900,8900,11493,10444,410,540.4440172361451,113.26508299680427,8927.133375022095,239.96119377012096
1777163958,1024,GET,trips_per_route,34.900000,32.300000,590,740,930,1000,1600,2500,3200,3300,7600,7600,7600,1214,1096,460,588.5114746315788,190.55945801665075,7594.442749978043,266.9456342668863
1777163958,1024,,Aggregated,714.200000,662.500000,580,760,990,1200,2000,3100,3700,4000,7600,8900,8900,25634,23259,440,665.3097870199574,113.26508299680427,8927.133375022095,2873.6366934540065
1777163959,1024,GET,bulk_update_departures,34.400000,31.700000,590,740,1000,1300,2700,3400,3800,4000,4600,4600,4600,1229,1102,480,803.572458737056,188.60341599793173,4725.284582993481,239.87306753458097
1777163959,1024,GET,large_scan,68.500000,64.600000,590,740,910,1200,2400,3600,4200,4700,5100,5100,5100,2499,2293,470,803.8712013248714,188.85504198260605,5784.4029999978375,27641.362545018008
1777163959,1024,GET,next_departures,254.200000,235.700000,590,750,990,1300,2600,3300,3800,4200,5600,7500,7500,9654,8753,480,774.2384357977169,182.49079101951793,7516.669583012117,240.12865133623367
1777163959,1024,GET,point_read,323.600000,302.000000,540,670,770,910,1500,2300,3400,3800,7700,8900,8900,11938,10866,420,541.8860911946169,113.26508299680427,8927.133375022095,240.03392528061653
1777163959,1024,GET,trips_per_route,35.900000,33.200000,580,680,800,940,1500,2400,3200,3300,7600,7600,7600,1256,1134,470,590.088934378012,190.55945801665075,7594.442749978043,266.8797770700637
1777163959,1024,,Aggregated,716.600000,667.100000,570,700,850,1100,1800,3100,3700,4000,7600,8900,8900,26576,24148,450,665.3051776546463,113.26508299680427,8927.133375022095,2817.93712372065
1777163960,1024,GET,bulk_update_departures,33.900000,31.200000,560,670,780,1000,2500,3400,3700,4000,4600,4600,4600,1287,1156,480,797.1766146664959,188.60341599793173,4725.284582993481,239.8927738927739
1777163960,1024,GET,large_scan,69.700000,66.100000,550,680,800,950,2200,3600,4400,4700,7600,7600,7600,2628,2418,470,798.6722441399658,188.85504198260605,7644.714917027159,26802.461187214612
1777163960,1024,GET,next_departures,261.400000,243.100000,550,670,780,950,2100,3200,3800,4100,5400,7500,7500,10097,9186,470,763.8258588061789,182.49079101951793,7516.669583012117,240.40843814994554
1777163960,1024,GET,point_read,326.100000,305.100000,530,640,730,790,1300,1900,3200,3700,7700,8900,8900,12501,11415,420,540.2393629857096,113.26508299680427,8927.133375022095,240.31997440204785
1777163960,1024,GET,trips_per_route,37.500000,34.700000,560,660,740,840,1400,2300,3100,3300,7600,7600,7600,1323,1199,470,585.8190458191857,190.55945801665075,7594.442749978043,266.2025699168556
1777163960,1024,,Aggregated,728.600000,680.200000,540,660,760,850,1600,3000,3600,4000,7600,8900,8900,27836,25374,450,659.7858000914157,113.26508299680427,8927.133375022095,2749.2973128323033
1777163961,1024,GET,bulk_update_departures,34.700000,32.400000,520,620,710,780,1700,3300,3700,3800,4600,4600,4600,1337,1204,470,787.5657937163452,188.60341599793173,4725.284582993481,240.09349289454002
1777163961,1024,GET,large_scan,72.400000,68.900000,520,630,710,780,1400,3500,4200,4700,7600,7600,7600,2745,2528,470,791.230794403872,188.85504198260605,7644.714917027159,26518.045173041894
1777163961,1024,GET,next_departures,271.800000,253.300000,510,620,700,760,1400,3200,3700,3900,5400,7500,7500,10470,9544,470,756.5039416935608,182.49079101951793,7516.669583012117,240.550811843362
1777163961,1024,GET,point_read,340.500000,321.500000,490,590,660,720,970,1500,3100,3600,7600,8900,8900,13011,11896,420,536.3066552248149,113.26508299680427,8927.133375022095,240.34409345938053
1777163961,1024,GET,trips_per_route,38.100000,35.700000,520,630,690,740,970,1500,3100,3300,7600,7600,7600,1364,1238,470,582.3754116809088,190.55945801665075,7594.442749978043,265.84824046920824
1777163961,1024,,Aggregated,757.500000,711.800000,500,610,680,740,1300,2300,3600,3900,7600,8900,8900,28927,26410,450,653.9823078449793,113.26508299680427,8927.133375022095,2735.2072458256994
1777163962,1024,GET,bulk_update_departures,38.100000,35.600000,490,580,650,710,1300,3300,3700,3800,4600,4600,4600,1389,1251,470,787.4789669666759,188.60341599793173,4725.284582993481,240.0179985601152
1777163962,1024,GET,large_scan,80.700000,77.300000,480,590,650,710,1200,2000,4000,4700,7600,7600,7600,2828,2606,460,788.3381684698269,188.85504198260605,7644.714917027159,26334.497878359263
1777163962,1024,GET,next_departures,295.400000,277.400000,480,570,650,700,1200,2100,3600,3900,5400,7500,7500,10824,9886,470,751.6852182300679,182.49079101951793,7516.669583012117,240.7219142645972
1777163962,1024,GET,point_read,375.300000,357.500000,470,550,630,670,850,1300,1500,3400,7600,8900,8900,13413,12282,420,534.6985111405968,113.26508299680427,8927.133375022095,240.4857973607694
1777163962,1024,GET,trips_per_route,41.700000,39.500000,500,590,660,690,910,1100,1500,1700,7600,7600,7600,1414,1285,460,580.2109546468628,190.55945801665075,7594.442749978043,265.71852899575674
1777163962,1024,,Aggregated,831.200000,787.300000,480,570,640,680,940,1400,3400,3800,7600,8900,8900,29868,27310,440,651.2588337843522,113.26508299680427,8927.133375022095,2712.4106401499935
1777163963,1024,GET,bulk_update_departures,41.200000,38.700000,490,580,650,710,990,3100,3600,3700,4500,4500,4500,1432,1293,480,786.1222432973124,188.60341599793173,4725.284582993481,240.36801675977654
1777163963,1024,GET,large_scan,90.300000,86.300000,480,580,650,690,990,1500,4200,4700,7600,7600,7600,2906,2679,470,792.8255487252375,188.85504198260605,7644.714917027159,26206.046799724707
1777163963,1024,GET,next_departures,321.400000,303.000000,480,570,640,680,930,1500,3600,3800,5400,7500,7500,11106,10159,470,752.8342367933097,182.49079101951793,7516.669583012117,240.86034575904915
1777163963,1024,GET,point_read,410.900000,391.600000,470,540,610,650,780,1000,1400,1500,7600,8900,8900,13795,12645,420,538.3443850643723,113.26508299680427,8927.133375022095,240.59492569771658
1777163963,1024,GET,trips_per_route,44.800000,42.500000,490,570,640,670,790,990,1400,1600,7600,7600,7600,1448,1318,470,582.9379894630871,190.55945801665075,7594.442749978043,265.50828729281767
1777163963,1024,,Aggregated,908.600000,862.100000,480,560,630,670,840,1300,3300,3700,7600,8900,8900,30687,28094,450,653.7364399103614,113.26508299680427,8927.133375022095,2700.734415224688
1777163964,1024,GET,bulk_update_departures,44.600000,42.300000,490,580,650,710,1400,3100,3600,3700,4500,4500,4500,1488,1347,470,785.8711429952202,188.60341599793173,4725.284582993481,240.58870967741936
1777163964,1024,GET,large_scan,94.800000,91.000000,490,590,650,700,1200,1500,4200,4600,7600,7600,7600,2999,2767,470,792.9902993816086,188.85504198260605,7644.714917027159,25955.035345115037
1777163964,1024,GET,next_departures,341.700000,325.700000,480,560,630,680,930,1400,3600,3800,4900,7500,7500,11544,10588,470,748.4679109127918,182.49079101951793,7516.669583012117,241.102823977824
1777163964,1024,GET,point_read,435.000000,416.800000,470,540,610,660,800,1300,1400,1400,7600,8900,8900,14332,13167,420,540.4187359605176,113.26508299680427,8927.133375022095,240.7572564889757
1777163964,1024,GET,trips_per_route,48.000000,45.500000,500,580,650,690,870,1400,1400,1400,7600,7600,7600,1506,1376,470,587.4624663256919,190.55945801665075,7594.442749978043,264.98605577689244
1777163964,1024,,Aggregated,964.100000,921.300000,480,560,630,670,850,1400,3100,3700,7600,8900,8900,31869,29245,440,653.2325309947649,113.26508299680427,8927.133375022095,2661.8356396498166
1777163965,1024,GET,bulk_update_departures,45.700000,43.200000,480,560,630,680,1100,1600,3600,3800,4500,4500,4500,1533,1390,470,780.2036845935002,188.60341599793173,4725.284582993481,240.69015003261578
1777163965,1024,GET,large_scan,95.100000,91.300000,480,570,640,680,1200,1500,4300,4600,7600,7600,7600,3095,2857,460,789.4929859901777,188.85504198260605,7644.714917027159,25801.820355411954
1777163965,1024,GET,next_departures,344.600000,329.600000,470,540,610,660,910,1400,3600,3900,4900,7500,7500,11897,10929,460,743.6545211738945,182.49079101951793,7516.669583012117,241.23997646465494
1777163965,1024,GET,point_read,440.500000,421.100000,450,520,590,640,790,1200,1400,1400,7600,8900,8900,14770,13590,420,537.8223175802335,113.26508299680427,8927.133375022095,240.89945836154368
1777163965,1024,GET,trips_per_route,48.400000,45.700000,470,560,640,680,870,1400,1400,1400,7600,7600,7600,1556,1425,460,583.6006020748531,190.55945801665075,7594.442749978043,264.6073264781491
1777163965,1024,,Aggregated,974.300000,930.900000,460,540,610,650,840,1400,1800,3700,7600,8900,8900,32851,30191,440,649.5543224259765,113.26508299680427,8927.133375022095,2650.313780402423
1777163966,1024,GET,bulk_update_departures,47.000000,44.500000,460,540,610,680,1300,2900,3600,3700,4500,4500,4500,1571,1426,470,777.0981972322107,188.60341599793173,4725.284582993481,240.7982176957352
1777163966,1024,GET,large_scan,96.800000,92.600000,460,550,630,680,1300,2000,4300,4700,7600,7600,7600,3188,2945,460,788.3400513926472,188.85504198260605,7644.714917027159,25577.54391468005
1777163966,1024,GET,next_departures,363.100000,349.100000,460,520,590,650,910,1400,3600,3800,4700,5400,5400,12248,11259,460,742.3662180999227,182.49079101951793,7516.669583012117,241.27122795558458
1777163966,1024,GET,point_read,460.200000,441.600000,440,500,560,620,770,1300,1400,1500,1900,8900,8900,15265,14058,420,536.6426672874409,113.26508299680427,8927.133375022095,240.88784801834262
1777163966,1024,GET,trips_per_route,49.400000,47.100000,460,540,620,660,840,1400,1400,1400,1500,1500,1500,1608,1475,460,581.7059452701915,190.55945801665075,7594.442749978043,264.4247512437811
1777163966,1024,,Aggregated,1016.500000,974.900000,450,520,590,640,840,1400,2000,3700,4900,8900,8900,33880,31163,440,647.9865486161934,113.26508299680427,8927.133375022095,2626.2379574970482
1777163967,1024,GET,bulk_update_departures,47.700000,45.200000,470,580,650,720,1300,2900,3600,3600,4500,4500,4500,1612,1465,470,777.6332988907313,188.60341599793173,4725.284582993481,240.91439205955334
1777163967,1024,GET,large_scan,94.900000,90.700000,480,590,660,700,1400,2000,4300,4600,7600,7600,7600,3253,3007,470,789.9628996208858,188.85504198260605,7644.714917027159,25377.89578850292
1777163967,1024,GET,next_departures,358.400000,344.600000,470,560,620,680,970,1500,3700,4300,4800,5000,5000,12565,11549,470,746.9918309255764,182.49079101951793,7516.669583012117,241.19633903700756
1777163967,1024,GET,point_read,458.100000,439.400000,450,530,600,640,800,1300,1400,1500,1700,7500,7500,15585,14358,430,538.4990582785362,113.26508299680427,8927.133375022095,240.89034327879372
1777163967,1024,GET,trips_per_route,49.400000,47.200000,470,580,640,690,870,1400,1400,1500,1700,1700,1700,1643,1506,470,583.6870575645951,190.55945801665075,7594.442749978043,264.45709068776625
1777163967,1024,,Aggregated,1008.600000,967.100000,460,550,620,670,870,1400,3000,3800,4800,7600,7600,34658,31885,450,650.9536673988131,113.26508299680427,8927.133375022095,2601.4790236020544
1777163968,1024,GET,bulk_update_departures,47.200000,44.800000,480,610,710,770,1400,2900,3600,3600,4500,4500,4500,1660,1510,480,785.1494056823473,188.60341599793173,4725.284582993481,240.92831325301205
1777163968,1024,GET,large_scan,96.200000,91.900000,480,620,690,760,1400,2000,4200,4600,7600,7600,7600,3334,3086,480,794.7020477683623,188.85504198260605,7644.714917027159,24966.71655668866
1777163968,1024,GET,next_departures,361.400000,347.800000,470,580,660,710,1100,1500,3700,4300,5000,5400,5400,12877,11849,480,750.8435376410926,182.49079101951793,7516.669583012117,241.29696357847325
1777163968,1024,GET,point_read,465.300000,446.800000,460,570,640,690,880,1400,1500,1600,1900,7500,7500,16029,14790,430,545.7023091459747,113.26508299680427,8927.133375022095,241.08777840164703
1777163968,1024,GET,trips_per_route,50.400000,48.400000,470,590,660,710,920,1400,1400,1500,1800,1800,1800,1681,1543,470,588.856319178284,190.55945801665075,7594.442749978043,264.3176680547293
1777163968,1024,,Aggregated,1020.500000,979.700000,470,580,660,710,970,1400,2300,3700,4900,7600,7600,35581,32778,460,656.4859520737539,113.26508299680427,8927.133375022095,2559.0868441021894
1777163969,1024,GET,bulk_update_departures,46.500000,44.100000,490,620,720,790,1400,2900,3600,3700,4800,4800,4800,1693,1542,480,784.4882792231354,188.60341599793173,4793.822084000567,241.06497341996456
1777163969,1024,GET,large_scan,93.500000,88.700000,490,620,690,750,1400,2000,4200,4600,7600,7600,7600,3389,3140,480,792.2625570881457,188.85504198260605,7644.714917027159,24663.693419887873
1777163969,1024,GET,next_departures,359.700000,344.400000,480,590,660,710,1300,1600,3700,4400,5000,5400,5400,13129,12088,480,750.6983402700367,182.49079101951793,7516.669583012117,241.32790006855055
1777163969,1024,GET,point_read,455.600000,435.800000,460,570,630,680,870,1400,1500,1600,1900,3800,3800,16339,15086,440,546.7034781328001,113.26508299680427,8927.133375022095,241.1823857029194
1777163969,1024,GET,trips_per_route,48.000000,45.900000,480,600,670,710,920,1400,1400,1500,1800,1800,1800,1715,1577,470,589.0817992470659,190.55945801665075,7594.442749978043,264.0396501457726
1777163969,1024,,Aggregated,1003.300000,958.900000,470,580,660,700,990,1400,2900,3800,4900,7600,7600,36265,33433,460,656.6082555362545,113.26508299680427,8927.133375022095,2524.618254515373
1777163970,1024,GET,bulk_update_departures,45.900000,43.300000,570,700,810,920,1400,1700,3600,3700,4800,4800,4800,1732,1580,490,788.9734562977579,188.60341599793173,4793.822084000567,241.10969976905312
1777163970,1024,GET,large_scan,89.500000,84.900000,560,670,810,910,1400,3700,4400,4700,6100,6100,6100,3484,3227,480,805.0222332143437,188.85504198260605,7644.714917027159,24760.91417910448
1777163970,1024,GET,next_departures,344.900000,330.000000,530,660,750,850,1300,1600,3800,4400,5100,5400,5400,13555,12485,490,759.1379954589821,182.49079101951793,7516.669583012117,241.31338989302841
1777163970,1024,GET,point_read,438.000000,419.300000,500,620,710,770,1000,1400,1500,1600,3800,3900,3900,16842,15571,440,554.7254845948838,113.26508299680427,8927.133375022095,241.31362071012944
1777163970,1024,GET,trips_per_route,45.100000,43.100000,530,640,710,810,990,1400,1500,1700,3700,3700,3700,1758,1616,480,595.4865867694538,190.55945801665075,7594.442749978043,263.99658703071674
1777163970,1024,,Aggregated,963.400000,920.600000,520,650,730,820,1200,1500,3400,3900,5100,6100,6100,37371,34479,460,664.9773098488299,113.26508299680427,8927.133375022095,2528.2689786197852
1777163971,1024,GET,bulk_update_departures,46.100000,43.700000,580,710,810,920,1400,2900,3600,3800,4800,4800,4800,1772,1616,490,789.764662044438,188.60341599793173,4793.822084000567,241.12471783295712
1777163971,1024,GET,large_scan,89.200000,84.900000,570,680,810,910,1500,4100,4500,4900,6600,6600,6600,3587,3318,490,810.2262709022777,188.85504198260605,7644.714917027159,25168.55840535266
1777163971,1024,GET,next_departures,347.700000,333.800000,560,660,750,850,1300,1800,3900,4500,5300,5400,5400,13906,12820,490,756.9055292963919,182.49079101951793,7516.669583012117,241.364734646915
1777163971,1024,GET,point_read,440.600000,422.700000,520,630,710,760,970,1400,1500,1600,3800,3900,3900,17325,16009,440,553.0075069912858,113.26508299680427,8927.133375022095,241.14395382395384
1777163971,1024,GET,trips_per_route,45.900000,44.300000,550,650,710,790,980,1400,1500,1700,3700,3700,3700,1801,1656,480,593.5669290198547,190.55945801665075,7594.442749978043,263.93337034980567
1777163971,1024,,Aggregated,969.500000,929.400000,540,650,730,810,1100,1500,3600,4200,5300,6600,6600,38391,35419,470,663.7269673374877,113.26508299680427,8927.133375022095,2571.344143158553
1777163972,1024,GET,bulk_update_departures,44.300000,42.100000,570,700,820,940,1400,1800,3600,3800,4800,4800,4800,1788,1631,490,790.2477444394365,188.60341599793173,4793.822084000567,241.22259507829978
1777163972,1024,GET,large_scan,83.800000,79.500000,560,670,780,910,1500,4100,4500,4900,6600,6600,6600,3627,3354,490,811.921231935079,188.85504198260605,7644.714917027159,25260.233250620346
1777163972,1024,GET,next_departures,339.000000,323.500000,550,660,760,860,1400,2300,4000,4500,5300,5400,5400,14026,12926,490,759.2804642612717,182.49079101951793,7516.669583012117,241.38813631826608
1777163972,1024,GET,point_read,424.300000,406.300000,510,610,700,760,1000,1400,1500,1600,3800,3900,3900,17488,16147,440,553.4580507511615,113.26508299680427,8927.133375022095,241.09086230558097
1777163972,1024,GET,trips_per_route,43.300000,41.700000,540,640,710,790,990,1400,1500,1700,3700,3700,3700,1812,1666,480,593.7874865925606,190.55945801665075,7594.442749978043,264.04635761589407
1777163972,1024,,Aggregated,934.700000,893.100000,530,640,730,820,1200,1500,3600,4200,5300,6600,6600,38741,35724,470,664.9876457566075,113.26508299680427,8927.133375022095,2584.6140006711234
1777163973,1024,GET,bulk_update_departures,43.400000,41.200000,600,730,860,1000,1500,3100,3600,3800,4800,4800,4800,1809,1646,500,802.9447474282746,188.60341599793173,4793.822084000567,240.96683250414594
1777163973,1024,GET,large_scan,82.200000,77.200000,570,680,810,940,1500,4100,4600,5400,6600,6600,6600,3652,3377,490,817.0309518238228,188.85504198260605,7644.714917027159,25271.022727272728
1777163973,1024,GET,next_departures,336.500000,321.100000,580,690,820,900,1400,3200,4000,4500,5300,5400,5400,14166,13051,490,767.1405921411501,182.49079101951793,7516.669583012117,241.42580827333052
1777163973,1024,GET,point_read,423.100000,404.100000,540,640,730,800,1000,1400,1600,1800,3800,3900,3900,17658,16302,450,560.0398718589458,113.26508299680427,8927.133375022095,241.1380110997848
1777163973,1024,GET,trips_per_route,42.900000,41.200000,560,660,720,820,980,1300,1500,1700,3700,3700,3700,1831,1682,490,600.1822971505694,190.55945801665075,7594.442749978043,264.21135991261605
1777163973,1024,,Aggregated,928.100000,884.800000,560,670,770,860,1200,1600,3600,4200,5400,6600,6600,39116,36058,470,672.1483678238504,113.26508299680427,8927.133375022095,2579.1877492586154
1777163974,1024,GET,bulk_update_departures,40.200000,38.200000,680,860,1100,1200,2100,3100,3600,3800,4800,4800,4800,1832,1665,510,817.923787921253,188.60341599793173,4793.822084000567,240.90010917030568
1777163974,1024,GET,large_scan,81.200000,76.000000,630,790,980,1200,2200,4100,4600,5400,6600,6600,6600,3694,3413,500,831.3985633845272,188.85504198260605,7644.714917027159,25526.323768272876
1777163974,1024,GET,next_departures,321.200000,305.200000,630,790,920,1000,1800,3300,3900,4500,5300,5500,5500,14307,13176,500,778.3092203072953,182.49079101951793,7516.669583012117,241.42245054868246
1777163974,1024,GET,point_read,409.000000,387.400000,590,700,820,910,1200,1600,2200,2500,3800,8400,8400,17827,16450,450,570.0100681997734,113.26508299680427,8927.133375022095,241.11605990912662
1777163974,1024,GET,trips_per_route,40.300000,38.600000,600,710,840,910,1300,1700,2100,2400,3700,3700,3700,1847,1698,490,611.361130503913,190.55945801665075,7594.442749978043,264.1710882512182
1777163974,1024,,Aggregated,891.900000,845.400000,610,740,880,980,1500,2200,3600,4200,5800,8400,8400,39507,36402,470,683.3129871007312,113.26508299680427,8927.133375022095,2606.5228946768925
1777163975,1024,GET,bulk_update_departures,37.900000,35.900000,720,970,1200,1500,2800,3300,3800,3800,4800,4800,4800,1896,1726,510,833.2988251634173,188.60341599793173,4793.822084000567,241.07489451476792
1777163975,1024,GET,large_scan,76.500000,71.600000,670,920,1200,1500,3000,4100,4600,5400,6600,6600,6600,3795,3507,500,846.7448980623421,188.85504198260605,7644.714917027159,25466.43372859025
1777163975,1024,GET,next_departures,309.900000,293.200000,680,890,1100,1400,2600,3400,3800,4500,5300,5500,5500,14715,13564,500,795.9201833487,182.49079101951793,7516.669583012117,241.4546381243629
1777163975,1024,GET,point_read,392.500000,372.100000,630,780,930,1000,1600,2200,3400,3400,3800,8400,8400,18278,16892,450,588.0122580077225,113.26508299680427,8927.133375022095,241.27935222672065
1777163975,1024,GET,trips_per_route,38.700000,36.800000,650,810,930,1000,1500,2200,3100,3200,3700,3700,3700,1882,1733,490,623.5154949052358,190.55945801665075,7594.442749978043,263.95908607863976
1777163975,1024,,Aggregated,855.500000,809.600000,650,840,1000,1200,1900,3200,3600,4200,5800,8400,8400,40566,37422,470,700.7454807451869,113.26508299680427,8927.133375022095,2602.2302913770154
1777163976,1024,GET,bulk_update_departures,35.100000,32.600000,720,1000,1200,1500,3000,3400,3800,4100,4800,4800,4800,1933,1762,510,835.2652488410845,188.60341599793173,4793.822084000567,241.1738230729436
1777163976,1024,GET,large_scan,69.900000,65.400000,650,890,1200,1400,3100,3900,4500,5400,6600,6600,6600,3889,3595,490,845.0060040662199,188.85504198260605,7644.714917027159,25369.532270506556
1777163976,1024,GET,next_departures,280.800000,263.200000,650,870,1100,1300,2600,3400,3700,4100,5300,5500,5500,15117,13951,490,793.5621344004377,182.49079101951793,7516.669583012117,241.54666931269432
1777163976,1024,GET,point_read,355.500000,334.400000,600,750,910,1000,1600,2400,3400,3600,4300,8400,8400,18796,17392,450,588.4716145206149,113.26508299680427,8927.133375022095,241.36092785699086
1777163976,1024,GET,trips_per_route,34.600000,32.700000,620,780,910,990,1500,2300,3200,3400,4200,4200,4200,1929,1779,480,621.7190041647182,190.55945801665075,7594.442749978043,263.7065837221358
1777163976,1024,,Aggregated,775.900000,728.300000,630,820,990,1200,2000,3300,3700,4100,5800,8400,8400,41664,38479,470,699.8195873444195,113.26508299680427,8927.133375022095,2587.96733390937
1777163977,1024,GET,bulk_update_departures,34.300000,31.900000,640,960,1200,1400,3000,3400,3800,3900,4800,4800,4800,1973,1798,510,834.4287377348721,188.60341599793173,4793.822084000567,241.09528636594018
1777163977,1024,GET,large_scan,68.700000,63.800000,580,840,1100,1400,3200,3900,4500,4900,6600,6600,6600,3967,3667,490,844.8168839230173,188.85504198260605,7644.714917027159,25378.159062263676
1777163977,1024,GET,next_departures,278.500000,260.500000,600,850,1000,1300,2700,3400,3800,4500,5500,5800,5800,15427,14243,490,794.2166256822663,182.49079101951793,7516.669583012117,241.58702275231735
1777163977,1024,GET,point_read,345.700000,325.100000,550,720,880,990,1500,2400,3400,3600,4300,8400,8400,19174,17750,450,587.1524794397872,113.26508299680427,8927.133375022095,241.3839052884114
1777163977,1024,GET,trips_per_route,32.900000,31.100000,570,730,890,980,1500,2300,3200,3400,4800,4800,4800,1974,1819,490,622.1294975043992,190.55945801665075,7594.442749978043,263.71833839918946
1777163977,1024,,Aggregated,760.000000,712.400000,570,780,960,1100,2000,3300,3700,4100,5800,8400,8400,42515,39277,470,699.4294162372317,113.26508299680427,8927.133375022095,2587.949570739739
1777163978,1024,GET,bulk_update_departures,36.100000,33.500000,610,970,1200,1500,3000,3400,3800,3800,4100,4100,4100,2013,1837,510,833.2874153452298,188.60341599793173,4793.822084000567,241.25384997516144
1777163978,1024,GET,large_scan,69.600000,64.500000,560,820,1100,1400,3200,3900,4500,4900,6600,6600,6600,4040,3740,500,841.3707272533178,188.85504198260605,7644.714917027159,24924.12301980198
1777163978,1024,GET,next_departures,283.700000,266.100000,580,860,1100,1400,2800,3400,3800,4400,5500,5800,5800,15684,14487,500,794.5057453955898,182.49079101951793,7516.669583012117,241.6339581739352
1777163978,1024,GET,point_read,349.000000,328.900000,530,700,880,1000,1500,2500,3400,3500,4300,8400,8400,19534,18102,450,588.8162806493626,113.26508299680427,8927.133375022095,241.52324152759292
1777163978,1024,GET,trips_per_route,33.200000,31.500000,540,720,910,1000,1500,2400,3200,3700,4800,4800,4800,2007,1850,490,623.4540949748979,190.55945801665075,7594.442749978043,263.6118584952666
1777163978,1024,,Aggregated,771.600000,724.500000,550,780,980,1200,2000,3300,3700,4100,5800,8400,8400,43278,40016,480,699.9118030130081,113.26508299680427,8927.133375022095,2546.6951337862192
1777163979,1024,GET,bulk_update_departures,36.100000,33.500000,590,900,1200,1500,3000,3400,3800,3800,4100,4100,4100,2054,1878,520,831.946481036035,188.60341599793173,4793.822084000567,241.41382667964947
1777163979,1024,GET,large_scan,69.600000,64.500000,540,700,1000,1400,3000,3900,4500,4700,6600,6600,6600,4111,3809,500,840.6211737670384,188.85504198260605,7644.714917027159,24659.626854779857
1777163979,1024,GET,next_departures,283.700000,266.100000,560,760,1100,1400,2600,3400,3700,4400,5500,5800,5800,15988,14780,500,796.6230415180313,182.49079101951793,7516.669583012117,241.67919689767325
1777163979,1024,GET,point_read,349.000000,328.900000,530,640,830,1000,1600,2400,3400,3500,7700,8400,8400,19888,18449,460,592.8239163345187,113.26508299680427,8927.133375022095,241.64556516492357
1777163979,1024,GET,trips_per_route,33.200000,31.500000,540,670,910,1200,1600,2200,3100,3400,4800,4800,4800,2048,1889,490,628.7262671057618,190.55945801665075,7594.442749978043,263.455078125
1777163979,1024,,Aggregated,771.600000,724.500000,540,690,960,1200,2000,3300,3600,4100,5800,8400,8400,44089,40805,480,702.640893381296,113.26508299680427,8927.133375022095,2519.4710698813765
1777163980,1024,GET,bulk_update_departures,35.700000,33.100000,610,830,1200,1500,2900,3400,3800,3800,4100,4100,4100,2111,1932,520,833.8024931937088,188.60341599793173,4793.822084000567,241.47418285172904
1777163980,1024,GET,large_scan,71.500000,66.300000,560,710,940,1300,2600,3700,4100,4400,5800,5800,5800,4210,3902,500,841.608265899384,188.85504198260605,7644.714917027159,24559.237767220904
1777163980,1024,GET,next_departures,286.600000,269.800000,580,730,1000,1400,2600,3400,3700,4300,5500,5800,5800,16427,15194,510,797.4279386402995,182.49079101951793,7516.669583012117,241.64460948438546
1777163980,1024,GET,point_read,358.300000,338.700000,550,680,800,970,1600,2400,3400,3500,7700,8400,8400,20380,18914,460,594.322816045963,113.26508299680427,8927.133375022095,241.66570166830226
1777163980,1024,GET,trips_per_route,33.700000,31.900000,550,680,850,1200,1700,2500,3300,3700,4800,4800,4800,2099,1938,500,632.0256878444924,190.55945801665075,7594.442749978043,263.2405907575036
1777163980,1024,,Aggregated,785.800000,739.800000,560,700,910,1200,2000,3300,3600,4100,5500,8400,8400,45227,41880,480,704.0395675241492,113.26508299680427,8927.133375022095,2506.275631812855
1777163981,1024,GET,bulk_update_departures,36.600000,34.100000,600,780,1100,1400,2800,3400,3700,3800,4100,4100,4100,2164,1984,520,828.7336326284343,188.60341599793173,4793.822084000567,241.64879852125694
1777163981,1024,GET,large_scan,73.000000,67.700000,570,700,900,1300,2500,3700,4100,4300,5000,5000,5000,4323,4010,510,839.1388497716036,188.85504198260605,7644.714917027159,24308.124913254684
1777163981,1024,GET,next_departures,289.400000,272.400000,590,720,960,1300,2500,3400,3700,4200,5500,5800,5800,16850,15599,510,795.5496012859271,182.49079101951793,7516.669583012117,241.68836795252224
1777163981,1024,GET,point_read,359.300000,340.100000,550,670,780,930,1600,2300,3400,3500,7800,8400,8400,20897,19409,470,594.0227280224877,113.26508299680427,8927.133375022095,241.72015121787817
1777163981,1024,GET,trips_per_route,33.700000,31.600000,550,660,820,1100,1600,2300,3300,3700,4800,4800,4800,2156,1993,500,630.2951587030409,190.55945801665075,7594.442749978043,263.0134508348794
1777163981,1024,,Aggregated,792.000000,745.900000,570,690,860,1100,1900,3200,3600,4100,5500,8400,8400,46390,42995,490,702.6987911163615,113.26508299680427,8927.133375022095,2485.399525759862
1777163982,1024,GET,bulk_update_departures,37.100000,34.500000,570,680,840,1100,2700,3300,3600,3800,4100,4100,4100,2209,2029,520,820.8078363553377,188.60341599793173,4793.822084000567,241.818017202354
1777163982,1024,GET,large_scan,73.600000,68.400000,540,650,760,900,2300,3600,4100,4300,5000,5000,5000,4424,4106,500,833.5811374002087,188.85504198260605,7644.714917027159,24134.377712477395
1777163982,1024,GET,next_departures,288.800000,272.100000,550,670,770,970,2200,3300,3600,4100,5500,16000,16000,17215,15956,510,790.0946407712808,182.49079101951793,15804.971208010102,241.8373511472553
1777163982,1024,GET,point_read,356.900000,337.100000,530,620,700,780,1500,2200,3400,3500,7800,8400,8400,21335,19834,460,590.6125000544631,113.26508299680427,8927.133375022095,241.8106866651043
1777163982,1024,GET,trips_per_route,33.200000,31.200000,520,620,690,820,1500,2200,3200,3700,4800,4800,4800,2209,2043,500,625.9572507703482,190.55945801665075,7594.442749978043,262.8596650067904
1777163982,1024,,Aggregated,789.600000,743.300000,540,640,730,860,1700,3100,3500,4100,5500,16000,16000,47392,43968,490,698.1318357287859,113.26508299680427,15804.971208010102,2473.1511858541526
1777163983,1024,GET,bulk_update_departures,38.400000,36.000000,560,640,740,880,1700,3200,3600,3800,4100,4100,4100,2239,2057,520,821.3707686150459,188.60341599793173,4793.822084000567,241.8338543992854
1777163983,1024,GET,large_scan,72.500000,67.800000,530,630,710,820,1700,3500,4100,4200,5000,5000,5000,4480,4161,510,832.2875549449967,188.85504198260605,7644.714917027159,23909.99776785714
1777163983,1024,GET,next_departures,290.800000,274.300000,540,630,720,830,1700,3300,3600,4100,5500,16000,16000,17450,16187,510,789.1597319651393,182.49079101951793,15804.971208010102,241.91942693409743
1777163983,1024,GET,point_read,354.700000,337.100000,520,600,680,740,1200,1800,3400,3500,7800,8400,8400,21654,20145,470,591.6299922179272,113.26508299680427,8927.133375022095,241.8865798466796
1777163983,1024,GET,trips_per_route,34.900000,32.900000,520,590,660,750,1400,1900,3200,3400,4800,4800,4800,2241,2074,500,627.0796941440017,190.55945801665075,7594.442749978043,262.7416331994645
1777163983,1024,,Aggregated,791.300000,748.100000,530,620,700,780,1500,3000,3500,4000,5500,16000,16000,48064,44624,490,698.1311619078294,113.26508299680427,15804.971208010102,2448.9506907456725
1777163984,1024,GET,bulk_update_departures,41.000000,38.600000,570,680,820,930,1600,3400,3800,3900,4600,4600,4600,2278,2089,530,836.4081839926137,188.60341599793173,4793.822084000567,241.54828797190518
1777163984,1024,GET,large_scan,76.600000,72.000000,540,650,750,860,1500,3700,4100,4700,5000,5000,5000,4550,4215,510,845.5223957111283,188.85504198260605,7644.714917027159,24714.301098901098
1777163984,1024,GET,next_departures,308.900000,292.700000,550,660,780,930,1500,3200,3900,4300,5500,16000,16000,17755,16445,510,802.1571348704252,182.49079101951793,15804.971208010102,241.668882005069
1777163984,1024,GET,point_read,375.100000,359.000000,530,620,700,790,1200,1500,1900,3400,4300,7900,7900,22020,20469,470,601.1848388692661,113.26508299680427,8927.133375022095,241.75672116257948
1777163984,1024,GET,trips_per_route,38.100000,36.100000,520,610,690,830,1400,1500,1900,3400,4800,4800,4800,2271,2102,500,635.9379750989585,190.55945801665075,7594.442749978043,262.86701893439016
1777163984,1024,,Aggregated,839.700000,798.400000,540,640,730,850,1400,1800,3600,4100,5300,16000,16000,48874,45320,490,709.5197848875885,113.26508299680427,15804.971208010102,2521.0050742726194
1777163985,1024,GET,bulk_update_departures,43.300000,41.200000,570,670,800,910,1500,2900,3600,3800,4600,4600,4600,2343,2153,520,829.4059624110283,188.60341599793173,4793.822084000567,241.7055057618438
1777163985,1024,GET,large_scan,82.000000,77.600000,540,650,740,840,1300,3000,4100,4300,5000,5000,5000,4663,4327,510,838.5264472229923,188.85504198260605,7644.714917027159,24192.668453785118
1777163985,1024,GET,next_departures,327.300000,312.200000,560,670,780,910,1400,2600,3700,4200,5500,16000,16000,18173,16857,510,796.9898371939257,182.49079101951793,15804.971208010102,241.81500027513343
1777163985,1024,GET,point_read,398.900000,383.200000,540,630,710,800,1200,1400,1600,1700,3700,7900,7900,22555,20994,470,599.9344523892743,113.26508299680427,8927.133375022095,241.89492352028375
1777163985,1024,GET,trips_per_route,40.900000,39.100000,540,660,780,890,1200,1500,1700,1900,4800,4800,4800,2324,2151,500,636.3155379684613,190.55945801665075,7594.442749978043,262.8592943201377
1777163985,1024,,Aggregated,892.400000,853.300000,550,650,740,840,1200,1500,3300,3800,5100,16000,16000,50058,46482,490,706.1281351339163,113.26508299680427,15804.971208010102,2473.8914459227294
1777163986,1024,GET,bulk_update_departures,42.800000,40.900000,550,640,750,880,1300,1700,3500,3800,4600,4600,4600,2393,2203,520,820.8308131562698,188.60341599793173,4793.822084000567,241.83284580025074
1777163986,1024,GET,large_scan,81.700000,77.100000,540,640,720,820,1200,1700,4000,4100,4900,4900,4900,4764,4427,500,830.7177303183959,188.85504198260605,7644.714917027159,23754.830184718725
1777163986,1024,GET,next_departures,327.400000,312.700000,550,660,750,880,1400,1800,3600,4100,5100,16000,16000,18611,17281,510,791.3984398177582,182.49079101951793,15910.039291979047,241.89146203857933
1777163986,1024,GET,point_read,397.800000,384.100000,530,620,710,790,1100,1400,1500,1700,3700,7900,7900,23077,21512,470,596.4503591662761,113.26508299680427,8927.133375022095,242.07760974130088
1777163986,1024,GET,trips_per_route,40.600000,38.800000,540,650,770,890,1200,1500,1600,1900,3800,3800,3800,2367,2194,500,632.8762802191981,190.55945801665075,7594.442749978043,262.63075623151667
1777163986,1024,,Aggregated,890.300000,853.600000,540,640,720,830,1200,1500,2900,3700,5000,16000,16000,51212,47617,490,701.2576517286352,113.26508299680427,15910.039291979047,2430.223990470983
1777163987,1024,GET,bulk_update_departures,41.800000,39.600000,510,610,710,830,1300,1600,3600,3800,4600,4600,4600,2434,2243,510,814.5662295809054,188.60341599793173,4793.822084000567,241.98274445357436
1777163987,1024,GET,large_scan,81.500000,76.500000,510,600,690,800,1200,2000,4000,4300,4900,4900,4900,4879,4535,500,824.8314069801258,188.85504198260605,7644.714917027159,23677.421602787457
1777163987,1024,GET,next_departures,324.400000,308.000000,510,610,710,830,1300,1800,3600,4100,5100,16000,16000,19050,17695,500,785.8924439040136,182.49079101951793,15910.039291979047,241.88047244094489
1777163987,1024,GET,point_read,398.700000,381.500000,500,590,670,740,1100,1400,1500,1700,3700,7900,7900,23616,22016,460,590.9651757536037,113.26508299680427,8927.133375022095,242.01672594850947
1777163987,1024,GET,trips_per_route,41.500000,39.400000,510,610,680,830,1200,1500,1600,1900,3800,3800,3800,2420,2244,500,628.316237701104,190.55945801665075,7594.442749978043,262.5409090909091
1777163987,1024,,Aggregated,887.900000,845.000000,510,600,690,780,1200,1500,2900,3800,5000,16000,16000,52399,48733,480,695.719700369492,113.26508299680427,15910.039291979047,2425.0417946907382
1777163988,1024,GET,bulk_update_departures,42.700000,40.800000,500,600,700,810,1200,1900,3600,3800,4600,4600,4600,2466,2273,510,814.346659050642,188.60341599793173,4793.822084000567,242.0081103000811
1777163988,1024,GET,large_scan,82.500000,78.000000,500,590,690,800,1200,2700,4100,4500,5300,5300,5300,4940,4592,500,825.346967119815,188.85504198260605,7644.714917027159,23657.178542510122
1777163988,1024,GET,next_departures,324.400000,308.800000,500,600,690,790,1300,1900,3700,4100,5100,16000,16000,19287,17914,500,786.133003594664,182.49079101951793,15910.039291979047,241.91206512158448
1777163988,1024,GET,point_read,399.900000,383.400000,490,570,650,710,1000,1300,1500,1500,3300,7800,7800,23963,22317,460,590.5588841429891,113.26508299680427,8927.133375022095,241.8561532362392
1777163988,1024,GET,trips_per_route,40.900000,38.600000,500,580,670,760,1200,1400,1500,1600,3800,3800,3800,2454,2275,500,627.782666151503,190.55945801665075,7594.442749978043,262.50651996740015
1777163988,1024,,Aggregated,890.400000,849.600000,500,580,680,750,1200,1400,3100,3800,5000,16000,16000,53110,49371,480,695.5315632192617,113.26508299680427,15910.039291979047,2420.8021464884205
1777163989,1024,GET,bulk_update_departures,44.000000,42.400000,500,620,720,890,1300,1600,3500,3800,4600,4600,4600,2497,2304,510,816.4207565962752,188.60341599793173,4793.822084000567,242.120945134161
1777163989,1024,GET,large_scan,83.200000,79.400000,500,620,730,860,1300,2700,4000,4500,5300,5300,5300,5019,4671,500,828.1589013566269,188.85504198260605,7644.714917027159,23288.818290496114
1777163989,1024,GET,next_departures,333.800000,318.400000,500,620,730,880,1300,1700,3600,4100,5100,16000,16000,19582,18207,510,788.2954949829664,182.49079101951793,15910.039291979047,242.0567868450618
1777163989,1024,GET,point_read,409.200000,394.400000,490,590,690,780,1100,1400,1500,1700,2200,7800,7800,24323,22669,470,595.2236355626547,113.26508299680427,8927.133375022095,241.9425235373926
1777163989,1024,GET,trips_per_route,42.000000,39.900000,500,610,700,810,1200,1400,1600,1900,3300,3300,3300,2501,2319,500,632.5769260758232,190.55945801665075,7594.442749978043,262.43982407037186
1777163989,1024,,Aggregated,912.200000,874.500000,500,600,710,820,1200,1500,2800,3700,5000,16000,16000,53922,50170,490,698.9954734207192,113.26508299680427,15910.039291979047,2388.1206372167203
1777163990,1024,GET,bulk_update_departures,43.600000,41.900000,480,610,810,970,1400,1600,3400,3800,4600,4600,4600,2555,2361,510,815.2842163275052,188.60341599793173,4793.822084000567,242.2774951076321
1777163990,1024,GET,large_scan,87.000000,82.500000,480,590,730,870,1300,2000,4000,4400,5300,5300,5300,5111,4760,500,826.3707439489322,188.85504198260605,7644.714917027159,23069.08961064371
1777163990,1024,GET,next_departures,346.300000,329.900000,490,590,750,910,1400,1700,3600,4100,5100,16000,16000,19919,18535,500,786.6440698689335,182.49079101951793,15910.039291979047,242.1254079020031
1777163990,1024,GET,point_read,422.300000,405.200000,480,570,690,810,1200,1400,1500,1700,2500,3500,3500,24775,23111,470,596.1661838061865,113.26508299680427,8927.133375022095,242.03358224016145
1777163990,1024,GET,trips_per_route,42.400000,40.400000,500,590,720,850,1200,1400,1500,1800,2100,2100,2100,2535,2353,500,631.9166805679544,190.55945801665075,7594.442749978043,262.2816568047337
1777163990,1024,,Aggregated,941.600000,899.900000,480,580,720,860,1300,1500,2600,3700,4900,16000,16000,54895,51120,490,698.5649196064646,113.26508299680427,15910.039291979047,2368.3267692868203
1777163991,1024,GET,bulk_update_departures,41.300000,39.600000,510,650,840,1100,1400,2300,3700,4000,4600,4600,4600,2598,2400,520,818.8355026334898,188.60341599793173,4793.822084000567,242.2209391839877
1777163991,1024,GET,large_scan,83.500000,78.900000,490,620,780,900,1400,2700,4000,4300,5300,5300,5300,5185,4830,500,826.7177472742225,188.85504198260605,7644.714917027159,22999.749855351976
1777163991,1024,GET,next_departures,331.600000,315.000000,500,620,780,960,1400,2000,3800,4100,5100,16000,16000,20225,18823,510,788.446408665049,182.49079101951793,15910.039291979047,242.13977750309024
1777163991,1024,GET,point_read,409.500000,388.500000,490,590,710,830,1200,1400,1600,1900,3600,3700,3700,25135,23453,470,597.8725624096885,113.26508299680427,8927.133375022095,242.07002188183807
1777163991,1024,GET,trips_per_route,40.700000,38.700000,520,640,750,880,1300,1400,1600,1900,3700,3700,3700,2577,2395,500,632.6981068702837,190.55945801665075,7594.442749978043,262.13775708187814
1777163991,1024,,Aggregated,906.600000,860.700000,500,600,750,910,1300,1500,3300,3800,4900,16000,16000,55720,51901,490,700.2545701414439,113.26508299680427,15910.039291979047,2360.7363424264177
1777163992,1024,GET,bulk_update_departures,41.500000,40.000000,550,720,940,1100,1500,3100,3800,4100,4600,4600,4600,2633,2433,520,820.5017988855814,188.60341599793173,4793.822084000567,242.3175085453855
1777163992,1024,GET,large_scan,86.100000,81.700000,530,690,860,970,1400,3300,4300,4800,5300,5300,5300,5251,4890,510,830.7905411334782,188.85504198260605,7644.714917027159,23093.45191392116
1777163992,1024,GET,next_departures,333.800000,319.100000,530,700,880,1000,1400,2800,3900,4200,5100,16000,16000,20524,19096,510,792.1456556841382,182.49079101951793,15910.039291979047,242.08180666536737
1777163992,1024,GET,point_read,419.600000,400.200000,520,640,780,910,1300,1400,1600,1900,3600,3700,3700,25500,23790,470,599.7882950360948,113.26508299680427,8927.133375022095,242.02780392156862
1777163992,1024,GET,trips_per_route,43.100000,40.900000,560,700,830,950,1300,1400,1600,1900,3700,3700,3700,2612,2426,500,634.1699143808221,190.55945801665075,7594.442749978043,262.1956355283308
1777163992,1024,,Aggregated,924.100000,881.900000,530,670,830,960,1400,1500,3500,3900,5000,16000,16000,56520,52635,490,702.9708624381062,113.26508299680427,15910.039291979047,2366.008297947629
1777163993,1024,GET,bulk_update_departures,41.400000,39.800000,560,710,840,960,1400,2300,3700,4000,4300,4300,4300,2664,2461,530,823.2715248407042,188.60341599793173,4793.822084000567,242.28716216216216
1777163993,1024,GET,large_scan,86.600000,82.700000,540,710,840,940,1400,3100,4300,4800,5600,5600,5600,5324,4958,510,834.0848926859421,188.85504198260605,7644.714917027159,23092.27329075883
1777163993,1024,GET,next_departures,331.700000,317.700000,540,710,850,960,1400,2300,3800,4200,5100,16000,16000,20796,19357,520,793.7136878165611,182.49079101951793,15910.039291979047,242.16887863050587
1777163993,1024,GET,point_read,418.300000,399.600000,520,650,760,860,1200,1400,1600,1900,3600,3700,3700,25832,24096,470,602.0823474407708,113.26508299680427,8927.133375022095,242.0098327655621
1777163993,1024,GET,trips_per_route,41.000000,39.100000,570,690,790,860,1200,1400,1600,1900,3700,3700,3700,2642,2452,510,635.4461578000191,190.55945801665075,7594.442749978043,262.33800151400453
1777163993,1024,,Aggregated,919.000000,878.900000,540,680,810,910,1300,1500,3400,3900,5100,16000,16000,57258,53324,500,705.0852825922356,113.26508299680427,15910.039291979047,2367.69630444654
1777163994,1024,GET,bulk_update_departures,41.300000,39.500000,550,710,840,950,1400,1700,3500,3800,4300,4300,4300,2714,2509,530,824.8976978067853,188.60341599793173,4793.822084000567,242.36109064112011
1777163994,1024,GET,large_scan,81.200000,77.300000,520,670,780,860,1300,1800,4300,4800,5600,5600,5600,5408,5041,510,832.8113482318903,188.85504198260605,7644.714917027159,22798.976886094675
1777163994,1024,GET,next_departures,322.600000,307.200000,530,680,800,890,1300,1700,3700,4100,5100,16000,16000,21197,19744,520,794.5573575938167,182.49079101951793,15910.039291979047,242.23177808180404
1777163994,1024,GET,point_read,401.900000,383.300000,510,630,740,820,1100,1400,1600,1900,3600,3700,3700,26321,24575,480,604.8103583582644,113.26508299680427,8927.133375022095,242.10565707989818
1777163994,1024,GET,trips_per_route,40.000000,38.200000,550,660,730,810,1100,1400,1500,1900,3700,3700,3700,2680,2490,510,636.5065065099391,190.55945801665075,7594.442749978043,262.14328358208957
1777163994,1024,,Aggregated,887.000000,845.500000,520,650,770,860,1200,1500,3300,3800,5100,16000,16000,58320,54359,500,706.6169292146119,113.26508299680427,15910.039291979047,2334.7775891632373
1777163995,1024,GET,bulk_update_departures,41.300000,39.300000,540,700,830,940,1400,2300,3500,3800,4300,4300,4300,2772,2563,520,821.8496193984844,188.60341599793173,4793.822084000567,242.34415584415584
1777163995,1024,GET,large_scan,80.700000,76.400000,510,660,770,860,1400,1900,4300,4800,5600,5600,5600,5515,5144,510,828.0555058527973,188.85504198260605,7644.714917027159,22602.50988213962
1777163995,1024,GET,next_departures,322.700000,305.500000,520,670,800,900,1400,2000,3700,4100,5100,16000,16000,21617,20137,510,791.6594566178155,182.49079101951793,15910.039291979047,242.1511773141509
1777163995,1024,GET,point_read,403.900000,383.100000,490,620,720,820,1100,1500,1700,1900,3600,4500,4500,26858,25086,470,603.1934111867417,113.26508299680427,8927.133375022095,242.0947576141187
1777163995,1024,GET,trips_per_route,39.100000,37.100000,520,620,710,770,1000,1400,1600,1800,3700,3700,3700,2738,2546,500,633.1079206657214,190.55945801665075,7594.442749978043,262.0076698319942
1777163995,1024,,Aggregated,887.700000,841.400000,510,640,760,850,1300,1500,3400,3800,5100,16000,16000,59500,55476,490,704.0708211410775,113.26508299680427,15910.039291979047,2315.609411764706
1777163996,1024,GET,bulk_update_departures,41.700000,39.900000,540,710,840,950,1500,3100,3600,3800,4300,4300,4300,2828,2615,520,816.6738637038595,188.60341599793173,4793.822084000567,242.30410183875532
1777163996,1024,GET,large_scan,83.700000,79.400000,500,660,770,860,1400,2800,4300,4800,5600,5600,5600,5628,5253,500,820.9814648762244,188.85504198260605,7644.714917027159,22389.813610518835
1777163996,1024,GET,next_departures,330.600000,314.000000,510,660,790,880,1400,1900,3700,4100,5100,5100,5100,22080,20583,510,784.7523348543707,182.49079101951793,15910.039291979047,242.19171195652174
1777163996,1024,GET,point_read,415.000000,392.000000,470,600,710,800,1100,1500,1700,1900,3600,4500,4500,27492,25695,470,597.1324047898113,113.26508299680427,8927.133375022095,242.11930743489015
1777163996,1024,GET,trips_per_route,39.600000,37.300000,500,610,700,750,960,1400,1600,1800,3700,3700,3700,2801,2605,500,627.0958226039684,190.55945801665075,7594.442749978043,261.89182434844696
1777163996,1024,,Aggregated,910.600000,862.600000,490,630,750,840,1200,1500,3400,3800,5000,5600,5600,60829,56751,490,697.5328937851567,113.26508299680427,15910.039291979047,2292.206069473442
1777163997,1024,GET,bulk_update_departures,42.700000,41.000000,500,680,810,940,1400,2500,3500,3800,4300,4300,4300,2898,2684,510,804.6093144877425,188.60341599793173,4793.822084000567,242.3688750862664
1777163997,1024,GET,large_scan,84.200000,81.000000,480,640,750,840,1300,1800,4000,4800,5600,5600,5600,5766,5386,500,810.770474070639,188.85504198260605,7644.714917027159,22148.027575442247
1777163997,1024,GET,next_departures,339.400000,325.200000,490,650,770,860,1300,1700,3600,3900,5100,5100,5100,22549,21046,500,774.966177153202,182.49079101951793,15910.039291979047,242.3013437402989
1777163997,1024,GET,point_read,423.400000,404.000000,450,590,700,790,1100,1500,1700,1900,3600,4500,4500,28097,26288,460,590.5819393861129,113.26508299680427,8927.133375022095,242.2072107342421
1777163997,1024,GET,trips_per_route,40.000000,38.000000,490,600,700,750,960,1400,1600,1800,3700,3700,3700,2852,2655,490,621.5582229543373,190.55945801665075,7594.442749978043,261.8327489481066
1777163997,1024,,Aggregated,929.700000,889.200000,470,620,730,830,1200,1500,3200,3700,5000,5600,5600,62162,58059,480,689.2898793201855,113.26508299680427,15910.039291979047,2275.0813680383512
1777163998,1024,GET,bulk_update_departures,43.100000,41.200000,420,590,730,840,1400,1800,3400,3700,4300,4300,4300,2969,2754,500,793.9708262507704,188.60341599793173,4793.822084000567,242.46480296396092
1777163998,1024,GET,large_scan,84.500000,80.900000,420,550,700,790,1200,1700,3900,4400,5600,5600,5600,5897,5516,490,800.4758151889553,188.85504198260605,7644.714917027159,21717.916906901813
1777163998,1024,GET,next_departures,341.400000,324.700000,420,570,720,820,1200,1600,3500,3900,4800,5100,5100,23071,21557,490,766.0037009448972,182.49079101951793,15910.039291979047,242.42135148021325
1777163998,1024,GET,point_read,429.100000,407.800000,400,530,650,740,1000,1400,1700,1800,3600,4500,4500,28705,26889,450,584.777948660684,113.26508299680427,8927.133375022095,242.2931196655635
1777163998,1024,GET,trips_per_route,41.600000,39.700000,420,540,650,710,880,1300,1500,1800,3700,3700,3700,2918,2721,490,614.6521242685722,190.55945801665075,7594.442749978043,261.5075394105552
1777163998,1024,,Aggregated,939.700000,894.300000,410,550,680,770,1100,1500,3000,3600,4800,5300,5600,63560,59437,470,681.7146407288798,113.26508299680427,15910.039291979047,2235.7054751415985
1777163999,1024,GET,bulk_update_departures,43.600000,41.300000,410,560,680,760,1300,2800,3500,3800,4300,4300,4300,3001,2783,500,793.2584804423366,188.60341599793173,4793.822084000567,242.4281906031323
1777163999,1024,GET,large_scan,85.100000,81.300000,400,520,630,710,1000,1600,4000,4400,5600,5600,5600,5967,5582,490,798.8456742425574,188.85504198260605,7644.714917027159,21688.80878163231
1777163999,1024,GET,next_departures,344.500000,328.100000,420,540,660,750,1100,1600,3600,3900,4800,5100,5100,23367,21833,490,764.7387820948485,182.49079101951793,15910.039291979047,242.40364616767235
1777163999,1024,GET,point_read,440.100000,416.700000,390,500,600,660,900,1200,1500,1700,3600,4500,4500,29053,27197,450,583.1686091161398,113.26508299680427,8927.133375022095,242.19460985096202
1777163999,1024,GET,trips_per_route,42.800000,40.400000,410,530,590,650,830,1000,1400,1500,3700,3700,3700,2948,2749,490,613.4713976260535,190.55945801665075,7594.442749978043,261.5067842605156
1777163999,1024,,Aggregated,956.100000,907.800000,400,520,620,700,950,1400,3100,3700,4800,5300,5600,64336,60144,470,680.3071878897549,113.26508299680427,15910.039291979047,2232.28514362099
1777164000,1024,GET,bulk_update_departures,46.600000,44.500000,410,580,710,800,1300,2700,3500,3800,4300,4300,4300,3039,2820,500,794.4665409050892,188.60341599793173,4793.822084000567,242.4613359657782
1777164000,1024,GET,large_scan,89.000000,85.500000,410,580,670,740,1100,1700,4000,4400,5600,5600,5600,6037,5648,490,801.072017874838,188.85504198260605,7644.714917027159,21660.410965711446
1777164000,1024,GET,next_departures,352.800000,338.200000,420,590,700,790,1200,1600,3500,3800,4700,5100,5100,23701,22150,500,767.7102929452041,182.49079101951793,15910.039291979047,242.4270705877389
1777164000,1024,GET,point_read,450.500000,429.800000,390,550,620,690,940,1300,1600,1700,3600,4500,4500,29435,27553,460,586.1340916573522,113.26508299680427,8927.133375022095,242.16602683879734
1777164000,1024,GET,trips_per_route,43.600000,41.500000,420,550,610,690,830,1100,1500,1700,3700,3700,3700,2986,2783,490,615.5035399774384,190.55945801665075,7594.442749978043,261.56463496316144
1777164000,1024,,Aggregated,982.500000,939.500000,410,570,660,740,1000,1500,3100,3700,4700,5300,5600,65198,60954,480,683.0992944740821,113.26508299680427,15910.039291979047,2226.382619098745
1777164001,1024,GET,bulk_update_departures,51.100000,48.800000,380,530,640,760,1300,1800,3300,3700,4300,4300,4300,3093,2872,500,790.5512071004158,188.60341599793173,4793.822084000567,242.47817652764306
1777164001,1024,GET,large_scan,96.400000,93.000000,390,520,620,710,1100,1600,3900,4300,5600,5600,5600,6148,5755,490,797.0499391596273,188.85504198260605,7644.714917027159,21490.005042290177
1777164001,1024,GET,next_departures,382.300000,368.100000,400,540,650,770,1200,1600,3300,3700,4500,4900,4900,24120,22552,490,764.8470216855798,182.49079101951793,15910.039291979047,242.45319237147595
1777164001,1024,GET,point_read,476.700000,459.800000,380,490,590,650,950,1300,1600,1700,2300,4500,4500,29927,28029,460,584.8929318443761,113.26508299680427,8927.133375022095,242.21191566144284
1777164001,1024,GET,trips_per_route,46.700000,44.900000,400,520,580,630,830,1200,1500,1600,1800,1800,1800,3040,2835,490,614.4942264252198,190.55945801665075,7594.442749978043,261.4157894736842
1777164001,1024,,Aggregated,1053.200000,1014.600000,390,510,610,700,1000,1500,2100,3400,4500,5300,5600,66328,62043,480,680.9447185533966,113.26508299680427,15910.039291979047,2212.668661801954
1777164002,1024,GET,bulk_update_departures,49.500000,47.000000,390,490,550,650,1200,1800,3300,3500,4300,4300,4300,3145,2922,500,787.8731989327838,188.60341599793173,4793.822084000567,242.5558028616852
1777164002,1024,GET,large_scan,93.400000,89.500000,400,480,570,620,950,1600,3500,4000,5600,5600,5600,6252,5857,490,794.7837590889848,188.85504198260605,7644.714917027159,21242.974248240564
1777164002,1024,GET,next_departures,377.000000,360.700000,400,500,580,670,1100,1600,3300,3500,4300,4500,4500,24551,22963,490,763.7236692075099,182.49079101951793,15910.039291979047,242.45065374119181
1777164002,1024,GET,point_read,466.800000,446.300000,380,460,540,590,900,1300,1600,1800,3500,4500,4500,30444,28524,460,584.7731087886608,113.26508299680427,8927.133375022095,242.23433188805677
1777164002,1024,GET,trips_per_route,44.400000,42.600000,400,470,550,590,780,1200,1500,1700,3600,3600,3600,3095,2888,490,614.0801378438529,190.55945801665075,7594.442749978043,261.3001615508885
1777164002,1024,,Aggregated,1031.100000,986.100000,390,470,550,610,950,1500,2700,3400,4300,5200,5600,67487,63154,480,680.1375024192715,113.26508299680427,15910.039291979047,2188.712270511358
1777164003,1024,GET,bulk_update_departures,48.400000,46.000000,390,460,520,550,950,1600,3200,3400,3800,3800,3800,3194,2971,500,782.3912866489076,188.60341599793173,4793.822084000567,242.67188478396994
1777164003,1024,GET,large_scan,91.900000,88.100000,390,460,510,570,780,1500,3500,3900,4000,4200,4200,6339,5941,490,791.3491244791309,188.85504198260605,7644.714917027159,21112.071620129358
1777164003,1024,GET,next_departures,376.700000,359.800000,400,470,530,580,1000,1600,3300,3500,4000,4500,4500,24906,23303,490,760.7125957691873,182.49079101951793,15910.039291979047,242.4494097807757
1777164003,1024,GET,point_read,462.600000,441.100000,380,440,500,540,710,1300,1600,1800,3500,4500,4500,30928,28998,460,582.5167379550902,113.26508299680427,8927.133375022095,242.31886963269528
1777164003,1024,GET,trips_per_route,45.300000,43.200000,410,470,520,550,720,1200,1500,1700,3600,3600,3600,3139,2929,490,612.2962377883897,190.55945801665075,7594.442749978043,261.26218540936605
1777164003,1024,,Aggregated,1024.900000,978.200000,390,460,510,550,800,1500,2600,3400,4000,4500,4500,68506,64142,470,677.308605695108,113.26508299680427,15910.039291979047,2174.3716024873734
1777164004,1024,GET,bulk_update_departures,48.900000,46.600000,380,430,490,520,650,1500,3000,3300,3800,3800,3800,3250,3026,490,776.476316786335,188.60341599793173,4793.822084000567,242.70923076923077
1777164004,1024,GET,large_scan,95.500000,91.700000,390,450,490,530,640,1500,3500,3900,4000,4200,4200,6451,6050,480,786.1825435635259,188.85504198260605,7644.714917027159,20904.36800496047
1777164004,1024,GET,next_departures,384.100000,368.300000,400,460,500,530,690,1600,3300,3500,4000,4500,4500,25355,23740,490,755.9840407619641,182.49079101951793,15910.039291979047,242.53346479984225
1777164004,1024,GET,point_read,473.600000,452.200000,380,440,480,500,590,740,1600,1800,3500,4500,4500,31531,29584,450,579.3839146429954,113.26508299680427,8927.133375022095,242.36988994957343
1777164004,1024,GET,trips_per_route,45.400000,43.200000,400,450,500,520,610,780,1400,1700,3600,3600,3600,3215,3003,480,607.5830887118952,190.55945801665075,7594.442749978043,261.0727838258165
1777164004,1024,,Aggregated,1047.500000,1002.000000,390,450,490,520,620,1300,2500,3400,4000,4500,4500,69802,65403,470,673.1199795767967,113.26508299680427,15910.039291979047,2152.8585570614023
1777164005,1024,GET,bulk_update_departures,49.900000,47.600000,390,460,510,550,730,1400,3000,3300,3800,3800,3800,3294,3067,490,776.2273120499468,188.60341599793173,4793.822084000567,242.68700667880995
1777164005,1024,GET,large_scan,98.000000,94.700000,400,480,530,580,760,1300,3500,3800,4000,4200,4200,6552,6150,490,784.6166370809386,188.85504198260605,7644.714917027159,20636.711233211234
1777164005,1024,GET,next_departures,394.100000,378.700000,410,490,540,580,790,1500,3200,3500,4300,4600,4600,25772,24140,490,755.7260538692287,182.49079101951793,15910.039291979047,242.5514899891355
1777164005,1024,GET,point_read,483.600000,463.200000,400,460,500,540,650,830,1400,1600,3500,3600,3600,32018,30063,460,579.6580577256659,113.26508299680427,8927.133375022095,242.45983509276033
1777164005,1024,GET,trips_per_route,47.200000,45.200000,420,480,530,570,760,880,1400,1600,3600,3600,3600,3263,3049,490,608.6767177575166,190.55945801665075,7594.442749978043,260.9623046276433
1777164005,1024,,Aggregated,1072.800000,1029.400000,400,470,520,560,720,1000,2100,3400,4000,4500,4600,70899,66469,470,673.0684022999875,113.26508299680427,15910.039291979047,2128.052285645778
1777164006,1024,GET,bulk_update_departures,53.100000,51.000000,400,470,530,560,730,1300,3000,3200,3800,3800,3800,3340,3110,490,773.5350347100436,188.60341599793173,4793.822084000567,242.68233532934133
1777164006,1024,GET,large_scan,102.400000,99.200000,410,490,550,590,770,1400,3500,3900,4200,4700,4700,6662,6254,480,780.9543884074353,188.85504198260605,7644.714917027159,20599.28835184629
1777164006,1024,GET,next_departures,414.900000,398.400000,420,500,550,590,800,1500,3300,3500,4300,4600,4600,26134,24490,490,752.0866252215138,182.49079101951793,15910.039291979047,242.59573735363892
1777164006,1024,GET,point_read,512.900000,493.700000,400,470,520,550,670,840,1400,1600,3500,3600,3600,32494,30515,450,576.7774805890083,113.26508299680427,8927.133375022095,242.4446359327876
1777164006,1024,GET,trips_per_route,50.700000,48.600000,420,490,540,580,760,880,1400,1600,3600,3600,3600,3317,3101,480,604.8248842079431,190.55945801665075,7594.442749978043,260.83268013265
1777164006,1024,,Aggregated,1134.000000,1090.900000,410,480,530,570,730,1000,2200,3400,4100,4600,4700,71947,67470,470,669.7898259860306,113.26508299680427,15910.039291979047,2128.3193600845066
1777164007,1024,GET,bulk_update_departures,53.400000,51.600000,410,490,540,570,750,1500,3200,3400,3800,3800,3800,3377,3145,490,770.0907954085069,188.60341599793173,4793.822084000567,242.66834468463134
1777164007,1024,GET,large_scan,104.000000,100.600000,420,500,560,600,780,1400,3500,3900,4700,4700,4700,6762,6352,480,775.3934257223289,188.85504198260605,7644.714917027159,20396.600118308193
1777164007,1024,GET,next_departures,413.900000,397.800000,430,500,550,600,820,1600,3300,3500,4500,4600,4600,26577,24922,480,746.0439695634976,182.49079101951793,15910.039291979047,242.6460849606803
1777164007,1024,GET,point_read,519.300000,499.200000,410,470,520,560,680,860,1400,1600,3500,3600,3600,33037,31047,450,572.5983404091568,113.26508299680427,8927.133375022095,242.52096134636923
1777164007,1024,GET,trips_per_route,53.200000,51.000000,410,490,540,580,760,880,1400,1600,3600,3600,3600,3383,3165,480,599.3170095574861,190.55945801665075,7594.442749978043,260.6763227904227
1777164007,1024,,Aggregated,1143.800000,1100.200000,420,490,540,580,750,1200,2300,3400,4200,4600,4700,73136,68631,470,664.7319836379788,113.26508299680427,15910.039291979047,2106.8166019470577
1777164008,1024,GET,bulk_update_departures,51.500000,49.700000,450,530,580,630,800,1600,3200,3400,3800,3800,3800,3410,3175,490,770.7434148860718,188.60341599793173,4793.822084000567,242.66598240469207
1777164008,1024,GET,large_scan,102.600000,99.600000,460,530,590,630,810,1500,3500,3900,4700,4700,4700,6830,6418,480,773.9424097817373,188.85504198260605,7644.714917027159,20293.355783308933
1777164008,1024,GET,next_departures,411.700000,396.800000,460,530,590,640,870,1600,3300,3500,4500,4600,4600,26842,25177,490,745.4906817773681,182.49079101951793,15910.039291979047,242.69227330303255
1777164008,1024,GET,point_read,509.800000,491.500000,440,500,560,590,710,890,1400,1600,3500,3600,3600,33365,31348,450,572.4793693993128,113.26508299680427,8927.133375022095,242.50549977521354
1777164008,1024,GET,trips_per_route,51.700000,49.400000,440,520,580,610,780,910,1400,1600,3600,3600,3600,3416,3196,480,599.1045864431696,190.55945801665075,7594.442749978043,260.65661592505853
1777164008,1024,,Aggregated,1127.300000,1087.000000,450,520,570,610,790,1300,2600,3400,4200,4600,4700,73863,69314,470,664.3656229930514,113.26508299680427,15910.039291979047,2097.4920596238985
1777164009,1024,GET,bulk_update_departures,50.400000,48.600000,460,540,600,670,880,1500,3100,3300,3700,3700,3700,3456,3220,490,770.9774468349033,188.60341599793173,4793.822084000567,242.75636574074073
1777164009,1024,GET,large_scan,103.700000,100.400000,460,530,600,650,900,1500,3400,3700,4700,4700,4700,6922,6509,480,774.1764316694914,188.85504198260605,7644.714917027159,20074.97341808726
1777164009,1024,GET,next_departures,405.800000,391.200000,460,540,600,660,1000,1600,3300,3500,4500,4800,4800,27184,25507,490,746.5104611446004,182.49079101951793,15910.039291979047,242.71155826957033
1777164009,1024,GET,point_read,499.000000,481.000000,440,510,570,610,810,1300,1500,1600,3500,3600,3600,33827,31802,450,574.7325056968942,113.26508299680427,8927.133375022095,242.58997250716882
1777164009,1024,GET,trips_per_route,51.700000,49.800000,450,520,580,630,800,1100,1400,1600,3600,3600,3600,3465,3244,480,600.1577663780402,190.55945801665075,7594.442749978043,260.56825396825394
1777164009,1024,,Aggregated,1110.600000,1071.000000,450,520,580,630,860,1400,2100,3400,4200,4700,4800,74854,70282,470,665.796227626315,113.26508299680427,15910.039291979047,2077.440925000668
1777164010,1024,GET,bulk_update_departures,47.300000,45.500000,430,510,560,620,910,1500,3100,3300,3700,3700,3700,3510,3272,490,769.3968399949637,188.60341599793173,4793.822084000567,242.7988603988604
1777164010,1024,GET,large_scan,99.200000,96.200000,430,490,560,600,850,1400,3400,3700,4700,5300,5300,7051,6635,480,769.936643227114,188.85504198260605,7644.714917027159,19853.61154446178
1777164010,1024,GET,next_departures,400.000000,384.700000,430,500,550,590,870,1400,3400,3600,4500,4800,4800,27666,25973,480,742.3990007186093,182.49079101951793,15910.039291979047,242.746548109593
1777164010,1024,GET,point_read,491.000000,472.800000,410,470,520,560,710,960,1400,1600,3500,3600,3600,34455,32410,450,571.4816204613846,113.26508299680427,8927.133375022095,242.61567261645624
1777164010,1024,GET,trips_per_route,52.600000,50.500000,420,500,550,590,790,990,1400,1400,3600,3600,3600,3519,3296,480,598.6055617834649,190.55945801665075,7594.442749978043,260.47001989201476
1777164010,1024,,Aggregated,1090.100000,1049.700000,420,490,540,580,800,1300,2200,3400,4300,4800,5300,76201,71586,470,662.2683316304202,113.26508299680427,15910.039291979047,2058.13285914883
1777164011,1024,GET,bulk_update_departures,43.300000,41.400000,410,490,550,600,860,1500,3200,3400,3900,3900,3900,3579,3338,480,763.8572534468209,188.60341599793173,4793.822084000567,242.84213467449007
1777164011,1024,GET,large_scan,92.300000,89.300000,400,480,530,580,810,1400,3400,3900,4700,5300,5300,7171,6752,470,764.5001914677622,188.85504198260605,7644.714917027159,19664.55808116023
1777164011,1024,GET,next_departures,372.200000,357.300000,410,480,540,580,840,1400,3400,3600,4500,4800,4800,28113,26405,480,738.2136182802659,182.49079101951793,15910.039291979047,242.76217408316438
1777164011,1024,GET,point_read,463.100000,443.100000,400,460,510,540,690,900,1400,1600,3500,3600,3600,35012,32948,450,568.4252558977748,113.26508299680427,8927.133375022095,242.64686393236605
1777164011,1024,GET,trips_per_route,49.600000,47.300000,400,480,520,580,790,960,1400,3300,3600,3600,3600,3589,3363,470,597.0257126658695,190.55945801665075,7594.442749978043,260.3243243243243
1777164011,1024,,Aggregated,1020.500000,978.400000,400,470,520,570,780,1300,3000,3400,4500,4800,5300,77464,72806,460,658.549852525873,113.26508299680427,15910.039291979047,2041.4425668697718
1777164012,1024,GET,bulk_update_departures,45.700000,43.900000,400,460,530,580,820,1500,3200,3400,3900,3900,3900,3646,3402,480,759.9436947688191,188.60341599793173,4793.822084000567,242.85902358749314
1777164012,1024,GET,large_scan,96.100000,93.400000,400,460,520,570,800,1400,3400,3900,4700,5300,5300,7281,6860,470,760.3409100699361,188.85504198260605,7644.714917027159,19462.475346793024
1777164012,1024,GET,next_departures,381.700000,367.700000,400,460,520,570,830,1400,3300,3700,4600,4900,4900,28545,26822,480,734.9363880734971,182.49079101951793,15910.039291979047,242.80914345769838
1777164012,1024,GET,point_read,478.000000,461.200000,390,450,490,530,690,880,1400,1500,3400,3500,3500,35532,33446,440,565.9706863133235,113.26508299680427,8927.133375022095,242.63914218169538
1777164012,1024,GET,trips_per_route,51.700000,49.600000,390,450,510,560,780,920,1400,2300,3300,3300,3300,3650,3424,470,593.846539454184,190.55945801665075,7594.442749978043,260.12164383561645
1777164012,1024,,Aggregated,1053.200000,1015.800000,390,450,510,550,760,1200,1600,3400,4500,4900,5300,78654,73954,460,655.5695370864277,113.26508299680427,15910.039291979047,2022.702367330333
1777164013,1024,GET,bulk_update_departures,47.100000,45.200000,400,490,580,670,880,1500,3300,3500,3900,3900,3900,3673,3429,480,759.2847389172686,188.60341599793173,4793.822084000567,242.94037571467464
1777164013,1024,GET,large_scan,101.300000,98.600000,400,480,570,640,840,1400,3400,4000,5300,5300,5300,7340,6918,470,760.4465756087487,188.85504198260605,7644.714917027159,19353.34182561308
1777164013,1024,GET,next_departures,398.000000,384.100000,400,480,560,630,860,1400,3500,3800,4700,4900,4900,28808,27069,480,735.7695460249845,182.49079101951793,15910.039291979047,242.80397806164953
1777164013,1024,GET,point_read,502.200000,485.800000,390,450,530,590,760,920,1400,1500,3400,3500,3500,35883,33773,440,566.8336350836635,113.26508299680427,8927.133375022095,242.63130173062453
1777164013,1024,GET,trips_per_route,53.000000,51.000000,390,470,560,650,800,960,1400,2300,3300,3300,3300,3691,3460,470,595.0459170638696,190.55945801665075,7594.442749978043,260.2086155513411
1777164013,1024,,Aggregated,1101.600000,1064.700000,390,470,550,610,810,1300,1700,3400,4600,5300,5300,79395,74649,460,656.2451741354965,113.26508299680427,15910.039291979047,2010.2942880534038
1777164015,1024,GET,bulk_update_departures,50.100000,48.000000,400,520,630,710,1300,2700,3300,3500,4000,4000,4000,3718,3470,480,761.0195086307823,188.60341599793173,4793.822084000567,242.85207100591717
1777164015,1024,GET,large_scan,102.900000,100.300000,400,520,620,680,950,1500,3700,4500,5600,5600,5600,7453,7026,480,763.1175034779911,188.85504198260605,7644.714917027159,19286.597075003356
1777164015,1024,GET,next_departures,399.400000,385.900000,400,500,610,690,1000,1500,3500,3800,4700,4900,4900,29197,27442,480,737.5294395517694,182.49079101951793,15910.039291979047,242.83193478782067
1777164015,1024,GET,point_read,508.800000,492.200000,380,470,580,650,840,1200,1500,1600,3400,3500,3500,36338,34208,450,569.3382091186389,113.26508299680427,8927.133375022095,242.65592492707358
1777164015,1024,GET,trips_per_route,55.500000,53.600000,390,490,590,660,820,1300,1600,3300,3300,3300,3300,3727,3496,470,596.8731188985028,190.55945801665075,7594.442749978043,260.098738932117
1777164015,1024,,Aggregated,1116.700000,1080.000000,390,490,590,670,910,1400,2500,3400,4700,5600,5600,80433,75642,460,658.4833375628205,113.26508299680427,15910.039291979047,2008.1672323548792
1777164016,1024,GET,bulk_update_departures,50.100000,48.000000,420,600,710,790,1100,2200,3300,3500,4000,4000,4000,3748,3499,480,762.0605773100547,188.60341599793173,4793.822084000567,242.8836712913554
1777164016,1024,GET,large_scan,102.900000,100.300000,430,590,700,770,1100,1600,4400,4600,5600,5600,5600,7508,7070,480,769.2709664081638,188.85504198260605,7644.714917027159,19633.88905167821
1777164016,1024,GET,next_departures,399.400000,385.900000,430,570,700,790,1100,1600,3500,3800,4700,4900,4900,29413,27641,480,739.6429057746979,182.49079101951793,15910.039291979047,242.80705810355965
1777164016,1024,GET,point_read,508.800000,492.200000,410,540,660,730,930,1200,1500,1600,3400,3500,3500,36605,34467,450,571.3082189180188,113.26508299680427,8927.133375022095,242.68922278377272
1777164016,1024,GET,trips_per_route,55.500000,53.600000,420,560,680,750,930,1300,1600,3300,3300,3300,3300,3761,3530,480,598.8779672214147,190.55945801665075,7594.442749978043,260.0257910130284
1777164016,1024,,Aggregated,1116.700000,1080.000000,420,560,680,760,1000,1400,3000,3600,4700,5600,5600,81035,76207,470,660.8517755946731,113.26508299680427,15910.039291979047,2040.1659406429321
1777164017,1024,GET,bulk_update_departures,46.800000,44.400000,470,680,780,840,1300,2300,3300,3700,4000,4000,4000,3770,3519,490,763.8045605132639,188.60341599793173,4793.822084000567,242.85915119363395
1777164017,1024,GET,large_scan,100.200000,97.600000,490,660,760,830,1200,1700,4400,4700,5600,5600,5600,7558,7116,480,770.9630952743465,188.85504198260605,7644.714917027159,19681.497883037842
1777164017,1024,GET,next_departures,383.800000,369.800000,500,670,790,860,1200,1600,3600,3800,4700,4900,4900,29652,27859,490,741.7913605027684,182.49079101951793,15910.039291979047,242.77869958181572
1777164017,1024,GET,point_read,480.600000,462.300000,460,620,730,800,1000,1300,1500,1700,3400,3500,3500,36894,34713,450,572.8692743793122,113.26508299680427,8927.133375022095,242.58096167398492
1777164017,1024,GET,trips_per_route,51.100000,49.200000,490,660,750,800,1000,1300,1700,3300,3300,3300,3300,3787,3549,480,600.3941498797988,190.55945801665075,7594.442749978043,260.17982571956696
1777164017,1024,,Aggregated,1062.500000,1023.300000,480,650,760,830,1100,1400,3100,3600,4700,5600,5600,81661,76756,470,662.6322399112246,113.26508299680427,15910.039291979047,2042.6188388582066
1777164018,1024,GET,bulk_update_departures,45.200000,43.000000,480,690,800,880,1400,2200,3300,3700,4000,4000,4000,3801,3549,490,765.6303515225143,188.60341599793173,4793.822084000567,242.93028150486714
1777164018,1024,GET,large_scan,95.500000,91.900000,510,700,800,880,1400,2500,4400,4700,5600,5600,5600,7620,7173,480,773.7381758475709,188.85504198260605,7644.714917027159,19741.414829396326
1777164018,1024,GET,next_departures,363.600000,349.600000,510,710,820,920,1400,1800,3500,3800,4700,4900,4900,29910,28108,490,744.6301802182851,182.49079101951793,15910.039291979047,242.82293547308592
1777164018,1024,GET,point_read,458.200000,440.100000,470,660,770,840,1100,1400,1700,1800,3400,3500,3500,37248,35050,450,576.1607606814677,113.26508299680427,8927.133375022095,242.6038981958763
1777164018,1024,GET,trips_per_route,49.700000,48.100000,500,690,770,820,1200,1500,1800,3300,3300,3300,3300,3813,3574,480,603.5694858630403,190.55945801665075,7594.442749978043,260.1972200367165
1777164018,1024,,Aggregated,1012.200000,972.700000,490,690,790,870,1300,1600,3100,3600,4700,5600,5600,82392,77454,470,665.6007988625395,113.26508299680427,15910.039291979047,2046.8544882998349
1777164019,1024,GET,bulk_update_departures,42.400000,40.400000,480,660,800,900,1400,2700,3300,3600,4000,4000,4000,3862,3604,490,768.6037766290029,188.60341599793173,4793.822084000567,242.8474883480062
1777164019,1024,GET,large_scan,87.400000,84.000000,510,680,780,850,1400,2100,4400,4600,5600,5600,5600,7723,7275,480,773.1915473095254,188.85504198260605,7644.714917027159,19524.523112780007
1777164019,1024,GET,next_departures,342.500000,327.800000,510,700,810,900,1400,1800,3400,3800,4500,4900,4900,30287,28479,490,744.4866018129964,182.49079101951793,15910.039291979047,242.8841417109651
1777164019,1024,GET,point_read,429.500000,409.600000,470,660,770,830,1100,1400,1700,2000,3400,3500,3500,37751,35540,450,578.2349245305156,113.26508299680427,8927.133375022095,242.6536515588991
1777164019,1024,GET,trips_per_route,45.900000,43.700000,480,680,770,840,1200,1500,1800,3300,3300,3300,3300,3870,3630,480,604.393985501206,190.55945801665075,7594.442749978043,260.0653746770026
1777164019,1024,,Aggregated,947.700000,905.500000,490,680,790,860,1200,1600,3000,3500,4700,5600,5600,83493,78528,470,666.5938842078133,113.26508299680427,15910.039291979047,2027.1025355419017
1777164020,1024,GET,bulk_update_departures,42.200000,40.200000,520,690,810,920,1600,3200,3600,3700,4400,4400,4400,3921,3653,490,772.8785216580961,188.60341599793173,4793.822084000567,242.60418260647793
1777164020,1024,GET,large_scan,85.100000,81.400000,550,700,790,880,1400,2400,4300,4600,5600,5600,5600,7822,7371,480,771.4090324398641,188.85504198260605,7644.714917027159,19408.027486576324
1777164020,1024,GET,next_departures,328.700000,314.100000,550,710,820,910,1400,1900,3500,3800,4500,4900,4900,30710,28877,490,743.7403184478002,182.49079101951793,15910.039291979047,242.84881146206448
1777164020,1024,GET,point_read,415.800000,395.100000,530,670,770,840,1100,1400,1700,1900,3400,3500,3500,38238,36006,450,577.3634846846898,113.26508299680427,8927.133375022095,242.65215230922118
1777164020,1024,GET,trips_per_route,42.600000,40.500000,500,680,760,820,1100,1500,1800,2400,3300,3300,3300,3929,3686,480,603.6300941322916,190.55945801665075,7594.442749978043,259.9992364469331
1777164020,1024,,Aggregated,914.400000,871.300000,540,690,790,870,1200,1600,3100,3600,4600,5600,5600,84620,79593,470,665.9604216723682,113.26508299680427,15910.039291979047,2015.1122547861025
1777164021,1024,GET,bulk_update_departures,44.900000,42.800000,550,700,820,950,1600,3100,3600,3700,4400,4400,4400,3978,3706,490,770.8120951275594,188.60341599793173,4793.822084000567,242.5844645550528
1777164021,1024,GET,large_scan,88.800000,85.200000,580,710,800,890,1500,2500,4400,4500,5600,5600,5600,7923,7467,480,769.9993615516411,188.85504198260605,7644.714917027159,19373.502713618578
1777164021,1024,GET,next_departures,342.900000,328.600000,570,720,830,930,1400,1900,3500,3800,4500,4900,4900,31035,29187,490,742.8421569004696,182.49079101951793,15910.039291979047,242.8582245851458
1777164021,1024,GET,point_read,435.500000,416.200000,550,680,780,850,1100,1400,1700,1800,3500,3500,3500,38661,36396,450,576.1275209599662,113.26508299680427,8927.133375022095,242.6081580921342
1777164021,1024,GET,trips_per_route,45.100000,43.100000,530,680,760,820,1100,1500,1700,1800,2400,2400,2400,3980,3734,480,601.8728106916209,190.55945801665075,7594.442749978043,259.9964824120603
1777164021,1024,,Aggregated,957.200000,915.900000,560,700,800,880,1300,1600,3000,3700,4500,5600,5600,85577,80490,470,664.7840152118208,113.26508299680427,15910.039291979047,2014.7075499257978
1777164022,1024,GET,bulk_update_departures,45.600000,42.600000,580,720,830,990,1600,3000,3500,3700,4400,4400,4400,4019,3746,490,769.2042420381861,188.60341599793173,4793.822084000567,242.62926101020153
1777164022,1024,GET,large_scan,87.800000,84.100000,610,730,830,920,1500,2500,4300,4500,5600,5600,5600,8011,7553,480,768.878376736205,188.85504198260605,7644.714917027159,19246.42753713644
1777164022,1024,GET,next_departures,346.100000,331.000000,600,740,850,950,1400,1900,3500,3800,4300,4700,4700,31340,29486,490,741.5678056832215,182.49079101951793,15910.039291979047,242.91014677728143
1777164022,1024,GET,point_read,433.100000,412.600000,580,710,800,870,1200,1500,1700,1900,3500,3500,3500,39042,36770,450,576.2820695471889,113.26508299680427,8927.133375022095,242.6663849188054
1777164022,1024,GET,trips_per_route,45.600000,43.400000,580,710,780,840,1200,1500,1700,1800,2400,2400,2400,4022,3774,480,602.1694431593244,190.55945801665075,7594.442749978043,259.97588264545004
1777164022,1024,,Aggregated,958.200000,913.700000,590,720,820,900,1300,1600,2900,3600,4500,5600,5600,86434,81329,470,664.2383970954079,113.26508299680427,15910.039291979047,2004.89235717426
1777164023,1024,GET,bulk_update_departures,46.000000,42.600000,560,680,870,1000,1700,3100,3500,3700,4400,4400,4400,4071,3794,490,768.4398641713468,188.60341599793173,4793.822084000567,242.60280029476786
1777164023,1024,GET,large_scan,85.600000,81.600000,560,690,800,920,1500,2400,4200,4500,5600,5600,5600,8129,7668,480,766.1576993317445,188.85504198260605,7644.714917027159,19093.281707467093
1777164023,1024,GET,next_departures,329.500000,314.100000,560,690,830,960,1400,1800,3300,3600,4100,4500,4500,31837,29965,490,739.0568840795462,182.49079101951793,15910.039291979047,242.90762320570406
1777164023,1024,GET,point_read,414.600000,392.700000,540,660,780,860,1200,1500,1700,1800,3500,3500,3500,39639,37357,450,574.8206238371805,113.26508299680427,8927.133375022095,242.72991245995107
1777164023,1024,GET,trips_per_route,44.900000,42.700000,530,660,780,840,1200,1500,1700,1800,2400,2400,2400,4074,3825,480,600.3367295492576,190.55945801665075,7594.442749978043,259.87211585665193
1777164023,1024,,Aggregated,920.600000,873.700000,550,670,800,900,1400,1600,2900,3500,4500,5600,5600,87750,82609,470,662.3003440206771,113.26508299680427,15910.039291979047,1989.8651054131053
1777164024,1024,GET,bulk_update_departures,43.100000,39.900000,540,650,830,1000,1700,3100,3500,3700,4400,4400,4400,4103,3824,490,768.9802003818188,188.60341599793173,4793.822084000567,242.60370460638558
1777164024,1024,GET,large_scan,82.000000,78.200000,530,650,780,860,1500,2500,4000,4500,5100,5100,5100,8208,7742,480,765.7925069188244,188.85504198260605,7644.714917027159,19114.35185185185
1777164024,1024,GET,next_departures,317.900000,303.400000,530,640,770,860,1400,1800,3400,3600,4200,4500,4500,32163,30276,490,738.2977389408159,182.49079101951793,15910.039291979047,242.92186674128658
1777164024,1024,GET,point_read,397.500000,376.900000,520,600,710,800,1100,1400,1700,1900,3500,3600,3600,40021,37721,450,574.3435545127128,113.26508299680427,8927.133375022095,242.73851228105244
1777164024,1024,GET,trips_per_route,42.700000,40.500000,520,630,720,790,1100,1500,1700,1800,3500,3500,3500,4128,3877,480,600.3708111317001,190.55945801665075,7594.442749978043,259.8091085271318
1777164024,1024,,Aggregated,883.200000,838.900000,530,620,740,830,1300,1600,3000,3500,4500,5100,5100,88623,83440,470,661.8006041322648,113.26508299680427,15910.039291979047,1991.426932060526
1777164025,1024,GET,bulk_update_departures,42.100000,38.800000,530,620,790,1100,1600,3100,3500,3700,4400,4400,4400,4158,3878,490,769.1425754169649,188.60341599793173,4793.822084000567,242.6818181818182
1777164025,1024,GET,large_scan,83.600000,79.700000,530,630,720,810,1500,1700,3600,3900,4600,4600,4600,8315,7844,490,767.2420375671426,188.85504198260605,7644.714917027159,19071.393385447987
1777164025,1024,GET,next_departures,325.200000,310.300000,530,610,730,820,1400,1800,3400,3700,4500,4600,4600,32512,30610,490,739.4597658601573,182.49079101951793,15910.039291979047,242.92464320866142
1777164025,1024,GET,point_read,406.900000,387.500000,520,590,680,760,1200,1500,1700,1900,3600,4200,4200,40460,38152,460,576.3140670215778,113.26508299680427,8927.133375022095,242.7938704893722
1777164025,1024,GET,trips_per_route,41.700000,39.400000,510,590,680,740,1200,1500,1700,1800,3500,3500,3500,4155,3902,480,601.2498224273618,190.55945801665075,7594.442749978043,259.7963898916968
1777164025,1024,,Aggregated,899.500000,855.700000,520,600,700,790,1400,1600,2900,3500,4400,4600,4600,89600,84386,470,663.3358085097947,113.26508299680427,15910.039291979047,1990.943828125
1777164026,1024,GET,bulk_update_departures,42.300000,38.800000,520,610,730,930,1600,3100,3500,3700,4400,4400,4400,4180,3900,490,768.7782989434793,188.60341599793173,4793.822084000567,242.77511961722487
1777164026,1024,GET,large_scan,84.900000,80.500000,530,610,700,790,1500,1800,3800,4200,5100,5100,5100,8360,7882,490,769.4576633115885,188.85504198260605,7644.714917027159,19248.296889952155
1777164026,1024,GET,next_departures,329.400000,315.000000,520,600,700,780,1400,1700,3400,3700,4500,4600,4600,32707,30792,490,739.7810480700052,182.49079101951793,15910.039291979047,242.92928119362827
1777164026,1024,GET,point_read,407.300000,388.300000,510,580,660,740,1200,1500,1700,1900,3600,4200,4200,40733,38398,460,576.527941159387,113.26508299680427,8927.133375022095,242.77070188790415
1777164026,1024,GET,trips_per_route,42.600000,40.600000,500,570,660,720,1200,1500,1700,1800,3500,3500,3500,4183,3927,480,601.3028471034304,190.55945801665075,7594.442749978043,259.8195075304805
1777164026,1024,,Aggregated,906.500000,863.200000,520,590,680,760,1400,1600,2900,3500,4500,5100,5100,90163,84899,470,663.6995278636718,113.26508299680427,15910.039291979047,2005.8300411476991
1777164027,1024,GET,bulk_update_departures,42.300000,38.800000,530,660,870,1100,1600,3200,3500,3700,4400,4400,4400,4217,3932,490,773.8083608804411,188.60341599793173,4793.822084000567,242.75669907517192
1777164027,1024,GET,large_scan,84.900000,80.500000,520,600,700,810,1400,1700,4000,4300,5100,5100,5100,8399,7917,490,772.3169663043033,188.85504198260605,7644.714917027159,19318.32872961067
1777164027,1024,GET,next_departures,329.400000,315.000000,520,600,720,830,1400,1700,3400,3700,4500,4600,4600,32951,31020,490,743.5879648282779,182.49079101951793,15910.039291979047,242.95162514035994
1777164027,1024,GET,point_read,407.300000,388.300000,500,580,660,740,1200,1400,1600,1800,3600,4200,4200,40950,38596,460,579.2414358370007,113.26508299680427,8927.133375022095,242.74380952380952
1777164027,1024,GET,trips_per_route,42.600000,40.600000,500,580,670,740,1100,1400,1600,1900,3500,3500,3500,4207,3950,480,604.4936571332495,190.55945801665075,7594.442749978043,259.8112669360589
1777164027,1024,,Aggregated,906.500000,863.200000,510,590,690,780,1300,1600,3000,3500,4500,5100,5100,90724,85415,480,667.0213912521825,113.26508299680427,15910.039291979047,2009.5810590361978
1777164028,1024,GET,bulk_update_departures,43.600000,40.400000,560,710,970,1100,2200,3200,3500,3700,4400,4400,4400,4247,3958,500,779.6082720550621,188.60341599793173,4793.822084000567,242.71297386390393
1777164028,1024,GET,large_scan,85.200000,80.800000,540,650,800,970,1500,2700,4200,4500,5100,5100,5100,8461,7973,490,777.8382448137041,188.85504198260605,7644.714917027159,19414.232123862428
1777164028,1024,GET,next_departures,329.100000,314.600000,540,660,810,960,1500,2100,3500,3700,4600,4600,4600,33197,31255,490,747.8499782529327,182.49079101951793,15910.039291979047,242.9727385004669
1777164028,1024,GET,point_read,408.600000,390.800000,510,600,710,790,1200,1500,1900,2000,3800,7500,7500,41252,38867,460,583.1679763894696,113.26508299680427,8927.133375022095,242.69880248230388
1777164028,1024,GET,trips_per_route,42.500000,40.300000,520,620,720,790,1100,1400,1800,2100,3500,3500,3500,4231,3973,490,607.7298686326054,190.55945801665075,7594.442749978043,259.8000472701489
1777164028,1024,,Aggregated,909.000000,866.900000,520,620,750,870,1400,1800,3200,3600,4600,7500,7500,91388,86026,480,671.2786348869771,113.26508299680427,15910.039291979047,2018.5539786405218
1777164029,1024,GET,bulk_update_departures,45.200000,41.800000,560,740,1000,1200,1900,3100,3400,3700,3900,3900,3900,4305,4010,500,781.7246908350046,188.60341599793173,4793.822084000567,242.6
1777164029,1024,GET,large_scan,85.200000,81.200000,530,670,830,1000,1500,2500,4200,4600,7700,7700,7700,8585,8095,490,777.239815982958,188.85504198260605,7701.249917008681,19214.810716365755
1777164029,1024,GET,next_departures,334.700000,320.700000,530,680,850,1000,1500,2100,3400,3700,4600,4600,4600,33646,31686,490,747.3194706512406,182.49079101951793,15910.039291979047,242.98641740474352
1777164029,1024,GET,point_read,411.000000,393.500000,500,620,750,850,1300,1500,1900,2100,4200,7800,7800,41847,39431,460,584.2244706590498,113.26508299680427,8927.133375022095,242.68155423327838
1777164029,1024,GET,trips_per_route,42.400000,40.500000,520,630,740,810,1200,1400,1900,2100,3500,3500,3500,4290,4031,480,607.9029630294684,190.55945801665075,7594.442749978043,259.702331002331
1777164029,1024,,Aggregated,918.500000,877.700000,520,650,800,930,1400,1800,3100,3600,4600,7800,7800,92673,87253,480,671.5891862662758,113.26508299680427,15910.039291979047,2001.1080034098388
1777164030,1024,GET,bulk_update_departures,44.600000,40.900000,580,790,1000,1200,1800,3100,3400,3500,3900,3900,3900,4345,4048,500,781.0743385223662,188.60341599793173,4793.822084000567,242.65684695051783
1777164030,1024,GET,large_scan,84.100000,80.000000,550,700,860,1000,1500,2500,4200,4600,7700,7700,7700,8654,8162,490,776.669405886854,188.85504198260605,7701.249917008681,19140.434250057777
1777164030,1024,GET,next_departures,329.400000,315.400000,540,710,870,1000,1500,2100,3400,3600,4600,4600,4600,33920,31944,490,747.1852697986359,182.49079101951793,15910.039291979047,242.98667452830188
1777164030,1024,GET,point_read,401.100000,382.400000,520,650,770,880,1400,1600,1900,2200,4200,7800,7800,42174,39735,460,584.2646544474154,113.26508299680427,8927.133375022095,242.66275430359937
1777164030,1024,GET,trips_per_route,41.800000,39.900000,530,650,760,860,1200,1500,1900,2500,3500,3500,3500,4329,4068,480,607.4689389918036,190.55945801665075,7594.442749978043,259.6715176715177
1777164030,1024,,Aggregated,901.000000,858.600000,530,680,820,960,1400,1800,3100,3500,4600,7800,7800,93422,87957,480,671.4703171046866,113.26508299680427,15910.039291979047,1994.1335766735885
1777164031,1024,GET,bulk_update_departures,43.900000,40.000000,640,910,1100,1200,1900,3100,3400,3500,3900,3900,3900,4377,4078,500,782.5380856097219,188.60341599793173,4793.822084000567,242.69750970984694
1777164031,1024,GET,large_scan,85.900000,81.700000,570,760,940,1100,1600,3500,4200,4600,7700,7700,7700,8697,8200,490,778.5082679662887,188.85504198260605,7701.249917008681,19238.03334483155
1777164031,1024,GET,next_departures,332.900000,318.000000,580,770,960,1100,1600,2300,3400,3600,4600,4600,4600,34168,32174,490,749.6201402478629,182.49079101951793,15910.039291979047,242.98999063451183
1777164031,1024,GET,point_read,404.600000,384.400000,540,710,840,940,1400,1600,1900,2200,4200,7800,7800,42461,40011,460,585.9677705638678,113.26508299680427,8927.133375022095,242.69369539106475
1777164031,1024,GET,trips_per_route,41.600000,39.800000,530,690,790,890,1200,1500,1900,2500,3500,3500,3500,4350,4087,490,608.3178769205716,190.55945801665075,7594.442749978043,259.69287356321837
1777164031,1024,,Aggregated,908.900000,863.900000,560,740,890,1000,1500,1900,3200,3600,4600,7800,7800,94053,88550,480,673.4058119328604,113.26508299680427,15910.039291979047,2000.0704496400965
1777164032,1024,GET,bulk_update_departures,42.900000,39.800000,690,910,1100,1300,1900,2800,3400,3600,3900,3900,3900,4423,4122,500,784.2435992167441,188.60341599793173,4793.822084000567,242.69929911824553
1777164032,1024,GET,large_scan,83.600000,79.600000,630,820,1000,1300,1900,3500,4300,4600,7700,7700,7700,8778,8277,490,781.8761832801157,188.85504198260605,7701.249917008681,19214.21075415812
1777164032,1024,GET,next_departures,321.700000,307.100000,650,850,1000,1200,1700,2500,3500,3700,4600,4600,4600,34488,32476,500,752.010034470545,182.49079101951793,15910.039291979047,242.97338204592901
1777164032,1024,GET,point_read,395.100000,374.800000,600,760,900,1000,1500,1700,2000,2500,4200,7800,7800,42885,40427,460,589.2140324164241,113.26508299680427,8927.133375022095,242.75851696397342
1777164032,1024,GET,trips_per_route,40.200000,38.500000,590,730,870,940,1400,1700,2100,2500,3500,3500,3500,4390,4126,490,611.4246800636888,190.55945801665075,7594.442749978043,259.6621867881549
1777164032,1024,,Aggregated,883.500000,839.800000,620,800,960,1100,1600,2000,3200,3600,4600,7800,7800,94964,89428,480,676.2556207683501,113.26508299680427,15910.039291979047,1997.2419337854344
1777164033,1024,GET,bulk_update_departures,40.000000,37.300000,670,910,1100,1300,2100,2900,3400,3500,3900,3900,3900,4486,4181,500,783.8707710190971,188.60341599793173,4793.822084000567,242.67699509585375
1777164033,1024,GET,large_scan,78.100000,74.000000,610,820,1000,1300,1900,3300,4300,4600,7700,7700,7700,8894,8386,490,780.3383185613851,188.85504198260605,7701.249917008681,19228.34843714864
1777164033,1024,GET,next_departures,312.400000,297.700000,630,840,1000,1200,1700,2600,3400,3600,4600,4600,4600,34974,32947,490,749.7148057333908,182.49079101951793,15910.039291979047,243.01235203293876
1777164033,1024,GET,point_read,379.600000,361.300000,580,760,910,1000,1500,1800,2200,3300,4200,7800,7800,43435,40965,460,588.7457407228144,113.26508299680427,8927.133375022095,242.78450558305514
1777164033,1024,GET,trips_per_route,37.700000,35.900000,590,750,890,990,1400,1900,2500,3400,3500,3500,3500,4442,4177,480,611.3555587058954,190.55945801665075,7594.442749978043,259.56371004052227
1777164033,1024,,Aggregated,847.800000,806.200000,610,800,970,1100,1600,2100,3300,3600,4700,7800,7800,96231,90656,480,675.0954634147229,113.26508299680427,15910.039291979047,1998.3479440097267
1777164034,1024,GET,bulk_update_departures,40.400000,37.600000,580,900,1100,1300,2200,3100,3300,3400,3900,3900,3900,4543,4235,490,781.940615479345,188.60341599793173,4793.822084000567,242.64450803433854
1777164034,1024,GET,large_scan,76.900000,72.500000,520,760,1000,1200,1900,3400,4300,4600,7700,7700,7700,9005,8491,490,778.1638095909925,188.85504198260605,7701.249917008681,19215.754136590782
1777164034,1024,GET,next_departures,311.900000,296.300000,530,770,980,1100,1700,2600,3400,3500,4200,4300,4300,35416,33381,490,746.6204224800032,182.49079101951793,15910.039291979047,243.05878698893156
1777164034,1024,GET,point_read,381.000000,362.500000,490,700,870,990,1500,1800,2300,3300,3700,7800,7800,43940,41451,460,586.8802448766401,113.26508299680427,8927.133375022095,242.80159308147475
1777164034,1024,GET,trips_per_route,36.500000,34.900000,500,690,830,940,1400,1900,3300,3500,3600,3600,3600,4495,4227,480,610.4014750788981,190.55945801665075,7594.442749978043,259.5370411568409
1777164034,1024,,Aggregated,846.700000,803.800000,510,740,920,1100,1600,2100,3300,3500,4700,7800,7800,97399,91785,470,672.8334253370111,113.26508299680427,15910.039291979047,1997.7996796681691
1777164035,1024,GET,bulk_update_departures,41.200000,38.400000,540,870,1100,1300,2300,3100,3300,3400,3900,3900,3900,4583,4271,490,781.4234518871265,188.60341599793173,4793.822084000567,242.6377918394065
1777164035,1024,GET,large_scan,76.500000,71.800000,470,700,920,1100,1900,3300,4100,4600,7700,7700,7700,9115,8596,490,776.4250556036018,188.85504198260605,7701.249917008681,19169.11387822271
1777164035,1024,GET,next_departures,312.400000,297.200000,480,710,910,1100,1700,2500,3400,3500,4200,4300,4300,35805,33762,490,743.9483098710939,182.49079101951793,15910.039291979047,243.10149420472
1777164035,1024,GET,point_read,377.300000,358.600000,450,630,830,940,1400,1800,2300,3400,7500,9200,9200,44419,41919,460,585.5507290857872,113.26508299680427,9160.567249986343,242.83885274319547
1777164035,1024,GET,trips_per_route,36.800000,35.200000,470,630,770,890,1300,1900,3300,3500,3600,3600,3600,4541,4272,480,608.5849071651206,190.55945801665075,7594.442749978043,259.45848931953316
1777164035,1024,,Aggregated,844.200000,801.200000,460,670,880,1000,1600,2000,3300,3500,5100,9200,9200,98463,92820,470,670.9993519947328,113.26508299680427,15910.039291979047,1995.7505966708306
1777164036,1024,GET,bulk_update_departures,41.200000,38.400000,520,710,910,1100,2100,3100,3300,3400,3900,3900,3900,4621,4308,500,781.2612201901482,188.60341599793173,4793.822084000567,242.65916468296905
1777164036,1024,GET,large_scan,76.500000,71.800000,470,630,770,980,1700,3000,4000,4600,7700,7700,7700,9169,8649,490,775.9376016780316,188.85504198260605,7701.249917008681,19093.928454575198
1777164036,1024,GET,next_departures,312.400000,297.200000,470,630,770,890,1600,2200,3400,3500,4200,4300,4300,36069,34020,490,743.7819354714958,182.49079101951793,15910.039291979047,243.13562893343314
1777164036,1024,GET,point_read,377.300000,358.600000,460,610,720,840,1300,1700,2200,3400,7500,9200,9200,44795,42282,460,586.1657950657097,113.26508299680427,9160.567249986343,242.86864605424714
1777164036,1024,GET,trips_per_route,36.800000,35.200000,470,590,680,750,1200,1800,3300,3500,3600,3600,3600,4572,4303,480,608.7519807838784,190.55945801665075,7594.442749978043,259.3882327209099
1777164036,1024,,Aggregated,844.200000,801.200000,470,620,750,880,1500,2000,3300,3500,4700,9200,9200,99226,93562,470,671.1220994992979,113.26508299680427,15910.039291979047,1985.6533670610524
1777164037,1024,GET,bulk_update_departures,42.300000,39.200000,500,650,840,940,1600,2900,3300,3400,3900,3900,3900,4661,4347,500,781.3557963333596,188.60341599793173,4793.822084000567,242.6904097833083
1777164037,1024,GET,large_scan,80.900000,76.100000,460,580,670,760,1500,2500,3800,4200,7700,7700,7700,9263,8739,490,775.9102466075447,188.85504198260605,7701.249917008681,19046.171650653137
1777164037,1024,GET,next_departures,330.200000,315.900000,470,580,680,780,1400,2100,3400,3600,4300,4500,4500,36484,34418,490,743.9764531135596,182.49079101951793,15910.039291979047,243.13975989474838
1777164037,1024,GET,point_read,395.600000,376.500000,460,580,660,730,1100,1600,2000,3300,3700,9200,9200,45288,42760,460,586.5621008243661,113.26508299680427,9160.567249986343,242.8980966260378
1777164037,1024,GET,trips_per_route,38.900000,37.300000,470,580,630,680,940,1500,2500,3500,3600,3600,3600,4632,4359,480,608.6803458784411,190.55945801665075,7594.442749978043,259.35449050086356
1777164037,1024,,Aggregated,887.900000,845.000000,470,580,670,750,1400,1700,3300,3500,4800,9200,9200,100328,94623,480,671.3581919371719,113.26508299680427,15910.039291979047,1979.7890718443505
1777164038,1024,GET,bulk_update_departures,44.400000,41.100000,500,600,720,850,1400,2900,3300,3400,3900,3900,3900,4713,4397,500,779.3441173010269,188.60341599793173,4793.822084000567,242.66942499469553
1777164038,1024,GET,large_scan,81.400000,77.000000,470,560,640,700,1400,2400,3900,4400,7600,7600,7600,9376,8850,490,773.1621540763509,188.85504198260605,7701.249917008681,18890.523144197952
1777164038,1024,GET,next_departures,339.100000,325.200000,480,560,650,720,1300,2200,3500,3700,4300,4500,4500,36896,34810,490,742.8518882310891,182.49079101951793,15910.039291979047,243.12749349522983
1777164038,1024,GET,point_read,411.200000,392.700000,460,550,620,670,910,1500,1900,3300,3700,9200,9200,45869,43309,460,585.1289204674928,113.26508299680427,9160.567249986343,242.87198325666571
1777164038,1024,GET,trips_per_route,39.400000,37.900000,470,570,620,660,860,1400,3300,3500,3600,3600,3600,4682,4408,480,607.2909680935334,190.55945801665075,7594.442749978043,259.2755232806493
1777164038,1024,,Aggregated,915.500000,873.900000,470,560,640,690,1000,1700,3300,3500,4600,9200,9200,101536,95774,480,669.8421763233783,113.26508299680427,15910.039291979047,1965.6663744878663
1777164039,1024,GET,bulk_update_departures,44.100000,41.200000,510,610,720,840,1400,2900,3400,3400,4100,4100,4100,4752,4434,500,778.6545322246797,188.60341599793173,4793.822084000567,242.68876262626262
1777164039,1024,GET,large_scan,84.100000,79.900000,480,570,640,710,1400,2500,4100,4600,7600,7600,7600,9442,8911,490,773.3747828400943,188.85504198260605,7701.249917008681,18936.170832450753
1777164039,1024,GET,next_departures,345.200000,332.100000,490,570,650,720,1300,1900,3500,3800,4300,4500,4500,37174,35072,490,742.4797341682128,182.49079101951793,15910.039291979047,243.12637865174585
1777164039,1024,GET,point_read,423.000000,406.100000,470,560,630,670,890,1400,1800,2500,3500,9200,9200,46257,43662,460,584.516794412167,113.26508299680427,9160.567249986343,242.81453617830815
1777164039,1024,GET,trips_per_route,41.200000,39.700000,490,580,640,680,860,1400,2400,3400,3600,3600,3600,4715,4438,480,606.9957431492954,190.55945801665075,7594.442749978043,259.3348886532344
1777164039,1024,,Aggregated,937.600000,899.000000,480,570,640,700,1000,1600,3300,3500,4700,9200,9200,102340,96517,480,669.3696595930096,113.26508299680427,15910.039291979047,1968.3525307797538
1777164040,1024,GET,bulk_update_departures,45.500000,42.800000,500,600,710,840,1400,2800,3400,3400,4100,4100,4100,4799,4480,500,778.4848733785478,188.60341599793173,4793.822084000567,242.7224421754532
1777164040,1024,GET,large_scan,89.700000,85.900000,480,570,650,740,1300,2400,4000,4600,7600,7600,7600,9535,9001,490,774.3238697814699,188.85504198260605,7701.249917008681,18858.45107498689
1777164040,1024,GET,next_departures,363.200000,348.900000,490,570,660,740,1200,1800,3400,3700,4300,4500,4500,37596,35480,490,743.6073684404806,182.49079101951793,15910.039291979047,243.16552292797107
1777164040,1024,GET,point_read,449.700000,432.900000,480,560,630,680,980,1400,1800,2500,3500,9200,9200,46732,44130,460,586.5001707037553,113.26508299680427,9160.567249986343,242.85812719335786
1777164040,1024,GET,trips_per_route,44.200000,42.600000,490,590,650,690,910,1300,2100,3300,3600,3600,3600,4763,4484,490,608.3434005595326,190.55945801665075,7594.442749978043,259.29519210581566
1777164040,1024,,Aggregated,992.300000,953.100000,480,570,650,710,1100,1600,3200,3500,4600,9200,9200,103425,97575,480,670.8402728913726,113.26508299680427,15910.039291979047,1959.9369204737732
1777164041,1024,GET,bulk_update_departures,45.100000,42.800000,480,560,630,720,1300,2700,3300,3400,4100,4100,4100,4845,4526,500,775.3532007502007,188.60341599793173,4793.822084000567,242.80061919504644
1777164041,1024,GET,large_scan,85.600000,81.600000,460,540,610,660,1100,1600,3900,4600,7600,7600,7600,9614,9078,490,772.4614364330452,188.85504198260605,7701.249917008681,18774.654462242564
1777164041,1024,GET,next_departures,354.900000,340.500000,470,540,620,670,1000,1500,3400,3700,4300,4500,4500,37956,35822,490,742.045353144565,182.49079101951793,15910.039291979047,243.16031720940035
1777164041,1024,GET,point_read,444.700000,426.900000,450,530,590,640,840,1200,1500,2200,3500,9200,9200,47146,44526,460,585.6062796831034,113.26508299680427,9160.567249986343,242.863975734951
1777164041,1024,GET,trips_per_route,42.800000,41.000000,460,540,610,650,850,1200,1400,3300,3600,3600,3600,4803,4521,480,607.0206763551904,190.55945801665075,7594.442749978043,259.2962731626067
1777164041,1024,,Aggregated,973.100000,932.800000,460,530,610,660,910,1300,3200,3500,4600,9200,9200,104364,98473,480,669.5088143605998,113.26508299680427,15910.039291979047,1950.8715169981986
1777164042,1024,GET,bulk_update_departures,44.200000,42.000000,490,560,630,710,1100,2500,3300,3400,4100,4100,4100,4894,4571,500,775.1604683211531,188.60341599793173,4793.822084000567,242.75786677564363
1777164042,1024,GET,large_scan,87.100000,83.000000,470,550,620,660,1000,1600,3900,4600,7600,7600,7600,9725,9181,490,771.510550445069,188.85504198260605,7701.249917008681,18836.500462724936
1777164042,1024,GET,next_departures,361.900000,347.900000,480,550,620,680,1000,1500,3300,3700,4300,4500,4500,38350,36196,490,741.0649881058233,182.49079101951793,15910.039291979047,243.15752281616687
1777164042,1024,GET,point_read,450.000000,433.300000,470,530,600,640,800,1100,1400,1500,3500,9200,9200,47658,45010,460,584.80535956781,113.26508299680427,9160.567249986343,242.84011078937428
1777164042,1024,GET,trips_per_route,43.000000,41.100000,470,540,610,640,770,1000,1200,1500,3600,3600,3600,4869,4586,480,605.7551100815482,190.55945801665075,7594.442749978043,259.22509755596633
1777164042,1024,,Aggregated,986.200000,947.300000,470,540,610,650,890,1300,2600,3400,4600,9200,9200,105496,99544,480,668.6177029097702,113.26508299680427,15910.039291979047,1957.738264957913
1777164043,1024,GET,bulk_update_departures,46.700000,44.700000,490,560,620,690,1100,1700,3000,3400,4100,4100,4100,4952,4627,490,770.8482435972669,188.60341599793173,4793.822084000567,242.7687802907916
1777164043,1024,GET,large_scan,90.200000,86.400000,460,540,600,660,910,1400,3600,4400,7600,7600,7600,9845,9299,490,767.1883966349598,188.85504198260605,7701.249917008681,18677.41899441341
1777164043,1024,GET,next_departures,377.800000,363.900000,480,550,620,680,1000,1500,3200,3700,4300,4500,4500,38778,36613,490,737.4474399620981,182.49079101951793,15910.039291979047,243.191912940327
1777164043,1024,GET,point_read,464.500000,447.700000,460,530,590,630,800,1100,1400,1500,3500,9200,9200,48239,45586,460,581.9061260804099,113.26508299680427,9160.567249986343,242.90596820000414
1777164043,1024,GET,trips_per_route,44.600000,42.700000,460,540,610,640,780,1000,1300,1400,3400,3400,3400,4927,4644,480,603.8147881897929,190.55945801665075,7594.442749978043,259.07935863608685
1777164043,1024,,Aggregated,1023.800000,985.400000,470,540,610,650,890,1300,1800,3300,4600,9200,9200,106741,100769,470,665.278685523074,113.26508299680427,15910.039291979047,1944.0130971229426
1777164044,1024,GET,bulk_update_departures,47.400000,45.200000,500,590,690,760,1200,1500,2800,3300,4100,4100,4100,4997,4670,500,771.8616363235424,188.60341599793173,4793.822084000567,242.8064838903342
1777164044,1024,GET,large_scan,94.500000,90.200000,500,590,670,740,1100,1400,3600,4400,5100,5100,5100,9933,9383,490,768.7074329045907,188.85504198260605,7701.249917008681,18647.954797140843
1777164044,1024,GET,next_departures,387.900000,373.500000,510,610,690,790,1200,1500,3200,3600,4300,4500,4500,39111,36933,490,738.9474327422316,182.49079101951793,15910.039291979047,243.21226764848763
1777164044,1024,GET,point_read,478.800000,460.000000,490,580,640,690,980,1200,1400,1500,1800,3500,3500,48662,45980,460,583.8477863656232,113.26508299680427,9160.567249986343,242.86991903333197
1777164044,1024,GET,trips_per_route,47.700000,45.800000,500,590,650,690,940,1200,1300,1400,3400,3400,3400,4969,4683,480,605.6214328989935,190.55945801665075,7594.442749978043,259.09358019722276
1777164044,1024,,Aggregated,1056.300000,1014.700000,500,590,660,730,1100,1300,1800,3200,4400,5100,5100,107672,101649,480,666.9707115120921,113.26508299680427,15910.039291979047,1941.653224608069
1777164045,1024,GET,bulk_update_departures,47.000000,45.100000,490,570,650,750,1200,1500,2800,3300,4100,4100,4100,5041,4712,500,770.6592939806839,188.60341599793173,4793.822084000567,242.80023804800635
1777164045,1024,GET,large_scan,95.500000,91.600000,490,590,680,780,1200,1500,3500,4400,5100,5100,5100,10010,9455,490,768.7326990052298,188.85504198260605,7701.249917008681,18672.38981018981
1777164045,1024,GET,next_departures,381.800000,367.900000,500,600,690,820,1200,1500,3100,3500,4300,4500,4500,39523,37324,490,738.5998449612969,182.49079101951793,15910.039291979047,243.2087139134175
1777164045,1024,GET,point_read,482.400000,463.800000,480,570,630,690,990,1200,1400,1500,1800,3500,3500,49159,46455,460,583.7322955715682,113.26508299680427,9160.567249986343,242.8707459468256
1777164045,1024,GET,trips_per_route,48.900000,47.100000,480,580,650,690,960,1200,1300,1400,3400,3400,3400,5013,4726,480,605.243952372465,190.55945801665075,7594.442749978043,259.02373828047075
1777164045,1024,,Aggregated,1055.600000,1015.500000,490,580,660,730,1100,1300,1900,3200,4400,5100,5100,108746,102672,480,666.7038175348944,113.26508299680427,15910.039291979047,1940.160419693598
1777164046,1024,GET,bulk_update_departures,44.200000,42.200000,460,540,620,670,1100,1400,2800,3300,4100,4100,4100,5094,4763,490,767.4546668460079,188.60341599793173,4793.822084000567,242.8237141735375
1777164046,1024,GET,large_scan,89.800000,86.400000,460,560,650,730,1100,1300,3300,3800,5100,5100,5100,10117,9560,490,765.1819569079082,188.85504198260605,7701.249917008681,18543.213699713353
1777164046,1024,GET,next_departures,357.600000,343.900000,470,560,660,750,1200,1400,3000,3300,4100,4500,4500,39989,37769,490,735.5341796572628,182.49079101951793,15910.039291979047,243.2002550701443
1777164046,1024,GET,point_read,455.900000,436.500000,450,530,610,650,930,1200,1300,1400,1800,3500,3500,49798,47059,460,581.032356242693,113.26508299680427,9160.567249986343,242.83641913329853
1777164046,1024,GET,trips_per_route,45.800000,44.100000,450,540,620,670,900,1200,1300,1400,3400,3400,3400,5059,4772,480,603.1540113724501,190.55945801665075,7594.442749978043,258.9335837121961
1777164046,1024,,Aggregated,993.300000,953.100000,460,540,620,690,1000,1300,1800,3000,4400,5100,5100,110057,103923,470,663.7437115401257,113.26508299680427,15910.039291979047,1925.971860036163
1777164047,1024,GET,bulk_update_departures,43.700000,41.900000,460,550,620,700,1100,1400,2800,3000,4100,4100,4100,5129,4796,490,766.4429101014858,188.60341599793173,4793.822084000567,242.83115617079352
1777164047,1024,GET,large_scan,85.600000,82.100000,460,570,660,740,1100,1400,3300,3800,5100,5100,5100,10195,9636,480,763.2700874161103,188.85504198260605,7701.249917008681,18468.42717018146
1777164047,1024,GET,next_departures,350.800000,335.300000,460,580,670,750,1200,1400,2800,3200,3900,4400,4400,40300,38074,490,733.509076347725,182.49079101951793,15910.039291979047,243.23414392059553
1777164047,1024,GET,point_read,448.300000,427.900000,440,530,610,670,940,1200,1300,1400,1600,3500,3500,50245,47490,460,579.6466027617374,113.26508299680427,9160.567249986343,242.85421434968654
1777164047,1024,GET,trips_per_route,44.700000,42.900000,450,540,640,680,910,1200,1300,1400,3400,3400,3400,5101,4812,480,601.7747082100132,190.55945801665075,7594.442749978043,258.9307978827681
1777164047,1024,,Aggregated,973.100000,930.100000,450,550,640,700,1000,1300,1600,2900,3900,5100,5100,110970,104808,470,662.0441231528661,113.26508299680427,15910.039291979047,1918.1440749752185
1777164048,1024,GET,bulk_update_departures,44.700000,43.000000,460,560,660,760,1200,1500,2900,3300,4000,4000,4000,5175,4836,490,767.9530479941097,188.60341599793173,4793.822084000567,242.72850241545893
1777164048,1024,GET,large_scan,89.400000,85.800000,460,600,710,780,1100,1300,3300,3500,4600,4600,4600,10272,9712,490,762.694361009376,188.85504198260605,7701.249917008681,18364.208333333332
1777164048,1024,GET,next_departures,371.000000,354.800000,470,600,720,820,1200,1400,2800,3100,3700,4400,4400,40680,38437,490,733.6817227411068,182.49079101951793,15910.039291979047,243.2231563421829
1777164048,1024,GET,point_read,469.800000,449.000000,450,560,650,720,970,1200,1300,1400,1600,3500,3500,50680,47915,460,580.1347122372257,113.26508299680427,9160.567249986343,242.89169297553275
1777164048,1024,GET,trips_per_route,46.300000,44.500000,450,540,650,710,970,1200,1300,1400,3400,3400,3400,5130,4839,480,601.9555881249903,190.55945801665075,7594.442749978043,258.91754385964913
1777164048,1024,,Aggregated,1021.200000,977.100000,460,580,680,750,1100,1300,1600,2900,3800,4600,4600,111937,105739,470,662.3724538269689,113.26508299680427,15910.039291979047,1906.658066591029
1777164049,1024,GET,bulk_update_departures,45.800000,44.100000,460,550,620,690,1200,2200,2900,3300,4000,4000,4000,5225,4884,490,766.772349758931,188.60341599793173,4793.822084000567,242.76019138755981
1777164049,1024,GET,large_scan,92.600000,89.200000,460,560,650,720,1100,1400,3300,3800,4800,4800,4800,10381,9815,490,762.5761737633477,188.85504198260605,7701.249917008681,18366.03169251517
1777164049,1024,GET,next_departures,377.100000,360.900000,460,560,640,710,1100,1400,2800,3200,4200,4800,4800,41090,38829,490,732.8116234464139,182.49079101951793,15910.039291979047,243.21774154295449
1777164049,1024,GET,point_read,488.500000,466.300000,440,540,610,660,850,1100,1300,1400,1600,3500,3500,51158,48354,460,579.7621491249693,113.26508299680427,9160.567249986343,242.84725751593103
1777164049,1024,GET,trips_per_route,46.700000,45.000000,450,530,610,650,820,1200,1300,1400,3400,3400,3400,5170,4878,480,601.634538667535,190.55945801665075,7594.442749978043,258.8955512572534
1777164049,1024,,Aggregated,1050.700000,1005.500000,450,550,620,680,960,1300,1600,2900,3900,4800,4800,113024,106760,480,661.8403258120998,113.26508299680427,15910.039291979047,1908.285709229898
1777164050,1024,GET,bulk_update_departures,45.700000,43.500000,490,580,680,750,1200,2500,2900,3300,4000,4000,4000,5255,4913,500,766.9129978491842,188.60341599793173,4793.822084000567,242.7824928639391
1777164050,1024,GET,large_scan,88.700000,85.300000,470,600,690,760,1000,1300,3300,3700,4800,4800,4800,10428,9861,490,762.7845981017635,188.85504198260605,7701.249917008681,18316.236478711162
1777164050,1024,GET,next_departures,369.700000,354.600000,480,590,680,770,1100,1400,2800,3200,4200,4800,4800,41327,39051,490,733.6709091131027,182.49079101951793,15910.039291979047,243.21298424758632
1777164050,1024,GET,point_read,476.500000,456.300000,460,570,640,700,890,1100,1300,1400,1600,3500,3500,51487,48652,460,580.6371835857256,113.26508299680427,9160.567249986343,242.8154679822091
1777164050,1024,GET,trips_per_route,44.100000,42.500000,460,560,630,680,900,1200,1300,1500,3400,3400,3400,5196,4902,480,602.1656341081845,190.55945801665075,7594.442749978043,258.9103156274057
1777164050,1024,,Aggregated,1024.700000,982.200000,470,580,660,730,960,1200,1600,3000,3900,4800,4800,113693,107379,480,662.5648242171792,113.26508299680427,15910.039291979047,1901.4005875471664
1777164051,1024,GET,bulk_update_departures,45.500000,43.300000,470,580,670,740,970,1500,2900,3300,4000,4000,4000,5310,4968,490,764.5747591010128,188.60341599793173,4793.822084000567,242.85593220338984
1777164051,1024,GET,large_scan,89.100000,85.600000,470,600,700,780,1000,1400,3500,3800,4800,4800,4800,10569,9994,490,762.4174052260494,188.85504198260605,7701.249917008681,18326.672249030184
1777164051,1024,GET,next_departures,376.200000,360.900000,490,600,700,780,1100,1400,2800,3200,4200,4800,4800,41791,39506,490,732.5496418627849,182.49079101951793,15910.039291979047,243.25620348878945
1777164051,1024,GET,point_read,473.300000,453.500000,460,570,650,710,910,1100,1300,1400,1600,3500,3500,52055,49216,460,580.6038229467375,113.26508299680427,9160.567249986343,242.89011622322545
1777164051,1024,GET,trips_per_route,43.900000,42.300000,470,560,650,710,920,1200,1300,1300,3400,3400,3400,5251,4956,480,601.7214071756192,190.55945801665075,7594.442749978043,258.82346219767663
1777164051,1024,,Aggregated,1028.000000,985.600000,470,580,670,740,960,1200,1500,2900,4000,4800,4800,114976,108640,480,662.0062858537373,113.26508299680427,15910.039291979047,1906.0744068327303
1777164052,1024,GET,bulk_update_departures,45.200000,42.900000,470,570,660,730,970,1400,2900,3300,4000,4000,4000,5371,5028,490,760.3149982300143,188.60341599793173,4793.822084000567,242.89145410538075
1777164052,1024,GET,large_scan,88.000000,84.500000,480,610,710,780,1000,1400,3500,3800,4800,4800,4800,10687,10108,490,759.427002952111,188.85504198260605,7701.249917008681,18251.41358660054
1777164052,1024,GET,next_departures,368.300000,352.800000,490,600,690,770,1000,1400,3000,3200,4200,4800,4800,42285,39982,490,729.5365531958338,182.49079101951793,15910.039291979047,243.26293011706278
1777164052,1024,GET,point_read,466.100000,444.100000,470,580,650,710,900,1000,1300,1400,1600,1800,1800,52652,49799,460,578.1248269125787,113.26508299680427,9160.567249986343,242.92099065562562
1777164052,1024,GET,trips_per_route,42.700000,41.300000,480,570,670,710,900,1100,1300,1300,1500,1500,1500,5300,5005,480,599.8500552979241,190.55945801665075,7594.442749978043,258.7584905660377
1777164052,1024,,Aggregated,1010.300000,965.600000,480,590,670,740,950,1200,1500,3000,4000,4800,4800,116295,109922,470,659.2436052075171,113.26508299680427,15910.039291979047,1898.6671482006966
