Timestamp,User Count,Type,Name,Requests/s,Failures/s,50%,66%,75%,80%,90%,95%,98%,99%,99.9%,99.99%,100%,Total Request Count,Total Failure Count,Total Median Response Time,Total Average Response Time,Total Min Response Time,Total Max Response Time,Total Average Content Size
1777174077,0,,Aggregated,0.000000,0.000000,N/A,N/A,N/A,N/A,N/A,N/A,N/A,N/A,N/A,N/A,N/A,0,0,0,0.0,0,0,0
1777174078,20,GET,next_departures,0.000000,0.000000,0,0,0,0,0,0,0,0,0,0,0,11,0,710,708.4872574619526,538.6329170141835,844.5240000146441,86.36363636363636
1777174078,20,GET,point_read,0.000000,0.000000,0,0,0,0,0,0,0,0,0,0,0,6,0,710,720.7298678258667,538.2277499884367,844.7470410028473,81.16666666666667
1777174078,20,,Aggregated,0.000000,0.000000,0,0,0,0,0,0,0,0,0,0,0,17,0,710,712.8081787668634,538.2277499884367,844.7470410028473,84.52941176470588
1777174079,40,GET,bulk_update_departures,0.000000,0.000000,0,0,0,0,0,0,0,0,0,0,0,4,0,86,350.2664584957529,80.8717500185594,752.4447499890812,108.0
1777174079,40,GET,next_departures,0.000000,0.000000,370,710,710,710,710,750,840,840,840,840,840,30,0,370,409.50935690198094,62.71366702276282,844.5240000146441,86.13333333333334
1777174079,40,GET,point_read,0.000000,0.000000,270,480,570,570,710,810,840,840,840,840,840,32,0,270,358.9444778735924,65.16224998631515,844.7470410028473,81.15625
1777174079,40,GET,trips_per_route,0.000000,0.000000,0,0,0,0,0,0,0,0,0,0,0,2,0,770,1018.5034789901692,765.95829098369,1271.0486669966485,1177.0
1777174079,40,,Aggregated,0.000000,0.000000,360,570,710,710,750,810,840,1300,1300,1300,1300,68,0,360,400.1408351614373,62.71366702276282,1271.0486669966485,117.16176470588235
1777174080,60,GET,bulk_update_departures,0.000000,0.000000,86,86,750,750,750,750,750,750,750,750,750,5,0,86,296.9587417959701,80.8717500185594,752.4447499890812,108.0
1777174080,60,GET,next_departures,1.000000,0.000000,250,520,710,710,710,710,840,840,840,840,840,43,0,250,364.67251158522464,62.71366702276282,844.5240000146441,86.18604651162791
1777174080,60,GET,point_read,1.000000,0.000000,260,430,550,570,690,710,810,840,840,840,840,65,0,260,337.8581730751858,65.16224998631515,844.7470410028473,81.18461538461538
1777174080,60,GET,trips_per_route,0.000000,0.000000,770,770,990,990,990,990,990,990,990,990,990,4,0,770,823.7180727519444,271.16570802172646,1271.0486669966485,1177.0
1777174080,60,,Aggregated,2.000000,0.000000,260,480,570,690,710,770,840,990,1300,1300,1300,117,0,270,362.57577135076383,62.71366702276282,1271.0486669966485,121.63247863247864
1777174081,80,GET,bulk_update_departures,0.500000,0.000000,330,350,750,950,960,960,960,960,960,960,960,11,0,330,418.71649627203374,80.8717500185594,956.6996670037042,108.45454545454545
1777174081,80,GET,next_departures,11.000000,0.000000,310,370,550,710,710,960,960,970,970,970,970,70,0,310,376.7584077448451,62.71366702276282,967.0354590052739,86.12857142857143
1777174081,80,GET,point_read,13.000000,0.000000,310,380,460,570,690,810,960,970,970,970,970,88,0,310,356.1745141923893,65.16224998631515,966.9624170055613,81.22727272727273
1777174081,80,GET,trips_per_route,0.500000,0.000000,900,990,1000,1200,1400,1400,1400,1400,1400,1400,1400,11,0,900,917.5438710927582,271.16570802172646,1438.804458011873,1177.0
1777174081,80,,Aggregated,25.000000,0.000000,330,430,570,690,840,960,1000,1300,1400,1400,1400,180,0,330,402.30727684490074,62.71366702276282,1438.804458011873,151.76111111111112
1777174082,100,GET,bulk_update_departures,1.666667,0.000000,350,590,650,650,950,960,960,960,960,960,960,17,0,350,445.72379658861524,80.8717500185594,956.6996670037042,108.47058823529412
1777174082,100,GET,next_departures,13.000000,0.000000,300,400,610,650,710,960,1100,1200,1200,1200,1200,100,0,300,391.8210241512861,62.71366702276282,1176.3184579904191,86.17
1777174082,100,GET,point_read,18.333333,0.000000,290,380,480,570,690,880,1100,1300,1300,1300,1300,139,0,290,370.6146547270992,65.16224998631515,1290.2983330131974,81.2158273381295
1777174082,100,GET,trips_per_route,1.000000,0.000000,900,990,1000,1200,1400,1400,1400,1400,1400,1400,1400,11,0,900,917.5438710927582,271.16570802172646,1438.804458011873,1177.0
1777174082,100,,Aggregated,34.000000,0.000000,310,430,590,650,770,970,1200,1300,1400,1400,1400,267,0,310,405.87200953641275,62.71366702276282,1438.804458011873,129.95131086142322
1777174083,120,GET,bulk_update_departures,1.750000,0.000000,330,590,650,730,950,960,960,960,960,960,960,20,0,330,432.146298000589,80.8717500185594,956.6996670037042,108.5
1777174083,120,GET,next_departures,15.000000,0.000000,290,370,570,650,830,860,1100,1100,1200,1200,1200,147,0,290,379.6581224430286,62.71366702276282,1176.3184579904191,86.19727891156462
1777174083,120,GET,point_read,19.250000,0.000000,270,350,430,550,710,840,1100,1300,1300,1300,1300,177,0,270,355.39856172376574,65.16224998631515,1290.2983330131974,81.23728813559322
1777174083,120,GET,trips_per_route,2.500000,0.000000,900,990,1200,1200,1400,1900,1900,1900,1900,1900,1900,13,0,900,945.849794847443,271.16570802172646,1898.7168339954223,1177.076923076923
1777174083,120,,Aggregated,38.500000,0.000000,290,380,570,650,830,960,1100,1300,1900,1900,1900,357,0,290,391.18841097271786,62.71366702276282,1898.7168339954223,124.71148459383754
1777174084,140,GET,bulk_update_departures,2.600000,0.000000,290,550,650,650,750,950,960,960,960,960,960,24,0,290,389.5006215837687,80.8717500185594,956.6996670037042,108.5
1777174084,140,GET,next_departures,16.800000,0.000000,280,360,520,650,750,850,970,1100,1200,1200,1200,173,0,280,367.53574276923047,62.71366702276282,1176.3184579904191,86.22543352601156
1777174084,140,GET,point_read,21.600000,0.000000,260,330,430,520,690,830,970,1100,1300,1300,1300,214,0,260,342.39406993467946,65.16224998631515,1290.2983330131974,81.24299065420561
1777174084,140,GET,trips_per_route,2.200000,0.000000,900,1000,1200,1200,1400,1900,1900,1900,1900,1900,1900,16,0,900,926.1569817517739,256.8183749972377,1898.7168339954223,1177.1875
1777174084,140,,Aggregated,43.200000,0.000000,270,360,520,650,750,960,1100,1300,1900,1900,1900,427,0,270,377.10196976847095,62.71366702276282,1898.7168339954223,125.85948477751757
1777174085,160,GET,bulk_update_departures,3.000000,0.000000,320,500,650,650,750,950,960,960,960,960,960,25,0,320,393.82947840029374,80.8717500185594,956.6996670037042,108.44
1777174085,160,GET,next_departures,19.833333,0.000000,290,400,550,650,830,860,1100,1100,1200,1200,1200,182,0,290,384.97239284669587,62.71366702276282,1176.3184579904191,86.22527472527473
1777174085,160,GET,point_read,26.833333,0.000000,260,340,460,570,720,840,1100,1300,7900,7900,7900,224,0,260,384.8993813574322,65.16224998631515,7897.19541699742,81.25892857142857
1777174085,160,GET,trips_per_route,2.000000,0.000000,990,1200,1200,1300,1800,1900,1900,1900,1900,1900,1900,18,0,990,998.3666874452158,256.8183749972377,1898.7168339954223,1177.1666666666667
1777174085,160,,Aggregated,51.666667,0.000000,280,380,570,650,830,970,1200,1300,7900,7900,7900,449,0,280,410.01954177323984,62.71366702276282,7897.19541699742,128.7193763919822
1777174086,180,GET,bulk_update_departures,3.285714,0.000000,290,500,590,650,750,950,960,960,960,960,960,27,0,290,369.61432103783375,63.89775002025999,956.6996670037042,108.4074074074074
1777174086,180,GET,next_departures,23.857143,0.000000,270,350,510,610,750,850,1100,1100,1200,1200,1200,209,0,270,355.00858512453055,59.35749999480322,1176.3184579904191,86.2153110047847
1777174086,180,GET,point_read,28.857143,0.000000,260,320,400,520,710,840,1100,1300,7900,7900,7900,246,0,260,362.33322530094256,61.55612500151619,7897.19541699742,81.26016260162602
1777174086,180,GET,trips_per_route,2.142857,0.000000,990,1200,1200,1300,1800,1900,1900,1900,1900,1900,1900,18,0,990,998.3666874452158,256.8183749972377,1898.7168339954223,1177.1666666666667
1777174086,180,,Aggregated,58.142857,0.000000,270,350,510,620,780,960,1200,1300,7900,7900,7900,500,0,270,382.5619095141883,59.35749999480322,7897.19541699742,124.25
1777174087,200,GET,bulk_update_departures,3.125000,0.000000,220,330,550,590,730,950,960,960,960,960,960,32,0,220,335.9625769071499,63.89775002025999,956.6996670037042,108.40625
1777174087,200,GET,next_departures,21.625000,0.000000,250,320,420,530,730,850,1100,1100,6100,6100,6100,237,0,250,357.183966594591,59.35749999480322,6148.1337499863,86.20675105485232
1777174087,200,GET,point_read,27.125000,0.000000,230,310,360,440,690,810,1100,1300,7900,7900,7900,286,0,230,333.0252093773407,61.55612500151619,7897.19541699742,81.25524475524476
1777174087,200,GET,trips_per_route,2.000000,0.000000,990,1000,1200,1300,1800,1900,1900,1900,1900,1900,1900,19,0,990,955.9141600529026,191.7686669912655,1898.7168339954223,1177.2105263157894
1777174087,200,,Aggregated,53.875000,0.000000,250,320,430,550,740,960,1200,1300,7900,7900,7900,574,0,250,363.7821976774764,59.35749999480322,7897.19541699742,121.09059233449477
1777174088,220,GET,bulk_update_departures,2.777778,0.000000,220,330,500,550,730,950,960,960,960,960,960,37,0,220,317.0129190005576,63.89775002025999,956.6996670037042,108.32432432432432
1777174088,220,GET,next_departures,22.000000,0.000000,250,310,370,420,730,850,1100,1100,6100,6100,6100,260,0,250,344.2328125074989,59.35749999480322,6148.1337499863,86.21538461538462
1777174088,220,GET,point_read,26.000000,0.000000,210,280,330,370,650,780,1100,1300,7900,7900,7900,316,0,220,317.6525921894781,61.55612500151619,7897.19541699742,81.2753164556962
1777174088,220,GET,trips_per_route,2.000000,0.000000,990,1000,1200,1300,1800,1900,1900,1900,1900,1900,1900,20,0,990,960.2604228493874,191.7686669912655,1898.7168339954223,1177.2
1777174088,220,,Aggregated,52.777778,0.000000,230,310,360,430,730,950,1100,1300,7900,7900,7900,633,0,240,348.83639311821986,59.35749999480322,7897.19541699742,119.51184834123222
1777174089,240,GET,bulk_update_departures,3.000000,0.000000,240,350,500,590,730,960,1400,1400,1400,1400,1400,38,0,220,344.50417223744904,63.89775002025999,1361.680542002432,108.28947368421052
1777174089,240,GET,next_departures,22.400000,0.000000,250,310,370,420,730,860,1100,1200,6100,6100,6100,264,0,250,346.8307721020458,59.35749999480322,6148.1337499863,86.22348484848484
1777174089,240,GET,point_read,26.700000,0.000000,220,280,330,370,680,830,1100,1300,7900,7900,7900,331,0,220,317.17575026236074,61.55612500151619,7897.19541699742,81.28398791540785
1777174089,240,GET,trips_per_route,1.800000,0.000000,1000,1200,1300,1400,1800,1900,1900,1900,1900,1900,1900,23,0,1000,982.8144256531706,191.7686669912655,1898.7168339954223,1177.1739130434783
1777174089,240,,Aggregated,53.900000,0.000000,240,310,370,500,740,970,1200,1400,7900,7900,7900,656,0,240,354.0310785165053,59.35749999480322,7897.19541699742,123.25914634146342
1777174090,256,GET,bulk_update_departures,3.700000,0.000000,220,350,500,590,730,960,1400,1400,1400,1400,1400,40,0,220,333.21957927546464,63.89775002025999,1361.680542002432,108.325
1777174090,256,GET,next_departures,24.600000,0.000000,250,320,400,510,830,960,1200,1500,8800,8800,8800,273,0,250,385.756783585888,59.35749999480322,8813.35583300097,86.22344322344323
1777174090,256,GET,point_read,30.900000,0.000000,220,280,330,370,740,970,6600,7800,8800,8800,8800,341,0,220,432.09899096429496,61.55612500151619,8809.955416974844,81.26099706744868
1777174090,256,GET,trips_per_route,1.900000,0.000000,1200,1400,1400,1500,1900,8200,8200,8200,8200,8200,8200,28,0,1000,1296.9295669297155,191.7686669912655,8234.5524590055,1177.2142857142858
1777174090,256,,Aggregated,61.100000,0.000000,230,310,380,520,840,1100,1800,7800,8800,8800,8800,682,0,250,443.25537959358155,59.35749999480322,8813.35583300097,129.82991202346042
1777174091,256,GET,bulk_update_departures,3.700000,0.000000,170,220,320,360,650,730,1400,1400,1400,1400,1400,44,0,170,315.9726506597839,63.89775002025999,1361.680542002432,108.31818181818181
1777174091,256,GET,next_departures,24.200000,0.000000,220,290,370,440,770,850,1200,6100,8800,8800,8800,284,0,250,374.6087767076588,59.35749999480322,8813.35583300097,86.22887323943662
1777174091,256,GET,point_read,30.300000,0.000000,190,250,310,320,720,840,7800,7800,8800,8800,8800,358,0,220,437.51686290187786,61.55612500151619,8809.955416974844,81.25418994413408
1777174091,256,GET,trips_per_route,2.100000,0.000000,1300,1400,1500,1800,1900,8200,8200,8200,8200,8200,8200,29,0,1100,1313.3113577255401,191.7686669912655,8234.5524590055,1177.2413793103449
1777174091,256,,Aggregated,60.300000,0.000000,210,280,330,410,780,1100,6100,7800,8800,8800,8800,715,0,240,440.57168602366227,59.35749999480322,8813.35583300097,129.34825174825176
1777174092,256,GET,bulk_update_departures,3.300000,0.000000,150,170,300,320,500,730,1400,1400,1400,1400,1400,45,0,220,315.6282389782266,63.89775002025999,1361.680542002432,108.31111111111112
1777174092,256,GET,next_departures,22.700000,0.000000,180,280,370,420,780,850,1200,6100,8800,8800,8800,294,0,250,368.5462620544095,59.35749999480322,8813.35583300097,86.2312925170068
1777174092,256,GET,point_read,27.700000,0.000000,170,220,280,330,740,850,7800,7800,8800,8800,8800,367,0,220,431.8608605936969,61.55612500151619,8809.955416974844,81.25885558583106
1777174092,256,GET,trips_per_route,2.500000,0.000000,1300,1400,1500,1800,1900,8200,8200,8200,8200,8200,8200,30,0,1000,1282.2220721679817,191.7686669912655,8234.5524590055,1177.2666666666667
1777174092,256,,Aggregated,56.200000,0.000000,180,270,350,410,830,1200,6600,7800,8800,8800,8800,736,0,230,434.1242796208462,59.35749999480322,8813.35583300097,129.5733695652174
1777174093,256,GET,bulk_update_departures,3.400000,0.000000,140,170,300,320,360,500,1400,1400,1400,1400,1400,45,0,220,315.6282389782266,63.89775002025999,1361.680542002432,108.31111111111112
1777174093,256,GET,next_departures,22.000000,0.000000,190,280,330,380,770,1200,9700,9800,11000,11000,11000,311,0,250,485.7328545082798,59.35749999480322,10701.122625003336,86.20578778135048
1777174093,256,GET,point_read,27.200000,0.000000,180,270,330,370,840,7900,9800,10000,11000,11000,11000,390,0,220,618.6665323844258,61.55612500151619,11055.834832979599,81.25897435897436
1777174093,256,GET,trips_per_route,1.800000,0.000000,1200,1400,1400,1500,1800,8200,8200,8200,8200,8200,8200,33,0,1000,1255.138474698249,191.7686669912655,8234.5524590055,1177.2424242424242
1777174093,256,,Aggregated,54.400000,0.000000,190,280,350,440,1100,7800,9500,10000,11000,11000,11000,779,0,250,575.0522539166411,59.35749999480322,11055.834832979599,131.22464698331194
1777174094,256,GET,bulk_update_departures,3.100000,0.000000,150,170,300,320,360,500,1400,1400,1400,1400,1400,47,0,200,309.678697787681,63.89775002025999,1361.680542002432,108.29787234042553
1777174094,256,GET,next_departures,20.600000,0.000000,190,280,320,370,780,1500,9800,10000,11000,11000,11000,321,0,250,508.2101309785331,59.35749999480322,10701.122625003336,86.21495327102804
1777174094,256,GET,point_read,25.300000,0.000000,180,270,320,350,840,7900,9800,10000,11000,11000,11000,403,0,220,607.399870044576,61.55612500151619,11055.834832979599,81.26054590570719
1777174094,256,GET,trips_per_route,1.800000,0.000000,1300,1400,1500,1800,8200,10000,11000,11000,11000,11000,11000,38,0,1000,1704.8896655254985,191.7686669912655,10631.644207984209,1177.0
1777174094,256,,Aggregated,50.800000,0.000000,190,280,350,410,1100,7900,9800,10000,11000,11000,11000,809,0,250,602.2970404920435,59.35749999480322,11055.834832979599,136.26576019777502
1777174095,256,GET,bulk_update_departures,2.700000,0.000000,140,170,200,300,360,360,1400,1400,1400,1400,1400,50,0,200,302.53341676085256,63.89775002025999,1361.680542002432,108.32
1777174095,256,GET,next_departures,18.000000,0.000000,180,270,290,310,770,6100,10000,11000,12000,12000,12000,341,0,240,525.4696356396354,59.35749999480322,11856.579582992708,86.22287390029325
1777174095,256,GET,point_read,21.700000,0.000000,180,240,280,330,760,9000,10000,11000,11000,11000,11000,429,0,220,632.4259229883604,61.55612500151619,11063.606250012526,81.26573426573427
1777174095,256,GET,trips_per_route,2.100000,0.000000,1200,1400,1500,1800,8200,10000,11000,11000,11000,11000,11000,39,0,1100,1688.8947414095478,191.7686669912655,10631.644207984209,1177.025641025641
1777174095,256,,Aggregated,44.500000,0.000000,190,270,320,360,1100,8800,10000,11000,12000,12000,12000,859,0,240,618.7304219652355,59.35749999480322,11856.579582992708,134.55762514551805
1777174096,256,GET,bulk_update_departures,2.300000,0.000000,150,170,200,230,360,360,1400,1400,1400,1400,1400,51,0,200,298.0998906086646,63.89775002025999,1361.680542002432,108.29411764705883
1777174096,256,GET,next_departures,14.900000,0.000000,180,250,310,370,8800,11000,12000,12000,12000,12000,12000,369,1,230,739.9044261740042,59.35749999480322,12116.452500020387,87.62330623306234
1777174096,256,GET,point_read,19.200000,0.000000,170,230,290,350,7500,9800,12000,12000,13000,13000,13000,458,1,210,721.1822434541374,61.55612500151619,12578.120249992935,82.86026200873363
1777174096,256,GET,trips_per_route,2.100000,0.000000,1100,1400,1400,1500,8200,10000,11000,11000,11000,11000,11000,40,0,1000,1667.3566676494374,191.7686669912655,10631.644207984209,1177.025
1777174096,256,,Aggregated,38.500000,0.000000,190,270,350,440,7500,10000,12000,12000,13000,13000,13000,918,2,220,746.4308953019846,59.35749999480322,12578.120249992935,133.86383442265796
1777174097,256,GET,bulk_update_departures,2.300000,0.000000,150,170,200,230,300,1400,1400,1400,1400,1400,1400,52,0,170,294.2510281349174,63.89775002025999,1361.680542002432,108.28846153846153
1777174097,256,GET,next_departures,15.800000,0.000000,180,240,290,330,8800,11000,12000,12000,12000,12000,12000,392,4,220,768.613623207116,59.35749999480322,12116.452500020387,93.18622448979592
1777174097,256,GET,point_read,20.000000,0.000000,190,270,320,350,8500,10000,12000,12000,13000,13000,13000,481,3,210,728.3972195986046,61.15904200123623,12578.120249992935,85.86278586278586
1777174097,256,GET,trips_per_route,2.300000,0.000000,1200,1400,1800,8200,11000,13000,13000,13000,13000,13000,13000,46,1,1100,2261.134468260697,191.7686669912655,13013.556916994276,1164.5652173913043
1777174097,256,,Aggregated,40.400000,0.000000,200,280,360,780,8700,11000,12000,12000,13000,13000,13000,971,8,220,793.994687875516,59.35749999480322,13013.556916994276,141.12255406797115
1777174098,256,GET,bulk_update_departures,2.500000,0.000000,150,200,200,230,1400,9200,9200,9200,9200,9200,9200,54,1,170,454.1183125741857,61.36408299789764,9159.971332992427,121.12962962962963
1777174098,256,GET,next_departures,16.200000,0.100000,170,240,290,320,9700,11000,12000,12000,13000,13000,13000,410,5,210,797.5529168784993,58.5028330096975,13467.913124972256,94.6829268292683
1777174098,256,GET,point_read,20.700000,0.000000,180,260,320,440,9000,10000,12000,12000,13000,13000,13000,497,6,210,769.8142444747111,59.11616698722355,12578.120249992935,90.19919517102616
1777174098,256,GET,trips_per_route,2.200000,0.000000,1200,1400,1800,8200,11000,13000,13000,13000,13000,13000,13000,49,1,1100,2163.4995739589854,95.39404200040735,13013.556916994276,1165.3673469387754
1777174098,256,,Aggregated,41.600000,0.100000,190,270,360,830,9100,11000,12000,13000,13000,13000,13000,1010,13,220,831.810142007042,58.5028330096975,13467.913124972256,145.83465346534655
1777174099,256,GET,bulk_update_departures,2.100000,0.000000,150,200,200,230,9200,10000,10000,10000,10000,10000,10000,55,2,200,627.8105000727174,61.36408299789764,10007.188624993432,133.52727272727273
1777174099,256,GET,large_scan,0.000000,0.000000,0,0,0,0,0,0,0,0,0,0,0,3,3,11000,10706.058763995921,9975.515958998585,11599.260165996384,749.3333333333334
1777174099,256,GET,next_departures,16.000000,0.400000,180,270,420,8700,10000,11000,12000,12000,13000,13000,13000,434,21,220,1136.5670446501745,58.5028330096975,13467.913124972256,120.85483870967742
1777174099,256,GET,point_read,20.300000,0.300000,190,280,440,7800,10000,11000,12000,12000,13000,13000,13000,523,22,210,1052.2438805792629,59.11616698722355,12578.120249992935,112.02485659655832
1777174099,256,GET,trips_per_route,2.400000,0.100000,1200,1400,1800,8700,11000,13000,13000,13000,13000,13000,13000,51,2,1100,2303.099011411712,95.39404200040735,13013.556916994276,1158.921568627451
1777174099,256,,Aggregated,40.800000,0.800000,190,300,830,8600,10000,11000,12000,12000,13000,13000,13000,1066,50,220,1151.68803968022,58.5028330096975,13467.913124972256,168.60881801125703
1777174100,256,GET,bulk_update_departures,1.600000,0.000000,170,200,230,230,9200,10000,10000,10000,10000,10000,10000,57,2,190,610.4175746497053,61.36408299789764,10007.188624993432,132.6140350877193
1777174100,256,GET,large_scan,0.000000,0.000000,11000,12000,12000,23000,23000,23000,23000,23000,23000,23000,23000,6,5,10000,12584.492902829274,9975.515958998585,22901.791125012096,102728.16666666667
1777174100,256,GET,next_departures,15.000000,0.400000,180,280,770,10000,10000,11000,12000,12000,13000,13000,13000,449,28,220,1261.9954913812207,58.5028330096975,13467.913124972256,131.1826280623608
1777174100,256,GET,point_read,17.700000,0.300000,190,280,440,9100,10000,11000,12000,12000,13000,13000,13000,540,29,210,1156.0861169758869,59.11616698722355,12578.120249992935,120.67037037037036
1777174100,256,GET,trips_per_route,2.800000,0.100000,1100,1300,8700,10000,11000,13000,13000,13000,13000,13000,13000,53,3,1100,2435.030426848724,95.39404200040735,13013.556916994276,1152.9245283018868
1777174100,256,,Aggregated,37.100000,0.800000,200,310,1800,9900,10000,11000,12000,13000,23000,23000,23000,1105,67,220,1294.3709055132472,58.5028330096975,22901.791125012096,732.2135746606335
1777174101,256,GET,bulk_update_departures,1.700000,0.200000,190,200,230,300,9200,10000,10000,10000,10000,10000,10000,57,2,190,610.4175746497053,61.36408299789764,10007.188624993432,132.6140350877193
1777174101,256,GET,large_scan,0.100000,0.100000,23000,23000,23000,23000,23000,23000,23000,23000,23000,23000,23000,11,5,23000,17296.11561381766,9975.515958998585,23088.124709000112,334430.7272727273
1777174101,256,GET,next_departures,15.600000,1.300000,180,280,770,10000,10000,11000,12000,12000,13000,13000,13000,459,28,210,1236.4934235755436,58.5028330096975,13467.913124972256,130.20915032679738
1777174101,256,GET,point_read,18.100000,1.500000,180,270,350,9000,10000,11000,12000,12000,13000,13000,13000,559,30,210,1128.935314844444,59.11616698722355,12578.120249992935,120.6618962432916
1777174101,256,GET,trips_per_route,2.700000,0.100000,1100,1200,8700,10000,11000,13000,13000,13000,13000,13000,13000,55,3,1100,2381.7979181449946,95.39404200040735,13013.556916994276,1153.8
1777174101,256,,Aggregated,38.200000,3.200000,200,320,8500,10000,10000,11000,13000,23000,23000,23000,23000,1141,68,220,1362.5550231588263,58.5028330096975,23088.124709000112,3397.872042068361
1777174102,256,GET,bulk_update_departures,1.700000,0.200000,190,200,230,5300,9200,10000,10000,10000,10000,10000,10000,59,3,190,680.2471271869963,61.36408299789764,10007.188624993432,143.5593220338983
1777174102,256,GET,large_scan,0.500000,0.500000,23000,23000,23000,23000,23000,23000,23000,23000,23000,23000,23000,18,6,23000,18460.648592721554,5549.628459004452,23088.124709000112,408577.8333333333
1777174102,256,GET,next_departures,17.700000,2.800000,160,240,700,10000,10000,11000,12000,12000,13000,13000,13000,470,29,210,1221.3855722600822,55.77266702312045,13467.913124972256,130.74468085106383
1777174102,256,GET,point_read,19.700000,2.700000,160,230,320,5100,10000,11000,12000,12000,13000,13000,13000,578,33,200,1122.4929545121831,59.11616698722355,12578.120249992935,123.21799307958477
1777174102,256,GET,trips_per_route,2.400000,0.200000,1100,5100,10000,10000,11000,13000,13000,13000,13000,13000,13000,56,4,1100,2430.4872715349898,95.39404200040735,13013.556916994276,1147.892857142857
1777174102,256,,Aggregated,42.000000,6.400000,180,300,5300,10000,11000,12000,23000,23000,23000,23000,23000,1181,75,220,1466.0336063075874,55.77266702312045,23088.124709000112,6401.204911092294
1777174103,256,GET,bulk_update_departures,1.600000,0.200000,200,230,240,5300,9200,10000,10000,10000,10000,10000,10000,61,3,200,665.6331824430753,61.36408299789764,10007.188624993432,142.36065573770492
1777174103,256,GET,large_scan,0.600000,0.500000,23000,23000,23000,23000,23000,23000,24000,24000,24000,24000,24000,22,6,23000,19292.243875135846,5549.628459004452,23859.87075002049,445649.54545454547
1777174103,256,GET,next_departures,17.400000,2.800000,140,210,340,10000,10000,11000,12000,12000,13000,13000,13000,482,29,200,1195.1365115067752,55.77266702312045,13467.913124972256,129.6390041493776
1777174103,256,GET,point_read,20.200000,2.900000,160,230,300,5100,10000,11000,12000,12000,13000,13000,13000,594,35,200,1114.090725798005,59.11616698722355,12578.120249992935,124.58417508417509
1777174103,256,GET,trips_per_route,2.500000,0.300000,1200,5100,10000,11000,13000,13000,13000,13000,13000,13000,13000,56,4,1100,2430.4872715349898,95.39404200040735,13013.556916994276,1147.892857142857
1777174103,256,,Aggregated,42.300000,6.700000,170,280,5300,10000,11000,12000,23000,23000,24000,24000,24000,1215,77,220,1513.552235603503,55.77266702312045,23859.87075002049,8241.765432098766
1777174104,256,GET,bulk_update_departures,1.400000,0.300000,230,260,5200,5200,9200,10000,10000,10000,10000,10000,10000,65,5,200,790.8667635083056,61.36408299789764,10007.188624993432,161.66153846153847
1777174104,256,GET,large_scan,1.200000,0.500000,23000,23000,23000,23000,23000,24000,24000,24000,24000,24000,24000,25,8,23000,18363.766620078823,5271.973708004225,24095.153749978635,416736.44
1777174104,256,GET,next_departures,17.500000,2.800000,150,240,5200,10000,10000,11000,12000,12000,13000,13000,13000,501,38,210,1248.5622780325152,55.77266702312045,13467.913124972256,141.22355289421156
1777174104,256,GET,point_read,20.300000,3.000000,160,250,5100,5300,10000,11000,12000,12000,13000,13000,13000,612,47,210,1186.6744424723292,59.11616698722355,12578.120249992935,137.8545751633987
1777174104,256,GET,trips_per_route,2.700000,0.400000,1200,1300,8700,10000,13000,13000,13000,13000,13000,13000,13000,57,4,1100,2410.246243385349,95.39404200040735,13013.556916994276,1148.421052631579
1777174104,256,,Aggregated,43.100000,7.000000,180,800,5300,10000,11000,12000,23000,23000,24000,24000,24000,1260,102,220,1587.0309532462945,55.77266702312045,24095.153749978635,8451.983333333334
1777174105,256,GET,bulk_update_departures,1.400000,0.300000,230,260,5200,5300,9200,10000,10000,10000,10000,10000,10000,65,5,200,790.8667635083056,61.36408299789764,10007.188624993432,161.66153846153847
1777174105,256,GET,large_scan,2.100000,0.600000,23000,23000,23000,23000,24000,24000,25000,25000,25000,25000,25000,26,8,23000,18610.867060960467,5271.973708004225,24788.37808300159,424264.76923076925
1777174105,256,GET,next_departures,17.700000,2.900000,140,290,5300,8600,10000,11000,12000,12000,13000,13000,13000,504,40,210,1266.6746869271885,55.77266702312045,13467.913124972256,143.81944444444446
1777174105,256,GET,point_read,20.500000,3.300000,170,280,5200,5400,10000,10000,11000,12000,13000,13000,13000,616,50,210,1209.2659506250295,59.11616698722355,12578.120249992935,141.10064935064935
1777174105,256,GET,trips_per_route,2.300000,0.400000,1300,3200,8700,10000,13000,13000,13000,13000,13000,13000,13000,60,4,1100,2411.4225596829783,95.39404200040735,13013.556916994276,1149.8833333333334
1777174105,256,,Aggregated,44.000000,7.500000,200,5100,5800,10000,11000,13000,23000,23000,25000,25000,25000,1271,107,230,1623.3564945635812,55.77266702312045,24788.37808300159,8866.867033831628
1777174106,256,GET,bulk_update_departures,1.600000,0.400000,260,460,5200,5300,10000,21000,21000,21000,21000,21000,21000,69,5,220,1061.9665260002375,61.36408299789764,20860.74983299477,158.57971014492753
1777174106,256,GET,large_scan,2.200000,0.600000,23000,23000,24000,25000,25000,26000,26000,26000,26000,26000,26000,35,9,23000,19737.68052022954,5271.973708004225,25721.158166008536,455185.5142857143
1777174106,256,GET,next_departures,17.400000,3.100000,250,5200,6100,10000,11000,22000,22000,22000,22000,22000,22000,538,45,230,1748.0809729689988,55.77266702312045,22243.53366601281,147.02230483271376
1777174106,256,GET,point_read,20.900000,4.000000,280,5200,5900,10000,20000,22000,22000,22000,22000,22000,22000,675,63,220,1891.424818091974,59.11616698722355,22382.564375002403,149.22518518518518
1777174106,256,GET,trips_per_route,2.100000,0.400000,1500,3200,5800,5800,11000,13000,13000,13000,13000,13000,13000,66,7,1200,2513.7284481818574,95.39404200040735,13013.556916994276,1136.2878787878788
1777174106,256,,Aggregated,44.200000,8.500000,460,5500,10000,10000,22000,23000,24000,25000,26000,26000,26000,1383,129,250,2275.6181502179734,55.77266702312045,25721.158166008536,11711.681127982647
1777174107,256,GET,bulk_update_departures,1.700000,0.500000,410,740,5200,5300,10000,21000,21000,21000,21000,21000,21000,73,5,220,1028.023672986645,61.36408299789764,20860.74983299477,155.8082191780822
1777174107,256,GET,large_scan,2.500000,0.800000,24000,24000,25000,25000,26000,26000,26000,26000,26000,26000,26000,56,9,24000,21539.273558055098,5271.973708004225,26478.336084022885,514168.46428571426
1777174107,256,GET,next_departures,17.000000,3.800000,260,860,5300,7800,10000,21000,22000,22000,22000,22000,22000,584,45,230,1663.9602240929516,55.77266702312045,22243.53366601281,142.24657534246575
1777174107,256,GET,point_read,19.500000,4.700000,280,1100,5700,7800,11000,22000,22000,22000,23000,23000,23000,737,63,220,1828.452674586394,59.11616698722355,22687.71458399715,143.49118046132972
1777174107,256,GET,trips_per_route,1.800000,0.400000,1300,3200,5800,5800,10000,11000,23000,23000,23000,23000,23000,70,7,1200,2736.33889875699,95.39404200040735,22793.457916995976,1138.6571428571428
1777174107,256,,Aggregated,42.500000,10.200000,380,5300,10000,10000,22000,24000,25000,26000,26000,26000,26000,1520,129,250,2494.809975218789,55.77266702312045,26478.336084022885,19127.196710526317
1777174108,256,GET,bulk_update_departures,1.600000,0.500000,260,700,3500,5200,9200,10000,21000,21000,21000,21000,21000,81,5,200,990.9669100116496,55.58612497407012,20860.74983299477,151.11111111111111
1777174108,256,GET,large_scan,2.900000,0.900000,24000,24000,25000,25000,26000,26000,26000,26000,26000,26000,26000,59,9,24000,21709.849484493243,5271.973708004225,26478.336084022885,519167.0169491525
1777174108,256,GET,next_departures,15.500000,4.400000,210,420,3200,5300,10000,21000,22000,22000,22000,22000,22000,612,45,220,1593.056938101749,55.77266702312045,22243.53366601281,139.68954248366012
1777174108,256,GET,point_read,19.600000,6.200000,230,470,5100,5500,11000,22000,22000,23000,23000,23000,23000,779,63,220,1777.3925254148846,57.25770798744634,22687.71458399715,140.14120667522465
1777174108,256,GET,trips_per_route,2.500000,0.700000,1300,2100,5800,5800,10000,11000,23000,23000,23000,23000,23000,73,7,1200,2663.0362419591743,95.39404200040735,22793.457916995976,1140.2328767123288
1777174108,256,,Aggregated,42.100000,12.700000,280,3200,5800,10000,22000,24000,25000,26000,26000,26000,26000,1604,129,240,2440.8296186879866,55.58612497407012,26478.336084022885,19277.425810473815
1777174109,256,GET,bulk_update_departures,1.800000,0.500000,260,650,740,3500,5300,21000,24000,24000,24000,24000,24000,85,5,220,1245.4948206113734,55.58612497407012,24185.534749994986,149.0235294117647
1777174109,256,GET,large_scan,4.400000,0.900000,24000,25000,25000,25000,26000,26000,26000,29000,29000,29000,29000,69,9,24000,22156.4074450736,5271.973708004225,28686.630125012016,532689.6376811594
1777174109,256,GET,next_departures,16.200000,4.100000,190,340,650,880,5400,21000,22000,22000,24000,24000,24000,658,45,220,1556.8514613697935,55.77266702312045,24297.579250007402,135.9452887537994
1777174109,256,GET,point_read,21.800000,6.000000,220,410,700,3300,5900,22000,22000,23000,24000,24000,24000,872,63,210,1709.8989986274269,57.25770798744634,24356.25208300189,133.8348623853211
1777174109,256,GET,trips_per_route,2.500000,0.600000,1500,2000,5100,5100,5800,11000,23000,23000,23000,23000,23000,79,7,1200,2616.6745284306994,95.39404200040735,22793.457916995976,1143.0759493670887
1777174109,256,,Aggregated,46.700000,12.100000,280,710,5100,5500,23000,24000,25000,26000,29000,29000,29000,1763,129,240,2471.251644692295,55.58612497407012,28686.630125012016,21023.65910380034
1777174110,256,GET,bulk_update_departures,2.800000,0.500000,230,410,700,1200,5300,21000,24000,24000,24000,24000,24000,97,5,190,1194.0697212685523,55.58612497407012,24185.534749994986,143.97938144329896
1777174110,256,GET,large_scan,5.800000,0.900000,24000,24000,25000,25000,26000,26000,26000,29000,29000,29000,29000,75,9,24000,22275.60642445499,5271.973708004225,28686.630125012016,539072.3866666667
1777174110,256,GET,next_departures,21.200000,4.100000,160,300,610,780,5400,20000,22000,22000,24000,24000,24000,708,45,200,1502.3422823677654,55.77266702312045,24297.579250007402,132.4406779661017
1777174110,256,GET,point_read,28.900000,6.000000,170,330,660,800,5900,22000,22000,23000,24000,24000,24000,941,63,200,1644.9020655432198,57.25770798744634,24356.25208300189,129.98087141339002
1777174110,256,GET,trips_per_route,2.600000,0.600000,1500,1800,1900,2100,5800,5800,23000,23000,23000,23000,23000,90,7,1200,2471.0124495005907,95.39404200040735,22793.457916995976,1147.3111111111111
1777174110,256,,Aggregated,61.300000,12.100000,250,660,3200,5300,22000,24000,25000,26000,29000,29000,29000,1911,129,230,2417.79044732851,55.58612497407012,28686.630125012016,21331.100470957615
1777174111,256,GET,bulk_update_departures,2.900000,0.300000,190,260,650,700,5200,8500,24000,24000,24000,24000,24000,100,5,190,1163.4261004705331,55.58612497407012,24185.534749994986,142.92
1777174111,256,GET,large_scan,6.300000,0.800000,24000,25000,25000,25000,26000,26000,26000,29000,29000,29000,29000,79,9,24000,22365.505114457086,5271.973708004225,28686.630125012016,542788.911392405
1777174111,256,GET,next_departures,21.400000,3.200000,170,390,590,780,5400,8100,22000,22000,24000,24000,24000,761,45,200,1461.9599201659653,55.77266702312045,24297.579250007402,129.21156373193168
1777174111,256,GET,point_read,31.300000,4.800000,180,340,610,750,5900,22000,22000,23000,24000,24000,24000,999,63,200,1587.149099238445,57.25770798744634,24356.25208300189,127.15615615615616
1777174111,256,GET,trips_per_route,2.700000,0.600000,1400,1600,1900,2000,5100,5800,23000,23000,23000,23000,23000,98,7,1200,2368.8807610101044,95.39404200040735,22793.457916995976,1149.795918367347
1777174111,256,,Aggregated,64.600000,9.700000,250,610,1500,5200,22000,24000,25000,26000,29000,29000,29000,2037,129,230,2363.0246824023884,55.58612497407012,28686.630125012016,21223.689248895433
1777174112,256,GET,bulk_update_departures,3.500000,0.300000,150,240,460,650,3500,8500,21000,24000,24000,24000,24000,110,5,170,1072.5279504457087,55.58612497407012,24185.534749994986,139.75454545454545
1777174112,256,GET,large_scan,6.500000,0.400000,24000,25000,25000,25000,26000,26000,29000,31000,31000,31000,31000,89,9,24000,22640.1631545074,5271.973708004225,30926.109500025632,550618.6067415731
1777174112,256,GET,next_departures,23.400000,1.700000,150,300,490,740,5300,7600,22000,22000,24000,24000,24000,815,45,190,1409.1044883930447,55.77266702312045,24297.579250007402,126.36564417177914
1777174112,256,GET,point_read,37.600000,3.600000,160,280,470,680,5800,21000,22000,23000,24000,24000,24000,1063,63,190,1506.1160097330057,57.25770798744634,24356.25208300189,124.38099717779868
1777174112,256,GET,trips_per_route,3.500000,0.500000,1400,1600,1800,1900,5100,5800,23000,23000,23000,23000,23000,102,7,1200,2326.335926421498,95.39404200040735,22793.457916995976,1150.8725490196077
1777174112,256,,Aggregated,74.500000,6.500000,190,470,1000,3500,22000,24000,25000,26000,31000,31000,31000,2179,129,210,2349.545817430794,55.58612497407012,30926.109500025632,22658.569527306103
1777174113,256,GET,bulk_update_departures,4.300000,0.300000,140,210,310,520,1200,8500,21000,24000,24000,24000,24000,116,5,170,1023.7369314488425,55.58612497407012,24185.534749994986,138.1206896551724
1777174113,256,GET,large_scan,6.900000,0.400000,24000,25000,25000,25000,26000,26000,29000,31000,31000,31000,31000,91,9,24000,22677.713397001862,5271.973708004225,30926.109500025632,551978.065934066
1777174113,256,GET,next_departures,26.000000,1.700000,140,280,480,690,5300,7600,22000,22000,24000,24000,24000,841,45,180,1385.9891196471715,55.77266702312045,24297.579250007402,125.12366230677765
1777174113,256,GET,point_read,39.800000,3.400000,150,260,440,650,5700,20000,22000,23000,24000,24000,24000,1104,63,180,1468.168917207668,57.25770798744634,24356.25208300189,122.75996376811594
1777174113,256,GET,trips_per_route,3.800000,0.400000,1400,1600,1900,2000,5100,5800,23000,23000,23000,23000,23000,105,7,1300,2317.041345590371,95.39404200040735,22793.457916995976,1151.647619047619
1777174113,256,,Aggregated,80.800000,6.200000,170,450,800,2700,21000,24000,25000,25000,29000,31000,31000,2257,129,200,2309.3442971567397,55.58612497407012,30926.109500025632,22422.554275587063
1777174114,256,GET,bulk_update_departures,4.300000,0.300000,140,210,410,650,1200,8500,21000,24000,24000,24000,24000,118,5,170,1062.5365939836306,55.58612497407012,24185.534749994986,137.61016949152543
1777174114,256,GET,large_scan,6.900000,0.400000,24000,25000,25000,25000,26000,26000,29000,31000,31000,31000,31000,93,9,24000,22723.45058604485,5271.973708004225,30926.109500025632,553279.0322580645
1777174114,256,GET,next_departures,26.000000,1.700000,140,270,470,640,5400,7600,22000,22000,24000,24000,24000,844,45,180,1383.7408793925183,55.77266702312045,24297.579250007402,124.98341232227489
1777174114,256,GET,point_read,39.800000,3.400000,140,250,410,570,5700,21000,22000,23000,24000,24000,24000,1104,63,180,1468.168917207668,57.25770798744634,24356.25208300189,122.75996376811594
1777174114,256,GET,trips_per_route,3.800000,0.400000,1400,1600,1900,2000,5100,5800,23000,23000,23000,23000,23000,105,7,1300,2317.041345590371,95.39404200040735,22793.457916995976,1151.647619047619
1777174114,256,,Aggregated,80.800000,6.200000,160,440,770,1800,22000,24000,25000,25000,29000,31000,31000,2264,129,200,2328.041232634179,55.58612497407012,30926.109500025632,22894.489399293285
1777174115,256,GET,bulk_update_departures,4.600000,0.200000,140,210,410,520,920,5700,8500,24000,24000,24000,24000,118,5,170,1062.5365939836306,55.58612497407012,24185.534749994986,137.61016949152543
1777174115,256,GET,large_scan,7.100000,0.400000,24000,25000,25000,25000,26000,26000,29000,31000,31000,31000,31000,93,9,24000,22723.45058604485,5271.973708004225,30926.109500025632,553279.0322580645
1777174115,256,GET,next_departures,31.300000,1.700000,140,270,460,610,3100,7500,22000,22000,24000,24000,24000,854,45,190,1383.9947378504637,55.77266702312045,24297.579250007402,124.53629976580797
1777174115,256,GET,point_read,46.100000,3.300000,150,260,440,660,1600,8000,22000,23000,24000,24000,24000,1135,63,190,1466.5945948741864,57.25770798744634,24356.25208300189,121.64052863436123
1777174115,256,GET,trips_per_route,4.200000,0.300000,1400,1600,1700,1800,2000,5100,23000,23000,23000,23000,23000,105,7,1300,2317.041345590371,95.39404200040735,22793.457916995976,1151.647619047619
1777174115,256,,Aggregated,93.300000,5.900000,160,420,750,1400,21000,24000,25000,25000,31000,31000,31000,2305,129,210,2311.69888728231,55.58612497407012,30926.109500025632,22488.731887201735
1777174116,256,GET,bulk_update_departures,5.600000,0.100000,140,210,520,670,2600,5700,8500,24000,24000,24000,24000,120,5,170,1092.1577806172234,55.58612497407012,24185.534749994986,137.125
1777174116,256,GET,large_scan,7.100000,0.300000,24000,24000,25000,25000,25000,26000,31000,31000,31000,31000,31000,93,9,24000,22723.45058604485,5271.973708004225,30926.109500025632,553279.0322580645
1777174116,256,GET,next_departures,35.400000,1.400000,130,270,490,760,2700,4300,7100,7800,24000,24000,24000,873,45,190,1399.0222570163123,55.77266702312045,24297.579250007402,123.70561282932417
1777174116,256,GET,point_read,50.100000,2.300000,140,250,520,750,1500,3900,7400,23000,24000,24000,24000,1163,63,190,1470.0919580972684,57.25770798744634,24356.25208300189,120.66294067067928
1777174116,256,GET,trips_per_route,4.800000,0.300000,1400,1600,1800,1900,4300,5100,23000,23000,23000,23000,23000,107,7,1300,2357.881881972007,95.39404200040735,22793.457916995976,1152.1214953271028
1777174116,256,,Aggregated,103.000000,4.400000,150,450,1000,1300,4300,23000,24000,25000,31000,31000,31000,2356,129,220,2303.776136328355,55.58612497407012,30926.109500025632,22004.67232597623
1777174117,256,GET,bulk_update_departures,5.300000,0.000000,140,210,520,670,3000,8500,24000,24000,24000,24000,24000,121,5,170,1099.4049401495372,55.58612497407012,24185.534749994986,136.89256198347107
1777174117,256,GET,large_scan,6.800000,0.100000,24000,24000,25000,25000,25000,29000,31000,31000,31000,31000,31000,93,9,24000,22723.45058604485,5271.973708004225,30926.109500025632,553279.0322580645
1777174117,256,GET,next_departures,35.300000,0.700000,140,450,610,1000,2900,6700,8100,8800,24000,24000,24000,883,45,190,1417.0064284634766,55.77266702312045,24297.579250007402,123.28199320498301
1777174117,256,GET,point_read,52.300000,1.600000,150,330,660,1100,1600,4200,7200,8800,24000,24000,24000,1170,63,190,1476.3162112667455,57.25770798744634,24356.25208300189,120.42991452991453
1777174117,256,GET,trips_per_route,4.800000,0.300000,1500,1600,1800,1900,2200,4700,5100,5100,5100,5100,5100,107,7,1300,2357.881881972007,95.39404200040735,22793.457916995976,1152.1214953271028
1777174117,256,,Aggregated,104.500000,2.700000,160,500,1100,1400,4300,23000,24000,25000,31000,31000,31000,2374,129,220,2307.1225388149155,55.58612497407012,30926.109500025632,21838.480202190396
1777174118,256,GET,bulk_update_departures,5.200000,0.000000,150,220,610,920,2000,3000,8500,8500,8500,8500,8500,126,5,180,1094.8819865009264,55.58612497407012,24185.534749994986,135.75396825396825
1777174118,256,GET,large_scan,6.400000,0.000000,24000,24000,25000,25000,27000,29000,31000,31000,31000,31000,31000,96,9,24000,22871.360964866344,5271.973708004225,30926.109500025632,555128.8541666666
1777174118,256,GET,next_departures,33.900000,0.000000,140,470,950,1200,2800,6500,7600,8800,9100,9100,9100,905,45,200,1406.2049687372132,55.77266702312045,24297.579250007402,122.38342541436464
1777174118,256,GET,point_read,49.800000,0.100000,140,250,1100,1200,1500,2900,6800,7400,8800,8800,8800,1197,63,200,1464.8852095982838,57.25770798744634,24356.25208300189,119.5421888053467
1777174118,256,GET,trips_per_route,4.000000,0.000000,1500,1800,1900,2000,4700,6100,6300,6300,6300,6300,6300,110,7,1300,2458.8975037456044,95.39404200040735,22793.457916995976,1152.8
1777174118,256,,Aggregated,99.300000,0.100000,150,520,1200,1400,3000,8500,24000,25000,31000,31000,31000,2434,129,230,2313.1337719534204,55.58612497407012,30926.109500025632,22058.394412489728
1777174119,256,GET,bulk_update_departures,5.100000,0.000000,150,310,920,1200,2600,5700,8500,8500,8500,8500,8500,126,5,180,1094.8819865009264,55.58612497407012,24185.534749994986,135.75396825396825
1777174119,256,GET,large_scan,4.900000,0.000000,24000,24000,25000,25000,28000,28000,31000,31000,31000,31000,31000,97,9,24000,22922.14935654822,5271.973708004225,30926.109500025632,555720.0412371134
1777174119,256,GET,next_departures,32.700000,0.000000,190,770,1200,1300,2900,6700,8100,8800,9100,9100,9100,920,45,200,1403.2198909425895,55.77266702312045,24297.579250007402,121.79239130434783
1777174119,256,GET,point_read,47.500000,0.000000,200,1100,1200,1300,1600,2900,7000,7400,8800,8800,8800,1223,63,210,1460.1085886599994,57.25770798744634,24356.25208300189,118.7260834014718
1777174119,256,GET,trips_per_route,4.000000,0.000000,1600,2200,4700,5800,7100,7200,7500,7500,7500,7500,7500,113,7,1300,2586.42752466371,95.39404200040735,22793.457916995976,1153.4424778761063
1777174119,256,,Aggregated,94.200000,0.000000,370,1200,1300,1400,4700,8500,24000,25000,31000,31000,31000,2479,129,240,2311.555075340723,55.58612497407012,30926.109500025632,21907.841468334005
1777174120,256,GET,bulk_update_departures,4.300000,0.000000,210,670,1200,1600,2000,3000,5700,5700,5700,5700,5700,133,5,200,1082.3751526249703,55.58612497407012,24185.534749994986,134.30827067669173
1777174120,256,GET,large_scan,3.800000,0.000000,24000,25000,27000,28000,28000,31000,37000,37000,37000,37000,37000,99,9,24000,23112.904306001677,5271.973708004225,36900.32587500173,556866.5252525252
1777174120,256,GET,next_departures,29.500000,0.000000,350,780,1200,1300,2700,6300,7500,8700,8800,8800,8800,950,45,210,1372.7689116643007,55.77266702312045,24297.579250007402,120.68315789473684
1777174120,256,GET,point_read,42.000000,0.000000,250,1100,1300,1300,1500,2100,4700,6800,8800,8800,8800,1268,63,210,1424.4111005640955,57.25770798744634,24356.25208300189,117.40851735015772
1777174120,256,GET,trips_per_route,3.700000,0.000000,2000,4900,6100,7100,7500,7700,8200,8200,8200,8200,8200,116,7,1300,2698.926797008708,95.39404200040735,22793.457916995976,1154.051724137931
1777174120,256,,Aggregated,83.300000,0.000000,420,1200,1300,1400,3000,7500,24000,27000,37000,37000,37000,2566,129,240,2281.953496353333,55.58612497407012,36900.32587500173,21646.547934528448
1777174121,256,GET,bulk_update_departures,4.200000,0.000000,260,670,1200,1600,2000,3000,5700,5700,5700,5700,5700,138,5,200,1053.1704958344378,55.58612497407012,24185.534749994986,133.3913043478261
1777174121,256,GET,large_scan,3.300000,0.000000,25000,27000,28000,28000,31000,37000,37000,37000,37000,37000,37000,99,9,24000,23112.904306001677,5271.973708004225,36900.32587500173,556866.5252525252
1777174121,256,GET,next_departures,27.100000,0.000000,280,1000,1200,1300,1800,3000,7500,8700,8800,8800,8800,981,45,210,1336.3178934323198,55.77266702312045,24297.579250007402,119.60448521916412
1777174121,256,GET,point_read,37.400000,0.000000,320,1200,1300,1300,1500,2000,3000,4800,8800,8800,8800,1306,63,210,1390.072035777358,57.25770798744634,24356.25208300189,116.36753445635529
1777174121,256,GET,trips_per_route,3.400000,0.000000,6000,7200,7800,7800,8100,13000,13000,13000,13000,13000,13000,130,7,1400,3206.805741961132,95.39404200040735,22793.457916995976,1156.446153846154
1777174121,256,,Aggregated,75.400000,0.000000,420,1200,1400,1500,3100,7700,24000,27000,37000,37000,37000,2654,129,240,2251.9825672029383,55.58612497407012,36900.32587500173,20937.392614920875
1777174122,256,GET,bulk_update_departures,3.900000,0.000000,610,1200,1600,1700,2600,3000,5700,5700,5700,5700,5700,138,5,200,1053.1704958344378,55.58612497407012,24185.534749994986,133.3913043478261
1777174122,256,GET,large_scan,2.700000,0.000000,27000,28000,28000,28000,37000,37000,37000,37000,37000,37000,37000,99,9,24000,23112.904306001677,5271.973708004225,36900.32587500173,556866.5252525252
1777174122,256,GET,next_departures,25.400000,0.000000,500,1200,1300,1300,1800,2900,3100,8800,8800,8800,8800,997,45,210,1321.1043350041646,55.77266702312045,24297.579250007402,119.07422266800401
1777174122,256,GET,point_read,32.900000,0.000000,930,1200,1300,1400,1500,1900,2900,2900,8800,8800,8800,1335,63,210,1368.8138555051028,57.25770798744634,24356.25208300189,115.60823970037453
1777174122,256,GET,trips_per_route,2.800000,0.000000,6000,7200,7800,7800,8100,13000,13000,13000,13000,13000,13000,130,7,1400,3206.805741961132,95.39404200040735,22793.457916995976,1156.446153846154
1777174122,256,,Aggregated,67.700000,0.000000,960,1300,1400,1500,2900,7500,13000,27000,37000,37000,37000,2699,129,240,2221.1586959143124,55.58612497407012,36900.32587500173,20589.694701741384
1777174123,256,GET,bulk_update_departures,3.400000,0.000000,590,1200,1600,1600,2600,3000,5700,5700,5700,5700,5700,141,5,210,1038.6683168521329,55.58612497407012,24185.534749994986,132.8581560283688
1777174123,256,GET,large_scan,2.400000,0.000000,28000,29000,29000,30000,37000,39000,39000,39000,39000,39000,39000,103,9,24000,23447.9978653027,5271.973708004225,38691.47437502397,559025.9708737864
1777174123,256,GET,next_departures,24.700000,0.000000,360,1100,1200,1300,1500,2800,3100,8800,8800,8800,8800,1027,45,220,1290.6116291764079,55.77266702312045,24297.579250007402,118.11781888997079
1777174123,256,GET,point_read,32.700000,0.000000,450,1200,1300,1300,1500,1800,2800,2900,8800,8800,8800,1376,63,220,1336.1124576201482,57.25770798744634,24356.25208300189,114.58648255813954
1777174123,256,GET,trips_per_route,3.200000,0.000000,5800,6500,7500,7800,8100,13000,13000,13000,13000,13000,13000,136,7,1400,3190.620873154009,95.39404200040735,22793.457916995976,1157.375
1777174123,256,,Aggregated,66.400000,0.000000,500,1200,1400,1500,2900,7100,13000,28000,39000,39000,39000,2783,129,240,2213.2480547613272,55.58612497407012,38691.47437502397,20853.319798778295
1777174124,256,GET,bulk_update_departures,3.400000,0.000000,590,1200,1200,1600,2000,2600,3000,3000,3000,3000,3000,143,5,220,1031.141204322514,55.58612497407012,24185.534749994986,132.51048951048952
1777174124,256,GET,large_scan,1.600000,0.000000,28000,29000,30000,30000,37000,39000,39000,39000,39000,39000,39000,107,9,24000,23658.85267758097,5271.973708004225,38691.47437502397,561023.9906542056
1777174124,256,GET,next_departures,20.500000,0.000000,400,730,1200,1300,1500,2700,3000,8700,8800,8800,8800,1048,45,220,1273.3814213952844,55.77266702312045,24297.579250007402,117.46946564885496
1777174124,256,GET,point_read,28.400000,0.000000,430,1100,1200,1300,1500,1700,2800,2900,8800,8800,8800,1400,63,220,1320.4657478117067,57.25770798744634,24356.25208300189,114.01571428571428
1777174124,256,GET,trips_per_route,3.200000,0.000000,5800,6500,7500,7800,8100,13000,13000,13000,13000,13000,13000,142,7,1500,3164.1487623163184,95.39404200040735,22793.457916995976,1158.2323943661972
1777174124,256,,Aggregated,57.100000,0.000000,470,1200,1300,1400,2900,7200,28000,29000,39000,39000,39000,2840,129,250,2222.329341382694,55.58612497407012,38691.47437502397,21301.308098591548
1777174125,256,GET,bulk_update_departures,2.700000,0.000000,440,670,1200,1600,2000,2600,3000,3000,3000,3000,3000,146,5,220,1015.6570126241542,55.58612497407012,24185.534749994986,132.0205479452055
1777174125,256,GET,large_scan,1.100000,0.000000,29000,30000,30000,30000,37000,39000,39000,39000,39000,39000,39000,108,9,24000,23713.488511196007,5271.973708004225,38691.47437502397,561500.3703703703
1777174125,256,GET,next_departures,17.200000,0.000000,330,470,960,1200,1400,2700,3000,8700,8800,8800,8800,1078,45,230,1245.5163605438079,55.77266702312045,24297.579250007402,116.6113172541744
1777174125,256,GET,point_read,26.100000,0.000000,310,500,1100,1200,1400,1500,2700,2900,8800,8800,8800,1440,63,220,1291.696636791231,57.25770798744634,24356.25208300189,113.12083333333334
1777174125,256,GET,trips_per_route,2.700000,0.000000,4900,6300,7200,7700,8000,8200,13000,13000,13000,13000,13000,146,7,1500,3142.251992006332,95.39404200040735,22793.457916995976,1158.7739726027398
1777174125,256,,Aggregated,49.800000,0.000000,360,1000,1200,1300,2800,7100,28000,29000,39000,39000,39000,2918,129,250,2183.2835049797195,55.58612497407012,38691.47437502397,20945.543865661413
1777174126,256,GET,bulk_update_departures,2.300000,0.000000,440,610,1200,1200,1600,1700,2000,2000,2000,2000,2000,148,5,220,1009.248243588789,55.58612497407012,24185.534749994986,131.70945945945945
1777174126,256,GET,large_scan,1.100000,0.000000,29000,30000,30000,31000,39000,42000,42000,42000,42000,42000,42000,110,9,24000,23946.05111175598,5271.973708004225,41910.67212499911,562427.1
1777174126,256,GET,next_departures,18.300000,0.000000,300,420,560,750,1300,1400,1600,8700,8800,8800,8800,1083,45,230,1242.7292046788457,55.77266702312045,24297.579250007402,116.47091412742382
1777174126,256,GET,point_read,27.200000,0.000000,290,440,620,1100,1300,1400,1600,2100,8800,8800,8800,1452,63,230,1285.5377007440702,57.25770798744634,24356.25208300189,112.85881542699724
1777174126,256,GET,trips_per_route,3.100000,0.000000,5700,6300,7500,7800,8100,13000,13000,13000,13000,13000,13000,147,7,1500,3137.5237159859817,95.39404200040735,22793.457916995976,1158.904761904762
1777174126,256,,Aggregated,52.000000,0.000000,350,560,1200,1300,2100,7700,28000,30000,42000,42000,42000,2940,129,260,2196.3016390278294,55.58612497407012,41910.67212499911,21206.408843537414
1777174127,256,GET,bulk_update_departures,2.700000,0.000000,380,590,610,670,1600,1600,1700,1700,1700,1700,1700,149,5,220,1008.1519734976976,55.58612497407012,24185.534749994986,131.55704697986576
1777174127,256,GET,large_scan,1.400000,0.000000,30000,30000,33000,37000,39000,42000,42000,42000,42000,42000,42000,111,9,24000,24025.063324334766,5271.973708004225,41910.67212499911,562877.972972973
1777174127,256,GET,next_departures,20.800000,0.000000,280,380,480,630,1200,1300,1500,1600,1900,1900,1900,1095,45,230,1239.7612645727218,55.77266702312045,24297.579250007402,116.14611872146119
1777174127,256,GET,point_read,28.200000,0.000000,280,390,500,640,1200,1400,1500,1500,1600,1600,1600,1461,63,230,1282.8530565978206,57.25770798744634,24356.25208300189,112.66735112936345
1777174127,256,GET,trips_per_route,4.000000,0.000000,4500,6100,7200,7700,8000,8200,13000,13000,13000,13000,13000,150,7,1600,3138.773065006244,95.39404200040735,22793.457916995976,1159.2666666666667
1777174127,256,,Aggregated,57.100000,0.000000,310,490,860,1200,1900,7100,29000,30000,42000,42000,42000,2966,129,260,2198.1117778826033,55.58612497407012,41910.67212499911,21228.838165879974
1777174128,256,GET,bulk_update_departures,2.800000,0.000000,380,490,620,850,1600,1600,1700,1700,1700,1700,1700,150,5,220,1009.1838722877825,55.58612497407012,24185.534749994986,131.40666666666667
1777174128,256,GET,large_scan,1.600000,0.000000,31000,32000,32000,33000,37000,39000,42000,42000,42000,42000,42000,117,9,24000,24438.04630733486,5271.973708004225,41910.67212499911,565421.358974359
1777174128,256,GET,next_departures,22.400000,0.000000,290,410,600,750,1200,1300,1400,1500,1900,1900,1900,1108,45,240,1234.8831654639766,55.77266702312045,24297.579250007402,115.79873646209386
1777174128,256,GET,point_read,30.500000,0.000000,290,420,640,810,1200,1400,1500,1500,1600,1600,1600,1480,63,230,1278.3904170198996,57.25770798744634,24356.25208300189,112.26824324324325
1777174128,256,GET,trips_per_route,4.100000,0.000000,3300,5800,7100,7700,8000,8200,13000,13000,13000,13000,13000,155,7,1600,3133.40122365757,95.39404200040735,22793.457916995976,1159.858064516129
1777174128,256,,Aggregated,61.400000,0.000000,340,600,1000,1200,2500,7700,30000,32000,42000,42000,42000,3010,129,260,2244.7091538178756,55.58612497407012,41910.67212499911,22142.275747508305
1777174129,256,GET,bulk_update_departures,2.800000,0.000000,380,490,620,750,850,990,1200,1200,1200,1200,1200,153,5,230,1006.1371525697443,55.58612497407012,24185.534749994986,130.9607843137255
1777174129,256,GET,large_scan,1.800000,0.000000,31000,32000,33000,33000,37000,39000,42000,42000,42000,42000,42000,123,9,24000,24817.017992879642,5271.973708004225,41910.67212499911,567716.5447154471
1777174129,256,GET,next_departures,21.300000,0.000000,290,400,540,670,890,1100,1200,1200,1200,1200,1200,1121,45,240,1229.6310534496583,55.77266702312045,24297.579250007402,115.45851917930419
1777174129,256,GET,point_read,29.400000,0.000000,280,400,500,640,880,1000,1200,1200,1300,1300,1300,1499,63,240,1271.8404354999388,57.25770798744634,24356.25208300189,111.87725150100067
1777174129,256,GET,trips_per_route,4.300000,0.000000,3200,4400,5900,6500,8000,8200,13000,13000,13000,13000,13000,158,7,1700,3134.4273594428,95.39404200040735,22793.457916995976,1160.1962025316457
1777174129,256,,Aggregated,59.600000,0.000000,340,550,760,930,2800,13000,32000,33000,42000,42000,42000,3054,129,270,2287.6807282222676,55.58612497407012,41910.67212499911,23028.68893254748
1777174130,256,GET,bulk_update_departures,2.500000,0.000000,490,620,820,850,950,990,1200,1200,1200,1200,1200,155,5,230,1005.4470145817651,55.58612497407012,24185.534749994986,130.6516129032258
1777174130,256,GET,large_scan,1.600000,0.000000,32000,33000,33000,33000,34000,39000,42000,42000,42000,42000,42000,128,9,24000,25140.901882477698,5271.973708004225,41910.67212499911,569464.8671875
1777174130,256,GET,next_departures,19.100000,0.000000,370,580,750,860,950,1100,1200,1200,1200,1200,1200,1139,45,250,1223.8314603477595,55.77266702312045,24297.579250007402,114.99209833187007
1777174130,256,GET,point_read,26.500000,0.000000,350,560,720,840,950,1100,1200,1300,1600,1600,1600,1522,63,240,1265.9940685134236,57.25770798744634,24356.25208300189,111.4053876478318
1777174130,256,GET,trips_per_route,4.000000,0.000000,2900,3300,3800,4400,6000,8000,13000,13000,13000,13000,13000,158,7,1700,3134.4273594428,95.39404200040735,22793.457916995976,1160.1962025316457
1777174130,256,,Aggregated,53.700000,0.000000,420,750,920,960,2800,29000,33000,33000,42000,42000,42000,3102,129,270,2317.8292252168953,55.58612497407012,41910.67212499911,23660.73500967118
1777174131,256,GET,bulk_update_departures,2.400000,0.000000,590,820,850,950,990,1200,1200,1200,1200,1200,1200,155,5,230,1005.4470145817651,55.58612497407012,24185.534749994986,130.6516129032258
1777174131,256,GET,large_scan,2.000000,0.000000,32000,33000,33000,33000,34000,39000,42000,42000,42000,42000,42000,128,9,24000,25140.901882477698,5271.973708004225,41910.67212499911,569464.8671875
1777174131,256,GET,next_departures,20.300000,0.000000,400,600,760,870,950,1100,1200,1200,1200,1200,1200,1155,45,250,1211.9562488477384,55.77266702312045,24297.579250007402,114.6
1777174131,256,GET,point_read,28.300000,0.000000,380,590,740,880,950,1100,1200,1300,1600,1600,1600,1545,63,240,1253.0286693517917,57.25770798744634,24356.25208300189,110.95728155339806
1777174131,256,GET,trips_per_route,4.500000,0.000000,2800,3000,3200,3300,3800,3800,4500,4500,4500,4500,4500,159,7,1800,3138.6343351694895,95.39404200040735,22793.457916995976,1160.301886792453
1777174131,256,,Aggregated,57.500000,0.000000,460,760,920,960,2500,30000,33000,33000,42000,42000,42000,3142,129,270,2294.2906903491166,55.58612497407012,41910.67212499911,23360.927434754933
1777174132,256,GET,bulk_update_departures,2.400000,0.000000,590,750,850,950,990,1200,1200,1200,1200,1200,1200,158,5,230,991.2482018050549,55.58612497407012,24185.534749994986,130.2405063291139
1777174132,256,GET,large_scan,2.700000,0.000000,32000,33000,33000,33000,34000,34000,42000,42000,42000,42000,42000,129,9,24000,25212.431233520434,5271.973708004225,41910.67212499911,569798.2248062015
1777174132,256,GET,next_departures,19.000000,0.000000,400,600,760,870,950,1100,1200,1200,1200,1200,1200,1172,45,250,1198.7419472791526,55.77266702312045,24297.579250007402,114.19027303754267
1777174132,256,GET,point_read,26.500000,0.000000,400,590,740,880,940,1000,1200,1300,1600,1600,1600,1565,63,250,1241.081249908977,57.25770798744634,24356.25208300189,110.58210862619808
1777174132,256,GET,trips_per_route,4.300000,0.000000,2800,2900,3200,3300,3400,3800,3800,3800,3800,3800,3800,159,7,1800,3138.6343351694895,95.39404200040735,22793.457916995976,1160.301886792453
1777174132,256,,Aggregated,54.900000,0.000000,480,770,920,960,2700,30000,33000,33000,42000,42000,42000,3183,129,270,2279.384675658184,55.58612497407012,41910.67212499911,23253.512095507383
1777174133,256,GET,bulk_update_departures,2.100000,0.000000,380,620,820,850,950,990,1200,1200,1200,1200,1200,162,5,230,973.3006664762707,55.58612497407012,24185.534749994986,129.71604938271605
1777174133,256,GET,large_scan,2.900000,0.000000,32000,33000,33000,33000,34000,34000,42000,42000,42000,42000,42000,130,9,24000,25260.372514416507,5271.973708004225,41910.67212499911,570126.4923076923
1777174133,256,GET,next_departures,17.800000,0.000000,400,580,750,860,950,1100,1200,1200,1200,1200,1200,1197,45,260,1180.9737127211156,55.77266702312045,24297.579250007402,113.61069340016708
1777174133,256,GET,point_read,24.600000,0.000000,400,580,740,820,940,970,1200,1300,1600,1600,1600,1597,63,250,1222.9244052821198,57.25770798744634,24356.25208300189,110.00125234815279
1777174133,256,GET,trips_per_route,3.500000,0.000000,3000,3300,3400,3700,3900,4500,4900,4900,4900,4900,4900,164,7,1800,3166.4520660543067,95.39404200040735,22793.457916995976,1160.8170731707316
1777174133,256,,Aggregated,50.900000,0.000000,440,750,900,950,2500,30000,33000,33000,42000,42000,42000,3250,129,280,2254.6021793965947,55.58612497407012,41910.67212499911,22965.99876923077
1777174134,256,GET,bulk_update_departures,1.700000,0.000000,490,750,850,950,990,1200,1200,1200,1200,1200,1200,163,5,240,969.3277191359656,55.58612497407012,24185.534749994986,129.58895705521473
1777174134,256,GET,large_scan,2.900000,0.000000,32000,33000,33000,34000,34000,34000,42000,42000,42000,42000,42000,132,9,24000,25377.227449485825,5271.973708004225,41910.67212499911,570768.1212121212
1777174134,256,GET,next_departures,17.500000,0.000000,410,670,790,880,950,1200,1200,1200,1200,1200,1200,1214,45,260,1169.2609278560647,55.77266702312045,24297.579250007402,113.2322899505766
1777174134,256,GET,point_read,23.900000,0.000000,410,590,780,880,940,1000,1200,1300,1600,1600,1600,1619,63,250,1210.8342750849697,57.25770798744634,24356.25208300189,109.61334156886967
1777174134,256,GET,trips_per_route,2.900000,0.000000,3300,3300,3700,3800,3900,4500,4900,4900,4900,4900,4900,169,7,1900,3153.7887435852476,95.39404200040735,22793.457916995976,1161.301775147929
1777174134,256,,Aggregated,48.900000,0.000000,480,780,920,950,2700,31000,33000,34000,42000,42000,42000,3297,129,280,2250.7152553827814,55.58612497407012,41910.67212499911,23012.952077646347
1777174135,256,GET,bulk_update_departures,2.000000,0.000000,390,490,750,850,950,990,1200,1200,1200,1200,1200,171,5,250,941.9859830122945,55.58612497407012,24185.534749994986,128.60233918128654
1777174135,256,GET,large_scan,2.800000,0.000000,33000,33000,34000,34000,35000,36000,42000,42000,42000,42000,42000,135,9,25000,25571.643469437826,5271.973708004225,41910.67212499911,571694.911111111
1777174135,256,GET,next_departures,17.000000,0.000000,430,670,790,880,950,1200,1200,1200,1200,1200,1200,1229,45,260,1160.134848625085,55.77266702312045,24297.579250007402,112.90480065093573
1777174135,256,GET,point_read,22.200000,0.000000,420,590,780,880,940,1000,1200,1300,1600,1600,1600,1647,63,260,1197.3128551065936,57.25770798744634,24356.25208300189,109.1317547055252
1777174135,256,GET,trips_per_route,2.800000,0.000000,3300,3300,3700,3800,3900,4500,4900,4900,4900,4900,4900,170,7,1900,3151.79492205241,95.39404200040735,22793.457916995976,1161.4
1777174135,256,,Aggregated,46.800000,0.000000,490,770,900,950,2800,31000,33000,34000,42000,42000,42000,3352,129,280,2251.442902607074,55.58612497407012,41910.67212499911,23185.185560859187
1777174136,256,GET,bulk_update_departures,2.100000,0.000000,390,440,750,850,950,990,1200,1200,1200,1200,1200,173,5,250,934.9495333010759,55.58612497407012,24185.534749994986,128.36994219653178
1777174136,256,GET,large_scan,2.700000,0.000000,33000,34000,34000,34000,35000,36000,36000,36000,36000,36000,36000,140,9,25000,25902.84142082944,5271.973708004225,41910.67212499911,573151.2428571428
1777174136,256,GET,next_departures,17.400000,0.000000,390,550,750,820,950,1100,1200,1200,1200,1200,1200,1250,45,270,1146.798101103399,55.77266702312045,24297.579250007402,112.456
1777174136,256,GET,point_read,22.300000,0.000000,400,550,730,810,940,1000,1200,1300,1600,1600,1600,1666,63,260,1187.9895095700194,57.25770798744634,24356.25208300189,108.81752701080433
1777174136,256,GET,trips_per_route,2.800000,0.000000,3300,3300,3700,3800,3900,4500,4900,4900,4900,4900,4900,170,7,1900,3151.79492205241,95.39404200040735,22793.457916995976,1161.4
1777174136,256,,Aggregated,47.300000,0.000000,420,710,890,940,2800,32000,34000,35000,36000,36000,36000,3399,129,290,2276.151030964701,55.58612497407012,41910.67212499911,23766.601941747573
1777174137,256,GET,bulk_update_departures,2.100000,0.000000,390,410,750,820,950,990,1200,1200,1200,1200,1200,173,5,250,934.9495333010759,55.58612497407012,24185.534749994986,128.36994219653178
1777174137,256,GET,large_scan,2.500000,0.000000,33000,34000,34000,35000,36000,36000,36000,36000,36000,36000,36000,141,9,25000,25974.285056142693,5271.973708004225,41910.67212499911,573430.085106383
1777174137,256,GET,next_departures,15.500000,0.000000,380,490,660,770,930,960,1200,1400,1500,1500,1500,1261,45,270,1142.1330493348532,55.77266702312045,24297.579250007402,112.23076923076923
1777174137,256,GET,point_read,20.700000,0.000000,400,540,660,780,920,970,1200,1300,1600,1600,1600,1682,63,260,1181.0602611377221,57.25770798744634,24356.25208300189,108.55648038049941
1777174137,256,GET,trips_per_route,2.400000,0.000000,3200,3300,3400,3700,3900,4500,4900,4900,4900,4900,4900,171,7,1900,3149.6801693387306,95.39404200040735,22793.457916995976,1161.4795321637428
1777174137,256,,Aggregated,43.200000,0.000000,410,610,880,930,2700,32000,34000,35000,36000,36000,36000,3428,129,290,2272.312982957709,55.58612497407012,41910.67212499911,23745.20945157526
1777174138,256,GET,bulk_update_departures,2.600000,0.000000,390,410,730,750,950,950,990,990,990,990,990,174,5,250,933.7627749659935,55.58612497407012,24185.534749994986,128.25862068965517
1777174138,256,GET,large_scan,2.700000,0.000000,33000,34000,35000,35000,36000,36000,36000,36000,36000,36000,36000,142,9,25000,26039.043522008058,5271.973708004225,41910.67212499911,573705.0352112676
1777174138,256,GET,next_departures,15.600000,0.000000,380,480,580,750,920,960,1100,1400,1500,1500,1500,1279,45,270,1134.9586038258842,55.77266702312045,24297.579250007402,111.86786551993745
1777174138,256,GET,point_read,21.600000,0.000000,400,510,560,680,890,940,970,1000,1600,1600,1600,1704,63,270,1172.815284003353,57.25770798744634,24356.25208300189,108.20422535211267
1777174138,256,GET,trips_per_route,2.400000,0.000000,3300,3300,3700,3800,4500,4900,4900,4900,4900,4900,4900,173,7,1900,3150.1051283635284,95.39404200040735,22793.457916995976,1161.6647398843932
1777174138,256,,Aggregated,44.900000,0.000000,410,550,770,880,1200,31000,34000,35000,36000,36000,36000,3472,129,300,2262.4067938972157,55.58612497407012,41910.67212499911,23622.367223502304
1777174139,256,GET,bulk_update_departures,2.500000,0.000000,360,410,440,460,750,950,950,950,950,950,950,176,5,250,929.8628845345692,55.58612497407012,24185.534749994986,128.0340909090909
1777174139,256,GET,large_scan,3.000000,0.000000,34000,35000,35000,35000,36000,36000,36000,36000,36000,36000,36000,142,9,25000,26039.043522008058,5271.973708004225,41910.67212499911,573705.0352112676
1777174139,256,GET,next_departures,16.600000,0.000000,380,450,540,660,920,960,1200,1400,1500,1500,1500,1291,45,270,1130.2733729359181,55.77266702312045,24297.579250007402,111.62819519752131
1777174139,256,GET,point_read,21.100000,0.000000,390,490,550,590,890,940,970,1000,1600,1600,1600,1716,63,270,1169.6059766560245,57.25770798744634,24356.25208300189,108.01631701631702
1777174139,256,GET,trips_per_route,2.100000,0.000000,3300,3400,3800,3900,4900,5100,5100,5100,5100,5100,5100,175,7,1900,3162.347254044975,95.39404200040735,22793.457916995976,1161.8457142857144
1777174139,256,,Aggregated,45.300000,0.000000,400,510,620,790,1000,3800,34000,35000,36000,36000,36000,3500,129,300,2251.6678850466014,55.58612497407012,41910.67212499911,23434.69714285714
1777174140,256,GET,bulk_update_departures,2.400000,0.000000,390,440,460,690,750,950,950,950,950,950,950,178,5,250,926.2089424833964,55.58612497407012,24185.534749994986,127.80898876404494
1777174140,256,GET,large_scan,2.900000,0.000000,34000,35000,35000,35000,36000,36000,36000,36000,36000,36000,36000,142,9,25000,26039.043522008058,5271.973708004225,41910.67212499911,573705.0352112676
1777174140,256,GET,next_departures,17.300000,0.000000,380,430,500,540,750,930,1200,1400,1500,1500,1500,1303,45,280,1125.4390594460804,55.77266702312045,24297.579250007402,111.39831158864159
1777174140,256,GET,point_read,22.600000,0.000000,380,450,510,540,620,780,950,1000,1200,1200,1200,1730,63,270,1164.7314327704212,57.25770798744634,24356.25208300189,107.80115606936417
1777174140,256,GET,trips_per_route,2.300000,0.000000,3300,3700,3900,4500,5100,5100,5100,5100,5100,5100,5100,177,7,1900,3176.3061791461746,95.39404200040735,22793.457916995976,1161.9830508474577
1777174140,256,,Aggregated,47.500000,0.000000,390,480,540,590,1100,3700,34000,35000,36000,36000,36000,3530,129,300,2239.6736653674593,55.58612497407012,41910.67212499911,23236.879320113316
1777174141,256,GET,bulk_update_departures,2.400000,0.000000,390,410,440,460,690,730,750,750,750,750,750,183,5,260,912.0550082568359,55.58612497407012,24185.534749994986,127.29508196721312
1777174141,256,GET,large_scan,2.500000,0.000000,35000,35000,36000,36000,37000,38000,38000,38000,38000,38000,38000,146,9,25000,26317.472467747957,5271.973708004225,41910.67212499911,574767.1369863014
1777174141,256,GET,next_departures,17.200000,0.000000,390,460,500,560,750,1100,1200,1400,1500,1500,1500,1314,45,280,1120.165612538202,55.77266702312045,24297.579250007402,111.19254185692542
1777174141,256,GET,point_read,22.400000,0.000000,400,470,510,540,700,790,1000,1200,1200,1200,1200,1739,63,270,1161.3519307221559,57.25770798744634,24356.25208300189,107.66532489936745
1777174141,256,GET,trips_per_route,1.800000,0.000000,3300,3700,3900,4500,5100,5100,5100,5100,5100,5100,5100,177,7,1900,3176.3061791461746,95.39404200040735,22793.457916995976,1161.9830508474577
1777174141,256,,Aggregated,46.300000,0.000000,400,500,560,620,1200,4900,35000,36000,38000,38000,38000,3559,129,310,2265.510498148946,55.58612497407012,41910.67212499911,23736.52851924698
1777174142,256,GET,bulk_update_departures,2.300000,0.000000,410,440,520,580,690,730,750,750,750,750,750,184,5,260,910.4361316304952,55.58612497407012,24185.534749994986,127.19021739130434
1777174142,256,GET,large_scan,1.800000,0.000000,35000,36000,36000,36000,37000,38000,38000,38000,38000,38000,38000,148,9,25000,26454.829397514965,5271.973708004225,41910.67212499911,575276.6486486486
1777174142,256,GET,next_departures,17.300000,0.000000,410,500,570,590,810,1100,1200,1400,1500,1500,1500,1326,45,280,1115.7836120212723,55.77266702312045,24297.579250007402,110.96757164404224
1777174142,256,GET,point_read,22.300000,0.000000,420,510,540,570,740,850,1000,1200,1200,1200,1200,1750,63,270,1157.9591573478954,57.25770798744634,24356.25208300189,107.49771428571428
1777174142,256,GET,trips_per_route,1.800000,0.000000,3300,3700,3900,4400,5100,5100,5100,5100,5100,5100,5100,178,7,1900,3183.2693485553596,95.39404200040735,22793.457916995976,1162.061797752809
1777174142,256,,Aggregated,45.500000,0.000000,430,540,620,740,1500,31000,35000,36000,38000,38000,38000,3586,129,310,2274.237182931986,55.58612497407012,41910.67212499911,23900.295036252093
1777174143,256,GET,bulk_update_departures,2.300000,0.000000,420,460,610,690,750,1000,1200,1200,1200,1200,1200,186,5,260,912.9087673118388,55.58612497407012,24185.534749994986,126.98924731182795
1777174143,256,GET,large_scan,1.400000,0.000000,35000,36000,37000,37000,38000,44000,58000,58000,58000,58000,58000,152,9,25000,26910.223482179154,5271.973708004225,58426.850417017704,576255.5263157894
1777174143,256,GET,next_departures,16.600000,0.000000,480,570,680,750,930,1100,1200,1400,1500,1500,1500,1339,45,290,1112.0872718761834,55.77266702312045,24297.579250007402,110.72516803584764
1777174143,256,GET,point_read,20.900000,0.000000,450,520,560,630,820,950,1000,1200,1200,1200,1200,1757,63,270,1156.5937498951723,57.25770798744634,24356.25208300189,107.39214570290268
1777174143,256,GET,trips_per_route,1.900000,0.000000,3200,3300,3700,4400,5100,5100,5100,5100,5100,5100,5100,178,7,1900,3183.2693485553596,95.39404200040735,22793.457916995976,1162.061797752809
1777174143,256,,Aggregated,43.100000,0.000000,500,580,740,850,1500,34000,36000,38000,58000,58000,58000,3612,129,310,2311.184113970684,55.58612497407012,58426.850417017704,24407.04761904762
1777174144,256,GET,bulk_update_departures,2.800000,0.000000,440,580,690,730,910,1000,1200,1200,1200,1200,1200,187,5,270,912.8715138770964,55.58612497407012,24185.534749994986,126.88770053475936
1777174144,256,GET,large_scan,1.800000,0.000000,36000,37000,38000,38000,44000,58000,60000,60000,60000,60000,60000,156,9,25000,27329.34362821312,5271.973708004225,60458.93166700262,577184.1474358974
1777174144,256,GET,next_departures,15.600000,0.000000,490,570,690,750,930,1100,1200,1400,1500,1500,1500,1346,45,290,1108.143831632376,55.77266702312045,24297.579250007402,110.59806835066865
1777174144,256,GET,point_read,19.100000,0.000000,480,540,600,680,850,970,1200,1200,1200,1200,1200,1774,63,270,1149.250609936207,57.25770798744634,24356.25208300189,107.14543404735062
1777174144,256,GET,trips_per_route,1.800000,0.000000,4400,5100,5600,5800,6000,7000,7000,7000,7000,7000,7000,184,7,2100,3252.442101678753,95.39404200040735,22793.457916995976,1162.5489130434783
1777174144,256,,Aggregated,41.100000,0.000000,500,620,780,910,3300,35000,37000,38000,60000,60000,60000,3647,129,310,2347.9205114365654,55.58612497407012,60458.93166700262,24847.081162599396
1777174145,256,GET,bulk_update_departures,2.400000,0.000000,580,690,750,910,1000,1200,1200,1200,1200,1200,1200,187,5,270,912.8715138770964,55.58612497407012,24185.534749994986,126.88770053475936
1777174145,256,GET,large_scan,2.000000,0.000000,38000,38000,40000,41000,58000,60000,61000,61000,61000,61000,61000,169,9,26000,28479.991624262184,5271.973708004225,61096.73887499957,579898.6449704142
1777174145,256,GET,next_departures,14.700000,0.000000,490,570,710,770,930,1100,1200,1400,1500,1500,1500,1357,45,290,1101.862297716419,55.77266702312045,24297.579250007402,110.40235814296241
1777174145,256,GET,point_read,17.200000,0.000000,480,540,620,710,850,1000,1200,1200,1200,1200,1200,1789,63,280,1142.3768665393097,57.25770798744634,24356.25208300189,106.93292342090554
1777174145,256,GET,trips_per_route,1.800000,0.000000,4400,5100,5600,5800,6000,7000,7000,7000,7000,7000,7000,185,7,2200,3254.121340994056,95.39404200040735,22793.457916995976,1162.6324324324323
1777174145,256,,Aggregated,38.100000,0.000000,510,720,880,1000,34000,38000,41000,58000,61000,61000,61000,3687,129,310,2474.8514667532477,55.58612497407012,61096.73887499957,26737.94548413344
1777174146,256,GET,bulk_update_departures,2.500000,0.000000,580,690,750,750,1000,1200,1200,1200,1200,1200,1200,188,5,270,910.0226507713508,55.58612497407012,24185.534749994986,126.79255319148936
1777174146,256,GET,large_scan,2.100000,0.000000,38000,39000,40000,41000,60000,61000,62000,62000,62000,62000,62000,172,9,26000,28796.015862158758,5271.973708004225,61588.803666003514,580466.7383720931
1777174146,256,GET,next_departures,13.800000,0.000000,500,600,750,850,980,1100,1200,1400,1500,1500,1500,1369,45,290,1096.8186835903546,55.77266702312045,24297.579250007402,110.19211102994886
1777174146,256,GET,point_read,16.100000,0.000000,460,540,670,750,920,1000,1200,1200,1200,1200,1200,1809,63,280,1135.7588810978004,57.25770798744634,24356.25208300189,106.6489773355445
1777174146,256,GET,trips_per_route,1.600000,0.000000,4800,5100,5600,5800,6000,7000,7000,7000,7000,7000,7000,185,7,2200,3254.121340994056,95.39404200040735,22793.457916995976,1162.6324324324323
1777174146,256,,Aggregated,36.100000,0.000000,520,750,890,1000,7000,38000,44000,60000,62000,62000,62000,3723,129,320,2493.189371061329,55.58612497407012,61588.803666003514,26973.672844480257
1777174147,256,GET,bulk_update_departures,2.100000,0.000000,610,750,910,980,1200,2000,2000,2000,2000,2000,2000,192,5,290,911.8170560470086,55.58612497407012,24185.534749994986,126.40625
1777174147,256,GET,large_scan,2.400000,0.000000,38000,40000,41000,44000,60000,61000,62000,62000,62000,62000,62000,179,9,26000,29265.856914325832,5271.973708004225,61588.803666003514,581718.2960893855
1777174147,256,GET,next_departures,12.900000,0.000000,500,600,750,850,980,1100,1200,1200,1400,1400,1400,1383,45,290,1090.7063605706805,55.77266702312045,24297.579250007402,109.94938539407086
1777174147,256,GET,point_read,15.200000,0.000000,440,540,630,730,910,990,1200,1200,1200,1200,1200,1828,63,280,1127.3472738588605,57.25770798744634,24356.25208300189,106.38676148796499
1777174147,256,GET,trips_per_route,1.500000,0.000000,4800,5200,5500,5600,6000,7000,7000,7000,7000,7000,7000,188,7,2200,3284.2265022121323,95.39404200040735,22793.457916995976,1162.8617021276596
1777174147,256,,Aggregated,34.100000,0.000000,520,750,950,1100,36000,39000,46000,60000,62000,62000,62000,3770,129,320,2546.5065140913703,55.58612497407012,61588.803666003514,27776.39204244032
1777174148,256,GET,bulk_update_departures,1.500000,0.000000,610,750,910,980,1200,2000,2000,2000,2000,2000,2000,193,5,300,910.322591165983,55.58612497407012,24185.534749994986,126.31088082901555
1777174148,256,GET,large_scan,3.300000,0.000000,38000,40000,41000,43000,58000,60000,62000,62000,62000,62000,62000,184,9,27000,29553.953254740776,5271.973708004225,61588.803666003514,582553.9510869565
1777174148,256,GET,next_departures,12.500000,0.000000,420,510,620,740,890,1000,1100,1200,1400,1400,1400,1409,45,290,1076.255050835534,55.77266702312045,24297.579250007402,109.51738821859475
1777174148,256,GET,point_read,13.400000,0.000000,380,520,610,720,910,990,1200,1200,1200,1200,1200,1849,63,280,1118.1460989670422,57.25770798744634,24356.25208300189,106.10546241211466
1777174148,256,GET,trips_per_route,1.500000,0.000000,5100,5200,5600,5800,6000,7000,7000,7000,7000,7000,7000,188,7,2200,3284.2265022121323,95.39404200040735,22793.457916995976,1162.8617021276596
1777174148,256,,Aggregated,32.200000,0.000000,500,720,910,1000,37000,40000,46000,60000,62000,62000,62000,3823,129,320,2567.3423345541546,55.58612497407012,61588.803666003514,28193.414072717762
1777174149,256,GET,bulk_update_departures,1.500000,0.000000,580,690,910,980,1200,2000,2000,2000,2000,2000,2000,195,5,300,905.7944720719929,55.58612497407012,24185.534749994986,126.12820512820512
1777174149,256,GET,large_scan,3.100000,0.000000,39000,40000,41000,43000,58000,60000,62000,62000,62000,62000,62000,186,9,27000,29653.913937931706,5271.973708004225,61588.803666003514,582875.6612903225
1777174149,256,GET,next_departures,11.700000,0.000000,410,510,600,690,880,980,1100,1100,1400,1400,1400,1419,45,290,1071.587785325794,55.77266702312045,24297.579250007402,109.35165609584215
1777174149,256,GET,point_read,14.200000,0.000000,380,510,570,640,840,970,1000,1200,1200,1200,1200,1863,63,280,1113.4288410000622,57.25770798744634,24356.25208300189,105.91894793344069
1777174149,256,GET,trips_per_route,1.400000,0.000000,4800,5200,5600,5600,6000,7000,7000,7000,7000,7000,7000,192,7,2300,3285.1525260358962,95.39404200040735,22793.457916995976,1163.1666666666667
1777174149,256,,Aggregated,31.900000,0.000000,500,680,900,1000,37000,40000,46000,60000,62000,62000,62000,3855,129,320,2572.7388320800596,55.58612497407012,61588.803666003514,28278.934630350195
1777174150,256,GET,bulk_update_departures,1.900000,0.000000,620,810,960,980,1100,1200,2000,2000,2000,2000,2000,199,5,300,904.7585714675121,55.58612497407012,24185.534749994986,125.77889447236181
1777174150,256,GET,large_scan,4.100000,0.000000,39000,40000,41000,41000,48000,60000,61000,62000,62000,62000,62000,194,9,28000,30078.142261594367,5271.973708004225,61588.803666003514,584096.1597938144
1777174150,256,GET,next_departures,11.600000,0.000000,420,550,680,770,890,1000,1100,1200,1400,1400,1400,1431,45,300,1069.6810707842844,55.77266702312045,24297.579250007402,109.15863032844165
1777174150,256,GET,point_read,14.100000,0.000000,380,540,630,670,850,990,1000,1200,1200,1200,1200,1874,63,280,1111.462131554527,57.25770798744634,24356.25208300189,105.7742796157951
1777174150,256,GET,trips_per_route,1.500000,0.000000,4600,5100,5500,5600,6000,7000,7000,7000,7000,7000,7000,196,7,2400,3275.453081621779,95.39404200040735,22793.457916995976,1163.4642857142858
1777174150,256,,Aggregated,33.200000,0.000000,510,790,990,1400,38000,40000,44000,60000,62000,62000,62000,3894,129,320,2637.59347850403,55.58612497407012,61588.803666003514,29255.816897791476
1777174151,256,GET,bulk_update_departures,1.900000,0.000000,770,910,980,1000,1200,2000,2000,2000,2000,2000,2000,201,5,300,901.2531339802225,55.58612497407012,24185.534749994986,125.60696517412936
1777174151,256,GET,large_scan,4.200000,0.000000,40000,41000,42000,43000,46000,60000,61000,62000,62000,62000,62000,207,9,30000,30832.109974440922,5271.973708004225,61588.803666003514,585878.1207729469
1777174151,256,GET,next_departures,12.900000,0.000000,400,550,680,790,900,1000,1100,1200,1400,1400,1400,1439,45,300,1066.7795546673754,55.77266702312045,24297.579250007402,109.03335649756775
1777174151,256,GET,point_read,14.500000,0.000000,380,500,610,660,850,990,1000,1200,1200,1200,1200,1894,63,280,1104.3653562725376,57.25770798744634,24356.25208300189,105.519535374868
1777174151,256,GET,trips_per_route,1.500000,0.000000,4400,4800,5500,5600,6000,7000,7000,7000,7000,7000,7000,196,7,2400,3275.453081621779,95.39404200040735,22793.457916995976,1163.4642857142858
1777174151,256,,Aggregated,35.000000,0.000000,530,820,1000,2700,39000,41000,44000,60000,62000,62000,62000,3937,129,330,2751.371910740079,55.58612497407012,61588.803666003514,30959.311658623315
1777174152,256,GET,bulk_update_departures,1.900000,0.000000,620,830,960,1000,1100,1200,2000,2000,2000,2000,2000,209,5,310,885.4443290050567,55.58612497407012,24185.534749994986,124.95215311004785
1777174152,256,GET,large_scan,4.400000,0.000000,40000,41000,42000,43000,46000,60000,62000,68000,68000,68000,68000,226,9,32000,31861.746075222778,5271.973708004225,67715.17833400867,588113.9601769912
1777174152,256,GET,next_departures,12.500000,0.000000,390,510,590,680,880,980,1100,1200,1400,1400,1400,1472,45,300,1051.976819150399,55.77266702312045,24297.579250007402,108.52513586956522
1777174152,256,GET,point_read,14.100000,0.000000,370,470,540,590,750,920,1000,1200,1200,1200,1200,1931,63,290,1090.5217851011535,57.25770798744634,24356.25208300189,105.05800103573279
1777174152,256,GET,trips_per_route,1.600000,0.000000,3300,4600,5200,5500,5800,6000,7000,7000,7000,7000,7000,202,7,2300,3237.2314713158794,95.39404200040735,22793.457916995976,1163.8910891089108
1777174152,256,,Aggregated,34.500000,0.000000,500,770,1000,2700,40000,42000,44000,60000,68000,68000,68000,4040,129,330,2894.56452469998,55.58612497407012,67715.17833400867,33053.859405940595
1777174153,256,GET,bulk_update_departures,2.100000,0.000000,500,810,910,980,1100,1200,2000,2000,2000,2000,2000,213,5,320,875.0441622207906,55.58612497407012,24185.534749994986,124.64788732394366
1777174153,256,GET,large_scan,5.200000,0.000000,41000,42000,42000,43000,44000,50000,61000,62000,68000,68000,68000,254,9,33000,32962.644808414654,5271.973708004225,67715.17833400867,590799.062992126
1777174153,256,GET,next_departures,12.600000,0.000000,370,440,500,530,770,880,1100,1200,1400,1400,1400,1500,45,300,1037.1602742775383,55.77266702312045,24297.579250007402,108.11
1777174153,256,GET,point_read,14.300000,0.000000,360,420,480,520,650,790,990,990,1200,1200,1200,1966,63,290,1076.2755762702957,57.25770798744634,24356.25208300189,104.63326551373346
1777174153,256,GET,trips_per_route,1.900000,0.000000,2700,3600,4600,4800,5600,6000,7000,7000,7000,7000,7000,206,7,2300,3195.112030319525,95.39404200040735,22793.457916995976,1164.1504854368932
1777174153,256,,Aggregated,36.100000,0.000000,440,650,1100,5600,41000,42000,44000,50000,68000,68000,68000,4139,129,330,3113.9858566078433,55.58612497407012,67715.17833400867,36409.084561488286
1777174154,256,GET,bulk_update_departures,2.100000,0.000000,340,500,740,810,980,1100,2000,2000,2000,2000,2000,222,5,300,846.5010197612935,55.58612497407012,24185.534749994986,123.97297297297297
1777174154,256,GET,large_scan,6.600000,0.000000,41000,42000,43000,44000,45000,48000,61000,62000,68000,68000,68000,260,9,34000,33211.96128895871,5271.973708004225,67715.17833400867,591299.2153846154
1777174154,256,GET,next_departures,13.700000,0.000000,290,370,430,480,680,870,1000,1100,1400,1400,1400,1570,45,290,999.8366286109645,55.77266702312045,24297.579250007402,107.13184713375796
1777174154,256,GET,point_read,16.400000,0.000000,310,400,460,500,640,830,1000,1000,1200,1200,1200,2023,63,280,1052.1922990758674,57.25770798744634,24356.25208300189,103.97330696984676
1777174154,256,GET,trips_per_route,2.100000,0.000000,2300,2700,3300,3700,4800,5200,5500,5500,5500,5500,5500,209,7,2300,3178.6893530520133,95.39404200040735,22793.457916995976,1164.3444976076555
1777174154,256,,Aggregated,40.900000,0.000000,370,540,830,1600,40000,42000,44000,46000,68000,68000,68000,4284,129,320,3077.8963035139645,55.58612497407012,67715.17833400867,36038.09547152194
1777174155,256,GET,bulk_update_departures,2.500000,0.000000,340,440,620,740,960,1100,2000,2000,2000,2000,2000,228,5,300,828.8425077326042,55.58612497407012,24185.534749994986,123.55701754385964
1777174155,256,GET,large_scan,7.700000,0.000000,41000,42000,43000,44000,44000,46000,62000,68000,68000,68000,68000,266,9,34000,33387.66967467019,5271.973708004225,67715.17833400867,591776.8082706766
1777174155,256,GET,next_departures,14.500000,0.000000,220,330,400,450,630,870,1000,1100,1400,1400,1400,1614,45,280,977.7779927715048,55.77266702312045,24297.579250007402,106.55762081784387
1777174155,256,GET,point_read,18.100000,0.000000,270,360,420,460,590,790,1000,1000,1600,1600,1600,2086,63,270,1026.6258931718185,57.25770798744634,24356.25208300189,103.28619367209971
1777174155,256,GET,trips_per_route,2.400000,0.000000,2300,2500,2900,3600,4800,5200,5500,5500,5500,5500,5500,213,7,2200,3148.9544127364925,95.39404200040735,22793.457916995976,1164.5962441314555
1777174155,256,,Aggregated,45.200000,0.000000,320,470,660,990,40000,42000,44000,45000,68000,68000,68000,4407,129,310,3054.3450893187623,55.58612497407012,67715.17833400867,35869.36691626957
1777174156,256,GET,bulk_update_departures,2.600000,0.000000,320,400,500,620,960,1100,2000,2000,2000,2000,2000,234,5,290,812.3871622695169,55.58612497407012,24185.534749994986,123.17094017094017
1777174156,256,GET,large_scan,10.300000,0.000000,41000,42000,43000,44000,44000,46000,50000,68000,68000,68000,68000,266,9,34000,33387.66967467019,5271.973708004225,67715.17833400867,591776.8082706766
1777174156,256,GET,next_departures,16.200000,0.000000,210,290,350,400,550,790,1000,1100,1400,1400,1400,1660,45,270,955.6230928694144,55.77266702312045,24297.579250007402,105.99578313253012
1777174156,256,GET,point_read,20.700000,0.000000,210,300,380,410,550,660,920,1000,1600,1600,1600,2138,63,270,1006.1314372434481,57.25770798744634,24356.25208300189,102.75023386342376
1777174156,256,GET,trips_per_route,2.600000,0.000000,1900,2300,2500,2700,4600,5200,5500,5500,5500,5500,5500,223,7,2000,3082.8556268467596,95.39404200040735,22793.457916995976,1165.1748878923768
1777174156,256,,Aggregated,52.400000,0.000000,260,410,560,810,40000,42000,44000,44000,68000,68000,68000,4521,129,310,2985.2109889869234,55.58612497407012,67715.17833400867,34969.45808449458
1777174157,256,GET,bulk_update_departures,3.500000,0.000000,250,340,400,500,770,960,1100,1100,1100,1100,1100,237,5,290,804.1700825107703,55.58612497407012,24185.534749994986,122.9831223628692
1777174157,256,GET,large_scan,10.400000,0.000000,41000,42000,43000,44000,44000,45000,50000,68000,68000,68000,68000,280,9,35000,33697.25782962236,5271.973708004225,67715.17833400867,592811.5571428571
1777174157,256,GET,next_departures,22.400000,0.000000,200,250,320,370,520,680,990,1000,1200,1200,1200,1689,45,270,942.9586404637319,55.77266702312045,24297.579250007402,105.66193013617526
1777174157,256,GET,point_read,24.800000,0.000000,200,280,360,400,520,650,870,1000,1600,1600,1600,2187,63,270,988.0456981570621,57.25770798744634,24356.25208300189,102.26931870141746
1777174157,256,GET,trips_per_route,2.500000,0.000000,1800,2300,2300,2500,3700,4800,5500,5500,5500,5500,5500,226,7,1900,3065.446444486131,95.39404200040735,22793.457916995976,1165.345132743363
1777174157,256,,Aggregated,63.600000,0.000000,230,380,520,730,39000,42000,44000,44000,68000,68000,68000,4619,129,300,3046.5738220211983,55.58612497407012,67715.17833400867,36086.1392076207
1777174158,256,GET,bulk_update_departures,4.100000,0.000000,250,340,400,450,770,960,1100,1100,1100,1100,1100,240,5,270,798.0284886001755,55.58612497407012,24185.534749994986,122.8
1777174158,256,GET,large_scan,9.700000,0.000000,41000,42000,42000,43000,44000,45000,46000,50000,68000,68000,68000,289,9,36000,33827.288727370775,5271.973708004225,67715.17833400867,593423.847750865
1777174158,256,GET,next_departures,25.700000,0.000000,200,250,300,360,530,790,990,1000,1200,1200,1200,1729,45,270,927.7243279076354,55.77266702312045,24297.579250007402,105.21920185078079
1777174158,256,GET,point_read,29.600000,0.000000,200,270,350,390,520,660,870,1000,1600,1600,1600,2228,63,260,974.9635876151248,57.25770798744634,24356.25208300189,101.88330341113105
1777174158,256,GET,trips_per_route,2.800000,0.000000,1800,2200,2300,2400,2700,3300,4600,4600,4600,4600,4600,230,7,2000,3050.4033228035755,95.39404200040735,22793.457916995976,1165.5521739130436
1777174158,256,,Aggregated,71.900000,0.000000,230,370,520,790,39000,41000,44000,44000,68000,68000,68000,4716,129,300,3063.0746988714623,55.58612497407012,67715.17833400867,36515.25890585242
1777174159,256,GET,bulk_update_departures,4.600000,0.000000,240,340,400,450,740,960,1100,1100,1100,1100,1100,246,5,260,786.8950969472857,55.58612497407012,24185.534749994986,122.45528455284553
1777174159,256,GET,large_scan,9.400000,0.000000,41000,42000,42000,43000,44000,45000,46000,50000,68000,68000,68000,298,9,37000,33942.14527880576,5271.973708004225,67715.17833400867,593999.134228188
1777174159,256,GET,next_departures,29.100000,0.000000,200,240,290,330,510,730,990,1000,1200,1200,1200,1760,45,270,915.4004383007057,55.77266702312045,24297.579250007402,104.88863636363637
1777174159,256,GET,point_read,33.100000,0.000000,200,250,310,370,500,590,870,1000,1600,1600,1600,2259,63,260,964.5256739524064,57.25770798744634,24356.25208300189,101.60159362549801
1777174159,256,GET,trips_per_route,3.800000,0.000000,1800,2000,2300,2300,2500,2500,3700,3700,3700,3700,3700,235,7,2000,3030.2504616800666,95.39404200040735,22793.457916995976,1165.8170212765958
1777174159,256,,Aggregated,80.000000,0.000000,230,350,500,780,38000,41000,44000,44000,68000,68000,68000,4798,129,300,3086.788789974089,55.58612497407012,67715.17833400867,37042.508336807005
1777174160,256,GET,bulk_update_departures,4.500000,0.000000,240,330,360,400,740,830,1100,1100,1100,1100,1100,249,5,290,784.9998646869276,55.58612497407012,24185.534749994986,122.29317269076306
1777174160,256,GET,large_scan,9.900000,0.000000,41000,42000,42000,43000,44000,45000,46000,50000,68000,68000,68000,300,9,37000,33972.5220573638,5271.973708004225,67715.17833400867,594122.2966666666
1777174160,256,GET,next_departures,30.600000,0.000000,200,250,300,330,510,720,870,900,1000,1000,1000,1790,45,270,908.157774436469,55.77266702312045,24297.579250007402,104.58100558659218
1777174160,256,GET,point_read,36.100000,0.000000,200,260,330,380,500,730,900,1000,1600,1600,1600,2294,63,260,958.0874230062874,57.25770798744634,24356.25208300189,101.2920662598082
1777174160,256,GET,trips_per_route,3.800000,0.000000,1800,1900,2100,2200,2300,2500,2500,2500,2500,2500,2500,238,7,2000,3019.057016784864,95.39404200040735,22793.457916995976,1165.9705882352941
1777174160,256,,Aggregated,84.900000,0.000000,230,340,460,670,37000,41000,44000,44000,68000,68000,68000,4871,129,300,3064.917289699996,55.58612497407012,67715.17833400867,36740.75241223568
1777174161,256,GET,bulk_update_departures,4.700000,0.000000,240,290,330,340,460,580,840,840,840,840,840,251,5,270,780.5223659284328,55.58612497407012,24185.534749994986,122.17529880478088
1777174161,256,GET,large_scan,10.500000,0.000000,40000,42000,42000,43000,44000,45000,46000,68000,68000,68000,68000,308,9,37000,34068.76254018233,5271.973708004225,67715.17833400867,594598.9155844155
1777174161,256,GET,next_departures,32.200000,0.000000,210,260,300,330,440,600,860,890,1000,1000,1000,1816,45,270,899.5394990557655,55.77266702312045,24297.579250007402,104.3237885462555
1777174161,256,GET,point_read,38.200000,0.000000,200,250,300,350,470,670,900,1000,1600,1600,1600,2317,63,260,951.247553013612,57.25770798744634,24356.25208300189,101.09624514458352
1777174161,256,GET,trips_per_route,4.200000,0.000000,1900,2000,2100,2200,2400,2500,2500,2500,2500,2500,2500,244,7,2000,2996.655935261515,95.39404200040735,22793.457916995976,1166.2581967213114
1777174161,256,,Aggregated,89.800000,0.000000,230,320,430,550,2500,40000,43000,44000,68000,68000,68000,4936,129,300,3091.1422882993957,55.58612497407012,67715.17833400867,37251.90255267423
1777174162,256,GET,bulk_update_departures,5.100000,0.000000,240,260,330,360,510,580,840,840,840,840,840,254,5,280,776.1956937914746,55.58612497407012,24185.534749994986,122.01574803149606
1777174162,256,GET,large_scan,11.200000,0.000000,40000,41000,42000,42000,44000,44000,46000,46000,46000,46000,46000,314,9,37000,34118.89536531907,5271.973708004225,67715.17833400867,594940.3757961784
1777174162,256,GET,next_departures,34.100000,0.000000,210,260,300,340,480,620,860,890,1000,1000,1000,1844,45,270,892.4764544219822,55.77266702312045,24297.579250007402,104.05531453362256
1777174162,256,GET,point_read,39.900000,0.000000,200,250,310,370,460,670,900,1000,1600,1600,1600,2345,63,270,944.9176708065927,57.25770798744634,24356.25208300189,100.86055437100214
1777174162,256,GET,trips_per_route,4.400000,0.000000,1900,2100,2200,2300,2400,2500,2500,2500,2500,2500,2500,247,7,2100,2989.4957295700256,95.39404200040735,22793.457916995976,1166.4008097165993
1777174162,256,,Aggregated,94.700000,0.000000,220,320,430,530,2300,39000,42000,44000,46000,46000,46000,5004,129,300,3099.6104748466446,55.58612497407012,67715.17833400867,37481.767985611514
1777174163,256,GET,bulk_update_departures,5.000000,0.000000,240,300,420,460,610,650,840,840,840,840,840,260,5,300,770.2772255348883,55.58612497407012,24185.534749994986,121.70769230769231
1777174163,256,GET,large_scan,10.600000,0.000000,38000,39000,40000,41000,43000,44000,46000,46000,46000,46000,46000,320,9,37000,34174.43015560673,5271.973708004225,67715.17833400867,595269.06875
1777174163,256,GET,next_departures,35.900000,0.000000,210,280,330,360,540,720,890,1000,1000,1000,1000,1876,45,270,885.3507684318004,55.77266702312045,24297.579250007402,103.75746268656717
1777174163,256,GET,point_read,42.000000,0.000000,210,260,340,400,600,780,1000,1000,1600,1600,1600,2376,63,270,940.3009348524101,57.25770798744634,24356.25208300189,100.60648148148148
1777174163,256,GET,trips_per_route,4.200000,0.000000,1900,2100,2200,2300,2400,2500,2500,2500,2500,2500,2500,248,7,2000,2985.0093161806017,95.39404200040735,22793.457916995976,1166.4475806451612
1777174163,256,,Aggregated,97.700000,0.000000,230,330,460,580,1800,37000,40000,42000,46000,46000,46000,5080,129,310,3104.6151774868886,55.58612497407012,67715.17833400867,37645.81003937008
1777174165,256,GET,bulk_update_departures,4.700000,0.000000,260,400,460,510,620,740,840,840,840,840,840,266,5,290,758.3678996428292,55.58612497407012,24185.534749994986,121.40977443609023
1777174165,256,GET,large_scan,9.600000,0.000000,38000,38000,39000,40000,42000,43000,44000,44000,44000,44000,44000,325,9,37000,34232.275437314325,5271.973708004225,67715.17833400867,595533.7169230769
1777174165,256,GET,next_departures,36.500000,0.000000,260,330,360,440,580,720,870,900,1000,1000,1000,1921,45,270,871.373748197299,55.77266702312045,24297.579250007402,103.3560645497137
1777174165,256,GET,point_read,41.400000,0.000000,250,310,390,430,610,780,990,1000,1100,1100,1100,2427,63,270,926.2419014043103,57.25770798744634,24356.25208300189,100.20766378244747
1777174165,256,GET,trips_per_route,4.600000,0.000000,2000,2200,2400,2400,2500,2600,2800,2800,2800,2800,2800,253,7,2100,2974.023192671055,95.39404200040735,22793.457916995976,1166.6561264822135
1777174165,256,,Aggregated,96.800000,0.000000,280,390,520,620,2000,37000,39000,40000,44000,44000,44000,5192,129,310,3081.9609613199523,55.58612497407012,67715.17833400867,37426.36132511556
1777174166,256,GET,bulk_update_departures,4.700000,0.000000,260,310,460,510,620,740,840,840,840,840,840,272,5,270,746.5560971653331,55.58612497407012,24185.534749994986,121.13235294117646
1777174166,256,GET,large_scan,6.500000,0.000000,38000,38000,39000,39000,41000,42000,44000,44000,44000,44000,44000,330,9,37000,34294.48681402179,5271.973708004225,67715.17833400867,595790.3606060606
1777174166,256,GET,next_departures,37.500000,0.000000,260,330,360,440,580,720,870,900,1000,1000,1000,1961,45,270,858.0008049851473,55.77266702312045,24297.579250007402,103.01325854156043
1777174166,256,GET,point_read,40.900000,0.000000,250,310,390,430,620,790,990,1000,1100,1100,1100,2471,63,270,913.551895674776,57.25770798744634,24356.25208300189,99.87535410764872
1777174166,256,GET,trips_per_route,4.200000,0.000000,2200,2200,2400,2400,2500,2600,2800,2800,2800,2800,2800,256,7,2100,2962.440297186731,95.39404200040735,22793.457916995976,1166.7890625
1777174166,256,,Aggregated,93.800000,0.000000,280,390,520,620,2200,37000,39000,40000,44000,44000,44000,5290,129,300,3065.8894018760316,55.58612497407012,67715.17833400867,37314.03894139887
1777174167,256,GET,bulk_update_departures,4.400000,0.000000,260,320,460,510,620,740,840,840,840,840,840,276,5,270,739.8557808404987,55.58612497407012,24185.534749994986,120.95289855072464
1777174167,256,GET,large_scan,6.500000,0.000000,38000,38000,38000,39000,40000,40000,42000,44000,44000,44000,44000,333,9,37000,34323.340088967445,5271.973708004225,67715.17833400867,595940.6246246246
1777174167,256,GET,next_departures,35.100000,0.000000,270,330,360,440,580,720,880,1000,1000,1000,1000,1984,45,270,851.1142396219223,55.77266702312045,24297.579250007402,102.82409274193549
1777174167,256,GET,point_read,40.300000,0.000000,260,330,400,430,620,810,990,1000,1100,1100,1100,2502,63,270,905.6058164981914,57.25770798744634,24356.25208300189,99.64948041566747
1777174167,256,GET,trips_per_route,4.400000,0.000000,2200,2300,2400,2400,2500,2600,2800,2800,2800,2800,2800,260,7,2100,2951.555118737675,95.39404200040735,22793.457916995976,1166.95
1777174167,256,,Aggregated,90.700000,0.000000,290,390,510,610,2100,37000,38000,39000,44000,44000,44000,5355,129,300,3054.288175592586,55.58612497407012,67715.17833400867,37206.039962651725
1777174168,256,GET,bulk_update_departures,4.400000,0.000000,280,320,480,510,620,740,840,840,840,840,840,276,5,270,739.8557808404987,55.58612497407012,24185.534749994986,120.95289855072464
1777174168,256,GET,large_scan,6.400000,0.000000,38000,38000,38000,39000,40000,40000,44000,44000,44000,44000,44000,334,9,37000,34329.48606574599,5271.973708004225,67715.17833400867,595990.122754491
1777174168,256,GET,next_departures,34.400000,0.000000,270,340,390,460,590,720,880,1000,1000,1000,1000,2009,45,270,844.7602856699136,55.77266702312045,24297.579250007402,102.62170233947238
1777174168,256,GET,point_read,38.300000,0.000000,270,330,430,460,620,730,990,1000,1100,1100,1100,2531,63,270,899.2789578077408,57.25770798744634,24356.25208300189,99.4425128407744
1777174168,256,GET,trips_per_route,4.200000,0.000000,2200,2300,2400,2400,2500,2600,2800,2800,2800,2800,2800,264,7,2100,2941.2473181697405,95.39404200040735,22793.457916995976,1167.1098484848485
1777174168,256,,Aggregated,87.700000,0.000000,300,410,520,610,2100,37000,38000,39000,44000,44000,44000,5414,129,300,3032.865956703029,55.58612497407012,67715.17833400867,36915.4150350942
1777174169,256,GET,bulk_update_departures,4.200000,0.000000,290,320,420,480,620,740,840,840,840,840,840,279,5,280,735.0176042831448,55.58612497407012,24185.534749994986,120.82078853046595
1777174169,256,GET,large_scan,6.500000,0.000000,37000,38000,38000,39000,40000,40000,44000,44000,44000,44000,44000,337,9,37000,34352.86336573047,5271.973708004225,67715.17833400867,596136.8605341247
1777174169,256,GET,next_departures,32.400000,0.000000,290,340,360,450,590,720,880,1000,1000,1000,1000,2034,45,270,837.9077247816058,55.77266702312045,24297.579250007402,102.42527040314651
1777174169,256,GET,point_read,35.900000,0.000000,280,340,420,460,620,720,990,1000,1100,1100,1100,2566,63,270,891.1721567787525,57.25770798744634,24356.25208300189,99.19797349961028
1777174169,256,GET,trips_per_route,3.700000,0.000000,2200,2300,2400,2500,2600,2700,2800,2800,2800,2800,2800,266,7,2100,2939.0299783714763,95.39404200040735,22793.457916995976,1167.1917293233082
1777174169,256,,Aggregated,82.700000,0.000000,310,370,510,600,1900,36000,38000,39000,44000,44000,44000,5482,129,300,3019.8502201008837,55.58612497407012,67715.17833400867,36794.08591754834
1777174170,256,GET,bulk_update_departures,3.900000,0.000000,280,320,420,460,540,620,650,650,650,650,650,280,5,280,734.0317972143696,55.58612497407012,24185.534749994986,120.77857142857142
1777174170,256,GET,large_scan,5.300000,0.000000,37000,38000,38000,38000,40000,40000,44000,44000,44000,44000,44000,341,9,37000,34382.337809754106,5271.973708004225,67715.17833400867,596328.4926686217
1777174170,256,GET,next_departures,31.600000,0.000000,290,340,380,440,530,640,730,1000,1000,1000,1000,2050,45,270,834.7669666457535,55.77266702312045,24297.579250007402,102.2990243902439
1777174170,256,GET,point_read,34.100000,0.000000,280,340,410,450,530,640,710,990,1100,1100,1100,2587,63,270,887.356189619753,57.25770798744634,24356.25208300189,99.05257054503285
1777174170,256,GET,trips_per_route,3.800000,0.000000,2200,2400,2400,2600,2700,2800,3500,3500,3500,3500,3500,267,7,2200,2941.1829486471856,95.39404200040735,22793.457916995976,1167.2284644194756
1777174170,256,,Aggregated,78.700000,0.000000,310,390,470,530,2000,36000,38000,39000,44000,44000,44000,5525,129,300,3026.6180430416416,55.58612497407012,67715.17833400867,36951.93592760181
1777174171,256,GET,bulk_update_departures,3.900000,0.000000,300,410,460,460,610,650,730,730,730,730,730,283,5,290,731.8915147632574,55.58612497407012,24185.534749994986,120.64664310954063
1777174171,256,GET,large_scan,4.800000,0.000000,37000,38000,38000,38000,40000,40000,44000,44000,44000,44000,44000,345,9,37000,34404.21901872518,5271.973708004225,67715.17833400867,596515.6492753624
1777174171,256,GET,next_departures,30.000000,0.000000,290,350,420,450,540,640,870,1000,1000,1000,1000,2065,45,270,831.7760166865869,55.77266702312045,24297.579250007402,102.18305084745762
1777174171,256,GET,point_read,32.900000,0.000000,310,380,430,450,550,650,810,1000,1200,1200,1200,2608,63,270,883.8782613294787,57.25770798744634,24356.25208300189,98.91104294478528
1777174171,256,GET,trips_per_route,3.600000,0.000000,2300,2400,2600,2600,2700,2800,3500,3500,3500,3500,3500,268,7,2200,2938.8181150403507,95.39404200040735,22793.457916995976,1167.2686567164178
1777174171,256,,Aggregated,75.200000,0.000000,310,410,470,530,1000,36000,38000,39000,44000,44000,44000,5569,129,300,3032.3138974634758,55.58612497407012,67715.17833400867,37100.70712874843
1777174172,256,GET,bulk_update_departures,3.400000,0.000000,300,410,460,480,610,650,730,730,730,730,730,285,5,290,730.8541906806599,55.58612497407012,24185.534749994986,120.56140350877193
1777174172,256,GET,large_scan,4.200000,0.000000,37000,37000,38000,38000,39000,40000,44000,44000,44000,44000,44000,348,9,37000,34412.633718879886,5271.973708004225,67715.17833400867,596653.2183908046
1777174172,256,GET,next_departures,28.900000,0.000000,290,330,400,440,580,640,870,1000,1000,1000,1000,2071,45,270,831.0798631495989,55.77266702312045,24297.579250007402,102.13809753742153
1777174172,256,GET,point_read,32.300000,0.000000,280,340,410,440,550,650,810,1000,1200,1200,1200,2619,63,270,881.6600603296243,57.25770798744634,24356.25208300189,98.83886979763268
1777174172,256,GET,trips_per_route,3.100000,0.000000,2300,2400,2600,2600,2700,2800,3500,3500,3500,3500,3500,269,7,2200,2936.701856865474,95.39404200040735,22793.457916995976,1167.3085501858736
1777174172,256,,Aggregated,71.900000,0.000000,300,400,470,540,1000,36000,37000,39000,44000,44000,44000,5592,129,300,3040.7898556146483,55.58612497407012,67715.17833400867,37277.19474248927
1777174173,256,GET,bulk_update_departures,3.400000,0.000000,290,320,450,460,600,730,840,840,840,840,840,287,5,290,730.6042779128526,55.58612497407012,24185.534749994986,120.47038327526133
1777174173,256,GET,large_scan,4.400000,0.000000,37000,38000,38000,38000,39000,40000,44000,44000,44000,44000,44000,351,9,37000,34441.76257835665,5271.973708004225,67715.17833400867,596788.4301994302
1777174173,256,GET,next_departures,27.200000,0.000000,280,330,390,420,600,730,930,1100,1400,1400,1400,2086,45,280,830.2771784313694,55.77266702312045,24297.579250007402,102.02396931927133
1777174173,256,GET,point_read,31.300000,0.000000,280,340,390,430,510,690,850,970,1200,1200,1200,2641,63,270,879.5276054071327,57.25770798744634,24356.25208300189,98.6932979931844
1777174173,256,GET,trips_per_route,3.000000,0.000000,2300,2400,2600,2700,3200,3500,3600,3600,3600,3600,3600,272,7,2200,2937.646912521279,95.39404200040735,22793.457916995976,1167.4191176470588
1777174173,256,,Aggregated,69.300000,0.000000,300,380,450,520,1400,36000,37000,39000,44000,44000,44000,5637,129,310,3042.854825804159,55.58612497407012,67715.17833400867,37306.78073443321
1777174174,256,GET,bulk_update_departures,3.400000,0.000000,320,410,460,550,600,730,840,840,840,840,840,287,5,290,730.6042779128526,55.58612497407012,24185.534749994986,120.47038327526133
1777174174,256,GET,large_scan,3.900000,0.000000,37000,37000,38000,38000,39000,40000,40000,40000,40000,40000,40000,352,9,37000,34450.00575545226,5271.973708004225,67715.17833400867,596832.9886363636
1777174174,256,GET,next_departures,25.500000,0.000000,290,390,460,540,870,1100,1200,1200,1400,1400,1400,2100,45,280,831.4758127180089,55.77266702312045,24297.579250007402,101.91809523809523
1777174174,256,GET,point_read,30.200000,0.000000,310,380,430,470,570,850,1100,1200,1200,1200,1200,2652,63,270,879.1916066988139,57.25770798744634,24356.25208300189,98.62028657616892
1777174174,256,GET,trips_per_route,2.500000,0.000000,2300,2600,2700,3200,3500,3600,3800,3800,3800,3800,3800,274,7,2200,2942.0760369443897,95.39404200040735,22793.457916995976,1167.4890510948906
1777174174,256,,Aggregated,65.500000,0.000000,320,430,530,660,1800,36000,37000,39000,40000,40000,40000,5665,129,310,3039.7051430672605,55.58612497407012,67715.17833400867,37231.28826125331
1777174175,256,GET,bulk_update_departures,3.400000,0.000000,450,500,570,600,730,840,840,840,840,840,840,291,5,300,727.6920524397401,55.58612497407012,24185.534749994986,120.30584192439862
1777174175,256,GET,large_scan,3.900000,0.000000,36000,37000,37000,38000,39000,39000,40000,40000,40000,40000,40000,355,9,37000,34469.104160338575,5271.973708004225,67715.17833400867,596965.1492957746
1777174175,256,GET,next_departures,25.500000,0.000000,360,450,560,640,1100,1200,1500,1700,1700,1700,1700,2106,45,280,832.0886332102853,55.77266702312045,24297.579250007402,101.87416904083571
1777174175,256,GET,point_read,30.200000,0.000000,350,430,470,510,690,930,1100,1200,1200,1200,1200,2660,63,270,878.2025839937247,57.25770798744634,24356.25208300189,98.56842105263158
1777174175,256,GET,trips_per_route,2.500000,0.000000,2400,2700,3300,3500,3600,3800,4000,4000,4000,4000,4000,276,7,2200,2948.1356790390723,95.39404200040735,22793.457916995976,1167.5615942028985
1777174175,256,,Aggregated,65.500000,0.000000,400,490,640,840,2200,36000,37000,38000,40000,40000,40000,5688,129,310,3050.346931532896,55.58612497407012,67715.17833400867,37404.46958509142
1777174176,256,GET,bulk_update_departures,2.700000,0.000000,450,500,570,600,730,840,840,840,840,840,840,291,5,300,727.6920524397401,55.58612497407012,24185.534749994986,120.30584192439862
1777174176,256,GET,large_scan,3.200000,0.000000,37000,37000,37000,38000,39000,39000,40000,40000,40000,40000,40000,357,9,37000,34488.604361706435,5271.973708004225,67715.17833400867,597052.0140056022
1777174176,256,GET,next_departures,22.200000,0.000000,420,490,630,710,1100,1200,1500,1700,1700,1700,1700,2120,45,280,829.874340152749,55.77266702312045,24297.579250007402,101.77169811320755
1777174176,256,GET,point_read,27.400000,0.000000,390,450,510,550,740,940,1100,1200,1200,1200,1200,2669,63,270,876.8869729165596,57.25770798744634,24356.25208300189,98.51067815661297
1777174176,256,GET,trips_per_route,2.600000,0.000000,3100,3300,3500,3600,3800,4000,4000,4000,4000,4000,4000,278,7,2200,2950.9884205568505,95.39404200040735,22793.457916995976,1167.63309352518
1777174176,256,,Aggregated,58.100000,0.000000,440,550,730,930,2600,36000,37000,38000,40000,40000,40000,5715,129,310,3052.3726784150645,55.58612497407012,67715.17833400867,37442.84531933508
1777174177,256,GET,bulk_update_departures,2.500000,0.000000,480,550,600,600,730,840,840,840,840,840,840,292,5,300,725.9193840238293,55.58612497407012,24185.534749994986,120.26712328767124
1777174177,256,GET,large_scan,3.000000,0.000000,37000,37000,38000,38000,39000,39000,39000,39000,39000,39000,39000,361,9,37000,34528.071690687495,5271.973708004225,67715.17833400867,597222.8725761772
1777174177,256,GET,next_departures,18.500000,0.000000,420,490,630,710,1100,1200,1500,1700,1700,1700,1700,2137,45,280,825.9006839779396,55.77266702312045,24297.579250007402,101.65044454843238
1777174177,256,GET,point_read,23.300000,0.000000,390,450,500,550,790,970,1100,1200,1200,1200,1200,2682,63,270,874.080703736868,57.25770798744634,24356.25208300189,98.42803877703207
1777174177,256,GET,trips_per_route,2.300000,0.000000,3300,3600,3600,3800,4200,4400,4400,4400,4400,4400,4400,283,7,2200,2961.2613749886164,95.39404200040735,22793.457916995976,1167.7879858657243
1777174177,256,,Aggregated,49.600000,0.000000,440,560,770,990,3500,36000,38000,38000,39000,39000,39000,5755,129,310,3062.3585610213845,55.58612497407012,67715.17833400867,37609.77758470895
1777174178,256,GET,bulk_update_departures,1.900000,0.000000,500,570,600,700,730,840,840,840,840,840,840,293,5,300,724.3783325152575,55.58612497407012,24185.534749994986,120.22525597269625
1777174178,256,GET,large_scan,2.700000,0.000000,37000,37000,38000,38000,39000,39000,39000,39000,39000,39000,39000,365,9,37000,34561.1767528663,5271.973708004225,67715.17833400867,597389.997260274
1777174178,256,GET,next_departures,15.800000,0.000000,440,540,650,750,1100,1200,1500,1700,1700,1700,1700,2153,45,280,822.0043274091612,55.77266702312045,24297.579250007402,101.53971202972596
1777174178,256,GET,point_read,19.900000,0.000000,410,470,520,560,840,1000,1200,1200,1200,1200,1200,2696,63,270,871.0525365998792,57.25770798744634,24356.25208300189,98.34087537091987
1777174178,256,GET,trips_per_route,2.300000,0.000000,3200,3500,3600,3600,4000,4200,4400,4400,4400,4400,4400,288,7,2200,2960.8929978221568,95.39404200040735,22793.457916995976,1167.9340277777778
1777174178,256,,Aggregated,42.600000,0.000000,460,610,890,1100,3600,37000,38000,38000,39000,39000,39000,5795,129,310,3071.2584133185787,55.58612497407012,67715.17833400867,37774.405867126836
1777174179,256,GET,bulk_update_departures,1.600000,0.000000,550,600,700,730,790,840,840,840,840,840,840,295,5,300,724.3034059693839,55.58612497407012,24185.534749994986,120.14237288135594
1777174179,256,GET,large_scan,3.000000,0.000000,37000,37000,38000,38000,39000,39000,39000,39000,39000,39000,39000,368,9,37000,34574.22740524506,5271.973708004225,67715.17833400867,597512.9320652174
1777174179,256,GET,next_departures,15.100000,0.000000,410,540,660,770,1100,1200,1500,1700,1700,1700,1700,2169,45,280,818.7902653660424,55.77266702312045,24297.579250007402,101.42692485016137
1777174179,256,GET,point_read,17.900000,0.000000,400,450,550,570,850,1000,1200,1200,1200,1200,1200,2709,63,280,868.5566382300866,57.25770798744634,24356.25208300189,98.2595053525286
1777174179,256,GET,trips_per_route,2.200000,0.000000,3200,3500,3600,3600,4000,4200,4400,4400,4400,4400,4400,288,7,2200,2960.8929978221568,95.39404200040735,22793.457916995976,1167.9340277777778
1777174179,256,,Aggregated,39.800000,0.000000,450,660,930,1100,4000,37000,38000,38000,39000,39000,39000,5829,129,310,3074.043299332339,55.58612497407012,67715.17833400867,37869.745410876654
1777174180,256,GET,bulk_update_departures,1.700000,0.000000,550,600,670,670,790,840,840,840,840,840,840,299,5,300,720.6558197190484,55.58612497407012,24185.534749994986,119.9799331103679
1777174180,256,GET,large_scan,3.100000,0.000000,37000,38000,38000,38000,39000,39000,40000,40000,40000,40000,40000,373,9,37000,34608.51882720422,5271.973708004225,67715.17833400867,597713.471849866
1777174180,256,GET,next_departures,14.600000,0.000000,400,540,630,750,1100,1200,1500,1700,1700,1700,1700,2180,45,280,816.5585457164834,55.77266702312045,24297.579250007402,101.351376146789
1777174180,256,GET,point_read,16.400000,0.000000,370,450,540,570,820,970,1100,1200,1200,1200,1200,2728,63,280,864.8632227237063,57.25770798744634,24356.25208300189,98.1433284457478
1777174180,256,GET,trips_per_route,2.400000,0.000000,3200,3600,3600,3700,4000,4200,4400,4400,4400,4400,4400,291,7,2200,2961.5490848996237,95.39404200040735,22793.457916995976,1168.0309278350514
1777174180,256,,Aggregated,38.200000,0.000000,450,660,960,1200,4200,37000,38000,38000,40000,40000,40000,5871,129,310,3087.3290576735117,55.58612497407012,67715.17833400867,38121.54266734798
1777174181,256,GET,bulk_update_departures,1.600000,0.000000,420,550,630,670,790,840,840,840,840,840,840,302,5,300,717.4943141953978,55.58612497407012,24185.534749994986,119.86092715231788
1777174181,256,GET,large_scan,3.100000,0.000000,37000,37000,38000,38000,38000,39000,40000,40000,40000,40000,40000,378,9,37000,34633.868509603635,5271.973708004225,67715.17833400867,597908.6878306878
1777174181,256,GET,next_departures,13.800000,0.000000,390,480,650,750,1100,1200,1500,1700,1700,1700,1700,2198,45,290,813.8381752907002,55.77266702312045,24297.579250007402,101.22747952684259
1777174181,256,GET,point_read,14.700000,0.000000,380,450,550,570,790,970,1100,1200,1200,1200,1200,2751,63,280,861.1305978612381,57.25770798744634,24356.25208300189,98.00399854598328
1777174181,256,GET,trips_per_route,2.200000,0.000000,3200,3500,3600,3700,4000,4200,4400,4400,4400,4400,4400,293,7,2300,2960.249806016365,95.39404200040735,22793.457916995976,1168.0921501706484
1777174181,256,,Aggregated,35.400000,0.000000,440,630,920,1100,4000,37000,38000,38000,40000,40000,40000,5922,129,320,3095.816507376771,55.58612497407012,67715.17833400867,38311.38804457954
1777174182,256,GET,bulk_update_departures,1.800000,0.000000,420,550,630,670,790,840,840,840,840,840,840,302,5,300,717.4943141953978,55.58612497407012,24185.534749994986,119.86092715231788
1777174182,256,GET,large_scan,3.300000,0.000000,37000,37000,38000,38000,38000,39000,40000,40000,40000,40000,40000,380,9,37000,34644.400307471464,5271.973708004225,67715.17833400867,597985.3289473684
1777174182,256,GET,next_departures,13.000000,0.000000,390,440,500,620,960,1200,1500,1700,1700,1700,1700,2216,45,290,810.954341906593,55.77266702312045,24297.579250007402,101.10559566787003
1777174182,256,GET,point_read,14.300000,0.000000,370,420,460,490,580,890,1100,1200,1200,1200,1200,2765,63,280,858.9665949704507,57.25770798744634,24356.25208300189,97.92115732368897
1777174182,256,GET,trips_per_route,2.400000,0.000000,3200,3500,3600,3700,4000,4200,4400,4400,4400,4400,4400,294,7,2300,2960.300275638678,95.39404200040735,22793.457916995976,1168.1258503401361
1777174182,256,,Aggregated,34.800000,0.000000,410,510,810,1100,3800,37000,38000,38000,40000,40000,40000,5957,129,320,3092.83215335274,55.58612497407012,67715.17833400867,38292.57243578983
1777174183,256,GET,bulk_update_departures,1.800000,0.000000,420,480,630,670,700,790,790,790,790,790,790,302,5,300,717.4943141953978,55.58612497407012,24185.534749994986,119.86092715231788
1777174183,256,GET,large_scan,3.300000,0.000000,37000,37000,38000,38000,38000,39000,40000,40000,40000,40000,40000,390,9,37000,34704.990320208235,5271.973708004225,67715.17833400867,598356.7641025641
1777174183,256,GET,next_departures,13.000000,0.000000,380,410,440,480,700,920,1500,1700,1700,1700,1700,2223,45,290,809.5597100566916,55.77266702312045,24297.579250007402,101.05892937471884
1777174183,256,GET,point_read,14.300000,0.000000,360,410,440,460,570,750,890,890,1100,1100,1100,2777,63,280,856.9865924297345,57.25770798744634,24356.25208300189,97.85019805545552
1777174183,256,GET,trips_per_route,2.400000,0.000000,3100,3500,3600,3700,4200,4400,4400,4400,4400,4400,4400,294,7,2300,2960.300275638678,95.39404200040735,22793.457916995976,1168.1258503401361
1777174183,256,,Aggregated,34.800000,0.000000,400,480,660,950,36000,37000,38000,38000,40000,40000,40000,5986,129,320,3140.9055782558353,55.58612497407012,67715.17833400867,39130.495990644835
1777174184,256,GET,bulk_update_departures,1.700000,0.000000,420,480,630,670,700,790,790,790,790,790,790,302,5,300,717.4943141953978,55.58612497407012,24185.534749994986,119.86092715231788
1777174184,256,GET,large_scan,3.300000,0.000000,37000,37000,38000,38000,38000,39000,40000,40000,40000,40000,40000,394,9,37000,34720.54675223406,5271.973708004225,67715.17833400867,598500.0786802031
1777174184,256,GET,next_departures,14.500000,0.000000,380,420,470,510,710,890,960,990,1200,1200,1200,2234,45,290,809.3696367296252,55.77266702312045,24297.579250007402,100.98254252461952
1777174184,256,GET,point_read,14.300000,0.000000,370,420,450,530,790,890,950,1100,1200,1200,1200,2794,63,280,856.5087294535996,57.25770798744634,24356.25208300189,97.74910522548318
1777174184,256,GET,trips_per_route,2.500000,0.000000,3000,3200,3600,3600,4200,4400,4400,4400,4400,4400,4400,295,7,2300,2960.2461492805546,95.39404200040735,22793.457916995976,1168.1593220338982
1777174184,256,,Aggregated,36.300000,0.000000,400,530,790,920,36000,37000,38000,38000,40000,40000,40000,6019,129,320,3151.8638438033518,55.58612497407012,67715.17833400867,39323.56570858946
1777174185,256,GET,bulk_update_departures,1.500000,0.000000,410,420,630,630,670,790,790,790,790,790,790,302,5,300,717.4943141953978,55.58612497407012,24185.534749994986,119.86092715231788
1777174185,256,GET,large_scan,3.900000,0.000000,37000,37000,37000,38000,38000,39000,40000,40000,40000,40000,40000,402,9,37000,34758.32313008761,5271.973708004225,67715.17833400867,598778.1567164179
1777174185,256,GET,next_departures,13.800000,0.000000,380,420,470,550,750,910,990,1000,1200,1200,1200,2250,45,290,807.6019778688852,55.77266702312045,24297.579250007402,100.88088888888889
1777174185,256,GET,point_read,13.600000,0.000000,380,430,500,570,790,890,950,1100,1200,1200,1200,2811,63,280,855.019426586402,57.25770798744634,24356.25208300189,97.65172536463892
1777174185,256,GET,trips_per_route,2.200000,0.000000,3000,3200,3500,3600,3700,4200,4400,4400,4400,4400,4400,300,7,2300,2960.3911203992902,95.39404200040735,22793.457916995976,1168.3133333333333
1777174185,256,,Aggregated,35.000000,0.000000,420,580,840,1000,36000,37000,38000,38000,40000,40000,40000,6065,129,320,3181.8978690257904,55.58612497407012,67715.17833400867,39834.623577906015
1777174186,256,GET,bulk_update_departures,1.500000,0.000000,420,420,630,670,790,790,790,790,790,790,790,302,5,300,717.4943141953978,55.58612497407012,24185.534749994986,119.86092715231788
1777174186,256,GET,large_scan,3.900000,0.000000,37000,37000,37000,37000,38000,38000,40000,40000,40000,40000,40000,406,9,37000,34774.35503480093,5271.973708004225,67715.17833400867,598913.0738916256
1777174186,256,GET,next_departures,13.800000,0.000000,390,430,500,620,840,920,990,1000,1200,1200,1200,2253,45,290,807.6405015153267,55.77266702312045,24297.579250007402,100.86107412339103
1777174186,256,GET,point_read,13.600000,0.000000,400,440,550,660,840,920,1100,1100,1200,1200,1200,2816,63,280,855.0989240974329,57.25770798744634,24356.25208300189,97.62286931818181
1777174186,256,GET,trips_per_route,2.200000,0.000000,2900,3100,3500,3500,3700,4400,4400,4400,4400,4400,4400,302,7,2300,2962.1024997047202,95.39404200040735,22793.457916995976,1168.3774834437086
1777174186,256,,Aggregated,35.000000,0.000000,430,670,890,1200,36000,37000,38000,38000,40000,40000,40000,6079,129,320,3200.7236391017364,55.58612497407012,67715.17833400867,40146.38953775292
1777174187,256,GET,bulk_update_departures,1.100000,0.000000,420,630,670,790,1600,1600,1600,1600,1600,1600,1600,303,5,300,720.4990326303977,55.58612497407012,24185.534749994986,119.82508250825083
1777174187,256,GET,large_scan,4.700000,0.000000,37000,37000,37000,37000,38000,38000,40000,40000,40000,40000,40000,408,9,37000,34785.2050149196,5271.973708004225,67715.17833400867,598979.5318627451
1777174187,256,GET,next_departures,14.000000,0.000000,430,620,750,870,1200,1300,1500,1600,1600,1600,1600,2276,45,290,810.4946394069135,55.77266702312045,24297.579250007402,100.71616871704745
1777174187,256,GET,point_read,15.000000,0.000000,430,580,780,870,1100,1300,1500,1600,1600,1600,1600,2836,63,280,857.2079961820846,57.25770798744634,24356.25208300189,97.50916784203103
1777174187,256,GET,trips_per_route,2.400000,0.000000,2900,3000,3200,3500,3700,3700,4400,4400,4400,4400,4400,303,7,2300,2960.5340060291746,95.39404200040735,22793.457916995976,1168.4059405940593
1777174187,256,,Aggregated,37.200000,0.000000,550,860,1200,1500,36000,37000,37000,38000,40000,40000,40000,6126,129,330,3196.7751115350334,55.58612497407012,67715.17833400867,40039.13630427685
1777174188,256,GET,bulk_update_departures,1.100000,0.000000,420,420,430,670,1600,1600,1600,1600,1600,1600,1600,304,5,300,719.5543773684078,55.58612497407012,24185.534749994986,119.78947368421052
1777174188,256,GET,large_scan,4.900000,0.000000,37000,37000,37000,37000,38000,39000,40000,40000,40000,40000,40000,408,9,37000,34785.2050149196,5271.973708004225,67715.17833400867,598979.5318627451
1777174188,256,GET,next_departures,13.500000,0.000000,510,660,750,890,1200,1300,1500,1600,1600,1600,1600,2294,45,300,808.5259826535023,55.77266702312045,24297.579250007402,100.602877070619
1777174188,256,GET,point_read,14.800000,0.000000,500,660,780,860,1100,1300,1500,1600,1600,1600,1600,2858,63,290,854.9930213738165,57.25770798744634,24356.25208300189,97.38418474457663
1777174188,256,GET,trips_per_route,2.400000,0.000000,2900,2900,3500,3500,3700,3700,3700,3700,3700,3700,3700,303,7,2300,2960.5340060291746,95.39404200040735,22793.457916995976,1168.4059405940593
1777174188,256,,Aggregated,36.700000,0.000000,570,830,1100,1300,36000,37000,37000,38000,40000,40000,40000,6167,129,330,3179.2571169008565,55.58612497407012,67715.17833400867,39773.503972758226
1777174189,256,GET,bulk_update_departures,1.100000,0.000000,420,420,430,440,1600,1600,1600,1600,1600,1600,1600,307,5,300,716.253287771983,55.58612497407012,24185.534749994986,119.67752442996742
1777174189,256,GET,large_scan,4.700000,0.000000,37000,37000,37000,37000,37000,38000,39000,39000,39000,39000,39000,408,9,37000,34785.2050149196,5271.973708004225,67715.17833400867,598979.5318627451
1777174189,256,GET,next_departures,14.000000,0.000000,500,660,750,850,1200,1300,1500,1600,1600,1600,1600,2313,45,300,805.5469388954141,55.77266702312045,24297.579250007402,100.4863813229572
1777174189,256,GET,point_read,15.700000,0.000000,510,670,800,890,1100,1300,1500,1600,1600,1600,1600,2880,63,290,852.1227751306767,57.25770798744634,24356.25208300189,97.26215277777777
1777174189,256,GET,trips_per_route,2.000000,0.000000,2900,2900,3500,3500,3500,3700,3700,3700,3700,3700,3700,303,7,2300,2960.5340060291746,95.39404200040735,22793.457916995976,1168.4059405940593
1777174189,256,,Aggregated,37.500000,0.000000,560,800,1000,1200,35000,37000,37000,37000,39000,39000,39000,6211,129,330,3159.9804977139793,55.58612497407012,67715.17833400867,39492.3453550153
1777174190,256,GET,bulk_update_departures,1.100000,0.000000,420,420,430,440,1600,1600,1600,1600,1600,1600,1600,307,5,300,716.253287771983,55.58612497407012,24185.534749994986,119.67752442996742
1777174190,256,GET,large_scan,4.300000,0.000000,37000,37000,37000,37000,38000,38000,39000,39000,39000,39000,39000,414,9,37000,34815.631806572856,5271.973708004225,67715.17833400867,599175.0821256039
1777174190,256,GET,next_departures,14.000000,0.000000,510,670,780,840,1200,1300,1500,1600,1600,1600,1600,2322,45,300,804.2677685715263,55.77266702312045,24297.579250007402,100.43109388458225
1777174190,256,GET,point_read,16.200000,0.000000,520,680,810,890,1100,1300,1500,1600,1600,1600,1600,2898,63,290,849.5922330784385,57.25770798744634,24356.25208300189,97.16425120772946
1777174190,256,GET,trips_per_route,1.500000,0.000000,2900,3200,3500,3500,3500,3700,3700,3700,3700,3700,3700,304,7,2300,2961.421826598158,95.39404200040735,22793.457916995976,1168.4342105263158
1777174190,256,,Aggregated,37.100000,0.000000,570,810,1100,1200,36000,37000,37000,38000,39000,39000,39000,6245,129,330,3180.6984167553974,55.58612497407012,67715.17833400867,39866.32698158527
1777174191,256,GET,bulk_update_departures,1.100000,0.000000,420,420,430,440,1600,1600,1600,1600,1600,1600,1600,308,5,300,714.8478418993446,55.58612497407012,24185.534749994986,119.64285714285714
1777174191,256,GET,large_scan,4.000000,0.000000,37000,37000,37000,38000,38000,38000,40000,40000,40000,40000,40000,421,9,37000,34865.50534600756,5271.973708004225,67715.17833400867,599396.1543942993
1777174191,256,GET,next_departures,13.800000,0.000000,520,690,790,850,1200,1300,1500,1600,1600,1600,1600,2342,45,300,801.0302996358347,55.77266702312045,24297.579250007402,100.3129803586678
1777174191,256,GET,point_read,16.900000,0.000000,530,680,800,890,1100,1300,1500,1600,1600,1600,1600,2914,63,290,846.7393506940115,57.25770798744634,24356.25208300189,97.07858613589568
1777174191,256,GET,trips_per_route,1.500000,0.000000,3000,3200,3500,3500,3700,3800,3800,3800,3800,3800,3800,308,7,2300,2963.745518515715,95.39404200040735,22793.457916995976,1168.5551948051948
1777174191,256,,Aggregated,37.300000,0.000000,610,850,1200,1300,36000,37000,38000,38000,40000,40000,40000,6293,129,330,3202.7325497134207,55.58612497407012,67715.17833400867,40244.77451136183
1777174192,256,GET,bulk_update_departures,0.900000,0.000000,410,420,430,430,440,1600,1600,1600,1600,1600,1600,309,5,300,713.4852548997131,55.58612497407012,24185.534749994986,119.6084142394822
1777174192,256,GET,large_scan,3.900000,0.000000,37000,37000,38000,38000,38000,39000,40000,40000,40000,40000,40000,425,9,37000,34894.35317853695,5271.973708004225,67715.17833400867,599519.2329411765
1777174192,256,GET,next_departures,14.300000,0.000000,450,630,750,810,1200,1300,1500,1600,1600,1600,1600,2367,45,300,795.4319384229432,55.77266702312045,24297.579250007402,100.1651880016899
1777174192,256,GET,point_read,16.700000,0.000000,520,670,780,880,1100,1300,1500,1600,1600,1600,1600,2933,63,290,843.1383719752092,57.25770798744634,24356.25208300189,96.97920218206615
1777174192,256,GET,trips_per_route,1.200000,0.000000,3100,3300,3500,3500,3700,3800,3800,3800,3800,3800,3800,310,7,2300,2965.640270276908,95.39404200040735,22793.457916995976,1168.6096774193547
1777174192,256,,Aggregated,37.000000,0.000000,550,790,1100,1200,3800,37000,38000,38000,40000,40000,40000,6344,129,330,3203.913583177573,55.58612497407012,67715.17833400867,40308.39107818411
1777174193,256,GET,bulk_update_departures,0.600000,0.000000,340,370,430,440,1600,1600,1600,1600,1600,1600,1600,312,5,300,709.0590402403905,55.58612497407012,24185.534749994986,119.5
1777174193,256,GET,large_scan,4.300000,0.000000,37000,38000,38000,38000,38000,39000,40000,40000,40000,40000,40000,435,9,37000,34958.89581868324,5271.973708004225,67715.17833400867,599816.9885057472
1777174193,256,GET,next_departures,14.800000,0.000000,390,520,670,750,1100,1300,1500,1600,1600,1600,1600,2387,45,300,791.0615921290917,55.77266702312045,24297.579250007402,100.05194805194805
1777174193,256,GET,point_read,16.100000,0.000000,420,540,680,760,1100,1300,1500,1600,1600,1600,1600,2955,63,290,838.7170026376456,57.25770798744634,24356.25208300189,96.8653130287648
1777174193,256,GET,trips_per_route,1.500000,0.000000,3000,3300,3500,3500,3700,3800,3800,3800,3800,3800,3800,312,7,2300,2963.774381525115,95.39404200040735,22793.457916995976,1168.6666666666667
1777174193,256,,Aggregated,37.300000,0.000000,480,740,1100,1300,36000,37000,38000,39000,40000,40000,40000,6401,129,330,3236.9499253123745,55.58612497407012,67715.17833400867,40907.25808467427
1777174194,256,GET,bulk_update_departures,0.600000,0.000000,340,340,430,430,440,1600,1600,1600,1600,1600,1600,314,5,300,706.5333263408378,55.58612497407012,24185.534749994986,119.43312101910828
1777174194,256,GET,large_scan,4.400000,0.000000,37000,38000,38000,38000,39000,39000,39000,40000,40000,40000,40000,453,9,37000,35066.1509288129,5271.973708004225,67715.17833400867,600319.8432671082
1777174194,256,GET,next_departures,14.500000,0.000000,350,480,580,710,1100,1300,1500,1600,1600,1600,1600,2404,45,300,787.570765718017,55.77266702312045,24297.579250007402,99.9571547420965
1777174194,256,GET,point_read,16.500000,0.000000,340,450,580,670,1100,1300,1500,1600,1600,1600,1600,2981,63,290,833.9191247065593,57.25770798744634,24356.25208300189,96.73230459577323
1777174194,256,GET,trips_per_route,1.600000,0.000000,3000,3200,3300,3500,3500,3800,3800,3800,3800,3800,3800,313,7,2300,2962.194296171998,95.39404200040735,22793.457916995976,1168.6932907348244
1777174194,256,,Aggregated,37.600000,0.000000,390,660,1000,1300,37000,38000,38000,39000,40000,40000,40000,6465,129,330,3312.1759754774216,55.58612497407012,67715.17833400867,42208.32915699923
1777174195,256,GET,bulk_update_departures,0.600000,0.000000,340,370,430,440,470,1600,1600,1600,1600,1600,1600,315,5,300,705.7896406476623,55.58612497407012,24185.534749994986,119.4
1777174195,256,GET,large_scan,4.400000,0.000000,38000,38000,38000,38000,39000,39000,40000,40000,40000,40000,40000,454,9,37000,35072.43872926483,5271.973708004225,67715.17833400867,600346.601321586
1777174195,256,GET,next_departures,14.500000,0.000000,360,500,590,710,1100,1300,1500,1600,1600,1600,1600,2422,45,300,785.9385565124226,55.77266702312045,24297.579250007402,99.85631709331132
1777174195,256,GET,point_read,16.500000,0.000000,360,480,560,660,1000,1200,1500,1600,1600,1600,1600,3005,63,290,831.4494327647834,57.25770798744634,24356.25208300189,96.60998336106489
1777174195,256,GET,trips_per_route,1.600000,0.000000,3000,3100,3300,3500,3500,3800,3800,3800,3800,3800,3800,315,7,2300,2962.9799856916106,95.39404200040735,22793.457916995976,1168.752380952381
1777174195,256,,Aggregated,37.600000,0.000000,400,610,780,1200,37000,38000,38000,39000,40000,40000,40000,6511,129,330,3299.1243042104784,55.58612497407012,67715.17833400867,42005.11288588543
1777174196,256,GET,bulk_update_departures,1.200000,0.000000,340,340,430,430,440,470,470,470,470,470,470,315,5,300,705.7896406476623,55.58612497407012,24185.534749994986,119.4
1777174196,256,GET,large_scan,5.900000,0.000000,38000,38000,38000,38000,39000,39000,39000,40000,40000,40000,40000,462,9,37000,35118.66571492261,5271.973708004225,67715.17833400867,600556.577922078
1777174196,256,GET,next_departures,17.000000,0.000000,350,430,520,580,740,940,1100,1200,1300,1300,1300,2435,45,300,785.3838004271172,55.77266702312045,24297.579250007402,99.78439425051334
1777174196,256,GET,point_read,18.700000,0.000000,370,450,530,580,760,940,1000,1200,1300,1300,1300,3028,63,290,830.5746834412423,57.25770798744634,24356.25208300189,96.49669749009247
1777174196,256,GET,trips_per_route,1.800000,0.000000,3000,3100,3200,3300,3500,3800,3800,3800,3800,3800,3800,315,7,2300,2962.9799856916106,95.39404200040735,22793.457916995976,1168.752380952381
1777174196,256,,Aggregated,44.600000,0.000000,400,550,730,920,37000,38000,38000,39000,40000,40000,40000,6555,129,330,3326.907046238183,55.58612497407012,67715.17833400867,42471.10205949657
1777174197,256,GET,bulk_update_departures,1.300000,0.000000,290,340,370,370,440,470,470,470,470,470,470,316,5,300,704.325706129831,55.58612497407012,24185.534749994986,119.36392405063292
1777174197,256,GET,large_scan,5.200000,0.000000,38000,38000,38000,38000,39000,39000,40000,40000,40000,40000,40000,472,9,37000,35176.89272034585,5271.973708004225,67715.17833400867,600809.0275423729
1777174197,256,GET,next_departures,17.600000,0.000000,350,420,490,520,720,940,1200,1500,1500,1500,1500,2465,45,300,781.9212831809227,55.77266702312045,24297.579250007402,99.62150101419878
1777174197,256,GET,point_read,19.500000,0.000000,360,430,480,530,760,960,1200,1300,1400,1400,1400,3050,63,290,828.0567110665941,57.25770798744634,24356.25208300189,96.39049180327869
1777174197,256,GET,trips_per_route,1.500000,0.000000,3000,3100,3200,3300,3500,3800,3800,3800,3800,3800,3800,317,7,2300,2958.640781390699,95.39404200040735,22793.457916995976,1168.8107255520504
1777174197,256,,Aggregated,45.100000,0.000000,390,520,740,1000,37000,38000,39000,39000,40000,40000,40000,6620,129,340,3356.0360040234555,55.58612497407012,67715.17833400867,42980.30981873112
1777174198,256,GET,bulk_update_departures,1.300000,0.000000,280,300,300,340,440,470,470,470,470,470,470,320,5,300,698.6713711345146,55.58612497407012,24185.534749994986,119.228125
1777174198,256,GET,large_scan,5.500000,0.000000,38000,38000,38000,38000,39000,39000,40000,41000,41000,41000,41000,483,9,37000,35236.326506224075,5271.973708004225,67715.17833400867,601074.6728778468
1777174198,256,GET,next_departures,18.000000,0.000000,350,420,490,520,710,810,1200,1500,1500,1500,1500,2496,45,300,777.0946993024993,55.77266702312045,24297.579250007402,99.45472756410257
1777174198,256,GET,point_read,21.000000,0.000000,340,450,530,550,730,930,1100,1300,1400,1400,1400,3093,63,300,822.59186485613,57.25770798744634,24356.25208300189,96.18299385709668
1777174198,256,GET,trips_per_route,1.300000,0.000000,3000,3100,3200,3200,3500,3800,3800,3800,3800,3800,3800,319,7,2300,2952.883733648403,95.39404200040735,22793.457916995976,1168.8683385579936
1777174198,256,,Aggregated,47.100000,0.000000,410,540,730,1000,37000,38000,39000,39000,41000,41000,41000,6711,129,340,3377.8267709376005,55.58612497407012,67715.17833400867,43402.74504544777
1777174199,256,GET,bulk_update_departures,1.300000,0.000000,280,290,300,300,340,470,470,470,470,470,470,323,5,300,694.4134416069112,55.58612497407012,24185.534749994986,119.12693498452012
1777174199,256,GET,large_scan,6.100000,0.000000,38000,38000,38000,39000,39000,40000,41000,42000,42000,42000,42000,491,9,37000,35288.6839784566,5271.973708004225,67715.17833400867,601260.3727087576
1777174199,256,GET,next_departures,18.500000,0.000000,320,380,460,490,640,750,1100,1300,1500,1500,1500,2534,45,300,768.9196762703209,55.77266702312045,24297.579250007402,99.25848460931334
1777174199,256,GET,point_read,21.200000,0.000000,330,420,480,540,690,870,1100,1300,1400,1400,1400,3137,63,290,814.9592247507405,57.25770798744634,24356.25208300189,95.97672935926045
1777174199,256,GET,trips_per_route,1.500000,0.000000,3000,3100,3100,3200,3500,3800,3800,3800,3800,3800,3800,320,7,2300,2950.0892592182936,95.39404200040735,22793.457916995976,1168.896875
1777174199,256,,Aggregated,48.600000,0.000000,350,500,690,930,37000,38000,39000,40000,42000,42000,42000,6805,129,330,3379.873252861604,55.58612497407012,67715.17833400867,43524.46260102865
1777174200,256,GET,bulk_update_departures,1.500000,0.000000,250,280,300,300,340,470,470,470,470,470,470,327,5,300,688.1850032294802,55.58612497407012,24185.534749994986,119.00305810397553
1777174200,256,GET,large_scan,7.400000,0.000000,38000,38000,39000,39000,41000,42000,43000,44000,44000,44000,44000,503,9,37000,35406.70994774585,5271.973708004225,67715.17833400867,601527.8628230616
1777174200,256,GET,next_departures,19.400000,0.000000,290,360,420,470,580,720,960,1100,1500,1500,1500,2567,45,300,761.4719757027391,55.77266702312045,24297.579250007402,99.09661082976237
1777174200,256,GET,point_read,22.500000,0.000000,300,370,450,490,640,830,960,1200,1400,1400,1400,3173,63,290,807.9188539121221,57.25770798744634,24356.25208300189,95.81437125748504
1777174200,256,GET,trips_per_route,1.600000,0.000000,2300,2500,3000,3000,3100,3500,3500,3500,3500,3500,3500,324,7,2300,2940.629470138469,95.39404200040735,22793.457916995976,1169.0030864197531
1777174200,256,,Aggregated,52.400000,0.000000,330,470,590,760,37000,38000,39000,42000,44000,44000,44000,6894,129,330,3409.57363405704,55.58612497407012,67715.17833400867,44030.25616478097
1777174201,256,GET,bulk_update_departures,1.700000,0.000000,240,260,280,290,300,340,470,470,470,470,470,334,5,290,677.669339613835,55.58612497407012,24185.534749994986,118.77544910179641
1777174201,256,GET,large_scan,8.000000,0.000000,38000,38000,39000,39000,41000,42000,43000,44000,44000,44000,44000,510,9,37000,35434.48250647102,5271.973708004225,67715.17833400867,601678.0921568627
1777174201,256,GET,next_departures,21.900000,0.000000,280,350,400,460,580,710,960,1100,1500,1500,1500,2602,45,300,753.8328678596712,55.77266702312045,24297.579250007402,98.92544196771713
1777174201,256,GET,point_read,25.200000,0.000000,280,340,430,470,620,830,960,1200,1400,1400,1400,3214,63,290,799.6967258746255,57.25770798744634,24356.25208300189,95.63036714374611
1777174201,256,GET,trips_per_route,1.600000,0.000000,2200,2200,2300,2400,3000,3000,3100,3100,3100,3100,3100,332,7,2300,2911.2339972074637,95.39404200040735,22793.457916995976,1169.198795180723
1777174201,256,,Aggregated,58.400000,0.000000,310,450,580,740,37000,38000,39000,42000,44000,44000,44000,6992,129,330,3403.340349533197,55.58612497407012,67715.17833400867,44028.66590389016
1777174202,256,GET,bulk_update_departures,1.900000,0.000000,210,240,300,300,340,370,470,470,470,470,470,340,5,290,669.5708532323753,55.58612497407012,24185.534749994986,118.59411764705882
1777174202,256,GET,large_scan,8.700000,0.000000,38000,38000,39000,39000,41000,42000,43000,44000,44000,44000,44000,517,9,37000,35448.72642571421,5271.973708004225,67715.17833400867,601824.243713733
1777174202,256,GET,next_departures,23.800000,0.000000,260,330,400,450,580,710,940,1100,1500,1500,1500,2635,45,290,747.1003971555213,55.77266702312045,24297.579250007402,98.76888045540797
1777174202,256,GET,point_read,27.100000,0.000000,260,340,420,470,620,740,940,1100,1400,1400,1400,3262,63,280,791.1585446058185,57.25770798744634,24356.25208300189,95.42244022072349
1777174202,256,GET,trips_per_route,1.800000,0.000000,2100,2200,2300,2300,2500,3000,3100,3100,3100,3100,3100,339,7,2300,2893.71988111451,95.39404200040735,22793.457916995976,1169.3746312684366
1777174202,256,,Aggregated,63.300000,0.000000,300,440,560,730,37000,38000,39000,41000,44000,44000,44000,7093,129,330,3395.599240222775,55.58612497407012,67715.17833400867,44008.3741717186
1777174203,256,GET,bulk_update_departures,2.300000,0.000000,210,240,260,270,300,370,470,470,470,470,470,345,5,290,663.1308068086872,55.58612497407012,24185.534749994986,118.4463768115942
1777174203,256,GET,large_scan,8.800000,0.000000,37000,38000,39000,39000,41000,42000,43000,44000,44000,44000,44000,528,9,37000,35480.70912952315,5271.973708004225,67715.17833400867,602046.1041666666
1777174203,256,GET,next_departures,25.200000,0.000000,230,310,380,440,550,710,940,1100,1500,1500,1500,2673,45,290,739.3044050560541,55.77266702312045,24297.579250007402,98.59408903853348
1777174203,256,GET,point_read,29.700000,0.000000,230,320,420,470,610,740,940,1100,1400,1400,1400,3296,63,280,785.0729877639947,57.25770798744634,24356.25208300189,95.27912621359224
1777174203,256,GET,trips_per_route,2.200000,0.000000,2100,2200,2300,2300,2600,3000,3100,3100,3100,3100,3100,343,7,2300,2885.9047548332574,95.39404200040735,22793.457916995976,1169.469387755102
1777174203,256,,Aggregated,68.200000,0.000000,260,420,540,690,36000,38000,39000,41000,44000,44000,44000,7185,129,320,3412.139335007665,55.58612497407012,67715.17833400867,44384.1220598469
1777174204,256,GET,bulk_update_departures,3.100000,0.000000,210,240,260,300,310,380,470,470,470,470,470,349,5,280,657.8946397307077,55.58612497407012,24185.534749994986,118.32664756446991
1777174204,256,GET,large_scan,8.900000,0.000000,37000,38000,39000,39000,41000,42000,44000,45000,45000,45000,45000,536,9,37000,35520.99485007143,5271.973708004225,67715.17833400867,602201.723880597
1777174204,256,GET,next_departures,26.300000,0.000000,210,260,310,360,480,580,940,1100,1500,1500,1500,2708,45,290,731.724186779076,55.77266702312045,24297.579250007402,98.43722304283604
1777174204,256,GET,point_read,32.500000,0.000000,210,260,330,400,550,690,940,1100,1400,1400,1400,3339,63,280,777.2627032192933,57.25770798744634,24356.25208300189,95.0994309673555
1777174204,256,GET,trips_per_route,2.700000,0.000000,2100,2200,2300,2300,2600,3000,3100,3100,3100,3100,3100,350,7,2300,2867.361082476647,95.39404200040735,22793.457916995976,1169.6342857142856
1777174204,256,,Aggregated,73.500000,0.000000,230,340,480,610,36000,37000,39000,42000,45000,45000,45000,7282,129,320,3412.4174830566026,55.58612497407012,67715.17833400867,44467.85182642131
1777174205,256,GET,bulk_update_departures,3.200000,0.000000,200,220,240,260,300,370,380,380,380,380,380,355,5,270,649.6359718761007,55.58612497407012,24185.534749994986,118.15211267605633
1777174205,256,GET,large_scan,9.600000,0.000000,37000,38000,38000,39000,42000,42000,44000,45000,45000,45000,45000,541,9,37000,35532.92197337761,5271.973708004225,67715.17833400867,602296.6561922366
1777174205,256,GET,next_departures,28.000000,0.000000,210,240,290,330,440,530,640,1100,1500,1500,1500,2738,45,290,726.257628076973,55.77266702312045,24297.579250007402,98.3082542001461
1777174205,256,GET,point_read,32.800000,0.000000,200,230,270,310,470,590,690,1100,1400,1400,1400,3380,63,280,770.3760181110287,57.25770798744634,24356.25208300189,94.93491124260355
1777174205,256,GET,trips_per_route,3.100000,0.000000,2100,2100,2200,2300,2400,2500,2600,2600,2600,2600,2600,360,7,2200,2844.8970599273807,95.39404200040735,22793.457916995976,1169.861111111111
1777174205,256,,Aggregated,76.700000,0.000000,220,300,420,540,2500,37000,39000,41000,45000,45000,45000,7374,129,320,3399.845243568927,55.58612497407012,67715.17833400867,44330.8425549227
1777174206,256,GET,bulk_update_departures,3.500000,0.000000,200,220,240,300,330,370,460,460,460,460,460,361,5,270,643.6108864737911,55.58612497407012,24185.534749994986,117.99445983379502
1777174206,256,GET,large_scan,8.400000,0.000000,37000,38000,38000,39000,42000,42000,44000,45000,45000,45000,45000,546,9,37000,35544.8831859218,5271.973708004225,67715.17833400867,602389.8498168498
1777174206,256,GET,next_departures,29.600000,0.000000,210,230,260,290,380,450,540,610,760,760,760,2777,45,290,719.8199190406445,55.77266702312045,24297.579250007402,98.14079942383867
1777174206,256,GET,point_read,34.100000,0.000000,200,230,260,280,410,550,640,690,860,860,860,3428,63,280,763.2049665412637,57.25770798744634,24356.25208300189,94.7467911318553
1777174206,256,GET,trips_per_route,3.400000,0.000000,2100,2100,2200,2200,2400,2500,2600,2600,2600,2600,2600,365,7,2200,2834.1553715474693,95.39404200040735,22793.457916995976,1169.972602739726
1777174206,256,,Aggregated,79.000000,0.000000,220,270,350,450,2200,37000,38000,41000,45000,45000,45000,7477,129,320,3382.308813778862,55.58612497407012,67715.17833400867,44131.579911729306
1777174207,256,GET,bulk_update_departures,3.800000,0.000000,210,240,270,290,330,370,460,460,460,460,460,366,5,270,638.6603424890963,55.58612497407012,24185.534749994986,117.86338797814207
1777174207,256,GET,large_scan,8.600000,0.000000,37000,37000,38000,38000,42000,42000,44000,45000,45000,45000,45000,550,9,37000,35557.03216790236,5271.973708004225,67715.17833400867,602463.1854545454
1777174207,256,GET,next_departures,30.900000,0.000000,210,230,260,280,350,390,440,470,510,510,510,2806,45,290,715.5312102529613,55.77266702312045,24297.579250007402,98.02173913043478
1777174207,256,GET,point_read,36.600000,0.000000,200,230,260,270,330,370,490,660,860,860,860,3469,63,280,757.7079105077389,57.25770798744634,24356.25208300189,94.59123666762756
1777174207,256,GET,trips_per_route,4.300000,0.000000,2000,2100,2200,2200,2300,2500,2600,2600,2600,2600,2600,368,7,2200,2827.418753026707,95.39404200040735,22793.457916995976,1170.0353260869565
1777174207,256,,Aggregated,84.200000,0.000000,220,260,320,350,2100,37000,38000,41000,45000,45000,45000,7559,129,320,3369.0801423908383,55.58612497407012,67715.17833400867,43978.257573753144
1777174208,256,GET,bulk_update_departures,4.200000,0.000000,210,240,270,310,340,370,460,460,460,460,460,368,5,280,636.9795908532345,55.58612497407012,24185.534749994986,117.8125
1777174208,256,GET,large_scan,8.500000,0.000000,37000,37000,38000,39000,42000,42000,44000,45000,45000,45000,45000,556,9,37000,35589.68213296459,5271.973708004225,67715.17833400867,602571.2068345323
1777174208,256,GET,next_departures,33.500000,0.000000,210,230,250,260,350,400,440,470,640,640,640,2830,45,290,711.8520578515017,55.77266702312045,24297.579250007402,97.92544169611307
1777174208,256,GET,point_read,38.900000,0.000000,200,230,260,280,350,410,490,630,790,790,790,3510,63,280,752.5613952186301,57.25770798744634,24356.25208300189,94.44074074074074
1777174208,256,GET,trips_per_route,4.800000,0.000000,2100,2100,2200,2200,2400,2500,2600,2600,2600,2600,2600,369,7,2200,2825.643680075456,95.39404200040735,22793.457916995976,1170.0569105691056
1777174208,256,,Aggregated,89.900000,0.000000,220,260,330,380,2100,37000,38000,41000,45000,45000,45000,7633,129,320,3369.706025710383,55.58612497407012,67715.17833400867,44034.23463906721
1777174209,256,GET,bulk_update_departures,4.800000,0.000000,210,270,320,330,380,400,460,460,460,460,460,372,5,280,634.3342168923995,55.58612497407012,24185.534749994986,117.70698924731182
1777174209,256,GET,large_scan,8.100000,0.000000,37000,37000,38000,38000,40000,42000,44000,45000,45000,45000,45000,560,9,37000,35606.49826616666,5271.973708004225,67715.17833400867,602641.9178571429
1777174209,256,GET,next_departures,34.300000,0.000000,220,240,280,340,400,440,480,510,710,710,710,2861,45,290,708.4243322316686,55.77266702312045,24297.579250007402,97.80286613072353
1777174209,256,GET,point_read,41.300000,0.000000,210,240,280,320,410,470,510,630,790,790,790,3536,63,280,750.0338530846725,57.25770798744634,24356.25208300189,94.34671945701358
1777174209,256,GET,trips_per_route,4.800000,0.000000,2000,2100,2200,2200,2400,2500,2600,2600,2600,2600,2600,376,7,2200,2811.812713842726,95.39404200040735,22793.457916995976,1170.2021276595744
1777174209,256,,Aggregated,93.300000,0.000000,220,300,380,430,2100,37000,38000,39000,45000,45000,45000,7705,129,320,3362.9817854853263,55.58612497407012,67715.17833400867,43942.463465282286
1777174210,256,GET,bulk_update_departures,4.800000,0.000000,260,320,330,360,400,420,460,460,460,460,460,377,5,290,630.5960152995777,55.58612497407012,24185.534749994986,117.58355437665783
1777174210,256,GET,large_scan,7.300000,0.000000,37000,37000,38000,38000,39000,41000,41000,45000,45000,45000,45000,567,9,37000,35640.642211439765,5271.973708004225,67715.17833400867,602763.2857142857
1777174210,256,GET,next_departures,33.400000,0.000000,230,270,330,350,410,450,500,560,710,710,710,2885,45,290,705.3470261895139,55.77266702312045,24297.579250007402,97.7105719237435
1777174210,256,GET,point_read,41.900000,0.000000,220,280,330,350,410,480,520,630,790,790,790,3567,63,280,746.5925667607193,57.25770798744634,24356.25208300189,94.23661340061676
1777174210,256,GET,trips_per_route,4.900000,0.000000,2100,2200,2200,2300,2400,2500,2600,2600,2600,2600,2600,379,7,2200,2808.138729297798,95.39404200040735,22793.457916995976,1170.263852242744
1777174210,256,,Aggregated,92.300000,0.000000,250,330,390,430,2100,37000,37000,38000,45000,45000,45000,7775,129,320,3370.8405487138857,55.58612497407012,67715.17833400867,44099.379935691315
1777174211,256,GET,bulk_update_departures,4.700000,0.000000,280,330,350,380,400,430,890,890,890,890,890,381,5,290,628.3162433777513,55.58612497407012,24185.534749994986,117.48556430446195
1777174211,256,GET,large_scan,6.800000,0.000000,37000,37000,38000,38000,39000,41000,41000,45000,45000,45000,45000,570,9,37000,35650.08771763924,5271.973708004225,67715.17833400867,602814.3789473685
1777174211,256,GET,next_departures,32.200000,0.000000,240,300,340,350,410,450,500,560,710,710,710,2907,45,290,702.3100515052415,55.77266702312045,24297.579250007402,97.62710698314413
1777174211,256,GET,point_read,39.900000,0.000000,240,300,330,350,410,480,520,550,790,790,790,3601,63,280,742.1461083286778,57.25770798744634,24356.25208300189,94.11746737017495
1777174211,256,GET,trips_per_route,5.400000,0.000000,2100,2200,2300,2400,2400,2500,2600,2600,2600,2600,2600,381,7,2200,2803.7646199366336,95.39404200040735,22793.457916995976,1170.3044619422571
1777174211,256,,Aggregated,89.000000,0.000000,260,340,390,430,2100,37000,37000,39000,45000,45000,45000,7840,129,320,3359.981666300322,55.58612497407012,67715.17833400867,43969.07691326531
1777174212,256,GET,bulk_update_departures,4.800000,0.000000,300,330,360,380,420,460,890,890,890,890,890,383,5,290,626.6938529632208,55.58612497407012,24185.534749994986,117.44125326370757
1777174212,256,GET,large_scan,6.600000,0.000000,37000,38000,38000,38000,40000,41000,45000,45000,45000,45000,45000,574,9,37000,35664.66800967661,5271.973708004225,67715.17833400867,602881.6881533101
1777174212,256,GET,next_departures,31.100000,0.000000,250,320,350,370,430,460,510,560,710,710,710,2933,45,290,698.6468268761583,55.77266702312045,24297.579250007402,97.52915103989089
1777174212,256,GET,point_read,39.000000,0.000000,250,320,350,360,420,480,510,550,790,790,790,3644,63,280,736.863961422826,57.25770798744634,24356.25208300189,93.96953896816684
1777174212,256,GET,trips_per_route,5.700000,0.000000,2100,2200,2200,2400,2400,2600,2600,2600,2600,2600,2600,383,7,2200,2802.039045553187,95.39404200040735,22793.457916995976,1170.33681462141
1777174212,256,,Aggregated,87.200000,0.000000,280,350,390,430,1900,37000,38000,39000,45000,45000,45000,7917,129,320,3349.6258123454318,55.58612497407012,67715.17833400867,43851.93709738537
1777174213,256,GET,bulk_update_departures,4.900000,0.000000,330,340,370,380,420,460,890,890,890,890,890,387,5,290,623.3358324132529,55.58612497407012,24185.534749994986,117.34625322997417
1777174213,256,GET,large_scan,5.900000,0.000000,37000,38000,38000,38000,39000,41000,41000,41000,41000,41000,41000,581,9,37000,35691.22902584061,5271.973708004225,67715.17833400867,602997.2237521515
1777174213,256,GET,next_departures,31.100000,0.000000,280,330,350,370,430,470,510,560,710,710,710,2956,45,290,695.1379575936658,55.77266702312045,24297.579250007402,97.44485791610285
1777174213,256,GET,point_read,38.900000,0.000000,260,330,350,370,430,480,520,550,790,790,790,3677,63,280,732.5818456072151,57.25770798744634,24356.25208300189,93.85613271688877
1777174213,256,GET,trips_per_route,5.100000,0.000000,2100,2200,2200,2400,2400,2500,2600,2600,2600,2600,2600,385,7,2200,2799.2480772438566,95.39404200040735,22793.457916995976,1170.374025974026
1777174213,256,,Aggregated,85.900000,0.000000,300,350,400,430,2000,37000,38000,39000,41000,41000,41000,7986,129,320,3356.3832694516504,55.58612497407012,67715.17833400867,44010.83771600301
1777174214,256,GET,bulk_update_departures,4.400000,0.000000,330,350,380,390,420,460,890,890,890,890,890,388,5,290,621.9489450668334,55.58612497407012,24185.534749994986,117.3221649484536
1777174214,256,GET,large_scan,6.000000,0.000000,37000,38000,38000,39000,39000,41000,41000,41000,41000,41000,41000,584,9,37000,35698.74968531229,5271.973708004225,67715.17833400867,603045.9023972603
1777174214,256,GET,next_departures,30.100000,0.000000,280,330,350,370,430,470,510,560,710,710,710,2982,45,290,691.194896678704,55.77266702312045,24297.579250007402,97.35110663983903
1777174214,256,GET,point_read,37.700000,0.000000,280,330,350,370,420,480,510,540,640,640,640,3718,63,280,727.2182171209639,57.25770798744634,24356.25208300189,93.72081764389456
1777174214,256,GET,trips_per_route,4.400000,0.000000,2200,2300,2400,2400,2400,2600,2600,2600,2600,2600,2600,390,7,2200,2793.50345221763,95.39404200040735,22793.457916995976,1170.4615384615386
1777174214,256,,Aggregated,82.600000,0.000000,300,350,400,420,2000,37000,38000,39000,41000,41000,41000,8062,129,320,3342.0730422258603,55.58612497407012,67715.17833400867,43825.299305383276
1777174215,256,GET,bulk_update_departures,4.300000,0.000000,330,350,380,390,420,460,890,890,890,890,890,391,5,290,619.4824125573678,55.58612497407012,24185.534749994986,117.25831202046035
1777174215,256,GET,large_scan,5.100000,0.000000,38000,38000,38000,39000,40000,41000,41000,41000,41000,41000,41000,586,9,37000,35706.156402754976,5271.973708004225,67715.17833400867,603078.0784982935
1777174215,256,GET,next_departures,28.600000,0.000000,300,330,350,370,430,460,510,560,710,710,710,3012,45,290,687.1637034435439,55.77266702312045,24297.579250007402,97.24568393094289
1777174215,256,GET,point_read,39.000000,0.000000,300,330,350,370,430,480,510,540,640,640,640,3746,63,280,723.9156288707162,57.25770798744634,24356.25208300189,93.63027229044314
1777174215,256,GET,trips_per_route,4.100000,0.000000,2300,2400,2400,2500,2600,2600,2600,2600,2600,2600,2600,393,7,2200,2791.560554574703,95.39404200040735,22793.457916995976,1170.5165394402036
1777174215,256,,Aggregated,81.100000,0.000000,310,350,390,420,1900,37000,38000,39000,41000,41000,41000,8128,129,320,3327.34173151992,55.58612497407012,67715.17833400867,43621.21776574803
1777174216,256,GET,bulk_update_departures,3.900000,0.000000,330,370,380,390,420,430,890,890,890,890,890,394,5,290,617.2375353653017,55.58612497407012,24185.534749994986,117.19289340101523
1777174216,256,GET,large_scan,4.900000,0.000000,38000,38000,38000,39000,40000,41000,41000,41000,41000,41000,41000,590,9,37000,35715.898261253285,5271.973708004225,67715.17833400867,603141.7644067797
1777174216,256,GET,next_departures,27.800000,0.000000,300,330,350,360,410,450,500,560,710,710,710,3038,45,290,684.108755095772,55.77266702312045,24297.579250007402,97.15273206056617
1777174216,256,GET,point_read,38.700000,0.000000,300,340,360,380,420,470,490,540,640,640,640,3766,63,280,721.9222104574252,57.25770798744634,24356.25208300189,93.56505576208178
1777174216,256,GET,trips_per_route,3.900000,0.000000,2300,2400,2400,2500,2600,2600,2600,2600,2600,2600,2600,395,7,2200,2787.363488055306,95.39404200040735,22793.457916995976,1170.5518987341773
1777174216,256,,Aggregated,79.200000,0.000000,320,350,390,410,2000,37000,38000,39000,41000,41000,41000,8183,129,320,3325.6338241988105,55.58612497407012,67715.17833400867,43628.21691311255
1777174217,256,GET,bulk_update_departures,3.800000,0.000000,330,370,380,400,430,560,890,890,890,890,890,400,5,290,612.9176922322949,55.58612497407012,24185.534749994986,117.065
1777174217,256,GET,large_scan,4.500000,0.000000,38000,38000,38000,38000,39000,41000,41000,41000,41000,41000,41000,595,9,37000,35729.661538330096,5271.973708004225,67715.17833400867,603220.181512605
1777174217,256,GET,next_departures,27.600000,0.000000,300,330,350,370,420,450,510,570,1200,1200,1200,3049,45,290,683.0133983207361,55.77266702312045,24297.579250007402,97.11511971138079
1777174217,256,GET,point_read,36.400000,0.000000,300,330,360,380,430,480,560,610,1200,1200,1200,3792,63,280,719.349004823768,57.25770798744634,24356.25208300189,93.48206751054852
1777174217,256,GET,trips_per_route,3.300000,0.000000,2400,2400,2500,2500,2600,2600,2700,2700,2700,2700,2700,396,7,2200,2787.151537221845,95.39404200040735,22793.457916995976,1170.5681818181818
1777174217,256,,Aggregated,75.600000,0.000000,310,350,400,420,2000,37000,38000,39000,41000,41000,41000,8232,129,320,3330.698126665556,55.58612497407012,67715.17833400867,43741.128158406216
1777174218,256,GET,bulk_update_departures,3.700000,0.000000,330,370,390,400,430,560,890,890,890,890,890,401,5,290,612.4354296981095,55.58612497407012,24185.534749994986,117.04488778054863
1777174218,256,GET,large_scan,4.300000,0.000000,37000,38000,38000,38000,39000,39000,41000,41000,41000,41000,41000,598,9,37000,35737.59201458766,5271.973708004225,67715.17833400867,603266.602006689
1777174218,256,GET,next_departures,26.300000,0.000000,310,330,350,370,420,490,570,760,1200,1200,1200,3067,45,290,681.6269600785306,55.77266702312045,24297.579250007402,97.05347244864689
1777174218,256,GET,point_read,34.300000,0.000000,300,330,350,370,410,460,560,610,1200,1200,1200,3810,63,280,717.7577567245843,57.25770798744634,24356.25208300189,93.4262467191601
1777174218,256,GET,trips_per_route,3.200000,0.000000,2400,2500,2600,2600,2700,2700,2900,2900,2900,2900,2900,401,7,2200,2784.924000490891,95.39404200040735,22793.457916995976,1170.6608478802993
1777174218,256,,Aggregated,71.800000,0.000000,320,350,400,430,2300,37000,38000,38000,41000,41000,41000,8277,129,320,3329.5430827486716,55.58612497407012,67715.17833400867,43726.40026579679
1777174219,256,GET,bulk_update_departures,3.600000,0.000000,340,370,420,480,570,590,890,890,890,890,890,404,5,290,612.059951054323,55.58612497407012,24185.534749994986,116.98267326732673
1777174219,256,GET,large_scan,4.300000,0.000000,37000,38000,38000,38000,38000,39000,39000,39000,39000,39000,39000,602,9,37000,35747.02379667515,5271.973708004225,67715.17833400867,603327.7574750831
1777174219,256,GET,next_departures,24.100000,0.000000,310,340,380,410,510,620,790,1100,1200,1200,1200,3091,45,290,680.8248562830009,55.77266702312045,24297.579250007402,96.97153024911032
1777174219,256,GET,point_read,32.400000,0.000000,300,340,370,390,450,540,650,880,1200,1200,1200,3833,63,280,716.6728058191196,57.25770798744634,24356.25208300189,93.35376989303418
1777174219,256,GET,trips_per_route,3.000000,0.000000,2400,2600,2700,2700,2700,2900,3000,3000,3000,3000,3000,403,7,2200,2785.2224552055395,95.39404200040735,22793.457916995976,1170.6923076923076
1777174219,256,,Aggregated,67.400000,0.000000,320,370,420,470,2000,37000,38000,38000,39000,39000,39000,8333,129,320,3329.0365643522946,55.58612497407012,67715.17833400867,43727.339973598944
1777174220,256,GET,bulk_update_departures,3.600000,0.000000,360,390,420,480,570,590,890,890,890,890,890,406,5,290,610.9310477658627,55.58612497407012,24185.534749994986,116.94088669950739
1777174220,256,GET,large_scan,4.300000,0.000000,37000,38000,38000,38000,38000,39000,39000,39000,39000,39000,39000,603,9,37000,35749.58828664749,5271.973708004225,67715.17833400867,603342.9253731343
1777174220,256,GET,next_departures,24.100000,0.000000,310,340,390,420,520,620,840,1100,1200,1200,1200,3097,45,290,680.2976338058646,55.77266702312045,24297.579250007402,96.9518889247659
1777174220,256,GET,point_read,32.400000,0.000000,300,340,380,400,460,560,660,880,1200,1200,1200,3841,63,280,716.0355469379508,57.25770798744634,24356.25208300189,93.3288206196303
1777174220,256,GET,trips_per_route,3.000000,0.000000,2500,2600,2700,2700,2900,3000,3600,3600,3600,3600,3600,405,7,2200,2787.2183170514527,95.39404200040735,22793.457916995976,1170.7283950617284
1777174220,256,,Aggregated,67.400000,0.000000,320,380,440,490,2400,37000,38000,38000,39000,39000,39000,8352,129,320,3327.470961246726,55.58612497407012,67715.17833400867,43701.64547413793
1777174221,256,GET,bulk_update_departures,3.400000,0.000000,370,420,480,530,590,770,840,840,840,840,840,412,5,300,609.9442204149543,55.58612497407012,24185.534749994986,116.82038834951456
1777174221,256,GET,large_scan,4.500000,0.000000,37000,38000,38000,38000,39000,39000,39000,39000,39000,39000,39000,610,9,37000,35774.48112659573,5271.973708004225,67715.17833400867,603447.6885245901
1777174221,256,GET,next_departures,23.400000,0.000000,320,390,450,480,620,790,1000,1100,1200,1200,1200,3123,45,290,679.4241143207717,55.77266702312045,24297.579250007402,96.8648735190522
1777174221,256,GET,point_read,29.700000,0.000000,320,380,420,450,620,780,920,1100,1200,1200,1200,3867,63,280,715.8663765616066,57.25770798744634,24356.25208300189,93.25032324799587
1777174221,256,GET,trips_per_route,2.900000,0.000000,2600,2700,2700,2800,3400,3600,4900,4900,4900,4900,4900,409,7,2300,2793.5561497281888,95.39404200040735,22793.457916995976,1170.7897310513447
1777174221,256,,Aggregated,63.900000,0.000000,350,430,530,660,2500,37000,38000,38000,39000,39000,39000,8421,129,320,3337.654881660217,55.58612497407012,67715.17833400867,43853.83933024581
1777174222,256,GET,bulk_update_departures,3.200000,0.000000,370,420,480,530,590,770,840,840,840,840,840,414,5,300,608.5276391375743,55.58612497407012,24185.534749994986,116.78019323671498
1777174222,256,GET,large_scan,3.800000,0.000000,37000,38000,38000,38000,39000,39000,40000,40000,40000,40000,40000,614,9,37000,35792.67901597297,5271.973708004225,67715.17833400867,603506.4853420196
1777174222,256,GET,next_departures,22.600000,0.000000,340,400,450,470,620,760,850,1100,1200,1200,1200,3151,45,290,676.715183772058,55.77266702312045,24297.579250007402,96.76832751507457
1777174222,256,GET,point_read,28.500000,0.000000,350,390,430,460,650,780,920,1100,1200,1200,1200,3898,63,280,713.2398621720766,57.25770798744634,24356.25208300189,93.15597742432017
1777174222,256,GET,trips_per_route,2.700000,0.000000,2600,2700,2700,2800,3400,3600,4900,4900,4900,4900,4900,410,7,2300,2793.0544617605715,95.39404200040735,22793.457916995976,1170.8073170731707
1777174222,256,,Aggregated,60.800000,0.000000,370,450,520,660,2500,37000,38000,38000,40000,40000,40000,8487,129,320,3332.9004612400972,55.58612497407012,67715.17833400867,43802.21503475904
1777174223,256,GET,bulk_update_departures,2.900000,0.000000,370,420,480,530,590,770,840,840,840,840,840,417,5,300,606.2721054650239,55.58612497407012,24185.534749994986,116.72182254196643
1777174223,256,GET,large_scan,3.700000,0.000000,37000,38000,38000,38000,39000,39000,40000,40000,40000,40000,40000,615,9,37000,35793.70669602829,5271.973708004225,67715.17833400867,603521.0569105691
1777174223,256,GET,next_departures,20.900000,0.000000,350,410,460,480,620,790,1000,1100,1200,1200,1200,3176,45,290,673.4196617282159,55.77266702312045,24297.579250007402,96.68891687657431
1777174223,256,GET,point_read,26.800000,0.000000,360,400,440,470,650,780,920,1100,1200,1200,1200,3931,63,280,709.5752881146929,57.25770798744634,24356.25208300189,93.06029000254388
1777174223,256,GET,trips_per_route,2.700000,0.000000,2600,2700,2700,2800,3400,3600,4900,4900,4900,4900,4900,412,7,2300,2790.8886721014674,95.39404200040735,22793.457916995976,1170.8398058252428
1777174223,256,,Aggregated,57.000000,0.000000,370,450,530,620,2300,37000,38000,38000,40000,40000,40000,8551,129,320,3314.6898049549536,55.58612497407012,67715.17833400867,43546.88492573968
