Timestamp,User Count,Type,Name,Requests/s,Failures/s,50%,66%,75%,80%,90%,95%,98%,99%,99.9%,99.99%,100%,Total Request Count,Total Failure Count,Total Median Response Time,Total Average Response Time,Total Min Response Time,Total Max Response Time,Total Average Content Size
1777173626,0,,Aggregated,0.000000,0.000000,N/A,N/A,N/A,N/A,N/A,N/A,N/A,N/A,N/A,N/A,N/A,0,0,0,0.0,0,0,0
1777173627,16,,Aggregated,0.000000,0.000000,N/A,N/A,N/A,N/A,N/A,N/A,N/A,N/A,N/A,N/A,N/A,0,0,0,0.0,0,0,0
1777173628,16,,Aggregated,0.000000,0.000000,N/A,N/A,N/A,N/A,N/A,N/A,N/A,N/A,N/A,N/A,N/A,0,0,0,0.0,0,0,0
1777173629,16,,Aggregated,0.000000,0.000000,N/A,N/A,N/A,N/A,N/A,N/A,N/A,N/A,N/A,N/A,N/A,0,0,0,0.0,0,0,0
1777173630,16,,Aggregated,0.000000,0.000000,N/A,N/A,N/A,N/A,N/A,N/A,N/A,N/A,N/A,N/A,N/A,0,0,0,0.0,0,0,0
1777173631,16,,Aggregated,0.000000,0.000000,N/A,N/A,N/A,N/A,N/A,N/A,N/A,N/A,N/A,N/A,N/A,0,0,0,0.0,0,0,0
1777173632,16,GET,bulk_update_departures,0.000000,0.000000,0,0,0,0,0,0,0,0,0,0,0,1,0,5829.351417021826,5829.351417021826,5829.351417021826,5829.351417021826,109.0
1777173632,16,GET,point_read,0.000000,0.000000,0,0,0,0,0,0,0,0,0,0,0,5,0,5800,5802.3221418086905,5761.101708980277,5922.930167027516,81.6
1777173632,16,,Aggregated,0.000000,0.000000,5800,5800,5800,5800,5900,5900,5900,5900,5900,5900,5900,6,0,5800,5806.827021010879,5761.101708980277,5922.930167027516,86.16666666666667
1777173633,16,GET,bulk_update_departures,0.000000,0.000000,0,0,0,0,0,0,0,0,0,0,0,1,0,5829.351417021826,5829.351417021826,5829.351417021826,5829.351417021826,109.0
1777173633,16,GET,next_departures,0.000000,0.000000,0,0,0,0,0,0,0,0,0,0,0,14,0,120,2801.0734999988927,62.28395798825659,6704.437791981036,85.71428571428571
1777173633,16,GET,point_read,0.000000,0.000000,0,0,0,0,0,0,0,0,0,0,0,14,0,120,3025.38358943171,64.23229200299829,6678.745291981613,81.35714285714286
1777173633,16,GET,trips_per_route,0.000000,0.000000,0,0,0,0,0,0,0,0,0,0,0,1,0,127.09754100069404,127.09754100069404,127.09754100069404,127.09754100069404,1177.0
1777173633,16,,Aggregated,0.000000,0.000000,130,5800,6000,6100,6700,6700,6700,6700,6700,6700,6700,30,0,130,2917.5616070016986,62.28395798825659,6704.437791981036,120.83333333333333
1777173634,16,GET,bulk_update_departures,0.000000,0.000000,240,240,240,240,240,240,240,240,240,240,240,3,0,240,2087.496458669193,189.2612089868635,5829.351417021826,108.0
1777173634,16,GET,next_departures,0.000000,0.000000,200,200,220,230,260,260,260,260,260,260,260,22,0,200,1858.6794091348895,62.28395798825659,6704.437791981036,85.86363636363636
1777173634,16,GET,point_read,0.000000,0.000000,160,200,240,250,320,320,320,320,320,320,320,21,0,200,2086.7518295237373,64.23229200299829,6678.745291981613,81.23809523809524
1777173634,16,GET,trips_per_route,0.000000,0.000000,0,0,0,0,0,0,0,0,0,0,0,1,0,127.09754100069404,127.09754100069404,127.09754100069404,127.09754100069404,1177.0
1777173634,16,,Aggregated,0.000000,0.000000,200,260,5800,5800,6500,6700,6700,6700,6700,6700,6700,47,0,200,1938.3472837866877,62.28395798825659,6704.437791981036,108.42553191489361
1777173635,16,GET,bulk_update_departures,0.142857,0.000000,190,190,240,240,240,240,240,240,240,240,240,4,0,190,1608.3012190065347,170.7155000185594,5829.351417021826,108.0
1777173635,16,GET,next_departures,1.714286,0.000000,200,220,250,260,310,320,320,320,320,320,320,31,0,200,1388.0863455152364,62.28395798825659,6704.437791981036,85.93548387096774
1777173635,16,GET,point_read,1.714286,0.000000,200,200,250,310,320,340,340,340,340,340,340,27,0,200,1672.9040448888015,64.23229200299829,6678.745291981613,81.33333333333333
1777173635,16,GET,trips_per_route,0.000000,0.000000,130,130,130,130,130,130,130,130,130,130,130,1,0,127.09754100069404,127.09754100069404,127.09754100069404,127.09754100069404,1177.0
1777173635,16,,Aggregated,3.571429,0.000000,200,250,320,5800,6000,6500,6700,6700,6700,6700,6700,63,0,200,1504.1172752380446,62.28395798825659,6704.437791981036,102.68253968253968
1777173636,16,GET,bulk_update_departures,0.375000,0.000000,190,190,240,240,240,240,240,240,240,240,240,4,0,190,1608.3012190065347,170.7155000185594,5829.351417021826,108.0
1777173636,16,GET,next_departures,2.500000,0.000000,210,230,260,280,310,320,330,330,330,330,330,36,0,210,1229.1145244154095,62.28395798825659,6704.437791981036,86.02777777777777
1777173636,16,GET,point_read,2.375000,0.000000,200,220,250,310,320,320,340,340,340,340,340,35,0,210,1342.9430751421023,64.23229200299829,6678.745291981613,81.42857142857143
1777173636,16,GET,trips_per_route,0.125000,0.000000,300,300,300,300,300,300,300,300,300,300,300,2,0,130,214.07074949820526,127.09754100069404,301.0439579957165,1177.0
1777173636,16,,Aggregated,5.375000,0.000000,210,250,310,330,6000,6500,6700,6700,6700,6700,6700,77,0,210,1274.1880114798814,62.28395798825659,6704.437791981036,113.41558441558442
1777173637,16,GET,bulk_update_departures,0.444444,0.000000,200,220,220,240,240,240,240,240,240,240,240,6,0,200,1142.1924933383707,170.7155000185594,5829.351417021826,108.16666666666667
1777173637,16,GET,large_scan,0.000000,0.000000,0,0,0,0,0,0,0,0,0,0,0,1,0,11001.00183300674,11001.00183300674,11001.00183300674,11001.00183300674,612473.0
1777173637,16,GET,next_departures,3.333333,0.000000,210,230,260,270,310,320,330,330,330,330,330,40,0,210,1126.9755813242227,62.28395798825659,6704.437791981036,86.075
1777173637,16,GET,point_read,2.888889,0.000000,200,220,250,290,320,340,340,340,340,340,340,43,0,210,1132.1779526269258,64.23229200299829,6678.745291981613,81.44186046511628
1777173637,16,GET,trips_per_route,0.111111,0.000000,300,300,300,300,300,300,300,300,300,300,300,2,0,130,214.07074949820526,127.09754100069404,301.0439579957165,1177.0
1777173637,16,,Aggregated,6.777778,0.000000,210,250,310,320,5900,6500,6700,11000,11000,11000,11000,92,0,210,1217.8801468256531,62.28395798825659,11001.00183300674,6765.445652173913
1777173638,16,GET,bulk_update_departures,0.400000,0.000000,200,210,220,220,240,240,240,240,240,240,240,8,0,200,892.3943178815534,80.78050002222881,5829.351417021826,108.375
1777173638,16,GET,large_scan,0.000000,0.000000,0,0,0,0,0,0,0,0,0,0,0,2,0,11001.00183300674,11245.855229004519,11001.00183300674,11490.708625002299,612473.0
1777173638,16,GET,next_departures,3.400000,0.000000,200,220,250,260,290,320,330,330,330,330,330,44,0,200,1034.4767775227824,62.28395798825659,6704.437791981036,86.1590909090909
1777173638,16,GET,point_read,3.300000,0.000000,190,210,230,250,320,340,340,340,340,340,340,50,0,190,988.6520792992087,64.23229200299829,6678.745291981613,81.48
1777173638,16,GET,trips_per_route,0.100000,0.000000,300,300,300,300,300,300,300,300,300,300,300,2,0,130,214.07074949820526,127.09754100069404,301.0439579957165,1177.0
1777173638,16,,Aggregated,7.200000,0.000000,200,230,290,320,5900,6500,6700,11000,11000,11000,11000,106,0,200,1179.3263082643466,62.28395798825659,11490.708625002299,11660.67924528302
1777173639,16,GET,bulk_update_departures,0.600000,0.000000,200,210,220,220,240,240,240,240,240,240,240,8,0,200,892.3943178815534,80.78050002222881,5829.351417021826,108.375
1777173639,16,GET,large_scan,0.000000,0.000000,11000,11000,11000,11000,11000,11000,11000,11000,11000,11000,11000,4,0,2300,6738.62651050149,2174.3252919986844,11490.708625002299,612473.5
1777173639,16,GET,next_departures,3.800000,0.000000,170,200,220,230,280,310,330,330,330,330,330,57,0,170,814.5481856496956,58.81570800556801,6704.437791981036,86.17543859649123
1777173639,16,GET,point_read,4.100000,0.000000,180,210,220,240,310,320,340,340,340,340,340,54,0,180,920.457894406152,60.180499975103885,6678.745291981613,81.44444444444444
1777173639,16,GET,trips_per_route,0.200000,0.000000,300,300,300,300,300,300,300,300,300,300,300,2,0,130,214.07074949820526,127.09754100069404,301.0439579957165,1177.0
1777173639,16,,Aggregated,8.700000,0.000000,190,220,270,310,5800,6500,6700,11000,11000,11000,11000,125,0,190,1045.2461997121572,58.81570800556801,11490.708625002299,19699.4
1777173640,16,GET,bulk_update_departures,0.700000,0.000000,200,210,220,220,240,240,240,240,240,240,240,8,0,200,892.3943178815534,80.78050002222881,5829.351417021826,108.375
1777173640,16,GET,large_scan,0.200000,0.000000,6600,11000,11000,11000,11000,11000,11000,11000,11000,11000,11000,5,0,6600,6706.449541600887,2174.3252919986844,11490.708625002299,612473.6
1777173640,16,GET,next_departures,4.300000,0.000000,140,200,210,220,270,310,320,330,330,330,330,66,0,130,714.5230233339438,57.687042019097134,6704.437791981036,86.21212121212122
1777173640,16,GET,point_read,4.800000,0.000000,160,200,210,220,310,320,340,340,340,340,340,63,0,160,798.5352553470644,56.37566701625474,6678.745291981613,81.42857142857143
1777173640,16,GET,trips_per_route,0.200000,0.000000,130,130,300,300,300,300,300,300,300,300,300,4,0,110,154.21397899626754,76.45104199764319,301.0439579957165,1176.75
1777173640,16,,Aggregated,10.200000,0.000000,160,200,220,230,310,340,6600,11000,11000,11000,11000,146,0,160,950.3732794105978,56.37566701625474,11490.708625002299,21087.41095890411
1777173641,16,GET,bulk_update_departures,0.800000,0.000000,200,210,220,220,240,240,240,240,240,240,240,9,0,200,800.9271251180003,69.18958300957456,5829.351417021826,108.33333333333333
1777173641,16,GET,large_scan,0.200000,0.000000,6800,6800,6900,11000,11000,11000,11000,11000,11000,11000,11000,10,0,6600,6635.367062603473,2174.3252919986844,11490.708625002299,612473.5
1777173641,16,GET,next_departures,5.400000,0.000000,120,200,200,210,260,290,320,330,330,330,330,73,0,120,652.4361580831943,57.687042019097134,6704.437791981036,86.20547945205479
1777173641,16,GET,point_read,5.200000,0.000000,130,180,210,220,310,320,340,340,340,340,340,72,0,130,708.5221748323723,56.37566701625474,6678.745291981613,81.38888888888889
1777173641,16,GET,trips_per_route,0.200000,0.000000,110,130,170,170,300,300,300,300,300,300,300,7,0,110,131.34102371571186,68.38762501138262,301.0439579957165,1177.142857142857
1777173641,16,,Aggregated,11.800000,0.000000,140,200,220,230,320,5900,6900,11000,11000,11000,11000,171,0,140,1012.4142575795947,56.37566701625474,11490.708625002299,35942.12280701754
1777173642,16,GET,bulk_update_departures,0.800000,0.000000,190,200,210,220,240,240,240,240,240,240,240,10,0,190,727.0239501085598,61.89537502359599,5829.351417021826,108.3
1777173642,16,GET,large_scan,0.500000,0.000000,6500,6800,6800,6900,11000,11000,11000,11000,11000,11000,11000,14,0,5900,5058.008503075273,858.3833340089768,11490.708625002299,612473.4285714285
1777173642,16,GET,next_departures,6.400000,0.000000,85,160,200,210,250,290,320,330,330,330,330,83,0,89,583.3669171338278,57.687042019097134,6704.437791981036,86.144578313253
1777173642,16,GET,point_read,6.100000,0.000000,99,160,200,210,250,320,340,340,340,340,340,84,0,100,617.9739881422609,56.37566701625474,6678.745291981613,81.35714285714286
1777173642,16,GET,trips_per_route,0.300000,0.000000,110,130,170,170,300,300,300,300,300,300,300,7,0,110,131.34102371571186,68.38762501138262,301.0439579957165,1177.142857142857
1777173642,16,,Aggregated,14.100000,0.000000,120,190,210,230,320,2300,6800,11000,11000,11000,11000,198,0,120,905.7121961424598,56.37566701625474,11490.708625002299,43423.91414141414
1777173643,16,GET,bulk_update_departures,0.900000,0.000000,170,200,210,210,220,220,220,220,220,220,220,11,0,190,668.5491212807723,61.89537502359599,5829.351417021826,108.27272727272727
1777173643,16,GET,large_scan,0.800000,0.000000,5900,6600,6800,6900,11000,11000,11000,11000,11000,11000,11000,15,0,5900,4783.524339001936,858.3833340089768,11490.708625002299,612473.4666666667
1777173643,16,GET,next_departures,7.200000,0.000000,82,140,200,200,240,290,320,330,330,330,330,91,0,99,544.2629358587291,57.687042019097134,6704.437791981036,86.14285714285714
1777173643,16,GET,point_read,6.800000,0.000000,91,120,180,200,250,320,340,340,340,340,340,93,0,99,566.4490314074717,56.37566701625474,6678.745291981613,81.34408602150538
1777173643,16,GET,trips_per_route,0.700000,0.000000,120,130,170,170,300,300,300,300,300,300,300,8,0,110,129.3535207514651,68.38762501138262,301.0439579957165,1177.125
1777173643,16,,Aggregated,16.400000,0.000000,99,170,210,230,330,2300,6800,11000,11000,11000,11000,218,0,110,836.4652324273783,56.37566701625474,11490.708625002299,42261.99082568807
1777173644,16,GET,bulk_update_departures,1.000000,0.000000,84,170,200,200,210,220,220,220,220,220,220,14,0,120,544.1396280054635,61.89537502359599,5829.351417021826,108.28571428571429
1777173644,16,GET,large_scan,1.400000,0.000000,2200,6500,6800,6800,11000,11000,11000,11000,11000,11000,11000,20,0,1800,3963.937387651822,858.3833340089768,11490.708625002299,612473.3
1777173644,16,GET,next_departures,8.200000,0.000000,79,110,130,140,210,240,290,330,330,330,330,102,0,95,495.52280389431036,57.687042019097134,6704.437791981036,86.11764705882354
1777173644,16,GET,point_read,8.200000,0.000000,87,100,140,160,210,290,320,340,340,340,340,104,0,99,517.4508894703579,56.37566701625474,6678.745291981613,81.32692307692308
1777173644,16,GET,trips_per_route,0.700000,0.000000,120,130,170,170,300,300,300,300,300,300,300,8,0,110,129.3535207514651,68.38762501138262,301.0439579957165,1177.125
1777173644,16,,Aggregated,19.500000,0.000000,89,130,180,210,940,2200,6800,11000,11000,11000,11000,248,0,110,775.3618919889578,56.37566701625474,11490.708625002299,49506.61693548387
1777173645,16,GET,bulk_update_departures,1.000000,0.000000,84,120,200,200,210,220,220,220,220,220,220,16,0,120,488.87239581745234,61.89537502359599,5829.351417021826,108.25
1777173645,16,GET,large_scan,1.500000,0.000000,1800,5900,6600,6800,6900,11000,11000,11000,11000,11000,11000,21,0,1800,3841.677865192261,858.3833340089768,11490.708625002299,612473.3333333334
1777173645,16,GET,next_departures,7.500000,0.000000,79,110,120,140,170,220,250,270,270,270,270,112,0,99,462.6462380825355,57.687042019097134,6704.437791981036,86.10714285714286
1777173645,16,GET,point_read,8.100000,0.000000,83,99,120,140,190,290,340,360,360,360,360,111,0,99,496.5649234494908,56.37566701625474,6678.745291981613,81.32432432432432
1777173645,16,GET,trips_per_route,0.800000,0.000000,120,170,200,300,320,320,320,320,320,320,320,10,0,120,155.47544580185786,68.38762501138262,319.3060419871472,1177.2
1777173645,16,,Aggregated,18.900000,0.000000,87,120,160,200,940,2200,6800,11000,11000,11000,11000,270,0,110,729.581604178788,56.37566701625474,11490.708625002299,47755.98148148148
1777173646,16,GET,bulk_update_departures,0.900000,0.000000,81,120,140,140,210,220,220,220,220,220,220,17,0,140,472.8789215339074,61.89537502359599,5829.351417021826,108.23529411764706
1777173646,16,GET,large_scan,2.000000,0.000000,1500,5900,6600,6800,6900,11000,11000,11000,11000,11000,11000,23,0,1500,3593.249090654907,858.3833340089768,11490.708625002299,612473.304347826
1777173646,16,GET,next_departures,8.000000,0.000000,81,120,150,170,230,250,370,400,400,400,400,123,0,120,444.8883560021423,57.687042019097134,6704.437791981036,86.09756097560975
1777173646,16,GET,point_read,8.400000,0.000000,87,110,140,170,220,270,330,360,360,360,360,124,0,110,468.2530171687118,56.37566701625474,6678.745291981613,81.30645161290323
1777173646,16,GET,trips_per_route,0.700000,0.000000,120,170,200,300,320,320,320,320,320,320,320,10,0,120,155.47544580185786,68.38762501138262,319.3060419871472,1177.2
1777173646,16,,Aggregated,20.000000,0.000000,95,140,200,220,940,1800,6800,6900,11000,11000,11000,297,0,130,690.3133573277496,56.37566701625474,11490.708625002299,47546.02693602694
1777173647,16,GET,bulk_update_departures,1.200000,0.000000,84,120,150,150,210,220,220,220,220,220,220,19,0,150,442.486787216407,61.89537502359599,5829.351417021826,108.26315789473684
1777173647,16,GET,large_scan,2.100000,0.000000,1500,2300,6600,6800,6900,11000,11000,11000,11000,11000,11000,24,0,1400,3487.2441302941297,858.3833340089768,11490.708625002299,612473.3333333334
1777173647,16,GET,next_departures,8.100000,0.000000,89,150,170,190,250,300,370,400,400,400,400,135,0,130,424.47155923151445,57.687042019097134,6704.437791981036,86.08888888888889
1777173647,16,GET,point_read,8.300000,0.000000,87,110,170,180,220,270,330,360,360,360,360,129,0,120,457.62164344900117,56.37566701625474,6678.745291981613,81.30232558139535
1777173647,16,GET,trips_per_route,0.800000,0.000000,120,170,200,200,320,320,320,320,320,320,320,10,0,120,155.47544580185786,68.38762501138262,319.3060419871472,1177.2
1777173647,16,,Aggregated,20.500000,0.000000,99,170,200,220,860,1400,6500,6800,6900,6900,6900,317,0,140,662.4375868875868,56.37566701625474,11490.708625002299,46483.59305993691
1777173648,16,GET,bulk_update_departures,1.200000,0.000000,84,120,150,150,210,220,220,220,220,220,220,19,0,150,442.486787216407,61.89537502359599,5829.351417021826,108.26315789473684
1777173648,16,GET,large_scan,2.300000,0.000000,1400,1800,2300,6500,6800,6800,6900,6900,6900,6900,6900,27,0,1400,3220.7583781499934,858.3833340089768,11490.708625002299,612473.3703703703
1777173648,16,GET,next_departures,8.500000,0.000000,120,170,200,220,270,320,370,400,400,400,400,147,0,140,407.0513636415482,57.687042019097134,6704.437791981036,86.08163265306122
1777173648,16,GET,point_read,8.900000,0.000000,98,150,200,200,230,310,330,360,360,360,360,139,0,130,439.6084379848669,56.37566701625474,6678.745291981613,81.27338129496403
1777173648,16,GET,trips_per_route,0.900000,0.000000,120,170,200,320,330,330,330,330,330,330,330,11,0,130,171.69555672973564,68.38762501138262,333.8966660085134,1177.1818181818182
1777173648,16,,Aggregated,21.800000,0.000000,120,190,220,270,940,1400,6500,6800,6900,6900,6900,343,0,150,636.1472292314656,56.37566701625474,11490.708625002299,48325.7667638484
1777173649,16,GET,bulk_update_departures,1.300000,0.000000,120,150,160,170,210,220,220,220,220,220,220,21,0,160,416.266585242868,61.89537502359599,5829.351417021826,108.28571428571429
1777173649,16,GET,large_scan,2.400000,0.000000,1400,1400,1800,5900,6800,6800,6900,6900,6900,6900,6900,28,0,1400,3157.2030581093195,858.3833340089768,11490.708625002299,612473.3571428572
1777173649,16,GET,next_departures,9.200000,0.000000,140,180,200,220,270,320,370,400,400,400,400,155,0,140,394.038066640684,57.687042019097134,6704.437791981036,86.08387096774193
1777173649,16,GET,point_read,8.800000,0.000000,110,180,190,200,220,310,330,360,360,360,360,157,0,130,405.08622188450306,56.37566701625474,6678.745291981613,81.21019108280255
1777173649,16,GET,trips_per_route,0.800000,0.000000,170,200,320,320,330,330,330,330,330,330,330,11,0,130,171.69555672973564,68.38762501138262,333.8966660085134,1177.1818181818182
1777173649,16,,Aggregated,22.500000,0.000000,150,190,220,250,400,1400,5900,6800,6900,6900,6900,372,0,160,601.361215608498,56.37566701625474,11490.708625002299,46211.209677419356
1777173650,16,GET,bulk_update_departures,1.200000,0.000000,120,150,160,170,210,220,220,220,220,220,220,22,0,150,400.76072527683044,61.89537502359599,5829.351417021826,108.27272727272727
1777173650,16,GET,large_scan,2.400000,0.000000,1300,1400,1400,1400,1800,5900,6500,6500,6500,6500,6500,29,0,1400,3080.9232730374288,858.3833340089768,11490.708625002299,612473.3793103448
1777173650,16,GET,next_departures,10.000000,0.000000,150,180,200,230,280,320,370,400,400,400,400,162,0,130,381.36144853243746,57.687042019097134,6704.437791981036,86.08641975308642
1777173650,16,GET,point_read,8.900000,0.000000,100,160,190,200,220,290,330,330,360,360,360,174,0,110,373.61587118875934,56.37566701625474,6678.745291981613,81.183908045977
1777173650,16,GET,trips_per_route,0.900000,0.000000,170,200,320,320,330,330,330,330,330,330,330,11,0,130,171.69555672973564,68.38762501138262,333.8966660085134,1177.1818181818182
1777173650,16,,Aggregated,23.400000,0.000000,150,190,210,240,360,1200,1400,1800,6500,6500,6500,398,0,140,569.9544679580447,56.37566701625474,11490.708625002299,44736.51005025126
1777173651,16,GET,bulk_update_departures,1.300000,0.000000,120,150,160,170,210,220,220,220,220,220,220,23,0,150,387.41213030880317,61.89537502359599,5829.351417021826,108.26086956521739
1777173651,16,GET,large_scan,2.600000,0.000000,1200,1400,1400,1400,1500,1500,1800,1800,1800,1800,1800,35,0,1400,2750.0547690890794,858.3833340089768,11490.708625002299,612473.4
1777173651,16,GET,next_departures,9.900000,0.000000,160,190,210,230,280,320,370,400,400,400,400,165,0,130,375.6839267410352,57.687042019097134,6704.437791981036,86.0909090909091
1777173651,16,GET,point_read,9.800000,0.000000,110,180,190,200,220,310,330,360,360,360,360,182,0,110,360.54820788878396,53.02308397949673,6678.745291981613,81.17582417582418
1777173651,16,GET,trips_per_route,0.900000,0.000000,200,320,320,330,330,330,330,330,330,330,330,12,0,120,163.89026383694727,68.38762501138262,333.8966660085134,1177.1666666666667
1777173651,16,,Aggregated,24.500000,0.000000,150,190,220,250,370,1100,1400,1500,1800,1800,1800,417,0,140,562.9177477920698,53.02308397949673,11490.708625002299,51515.98081534772
1777173652,16,GET,bulk_update_departures,1.400000,0.000000,120,150,160,170,210,220,220,220,220,220,220,24,0,140,374.18532279601396,61.89537502359599,5829.351417021826,108.25
1777173652,16,GET,large_scan,2.400000,0.000000,1200,1200,1400,1400,1500,1500,1800,1800,1800,1800,1800,40,0,1200,2546.4670469264092,858.3833340089768,11490.708625002299,612473.375
1777173652,16,GET,next_departures,9.600000,0.000000,160,190,210,230,280,320,370,400,400,400,400,169,0,130,369.56410352230216,57.687042019097134,6704.437791981036,86.08875739644971
1777173652,16,GET,point_read,10.800000,0.000000,120,180,190,200,220,290,330,330,360,360,360,200,0,110,338.14772250916576,53.02308397949673,6678.745291981613,81.16
1777173652,16,GET,trips_per_route,0.800000,0.000000,200,200,320,320,330,330,330,330,330,330,330,13,0,120,159.01673715695955,68.38762501138262,333.8966660085134,1177.2307692307693
1777173652,16,,Aggregated,25.000000,0.000000,160,200,220,260,910,1200,1400,1500,1800,1800,1800,446,0,140,544.8256170500076,53.02308397949673,11490.708625002299,55039.50224215247
1777173653,16,GET,bulk_update_departures,1.400000,0.000000,140,160,170,210,220,360,360,360,360,360,360,26,0,140,362.11550950471207,61.89537502359599,5829.351417021826,108.23076923076923
1777173653,16,GET,large_scan,2.500000,0.000000,1200,1200,1200,1200,1400,1500,1500,1500,1500,1500,1500,40,0,1200,2546.4670469264092,858.3833340089768,11490.708625002299,612473.375
1777173653,16,GET,next_departures,9.300000,0.000000,170,200,220,250,310,330,370,400,400,400,400,179,0,130,357.02008960473313,57.687042019097134,6704.437791981036,86.08938547486034
1777173653,16,GET,point_read,11.100000,0.000000,120,170,190,200,220,290,330,330,360,360,360,212,0,100,325.12210063125065,53.02308397949673,6678.745291981613,81.14622641509433
1777173653,16,GET,trips_per_route,0.400000,0.000000,200,260,320,320,330,330,330,330,330,330,330,16,0,120,160.7181588169624,68.38762501138262,333.8966660085134,1177.25
1777173653,16,,Aggregated,24.700000,0.000000,160,200,220,260,360,1100,1200,1400,1500,1500,1500,473,0,130,521.5172453241494,53.02308397949673,11490.708625002299,51909.50951374207
1777173654,16,GET,bulk_update_departures,1.300000,0.000000,140,160,170,210,220,360,360,360,360,360,360,26,0,140,362.11550950471207,61.89537502359599,5829.351417021826,108.23076923076923
1777173654,16,GET,large_scan,2.400000,0.000000,1200,1200,1200,1200,1400,1500,1500,1500,1500,1500,1500,43,0,1300,2462.5934903505854,858.3833340089768,11490.708625002299,612473.3488372093
1777173654,16,GET,next_departures,8.500000,0.000000,160,190,210,230,300,320,370,400,400,400,400,195,0,120,333.94955339668417,57.687042019097134,6704.437791981036,86.08717948717948
1777173654,16,GET,point_read,11.700000,0.000000,110,160,190,200,220,290,330,330,360,360,360,221,0,100,314.9967613205687,53.02308397949673,6678.745291981613,81.13122171945702
1777173654,16,GET,trips_per_route,0.600000,0.000000,100,170,260,320,330,330,330,330,330,330,330,18,0,110,154.4389051155627,68.38762501138262,333.8966660085134,1177.3333333333333
1777173654,16,,Aggregated,24.500000,0.000000,150,190,220,260,370,1200,1200,1400,1500,1500,1500,503,0,120,502.62598566297595,53.02308397949673,11490.708625002299,52475.302186878725
1777173655,16,GET,bulk_update_departures,1.400000,0.000000,150,160,210,210,220,360,360,360,360,360,360,28,0,120,341.4815281472069,61.89537502359599,5829.351417021826,108.17857142857143
1777173655,16,GET,large_scan,2.500000,0.000000,1200,1200,1200,1300,1500,1500,1500,1500,1500,1500,1500,43,0,1300,2462.5934903505854,858.3833340089768,11490.708625002299,612473.3488372093
1777173655,16,GET,next_departures,8.600000,0.000000,110,170,190,200,260,310,320,330,330,330,330,203,0,110,323.46092916914984,56.15449999459088,6704.437791981036,86.08374384236453
1777173655,16,GET,point_read,11.500000,0.000000,83,120,160,180,200,220,280,290,330,330,330,233,0,98,302.03273356142716,53.02308397949673,6678.745291981613,81.12017167381974
1777173655,16,GET,trips_per_route,0.600000,0.000000,100,100,170,260,320,330,330,330,330,330,330,22,0,100,139.22915532285433,65.28416700894013,333.8966660085134,1177.3636363636363
1777173655,16,,Aggregated,24.600000,0.000000,100,170,190,210,330,1200,1200,1400,1500,1500,1500,529,0,120,481.1951603619087,53.02308397949673,11490.708625002299,49908.62192816635
1777173656,16,GET,bulk_update_departures,1.400000,0.000000,94,160,170,210,220,360,360,360,360,360,360,29,0,120,331.7005587621303,57.83341597998515,5829.351417021826,108.17241379310344
1777173656,16,GET,large_scan,2.000000,0.000000,1200,1200,1200,1300,1400,1500,1500,1500,1500,1500,1500,48,0,1200,2330.389566022253,858.3833340089768,11490.708625002299,612473.3333333334
1777173656,16,GET,next_departures,8.700000,0.000000,92,150,180,190,250,270,320,330,330,330,330,212,0,110,316.12984707687747,56.15449999459088,6704.437791981036,86.08018867924528
1777173656,16,GET,point_read,11.700000,0.000000,83,120,150,160,200,210,280,290,330,330,330,239,0,98,297.59377616671475,53.02308397949673,6678.745291981613,81.11297071129707
1777173656,16,GET,trips_per_route,1.000000,0.000000,100,100,170,200,260,330,330,330,330,330,330,23,0,100,142.0070851783511,65.28416700894013,333.8966660085134,1177.3478260869565
1777173656,16,,Aggregated,24.800000,0.000000,92,160,190,200,870,1200,1300,1400,1500,1500,1500,551,0,120,477.1118301568327,53.02308397949673,11490.708625002299,53478.3502722323
1777173657,16,GET,bulk_update_departures,1.200000,0.000000,94,160,220,220,280,360,360,360,360,360,360,31,0,140,326.3505159712006,57.83341597998515,5829.351417021826,108.16129032258064
1777173657,16,GET,large_scan,2.200000,0.000000,1200,1200,1200,1300,1400,1500,1500,1500,1500,1500,1500,51,0,1200,2258.849469001528,858.3833340089768,11490.708625002299,612473.3333333334
1777173657,16,GET,next_departures,8.800000,0.000000,87,130,190,190,250,310,310,340,340,340,340,220,0,110,314.19296211031246,56.15449999459088,6704.437791981036,86.08181818181818
1777173657,16,GET,point_read,12.100000,0.000000,81,100,140,160,190,210,270,300,300,300,300,244,0,99,296.46534257299805,53.02308397949673,6678.745291981613,81.12295081967213
1777173657,16,GET,trips_per_route,1.200000,0.000000,100,100,170,200,260,330,330,330,330,330,330,23,0,100,142.0070851783511,65.28416700894013,333.8966660085134,1177.3478260869565
1777173657,16,,Aggregated,25.500000,0.000000,90,150,190,210,910,1200,1300,1400,1500,1500,1500,569,0,120,474.5946346667267,53.02308397949673,11490.708625002299,55018.108963093146
1777173658,16,GET,bulk_update_departures,1.300000,0.000000,94,220,230,250,280,360,360,360,360,360,360,34,0,150,317.1155709432616,57.83341597998515,5829.351417021826,108.1470588235294
1777173658,16,GET,large_scan,2.200000,0.000000,1200,1200,1200,1200,1300,1500,1500,1500,1500,1500,1500,53,0,1200,2215.37036086951,858.3833340089768,11490.708625002299,612473.3396226416
1777173658,16,GET,next_departures,8.900000,0.000000,87,150,210,230,260,310,320,340,340,340,340,227,0,120,311.98834213335886,56.15449999459088,6704.437791981036,86.07929515418502
1777173658,16,GET,point_read,11.400000,0.000000,82,120,160,180,240,290,300,320,320,320,320,258,0,100,294.0227958867137,53.02308397949673,6678.745291981613,81.12790697674419
1777173658,16,GET,trips_per_route,1.200000,0.000000,100,100,170,200,260,330,330,330,330,330,330,23,0,100,142.0070851783511,65.28416700894013,333.8966660085134,1177.3478260869565
1777173658,16,,Aggregated,25.000000,0.000000,92,180,230,260,910,1200,1200,1300,1500,1500,1500,595,0,130,467.4654731097506,53.02308397949673,11490.708625002299,54676.157983193276
1777173659,16,GET,bulk_update_departures,1.200000,0.000000,190,220,250,250,280,360,360,360,360,360,360,34,0,150,317.1155709432616,57.83341597998515,5829.351417021826,108.1470588235294
1777173659,16,GET,large_scan,2.600000,0.000000,1200,1200,1200,1200,1300,1500,1500,1500,1500,1500,1500,54,0,1200,2195.783243853603,858.3833340089768,11490.708625002299,612473.3518518518
1777173659,16,GET,next_departures,8.700000,0.000000,87,190,230,230,270,310,320,340,340,340,340,231,0,120,310.7610663648058,56.15449999459088,6704.437791981036,86.07792207792208
1777173659,16,GET,point_read,11.300000,0.000000,100,170,210,220,290,300,320,320,320,320,320,272,0,110,291.1626499954924,53.02308397949673,6678.745291981613,81.12132352941177
1777173659,16,GET,trips_per_route,1.300000,0.000000,100,100,170,170,200,260,260,260,260,260,260,23,0,100,142.0070851783511,65.28416700894013,333.8966660085134,1177.3478260869565
1777173659,16,,Aggregated,25.100000,0.000000,120,210,250,280,1000,1200,1200,1300,1500,1500,1500,614,0,140,461.89321607216874,53.02308397949673,11490.708625002299,53984.14657980456
1777173660,16,GET,bulk_update_departures,1.400000,0.000000,180,220,250,250,340,360,360,360,360,360,360,38,0,150,303.3215415282604,57.83341597998515,5829.351417021826,108.15789473684211
1777173660,16,GET,large_scan,2.700000,0.000000,1200,1200,1200,1200,1300,1300,1500,1500,1500,1500,1500,56,0,1200,2157.241790216046,858.3833340089768,11490.708625002299,612473.3392857143
1777173660,16,GET,next_departures,8.100000,0.000000,95,200,230,230,270,310,320,340,340,340,340,239,0,120,305.34261086722836,56.15449999459088,6704.437791981036,86.0836820083682
1777173660,16,GET,point_read,11.600000,0.000000,140,190,210,240,290,300,320,320,340,340,340,280,0,120,288.2551588099367,53.02308397949673,6678.745291981613,81.11428571428571
1777173660,16,GET,trips_per_route,1.200000,0.000000,100,130,170,190,200,260,260,260,260,260,260,26,0,110,143.90268750475326,65.28416700894013,333.8966660085134,1177.3461538461538
1777173660,16,,Aggregated,25.000000,0.000000,150,210,250,280,870,1200,1200,1300,1500,1500,1500,639,0,140,453.4609658362221,53.02308397949673,11490.708625002299,53797.36150234742
1777173661,16,GET,bulk_update_departures,1.300000,0.000000,180,220,250,250,340,360,360,360,360,360,360,39,0,150,297.46089515556844,57.83341597998515,5829.351417021826,108.15384615384616
1777173661,16,GET,large_scan,2.500000,0.000000,1200,1200,1200,1200,1300,1300,1500,1500,1500,1500,1500,59,0,1200,2103.5534866115718,858.3833340089768,11490.708625002299,612473.3559322034
1777173661,16,GET,next_departures,7.700000,0.000000,89,180,210,230,270,310,320,340,340,340,340,252,0,110,294.089449723302,56.15449999459088,6704.437791981036,86.07142857142857
1777173661,16,GET,point_read,12.100000,0.000000,120,200,220,240,290,320,320,340,340,340,340,292,0,110,279.744381588375,53.02308397949673,6678.745291981613,81.10958904109589
1777173661,16,GET,trips_per_route,1.200000,0.000000,120,150,170,190,200,260,260,260,260,260,260,27,0,120,143.14740433797448,65.28416700894013,333.8966660085134,1177.3703703703704
1777173661,16,,Aggregated,24.800000,0.000000,120,210,240,270,340,1200,1200,1300,1500,1500,1500,669,0,140,441.5119750259384,53.02308397949673,11490.708625002299,54136.48579970105
1777173662,16,GET,bulk_update_departures,1.400000,0.000000,180,220,250,250,340,360,360,360,360,360,360,41,0,140,285.93417361063496,57.83341597998515,5829.351417021826,108.14634146341463
1777173662,16,GET,large_scan,2.500000,0.000000,1200,1200,1200,1200,1300,1300,1500,1500,1500,1500,1500,60,0,1200,2084.03360350106,858.3833340089768,11490.708625002299,612473.3666666667
1777173662,16,GET,next_departures,7.800000,0.000000,89,150,210,230,260,310,320,340,340,340,340,265,0,110,283.40285580082497,54.76595900836401,6704.437791981036,86.07169811320755
1777173662,16,GET,point_read,10.900000,0.000000,100,180,210,240,290,300,320,320,340,340,340,311,0,100,267.6967090251968,53.02308397949673,6678.745291981613,81.10610932475885
1777173662,16,GET,trips_per_route,1.500000,0.000000,120,150,170,190,200,260,260,260,260,260,260,28,0,110,141.48631104035303,65.28416700894013,333.8966660085134,1177.392857142857
1777173662,16,,Aggregated,24.100000,0.000000,100,200,230,260,320,1100,1200,1300,1500,1500,1500,705,0,120,424.23030827132527,53.02308397949673,11490.708625002299,52246.57588652482
1777173663,16,GET,bulk_update_departures,1.500000,0.000000,140,190,230,250,280,340,340,340,340,340,340,41,0,140,285.93417361063496,57.83341597998515,5829.351417021826,108.14634146341463
1777173663,16,GET,large_scan,2.600000,0.000000,1200,1200,1200,1200,1300,1300,1500,1500,1500,1500,1500,61,0,1200,2064.582504132633,858.3833340089768,11490.708625002299,612473.3606557377
1777173663,16,GET,next_departures,8.300000,0.000000,84,110,190,230,260,310,320,340,340,340,340,277,0,100,274.0899727627045,54.76595900836401,6704.437791981036,86.07581227436823
1777173663,16,GET,point_read,11.000000,0.000000,96,170,210,220,290,300,320,320,340,340,340,328,0,99,258.24313784731913,53.02308397949673,6678.745291981613,81.09451219512195
1777173663,16,GET,trips_per_route,1.600000,0.000000,120,130,150,190,200,200,200,200,200,200,200,28,0,110,141.48631104035303,65.28416700894013,333.8966660085134,1177.392857142857
1777173663,16,,Aggregated,25.000000,0.000000,97,190,230,250,320,1100,1200,1300,1500,1500,1500,735,0,120,411.22601666455284,53.02308397949673,11490.708625002299,50950.63673469388
1777173664,16,GET,bulk_update_departures,1.800000,0.000000,180,220,230,250,280,340,340,340,340,340,340,42,0,140,281.8378202632413,57.83341597998515,5829.351417021826,108.16666666666667
1777173664,16,GET,large_scan,2.200000,0.000000,1100,1200,1200,1200,1200,1200,1300,1300,1300,1300,1300,64,0,1200,2021.6253808612237,858.3833340089768,11490.708625002299,612473.375
1777173664,16,GET,next_departures,9.400000,0.000000,89,120,190,220,260,310,320,340,340,340,340,291,0,100,265.7005634131646,54.76595900836401,6704.437791981036,86.06872852233677
1777173664,16,GET,point_read,10.300000,0.000000,100,170,210,230,290,300,320,320,340,340,340,335,0,99,254.65040126226413,53.02308397949673,6678.745291981613,81.09253731343284
1777173664,16,GET,trips_per_route,1.500000,0.000000,130,150,190,190,200,200,200,200,200,200,200,29,0,120,140.63614083189069,65.28416700894013,333.8966660085134,1177.4137931034484
1777173664,16,,Aggregated,25.200000,0.000000,110,190,230,260,340,1100,1200,1200,1300,1300,1300,761,0,110,404.63391496240297,53.02308397949673,11490.708625002299,51628.37844940867
1777173665,16,GET,bulk_update_departures,1.600000,0.000000,180,220,230,250,280,340,340,340,340,340,340,43,0,140,277.3760860707329,57.83341597998515,5829.351417021826,108.13953488372093
1777173665,16,GET,large_scan,2.100000,0.000000,1100,1200,1200,1200,1200,1200,1300,1300,1300,1300,1300,67,0,1200,1975.33159140487,858.3833340089768,11490.708625002299,612473.3731343284
1777173665,16,GET,next_departures,9.800000,0.000000,92,120,190,220,260,310,320,340,340,340,340,300,0,99,260.5088934573966,54.76595900836401,6704.437791981036,86.06333333333333
1777173665,16,GET,point_read,11.300000,0.000000,100,170,210,220,290,300,320,320,340,340,340,346,0,99,249.82227711225698,53.02308397949673,6678.745291981613,81.08959537572254
1777173665,16,GET,trips_per_route,1.400000,0.000000,120,130,150,190,200,200,200,200,200,200,200,31,0,110,137.59658065053725,65.28416700894013,333.8966660085134,1177.4516129032259
1777173665,16,,Aggregated,26.200000,0.000000,110,190,230,250,340,1100,1200,1200,1300,1300,1300,787,0,110,397.87936244395723,53.02308397949673,11490.708625002299,52262.69758576874
1777173666,16,GET,bulk_update_departures,1.500000,0.000000,110,180,190,230,250,340,340,340,340,340,340,44,0,120,272.5986702961646,57.83341597998515,5829.351417021826,108.13636363636364
1777173666,16,GET,large_scan,2.100000,0.000000,1100,1100,1200,1200,1200,1200,1200,1200,1200,1200,1200,68,0,1200,1960.4322260899662,858.3833340089768,11490.708625002299,612473.3823529412
1777173666,16,GET,next_departures,10.100000,0.000000,83,100,120,150,230,290,320,340,340,340,340,313,0,95,252.9761287164852,54.76595900836401,6704.437791981036,86.05431309904154
1777173666,16,GET,point_read,11.000000,0.000000,96,150,200,210,290,300,320,320,340,340,340,354,0,98,245.91920422824194,53.02308397949673,6678.745291981613,81.090395480226
1777173666,16,GET,trips_per_route,1.100000,0.000000,120,130,150,190,200,200,200,200,200,200,200,32,0,110,136.6630650991283,65.28416700894013,333.8966660085134,1177.46875
1777173666,16,,Aggregated,25.800000,0.000000,97,150,210,230,320,980,1200,1200,1200,1200,1200,811,0,110,389.5362238414039,53.02308397949673,11490.708625002299,51475.05302096178
1777173667,16,GET,bulk_update_departures,1.500000,0.000000,90,140,180,180,250,340,340,340,340,340,340,44,0,120,272.5986702961646,57.83341597998515,5829.351417021826,108.13636363636364
1777173667,16,GET,large_scan,2.300000,0.000000,1100,1200,1200,1200,1200,1300,1300,1300,1300,1300,1300,72,0,1200,1918.8144565709486,858.3833340089768,11490.708625002299,612473.375
1777173667,16,GET,next_departures,9.600000,0.000000,81,97,120,130,220,250,290,320,320,320,320,324,0,94,249.01773906242818,54.76595900836401,6704.437791981036,86.06172839506173
1777173667,16,GET,point_read,11.300000,0.000000,92,120,160,190,240,300,320,320,340,340,340,368,0,99,242.40955617318357,53.02308397949673,6678.745291981613,81.08967391304348
1777173667,16,GET,trips_per_route,1.000000,0.000000,120,130,150,190,240,240,240,240,240,240,240,33,0,110,139.80324494486646,65.28416700894013,333.8966660085134,1177.4848484848485
1777173667,16,,Aggregated,25.700000,0.000000,92,120,170,210,320,990,1200,1200,1300,1300,1300,841,0,110,386.0296713166212,53.02308397949673,11490.708625002299,52555.794292508916
1777173668,16,GET,bulk_update_departures,1.500000,0.000000,110,140,300,300,330,340,340,340,340,340,340,46,0,140,274.4045370004049,57.83341597998515,5829.351417021826,108.15217391304348
1777173668,16,GET,large_scan,2.200000,0.000000,1100,1100,1200,1200,1200,1300,1300,1300,1300,1300,1300,74,0,1200,1896.7832285825107,858.3833340089768,11490.708625002299,612473.3918918918
1777173668,16,GET,next_departures,10.100000,0.000000,81,97,120,130,220,240,270,290,330,330,330,331,0,97,248.76967534815734,54.76595900836401,6704.437791981036,86.06344410876133
1777173668,16,GET,point_read,11.500000,0.000000,87,100,140,160,210,270,320,340,340,340,340,375,0,100,242.49630756994398,53.02308397949673,6678.745291981613,81.08533333333334
1777173668,16,GET,trips_per_route,1.000000,0.000000,130,150,220,220,240,270,270,270,270,270,270,35,0,120,145.76687140589846,65.28416700894013,333.8966660085134,1177.4857142857143
1777173668,16,,Aggregated,26.300000,0.000000,91,120,160,200,330,1100,1200,1200,1300,1300,1300,861,0,110,384.86095934413464,53.02308397949673,11490.708625002299,52762.034843205576
1777173669,16,GET,bulk_update_departures,1.300000,0.000000,110,300,300,300,330,340,340,340,340,340,340,47,0,140,275.033459957798,57.83341597998515,5829.351417021826,108.14893617021276
1777173669,16,GET,large_scan,2.200000,0.000000,1100,1100,1200,1200,1200,1300,1300,1300,1300,1300,1300,75,0,1200,1887.4611016417232,858.3833340089768,11490.708625002299,612473.3866666667
1777173669,16,GET,next_departures,10.200000,0.000000,81,99,120,150,240,260,330,330,330,330,330,337,0,99,248.43771636853262,54.76595900836401,6704.437791981036,86.06231454005935
1777173669,16,GET,point_read,11.800000,0.000000,90,110,160,180,260,280,310,320,340,340,340,388,0,100,242.37484998886111,53.02308397949673,6678.745291981613,81.08505154639175
1777173669,16,GET,trips_per_route,1.000000,0.000000,120,220,240,270,310,310,310,310,310,310,310,36,0,120,150.21504972780045,65.28416700894013,333.8966660085134,1177.5
1777173669,16,,Aggregated,26.500000,0.000000,93,140,190,240,330,1100,1200,1200,1300,1300,1300,883,0,120,382.39960276695376,53.02308397949673,11490.708625002299,52144.32729331823
1777173670,16,GET,bulk_update_departures,1.200000,0.000000,90,110,300,300,330,330,330,330,330,330,330,47,0,140,275.033459957798,57.83341597998515,5829.351417021826,108.14893617021276
1777173670,16,GET,large_scan,1.900000,0.000000,1100,1200,1200,1200,1300,1300,1300,1300,1300,1300,1300,78,0,1200,1860.9225459244603,858.3833340089768,11490.708625002299,612473.3846153846
1777173670,16,GET,next_departures,10.600000,0.000000,81,120,160,180,240,270,330,340,340,340,340,346,0,100,247.3194261797,54.76595900836401,6704.437791981036,86.0606936416185
1777173670,16,GET,point_read,11.800000,0.000000,100,150,180,220,260,280,310,320,340,340,340,396,0,100,241.80513647892937,53.02308397949673,6678.745291981613,81.08585858585859
1777173670,16,GET,trips_per_route,1.100000,0.000000,220,240,270,300,310,310,310,310,310,310,310,37,0,120,154.3226508695846,65.28416700894013,333.8966660085134,1177.5135135135135
1777173670,16,,Aggregated,26.600000,0.000000,100,160,220,240,320,990,1200,1300,1300,1300,1300,904,0,120,381.7652929050125,53.02308397949673,11490.708625002299,52968.431415929204
1777173671,16,GET,bulk_update_departures,1.200000,0.000000,110,130,300,300,330,330,330,330,330,330,330,48,0,140,271.9725128748299,57.83341597998515,5829.351417021826,108.14583333333333
1777173671,16,GET,large_scan,2.100000,0.000000,1100,1200,1200,1200,1300,1300,1300,1300,1300,1300,1300,80,0,1200,1841.3221640512347,858.3833340089768,11490.708625002299,612473.3875
1777173671,16,GET,next_departures,10.600000,0.000000,100,160,190,200,240,270,340,390,390,390,390,356,0,110,245.67530185162101,54.76595900836401,6704.437791981036,86.0561797752809
1777173671,16,GET,point_read,11.300000,0.000000,110,170,200,220,260,280,310,320,340,340,340,406,0,110,239.80713363210992,53.02308397949673,6678.745291981613,81.07881773399015
1777173671,16,GET,trips_per_route,1.300000,0.000000,220,270,300,300,310,360,360,360,360,360,360,38,0,120,159.77190455764924,65.28416700894013,361.39429101604037,1177.5263157894738
1777173671,16,,Aggregated,26.500000,0.000000,120,190,240,260,340,1100,1200,1300,1300,1300,1300,928,0,120,378.5063467985937,53.02308397949673,11490.708625002299,52921.72629310345
1777173672,16,GET,bulk_update_departures,1.100000,0.000000,130,160,300,300,330,330,330,330,330,330,330,50,0,140,266.388024839689,57.83341597998515,5829.351417021826,108.14
1777173672,16,GET,large_scan,2.300000,0.000000,1100,1200,1200,1200,1300,1300,1300,1300,1300,1300,1300,83,0,1200,1811.3618408447603,858.3833340089768,11490.708625002299,612473.3855421686
1777173672,16,GET,next_departures,10.600000,0.000000,100,160,190,200,240,270,340,390,390,390,390,365,0,110,241.49718173199065,54.76595900836401,6704.437791981036,86.06575342465753
1777173672,16,GET,point_read,11.400000,0.000000,150,180,210,230,260,280,320,340,340,340,340,415,0,110,237.18853274392558,53.02308397949673,6678.745291981613,81.08192771084337
1777173672,16,GET,trips_per_route,1.000000,0.000000,220,270,300,300,310,360,360,360,360,360,360,39,0,120,158.1043888514754,65.28416700894013,361.39429101604037,1177.5384615384614
1777173672,16,,Aggregated,26.400000,0.000000,150,200,240,260,390,1100,1200,1300,1300,1300,1300,952,0,120,374.37837985106387,53.02308397949673,11490.708625002299,53520.6775210084
1777173673,16,GET,bulk_update_departures,1.000000,0.000000,130,160,300,300,330,330,330,330,330,330,330,50,0,140,266.388024839689,57.83341597998515,5829.351417021826,108.14
1777173673,16,GET,large_scan,2.100000,0.000000,1100,1200,1200,1200,1300,1300,1300,1300,1300,1300,1300,89,0,1200,1762.6124840694756,858.3833340089768,11490.708625002299,612473.3932584269
1777173673,16,GET,next_departures,10.400000,0.000000,100,160,190,200,240,270,340,390,390,390,390,375,0,100,236.92297588599226,54.76595900836401,6704.437791981036,86.064
1777173673,16,GET,point_read,11.100000,0.000000,150,190,220,240,270,280,320,340,340,340,340,420,0,100,235.1897638016713,53.02308397949673,6678.745291981613,81.08333333333333
1777173673,16,GET,trips_per_route,1.100000,0.000000,240,270,300,310,360,360,360,360,360,360,360,39,0,120,158.1043888514754,65.28416700894013,361.39429101604037,1177.5384615384614
1777173673,16,,Aggregated,25.700000,0.000000,160,210,260,280,960,1100,1200,1300,1300,1300,1300,973,0,120,374.084070137024,53.02308397949673,11490.708625002299,56143.67112024666
1777173674,16,GET,bulk_update_departures,0.900000,0.000000,130,160,300,300,330,330,330,330,330,330,330,53,0,130,255.54704937681925,57.83341597998515,5829.351417021826,108.13207547169812
1777173674,16,GET,large_scan,2.300000,0.000000,1100,1100,1200,1200,1300,1300,1300,1300,1300,1300,1300,94,0,1200,1725.6015518533457,858.3833340089768,11490.708625002299,612473.3936170213
1777173674,16,GET,next_departures,9.900000,0.000000,96,160,190,200,240,270,340,390,390,390,390,385,0,97,232.7668139512965,54.76595900836401,6704.437791981036,86.05974025974027
1777173674,16,GET,point_read,10.900000,0.000000,140,190,220,240,270,280,320,340,340,340,340,430,0,100,231.50676600147733,53.02308397949673,6678.745291981613,81.07906976744187
1777173674,16,GET,trips_per_route,1.100000,0.000000,220,270,300,300,310,360,360,360,360,360,360,42,0,120,154.01160512382853,65.28416700894013,361.39429101604037,1177.5714285714287
1777173674,16,,Aggregated,25.100000,0.000000,150,210,260,270,990,1100,1200,1300,1300,1300,1300,1004,0,120,369.9025494604294,53.02308397949673,11490.708625002299,57465.82171314741
1777173675,16,GET,bulk_update_departures,0.900000,0.000000,130,160,300,300,330,330,330,330,330,330,330,53,0,130,255.54704937681925,57.83341597998515,5829.351417021826,108.13207547169812
1777173675,16,GET,large_scan,2.600000,0.000000,1100,1100,1200,1200,1300,1300,1300,1300,1300,1300,1300,95,0,1200,1716.7987771813243,858.3833340089768,11490.708625002299,612473.4
1777173675,16,GET,next_departures,9.800000,0.000000,94,160,200,210,240,270,340,390,390,390,390,393,0,95,229.37061088858763,54.76595900836401,6704.437791981036,86.05597964376591
1777173675,16,GET,point_read,9.800000,0.000000,110,180,210,230,260,280,320,340,340,340,340,446,0,100,225.68247983794117,53.02308397949673,6678.745291981613,81.0762331838565
1777173675,16,GET,trips_per_route,1.100000,0.000000,220,270,300,300,310,360,360,360,360,360,360,43,0,120,152.05816758612474,65.28416700894013,361.39429101604037,1177.5813953488373
1777173675,16,,Aggregated,24.200000,0.000000,150,210,260,270,990,1100,1200,1300,1300,1300,1300,1030,0,110,363.0829269343081,53.02308397949673,11490.708625002299,56612.93203883495
1777173676,16,GET,bulk_update_departures,1.100000,0.000000,130,160,300,300,330,330,330,330,330,330,330,54,0,120,252.4775546475279,57.83341597998515,5829.351417021826,108.12962962962963
1777173676,16,GET,large_scan,3.100000,0.000000,1100,1200,1200,1200,1300,1300,1300,1300,1300,1300,1300,96,0,1200,1712.7831106690792,858.3833340089768,11490.708625002299,612473.3958333334
1777173676,16,GET,next_departures,9.300000,0.000000,94,160,190,200,240,330,340,390,390,390,390,399,0,94,227.52198140158197,54.76595900836401,6704.437791981036,86.05764411027569
1777173676,16,GET,point_read,9.400000,0.000000,110,180,200,220,260,280,310,340,340,340,340,456,0,99,222.932700856817,53.02308397949673,6678.745291981613,81.07236842105263
1777173676,16,GET,trips_per_route,1.100000,0.000000,120,270,300,300,310,360,360,360,360,360,360,44,0,120,151.42229350484823,65.28416700894013,361.39429101604037,1177.590909090909
1777173676,16,,Aggregated,24.000000,0.000000,120,190,240,260,910,1100,1200,1200,1300,1300,1300,1049,0,110,359.5444515341765,53.02308397949673,11490.708625002299,56173.88465204957
1777173677,16,GET,bulk_update_departures,1.000000,0.000000,90,110,160,160,300,300,300,300,300,300,300,57,0,110,242.4784062977619,57.83341597998515,5829.351417021826,108.14035087719299
1777173677,16,GET,large_scan,2.900000,0.000000,1100,1200,1200,1300,1500,1500,1500,1500,1500,1500,1500,104,0,1200,1681.003683097795,858.3833340089768,11490.708625002299,612473.3942307692
1777173677,16,GET,next_departures,9.500000,0.000000,81,120,160,190,240,260,340,390,390,390,390,409,0,93,224.0113805896804,54.291209002258256,6704.437791981036,86.0562347188264
1777173677,16,GET,point_read,9.600000,0.000000,99,160,200,220,260,280,310,340,340,340,340,463,0,99,220.7801044077163,53.02308397949673,6678.745291981613,81.07127429805615
1777173677,16,GET,trips_per_route,1.200000,0.000000,120,220,300,300,310,360,360,360,360,360,360,45,0,120,150.06834531539224,65.28416700894013,361.39429101604037,1177.6
1777173677,16,,Aggregated,24.200000,0.000000,110,190,240,270,1000,1200,1500,1500,1500,1500,1500,1078,0,110,361.07659623588836,53.02308397949673,11490.708625002299,59210.68831168831
1777173678,16,GET,bulk_update_departures,1.000000,0.000000,79,90,110,130,160,300,300,300,300,300,300,59,0,110,236.411899575861,57.83341597998515,5829.351417021826,108.15254237288136
1777173678,16,GET,large_scan,2.800000,0.000000,1100,1200,1200,1300,1500,1500,1500,1500,1500,1500,1500,105,0,1200,1674.1325365157709,858.3833340089768,11490.708625002299,612473.4
1777173678,16,GET,next_departures,8.800000,0.000000,75,92,120,160,200,220,340,390,390,390,390,421,0,91,219.5921737795824,54.291209002258256,6704.437791981036,86.05938242280286
1777173678,16,GET,point_read,10.000000,0.000000,77,100,140,160,210,230,270,280,280,280,280,480,0,96,215.53503595381093,53.02308397949673,6678.745291981613,81.07083333333334
1777173678,16,GET,trips_per_route,1.200000,0.000000,120,220,300,300,310,360,360,360,360,360,360,45,0,120,150.06834531539224,65.28416700894013,361.39429101604037,1177.6
1777173678,16,,Aggregated,23.800000,0.000000,84,130,190,220,1000,1200,1500,1500,1500,1500,1500,1110,0,110,353.50487961023225,53.02308397949673,11490.708625002299,58057.86036036036
1777173679,16,GET,bulk_update_departures,1.000000,0.000000,79,80,110,110,130,160,160,160,160,160,160,59,0,110,236.411899575861,57.83341597998515,5829.351417021826,108.15254237288136
1777173679,16,GET,large_scan,3.000000,0.000000,1100,1100,1200,1200,1500,1500,1500,1500,1500,1500,1500,108,0,1200,1658.551523158773,858.3833340089768,11490.708625002299,612473.4074074074
1777173679,16,GET,next_departures,8.500000,0.000000,72,90,110,120,190,210,260,390,390,390,390,425,0,92,219.28174998405774,54.291209002258256,6704.437791981036,86.0564705882353
1777173679,16,GET,point_read,9.800000,0.000000,77,100,130,160,190,210,280,290,370,370,370,494,0,98,214.02024875070026,53.02308397949673,6678.745291981613,81.07287449392713
1777173679,16,GET,trips_per_route,1.200000,0.000000,95,120,120,300,360,360,360,360,360,360,360,45,0,120,150.06834531539224,65.28416700894013,361.39429101604037,1177.6
1777173679,16,,Aggregated,23.500000,0.000000,81,120,170,200,1000,1100,1500,1500,1500,1500,1500,1131,0,110,352.5602906643558,53.02308397949673,11490.708625002299,58605.769230769234
1777173680,16,GET,bulk_update_departures,1.300000,0.000000,79,80,110,110,160,310,310,310,310,310,310,60,0,110,237.66487903291514,57.83341597998515,5829.351417021826,108.15
1777173680,16,GET,large_scan,3.300000,0.000000,1100,1100,1200,1300,1500,1500,1500,1500,1500,1500,1500,110,0,1100,1647.068002282917,858.3833340089768,11490.708625002299,612473.4
1777173680,16,GET,next_departures,8.700000,0.000000,75,92,120,170,230,270,300,310,310,310,310,436,0,93,219.96919226452468,54.291209002258256,6704.437791981036,86.05963302752293
1777173680,16,GET,point_read,10.100000,0.000000,76,99,140,160,200,210,290,310,370,370,370,501,0,99,214.06387592980244,53.02308397949673,6678.745291981613,81.07385229540918
1777173680,16,GET,trips_per_route,1.100000,0.000000,120,170,200,200,220,310,310,310,310,310,310,49,0,120,156.09983841197243,65.28416700894013,361.39429101604037,1177.6326530612246
1777173680,16,,Aggregated,24.500000,0.000000,81,140,200,220,990,1100,1500,1500,1500,1500,1500,1156,0,110,351.4176771137078,53.02308397949673,11490.708625002299,58403.46626297578
1777173681,16,GET,bulk_update_departures,1.300000,0.000000,79,90,110,160,260,310,310,310,310,310,310,61,0,110,238.01191244226666,57.83341597998515,5829.351417021826,108.14754098360656
1777173681,16,GET,large_scan,3.200000,0.000000,1100,1100,1200,1300,1500,1500,1500,1500,1500,1500,1500,111,0,1100,1642.209427938052,858.3833340089768,11490.708625002299,612473.4054054054
1777173681,16,GET,next_departures,8.600000,0.000000,76,96,170,200,280,300,310,330,330,330,330,446,0,96,220.52990674959221,54.291209002258256,6704.437791981036,86.06053811659193
1777173681,16,GET,point_read,10.600000,0.000000,76,99,170,180,230,260,320,330,370,370,370,512,0,100,214.74791578873464,53.02308397949673,6678.745291981613,81.072265625
1777173681,16,GET,trips_per_route,0.900000,0.000000,120,170,200,200,220,310,310,310,310,310,310,50,0,120,156.76389664411545,65.28416700894013,361.39429101604037,1177.64
1777173681,16,,Aggregated,24.600000,0.000000,84,170,220,260,990,1100,1500,1500,1500,1500,1500,1180,0,120,349.9571519376763,53.02308397949673,11490.708625002299,57737.21949152542
1777173682,16,GET,bulk_update_departures,1.300000,0.000000,80,110,110,260,290,310,310,310,310,310,310,64,0,110,234.74478114030717,57.83341597998515,5829.351417021826,108.15625
1777173682,16,GET,large_scan,3.200000,0.000000,1100,1100,1200,1300,1500,1500,1500,1500,1500,1500,1500,113,0,1100,1632.8829023018643,858.3833340089768,11490.708625002299,612473.3982300885
1777173682,16,GET,next_departures,8.400000,0.000000,80,150,200,230,290,300,330,390,390,390,390,452,0,96,220.38924888348663,54.291209002258256,6704.437791981036,86.0575221238938
1777173682,16,GET,point_read,10.600000,0.000000,81,140,180,210,250,290,320,330,370,370,370,522,0,100,214.53112477738404,53.02308397949673,6678.745291981613,81.07088122605364
1777173682,16,GET,trips_per_route,1.100000,0.000000,120,190,200,220,310,370,370,370,370,370,370,52,0,120,159.81972434999008,65.28416700894013,372.8432089847047,1177.6538461538462
1777173682,16,,Aggregated,24.600000,0.000000,96,190,230,270,940,1100,1500,1500,1500,1500,1500,1203,0,120,348.67102846917726,53.02308397949673,11490.708625002299,57654.92186201164
1777173683,16,GET,bulk_update_departures,1.300000,0.000000,90,110,260,260,290,310,310,310,310,310,310,64,0,110,234.74478114030717,57.83341597998515,5829.351417021826,108.15625
1777173683,16,GET,large_scan,3.000000,0.000000,1100,1100,1300,1500,1500,1500,1500,1500,1500,1500,1500,114,0,1100,1626.5463677026626,858.3833340089768,11490.708625002299,612473.3859649122
1777173683,16,GET,next_departures,9.000000,0.000000,94,180,210,240,300,310,330,390,390,390,390,460,0,99,219.2894122182422,54.291209002258256,6704.437791981036,86.05869565217391
1777173683,16,GET,point_read,10.600000,0.000000,110,170,190,210,240,290,320,330,370,370,370,537,0,100,212.91412594366136,53.02308397949673,6678.745291981613,81.07448789571694
1777173683,16,GET,trips_per_route,1.200000,0.000000,170,190,200,220,310,370,370,370,370,370,370,53,0,120,160.0300833244615,65.28416700894013,372.8432089847047,1177.6415094339623
1777173683,16,,Aggregated,25.100000,0.000000,120,200,230,260,370,1100,1500,1500,1500,1500,1500,1228,0,120,345.3905224588088,53.02308397949673,11490.708625002299,56982.432410423455
1777173684,16,GET,bulk_update_departures,1.100000,0.000000,90,110,260,260,290,310,310,310,310,310,310,65,0,110,232.3437953994681,57.83341597998515,5829.351417021826,108.16923076923077
1777173684,16,GET,large_scan,2.800000,0.000000,1100,1100,1200,1500,1500,1500,1500,1500,1500,1500,1500,117,0,1100,1609.4157510776865,858.3833340089768,11490.708625002299,612473.3931623931
1777173684,16,GET,next_departures,8.900000,0.000000,91,170,210,230,290,300,330,390,390,390,390,473,0,95,215.3265068634122,54.291209002258256,6704.437791981036,86.06342494714588
1777173684,16,GET,point_read,10.500000,0.000000,110,170,200,210,240,290,320,330,370,370,370,551,0,100,209.40238680894834,53.02308397949673,6678.745291981613,81.07441016333938
1777173684,16,GET,trips_per_route,1.100000,0.000000,170,190,220,220,310,370,370,370,370,370,370,55,0,120,157.20969924004748,65.28416700894013,372.8432089847047,1177.6
1777173684,16,,Aggregated,24.400000,0.000000,120,200,230,260,370,1100,1500,1500,1500,1500,1500,1261,0,120,340.42876757603636,53.02308397949673,11490.708625002299,56952.074544012685
1777173685,16,GET,bulk_update_departures,1.400000,0.000000,86,110,110,260,290,310,310,310,310,310,310,66,0,110,230.1274241361887,57.83341597998515,5829.351417021826,108.16666666666667
1777173685,16,GET,large_scan,2.600000,0.000000,1100,1100,1300,1500,1500,1500,1500,1500,1500,1500,1500,119,0,1100,1598.0693298412052,858.3833340089768,11490.708625002299,612473.3949579832
1777173685,16,GET,next_departures,8.600000,0.000000,92,170,210,230,290,300,330,390,390,390,390,484,0,94,212.69542027560922,54.291209002258256,6704.437791981036,86.06198347107438
1777173685,16,GET,point_read,11.100000,0.000000,110,170,200,210,250,290,320,330,370,370,370,560,0,100,207.45040559600707,53.02308397949673,6678.745291981613,81.075
1777173685,16,GET,trips_per_route,1.400000,0.000000,170,190,220,220,310,370,370,370,370,370,370,56,0,120,155.9946458250384,65.28416700894013,372.8432089847047,1177.607142857143
1777173685,16,,Aggregated,25.100000,0.000000,120,200,230,260,390,1100,1500,1500,1500,1500,1500,1285,0,120,337.12931592019675,53.02308397949673,11490.708625002299,56843.94941634241
1777173686,16,GET,bulk_update_departures,1.200000,0.000000,79,110,110,260,290,310,310,310,310,310,310,68,0,110,225.3450066470096,57.83341597998515,5829.351417021826,108.17647058823529
1777173686,16,GET,large_scan,2.500000,0.000000,1000,1100,1100,1100,1100,1100,1200,1200,1200,1200,1200,123,0,1100,1578.879252049648,858.3833340089768,11490.708625002299,612473.4146341464
1777173686,16,GET,next_departures,8.300000,0.000000,81,170,200,210,280,300,330,390,390,390,390,495,0,92,209.39019965719328,54.291209002258256,6704.437791981036,86.06060606060606
1777173686,16,GET,point_read,12.400000,0.000000,87,170,180,200,240,290,320,330,370,370,370,575,0,99,203.67451421688716,53.02308397949673,6678.745291981613,81.07304347826087
1777173686,16,GET,trips_per_route,1.300000,0.000000,170,190,220,220,310,370,370,370,370,370,370,56,0,120,155.9946458250384,65.28416700894013,372.8432089847047,1177.607142857143
1777173686,16,,Aggregated,25.700000,0.000000,110,180,220,240,330,990,1100,1100,1200,1200,1200,1317,0,110,333.3502681285697,53.02308397949673,11490.708625002299,57324.79043280182
1777173687,16,GET,bulk_update_departures,1.300000,0.000000,86,110,260,260,290,310,310,310,310,310,310,69,0,110,222.84549991288088,52.879041992127895,5829.351417021826,108.17391304347827
1777173687,16,GET,large_scan,2.300000,0.000000,1000,1100,1100,1100,1100,1200,1200,1200,1200,1200,1200,125,0,1100,1567.8509770249948,858.3833340089768,11490.708625002299,612473.424
1777173687,16,GET,next_departures,8.900000,0.000000,87,170,200,220,290,300,330,390,390,390,390,503,0,91,207.11357247792128,54.291209002258256,6704.437791981036,86.05566600397614
1777173687,16,GET,point_read,11.600000,0.000000,87,140,180,200,240,270,320,330,370,370,370,593,0,96,199.64439405185684,53.02308397949673,6678.745291981613,81.07419898819562
1777173687,16,GET,trips_per_route,1.200000,0.000000,170,190,200,220,310,370,370,370,370,370,370,58,0,120,153.08339439998863,65.28416700894013,372.8432089847047,1177.6206896551723
1777173687,16,,Aggregated,25.300000,0.000000,110,180,220,240,320,960,1100,1100,1200,1200,1200,1348,0,110,328.48946671102226,52.879041992127895,11490.708625002299,56918.62537091988
1777173688,16,GET,bulk_update_departures,1.400000,0.000000,98,110,260,260,290,310,310,310,310,310,310,70,0,98,221.06694871410062,52.879041992127895,5829.351417021826,108.17142857142858
1777173688,16,GET,large_scan,2.700000,0.000000,980,1000,1100,1100,1100,1100,1200,1200,1200,1200,1200,128,0,1100,1553.0188099226052,858.3833340089768,11490.708625002299,612473.4375
1777173688,16,GET,next_departures,9.200000,0.000000,87,170,200,210,280,300,330,390,390,390,390,515,0,91,204.34689304160713,54.291209002258256,6704.437791981036,86.05825242718447
1777173688,16,GET,point_read,11.500000,0.000000,87,140,180,210,240,290,320,330,370,370,370,603,0,96,197.7331594903903,53.02308397949673,6678.745291981613,81.07296849087894
1777173688,16,GET,trips_per_route,1.200000,0.000000,170,190,200,220,310,370,370,370,370,370,370,59,0,120,152.62883827455295,65.28416700894013,372.8432089847047,1177.6101694915253
1777173688,16,,Aggregated,26.000000,0.000000,110,180,220,250,330,950,1100,1100,1200,1200,1200,1375,0,110,325.6275931835725,52.879041992127895,11490.708625002299,57139.53309090909
1777173689,16,GET,bulk_update_departures,1.500000,0.000000,86,98,110,110,260,290,290,290,290,290,290,72,0,94,216.89455083307823,52.879041992127895,5829.351417021826,108.16666666666667
1777173689,16,GET,large_scan,2.300000,0.000000,950,1000,1100,1100,1100,1200,1200,1200,1200,1200,1200,129,0,1100,1548.3803149464345,858.3833340089768,11490.708625002299,612473.4418604651
1777173689,16,GET,next_departures,9.500000,0.000000,80,120,170,200,270,300,330,390,390,390,390,521,0,90,202.73412875711583,54.291209002258256,6704.437791981036,86.0595009596929
1777173689,16,GET,point_read,12.600000,0.000000,74,110,140,180,230,260,310,320,330,330,330,623,0,91,193.46742838159403,53.02308397949673,6678.745291981613,81.07544141252006
1777173689,16,GET,trips_per_route,1.200000,0.000000,100,170,170,190,200,370,370,370,370,370,370,60,0,120,151.5543069365473,65.28416700894013,372.8432089847047,1177.6166666666666
1777173689,16,,Aggregated,27.100000,0.000000,83,130,200,220,310,930,1000,1100,1200,1200,1200,1405,0,100,320.7155983405373,52.879041992127895,11490.708625002299,56357.911743772245
1777173690,16,GET,bulk_update_departures,1.100000,0.000000,86,110,110,210,260,290,290,290,290,290,290,73,0,98,216.86802330117493,52.879041992127895,5829.351417021826,108.16438356164383
1777173690,16,GET,large_scan,2.000000,0.000000,950,1000,1000,1000,1100,1100,1200,1200,1200,1200,1200,131,0,1100,1540.3753829778275,858.3833340089768,11490.708625002299,612473.4503816793
1777173690,16,GET,next_departures,9.200000,0.000000,79,100,130,160,210,230,330,390,390,390,390,531,0,91,201.90926608564848,54.291209002258256,6704.437791981036,86.05838041431262
1777173690,16,GET,point_read,12.600000,0.000000,74,100,130,160,200,230,260,270,310,310,310,631,0,91,192.78623614375917,53.02308397949673,6678.745291981613,81.0729001584786
1777173690,16,GET,trips_per_route,1.300000,0.000000,100,170,170,190,200,370,370,370,370,370,370,60,0,120,151.5543069365473,65.28416700894013,372.8432089847047,1177.6166666666666
1777173690,16,,Aggregated,26.200000,0.000000,81,110,170,200,300,940,1000,1100,1200,1200,1200,1426,0,110,319.47807474436564,52.879041992127895,11490.708625002299,56388.09887798037
1777173691,16,GET,bulk_update_departures,1.100000,0.000000,86,98,110,110,210,290,290,290,290,290,290,73,0,98,216.86802330117493,52.879041992127895,5829.351417021826,108.16438356164383
1777173691,16,GET,large_scan,2.300000,0.000000,960,1000,1000,1100,1200,1300,1400,1400,1400,1400,1400,133,0,1100,1537.28099250457,858.3833340089768,11490.708625002299,612473.4436090225
1777173691,16,GET,next_departures,9.800000,0.000000,80,100,150,180,230,330,390,440,440,440,440,540,0,92,203.9277008526605,54.291209002258256,6704.437791981036,86.06111111111112
1777173691,16,GET,point_read,12.200000,0.000000,73,100,120,140,200,220,250,270,350,350,350,639,0,94,193.30071479606613,53.02308397949673,6678.745291981613,81.0735524256651
1777173691,16,GET,trips_per_route,1.500000,0.000000,100,170,210,290,310,370,370,370,370,370,370,63,0,120,157.13563558991098,65.28416700894013,372.8432089847047,1177.6190476190477
1777173691,16,,Aggregated,26.900000,0.000000,82,120,170,200,350,940,1000,1200,1400,1400,1400,1448,0,110,320.3241698628321,52.879041992127895,11490.708625002299,56380.75483425414
1777173692,16,GET,bulk_update_departures,1.200000,0.000000,86,98,110,110,210,290,290,290,290,290,290,73,0,98,216.86802330117493,52.879041992127895,5829.351417021826,108.16438356164383
1777173692,16,GET,large_scan,2.100000,0.000000,950,1000,1000,1100,1200,1300,1400,1400,1400,1400,1400,136,0,1100,1526.888966015309,858.3833340089768,11490.708625002299,612473.4485294118
1777173692,16,GET,next_departures,10.000000,0.000000,80,100,150,200,280,320,380,440,440,440,440,544,0,92,204.46523713679412,54.291209002258256,6704.437791981036,86.06066176470588
1777173692,16,GET,point_read,13.000000,0.000000,73,88,120,170,220,250,270,330,350,350,350,649,0,96,193.8890753153716,53.02308397949673,6678.745291981613,81.07087827426811
1777173692,16,GET,trips_per_route,1.300000,0.000000,130,210,290,310,360,370,370,370,370,370,370,65,0,120,161.12181860281942,65.28416700894013,372.8432089847047,1177.6153846153845
1777173692,16,,Aggregated,27.600000,0.000000,81,120,200,220,360,950,1000,1200,1400,1400,1400,1467,0,110,321.07994694638256,52.879041992127895,11490.708625002299,56905.42740286299
1777173693,16,GET,bulk_update_departures,1.200000,0.000000,79,86,98,190,210,210,210,210,210,210,210,74,0,98,216.48799483758725,52.879041992127895,5829.351417021826,108.16216216216216
1777173693,16,GET,large_scan,2.300000,0.000000,980,1000,1100,1100,1300,1400,1400,1400,1400,1400,1400,137,0,1100,1523.9350979569467,858.3833340089768,11490.708625002299,612473.4525547446
1777173693,16,GET,next_departures,9.700000,0.000000,84,180,210,230,320,400,500,500,500,500,500,557,0,96,206.85422763446198,54.291209002258256,6704.437791981036,86.06104129263913
1777173693,16,GET,point_read,12.900000,0.000000,73,110,180,200,250,330,470,470,470,470,470,659,0,99,196.01204648211333,53.02308397949673,6678.745291981613,81.06980273141123
1777173693,16,GET,trips_per_route,1.100000,0.000000,160,210,290,310,360,400,400,400,400,400,400,68,0,120,164.70811766425066,65.28416700894013,402.34679097193293,1177.6029411764705
1777173693,16,,Aggregated,27.200000,0.000000,87,190,220,260,470,950,1100,1200,1400,1400,1400,1495,0,110,321.3305120156256,52.879041992127895,11490.708625002299,56253.04682274247
1777173694,16,GET,bulk_update_departures,1.200000,0.000000,98,150,190,210,370,370,370,370,370,370,370,76,0,110,217.5631556050288,52.879041992127895,5829.351417021826,108.11842105263158
1777173694,16,GET,large_scan,2.300000,0.000000,980,1000,1100,1100,1200,1300,1400,1400,1400,1400,1400,139,0,1100,1516.2510183100042,858.3833340089768,11490.708625002299,612473.4604316547
1777173694,16,GET,next_departures,9.400000,0.000000,110,210,270,300,420,470,500,500,500,500,500,565,0,96,208.87268200775287,54.291209002258256,6704.437791981036,86.06725663716814
1777173694,16,GET,point_read,12.800000,0.000000,74,170,200,220,330,450,470,480,510,510,510,667,0,99,198.18230879265639,53.02308397949673,6678.745291981613,81.06896551724138
1777173694,16,GET,trips_per_route,1.300000,0.000000,170,210,290,310,360,400,400,400,400,400,400,68,0,120,164.70811766425066,65.28416700894013,402.34679097193293,1177.6029411764705
1777173694,16,,Aggregated,27.000000,0.000000,110,210,270,330,480,960,1100,1200,1400,1400,1400,1515,0,120,322.57063278635246,52.879041992127895,11490.708625002299,56320.00396039604
1777173695,16,GET,bulk_update_departures,1.000000,0.000000,120,150,190,210,370,370,370,370,370,370,370,78,0,110,214.84453891006967,52.879041992127895,5829.351417021826,108.1025641025641
1777173695,16,GET,large_scan,2.300000,0.000000,960,1000,1100,1100,1300,1400,1400,1400,1400,1400,1400,139,0,1100,1516.2510183100042,858.3833340089768,11490.708625002299,612473.4604316547
1777173695,16,GET,next_departures,9.500000,0.000000,150,210,270,310,420,470,500,500,500,500,500,573,0,97,207.7051446306638,54.291209002258256,6704.437791981036,86.07329842931937
1777173695,16,GET,point_read,12.500000,0.000000,100,170,200,220,330,450,470,480,510,510,510,678,0,100,196.91838656149832,53.02308397949673,6678.745291981613,81.0693215339233
1777173695,16,GET,trips_per_route,1.300000,0.000000,210,210,310,310,360,400,400,400,400,400,400,68,0,120,164.70811766425066,65.28416700894013,402.34679097193293,1177.6029411764705
1777173695,16,,Aggregated,26.600000,0.000000,130,210,270,330,470,940,1100,1200,1400,1400,1400,1536,0,120,319.8194215776766,52.879041992127895,11490.708625002299,55551.175130208336
1777173696,16,GET,bulk_update_departures,1.100000,0.000000,120,150,190,190,210,370,370,370,370,370,370,79,0,110,214.01067555674257,52.879041992127895,5829.351417021826,108.10126582278481
1777173696,16,GET,large_scan,2.200000,0.000000,1000,1200,1400,1500,1600,1600,1700,1700,1700,1700,1700,145,0,1100,1516.4670451317415,858.3833340089768,11490.708625002299,612473.4275862069
1777173696,16,GET,next_departures,9.500000,0.000000,160,220,280,310,420,470,500,500,500,500,500,582,0,99,206.74061125146963,54.291209002258256,6704.437791981036,86.0721649484536
1777173696,16,GET,point_read,11.100000,0.000000,130,190,220,240,360,470,480,510,510,510,510,682,0,100,196.6030348910468,53.02308397949673,6678.745291981613,81.0674486803519
1777173696,16,GET,trips_per_route,1.500000,0.000000,210,290,310,310,360,400,400,400,400,400,400,68,0,120,164.70811766425066,65.28416700894013,402.34679097193293,1177.6029411764705
1777173696,16,,Aggregated,25.400000,0.000000,170,220,290,360,500,1000,1500,1600,1700,1700,1700,1556,0,120,322.87983448477087,52.879041992127895,11490.708625002299,57199.643958868895
1777173697,16,GET,bulk_update_departures,1.100000,0.000000,120,150,190,190,210,370,370,370,370,370,370,80,0,110,212.61796606231655,52.879041992127895,5829.351417021826,108.1
1777173697,16,GET,large_scan,2.100000,0.000000,1100,1200,1400,1500,1600,1600,1700,1700,1700,1700,1700,147,0,1100,1510.337055007433,858.3833340089768,11490.708625002299,612473.4217687075
1777173697,16,GET,next_departures,9.200000,0.000000,170,220,280,310,420,470,500,500,500,500,500,593,0,97,204.7220574727523,54.291209002258256,6704.437791981036,86.06913996627318
1777173697,16,GET,point_read,11.600000,0.000000,130,200,220,250,360,470,480,510,510,510,510,691,0,99,195.05705041784756,53.02308397949673,6678.745291981613,81.06367583212734
1777173697,16,GET,trips_per_route,1.300000,0.000000,170,210,290,310,360,400,400,400,400,400,400,71,0,120,162.14999180528153,65.28416700894013,402.34679097193293,1177.619718309859
1777173697,16,,Aggregated,25.300000,0.000000,170,230,310,370,510,1100,1500,1600,1700,1700,1700,1582,0,120,320.3073550627862,52.879041992127895,11490.708625002299,57037.23514538559
1777173698,16,GET,bulk_update_departures,1.000000,0.000000,100,120,150,190,210,370,370,370,370,370,370,85,0,100,205.19886119941742,52.879041992127895,5829.351417021826,108.09411764705882
1777173698,16,GET,large_scan,1.700000,0.000000,1100,1200,1400,1500,1600,1600,1700,1700,1700,1700,1700,152,0,1100,1496.201010441023,858.3833340089768,11490.708625002299,612473.4144736842
1777173698,16,GET,next_departures,8.800000,0.000000,180,230,280,320,420,470,500,500,500,500,500,601,0,96,204.06017914038043,54.291209002258256,6704.437791981036,86.06988352745424
1777173698,16,GET,point_read,11.400000,0.000000,140,200,220,250,410,470,480,510,510,510,510,698,0,99,193.86310680040705,53.02308397949673,6678.745291981613,81.06160458452722
1777173698,16,GET,trips_per_route,1.200000,0.000000,170,210,290,310,360,400,400,400,400,400,400,71,0,120,162.14999180528153,65.28416700894013,402.34679097193293,1177.619718309859
1777173698,16,,Aggregated,24.100000,0.000000,180,240,330,400,940,1200,1500,1600,1700,1700,1700,1607,0,120,320.0583213548312,52.879041992127895,11490.708625002299,58056.66894835096
1777173699,16,GET,bulk_update_departures,1.000000,0.000000,110,150,150,190,210,370,370,370,370,370,370,86,0,100,203.46237976695573,52.879041992127895,5829.351417021826,108.09302325581395
1777173699,16,GET,large_scan,2.200000,0.000000,1100,1200,1400,1500,1600,1600,1700,1700,1700,1700,1700,154,0,1100,1488.4620998572564,854.7740000067279,11490.708625002299,612473.422077922
1777173699,16,GET,next_departures,8.800000,0.000000,160,220,280,310,420,470,500,500,500,500,500,616,0,94,200.91737445522108,52.52733299857937,6704.437791981036,86.07142857142857
1777173699,16,GET,point_read,10.300000,0.000000,170,200,230,250,410,470,480,510,510,510,510,710,0,98,191.9027305277012,53.02308397949673,6678.745291981613,81.06197183098591
1777173699,16,GET,trips_per_route,1.400000,0.000000,210,290,310,310,360,400,400,400,400,400,400,71,0,120,162.14999180528153,65.28416700894013,402.34679097193293,1177.619718309859
1777173699,16,,Aggregated,23.700000,0.000000,170,240,330,400,940,1200,1500,1600,1700,1700,1700,1637,0,110,316.584983992202,52.52733299857937,11490.708625002299,57742.448381185095
1777173700,16,GET,bulk_update_departures,1.200000,0.000000,110,150,190,200,210,370,370,370,370,370,370,87,0,100,203.41001237855005,52.879041992127895,5829.351417021826,108.0919540229885
1777173700,16,GET,large_scan,2.400000,0.000000,1100,1200,1200,1500,1600,1600,1700,1700,1700,1700,1700,157,0,1100,1479.6739901912067,854.7740000067279,11490.708625002299,612473.4203821656
1777173700,16,GET,next_departures,8.700000,0.000000,130,200,220,270,420,470,500,500,500,500,500,628,0,95,200.07492356287065,52.52733299857937,6704.437791981036,86.07165605095541
1777173700,16,GET,point_read,9.500000,0.000000,130,200,220,250,410,470,480,510,510,510,510,718,0,96,191.13846658449327,53.02308397949673,6678.745291981613,81.06128133704735
1777173700,16,GET,trips_per_route,1.300000,0.000000,210,290,310,310,360,400,400,400,400,400,400,72,0,120,163.93037212765194,65.28416700894013,402.34679097193293,1177.611111111111
1777173700,16,,Aggregated,23.100000,0.000000,160,220,290,370,900,1100,1500,1600,1700,1700,1700,1662,0,110,315.69972643519446,52.52733299857937,11490.708625002299,57981.211793020455
1777173701,16,GET,bulk_update_departures,1.500000,0.000000,110,150,150,190,200,370,370,370,370,370,370,87,0,100,203.41001237855005,52.879041992127895,5829.351417021826,108.0919540229885
1777173701,16,GET,large_scan,2.500000,0.000000,1100,1200,1200,1500,1600,1600,1700,1700,1700,1700,1700,159,0,1100,1472.3206420440765,854.7740000067279,11490.708625002299,612473.427672956
1777173701,16,GET,next_departures,8.500000,0.000000,120,160,200,230,400,470,500,500,500,500,500,638,0,93,198.2642318439859,52.52733299857937,6704.437791981036,86.07366771159874
1777173701,16,GET,point_read,9.300000,0.000000,90,140,190,220,410,470,480,510,510,510,510,734,0,94,188.656493822447,53.02308397949673,6678.745291981613,81.05858310626704
1777173701,16,GET,trips_per_route,1.100000,0.000000,170,210,290,360,400,400,400,400,400,400,400,73,0,120,162.8551992216173,65.28416700894013,402.34679097193293,1177.6164383561643
1777173701,16,,Aggregated,22.900000,0.000000,120,200,270,370,880,1100,1500,1600,1700,1700,1700,1691,0,110,312.6259781710581,52.52733299857937,11490.708625002299,57713.22117090479
1777173702,16,GET,bulk_update_departures,1.400000,0.000000,110,150,150,160,200,370,370,370,370,370,370,88,0,100,202.8647920673062,52.879041992127895,5829.351417021826,108.10227272727273
1777173702,16,GET,large_scan,2.500000,0.000000,1100,1200,1200,1500,1600,1600,1700,1700,1700,1700,1700,161,0,1100,1468.3378387827524,854.7740000067279,11490.708625002299,612473.4223602484
1777173702,16,GET,next_departures,9.100000,0.000000,120,170,200,220,300,420,470,480,490,490,490,651,0,96,198.76065470119823,52.52733299857937,6704.437791981036,86.06605222734255
1777173702,16,GET,point_read,8.700000,0.000000,87,130,170,190,340,440,480,510,510,510,510,743,0,95,188.71204992148319,53.02308397949673,6678.745291981613,81.06191117092867
1777173702,16,GET,trips_per_route,1.100000,0.000000,130,170,290,290,400,400,400,400,400,400,400,73,0,120,162.8551992216173,65.28416700894013,402.34679097193293,1177.6164383561643
1777173702,16,,Aggregated,22.800000,0.000000,120,180,240,330,880,1100,1500,1600,1700,1700,1700,1716,0,110,312.2081367081971,52.52733299857937,11490.708625002299,57587.38811188811
1777173703,16,GET,bulk_update_departures,1.400000,0.000000,110,150,160,200,220,370,370,370,370,370,370,89,0,110,203.04592127984998,52.879041992127895,5829.351417021826,108.10112359550561
1777173703,16,GET,large_scan,2.400000,0.000000,1100,1200,1200,1300,1600,1600,1700,1700,1700,1700,1700,163,0,1100,1463.9421756258962,854.7740000067279,11490.708625002299,612473.4294478528
1777173703,16,GET,next_departures,9.500000,0.000000,120,160,200,240,300,420,480,490,490,490,490,657,0,97,199.22254579372972,52.52733299857937,6704.437791981036,86.06544901065449
1777173703,16,GET,point_read,9.100000,0.000000,91,140,180,210,310,410,480,510,510,510,510,751,0,96,189.46039792368518,53.02308397949673,6678.745291981613,81.0612516644474
1777173703,16,GET,trips_per_route,1.100000,0.000000,130,170,290,290,400,400,400,400,400,400,400,73,0,120,162.8551992216173,65.28416700894013,402.34679097193293,1177.6164383561643
1777173703,16,,Aggregated,23.500000,0.000000,120,180,240,290,850,1100,1500,1600,1700,1700,1700,1733,0,120,312.61169220500506,52.52733299857937,11490.708625002299,57730.05077899596
1777173704,16,GET,bulk_update_departures,1.500000,0.000000,120,160,200,220,390,520,520,520,520,520,520,91,0,110,208.55796604307247,52.879041992127895,5829.351417021826,108.10989010989012
1777173704,16,GET,large_scan,2.500000,0.000000,1100,1200,1300,1500,1600,1600,1700,1700,1700,1700,1700,163,0,1100,1463.9421756258962,854.7740000067279,11490.708625002299,612473.4294478528
1777173704,16,GET,next_departures,9.900000,0.000000,120,170,220,240,290,330,400,490,490,490,490,664,0,99,200.25237575828214,52.52733299857937,6704.437791981036,86.0617469879518
1777173704,16,GET,point_read,9.500000,0.000000,91,140,210,230,310,340,400,470,470,470,470,762,0,99,191.4167843487195,53.02308397949673,6678.745291981613,81.05905511811024
1777173704,16,GET,trips_per_route,1.000000,0.000000,130,190,220,220,290,290,290,290,290,290,290,75,0,130,163.9111261224995,65.28416700894013,402.34679097193293,1177.6133333333332
1777173704,16,,Aggregated,24.400000,0.000000,120,200,250,290,880,1100,1500,1600,1700,1700,1700,1755,0,120,312.6620234605993,52.52733299857937,11490.708625002299,57008.68376068376
1777173705,16,GET,bulk_update_departures,1.400000,0.000000,110,160,200,220,390,520,520,520,520,520,520,91,0,110,208.55796604307247,52.879041992127895,5829.351417021826,108.10989010989012
1777173705,16,GET,large_scan,2.600000,0.000000,1100,1200,1300,1400,1600,1600,1700,1700,1700,1700,1700,166,0,1100,1457.6914847107164,854.7740000067279,11490.708625002299,612473.4277108434
1777173705,16,GET,next_departures,10.300000,0.000000,130,180,240,260,300,350,470,490,490,490,490,672,0,100,200.9474448846699,52.52733299857937,6704.437791981036,86.05952380952381
1777173705,16,GET,point_read,9.200000,0.000000,94,210,260,280,320,390,400,470,470,470,470,772,0,99,192.88366489471878,53.02308397949673,6678.745291981613,81.05699481865285
1777173705,16,GET,trips_per_route,0.700000,0.000000,130,190,220,220,290,290,290,290,290,290,290,75,0,130,163.9111261224995,65.28416700894013,402.34679097193293,1177.6133333333332
1777173705,16,,Aggregated,24.200000,0.000000,160,240,290,320,910,1200,1500,1600,1700,1700,1700,1776,0,120,313.7341036555783,52.52733299857937,11490.708625002299,57370.02027027027
1777173706,16,GET,bulk_update_departures,1.400000,0.000000,110,160,220,220,390,520,520,520,520,520,520,91,0,110,208.55796604307247,52.879041992127895,5829.351417021826,108.10989010989012
1777173706,16,GET,large_scan,2.400000,0.000000,1000,1100,1200,1200,1300,1400,1400,1400,1400,1400,1400,167,0,1100,1455.1563967304432,854.7740000067279,11490.708625002299,612473.4191616767
1777173706,16,GET,next_departures,10.000000,0.000000,130,210,250,270,330,370,470,490,490,490,490,680,0,100,201.17830980799386,52.52733299857937,6704.437791981036,86.05735294117648
1777173706,16,GET,point_read,9.500000,0.000000,130,210,260,290,340,390,400,440,470,470,470,794,0,100,192.6236528711835,53.02308397949673,6678.745291981613,81.06423173803526
1777173706,16,GET,trips_per_route,0.700000,0.000000,130,190,220,220,290,290,290,290,290,290,290,75,0,130,163.9111261224995,65.28416700894013,402.34679097193293,1177.6133333333332
1777173706,16,,Aggregated,24.000000,0.000000,160,240,290,320,470,1000,1200,1200,1400,1400,1400,1807,0,120,312.1348415452389,52.52733299857937,11490.708625002299,56726.122855561705
1777173707,16,GET,bulk_update_departures,1.400000,0.000000,110,160,220,220,390,520,520,520,520,520,520,93,0,110,205.51708057962148,52.879041992127895,5829.351417021826,108.11827956989248
1777173707,16,GET,large_scan,2.500000,0.000000,1000,1100,1200,1200,1300,1400,1400,1400,1400,1400,1400,168,0,1100,1451.7738060773506,854.7740000067279,11490.708625002299,612473.4107142857
1777173707,16,GET,next_departures,9.600000,0.000000,120,210,250,270,330,370,470,490,490,490,490,690,0,100,199.3634827933578,52.52733299857937,6704.437791981036,86.05652173913043
1777173707,16,GET,point_read,9.700000,0.000000,120,210,250,280,330,390,400,440,470,470,470,808,0,99,190.58203827069627,53.02308397949673,6678.745291981613,81.06188118811882
1777173707,16,GET,trips_per_route,0.700000,0.000000,97,130,190,220,290,290,290,290,290,290,290,77,0,120,161.53577221073695,65.28416700894013,402.34679097193293,1177.6233766233765
1777173707,16,,Aggregated,23.900000,0.000000,130,220,280,310,400,950,1200,1200,1400,1400,1400,1836,0,120,308.82376493750866,52.52733299857937,11490.708625002299,56166.19934640523
1777173708,16,GET,bulk_update_departures,1.300000,0.000000,160,200,220,390,520,520,520,520,520,520,520,94,0,100,204.24643831799412,52.879041992127895,5829.351417021826,108.12765957446808
1777173708,16,GET,large_scan,2.800000,0.000000,1100,1100,1200,1200,1300,1400,1400,1400,1400,1400,1400,172,0,1100,1443.6085438719601,854.7740000067279,11490.708625002299,612473.4011627907
1777173708,16,GET,next_departures,9.900000,0.000000,120,210,250,260,320,350,400,470,470,470,470,696,0,100,198.36462506102453,52.52733299857937,6704.437791981036,86.058908045977
1777173708,16,GET,point_read,9.900000,0.000000,110,200,240,280,330,390,400,440,470,470,470,824,0,99,188.53134557849063,53.02308397949673,6678.745291981613,81.05946601941747
1777173708,16,GET,trips_per_route,0.700000,0.000000,110,190,220,220,290,290,290,290,290,290,290,79,0,120,160.02528640792315,65.28416700894013,402.34679097193293,1177.632911392405
1777173708,16,,Aggregated,24.600000,0.000000,130,220,280,300,400,950,1200,1200,1400,1400,1400,1865,0,120,307.53535666125674,52.52733299857937,11490.708625002299,56608.74638069705
1777173709,16,GET,bulk_update_departures,1.300000,0.000000,160,200,220,390,520,520,520,520,520,520,520,95,0,100,202.8021008094871,52.879041992127895,5829.351417021826,108.12631578947368
1777173709,16,GET,large_scan,2.100000,0.000000,1100,1200,1200,1200,1300,1400,1400,1400,1400,1400,1400,172,0,1100,1443.6085438719601,854.7740000067279,11490.708625002299,612473.4011627907
1777173709,16,GET,next_departures,9.700000,0.000000,150,220,250,280,330,350,400,470,470,470,470,704,0,99,197.02657646790942,52.52733299857937,6704.437791981036,86.0596590909091
1777173709,16,GET,point_read,11.500000,0.000000,110,170,230,270,330,390,400,440,470,470,470,843,0,98,186.2070533412927,53.02308397949673,6678.745291981613,81.05575326215896
1777173709,16,GET,trips_per_route,0.500000,0.000000,92,110,190,220,290,290,290,290,290,290,290,80,0,120,159.18048544044723,65.28416700894013,402.34679097193293,1177.625
1777173709,16,,Aggregated,25.100000,0.000000,130,220,280,300,400,950,1200,1200,1400,1400,1400,1894,0,110,304.1080062081479,52.52733299857937,11490.708625002299,55743.83474128828
1777173710,16,GET,bulk_update_departures,1.300000,0.000000,160,220,250,390,520,520,520,520,520,520,520,96,0,100,203.31758804059064,52.879041992127895,5829.351417021826,108.125
1777173710,16,GET,large_scan,2.000000,0.000000,1000,1100,1200,1200,1300,1400,1400,1400,1400,1400,1400,176,0,1100,1433.4669846420265,854.7740000067279,11490.708625002299,612473.4090909091
1777173710,16,GET,next_departures,9.600000,0.000000,160,220,250,280,350,370,400,470,470,470,470,708,0,99,196.9021542477017,52.52733299857937,6704.437791981036,86.05649717514125
1777173710,16,GET,point_read,12.000000,0.000000,120,170,230,270,320,390,400,440,470,470,470,850,0,99,185.86504206794095,53.02308397949673,6678.745291981613,81.05411764705882
1777173710,16,GET,trips_per_route,0.800000,0.000000,92,110,190,190,220,220,220,220,220,220,220,80,0,120,159.18048544044723,65.28416700894013,402.34679097193293,1177.625
1777173710,16,,Aggregated,25.700000,0.000000,140,220,280,310,400,990,1200,1200,1400,1400,1400,1910,0,120,304.67807725091717,52.52733299857937,11490.708625002299,56560.07015706806
1777173711,16,GET,bulk_update_departures,1.000000,0.000000,160,250,270,270,390,520,520,520,520,520,520,98,0,100,202.67534941733027,52.879041992127895,5829.351417021826,108.11224489795919
1777173711,16,GET,large_scan,1.800000,0.000000,1100,1100,1200,1200,1200,1300,1400,1400,1400,1400,1400,180,0,1100,1426.0507396168477,854.7740000067279,11490.708625002299,612473.4055555556
1777173711,16,GET,next_departures,9.200000,0.000000,150,220,250,270,350,370,400,470,470,470,470,719,0,99,195.67153621741838,52.52733299857937,6704.437791981036,86.05841446453408
1777173711,16,GET,point_read,12.700000,0.000000,120,200,240,280,320,390,400,440,470,470,470,861,0,99,185.35450586381734,53.02308397949673,6678.745291981613,81.05458768873403
1777173711,16,GET,trips_per_route,0.800000,0.000000,92,110,190,220,220,220,220,220,220,220,220,81,0,120,159.90969034833086,65.28416700894013,402.34679097193293,1177.6172839506173
1777173711,16,,Aggregated,25.500000,0.000000,140,230,280,310,470,1000,1200,1200,1400,1400,1400,1939,0,120,304.16816213574845,52.52733299857937,11490.708625002299,56979.298091799894
1777173712,16,GET,bulk_update_departures,0.900000,0.000000,220,250,270,390,520,520,520,520,520,520,520,98,0,100,202.67534941733027,52.879041992127895,5829.351417021826,108.11224489795919
1777173712,16,GET,large_scan,1.900000,0.000000,1000,1100,1200,1200,1200,1400,1400,1400,1400,1400,1400,182,0,1100,1420.532478516599,854.7740000067279,11490.708625002299,612473.4065934066
1777173712,16,GET,next_departures,8.700000,0.000000,100,160,220,250,300,370,400,470,470,470,470,730,0,96,193.8211554209287,52.52733299857937,6704.437791981036,86.05890410958904
1777173712,16,GET,point_read,13.100000,0.000000,97,140,210,240,310,390,400,440,470,470,470,878,0,96,183.12744757025698,53.02308397949673,6678.745291981613,81.0501138952164
1777173712,16,GET,trips_per_route,0.900000,0.000000,92,110,190,220,220,220,220,220,220,220,220,82,0,120,158.92087959999606,65.28416700894013,402.34679097193293,1177.6097560975609
1777173712,16,,Aggregated,25.500000,0.000000,110,200,250,290,400,960,1200,1200,1400,1400,1400,1970,0,110,301.37357862136173,52.52733299857937,11490.708625002299,56706.24568527919
1777173713,16,GET,bulk_update_departures,1.000000,0.000000,86,250,270,390,520,520,520,520,520,520,520,99,0,100,201.3643012717813,52.879041992127895,5829.351417021826,108.11111111111111
1777173713,16,GET,large_scan,2.100000,0.000000,1000,1100,1200,1200,1200,1200,1400,1400,1400,1400,1400,184,0,1100,1416.9754653860014,854.7740000067279,11490.708625002299,612473.4130434783
1777173713,16,GET,next_departures,7.900000,0.000000,87,110,180,220,300,370,400,470,470,470,470,734,0,96,193.2745068669094,52.52733299857937,6704.437791981036,86.05722070844686
1777173713,16,GET,point_read,12.900000,0.000000,95,130,170,220,320,390,400,440,470,470,470,883,0,97,182.93886760212555,53.02308397949673,6678.745291981613,81.0475651189128
1777173713,16,GET,trips_per_route,0.800000,0.000000,110,120,190,220,220,220,220,220,220,220,220,83,0,120,158.4556611712057,65.28416700894013,402.34679097193293,1177.6024096385543
1777173713,16,,Aggregated,24.700000,0.000000,100,150,240,280,440,990,1200,1200,1400,1400,1400,1983,0,110,301.16433659461876,52.52733299857937,11490.708625002299,56953.24407463439
1777173714,16,GET,bulk_update_departures,1.000000,0.000000,86,250,270,270,390,520,520,520,520,520,520,100,0,100,201.6355574291083,52.879041992127895,5829.351417021826,108.11
1777173714,16,GET,large_scan,2.100000,0.000000,1000,1100,1100,1200,1200,1200,1200,1200,1200,1200,1200,189,0,1100,1406.644671767329,854.7740000067279,11490.708625002299,612473.417989418
1777173714,16,GET,next_departures,8.100000,0.000000,87,110,170,190,300,370,400,400,400,400,400,740,0,97,194.067521958582,52.52733299857937,6704.437791981036,86.05810810810812
1777173714,16,GET,point_read,13.000000,0.000000,93,130,140,200,300,390,400,410,440,440,440,892,0,98,184.48769689986278,53.02308397949673,6678.745291981613,81.04596412556054
1777173714,16,GET,trips_per_route,0.800000,0.000000,92,110,120,220,350,350,350,350,350,350,350,84,0,120,160.70639734763452,65.28416700894013,402.34679097193293,1177.607142857143
1777173714,16,,Aggregated,25.000000,0.000000,100,140,220,290,890,1000,1200,1200,1200,1200,1200,2005,0,120,303.0881436250203,52.52733299857937,11490.708625002299,57856.94862842893
1777173715,16,GET,bulk_update_departures,1.100000,0.000000,86,210,230,230,250,270,270,270,270,270,270,102,0,110,201.67297256771502,52.879041992127895,5829.351417021826,108.1078431372549
1777173715,16,GET,large_scan,2.000000,0.000000,1000,1100,1200,1200,1200,1200,1200,1200,1200,1200,1200,191,0,1100,1404.1208663037416,854.7740000067279,11490.708625002299,612473.4136125655
1777173715,16,GET,next_departures,8.000000,0.000000,87,110,180,190,220,310,370,400,400,400,400,748,0,100,194.29354060735096,52.52733299857937,6704.437791981036,86.05614973262033
1777173715,16,GET,point_read,13.300000,0.000000,95,130,150,190,280,320,380,400,410,410,410,906,0,99,185.3131996949882,53.02308397949673,6678.745291981613,81.04746136865342
1777173715,16,GET,trips_per_route,1.000000,0.000000,92,110,120,220,350,350,350,350,350,350,350,84,0,120,160.70639734763452,65.28416700894013,402.34679097193293,1177.607142857143
1777173715,16,,Aggregated,25.400000,0.000000,100,150,220,240,410,1000,1200,1200,1200,1200,1200,2031,0,120,303.0440144466178,52.52733299857937,11490.708625002299,57720.41703594288
1777173716,16,GET,bulk_update_departures,1.000000,0.000000,200,210,230,250,270,270,270,270,270,270,270,102,0,110,201.67297256771502,52.879041992127895,5829.351417021826,108.1078431372549
1777173716,16,GET,large_scan,2.500000,0.000000,1100,1100,1200,1200,1200,1200,1300,1300,1300,1300,1300,193,0,1100,1402.7260401866151,854.7740000067279,11490.708625002299,612473.4196891192
1777173716,16,GET,next_departures,7.800000,0.000000,93,170,220,220,310,400,750,780,780,780,780,755,0,100,196.54965308916582,52.52733299857937,6704.437791981036,86.0543046357616
1777173716,16,GET,point_read,13.600000,0.000000,100,160,220,240,330,400,580,580,730,730,730,916,0,100,187.58862500614538,53.02308397949673,6678.745291981613,81.04585152838428
1777173716,16,GET,trips_per_route,0.800000,0.000000,110,120,220,220,350,350,350,350,350,350,350,84,0,120,160.70639734763452,65.28416700894013,402.34679097193293,1177.607142857143
1777173716,16,,Aggregated,25.700000,0.000000,120,220,270,320,940,1100,1200,1200,1300,1300,1300,2050,0,120,304.8889145966216,52.52733299857937,11490.708625002299,57783.670731707316
1777173717,16,GET,bulk_update_departures,0.900000,0.000000,210,230,250,250,270,270,270,270,270,270,270,102,0,110,201.67297256771502,52.879041992127895,5829.351417021826,108.1078431372549
1777173717,16,GET,large_scan,2.500000,0.000000,1100,1200,1200,1200,1200,1300,1300,1300,1300,1300,1300,194,0,1100,1401.939184953682,854.7740000067279,11490.708625002299,612473.4226804124
1777173717,16,GET,next_departures,7.700000,0.000000,150,220,230,320,650,750,960,1000,1000,1000,1000,762,0,100,201.5713786604656,52.52733299857937,6704.437791981036,86.05774278215223
1777173717,16,GET,point_read,13.100000,0.000000,120,210,270,290,400,550,650,730,1100,1100,1100,921,0,100,190.29273276941433,53.02308397949673,6678.745291981613,81.04885993485343
1777173717,16,GET,trips_per_route,0.900000,0.000000,110,120,220,220,350,350,350,350,350,350,350,84,0,120,160.70639734763452,65.28416700894013,402.34679097193293,1177.607142857143
1777173717,16,,Aggregated,25.100000,0.000000,160,240,340,420,950,1100,1200,1200,1300,1300,1300,2063,0,120,307.75723697529224,52.52733299857937,11490.708625002299,57716.922927775086
1777173718,16,GET,bulk_update_departures,1.100000,0.000000,200,210,230,250,270,270,270,270,270,270,270,103,0,110,200.23098942632697,52.879041992127895,5829.351417021826,108.10679611650485
1777173718,16,GET,large_scan,2.500000,0.000000,1100,1200,1200,1200,1300,1300,1700,1700,1700,1700,1700,195,0,1100,1403.3385190462025,854.7740000067279,11490.708625002299,612473.4205128205
1777173718,16,GET,next_departures,7.500000,0.000000,93,200,220,260,640,750,960,1000,1000,1000,1000,776,0,100,199.1155774256598,52.52733299857937,6704.437791981036,86.06056701030928
1777173718,16,GET,point_read,12.800000,0.000000,140,220,270,310,410,580,730,1100,1100,1100,1100,930,0,100,189.13103275877918,53.02308397949673,6678.745291981613,81.0494623655914
1777173718,16,GET,trips_per_route,0.900000,0.000000,120,220,220,350,350,350,350,350,350,350,350,84,0,120,160.70639734763452,65.28416700894013,402.34679097193293,1177.607142857143
1777173718,16,,Aggregated,24.800000,0.000000,160,240,330,410,950,1100,1200,1300,1700,1700,1700,2088,0,120,305.64161352974094,52.52733299857937,11490.708625002299,57320.177203065134
1777173719,16,GET,bulk_update_departures,1.000000,0.000000,140,200,230,230,250,270,270,270,270,270,270,107,0,100,196.23338155993522,52.879041992127895,5829.351417021826,108.1214953271028
1777173719,16,GET,large_scan,2.500000,0.000000,1100,1200,1200,1300,1700,1800,1900,1900,1900,1900,1900,198,0,1100,1405.8009846667487,854.7740000067279,11490.708625002299,612473.4191919192
1777173719,16,GET,next_departures,7.100000,0.000000,110,200,220,260,640,750,960,1000,1000,1000,1000,785,0,99,197.95403906528298,52.52733299857937,6704.437791981036,86.06114649681528
1777173719,16,GET,point_read,11.400000,0.000000,140,220,280,310,410,580,730,1100,1100,1100,1100,942,0,99,187.89140442218815,53.02308397949673,6678.745291981613,81.04883227176221
1777173719,16,GET,trips_per_route,0.800000,0.000000,120,190,220,220,350,350,350,350,350,350,350,87,0,120,159.06399763396664,65.28416700894013,402.34679097193293,1177.5862068965516
1777173719,16,,Aggregated,22.800000,0.000000,150,230,330,410,950,1100,1300,1700,1900,1900,1900,2119,0,120,304.6586872189867,52.52733299857937,11490.708625002299,57351.42142520057
1777173720,16,GET,bulk_update_departures,0.800000,0.000000,82,140,140,200,210,230,230,230,230,230,230,111,0,100,192.47512945848695,52.879041992127895,5829.351417021826,108.10810810810811
1777173720,16,GET,large_scan,2.500000,0.000000,1100,1200,1200,1300,1700,1800,1900,1900,1900,1900,1900,200,0,1100,1400.8124108651828,854.7740000067279,11490.708625002299,612473.42
1777173720,16,GET,next_departures,7.400000,0.000000,86,170,220,240,540,700,960,1000,1000,1000,1000,795,0,97,196.4623092745838,52.52733299857937,6704.437791981036,86.06163522012578
1777173720,16,GET,point_read,11.000000,0.000000,120,220,270,290,410,580,730,1100,1100,1100,1100,951,0,99,186.97510954019782,53.02308397949673,6678.745291981613,81.04837013669821
1777173720,16,GET,trips_per_route,0.500000,0.000000,110,120,190,220,350,350,350,350,350,350,350,90,0,120,156.785390779583,65.28416700894013,402.34679097193293,1177.5666666666666
1777173720,16,,Aggregated,22.200000,0.000000,120,220,320,390,940,1100,1300,1700,1900,1900,1900,2147,0,120,302.57977259390464,52.52733299857937,11490.708625002299,57176.60037261295
1777173721,16,GET,bulk_update_departures,0.900000,0.000000,82,140,140,200,210,230,230,230,230,230,230,112,0,98,191.48287905279307,52.879041992127895,5829.351417021826,108.11607142857143
1777173721,16,GET,large_scan,2.600000,0.000000,1100,1200,1200,1300,1700,1800,1900,1900,1900,1900,1900,203,0,1100,1394.8412426405305,854.7740000067279,11490.708625002299,612473.4187192118
1777173721,16,GET,next_departures,8.000000,0.000000,86,170,220,240,540,700,960,1000,1000,1000,1000,806,0,96,195.0747564086337,52.52733299857937,6704.437791981036,86.05955334987593
1777173721,16,GET,point_read,10.000000,0.000000,140,230,280,320,410,580,730,1100,1100,1100,1100,961,0,99,186.54489026819942,53.02308397949673,6678.745291981613,81.04994797086368
1777173721,16,GET,trips_per_route,0.600000,0.000000,92,110,120,190,350,350,350,350,350,350,350,90,0,120,156.785390779583,65.28416700894013,402.34679097193293,1177.5666666666666
1777173721,16,,Aggregated,22.100000,0.000000,130,230,320,400,940,1100,1300,1700,1900,1900,1900,2172,0,120,301.66180160828793,52.52733299857937,11490.708625002299,57365.30709023941
1777173722,16,GET,bulk_update_departures,1.400000,0.000000,82,140,140,200,210,230,230,230,230,230,230,112,0,98,191.48287905279307,52.879041992127895,5829.351417021826,108.11607142857143
1777173722,16,GET,large_scan,2.500000,0.000000,1100,1200,1200,1300,1700,1800,1900,1900,1900,1900,1900,206,0,1100,1390.2865153982063,854.7740000067279,11490.708625002299,612473.4174757282
1777173722,16,GET,next_departures,8.200000,0.000000,94,160,220,240,540,700,960,1000,1000,1000,1000,821,0,96,193.09838357287654,52.52733299857937,6704.437791981036,86.06333739342266
1777173722,16,GET,point_read,10.000000,0.000000,140,230,280,320,420,580,730,1100,1100,1100,1100,969,0,99,185.65415751463033,53.02308397949673,6678.745291981613,81.05056759545924
1777173722,16,GET,trips_per_route,0.800000,0.000000,92,110,120,190,350,350,350,350,350,350,350,90,0,120,156.785390779583,65.28416700894013,402.34679097193293,1177.5666666666666
1777173722,16,,Aggregated,22.900000,0.000000,130,230,320,400,950,1100,1300,1700,1900,1900,1900,2198,0,110,300.44970033717664,52.52733299857937,11490.708625002299,57523.57142857143
1777173723,16,GET,bulk_update_departures,1.500000,0.000000,82,96,140,200,210,230,230,230,230,230,230,114,0,96,189.27775471846024,52.879041992127895,5829.351417021826,108.1140350877193
1777173723,16,GET,large_scan,2.200000,0.000000,1100,1200,1200,1300,1700,1800,1900,1900,1900,1900,1900,209,0,1100,1384.5908800098248,854.7740000067279,11490.708625002299,612473.4210526316
1777173723,16,GET,next_departures,8.300000,0.000000,79,120,200,220,500,700,960,1000,1000,1000,1000,830,0,94,191.66350828119727,52.52733299857937,6704.437791981036,86.06385542168675
1777173723,16,GET,point_read,9.800000,0.000000,92,200,230,270,390,580,730,1100,1100,1100,1100,983,0,97,183.9331782448481,53.02308397949673,6678.745291981613,81.04679552390641
1777173723,16,GET,trips_per_route,1.000000,0.000000,80,92,110,190,350,350,350,350,350,350,350,93,0,120,154.04587234614507,65.28416700894013,402.34679097193293,1177.5698924731182
1777173723,16,,Aggregated,22.800000,0.000000,92,200,240,320,870,1100,1300,1700,1900,1900,1900,2229,0,110,298.4165321562265,52.52733299857937,11490.708625002299,57550.4199192463
1777173724,16,GET,bulk_update_departures,1.400000,0.000000,82,96,140,140,200,210,210,210,210,210,210,114,0,96,189.27775471846024,52.879041992127895,5829.351417021826,108.1140350877193
1777173724,16,GET,large_scan,2.300000,0.000000,1100,1200,1200,1300,1700,1800,1900,1900,1900,1900,1900,211,0,1100,1381.8862638485914,854.7740000067279,11490.708625002299,612473.4218009479
1777173724,16,GET,next_departures,8.800000,0.000000,77,96,130,170,500,700,960,1000,1000,1000,1000,837,0,94,190.83734901244736,52.52733299857937,6704.437791981036,86.06332138590203
1777173724,16,GET,point_read,9.400000,0.000000,87,130,200,220,390,580,730,1100,1100,1100,1100,998,0,98,182.84472424612997,53.02308397949673,6678.745291981613,81.0440881763527
1777173724,16,GET,trips_per_route,0.900000,0.000000,75,92,110,110,190,350,350,350,350,350,350,94,0,110,153.15081431075902,65.28416700894013,402.34679097193293,1177.5744680851064
1777173724,16,,Aggregated,22.800000,0.000000,87,140,220,290,900,1100,1300,1700,1900,1900,1900,2254,0,110,297.1436282946871,52.52733299857937,11490.708625002299,57456.88819875776
1777173725,16,GET,bulk_update_departures,1.300000,0.000000,82,96,140,140,200,210,210,210,210,210,210,114,0,96,189.27775471846024,52.879041992127895,5829.351417021826,108.1140350877193
1777173725,16,GET,large_scan,2.500000,0.000000,1100,1100,1200,1300,1700,1800,1900,1900,1900,1900,1900,215,0,1100,1375.87030700037,854.7740000067279,11490.708625002299,612473.4139534883
1777173725,16,GET,next_departures,8.900000,0.000000,77,96,120,160,540,700,960,1000,1000,1000,1000,841,0,95,190.91713173535993,52.52733299857937,6704.437791981036,86.06064209274673
1777173725,16,GET,point_read,9.400000,0.000000,84,130,170,220,390,580,730,1100,1100,1100,1100,1003,0,98,183.2751897284399,53.02308397949673,6678.745291981613,81.04386839481555
1777173725,16,GET,trips_per_route,1.000000,0.000000,80,92,190,190,240,350,350,350,350,350,350,95,0,120,154.0874166968646,65.28416700894013,402.34679097193293,1177.578947368421
1777173725,16,,Aggregated,23.100000,0.000000,84,130,220,290,920,1100,1300,1700,1900,1900,1900,2268,0,110,298.2426841782403,52.52733299857937,11490.708625002299,58183.264109347445
1777173726,16,GET,bulk_update_departures,1.500000,0.000000,81,82,96,96,140,140,140,140,140,140,140,114,0,96,189.27775471846024,52.879041992127895,5829.351417021826,108.1140350877193
1777173726,16,GET,large_scan,2.100000,0.000000,1100,1200,1500,1600,1700,1800,1900,1900,1900,1900,1900,220,0,1100,1380.1321521094492,854.7740000067279,11490.708625002299,612473.4
1777173726,16,GET,next_departures,9.600000,0.000000,77,96,120,160,390,650,960,1000,1000,1000,1000,845,0,95,191.71996700877776,52.52733299857937,6704.437791981036,86.06035502958579
1777173726,16,GET,point_read,9.800000,0.000000,83,120,150,220,370,540,650,1100,1100,1100,1100,1010,0,99,184.69820446199347,53.02308397949673,6678.745291981613,81.04455445544555
1777173726,16,GET,trips_per_route,1.000000,0.000000,75,92,110,110,190,240,240,240,240,240,240,95,0,120,154.0874166968646,65.28416700894013,402.34679097193293,1177.578947368421
1777173726,16,,Aggregated,24.000000,0.000000,86,130,240,350,960,1100,1600,1700,1900,1900,1900,2284,0,110,301.3982490005324,52.52733299857937,11490.708625002299,59116.864711033275
1777173727,16,GET,bulk_update_departures,1.400000,0.000000,81,82,96,140,140,820,820,820,820,820,820,115,0,98,194.74867387755734,52.879041992127895,5829.351417021826,108.11304347826086
1777173727,16,GET,large_scan,2.400000,0.000000,1100,1200,1500,1600,1700,1800,1900,1900,1900,1900,1900,222,0,1100,1378.69684368061,854.7740000067279,11490.708625002299,612473.4054054054
1777173727,16,GET,next_departures,9.400000,0.000000,77,96,130,170,250,300,480,560,560,560,560,853,0,96,192.65194675427395,52.52733299857937,6704.437791981036,86.05978898007034
1777173727,16,GET,point_read,9.900000,0.000000,91,140,180,220,290,390,580,760,760,760,760,1022,0,99,185.71594142136433,53.02308397949673,6678.745291981613,81.0440313111546
1777173727,16,GET,trips_per_route,1.100000,0.000000,75,92,110,110,190,240,240,240,240,240,240,95,0,120,154.0874166968646,65.28416700894013,402.34679097193293,1177.578947368421
1777173727,16,,Aggregated,24.200000,0.000000,92,150,230,280,950,1100,1600,1700,1900,1900,1900,2307,0,120,302.2275266984164,52.52733299857937,11490.708625002299,59059.22626788037
1777173728,16,GET,bulk_update_departures,1.200000,0.000000,82,82,140,140,180,820,820,820,820,820,820,116,0,98,194.62842776656856,52.879041992127895,5829.351417021826,108.11206896551724
1777173728,16,GET,large_scan,2.300000,0.000000,1100,1100,1200,1300,1600,1600,1700,1700,1700,1700,1700,224,0,1100,1374.9387911344197,854.7740000067279,11490.708625002299,612473.40625
1777173728,16,GET,next_departures,9.200000,0.000000,91,120,190,240,300,470,520,560,560,560,560,860,0,96,193.9020242225609,52.52733299857937,6704.437791981036,86.06046511627908
1777173728,16,GET,point_read,9.800000,0.000000,110,170,200,230,310,390,480,580,760,760,760,1034,0,100,185.88395020080102,53.02308397949673,6678.745291981613,81.04352030947776
1777173728,16,GET,trips_per_route,1.100000,0.000000,75,80,92,110,240,240,240,240,240,240,240,95,0,120,154.0874166968646,65.28416700894013,402.34679097193293,1177.578947368421
1777173728,16,,Aggregated,23.600000,0.000000,110,180,250,300,920,1100,1400,1600,1700,1700,1700,2329,0,120,302.3448848262193,52.52733299857937,11490.708625002299,59028.02275654788
1777173729,16,GET,bulk_update_departures,1.300000,0.000000,140,180,270,330,820,820,820,820,820,820,820,119,0,100,195.37785605815074,52.879041992127895,5829.351417021826,108.10084033613445
1777173729,16,GET,large_scan,2.800000,0.000000,1100,1100,1200,1300,1600,1600,1700,1700,1700,1700,1700,225,0,1100,1373.2289028050016,854.7740000067279,11490.708625002299,612473.4044444445
1777173729,16,GET,next_departures,9.100000,0.000000,92,130,210,240,300,470,520,560,560,560,560,871,0,96,193.01614537581173,52.52733299857937,6704.437791981036,86.06314580941446
1777173729,16,GET,point_read,9.700000,0.000000,110,180,220,230,310,390,480,580,760,760,760,1048,0,100,185.17716007600654,53.02308397949673,6678.745291981613,81.04484732824427
1777173729,16,GET,trips_per_route,1.100000,0.000000,75,77,110,130,240,240,240,240,240,240,240,97,0,120,153.04436729068763,65.28416700894013,402.34679097193293,1177.5876288659795
1777173729,16,,Aggregated,24.000000,0.000000,120,210,270,320,950,1100,1400,1600,1700,1700,1700,2360,0,120,300.53156695391056,52.52733299857937,11490.708625002299,58514.19576271186
1777173730,16,GET,bulk_update_departures,1.300000,0.000000,81,140,180,270,330,820,820,820,820,820,820,122,0,96,192.33100167113037,52.879041992127895,5829.351417021826,108.10655737704919
1777173730,16,GET,large_scan,2.800000,0.000000,1100,1100,1200,1300,1600,1600,1700,1700,1700,1700,1700,227,0,1100,1369.1841571504356,854.7740000067279,11490.708625002299,612473.4096916299
1777173730,16,GET,next_departures,8.700000,0.000000,96,180,230,250,300,470,520,560,560,560,560,881,0,96,192.41779998903374,52.52733299857937,6704.437791981036,86.06129398410897
1777173730,16,GET,point_read,9.900000,0.000000,110,170,220,230,310,390,480,580,760,760,760,1058,0,99,184.19309747979725,53.02308397949673,6678.745291981613,81.04347826086956
1777173730,16,GET,trips_per_route,1.100000,0.000000,75,77,110,130,240,240,240,240,240,240,240,97,0,120,153.04436729068763,65.28416700894013,402.34679097193293,1177.5876288659795
1777173730,16,,Aggregated,23.800000,0.000000,130,220,270,320,940,1100,1400,1600,1700,1700,1700,2385,0,120,299.1659825694707,52.52733299857937,11490.708625002299,58415.28008385744
1777173731,16,GET,bulk_update_departures,1.400000,0.000000,85,180,270,270,330,820,820,820,820,820,820,124,0,96,191.63820224897674,52.879041992127895,5829.351417021826,108.10483870967742
1777173731,16,GET,large_scan,2.600000,0.000000,1000,1100,1200,1300,1600,1600,1700,1700,1700,1700,1700,232,0,1100,1360.1458146859559,854.7740000067279,11490.708625002299,612473.400862069
1777173731,16,GET,next_departures,8.500000,0.000000,120,210,250,250,330,480,520,560,560,560,560,889,0,96,192.37406599022793,52.52733299857937,6704.437791981036,86.05849268841395
1777173731,16,GET,point_read,10.500000,0.000000,110,170,220,230,310,390,480,580,760,760,760,1065,0,99,183.90500896860092,53.02308397949673,6678.745291981613,81.04413145539907
1777173731,16,GET,trips_per_route,1.000000,0.000000,77,130,240,240,290,290,290,290,290,290,290,98,0,120,154.4723180529533,65.28416700894013,402.34679097193293,1177.591836734694
1777173731,16,,Aggregated,24.000000,0.000000,150,230,280,350,940,1100,1400,1600,1700,1700,1700,2408,0,120,299.5575716246167,52.52733299857937,11490.708625002299,59130.172757475084
1777173732,16,GET,bulk_update_departures,1.100000,0.000000,80,85,180,210,330,820,820,820,820,820,820,129,0,92,187.10849705321874,52.879041992127895,5829.351417021826,108.10077519379846
1777173732,16,GET,large_scan,2.600000,0.000000,1000,1100,1200,1400,1600,1600,1700,1700,1700,1700,1700,232,0,1100,1360.1458146859559,854.7740000067279,11490.708625002299,612473.400862069
1777173732,16,GET,next_departures,8.400000,0.000000,100,200,250,250,310,470,520,560,560,560,560,903,0,96,190.59066569913102,52.52733299857937,6704.437791981036,86.05537098560355
1777173732,16,GET,point_read,10.600000,0.000000,110,170,220,230,310,390,480,580,760,760,760,1077,0,99,182.78141032920925,53.02308397949673,6678.745291981613,81.04735376044569
1777173732,16,GET,trips_per_route,0.900000,0.000000,77,85,130,240,290,290,290,290,290,290,290,100,0,110,152.910828361928,65.28416700894013,402.34679097193293,1177.6
1777173732,16,,Aggregated,23.600000,0.000000,130,220,270,310,910,1000,1400,1600,1700,1700,1700,2441,0,110,296.575525610026,52.52733299857937,11490.708625002299,58332.867677181486
1777173733,16,GET,bulk_update_departures,1.100000,0.000000,80,86,180,210,330,820,820,820,820,820,820,131,0,92,185.6979573425883,52.879041992127895,5829.351417021826,108.09923664122137
1777173733,16,GET,large_scan,2.800000,0.000000,1000,1100,1300,1400,1600,1600,1700,1700,1700,1700,1700,233,0,1100,1358.2245148762074,854.7740000067279,11490.708625002299,612473.4034334763
1777173733,16,GET,next_departures,8.600000,0.000000,110,200,250,250,310,470,520,560,560,560,560,914,0,96,189.53799270602917,52.52733299857937,6704.437791981036,86.05579868708972
1777173733,16,GET,point_read,10.500000,0.000000,120,180,220,230,320,400,580,760,760,760,760,1085,0,99,182.17995442264427,53.02308397949673,6678.745291981613,81.0479262672811
1777173733,16,GET,trips_per_route,0.700000,0.000000,130,180,240,240,290,290,290,290,290,290,290,101,0,120,153.21364112072717,65.28416700894013,402.34679097193293,1177.6039603960396
1777173733,16,,Aggregated,23.700000,0.000000,140,220,270,310,910,1000,1400,1600,1700,1700,1700,2464,0,110,295.1178157520733,52.52733299857937,11490.708625002299,58038.14691558442
1777173734,16,GET,bulk_update_departures,1.400000,0.000000,81,100,180,210,330,820,820,820,820,820,820,131,0,92,185.6979573425883,52.879041992127895,5829.351417021826,108.09923664122137
1777173734,16,GET,large_scan,2.900000,0.000000,980,1000,1100,1400,1600,1600,1700,1700,1700,1700,1700,238,0,1100,1350.368997408126,854.7740000067279,11490.708625002299,612473.4075630252
1777173734,16,GET,next_departures,8.400000,0.000000,100,190,240,250,310,470,520,560,560,560,560,925,0,95,188.305497344212,52.52733299857937,6704.437791981036,86.05621621621621
1777173734,16,GET,point_read,10.400000,0.000000,120,180,230,270,370,440,580,760,760,760,760,1095,0,99,181.9419887411508,53.02308397949673,6678.745291981613,81.04748858447489
1777173734,16,GET,trips_per_route,0.900000,0.000000,95,130,180,240,290,290,290,290,290,290,290,103,0,110,151.8712508465611,65.28416700894013,402.34679097193293,1177.611650485437
1777173734,16,,Aggregated,24.000000,0.000000,130,220,270,320,910,980,1400,1600,1700,1700,1700,2492,0,110,294.849941953116,52.52733299857937,11490.708625002299,58616.56300160514
1777173735,16,GET,bulk_update_departures,1.800000,0.000000,81,100,180,210,330,820,820,820,820,820,820,131,0,92,185.6979573425883,52.879041992127895,5829.351417021826,108.09923664122137
1777173735,16,GET,large_scan,2.500000,0.000000,980,1100,1100,1300,1600,1600,1700,1700,1700,1700,1700,241,0,1100,1346.2811023821953,854.7740000067279,11490.708625002299,612473.4066390041
1777173735,16,GET,next_departures,8.300000,0.000000,95,130,210,240,300,470,520,560,560,560,560,935,0,95,187.25923306780572,52.52733299857937,6704.437791981036,86.05668449197861
1777173735,16,GET,point_read,10.500000,0.000000,97,160,190,230,370,440,580,760,760,760,760,1105,0,98,181.01803507293445,53.02308397949673,6678.745291981613,81.04886877828055
1777173735,16,GET,trips_per_route,0.800000,0.000000,95,110,180,180,240,290,290,290,290,290,290,105,0,110,150.76837423035786,65.28416700894013,402.34679097193293,1177.6095238095238
1777173735,16,,Aggregated,23.900000,0.000000,100,190,250,300,910,980,1400,1600,1700,1700,1700,2517,0,110,293.8908101128989,52.52733299857937,11490.708625002299,58765.960667461266
1777173736,16,GET,bulk_update_departures,1.700000,0.000000,86,140,190,210,330,820,820,820,820,820,820,134,0,94,184.8898084170477,52.879041992127895,5829.351417021826,108.09701492537313
1777173736,16,GET,large_scan,2.500000,0.000000,980,1000,1100,1100,1100,1200,1200,1200,1200,1200,1200,244,0,1100,1344.0077158775835,854.7740000067279,11490.708625002299,612473.405737705
1777173736,16,GET,next_departures,8.400000,0.000000,96,130,190,230,260,310,480,520,520,520,520,940,0,95,187.07725399085865,52.52733299857937,6704.437791981036,86.0563829787234
1777173736,16,GET,point_read,9.900000,0.000000,93,140,170,190,230,300,440,480,480,480,480,1111,0,99,180.85361525436178,53.02308397949673,6678.745291981613,81.04950495049505
1777173736,16,GET,trips_per_route,0.800000,0.000000,95,130,180,180,190,290,290,290,290,290,290,106,0,110,151.1125094545588,65.28416700894013,402.34679097193293,1177.6132075471698
1777173736,16,,Aggregated,23.300000,0.000000,100,170,210,250,480,970,1100,1100,1200,1200,1200,2535,0,110,294.08758512946787,52.52733299857937,11490.708625002299,59074.46232741617
1777173737,16,GET,bulk_update_departures,1.700000,0.000000,86,140,180,190,270,330,330,330,330,330,330,135,0,96,184.84979193243714,52.879041992127895,5829.351417021826,108.08888888888889
1777173737,16,GET,large_scan,2.600000,0.000000,980,1000,1000,1100,1200,1200,1600,1600,1600,1600,1600,247,0,1100,1342.5769369397879,854.7740000067279,11490.708625002299,612473.4089068826
1777173737,16,GET,next_departures,8.800000,0.000000,97,140,190,240,300,400,480,520,520,520,520,950,0,96,188.2061441213591,52.52733299857937,6704.437791981036,86.05578947368421
1777173737,16,GET,point_read,9.700000,0.000000,90,140,170,200,290,330,440,480,480,480,480,1119,0,99,181.52918186468605,53.02308397949673,6678.745291981613,81.0491510277033
1777173737,16,GET,trips_per_route,0.800000,0.000000,95,130,180,180,190,290,290,290,290,290,290,106,0,110,151.1125094545588,65.28416700894013,402.34679097193293,1177.6132075471698
1777173737,16,,Aggregated,23.600000,0.000000,100,180,230,280,890,980,1100,1200,1600,1600,1600,2557,0,110,295.0786635741356,52.52733299857937,11490.708625002299,59285.41181071568
1777173738,16,GET,bulk_update_departures,1.800000,0.000000,81,100,120,140,190,210,210,210,210,210,210,135,0,96,184.84979193243714,52.879041992127895,5829.351417021826,108.08888888888889
1777173738,16,GET,large_scan,2.800000,0.000000,980,1000,1000,1100,1200,1200,1600,1600,1600,1600,1600,249,0,1100,1339.5593239885827,854.7740000067279,11490.708625002299,612473.4136546184
1777173738,16,GET,next_departures,9.300000,0.000000,96,140,190,230,280,330,400,440,440,440,440,956,0,96,188.780891300541,52.52733299857937,6704.437791981036,86.05125523012552
1777173738,16,GET,point_read,10.100000,0.000000,95,160,220,250,300,350,440,470,470,470,470,1133,0,100,182.78904711611452,53.02308397949673,6678.745291981613,81.0458958517211
1777173738,16,GET,trips_per_route,1.000000,0.000000,95,130,180,180,190,290,290,290,290,290,290,106,0,110,151.1125094545588,65.28416700894013,402.34679097193293,1177.6132075471698
1777173738,16,,Aggregated,25.000000,0.000000,100,190,250,280,890,980,1100,1200,1600,1600,1600,2579,0,120,295.5011407724289,52.52733299857937,11490.708625002299,59255.288483908495
1777173739,16,GET,bulk_update_departures,1.900000,0.000000,86,120,180,180,210,430,430,430,430,430,430,136,0,96,186.65655846972882,52.879041992127895,5829.351417021826,108.08823529411765
1777173739,16,GET,large_scan,2.300000,0.000000,980,1000,1100,1100,1200,1600,1600,1600,1600,1600,1600,250,0,1100,1340.4910386926495,854.7740000067279,11490.708625002299,612473.416
1777173739,16,GET,next_departures,9.900000,0.000000,100,190,250,270,390,540,810,830,830,830,830,963,0,99,191.87155897332102,52.52733299857937,6704.437791981036,86.0508826583593
1777173739,16,GET,point_read,10.000000,0.000000,120,220,270,290,440,620,870,880,880,880,880,1140,0,100,185.86314382851572,53.02308397949673,6678.745291981613,81.04473684210527
1777173739,16,GET,trips_per_route,1.100000,0.000000,95,130,180,180,190,290,290,290,290,290,290,106,0,110,151.1125094545588,65.28416700894013,402.34679097193293,1177.6132075471698
1777173739,16,,Aggregated,25.200000,0.000000,120,250,300,400,910,1000,1100,1200,1600,1600,1600,2595,0,120,297.95077953103845,52.52733299857937,11490.708625002299,59126.45048169557
1777173740,16,GET,bulk_update_departures,2.000000,0.000000,120,180,190,210,400,430,430,430,430,430,430,137,0,98,188.1975759845567,52.879041992127895,5829.351417021826,108.08759124087591
1777173740,16,GET,large_scan,2.500000,0.000000,1000,1000,1100,1100,1200,1600,1600,1600,1600,1600,1600,250,0,1100,1340.4910386926495,854.7740000067279,11490.708625002299,612473.416
1777173740,16,GET,next_departures,9.900000,0.000000,110,190,260,280,390,540,810,830,830,830,830,974,0,100,192.0563159222443,52.52733299857937,6704.437791981036,86.05441478439425
1777173740,16,GET,point_read,10.200000,0.000000,130,200,270,290,440,620,870,880,880,880,880,1149,0,100,185.59735284983367,53.02308397949673,6678.745291981613,81.04525674499565
1777173740,16,GET,trips_per_route,1.100000,0.000000,170,180,180,190,220,290,290,290,290,290,290,110,0,120,152.40207160214513,65.28416700894013,402.34679097193293,1177.6090909090908
1777173740,16,,Aggregated,25.700000,0.000000,160,220,300,350,870,1000,1100,1200,1600,1600,1600,2620,0,120,296.94055938626235,52.52733299857937,11490.708625002299,58564.74694656488
1777173741,16,GET,bulk_update_departures,1.700000,0.000000,120,180,190,190,400,430,430,430,430,430,430,137,0,98,188.1975759845567,52.879041992127895,5829.351417021826,108.08759124087591
1777173741,16,GET,large_scan,2.500000,0.000000,1000,1100,1200,1200,1300,1600,1600,1600,1600,1600,1600,254,0,1100,1338.5316164965657,854.7740000067279,11490.708625002299,612473.4094488189
1777173741,16,GET,next_departures,9.400000,0.000000,110,190,230,270,400,540,810,830,830,830,830,982,0,99,191.1410691194123,52.52733299857937,6704.437791981036,86.05397148676171
1777173741,16,GET,point_read,9.600000,0.000000,130,190,260,270,440,620,870,880,880,880,880,1160,0,100,184.7739424288036,53.02308397949673,6678.745291981613,81.04913793103448
1777173741,16,GET,trips_per_route,1.100000,0.000000,170,180,180,180,190,220,220,220,220,220,220,110,0,120,152.40207160214513,65.28416700894013,402.34679097193293,1177.6090909090908
1777173741,16,,Aggregated,24.300000,0.000000,140,220,290,390,880,1000,1300,1300,1600,1600,1600,2643,0,120,296.84927335184375,52.52733299857937,11490.708625002299,58982.63828982217
1777173742,16,GET,bulk_update_departures,1.600000,0.000000,170,180,190,400,430,430,430,430,430,430,430,139,0,100,187.45487374747708,52.879041992127895,5829.351417021826,108.0863309352518
1777173742,16,GET,large_scan,2.500000,0.000000,1100,1200,1200,1300,1300,1600,1600,1600,1600,1600,1600,257,0,1100,1336.3656537203708,854.7740000067279,11490.708625002299,612473.4124513619
1777173742,16,GET,next_departures,9.200000,0.000000,110,190,260,280,400,540,810,830,830,830,830,988,0,99,190.56957490010603,52.52733299857937,6704.437791981036,86.05263157894737
1777173742,16,GET,point_read,8.900000,0.000000,120,190,250,270,440,620,870,880,880,880,880,1176,0,100,183.48302013043462,53.02308397949673,6678.745291981613,81.04761904761905
1777173742,16,GET,trips_per_route,1.000000,0.000000,170,170,180,180,190,220,220,220,220,220,220,111,0,120,151.80995984911198,65.28416700894013,402.34679097193293,1177.6036036036037
1777173742,16,,Aggregated,23.200000,0.000000,150,220,330,410,920,1100,1300,1300,1600,1600,1600,2671,0,120,295.92357831335903,52.52733299857937,11490.708625002299,59053.4395357544
1777173743,16,GET,bulk_update_departures,1.400000,0.000000,140,180,190,190,400,430,430,430,430,430,430,141,0,100,186.02264415537147,52.879041992127895,5829.351417021826,108.0709219858156
1777173743,16,GET,large_scan,2.200000,0.000000,1100,1200,1200,1300,1300,1600,1600,1600,1600,1600,1600,260,0,1100,1334.4671421696637,854.7740000067279,11490.708625002299,612473.4115384616
1777173743,16,GET,next_departures,9.200000,0.000000,110,190,260,280,430,560,810,830,830,830,830,997,0,97,189.53362483279724,52.52733299857937,6704.437791981036,86.05015045135406
1777173743,16,GET,point_read,9.100000,0.000000,120,180,250,270,440,620,870,880,880,880,880,1186,0,99,182.62214211582733,53.02308397949673,6678.745291981613,81.04890387858347
1777173743,16,GET,trips_per_route,1.300000,0.000000,100,170,170,180,190,220,220,220,220,220,220,114,0,110,150.09183883580192,65.28416700894013,402.34679097193293,1177.6140350877192
1777173743,16,,Aggregated,23.200000,0.000000,140,220,330,410,970,1100,1300,1300,1600,1600,1600,2698,0,120,294.97998662897385,52.52733299857937,11490.708625002299,59145.47405485545
1777173744,16,GET,bulk_update_departures,1.100000,0.000000,140,180,190,190,400,430,430,430,430,430,430,142,0,100,185.55518509807806,52.879041992127895,5829.351417021826,108.07042253521126
1777173744,16,GET,large_scan,2.200000,0.000000,1200,1200,1300,1300,1300,1600,1600,1600,1600,1600,1600,261,0,1100,1332.6786543950493,854.7740000067279,11490.708625002299,612473.4137931034
1777173744,16,GET,next_departures,8.700000,0.000000,120,210,260,280,430,560,810,830,830,830,830,1005,0,96,188.72785145108153,52.52733299857937,6704.437791981036,86.04975124378109
1777173744,16,GET,point_read,9.600000,0.000000,110,160,200,260,350,500,810,870,880,880,880,1203,0,99,181.29180570020583,53.02308397949673,6678.745291981613,81.05070656691605
1777173744,16,GET,trips_per_route,1.100000,0.000000,130,170,170,180,190,220,220,220,220,220,220,117,0,110,149.0683721731174,65.28416700894013,402.34679097193293,1177.5982905982905
1777173744,16,,Aggregated,22.700000,0.000000,130,200,270,350,870,1100,1300,1300,1600,1600,1600,2728,0,110,293.02950791458,52.52733299857937,11490.708625002299,58721.653225806454
1777173745,16,GET,bulk_update_departures,0.900000,0.000000,140,180,190,190,400,430,430,430,430,430,430,143,0,100,184.7619865449077,52.879041992127895,5829.351417021826,108.06993006993007
1777173745,16,GET,large_scan,2.500000,0.000000,1200,1200,1300,1300,1600,1600,1600,1600,1600,1600,1600,263,0,1100,1329.4996937798617,854.7740000067279,11490.708625002299,612473.4144486692
1777173745,16,GET,next_departures,8.400000,0.000000,110,190,260,280,400,540,810,830,830,830,830,1020,0,96,187.19462332482377,52.52733299857937,6704.437791981036,86.05196078431372
1777173745,16,GET,point_read,9.900000,0.000000,110,160,200,260,350,500,810,870,880,880,880,1213,0,99,180.45485092695344,53.02308397949673,6678.745291981613,81.05028854080791
1777173745,16,GET,trips_per_route,1.000000,0.000000,130,170,170,180,190,220,220,220,220,220,220,119,0,110,147.9578228508897,65.28416700894013,402.34679097193293,1177.5966386554621
1777173745,16,,Aggregated,22.700000,0.000000,120,190,270,330,810,1100,1300,1300,1600,1600,1600,2758,0,110,291.34032430202905,52.52733299857937,11490.708625002299,58528.710297316895
1777173746,16,GET,bulk_update_departures,1.000000,0.000000,120,170,180,400,430,430,430,430,430,430,430,143,0,100,184.7619865449077,52.879041992127895,5829.351417021826,108.06993006993007
1777173746,16,GET,large_scan,2.700000,0.000000,1100,1200,1300,1300,1600,1600,1600,1600,1600,1600,1600,264,0,1100,1327.9525508412255,854.7740000067279,11490.708625002299,612473.4166666666
1777173746,16,GET,next_departures,8.100000,0.000000,96,130,220,260,390,540,810,830,830,830,830,1029,0,96,186.2037202792036,52.52733299857937,6704.437791981036,86.05247813411079
1777173746,16,GET,point_read,10.100000,0.000000,92,120,170,220,330,500,810,870,880,880,880,1228,0,98,179.20660691961294,53.02308397949673,6678.745291981613,81.05456026058631
1777173746,16,GET,trips_per_route,1.300000,0.000000,100,130,170,170,190,220,220,220,220,220,220,121,0,110,146.8529008366918,65.28416700894013,402.34679097193293,1177.603305785124
1777173746,16,,Aggregated,23.200000,0.000000,100,170,220,300,810,1000,1300,1300,1600,1600,1600,2785,0,110,289.56516336223706,52.52733299857937,11490.708625002299,58182.76804308797
1777173747,16,GET,bulk_update_departures,1.200000,0.000000,120,170,180,400,430,430,430,430,430,430,430,143,0,100,184.7619865449077,52.879041992127895,5829.351417021826,108.06993006993007
1777173747,16,GET,large_scan,2.300000,0.000000,1100,1200,1300,1300,1300,1600,1600,1600,1600,1600,1600,267,0,1100,1324.41806993299,854.7740000067279,11490.708625002299,612473.4119850188
1777173747,16,GET,next_departures,8.100000,0.000000,92,120,160,190,340,540,810,830,830,830,830,1038,0,96,185.58326658022523,52.52733299857937,6704.437791981036,86.0539499036609
1777173747,16,GET,point_read,10.900000,0.000000,87,100,130,150,270,500,810,870,880,880,880,1236,0,97,178.5969121547551,53.02308397949673,6678.745291981613,81.05663430420712
1777173747,16,GET,trips_per_route,1.500000,0.000000,92,130,170,170,180,220,220,220,220,220,220,122,0,110,146.4072561576642,65.28416700894013,402.34679097193293,1177.6065573770493
1777173747,16,,Aggregated,24.000000,0.000000,94,130,180,220,810,1000,1300,1300,1600,1600,1600,2806,0,110,289.12455029679836,52.52733299857937,11490.708625002299,58403.0766215253
1777173748,16,GET,bulk_update_departures,1.100000,0.000000,170,190,260,400,430,430,430,430,430,430,430,145,0,100,185.28325799270533,52.879041992127895,5829.351417021826,108.07586206896552
1777173748,16,GET,large_scan,2.000000,0.000000,1100,1200,1200,1300,1300,1300,1600,1600,1600,1600,1600,270,0,1100,1321.613905578205,854.7740000067279,11490.708625002299,612473.411111111
1777173748,16,GET,next_departures,8.600000,0.000000,93,120,170,190,340,540,810,830,830,830,830,1044,0,96,185.86389595435614,52.52733299857937,6704.437791981036,86.05459770114942
1777173748,16,GET,point_read,11.000000,0.000000,90,110,140,170,290,500,810,870,880,880,880,1249,0,99,179.5342957416495,53.02308397949673,6678.745291981613,81.05764611689351
1777173748,16,GET,trips_per_route,1.500000,0.000000,92,130,170,170,220,350,350,350,350,350,350,123,0,110,148.08944106689745,65.28416700894013,402.34679097193293,1177.6097560975609
1777173748,16,,Aggregated,24.200000,0.000000,98,130,190,260,810,1100,1200,1300,1600,1600,1600,2831,0,110,289.7199120183518,52.52733299857937,11490.708625002299,58537.41434122218
1777173749,16,GET,bulk_update_departures,0.900000,0.000000,120,170,190,260,400,400,400,400,400,400,400,145,0,100,185.28325799270533,52.879041992127895,5829.351417021826,108.07586206896552
1777173749,16,GET,large_scan,2.000000,0.000000,1100,1200,1200,1300,1300,1300,1600,1600,1600,1600,1600,272,0,1100,1319.7510609894807,854.7740000067279,11490.708625002299,612473.4117647059
1777173749,16,GET,next_departures,8.600000,0.000000,93,120,170,190,240,290,390,490,490,490,490,1052,0,96,186.50749877413705,52.52733299857937,6704.437791981036,86.05418250950571
1777173749,16,GET,point_read,11.600000,0.000000,90,110,150,190,280,310,310,330,510,510,510,1259,0,99,180.33573474929477,53.02308397949673,6678.745291981613,81.05798252581414
1777173749,16,GET,trips_per_route,1.500000,0.000000,92,130,170,170,190,350,350,350,350,350,350,124,0,110,148.42776580025526,65.28416700894013,402.34679097193293,1177.6129032258063
1777173749,16,,Aggregated,24.600000,0.000000,99,140,190,240,390,1100,1200,1300,1300,1300,1300,2852,0,110,290.14445396811607,52.52733299857937,11490.708625002299,58536.8316970547
1777173750,16,GET,bulk_update_departures,0.800000,0.000000,170,190,260,280,400,400,400,400,400,400,400,146,0,100,185.92339264342962,52.879041992127895,5829.351417021826,108.08219178082192
1777173750,16,GET,large_scan,2.100000,0.000000,1100,1200,1200,1300,1300,1300,1400,1400,1400,1400,1400,275,0,1100,1318.8490019895305,854.7740000067279,11490.708625002299,612473.4109090909
1777173750,16,GET,next_departures,8.800000,0.000000,92,120,180,200,280,320,360,490,490,490,490,1060,0,99,187.23687500226694,52.52733299857937,6704.437791981036,86.05471698113207
1777173750,16,GET,point_read,11.600000,0.000000,90,110,150,190,280,310,310,330,510,510,510,1265,0,99,180.28086328013015,53.02308397949673,6678.745291981613,81.05770750988142
1777173750,16,GET,trips_per_route,1.700000,0.000000,100,130,170,180,350,350,350,350,350,350,350,125,0,110,150.04457767377608,65.28416700894013,402.34679097193293,1177.616
1777173750,16,,Aggregated,25.000000,0.000000,98,150,220,270,510,1100,1200,1300,1400,1400,1400,2871,0,120,290.877827458743,52.52733299857937,11490.708625002299,58790.291187739465
1777173751,16,GET,bulk_update_departures,1.000000,0.000000,170,190,260,280,330,330,330,330,330,330,330,147,0,100,186.89073521056258,52.879041992127895,5829.351417021826,108.08843537414965
1777173751,16,GET,large_scan,2.100000,0.000000,1100,1100,1200,1200,1200,1300,1400,1400,1400,1400,1400,276,0,1100,1317.8631802758268,854.7740000067279,11490.708625002299,612473.4094202898
1777173751,16,GET,next_departures,8.900000,0.000000,100,160,200,220,280,320,360,490,490,490,490,1069,0,100,187.24684019491792,52.52733299857937,6704.437791981036,86.05425631431244
1777173751,16,GET,point_read,11.700000,0.000000,97,130,170,200,280,310,350,410,510,510,510,1280,0,100,180.18256478546846,53.02308397949673,6678.745291981613,81.05625
1777173751,16,GET,trips_per_route,1.800000,0.000000,92,130,190,190,350,350,350,350,350,350,350,126,0,110,150.54280886686192,65.28416700894013,402.34679097193293,1177.6190476190477
1777173751,16,,Aggregated,25.500000,0.000000,100,180,220,270,360,1100,1200,1200,1400,1400,1400,2898,0,120,290.1905192695212,52.52733299857937,11490.708625002299,58455.02898550725
1777173752,16,GET,bulk_update_departures,1.000000,0.000000,190,260,280,280,330,330,330,330,330,330,330,147,0,100,186.89073521056258,52.879041992127895,5829.351417021826,108.08843537414965
1777173752,16,GET,large_scan,2.300000,0.000000,1100,1100,1100,1200,1200,1300,1400,1400,1400,1400,1400,280,0,1100,1314.2935144541427,854.7740000067279,11490.708625002299,612473.4071428571
1777173752,16,GET,next_departures,8.900000,0.000000,110,160,200,220,280,320,360,490,490,490,490,1078,0,100,186.70559941408922,52.52733299857937,6704.437791981036,86.0547309833024
1777173752,16,GET,point_read,11.800000,0.000000,100,130,180,200,280,310,350,410,510,510,510,1294,0,100,179.27389642000333,53.02308397949673,6678.745291981613,81.05795981452859
1777173752,16,GET,trips_per_route,1.700000,0.000000,92,130,190,190,350,350,350,350,350,350,350,127,0,110,149.99856956084955,65.28416700894013,402.34679097193293,1177.6141732283465
1777173752,16,,Aggregated,25.700000,0.000000,110,190,220,280,410,1000,1100,1200,1400,1400,1400,2926,0,120,289.73820867847337,52.52733299857937,11490.708625002299,58733.99043062201
1777173753,16,GET,bulk_update_departures,1.000000,0.000000,190,260,280,280,330,330,330,330,330,330,330,149,0,100,185.31673847625012,52.879041992127895,5829.351417021826,108.08724832214764
1777173753,16,GET,large_scan,2.600000,0.000000,1000,1100,1100,1100,1200,1400,1400,1400,1400,1400,1400,281,0,1100,1312.8358400254874,854.7740000067279,11490.708625002299,612473.4092526691
1777173753,16,GET,next_departures,8.800000,0.000000,100,160,200,220,280,320,360,490,490,490,490,1087,0,99,185.79874931127364,52.52733299857937,6704.437791981036,86.05703771849126
1777173753,16,GET,point_read,12.000000,0.000000,98,120,170,200,280,310,350,410,510,510,510,1312,0,99,177.96884496146959,53.02308397949673,6678.745291981613,81.0579268292683
1777173753,16,GET,trips_per_route,1.500000,0.000000,92,130,190,210,350,350,350,350,350,350,350,128,0,110,149.45035254072536,65.28416700894013,402.34679097193293,1177.6171875
1777173753,16,,Aggregated,25.900000,0.000000,110,170,220,260,350,1000,1100,1200,1400,1400,1400,2957,0,110,287.82789154417947,52.52733299857937,11490.708625002299,58326.60128508624
1777173754,16,GET,bulk_update_departures,1.000000,0.000000,110,120,260,260,280,330,330,330,330,330,330,153,0,100,182.80482701949617,52.879041992127895,5829.351417021826,108.07843137254902
1777173754,16,GET,large_scan,2.200000,0.000000,1000,1100,1100,1100,1200,1400,1400,1400,1400,1400,1400,282,0,1100,1311.5700365147175,854.7740000067279,11490.708625002299,612473.4113475177
1777173754,16,GET,next_departures,8.700000,0.000000,100,160,200,220,280,320,360,490,490,490,490,1099,0,96,184.5374686090376,52.52733299857937,6704.437791981036,86.05550500454959
1777173754,16,GET,point_read,11.700000,0.000000,98,120,170,200,280,310,350,410,510,510,510,1325,0,99,177.03038927956203,53.02308397949673,6678.745291981613,81.05584905660378
1777173754,16,GET,trips_per_route,1.600000,0.000000,92,190,210,350,350,350,350,350,350,350,350,128,0,110,149.45035254072536,65.28416700894013,402.34679097193293,1177.6171875
1777173754,16,,Aggregated,25.200000,0.000000,100,170,220,260,350,1000,1100,1200,1400,1400,1400,2987,0,110,286.01723393140213,52.52733299857937,11490.708625002299,57946.68463341145
1777173755,16,GET,bulk_update_departures,0.800000,0.000000,100,120,190,260,280,330,330,330,330,330,330,154,0,100,182.15742851940118,52.879041992127895,5829.351417021826,108.07792207792208
1777173755,16,GET,large_scan,2.300000,0.000000,1000,1100,1100,1100,1200,1200,1400,1400,1400,1400,1400,284,0,1100,1308.7720667717292,854.7740000067279,11490.708625002299,612473.411971831
1777173755,16,GET,next_departures,9.000000,0.000000,120,170,200,220,280,320,360,490,490,490,490,1108,0,96,183.85973454631983,52.52733299857937,6704.437791981036,86.05595667870035
1777173755,16,GET,point_read,11.700000,0.000000,100,130,170,200,280,310,350,410,510,510,510,1338,0,99,176.25122023273923,53.02308397949673,6678.745291981613,81.05455904334828
1777173755,16,GET,trips_per_route,1.600000,0.000000,140,190,210,350,350,350,350,350,350,350,350,130,0,110,148.78680000950297,65.28416700894013,402.34679097193293,1177.623076923077
1777173755,16,,Aggregated,25.400000,0.000000,110,180,220,270,360,1000,1100,1200,1400,1400,1400,3014,0,110,284.87940063209084,52.52733299857937,11490.708625002299,57835.4296615793
1777173756,16,GET,bulk_update_departures,0.800000,0.000000,110,190,260,260,280,330,330,330,330,330,330,155,0,100,182.52272951593173,52.879041992127895,5829.351417021826,108.07096774193549
1777173756,16,GET,large_scan,2.000000,0.000000,1000,1100,1100,1100,1200,1200,1400,1400,1400,1400,1400,285,0,1100,1308.4581011865419,854.7740000067279,11490.708625002299,612473.4140350877
1777173756,16,GET,next_departures,8.900000,0.000000,130,180,220,220,280,320,360,490,490,490,490,1121,0,99,183.37993261404958,52.52733299857937,6704.437791981036,86.05619982158787
1777173756,16,GET,point_read,12.500000,0.000000,110,150,190,220,280,310,350,410,510,510,510,1348,0,99,175.97430338528204,53.02308397949673,6678.745291981613,81.05489614243324
1777173756,16,GET,trips_per_route,1.400000,0.000000,190,210,230,350,350,350,350,350,350,350,350,131,0,110,149.37711228418362,65.28416700894013,402.34679097193293,1177.618320610687
1777173756,16,,Aggregated,25.600000,0.000000,130,190,230,270,350,1000,1100,1200,1400,1400,1400,3040,0,110,284.0632398177867,52.52733299857937,11490.708625002299,57543.313486842104
1777173757,16,GET,bulk_update_departures,1.000000,0.000000,100,190,240,260,280,330,330,330,330,330,330,156,0,100,181.8923092434535,52.879041992127895,5829.351417021826,108.07692307692308
1777173757,16,GET,large_scan,2.000000,0.000000,1000,1100,1100,1200,1200,1400,1400,1400,1400,1400,1400,286,0,1100,1307.0294289235871,854.7740000067279,11490.708625002299,612473.4160839161
1777173757,16,GET,next_departures,9.400000,0.000000,120,160,210,220,280,320,360,490,490,490,490,1128,0,97,182.84389413590316,52.52733299857937,6704.437791981036,86.05585106382979
1777173757,16,GET,point_read,12.100000,0.000000,100,140,170,200,280,310,350,410,510,510,510,1363,0,99,175.32299502155868,53.02308397949673,6678.745291981613,81.05575935436536
1777173757,16,GET,trips_per_route,1.000000,0.000000,190,210,230,230,350,350,350,350,350,350,350,131,0,110,149.37711228418362,65.28416700894013,402.34679097193293,1177.618320610687
1777173757,16,,Aggregated,25.500000,0.000000,120,170,220,240,350,960,1100,1200,1400,1400,1400,3064,0,110,282.95273284041645,52.52733299857937,11490.708625002299,57293.10541775457
1777173758,16,GET,bulk_update_departures,1.100000,0.000000,83,100,110,240,280,330,330,330,330,330,330,159,0,98,179.8874954967584,52.879041992127895,5829.351417021826,108.0754716981132
1777173758,16,GET,large_scan,2.100000,0.000000,1000,1100,1200,1200,1300,1300,1400,1400,1400,1400,1400,291,0,1100,1304.1398077256076,854.7740000067279,11490.708625002299,612473.4158075601
1777173758,16,GET,next_departures,8.800000,0.000000,100,150,190,220,240,320,360,490,490,490,490,1137,0,96,182.02438944267362,52.52733299857937,6704.437791981036,86.05540897097626
1777173758,16,GET,point_read,12.500000,0.000000,95,120,140,160,220,280,350,410,510,510,510,1378,0,98,174.2513451897122,53.02308397949673,6678.745291981613,81.05515239477504
1777173758,16,GET,trips_per_route,1.000000,0.000000,190,210,230,230,350,350,350,350,350,350,350,131,0,110,149.37711228418362,65.28416700894013,402.34679097193293,1177.618320610687
1777173758,16,,Aggregated,25.500000,0.000000,100,150,190,220,350,960,1200,1300,1400,1400,1400,3096,0,110,282.5436957393759,52.52733299857937,11490.708625002299,57690.812338501295
1777173759,16,GET,bulk_update_departures,1.200000,0.000000,83,84,100,110,240,330,330,330,330,330,330,159,0,98,179.8874954967584,52.879041992127895,5829.351417021826,108.0754716981132
1777173759,16,GET,large_scan,2.100000,0.000000,1000,1200,1200,1300,1300,1400,1400,1400,1400,1400,1400,293,0,1100,1302.843323256443,854.7740000067279,11490.708625002299,612473.4163822526
1777173759,16,GET,next_departures,9.000000,0.000000,96,140,160,220,280,360,610,650,650,650,650,1143,0,96,183.4593713957281,52.52733299857937,6704.437791981036,86.05774278215223
1777173759,16,GET,point_read,12.000000,0.000000,95,120,140,150,220,370,560,610,610,610,610,1389,0,99,175.70263856115162,53.02308397949673,6678.745291981613,81.05471562275018
1777173759,16,GET,trips_per_route,1.000000,0.000000,140,210,230,230,350,350,350,350,350,350,350,131,0,110,149.37711228418362,65.28416700894013,402.34679097193293,1177.618320610687
1777173759,16,,Aggregated,25.300000,0.000000,100,140,180,220,580,960,1200,1300,1400,1400,1400,3115,0,110,283.67532381191245,52.52733299857937,11490.708625002299,57732.6202247191
1777173760,16,GET,bulk_update_departures,1.300000,0.000000,83,84,100,110,240,330,330,330,330,330,330,159,0,98,179.8874954967584,52.879041992127895,5829.351417021826,108.0754716981132
1777173760,16,GET,large_scan,2.100000,0.000000,1000,1200,1200,1300,1300,1400,1600,1600,1600,1600,1600,294,0,1100,1303.7486485445945,854.7740000067279,11490.708625002299,612473.4149659864
1777173760,16,GET,next_departures,8.900000,0.000000,94,130,160,190,250,570,610,650,650,650,650,1148,0,97,184.45348726593215,52.52733299857937,6704.437791981036,86.05749128919861
1777173760,16,GET,point_read,12.300000,0.000000,94,110,130,150,360,510,560,610,610,610,610,1395,0,99,177.08384596874544,53.02308397949673,6678.745291981613,81.05591397849463
1777173760,16,GET,trips_per_route,0.800000,0.000000,210,230,400,400,570,570,570,570,570,570,570,133,0,110,154.4338900469422,65.28416700894013,574.7180420148652,1177.6015037593984
1777173760,16,,Aggregated,25.400000,0.000000,98,130,180,230,570,930,1200,1300,1600,1600,1600,3129,0,110,284.8285363822399,52.52733299857937,11490.708625002299,57671.094918504314
1777173761,16,GET,bulk_update_departures,1.400000,0.000000,83,83,100,100,110,240,240,240,240,240,240,159,0,98,179.8874954967584,52.879041992127895,5829.351417021826,108.0754716981132
1777173761,16,GET,large_scan,2.100000,0.000000,1000,1200,1300,1300,1500,1600,1600,1600,1600,1600,1600,295,0,1100,1304.4825836343264,854.7740000067279,11490.708625002299,612473.4101694915
1777173761,16,GET,next_departures,9.200000,0.000000,94,130,170,220,330,570,610,650,650,650,650,1156,0,99,184.93257533847196,52.52733299857937,6704.437791981036,86.05709342560553
1777173761,16,GET,point_read,13.000000,0.000000,94,110,150,190,370,510,560,610,610,610,610,1400,0,99,177.50059172671172,53.02308397949673,6678.745291981613,81.05642857142857
1777173761,16,GET,trips_per_route,0.700000,0.000000,140,230,400,400,570,570,570,570,570,570,570,133,0,110,154.4338900469422,65.28416700894013,574.7180420148652,1177.6015037593984
1777173761,16,,Aggregated,26.400000,0.000000,96,140,220,280,580,960,1300,1300,1600,1600,1600,3143,0,110,285.15655960579835,52.52733299857937,11490.708625002299,57609.4247534203
1777173762,16,GET,bulk_update_departures,1.300000,0.000000,83,83,100,100,110,240,240,240,240,240,240,159,0,98,179.8874954967584,52.879041992127895,5829.351417021826,108.0754716981132
1777173762,16,GET,large_scan,2.000000,0.000000,1200,1300,1300,1500,1900,2300,2300,2300,2300,2300,2300,298,0,1100,1308.9452058327074,854.7740000067279,11490.708625002299,612473.4093959732
1777173762,16,GET,next_departures,9.100000,0.000000,96,160,230,250,570,650,690,890,890,890,890,1161,0,100,186.74240145673068,52.52733299857937,6704.437791981036,86.05770887166236
1777173762,16,GET,point_read,13.000000,0.000000,95,150,250,300,530,660,810,810,860,860,860,1409,0,100,180.6750782770447,53.02308397949673,6678.745291981613,81.05535841022001
1777173762,16,GET,trips_per_route,0.700000,0.000000,230,230,400,400,570,570,570,570,570,570,570,133,0,110,154.4338900469422,65.28416700894013,574.7180420148652,1177.6015037593984
1777173762,16,,Aggregated,26.100000,0.000000,100,190,300,440,690,960,1300,1600,2300,2300,2300,3160,0,110,288.1603176841756,52.52733299857937,11490.708625002299,57881.329430379745
1777173763,16,GET,bulk_update_departures,1.200000,0.000000,83,84,100,110,240,240,240,240,240,240,240,159,0,98,179.8874954967584,52.879041992127895,5829.351417021826,108.0754716981132
1777173763,16,GET,large_scan,1.800000,0.000000,1200,1300,1300,1500,1900,2300,2300,2300,2300,2300,2300,298,0,1100,1308.9452058327074,854.7740000067279,11490.708625002299,612473.4093959732
1777173763,16,GET,next_departures,8.600000,0.000000,130,200,230,240,570,650,690,890,890,890,890,1174,0,100,186.5344667881642,52.52733299857937,6704.437791981036,86.05962521294718
1777173763,16,GET,point_read,12.600000,0.000000,110,190,260,350,560,660,810,810,860,860,860,1422,0,100,180.52239803051359,53.02308397949673,6678.745291981613,81.056258790436
1777173763,16,GET,trips_per_route,0.800000,0.000000,180,210,230,400,570,570,570,570,570,570,570,136,0,120,155.14555331794648,65.28416700894013,574.7180420148652,1177.6029411764705
1777173763,16,,Aggregated,25.000000,0.000000,130,220,290,410,680,960,1300,1600,2300,2300,2300,3189,0,120,287.068639818773,52.52733299857937,11490.708625002299,57356.7607400439
1777173764,16,GET,bulk_update_departures,1.200000,0.000000,83,83,84,84,240,240,240,240,240,240,240,159,0,98,179.8874954967584,52.879041992127895,5829.351417021826,108.0754716981132
1777173764,16,GET,large_scan,2.000000,0.000000,1200,1300,1300,1500,1900,2300,2300,2300,2300,2300,2300,300,0,1100,1306.7187144638349,854.7740000067279,11490.708625002299,612473.4066666666
1777173764,16,GET,next_departures,8.700000,0.000000,130,200,230,240,570,650,690,890,890,890,890,1188,0,100,185.46181980337045,52.52733299857937,6704.437791981036,86.0580808080808
1777173764,16,GET,point_read,12.000000,0.000000,110,190,260,300,530,660,810,810,860,860,860,1436,0,100,179.611850654857,53.02308397949673,6678.745291981613,81.05640668523677
1777173764,16,GET,trips_per_route,0.700000,0.000000,210,230,400,400,570,570,570,570,570,570,570,136,0,120,155.14555331794648,65.28416700894013,574.7180420148652,1177.6029411764705
1777173764,16,,Aggregated,24.600000,0.000000,140,220,300,440,750,970,1300,1600,2300,2300,2300,3219,0,110,285.7933460208619,52.52733299857937,11490.708625002299,57203.47747747748
1777173765,16,GET,bulk_update_departures,1.200000,0.000000,83,84,88,88,240,240,240,240,240,240,240,161,0,96,178.64735891282564,52.879041992127895,5829.351417021826,108.0807453416149
1777173765,16,GET,large_scan,1.800000,0.000000,1200,1300,1300,1500,1900,2300,2300,2300,2300,2300,2300,303,0,1100,1306.4215684987923,854.7740000067279,11490.708625002299,612473.409240924
1777173765,16,GET,next_departures,8.600000,0.000000,140,200,230,250,440,650,690,890,890,890,890,1201,0,100,184.99296239996852,52.52733299857937,6704.437791981036,86.05828476269775
1777173765,16,GET,point_read,11.800000,0.000000,120,190,280,360,560,660,810,810,860,860,860,1445,0,99,179.03177811303755,53.02308397949673,6678.745291981613,81.05674740484429
1777173765,16,GET,trips_per_route,0.600000,0.000000,210,230,400,400,570,570,570,570,570,570,570,137,0,120,154.61810797972973,65.28416700894013,574.7180420148652,1177.6058394160584
1777173765,16,,Aggregated,24.000000,0.000000,140,230,310,440,810,1200,1300,1600,2300,2300,2300,3247,0,110,285.3920874804507,52.52733299857937,11490.708625002299,57277.073914382505
1777173766,16,GET,bulk_update_departures,1.000000,0.000000,80,83,84,84,88,88,88,88,88,88,88,162,0,94,177.97958329003765,52.879041992127895,5829.351417021826,108.08024691358025
1777173766,16,GET,large_scan,1.800000,0.000000,1200,1300,1300,1500,1900,2300,2300,2300,2300,2300,2300,304,0,1100,1305.0797767438398,854.7740000067279,11490.708625002299,612473.4111842106
1777173766,16,GET,next_departures,8.900000,0.000000,130,200,230,260,570,650,690,890,890,890,890,1208,0,100,184.37480153835884,52.52733299857937,6704.437791981036,86.05960264900662
1777173766,16,GET,point_read,11.100000,0.000000,100,150,250,350,560,660,810,810,860,860,860,1458,0,99,178.1850623006649,53.02308397949673,6678.745291981613,81.05624142661179
1777173766,16,GET,trips_per_route,0.800000,0.000000,180,210,230,400,570,570,570,570,570,570,570,139,0,120,153.8740389801565,65.28416700894013,574.7180420148652,1177.6043165467627
1777173766,16,,Aggregated,23.600000,0.000000,120,210,300,440,810,980,1300,1600,2300,2300,2300,3271,0,110,284.1589780293678,52.52733299857937,11490.708625002299,57045.3234484867
1777173767,16,GET,bulk_update_departures,0.800000,0.000000,80,80,83,83,88,88,88,88,88,88,88,162,0,94,177.97958329003765,52.879041992127895,5829.351417021826,108.08024691358025
1777173767,16,GET,large_scan,1.800000,0.000000,1000,1300,1300,1500,1900,2300,2300,2300,2300,2300,2300,306,0,1100,1303.3175721866903,854.7740000067279,11490.708625002299,612473.4117647059
1777173767,16,GET,next_departures,8.700000,0.000000,130,200,230,300,570,650,690,890,890,890,890,1218,0,100,184.18150154790288,52.52733299857937,6704.437791981036,86.0607553366174
1777173767,16,GET,point_read,11.400000,0.000000,98,170,260,350,530,660,810,810,860,860,860,1476,0,99,177.43314809376406,53.02308397949673,6678.745291981613,81.0569105691057
1777173767,16,GET,trips_per_route,0.800000,0.000000,180,210,230,400,570,570,570,570,570,570,570,140,0,110,153.3721678659536,65.28416700894013,574.7180420148652,1177.607142857143
1777173767,16,,Aggregated,23.500000,0.000000,120,220,300,410,680,970,1300,1600,2300,2300,2300,3302,0,110,283.26601107059,52.52733299857937,11490.708625002299,56881.79890975167
1777173768,16,GET,bulk_update_departures,0.700000,0.000000,72,80,83,83,88,88,88,88,88,88,88,163,0,94,177.25227858894075,52.879041992127895,5829.351417021826,108.079754601227
1777173768,16,GET,large_scan,1.900000,0.000000,1000,1300,1300,1500,1900,2300,2300,2300,2300,2300,2300,308,0,1100,1300.8007956074373,854.7740000067279,11490.708625002299,612473.4155844155
1777173768,16,GET,next_departures,9.100000,0.000000,130,200,230,270,440,650,690,890,890,890,890,1231,0,100,183.2426818386112,52.52733299857937,6704.437791981036,86.06011372867587
1777173768,16,GET,point_read,10.600000,0.000000,100,190,280,360,560,660,810,810,860,860,860,1487,0,98,176.7339031071895,53.02308397949673,6678.745291981613,81.05648957632818
1777173768,16,GET,trips_per_route,0.800000,0.000000,170,180,210,400,570,570,570,570,570,570,570,141,0,110,152.98202453352056,65.28416700894013,574.7180420148652,1177.6099290780141
1777173768,16,,Aggregated,23.100000,0.000000,130,220,310,410,680,970,1300,1600,2300,2300,2300,3330,0,110,282.1274135675783,52.52733299857937,11490.708625002299,56772.35525525526
1777173769,16,GET,bulk_update_departures,0.700000,0.000000,76,80,83,86,88,88,88,88,88,88,88,165,0,92,176.08471283650337,52.879041992127895,5829.351417021826,108.07878787878788
1777173769,16,GET,large_scan,2.100000,0.000000,1000,1200,1500,1500,1900,2300,2300,2300,2300,2300,2300,309,0,1100,1299.7304544404367,854.7740000067279,11490.708625002299,612473.4110032362
1777173769,16,GET,next_departures,8.700000,0.000000,110,150,200,230,340,570,690,890,890,890,890,1241,0,99,182.3701769148531,52.52733299857937,6704.437791981036,86.06124093473005
1777173769,16,GET,point_read,10.900000,0.000000,88,120,190,250,510,660,810,810,860,860,860,1508,0,97,175.4519862138042,53.02308397949673,6678.745291981613,81.05702917771883
1777173769,16,GET,trips_per_route,0.800000,0.000000,130,180,210,210,400,570,570,570,570,570,570,142,0,110,152.57595276909316,65.28416700894013,574.7180420148652,1177.612676056338
1777173769,16,,Aggregated,23.200000,0.000000,99,150,230,290,660,970,1300,1600,2300,2300,2300,3365,0,110,280.30890285143494,52.52733299857937,11490.708625002299,56365.04427934621
1777173770,16,GET,bulk_update_departures,0.600000,0.000000,80,86,88,88,100,350,350,350,350,350,350,167,0,94,176.71523947919815,52.879041992127895,5829.351417021826,108.07784431137725
1777173770,16,GET,large_scan,1.700000,0.000000,1000,1200,1300,1300,1900,2300,2300,2300,2300,2300,2300,310,0,1100,1298.6772989422354,854.7740000067279,11490.708625002299,612473.4129032259
1777173770,16,GET,next_departures,9.000000,0.000000,110,150,200,220,300,370,690,890,890,890,890,1248,0,99,182.23696338167755,52.52733299857937,6704.437791981036,86.06089743589743
1777173770,16,GET,point_read,11.400000,0.000000,89,120,180,220,300,650,810,810,860,860,860,1523,0,98,175.56448522875684,53.02308397949673,6678.745291981613,81.05778069599475
1777173770,16,GET,trips_per_route,0.900000,0.000000,130,180,210,210,400,570,570,570,570,570,570,142,0,110,152.57595276909316,65.28416700894013,574.7180420148652,1177.612676056338
1777173770,16,,Aggregated,23.600000,0.000000,99,150,210,250,650,920,1200,1500,2300,2300,2300,3390,0,110,279.81818119824794,52.52733299857937,11490.708625002299,56130.64395280236
1777173771,16,GET,bulk_update_departures,0.400000,0.000000,86,88,100,100,350,350,350,350,350,350,350,167,0,94,176.71523947919815,52.879041992127895,5829.351417021826,108.07784431137725
1777173771,16,GET,large_scan,1.800000,0.000000,980,1000,1200,1200,1300,2300,2300,2300,2300,2300,2300,311,0,1100,1298.110235546932,854.7740000067279,11490.708625002299,612473.4147909968
1777173771,16,GET,next_departures,9.400000,0.000000,110,140,170,220,290,370,690,890,890,890,890,1254,0,100,182.7386695975588,52.52733299857937,6704.437791981036,86.06060606060606
1777173771,16,GET,point_read,11.000000,0.000000,91,120,190,230,350,650,810,810,860,860,860,1532,0,98,176.4013228102901,53.02308397949673,6678.745291981613,81.0574412532637
1777173771,16,GET,trips_per_route,1.000000,0.000000,98,130,170,180,210,210,210,210,210,210,210,142,0,110,152.57595276909316,65.28416700894013,574.7180420148652,1177.612676056338
1777173771,16,,Aggregated,23.600000,0.000000,100,150,220,260,610,910,1000,1200,2300,2300,2300,3406,0,110,280.179281198484,52.52733299857937,11490.708625002299,56047.15267175573
