Timestamp,User Count,Type,Name,Requests/s,Failures/s,50%,66%,75%,80%,90%,95%,98%,99%,99.9%,99.99%,100%,Total Request Count,Total Failure Count,Total Median Response Time,Total Average Response Time,Total Min Response Time,Total Max Response Time,Total Average Content Size
1777173927,0,,Aggregated,0.000000,0.000000,N/A,N/A,N/A,N/A,N/A,N/A,N/A,N/A,N/A,N/A,N/A,0,0,0,0.0,0,0,0
1777173928,20,GET,bulk_update_departures,0.000000,0.000000,0,0,0,0,0,0,0,0,0,0,0,2,0,520,521.6998959949706,515.6093749974389,527.7904169925023,108.0
1777173928,20,GET,next_departures,0.000000,0.000000,0,0,0,0,0,0,0,0,0,0,0,7,0,530,535.2209585752072,517.0731249963865,590.3858750243671,86.0
1777173928,20,GET,point_read,0.000000,0.000000,0,0,0,0,0,0,0,0,0,0,0,14,0,510,361.82914571379246,71.67045801179484,539.5567500090692,81.0
1777173928,20,,Aggregated,0.000000,0.000000,0,0,0,0,0,0,0,0,0,0,0,23,0,520,428.5023713917168,71.67045801179484,590.3858750243671,84.8695652173913
1777173929,40,GET,bulk_update_departures,0.000000,0.000000,220,220,400,400,400,400,400,400,400,400,400,5,0,400,346.3876497989986,71.99516601394862,527.7904169925023,108.0
1777173929,40,GET,next_departures,0.000000,0.000000,94,200,310,380,390,410,420,420,420,420,420,36,0,180,250.01948963957452,70.2189999865368,590.3858750243671,85.97222222222223
1777173929,40,GET,point_read,0.000000,0.000000,96,110,200,310,390,400,410,410,410,410,410,52,0,100,215.07980617360982,68.13808297738433,539.5567500090692,81.0576923076923
1777173929,40,GET,trips_per_route,0.000000,0.000000,0,0,0,0,0,0,0,0,0,0,0,2,0,352.49029099941254,508.69354150199797,352.49029099941254,664.8967920045834,1178.0
1777173929,40,,Aggregated,0.000000,0.000000,96,190,310,350,390,410,420,660,660,660,660,95,0,110,241.41238821106717,68.13808297738433,664.8967920045834,107.43157894736842
1777173930,60,GET,bulk_update_departures,2.000000,0.000000,220,220,330,330,400,400,400,400,400,400,400,9,0,220,274.1391574446526,64.62204200215638,527.7904169925023,108.11111111111111
1777173930,60,GET,next_departures,7.000000,0.000000,110,230,380,390,580,590,600,600,600,600,600,58,0,180,258.86208837970304,70.2189999865368,600.5943329946604,86.06896551724138
1777173930,60,GET,point_read,12.000000,0.000000,130,200,310,340,540,590,600,620,620,620,620,91,0,140,232.26809848303353,68.13808297738433,618.9927080122288,81.10989010989012
1777173930,60,GET,trips_per_route,0.000000,0.000000,450,450,450,450,450,450,450,450,450,450,450,3,0,450,490.047666671065,352.49029099941254,664.8967920045834,1177.3333333333333
1777173930,60,,Aggregated,21.000000,0.000000,130,220,330,380,580,590,600,620,660,660,660,161,0,160,248.99250624219812,64.62204200215638,664.8967920045834,104.83229813664596
1777173931,80,GET,bulk_update_departures,2.000000,0.000000,120,220,220,300,330,400,400,400,400,400,400,16,0,120,218.64589324832195,64.62204200215638,527.7904169925023,108.0625
1777173931,80,GET,next_departures,7.000000,0.000000,110,240,310,350,390,580,600,600,600,600,600,89,0,130,229.89329734844617,70.2189999865368,600.5943329946604,86.10112359550561
1777173931,80,GET,point_read,12.000000,0.000000,120,200,270,310,380,580,600,600,620,620,620,141,0,120,206.8699524252418,65.59870799537748,618.9927080122288,81.11347517730496
1777173931,80,GET,trips_per_route,0.000000,0.000000,430,430,450,450,450,450,450,450,450,450,450,5,0,430,432.72544180508703,264.1105840157252,664.8967920045834,1177.4
1777173931,80,,Aggregated,21.000000,0.000000,120,220,300,320,390,580,600,600,660,660,660,251,0,130,220.2833795098382,64.62204200215638,664.8967920045834,106.43824701195219
1777173932,100,GET,bulk_update_departures,2.500000,0.000000,220,300,330,350,400,400,400,400,400,400,400,21,0,220,243.0021131890715,64.62204200215638,527.7904169925023,108.19047619047619
1777173932,100,GET,next_departures,16.500000,0.000000,190,240,310,320,390,580,600,760,780,780,780,120,0,200,239.2438080261248,70.2189999865368,776.6103750036564,86.20833333333333
1777173932,100,GET,point_read,25.000000,0.000000,170,230,310,310,380,580,750,770,780,780,780,174,0,180,226.66791954610346,65.59870799537748,777.7665840112604,81.16666666666667
1777173932,100,GET,trips_per_route,1.000000,0.000000,400,430,450,450,490,490,490,490,490,490,490,9,0,400,385.85880544592834,204.72966600209475,664.8967920045834,1177.3333333333333
1777173932,100,,Aggregated,45.000000,0.000000,190,250,310,320,400,580,660,760,780,780,780,324,0,200,236.80632280907665,64.62204200215638,777.7665840112604,115.23456790123457
1777173933,120,GET,bulk_update_departures,4.000000,0.000000,220,300,330,350,400,400,980,980,980,980,980,25,0,220,268.99764336063527,64.62204200215638,976.4010830258485,108.16
1777173933,120,GET,next_departures,22.250000,0.000000,230,310,350,380,520,760,1100,1100,1100,1100,1100,149,0,230,285.9486988532723,70.2189999865368,1096.626540995203,86.22818791946308
1777173933,120,GET,point_read,35.250000,0.000000,220,280,330,360,580,980,1100,1100,1100,1100,1100,225,0,220,285.32385278208596,65.59870799537748,1094.5958330121357,81.2088888888889
1777173933,120,GET,trips_per_route,1.250000,0.000000,440,450,480,490,520,520,520,520,520,520,520,12,0,430,409.0258888342457,204.72966600209475,664.8967920045834,1177.4166666666667
1777173933,120,,Aggregated,62.750000,0.000000,220,310,350,380,580,970,1100,1100,1100,1100,1100,411,0,230,288.1690383336587,64.62204200215638,1096.626540995203,116.67396593673966
1777173934,128,GET,bulk_update_departures,4.000000,0.000000,220,300,330,350,400,520,980,980,980,980,980,28,0,220,276.09596282127313,64.62204200215638,976.4010830258485,108.17857142857143
1777173934,128,GET,large_scan,0.000000,0.000000,0,0,0,0,0,0,0,0,0,0,0,2,0,6200,6262.665000496781,6184.026667004218,6341.3033339893445,612474.0
1777173934,128,GET,next_departures,22.250000,0.000000,230,310,360,390,580,980,1200,1200,1200,1200,1200,162,0,240,306.36806432179316,70.2189999865368,1175.4201670119073,86.19753086419753
1777173934,128,GET,point_read,35.250000,0.000000,230,310,340,360,580,970,1100,1100,1100,1100,1100,245,0,230,288.47214166533524,65.59870799537748,1094.5958330121357,81.21632653061225
1777173934,128,GET,trips_per_route,1.250000,0.000000,470,490,520,830,1500,1600,1600,1600,1600,1600,1600,16,0,450,582.9531118761224,204.72966600209475,1649.7807500127237,1177.3125
1777173934,128,,Aggregated,62.750000,0.000000,230,310,360,390,590,980,1100,1200,6300,6300,6300,453,0,240,330.88425580164414,64.62204200215638,6341.3033339893445,2827.099337748344
1777173935,128,GET,bulk_update_departures,4.000000,0.000000,220,300,330,350,400,520,980,980,980,980,980,28,0,220,276.09596282127313,64.62204200215638,976.4010830258485,108.17857142857143
1777173935,128,GET,large_scan,0.000000,0.000000,6100,6100,6100,6100,6100,6100,6100,6100,6100,6100,6100,4,0,6100,6106.143302495184,5810.307042003842,6341.3033339893445,612473.75
1777173935,128,GET,next_departures,24.333333,0.000000,240,310,360,390,590,1100,1200,5200,5500,5500,5500,172,0,240,364.31984353551996,70.2189999865368,5478.784083010396,86.20348837209302
1777173935,128,GET,point_read,36.666667,0.000000,230,310,340,370,580,980,1100,1100,5200,5200,5200,259,0,240,309.78278312721994,65.59870799537748,5203.674457996385,81.23166023166023
1777173935,128,GET,trips_per_route,1.833333,0.000000,480,520,880,880,1500,1600,1600,1600,1600,1600,1600,18,0,470,617.3220693890471,204.72966600209475,1649.7807500127237,1177.2777777777778
1777173935,128,,Aggregated,66.833333,0.000000,240,320,360,400,620,1100,1200,5500,6300,6300,6300,481,0,250,387.0349508025751,64.62204200215638,6341.3033339893445,5218.255717255717
1777173936,128,GET,bulk_update_departures,4.000000,0.000000,220,300,330,350,400,520,980,980,980,980,980,28,0,220,276.09596282127313,64.62204200215638,976.4010830258485,108.17857142857143
1777173936,128,GET,large_scan,0.285714,0.000000,6300,6300,6400,6400,6400,6400,6400,6400,6400,6400,6400,6,0,6200,6200.126291999671,5810.307042003842,6436.134375020629,612473.6666666666
1777173936,128,GET,next_departures,23.142857,0.000000,230,300,350,390,580,1100,1200,5200,5500,5500,5500,184,0,240,350.2120584461132,67.66695799888112,5478.784083010396,86.21195652173913
1777173936,128,GET,point_read,35.000000,0.000000,230,310,340,360,580,980,1100,1100,5200,5200,5200,269,0,230,304.1797770926431,65.59870799537748,5203.674457996385,81.23048327137546
1777173936,128,GET,trips_per_route,2.285714,0.000000,480,650,830,880,1500,1600,1600,1600,1600,1600,1600,21,0,480,608.6573193814339,204.72966600209475,1649.7807500127237,1177.2857142857142
1777173936,128,,Aggregated,64.714286,0.000000,240,310,360,390,620,1100,1600,6100,6400,6400,6400,508,0,240,401.52879372049136,64.62204200215638,6436.134375020629,7362.811023622047
1777173937,128,GET,bulk_update_departures,3.500000,0.000000,220,290,310,350,400,520,980,980,980,980,980,31,0,220,258.35197177366354,64.62204200215638,976.4010830258485,108.2258064516129
1777173937,128,GET,large_scan,0.500000,0.000000,7000,7100,7200,7200,7300,7500,7500,7500,7500,7500,7500,13,0,7000,6716.1253303078975,5810.307042003842,7508.635709004011,612473.2307692308
1777173937,128,GET,next_departures,21.375000,0.000000,220,280,340,380,580,980,1200,5200,5500,5500,5500,197,0,230,332.69276123935344,67.66695799888112,5478.784083010396,86.22842639593908
1777173937,128,GET,point_read,32.125000,0.000000,220,290,330,360,580,970,1100,1100,5200,5200,5200,280,0,220,295.7222057781889,57.24791600368917,5203.674457996385,81.24285714285715
1777173937,128,GET,trips_per_route,2.250000,0.000000,470,520,700,830,900,1500,1600,1600,1600,1600,1600,26,0,450,554.8074021935463,78.38404100039043,1649.7807500127237,1177.2307692307693
1777173937,128,,Aggregated,59.750000,0.000000,230,310,360,390,700,1100,6200,7000,7500,7500,7500,547,0,240,471.82125129444967,57.24791600368917,7508.635709004011,14690.767824497258
1777173938,128,GET,bulk_update_departures,3.111111,0.000000,200,240,310,330,400,520,980,980,980,980,980,33,0,220,247.31599115131593,64.62204200215638,976.4010830258485,108.24242424242425
1777173938,128,GET,large_scan,0.666667,0.000000,7200,7500,7600,7600,7700,7800,7800,7800,7800,7800,7800,18,0,7000,6981.070303332268,5810.307042003842,7827.835542004323,612473.2222222222
1777173938,128,GET,next_departures,20.111111,0.000000,230,280,350,390,600,1200,5000,5500,6000,6000,6000,209,0,220,393.24306184272774,65.63679198734462,5969.697374996031,86.18181818181819
1777173938,128,GET,point_read,29.777778,0.000000,220,290,330,360,600,980,1100,4900,6000,6000,6000,300,0,210,318.2204342831392,57.24791600368917,5973.537166981259,81.23666666666666
1777173938,128,GET,trips_per_route,2.333333,0.000000,440,490,650,700,900,1500,1600,1600,1600,1600,1600,29,0,440,516.694533000379,67.79912498313934,1649.7807500127237,1177.2413793103449
1777173938,128,,Aggregated,56.000000,0.000000,230,310,360,430,980,5000,7000,7500,7800,7800,7800,589,0,230,554.2593630476351,57.24791600368917,7827.835542004323,18853.33276740238
1777173939,128,GET,bulk_update_departures,3.000000,0.000000,120,220,290,310,400,520,980,980,980,980,980,37,0,180,230.33345494626997,64.62204200215638,976.4010830258485,108.27027027027027
1777173939,128,GET,large_scan,1.200000,0.000000,7700,8100,8100,8100,8200,8200,8300,8300,8300,8300,8300,29,0,7600,7423.44252593165,5810.307042003842,8292.028666997794,612473.1379310344
1777173939,128,GET,next_departures,19.500000,0.000000,210,260,310,350,760,1200,5200,5700,6000,6000,6000,232,0,200,387.11112988412737,64.0973339905031,5969.697374996031,86.1896551724138
1777173939,128,GET,point_read,27.900000,0.000000,220,280,320,340,460,1100,1100,4900,6000,6000,6000,318,0,200,305.4908010692214,57.24791600368917,5973.537166981259,81.25157232704403
1777173939,128,GET,trips_per_route,2.500000,0.000000,400,490,650,700,900,1600,6200,6200,6200,6200,6200,34,0,400,648.8232279413804,67.79912498313934,6207.529292005347,1177.235294117647
1777173939,128,,Aggregated,54.100000,0.000000,230,310,360,420,1100,6300,8100,8100,8300,8300,8300,650,0,220,665.8738733971796,57.24791600368917,8292.028666997794,27463.98
1777173940,128,GET,bulk_update_departures,3.100000,0.000000,180,240,310,350,400,520,980,980,980,980,980,39,0,180,222.01938035924775,64.62204200215638,976.4010830258485,108.25641025641026
1777173940,128,GET,large_scan,1.800000,0.000000,7700,8100,8100,8200,8300,8300,8500,8500,8500,8500,8500,31,0,7700,7485.981604903974,5810.307042003842,8481.445458019152,612473.1290322581
1777173940,128,GET,next_departures,19.800000,0.000000,190,250,310,370,980,5000,6000,6700,6900,6900,6900,259,0,180,434.44165414341717,64.0973339905031,6948.187667003367,86.18146718146718
1777173940,128,GET,point_read,28.500000,0.000000,210,280,330,360,760,1100,1100,5200,6100,6100,6100,350,0,190,302.728161171378,57.24791600368917,6133.795708999969,81.24571428571429
1777173940,128,GET,trips_per_route,2.900000,0.000000,400,490,650,700,900,1600,6200,6200,6200,6200,6200,37,0,400,615.8530089730473,67.79912498313934,6207.529292005347,1177.2702702702702
1777173940,128,,Aggregated,56.100000,0.000000,220,320,380,470,1500,7000,8100,8200,8500,8500,8500,716,0,200,673.164792948553,57.24791600368917,8481.445458019152,26655.314245810056
1777173941,128,GET,bulk_update_departures,3.200000,0.000000,86,180,220,240,520,980,980,980,980,980,980,41,0,120,214.88083029313512,64.62204200215638,976.4010830258485,108.29268292682927
1777173941,128,GET,large_scan,2.900000,0.000000,8100,8200,8300,8500,9000,9200,9900,9900,9900,9900,9900,38,0,8000,7779.566315842155,5810.307042003842,9947.030499984976,612473.0789473684
1777173941,128,GET,next_departures,19.800000,0.000000,100,220,270,360,1100,5500,6900,7700,7900,7900,7900,299,0,120,463.0812939232485,59.01320799603127,7884.63495799806,86.17391304347827
1777173941,128,GET,point_read,26.500000,0.000000,110,260,320,340,970,1100,7000,7100,7300,7300,7300,389,0,140,370.763803105535,57.24791600368917,7345.986542000901,81.24678663239075
1777173941,128,GET,trips_per_route,3.200000,0.000000,390,520,650,700,900,1600,6200,6200,6200,6200,6200,40,0,390,593.3428655749594,67.79912498313934,6207.529292005347,1177.3
1777173941,128,,Aggregated,55.600000,0.000000,130,280,390,520,6100,7700,8300,8900,9900,9900,9900,807,0,180,756.9464373706608,57.24791600368917,9947.030499984976,28975.068153655513
1777173942,128,GET,bulk_update_departures,3.200000,0.000000,85,90,120,200,520,980,980,980,980,980,980,43,0,120,209.0082131867665,64.62204200215638,976.4010830258485,108.27906976744185
1777173942,128,GET,large_scan,2.900000,0.000000,8100,8300,8800,9000,9200,9300,10000,10000,10000,10000,10000,43,0,8100,7963.020201627609,5810.307042003842,10039.572792011313,612473.0930232558
1777173942,128,GET,next_departures,19.800000,0.000000,88,110,130,210,970,5200,6900,7700,7900,7900,7900,328,0,110,430.45429650959613,58.63141600275412,7884.63495799806,86.15243902439025
1777173942,128,GET,point_read,26.500000,0.000000,95,110,210,280,620,6100,8200,8300,8800,8800,8800,428,0,120,442.93293154678224,57.24791600368917,8822.363834013231,81.2196261682243
1777173942,128,GET,trips_per_route,3.200000,0.000000,360,520,700,830,970,1600,6200,6200,6200,6200,6200,43,0,390,587.1016714880298,67.79912498313934,6207.529292005347,1177.2790697674418
1777173942,128,,Aggregated,55.600000,0.000000,100,200,320,480,7000,8100,8900,9200,10000,10000,10000,885,0,140,799.3298278736427,57.24791600368917,10039.572792011313,29892.250847457628
1777173943,128,GET,bulk_update_departures,2.500000,0.000000,90,140,200,250,390,520,980,980,980,980,980,49,0,140,211.29740138861294,64.62204200215638,976.4010830258485,108.24489795918367
1777173943,128,GET,large_scan,3.600000,0.000000,8200,8800,9100,9200,9900,10000,11000,11000,11000,11000,11000,48,0,8100,8200.806812562101,5810.307042003842,10822.369125002297,612472.9583333334
1777173943,128,GET,next_departures,20.200000,0.000000,91,110,170,240,5000,7900,9100,9300,9400,9400,9400,356,0,120,634.9313303121409,58.63141600275412,9428.232125006616,86.11797752808988
1777173943,128,GET,point_read,24.100000,0.000000,99,130,200,230,340,7000,8300,8700,8800,8800,8800,467,0,140,460.6493433150443,57.24791600368917,8822.363834013231,81.19700214132763
1777173943,128,GET,trips_per_route,3.500000,0.000000,350,490,530,700,970,6200,8800,8800,8800,8800,8800,46,0,400,763.0668776957622,67.79912498313934,8833.799084008206,1177.2608695652175
1777173943,128,,Aggregated,53.900000,0.000000,100,190,280,380,7700,8800,9300,9900,11000,11000,11000,966,0,180,911.2341335033911,57.24791600368917,10822.369125002297,30565.98033126294
1777173944,128,GET,bulk_update_departures,2.500000,0.000000,110,200,250,250,310,350,390,390,390,390,390,55,0,200,218.66215456446463,64.62204200215638,976.4010830258485,108.23636363636363
1777173944,128,GET,large_scan,3.600000,0.000000,8300,9100,9900,10000,10000,10000,11000,11000,11000,11000,11000,55,0,8200,8462.001341727393,5810.307042003842,10822.369125002297,612472.7272727273
1777173944,128,GET,next_departures,20.200000,0.000000,96,140,240,280,5000,8600,9300,10000,10000,10000,10000,381,0,160,689.84215324685,58.63141600275412,10338.883916992927,86.11023622047244
1777173944,128,GET,point_read,24.100000,0.000000,100,140,210,240,340,7100,8700,8800,9600,9600,9600,490,0,160,488.71131606337053,57.24791600368917,9564.568457979476,81.19591836734693
1777173944,128,GET,trips_per_route,3.500000,0.000000,320,410,520,530,970,6200,8800,8800,8800,8800,8800,47,0,400,755.4661684255908,67.79912498313934,8833.799084008206,1177.276595744681
1777173944,128,,Aggregated,53.900000,0.000000,110,230,290,360,8100,9100,10000,10000,11000,11000,11000,1028,0,200,987.589306877584,57.24791600368917,10822.369125002297,32898.71498054475
1777173945,128,GET,bulk_update_departures,2.500000,0.000000,180,240,290,290,350,390,10000,10000,10000,10000,10000,64,0,200,380.8927337508976,64.62204200215638,10356.439041992417,108.25
1777173945,128,GET,large_scan,4.600000,0.000000,8800,9300,10000,10000,10000,11000,11000,11000,11000,11000,11000,59,0,8300,8561.8933503224,5810.307042003842,10822.369125002297,612472.7118644068
1777173945,128,GET,next_departures,20.900000,0.000000,110,220,290,330,6700,9200,10000,10000,11000,11000,11000,422,0,180,818.5984695141157,58.63141600275412,11204.19645900256,86.1303317535545
1777173945,128,GET,point_read,24.000000,0.000000,130,210,260,290,430,8200,9900,10000,11000,11000,11000,566,0,190,566.2410177422898,57.24791600368917,11055.32154100365,81.20141342756183
1777173945,128,GET,trips_per_route,3.500000,0.000000,360,410,520,530,6200,8800,10000,10000,10000,10000,10000,51,0,410,922.8737214117941,67.79912498313934,10093.614084005821,1177.2941176470588
1777173945,128,,Aggregated,55.500000,0.000000,150,270,340,420,8300,9900,10000,10000,11000,11000,11000,1162,0,210,1069.3084101533334,57.24791600368917,11204.19645900256,31226.477624784853
1777173946,128,GET,bulk_update_departures,2.500000,0.000000,200,240,260,290,350,390,10000,10000,10000,10000,10000,68,0,200,369.0818743977134,64.62204200215638,10356.439041992417,108.23529411764706
1777173946,128,GET,large_scan,4.600000,0.000000,9000,9800,10000,10000,10000,11000,11000,11000,11000,11000,11000,61,0,8500,8590.744373000696,5810.307042003842,10822.369125002297,612472.7213114754
1777173946,128,GET,next_departures,20.900000,0.000000,140,230,300,330,6000,9200,10000,10000,11000,11000,11000,450,0,190,781.380806131185,58.63141600275412,11204.19645900256,86.13777777777777
1777173946,128,GET,point_read,24.000000,0.000000,170,230,270,310,400,7100,9600,10000,11000,11000,11000,617,0,190,538.0770347117068,57.24791600368917,11055.32154100365,81.20907617504052
1777173946,128,GET,trips_per_route,3.500000,0.000000,400,530,610,610,6200,10000,11000,11000,11000,11000,11000,57,0,440,1060.6405614209443,67.79912498313934,10519.093334005447,1177.3157894736842
1777173946,128,,Aggregated,55.500000,0.000000,180,270,330,380,8200,9800,10000,10000,11000,11000,11000,1253,0,210,1032.086495921179,57.24791600368917,11204.19645900256,29947.462889066242
1777173947,128,GET,bulk_update_departures,3.500000,0.000000,200,260,310,350,550,640,10000,10000,10000,10000,10000,72,0,200,378.571116903509,64.62204200215638,10356.439041992417,108.22222222222223
1777173947,128,GET,large_scan,5.500000,0.000000,9200,9900,10000,10000,10000,11000,11000,11000,11000,11000,11000,64,0,8800,8633.063567735462,5810.307042003842,10822.369125002297,612472.734375
1777173947,128,GET,next_departures,24.700000,0.000000,150,270,330,380,5000,9100,10000,10000,11000,11000,11000,494,0,190,742.8025404250095,58.63141600275412,11204.19645900256,86.1497975708502
1777173947,128,GET,point_read,30.100000,0.000000,180,260,320,350,550,7000,9500,10000,11000,11000,11000,671,0,200,524.8015133533283,57.24791600368917,11055.32154100365,81.21460506706408
1777173947,128,GET,trips_per_route,3.300000,0.000000,510,610,660,970,8800,10000,11000,11000,11000,11000,11000,59,0,450,1056.7751998640201,67.79912498313934,10519.093334005447,1177.322033898305
1777173947,128,,Aggregated,67.100000,0.000000,210,310,380,500,8100,9600,10000,10000,11000,11000,11000,1360,0,220,1000.8891146868657,57.24791600368917,11204.19645900256,28950.413235294116
1777173948,128,GET,bulk_update_departures,4.000000,0.000000,200,250,290,320,390,620,10000,10000,10000,10000,10000,80,0,200,348.9590046876401,64.62204200215638,10356.439041992417,108.1625
1777173948,128,GET,large_scan,5.500000,0.000000,9600,10000,10000,10000,10000,11000,11000,11000,11000,11000,11000,68,0,8900,8687.863337647714,5810.307042003842,10822.369125002297,612472.75
1777173948,128,GET,next_departures,26.900000,0.000000,130,240,320,360,660,8900,10000,10000,11000,11000,11000,533,0,170,694.7044597654826,58.63141600275412,11204.19645900256,86.16322701688556
1777173948,128,GET,point_read,34.900000,0.000000,150,230,290,340,500,710,8800,10000,11000,11000,11000,744,0,170,482.55484767365505,57.24791600368917,11055.32154100365,81.23252688172043
1777173948,128,GET,trips_per_route,3.600000,0.000000,500,560,610,910,8800,10000,11000,11000,11000,11000,11000,64,0,440,999.9620455773766,67.79912498313934,10519.093334005447,1177.3125
1777173948,128,,Aggregated,74.900000,0.000000,170,270,340,410,7000,9500,10000,10000,11000,11000,11000,1489,0,200,948.2788999168633,57.24791600368917,11204.19645900256,28098.39489590329
1777173949,128,GET,bulk_update_departures,4.200000,0.000000,180,240,290,310,390,620,10000,10000,10000,10000,10000,87,0,180,328.6904176093649,64.62204200215638,10356.439041992417,108.20689655172414
1777173949,128,GET,large_scan,5.100000,0.000000,9600,10000,10000,10000,10000,11000,11000,11000,11000,11000,11000,72,0,9000,8740.469971097707,5810.307042003842,10822.369125002297,612472.7638888889
1777173949,128,GET,next_departures,28.300000,0.000000,120,220,300,330,640,8900,10000,10000,11000,11000,11000,576,0,130,649.6000357463648,58.63141600275412,11204.19645900256,86.17534722222223
1777173949,128,GET,point_read,38.100000,0.000000,140,220,280,320,450,680,8800,10000,11000,11000,11000,799,0,160,456.5057347186821,57.24791600368917,11055.32154100365,81.2377972465582
1777173949,128,GET,trips_per_route,3.400000,0.000000,530,610,660,910,8800,10000,11000,11000,11000,11000,11000,67,0,450,981.3404452683814,67.79912498313934,10519.093334005447,1177.2985074626865
1777173949,128,,Aggregated,79.100000,0.000000,150,250,330,390,970,9500,10000,10000,11000,11000,11000,1601,0,180,913.5399229944812,57.24791600368917,11204.19645900256,27670.754528419737
1777173950,128,GET,bulk_update_departures,4.700000,0.000000,200,250,290,310,390,620,10000,10000,10000,10000,10000,87,0,180,328.6904176093649,64.62204200215638,10356.439041992417,108.20689655172414
1777173950,128,GET,large_scan,4.900000,0.000000,9900,10000,10000,10000,10000,11000,11000,11000,11000,11000,11000,76,0,9000,8804.290725921563,5810.307042003842,10822.369125002297,612472.7631578947
1777173950,128,GET,next_departures,32.100000,0.000000,120,220,290,330,630,8900,10000,10000,11000,11000,11000,604,0,120,624.3586574998354,58.63141600275412,11204.19645900256,86.18708609271523
1777173950,128,GET,point_read,42.900000,0.000000,140,220,270,320,430,650,8800,10000,11000,11000,11000,839,0,140,440.1378676508824,57.24791600368917,11055.32154100365,81.24433849821216
1777173950,128,GET,trips_per_route,3.400000,0.000000,530,610,660,910,8800,10000,11000,11000,11000,11000,11000,70,0,440,959.4858363141872,67.79912498313934,10519.093334005447,1177.3142857142857
1777173950,128,,Aggregated,88.000000,0.000000,150,250,330,380,680,9600,10000,10000,11000,11000,11000,1676,0,170,901.7150776450104,57.24791600368917,11204.19645900256,27899.747613365154
1777173951,128,GET,bulk_update_departures,4.600000,0.000000,200,250,290,320,390,620,10000,10000,10000,10000,10000,88,0,170,326.0670572728321,64.62204200215638,10356.439041992417,108.20454545454545
1777173951,128,GET,large_scan,4.200000,0.000000,10000,10000,10000,10000,11000,11000,11000,11000,11000,11000,11000,79,0,9100,8865.215155633485,5810.307042003842,10822.369125002297,612472.6962025317
1777173951,128,GET,next_departures,33.700000,0.000000,150,240,320,340,630,8900,10000,10000,11000,11000,11000,632,0,120,605.1930892089205,58.63141600275412,11204.19645900256,86.19462025316456
1777173951,128,GET,point_read,47.300000,0.000000,140,230,280,330,420,620,8800,10000,11000,11000,11000,877,0,140,428.69961188949867,57.24791600368917,11055.32154100365,81.25427594070696
1777173951,128,GET,trips_per_route,3.300000,0.000000,610,770,790,910,1100,10000,11000,11000,11000,11000,11000,78,0,480,944.6396591792552,67.79912498313934,10519.093334005447,1177.179487179487
1777173951,128,,Aggregated,93.100000,0.000000,170,270,340,390,680,9700,10000,10000,11000,11000,11000,1754,0,160,890.0680637161713,57.24791600368917,11204.19645900256,27715.176738882554
1777173952,128,GET,bulk_update_departures,4.800000,0.000000,130,220,290,290,380,620,10000,10000,10000,10000,10000,95,0,140,310.1832039161022,64.62204200215638,10356.439041992417,108.2
1777173952,128,GET,large_scan,4.400000,0.000000,10000,10000,10000,10000,11000,11000,18000,18000,18000,18000,18000,84,0,9200,9077.61992660796,5810.307042003842,18459.25108299707,612472.75
1777173952,128,GET,next_departures,34.500000,0.000000,120,220,300,330,480,660,10000,10000,11000,11000,11000,673,0,120,578.4098900492022,58.63141600275412,11204.19645900256,86.20653789004457
1777173952,128,GET,point_read,49.600000,0.000000,130,220,280,320,410,550,710,10000,11000,11000,11000,907,0,140,418.6966843100094,57.24791600368917,11055.32154100365,81.25909592061743
1777173952,128,GET,trips_per_route,3.300000,0.000000,610,770,830,960,1100,10000,11000,11000,11000,11000,11000,80,0,490,950.9280051872338,67.79912498313934,10519.093334005447,1177.1875
1777173952,128,,Aggregated,96.600000,0.000000,140,260,330,370,650,9800,10000,11000,18000,18000,18000,1839,0,160,890.2063443688791,57.24791600368917,18459.25108299707,28104.341489940183
1777173953,128,GET,bulk_update_departures,4.700000,0.000000,110,160,200,220,380,620,10000,10000,10000,10000,10000,102,0,120,295.0167585390862,59.0796250035055,10356.439041992417,108.20588235294117
1777173953,128,GET,large_scan,4.200000,0.000000,9900,10000,11000,11000,11000,12000,18000,18000,18000,18000,18000,85,0,9300,9108.935435318648,5810.307042003842,18459.25108299707,612472.7647058824
1777173953,128,GET,next_departures,34.000000,0.000000,110,160,230,310,470,640,9900,10000,11000,11000,11000,701,0,120,559.0519529258993,58.63141600275412,11204.19645900256,86.21398002853067
1777173953,128,GET,point_read,49.300000,0.000000,110,170,250,310,410,550,680,10000,11000,11000,11000,949,0,130,404.68470692525773,57.24791600368917,11055.32154100365,81.25922023182297
1777173953,128,GET,trips_per_route,3.700000,0.000000,650,790,910,960,1100,10000,11000,11000,11000,11000,11000,83,0,490,942.4115361323923,67.79912498313934,10519.093334005447,1177.1807228915663
1777173953,128,,Aggregated,95.900000,0.000000,120,210,310,350,620,9000,10000,11000,18000,18000,18000,1920,0,140,863.8086378881175,57.24791600368917,18459.25108299707,27242.9578125
1777173954,128,GET,bulk_update_departures,5.100000,0.000000,100,120,130,170,350,620,640,640,640,640,640,103,0,120,292.9432091065253,59.0796250035055,10356.439041992417,108.19417475728156
1777173954,128,GET,large_scan,4.100000,0.000000,10000,11000,12000,12000,12000,12000,18000,18000,18000,18000,18000,93,0,9500,9345.536800635908,5810.307042003842,18459.25108299707,612472.7311827957
1777173954,128,GET,next_departures,34.200000,0.000000,100,130,190,240,350,540,650,690,700,700,700,722,0,120,547.9699038532243,58.63141600275412,11204.19645900256,86.21883656509695
1777173954,128,GET,point_read,47.800000,0.000000,110,140,190,250,350,490,640,680,710,710,710,976,0,130,398.6040403412263,57.24791600368917,11055.32154100365,81.26127049180327
1777173954,128,GET,trips_per_route,3.700000,0.000000,660,790,850,960,1100,1300,11000,11000,11000,11000,11000,85,0,500,936.0732210591189,67.79912498313934,10519.093334005447,1177.164705882353
1777173954,128,,Aggregated,94.900000,0.000000,110,160,270,330,610,910,10000,12000,18000,18000,18000,1979,0,140,891.1299195261251,57.24791600368917,18459.25108299707,28909.918140474987
1777173955,128,GET,bulk_update_departures,5.300000,0.000000,100,110,120,130,350,620,640,640,640,640,640,106,0,120,291.5673046032371,59.0796250035055,10356.439041992417,108.19811320754717
1777173955,128,GET,large_scan,3.800000,0.000000,11000,12000,12000,12000,12000,13000,18000,18000,18000,18000,18000,96,0,9500,9437.947260439008,5810.307042003842,18459.25108299707,612472.7708333334
1777173955,128,GET,next_departures,34.500000,0.000000,100,130,210,250,370,550,660,690,700,700,700,750,0,120,537.554692438726,58.63141600275412,11204.19645900256,86.22266666666667
1777173955,128,GET,point_read,47.800000,0.000000,100,120,160,230,380,500,650,680,710,710,710,995,0,130,396.64066557482295,57.24791600368917,11055.32154100365,81.26231155778895
1777173955,128,GET,trips_per_route,3.700000,0.000000,740,830,910,980,1100,1300,1300,1300,1300,1300,1300,86,0,500,940.1447068606125,67.79912498313934,10519.093334005447,1177.1511627906978
1777173955,128,,Aggregated,95.100000,0.000000,110,140,270,340,630,1100,11000,12000,18000,18000,18000,2033,0,150,893.076732737872,57.24791600368917,18459.25108299707,29048.506148548942
1777173956,128,GET,bulk_update_departures,4.800000,0.000000,99,110,120,120,220,260,320,320,320,320,320,108,0,130,290.61968784231726,59.0796250035055,10356.439041992417,108.20370370370371
1777173956,128,GET,large_scan,3.700000,0.000000,11000,12000,12000,12000,13000,14000,18000,18000,18000,18000,18000,99,0,9600,9548.329692364805,5810.307042003842,18459.25108299707,612472.7474747475
1777173956,128,GET,next_departures,33.600000,0.000000,99,130,190,210,310,350,440,460,490,490,490,769,0,130,529.8008641042027,58.63141600275412,11204.19645900256,86.22366710013004
1777173956,128,GET,point_read,47.800000,0.000000,100,120,140,180,290,350,400,470,540,540,540,1019,0,140,393.41518997139445,57.24791600368917,11055.32154100365,81.2630029440628
1777173956,128,GET,trips_per_route,3.800000,0.000000,760,790,850,960,1100,1300,1300,1300,1300,1300,1300,89,0,520,935.3582532697075,67.79912498313934,10519.093334005447,1177.1348314606741
1777173956,128,,Aggregated,93.700000,0.000000,100,140,210,260,400,1300,11000,12000,18000,18000,18000,2084,0,160,896.4613212327604,57.24791600368917,18459.25108299707,29222.824376199616
1777173957,128,GET,bulk_update_departures,4.300000,0.000000,110,120,120,180,260,320,380,380,380,380,380,109,0,130,291.46373045840085,59.0796250035055,10356.439041992417,108.20183486238533
1777173957,128,GET,large_scan,3.700000,0.000000,12000,12000,13000,13000,14000,18000,24000,24000,24000,24000,24000,107,0,9800,9942.723886701486,5810.307042003842,23913.650000002235,612472.785046729
1777173957,128,GET,next_departures,32.400000,0.000000,110,180,220,250,340,380,450,470,490,490,490,783,0,130,526.1921015327813,58.63141600275412,11204.19645900256,86.21455938697318
1777173957,128,GET,point_read,43.300000,0.000000,110,150,210,260,340,400,470,480,540,540,540,1044,0,140,391.5790713581373,57.24791600368917,11055.32154100365,81.25862068965517
1777173957,128,GET,trips_per_route,3.400000,0.000000,770,790,850,960,1100,1300,1300,1300,1300,1300,1300,90,0,510,929.9323546221583,67.79912498313934,10519.093334005447,1177.1333333333334
1777173957,128,,Aggregated,87.100000,0.000000,120,210,270,320,480,9900,12000,14000,24000,24000,24000,2133,0,170,937.717712335247,57.24791600368917,23913.650000002235,30850.756680731363
1777173958,128,GET,bulk_update_departures,3.900000,0.000000,120,130,180,220,290,320,380,380,380,380,380,113,0,140,288.1913012206818,59.0796250035055,10356.439041992417,108.19469026548673
1777173958,128,GET,large_scan,3.800000,0.000000,12000,13000,14000,14000,14000,18000,24000,24000,24000,24000,24000,110,0,9800,10044.220614791266,5810.307042003842,23913.650000002235,612472.8181818182
1777173958,128,GET,next_departures,31.400000,0.000000,140,210,240,270,340,380,460,470,490,490,490,813,0,140,513.9380344344352,58.63141600275412,11204.19645900256,86.21525215252153
1777173958,128,GET,point_read,39.900000,0.000000,130,200,250,270,340,400,480,490,540,540,540,1072,0,140,386.3252697425033,57.24791600368917,11055.32154100365,81.25559701492537
1777173958,128,GET,trips_per_route,3.200000,0.000000,770,830,850,1000,1100,1300,1300,1300,1300,1300,1300,92,0,520,925.634070195488,67.79912498313934,10519.093334005447,1177.141304347826
1777173958,128,,Aggregated,82.200000,0.000000,150,230,300,330,490,11000,13000,14000,24000,24000,24000,2200,0,170,933.8911501282365,57.24791600368917,23913.650000002235,30749.87818181818
1777173959,128,GET,bulk_update_departures,3.700000,0.000000,110,140,210,220,290,320,380,380,380,380,380,115,0,140,284.64771663420834,59.0796250035055,10356.439041992417,108.19130434782609
1777173959,128,GET,large_scan,4.400000,0.000000,12000,13000,14000,14000,15000,24000,24000,24000,24000,24000,24000,112,0,9800,10207.687109384226,5810.307042003842,23913.650000002235,612472.7857142857
1777173959,128,GET,next_departures,30.300000,0.000000,160,220,260,280,340,410,460,470,490,490,490,843,0,140,501.66192605357793,58.63141600275412,11204.19645900256,86.22064056939502
1777173959,128,GET,point_read,38.100000,0.000000,140,210,260,290,350,400,470,480,500,500,500,1102,0,140,379.5165657076901,57.24791600368917,11055.32154100365,81.25499092558984
1777173959,128,GET,trips_per_route,3.100000,0.000000,790,840,850,1000,1100,1300,1300,1300,1300,1300,1300,95,0,520,913.8068745678634,67.79912498313934,10519.093334005447,1177.1473684210525
1777173959,128,,Aggregated,79.600000,0.000000,180,250,310,340,500,11000,14000,14000,24000,24000,24000,2267,0,170,928.0702937013475,57.24791600368917,23913.650000002235,30385.28892809881
1777173960,128,GET,bulk_update_departures,3.300000,0.000000,110,130,180,220,290,320,380,380,380,380,380,118,0,130,279.40673478760647,59.0796250035055,10356.439041992417,108.1864406779661
1777173960,128,GET,large_scan,4.200000,0.000000,13000,14000,14000,14000,15000,24000,24000,24000,24000,24000,24000,118,0,9900,10416.936279661506,5810.307042003842,23913.650000002235,612472.8474576271
1777173960,128,GET,next_departures,28.300000,0.000000,150,210,240,270,330,410,460,470,490,490,490,868,0,130,489.47731647953634,58.63141600275412,11204.19645900256,86.22465437788019
1777173960,128,GET,point_read,34.000000,0.000000,130,200,240,270,330,400,470,480,500,500,500,1133,0,140,371.4394761640231,57.24791600368917,11055.32154100365,81.25242718446601
1777173960,128,GET,trips_per_route,2.700000,0.000000,790,850,1000,1100,1300,1300,1300,1300,1300,1300,1300,96,0,520,914.576937499381,67.79912498313934,10519.093334005447,1177.1354166666667
1777173960,128,,Aggregated,72.500000,0.000000,160,230,280,320,490,12000,14000,14000,24000,24000,24000,2333,0,160,941.1380621101644,57.24791600368917,23913.650000002235,31103.501500214315
1777173961,128,GET,bulk_update_departures,3.100000,0.000000,100,140,210,220,290,320,380,380,380,380,380,121,0,120,274.6127337847032,59.0796250035055,10356.439041992417,108.18181818181819
1777173961,128,GET,large_scan,4.000000,0.000000,13000,14000,14000,14000,15000,18000,24000,24000,24000,24000,24000,120,0,9900,10494.096789583515,5810.307042003842,23913.650000002235,612472.8666666667
1777173961,128,GET,next_departures,26.400000,0.000000,140,210,230,260,320,380,440,460,490,490,490,887,0,130,480.83656251889477,58.63141600275412,11204.19645900256,86.21984216459977
1777173961,128,GET,point_read,30.400000,0.000000,120,200,230,270,330,400,470,480,500,500,500,1157,0,130,365.7754652418006,57.24791600368917,11055.32154100365,81.2523768366465
1777173961,128,GET,trips_per_route,2.800000,0.000000,770,850,920,990,1000,1100,1300,1300,1300,1300,1300,103,0,560,905.959335766683,67.79912498313934,10519.093334005447,1177.1456310679612
1777173961,128,,Aggregated,66.700000,0.000000,160,230,280,320,500,12000,14000,14000,24000,24000,24000,2388,0,160,936.1548623789622,57.24791600368917,23913.650000002235,30905.1783919598
1777173962,128,GET,bulk_update_departures,3.100000,0.000000,140,210,230,260,320,380,380,380,380,380,380,122,0,120,272.9508718928956,59.0796250035055,10356.439041992417,108.18032786885246
1777173962,128,GET,large_scan,4.200000,0.000000,14000,14000,15000,15000,15000,16000,24000,24000,24000,24000,24000,127,0,10000,10747.763276559173,5810.307042003842,23913.650000002235,612472.9133858267
1777173962,128,GET,next_departures,26.100000,0.000000,150,210,240,260,330,400,450,460,490,490,490,911,0,120,470.8882847104212,58.63141600275412,11204.19645900256,86.22722283205269
1777173962,128,GET,point_read,28.600000,0.000000,120,200,240,270,340,410,480,480,500,500,500,1185,0,130,359.29948751370614,57.24791600368917,11055.32154100365,81.2506329113924
1777173962,128,GET,trips_per_route,2.600000,0.000000,760,840,910,920,1000,1100,1300,1300,1300,1300,1300,105,0,560,898.0100162756918,67.79912498313934,10519.093334005447,1177.152380952381
1777173962,128,,Aggregated,64.600000,0.000000,170,240,300,330,720,13000,15000,15000,24000,24000,24000,2450,0,150,958.0841282766656,57.24791600368917,23913.650000002235,31875.793469387754
1777173963,128,GET,bulk_update_departures,3.300000,0.000000,150,210,230,260,320,380,380,380,380,380,380,123,0,120,272.06604739762764,59.0796250035055,10356.439041992417,108.17886178861788
1777173963,128,GET,large_scan,4.000000,0.000000,14000,15000,15000,15000,15000,24000,24000,24000,24000,24000,24000,129,0,10000,10817.305557473108,5810.307042003842,23913.650000002235,612472.8837209302
1777173963,128,GET,next_departures,25.200000,0.000000,130,210,240,260,330,410,460,490,630,630,630,940,0,120,460.2433229129677,58.63141600275412,11204.19645900256,86.22127659574468
1777173963,128,GET,point_read,27.500000,0.000000,120,210,250,280,350,430,480,490,640,640,640,1205,0,130,355.2894118579377,57.24791600368917,11055.32154100365,81.24813278008298
1777173963,128,GET,trips_per_route,2.400000,0.000000,720,840,910,920,1100,1200,1300,1300,1300,1300,1300,109,0,560,888.8104495497895,67.79912498313934,10519.093334005447,1177.165137614679
1777173963,128,,Aggregated,62.400000,0.000000,160,230,300,330,630,14000,15000,15000,24000,24000,24000,2506,0,140,952.3261550566117,57.24791600368917,23913.650000002235,31655.854349561054
1777173964,128,GET,bulk_update_departures,2.700000,0.000000,110,160,220,260,290,380,380,380,380,380,380,126,0,120,268.80128436448376,59.0796250035055,10356.439041992417,108.17460317460318
1777173964,128,GET,large_scan,4.300000,0.000000,15000,15000,15000,16000,16000,24000,24000,24000,24000,24000,24000,135,0,10000,11032.610792266982,5810.307042003842,23913.650000002235,612472.8740740741
1777173964,128,GET,next_departures,23.300000,0.000000,100,180,210,240,310,380,460,490,630,630,630,957,0,120,454.0243300649373,58.63141600275412,11204.19645900256,86.2183908045977
1777173964,128,GET,point_read,27.600000,0.000000,100,170,210,230,310,400,470,490,640,640,640,1230,0,120,350.21178231608195,57.24791600368917,11055.32154100365,81.24471544715448
1777173964,128,GET,trips_per_route,2.500000,0.000000,760,850,990,1000,1100,1200,1300,1300,1300,1300,1300,112,0,560,889.9283991959237,67.79912498313934,10519.093334005447,1177.1517857142858
1777173964,128,,Aggregated,60.400000,0.000000,120,210,270,310,710,14000,15000,16000,24000,24000,24000,2560,0,140,971.9551467253262,57.24791600368917,23913.650000002235,32426.465234375
1777173965,128,GET,bulk_update_departures,2.700000,0.000000,110,150,210,260,290,380,380,380,380,380,380,127,0,120,267.66004393635296,59.0796250035055,10356.439041992417,108.1732283464567
1777173965,128,GET,large_scan,4.300000,0.000000,15000,16000,16000,16000,16000,16000,24000,24000,24000,24000,24000,143,0,10000,11316.88380241964,5810.307042003842,23913.650000002235,612472.8811188812
1777173965,128,GET,next_departures,23.300000,0.000000,93,130,190,210,280,380,460,490,630,630,630,966,0,110,450.59633535736333,57.06058401847258,11204.19645900256,86.2184265010352
1777173965,128,GET,point_read,27.600000,0.000000,92,120,170,200,280,400,470,490,640,640,640,1250,0,120,346.23617449905726,57.24791600368917,11055.32154100365,81.2408
1777173965,128,GET,trips_per_route,2.500000,0.000000,690,840,920,1000,1100,1100,1200,1200,1200,1200,1200,114,0,590,885.1513644116685,67.79912498313934,10519.093334005447,1177.1491228070176
1777173965,128,,Aggregated,60.400000,0.000000,100,190,250,300,840,15000,16000,16000,24000,24000,24000,2600,0,140,1008.1868242107271,57.06058401847258,23913.650000002235,33813.997307692305
1777173966,128,GET,bulk_update_departures,2.100000,0.000000,120,160,210,260,310,340,350,350,350,350,350,131,0,130,268.4519019994071,59.0796250035055,10356.439041992417,108.18320610687023
1777173966,128,GET,large_scan,4.300000,0.000000,16000,16000,16000,16000,16000,17000,24000,24000,24000,24000,24000,152,0,11000,11615.981011230408,5810.307042003842,23913.650000002235,612472.9078947369
1777173966,128,GET,next_departures,23.400000,0.000000,95,130,190,220,280,320,400,490,630,630,630,986,0,120,447.1303218358225,57.06058401847258,11204.19645900256,86.2210953346856
1777173966,128,GET,point_read,25.200000,0.000000,92,120,160,190,280,350,400,400,640,640,640,1269,0,120,345.66947783597976,57.24791600368917,11055.32154100365,81.24271079590228
1777173966,128,GET,trips_per_route,2.400000,0.000000,700,830,920,1000,1100,1100,1200,1200,1200,1200,1200,119,0,600,878.8395721422305,67.79912498313934,10519.093334005447,1177.1512605042017
1777173966,128,,Aggregated,57.400000,0.000000,100,190,260,310,920,15000,16000,16000,24000,24000,24000,2657,0,150,1048.1382335934713,57.06058401847258,23913.650000002235,35166.82197967633
1777173967,128,GET,bulk_update_departures,2.100000,0.000000,110,170,200,260,310,340,350,350,350,350,350,134,0,130,267.433766753034,59.0796250035055,10356.439041992417,108.18656716417911
1777173967,128,GET,large_scan,4.700000,0.000000,16000,16000,16000,16000,17000,17000,24000,24000,24000,24000,24000,157,0,11000,11786.72369584092,5810.307042003842,23913.650000002235,612472.9299363057
1777173967,128,GET,next_departures,22.400000,0.000000,91,110,200,230,280,330,440,520,630,630,630,997,0,120,444.7463614967256,57.06058401847258,11204.19645900256,86.21965897693079
1777173967,128,GET,point_read,25.900000,0.000000,92,120,200,220,280,350,400,400,640,640,640,1295,0,130,343.53462435733474,57.24791600368917,11055.32154100365,81.24555984555984
1777173967,128,GET,trips_per_route,2.900000,0.000000,700,830,920,990,1100,1100,1200,1200,1200,1200,1200,121,0,600,875.9911050409087,67.79912498313934,10519.093334005447,1177.1487603305786
1777173967,128,,Aggregated,58.000000,0.000000,100,210,270,330,1100,16000,16000,17000,24000,24000,24000,2704,0,160,1065.3240124470658,57.06058401847258,23913.650000002235,35690.22041420118
1777173968,128,GET,bulk_update_departures,2.300000,0.000000,120,200,210,260,310,340,350,350,350,350,350,135,0,140,267.0001511919071,59.0796250035055,10356.439041992417,108.18518518518519
1777173968,128,GET,large_scan,5.000000,0.000000,16000,16000,16000,16000,17000,17000,17000,17000,17000,17000,17000,159,0,11000,11851.347308421586,5810.307042003842,23913.650000002235,612472.8679245283
1777173968,128,GET,next_departures,21.900000,0.000000,91,110,200,240,310,340,490,520,630,630,630,1010,0,120,443.01101476456023,57.06058401847258,11204.19645900256,86.21881188118812
1777173968,128,GET,point_read,24.800000,0.000000,93,160,220,250,330,350,410,590,640,640,640,1318,0,130,342.93378120236935,57.24791600368917,11055.32154100365,81.24051593323217
1777173968,128,GET,trips_per_route,3.000000,0.000000,710,910,1000,1000,1100,1200,1600,1600,1600,1600,1600,122,0,600,881.91887432758,67.79912498313934,10519.093334005447,1177.1475409836066
1777173968,128,,Aggregated,57.000000,0.000000,100,220,290,340,1200,16000,16000,17000,17000,17000,17000,2744,0,160,1066.8481026438908,57.06058401847258,23913.650000002235,35617.91508746356
1777173969,128,GET,bulk_update_departures,2.400000,0.000000,200,250,270,310,350,600,600,600,600,600,600,138,0,140,268.28258660827777,59.0796250035055,10356.439041992417,108.18840579710145
1777173969,128,GET,large_scan,5.000000,0.000000,16000,16000,17000,17000,17000,18000,18000,18000,18000,18000,18000,170,0,12000,12201.993322776638,5810.307042003842,23913.650000002235,612472.8529411765
1777173969,128,GET,next_departures,21.500000,0.000000,110,210,250,270,340,520,630,680,690,690,690,1034,0,130,440.80575394509583,57.06058401847258,11204.19645900256,86.2127659574468
1777173969,128,GET,point_read,24.800000,0.000000,120,210,260,280,360,500,630,670,860,860,860,1333,0,140,344.2000973996247,57.24791600368917,11055.32154100365,81.24006001500375
1777173969,128,GET,trips_per_route,3.000000,0.000000,710,920,1000,1100,1100,1200,1600,1600,1600,1600,1600,125,0,610,878.7258513437118,67.79912498313934,10519.093334005447,1177.152
1777173969,128,,Aggregated,56.700000,0.000000,190,270,350,520,15000,16000,17000,17000,18000,18000,18000,2800,0,170,1119.9337402338804,57.06058401847258,23913.650000002235,37314.24857142857
1777173970,128,GET,bulk_update_departures,2.200000,0.000000,180,200,260,270,340,350,600,600,600,600,600,142,0,140,264.67151815439803,59.0796250035055,10356.439041992417,108.19014084507042
1777173970,128,GET,large_scan,5.000000,0.000000,16000,17000,17000,17000,17000,18000,18000,18000,18000,18000,18000,180,0,12000,12449.977791872358,5810.307042003842,23913.650000002235,612472.8444444444
1777173970,128,GET,next_departures,19.800000,0.000000,170,220,260,270,350,530,630,690,740,740,740,1062,0,130,434.18734827801376,57.06058401847258,11204.19645900256,86.2165725047081
1777173970,128,GET,point_read,24.800000,0.000000,150,220,260,280,360,500,630,670,860,860,860,1357,0,140,340.9097271560219,57.24791600368917,11055.32154100365,81.23949889462048
1777173970,128,GET,trips_per_route,3.200000,0.000000,710,830,1000,1100,1200,1600,1600,1600,1600,1600,1600,128,0,610,884.591222343488,67.79912498313934,10519.093334005447,1177.1484375
1777173970,128,,Aggregated,55.000000,0.000000,200,280,360,590,16000,16000,17000,17000,18000,18000,18000,2869,0,170,1155.6390722192014,57.06058401847258,23913.650000002235,38554.532589752525
1777173971,128,GET,bulk_update_departures,2.200000,0.000000,160,200,250,260,340,350,600,600,600,600,600,149,0,130,256.6762564021347,59.0796250035055,10356.439041992417,108.19463087248322
1777173971,128,GET,large_scan,5.800000,0.000000,16000,17000,17000,17000,17000,18000,18000,18000,18000,18000,18000,188,0,12000,12616.476981362055,5810.307042003842,23913.650000002235,612472.8829787234
1777173971,128,GET,next_departures,19.300000,0.000000,130,220,250,270,340,520,630,690,740,740,740,1092,0,130,424.84470638393736,57.06058401847258,11204.19645900256,86.22161172161172
1777173971,128,GET,point_read,23.800000,0.000000,140,210,250,280,350,500,630,670,860,860,860,1395,0,130,333.97446174245897,57.24791600368917,11055.32154100365,81.23870967741935
1777173971,128,GET,trips_per_route,2.900000,0.000000,720,890,1000,1100,1200,1600,1600,1600,1600,1600,1600,133,0,630,878.2117722629959,67.79912498313934,10519.093334005447,1177.1353383458647
1777173971,128,,Aggregated,54.000000,0.000000,190,270,350,550,16000,17000,17000,17000,18000,18000,18000,2957,0,160,1169.0123077148983,57.06058401847258,23913.650000002235,39068.33412242137
1777173972,128,GET,bulk_update_departures,2.400000,0.000000,150,200,250,260,340,350,600,600,600,600,600,151,0,130,254.15788297287023,59.0796250035055,10356.439041992417,108.19205298013244
1777173972,128,GET,large_scan,6.200000,0.000000,16000,17000,17000,17000,17000,18000,18000,18000,18000,18000,18000,194,0,13000,12727.385140871436,5810.307042003842,23913.650000002235,612472.9175257732
1777173972,128,GET,next_departures,19.800000,0.000000,150,220,250,270,340,520,630,690,740,740,740,1118,0,120,417.17547580713494,57.06058401847258,11204.19645900256,86.22540250447227
1777173972,128,GET,point_read,22.800000,0.000000,120,200,240,260,350,470,630,670,860,860,860,1435,0,130,327.25234596987207,57.24791600368917,11055.32154100365,81.23623693379791
1777173972,128,GET,trips_per_route,3.100000,0.000000,720,860,990,1100,1200,1600,1600,1600,1600,1600,1600,136,0,620,867.3397120366965,67.79912498313934,10519.093334005447,1177.139705882353
1777173972,128,,Aggregated,54.300000,0.000000,180,260,350,550,16000,16000,17000,17000,18000,18000,18000,3034,0,150,1173.8490629248836,57.06058401847258,23913.650000002235,39291.0837178642
1777173973,128,GET,bulk_update_departures,2.800000,0.000000,120,180,210,250,310,350,600,600,600,600,600,155,0,120,249.90332981218555,59.0796250035055,10356.439041992417,108.20645161290322
1777173973,128,GET,large_scan,6.900000,0.000000,16000,17000,17000,17000,17000,18000,18000,18000,18000,18000,18000,197,0,13000,12780.983899299854,5810.307042003842,23913.650000002235,612472.9340101522
1777173973,128,GET,next_departures,20.600000,0.000000,130,200,240,260,330,500,630,690,740,740,740,1149,0,120,408.4718969368495,57.06058401847258,11204.19645900256,86.22889469103568
1777173973,128,GET,point_read,23.600000,0.000000,120,200,240,270,350,430,620,670,860,860,860,1463,0,120,323.50128563278116,57.24791600368917,11055.32154100365,81.23581681476418
1777173973,128,GET,trips_per_route,3.100000,0.000000,770,890,990,1000,1100,1600,1600,1600,1600,1600,1600,141,0,640,867.6181844254404,67.79912498313934,10519.093334005447,1177.1418439716313
1777173973,128,,Aggregated,57.000000,0.000000,170,260,340,470,16000,16000,17000,17000,18000,18000,18000,3105,0,150,1166.357358695055,57.06058401847258,23913.650000002235,38988.03285024154
1777173974,128,GET,bulk_update_departures,3.000000,0.000000,100,170,200,210,310,350,600,600,600,600,600,161,0,120,243.31182451457397,59.0796250035055,10356.439041992417,108.19875776397515
1777173974,128,GET,large_scan,6.700000,0.000000,16000,17000,17000,17000,17000,18000,18000,18000,18000,18000,18000,200,0,13000,12832.5752908102,5810.307042003842,23913.650000002235,612472.92
1777173974,128,GET,next_departures,20.900000,0.000000,110,190,230,260,330,480,630,680,740,740,740,1176,0,110,400.96342651495,57.06058401847258,11204.19645900256,86.22789115646259
1777173974,128,GET,point_read,24.600000,0.000000,120,200,240,270,350,470,620,670,860,860,860,1486,0,120,319.90578721106164,55.664165993221104,11055.32154100365,81.23553162853297
1777173974,128,GET,trips_per_route,3.000000,0.000000,770,860,950,990,1300,1600,1600,1600,1600,1600,1600,144,0,630,858.007358534855,67.79912498313934,10519.093334005447,1177.138888888889
1777173974,128,,Aggregated,58.200000,0.000000,150,240,320,370,16000,16000,17000,17000,18000,18000,18000,3167,0,140,1160.7686488522647,55.664165993221104,23913.650000002235,38807.588253868016
1777173975,128,GET,bulk_update_departures,3.100000,0.000000,92,120,180,200,250,310,600,600,600,600,600,163,0,120,241.22317687021226,54.63416699785739,10356.439041992417,108.1963190184049
1777173975,128,GET,large_scan,6.600000,0.000000,17000,17000,17000,17000,17000,18000,18000,18000,18000,18000,18000,203,0,14000,12884.580725143187,5810.307042003842,23913.650000002235,612472.9310344828
1777173975,128,GET,next_departures,20.700000,0.000000,100,140,190,220,280,480,630,680,740,740,740,1196,0,110,395.4716061835098,57.06058401847258,11204.19645900256,86.22658862876254
1777173975,128,GET,point_read,25.800000,0.000000,100,150,210,230,340,430,610,670,860,860,860,1522,0,120,314.6286557744474,55.664165993221104,11055.32154100365,81.22798948751642
1777173975,128,GET,trips_per_route,3.500000,0.000000,740,890,980,990,1300,1600,1600,1600,1600,1600,1600,146,0,640,858.3450936373445,67.79912498313934,10519.093334005447,1177.13698630137
1777173975,128,,Aggregated,59.700000,0.000000,110,200,260,340,1000,16000,17000,17000,18000,18000,18000,3230,0,140,1155.4354500895192,54.63416699785739,23913.650000002235,38621.7520123839
1777173976,128,GET,bulk_update_departures,3.500000,0.000000,88,100,130,150,200,250,600,600,600,600,600,164,0,120,240.24240597468523,54.63416699785739,10356.439041992417,108.1951219512195
1777173976,128,GET,large_scan,6.500000,0.000000,16000,17000,17000,17000,17000,18000,18000,18000,18000,18000,18000,209,0,14000,12990.622667851969,5810.307042003842,23913.650000002235,612472.956937799
1777173976,128,GET,next_departures,22.000000,0.000000,95,120,150,190,260,480,630,680,740,740,740,1209,0,110,392.03343985646455,57.06058401847258,11204.19645900256,86.22167080231597
1777173976,128,GET,point_read,26.100000,0.000000,94,120,150,180,310,430,610,670,860,860,860,1541,0,120,311.9748313625887,55.664165993221104,11055.32154100365,81.22777417261518
1777173976,128,GET,trips_per_route,3.400000,0.000000,740,890,980,990,1300,1600,1600,1600,1600,1600,1600,148,0,640,855.8921582504834,67.79912498313934,10519.093334005447,1177.1351351351352
1777173976,128,,Aggregated,61.500000,0.000000,100,160,230,330,990,16000,17000,17000,18000,18000,18000,3271,0,140,1172.679173188075,54.63416699785739,23913.650000002235,39262.67869153164
1777173977,128,GET,bulk_update_departures,3.500000,0.000000,88,100,130,150,250,600,730,730,730,730,730,166,0,120,243.74034811959305,54.63416699785739,10356.439041992417,108.1987951807229
1777173977,128,GET,large_scan,5.800000,0.000000,16000,17000,17000,17000,17000,18000,18000,18000,18000,18000,18000,214,0,14000,13077.183265953543,5810.307042003842,23913.650000002235,612472.9766355141
1777173977,128,GET,next_departures,22.600000,0.000000,95,120,150,190,260,590,740,800,860,860,860,1221,0,110,392.5449136244585,57.06058401847258,11204.19645900256,86.22031122031122
1777173977,128,GET,point_read,26.200000,0.000000,92,110,130,150,360,610,740,800,880,880,880,1555,0,120,313.3889779502974,55.664165993221104,11055.32154100365,81.2257234726688
1777173977,128,GET,trips_per_route,3.100000,0.000000,810,900,950,980,1100,1300,1600,1600,1600,1600,1600,153,0,650,858.9197843403288,67.79912498313934,10519.093334005447,1177.137254901961
1777173977,128,,Aggregated,61.200000,0.000000,100,150,240,500,1200,16000,17000,17000,18000,18000,18000,3309,0,140,1189.7884690100195,54.63416699785739,23913.650000002235,39739.75853732246
1777173978,128,GET,bulk_update_departures,3.400000,0.000000,90,110,150,180,250,330,730,730,730,730,730,168,0,120,243.85847393360953,54.63416699785739,10356.439041992417,108.20238095238095
1777173978,128,GET,large_scan,5.700000,0.000000,16000,17000,17000,17000,17000,17000,17000,17000,17000,17000,17000,220,0,14000,13176.435285777423,5810.307042003842,23913.650000002235,612473.0045454545
1777173978,128,GET,next_departures,22.600000,0.000000,96,120,170,210,260,310,740,800,860,860,860,1246,0,110,390.05774397546514,57.06058401847258,11204.19645900256,86.21589085072232
1777173978,128,GET,point_read,27.600000,0.000000,93,120,140,170,280,360,700,740,880,880,880,1575,0,120,313.0622939446143,55.664165993221104,11055.32154100365,81.22222222222223
1777173978,128,GET,trips_per_route,2.900000,0.000000,770,890,950,950,1100,1300,1600,1600,1600,1600,1600,157,0,650,858.016738618033,67.79912498313934,10519.093334005447,1177.1337579617834
1777173978,128,,Aggregated,62.200000,0.000000,100,160,240,300,950,16000,17000,17000,17000,17000,17000,3366,0,140,1204.2714427840485,54.63416699785739,23913.650000002235,40161.140522875816
1777173979,128,GET,bulk_update_departures,3.300000,0.000000,88,100,150,200,320,330,730,730,730,730,730,171,0,120,244.2534531981341,54.63416699785739,10356.439041992417,108.19298245614036
1777173979,128,GET,large_scan,5.600000,0.000000,16000,17000,17000,17000,17000,17000,17000,17000,17000,17000,17000,225,0,14000,13251.237847951192,5810.307042003842,23913.650000002235,612473.0
1777173979,128,GET,next_departures,22.500000,0.000000,92,110,150,210,300,370,800,850,860,860,860,1257,0,120,389.35874817133384,57.06058401847258,11204.19645900256,86.21559268098648
1777173979,128,GET,point_read,26.600000,0.000000,94,120,180,230,320,450,740,800,1100,1100,1100,1598,0,120,313.5378720561606,55.664165993221104,11055.32154100365,81.22027534418022
1777173979,128,GET,trips_per_route,3.300000,0.000000,760,870,930,950,1100,1200,1300,1300,1300,1300,1300,160,0,650,855.4411276378232,67.79912498313934,10519.093334005447,1177.1375
1777173979,128,,Aggregated,61.300000,0.000000,100,180,280,340,950,16000,17000,17000,17000,17000,17000,3411,0,150,1216.8349172398307,54.63416699785739,23913.650000002235,40531.05570214013
1777173980,128,GET,bulk_update_departures,3.300000,0.000000,92,200,310,320,340,350,730,730,730,730,730,173,0,120,245.43866183174063,54.63416699785739,10356.439041992417,108.1907514450867
1777173980,128,GET,large_scan,5.800000,0.000000,16000,17000,17000,17000,17000,17000,18000,18000,18000,18000,18000,234,0,15000,13382.389003901471,5810.307042003842,23913.650000002235,612473.0384615385
1777173980,128,GET,next_departures,23.200000,0.000000,94,160,230,250,370,530,800,850,860,860,860,1271,0,120,389.711039662766,57.06058401847258,11204.19645900256,86.21715184893785
1777173980,128,GET,point_read,25.800000,0.000000,100,180,250,300,440,590,740,800,1100,1100,1100,1614,0,120,314.57563331452747,55.664165993221104,11055.32154100365,81.22057001239158
1777173980,128,GET,trips_per_route,3.500000,0.000000,760,890,950,950,1100,1200,1300,1300,1300,1300,1300,164,0,650,849.6021125857824,67.79912498313934,10519.093334005447,1177.1524390243903
1777173980,128,,Aggregated,61.600000,0.000000,120,250,340,490,1100,16000,17000,17000,18000,18000,18000,3456,0,160,1248.935898569134,54.63416699785739,23913.650000002235,41600.44357638889
1777173981,128,GET,bulk_update_departures,3.300000,0.000000,100,200,310,320,340,350,730,730,730,730,730,175,0,120,245.11242545642224,54.63416699785739,10356.439041992417,108.18857142857142
1777173981,128,GET,large_scan,5.500000,0.000000,16000,17000,17000,17000,17000,18000,18000,18000,18000,18000,18000,239,0,15000,13450.544815535231,5810.307042003842,23913.650000002235,612473.0251046026
1777173981,128,GET,next_departures,23.100000,0.000000,120,200,250,300,420,530,800,850,860,860,860,1294,0,120,386.2450015104097,57.06058401847258,11204.19645900256,86.21715610510046
1777173981,128,GET,point_read,26.300000,0.000000,140,240,300,320,440,590,740,800,1100,1100,1100,1658,0,130,311.8153568320893,55.664165993221104,11055.32154100365,81.21351025331725
1777173981,128,GET,trips_per_route,3.400000,0.000000,750,870,950,980,1100,1200,1300,1300,1300,1300,1300,165,0,650,848.9697308427739,67.79912498313934,10519.093334005447,1177.1515151515152
1777173981,128,,Aggregated,61.600000,0.000000,170,300,350,480,980,16000,17000,17000,18000,18000,18000,3531,0,160,1250.1970502800696,54.63416699785739,23913.650000002235,41586.07561597281
1777173982,128,GET,bulk_update_departures,3.000000,0.000000,96,200,310,320,340,350,730,730,730,730,730,178,0,120,242.4040535893919,54.63416699785739,10356.439041992417,108.19101123595506
1777173982,128,GET,large_scan,5.400000,0.000000,16000,17000,17000,17000,17000,18000,18000,18000,18000,18000,18000,247,0,15000,13539.952758760812,5810.307042003842,23913.650000002235,612473.0
1777173982,128,GET,next_departures,21.000000,0.000000,110,200,250,300,420,530,800,850,860,860,860,1323,0,120,379.7703879421078,57.06058401847258,11204.19645900256,86.21919879062736
1777173982,128,GET,point_read,26.000000,0.000000,130,240,300,320,440,600,740,880,5300,5300,5300,1695,0,120,310.2162003449843,55.664165993221104,11055.32154100365,81.21592920353983
1777173982,128,GET,trips_per_route,3.700000,0.000000,740,850,930,950,1100,1100,1200,1200,1200,1200,1200,168,0,650,839.8247051490692,67.79912498313934,10519.093334005447,1177.1607142857142
1777173982,128,,Aggregated,59.100000,0.000000,170,300,350,490,5300,16000,17000,17000,18000,18000,18000,3611,0,150,1261.9383789116687,54.63416699785739,23913.650000002235,42024.25394627527
1777173983,128,GET,bulk_update_departures,2.500000,0.000000,140,280,310,320,340,350,730,730,730,730,730,180,0,120,240.56526850504775,54.63416699785739,10356.439041992417,108.18888888888888
1777173983,128,GET,large_scan,4.900000,0.000000,16000,17000,17000,17000,17000,18000,18000,18000,18000,18000,18000,250,0,15000,13570.50230415969,5810.307042003842,23913.650000002235,612473.012
1777173983,128,GET,next_departures,19.700000,0.000000,110,210,250,300,440,530,800,860,940,940,940,1348,0,110,374.8849825032609,54.03749999823049,11204.19645900256,86.21884272997033
1777173983,128,GET,point_read,25.800000,0.000000,120,230,290,310,430,590,740,880,5300,5300,5300,1723,0,120,306.5811878756903,55.664165993221104,11055.32154100365,81.21590249564713
1777173983,128,GET,trips_per_route,3.200000,0.000000,710,760,900,930,1100,1100,1200,1200,1200,1200,1200,171,0,650,834.2559556961836,67.79912498313934,10519.093334005447,1177.1520467836258
1777173983,128,,Aggregated,56.100000,0.000000,170,300,350,490,1200,16000,17000,17000,18000,18000,18000,3672,0,150,1256.0374280825415,54.03749999823049,23913.650000002235,41828.752178649236
1777173984,128,GET,bulk_update_departures,2.600000,0.000000,200,290,320,330,350,660,730,730,730,730,730,183,0,120,241.90881670452018,54.63416699785739,10356.439041992417,108.19125683060109
1777173984,128,GET,large_scan,5.200000,0.000000,16000,17000,17000,17000,17000,18000,18000,18000,18000,18000,18000,257,0,16000,13644.02729521777,5810.307042003842,23913.650000002235,612473.0350194552
1777173984,128,GET,next_departures,20.300000,0.000000,130,210,260,300,440,530,800,860,940,940,940,1372,0,110,370.47837821664234,54.03749999823049,11204.19645900256,86.2201166180758
1777173984,128,GET,point_read,25.000000,0.000000,130,230,290,310,440,590,740,880,5300,5300,5300,1756,0,120,303.12750325050945,55.664165993221104,11055.32154100365,81.21810933940775
1777173984,128,GET,trips_per_route,3.200000,0.000000,670,760,820,850,950,1100,1200,1200,1200,1200,1200,182,0,640,820.4295167528031,67.79912498313934,10519.093334005447,1177.1538461538462
1777173984,128,,Aggregated,56.300000,0.000000,190,310,430,530,16000,16000,17000,17000,18000,18000,18000,3750,0,140,1264.1841949328098,54.03749999823049,23913.650000002235,42106.8064
1777173985,128,GET,bulk_update_departures,2.600000,0.000000,200,290,320,330,350,660,730,730,730,730,730,185,0,120,240.19385314549672,54.63416699785739,10356.439041992417,108.19459459459459
1777173985,128,GET,large_scan,5.200000,0.000000,16000,17000,17000,17000,17000,18000,18000,18000,18000,18000,18000,259,0,16000,13661.125329942053,5810.307042003842,23913.650000002235,612473.0424710425
1777173985,128,GET,next_departures,20.100000,0.000000,120,210,250,300,430,530,800,860,940,940,940,1397,0,110,365.2933986508204,54.03749999823049,11204.19645900256,86.21975662133143
1777173985,128,GET,point_read,25.800000,0.000000,120,230,280,310,440,590,740,880,5300,5300,5300,1785,0,120,299.6128202857207,55.664165993221104,11055.32154100365,81.21904761904761
1777173985,128,GET,trips_per_route,3.000000,0.000000,650,760,840,850,950,1100,1200,1200,1200,1200,1200,184,0,640,816.4067108640586,67.79912498313934,10519.093334005447,1177.1576086956522
1777173985,128,,Aggregated,56.700000,0.000000,170,300,360,500,1200,16000,17000,17000,18000,18000,18000,3810,0,140,1254.070845199766,54.03749999823049,23913.650000002235,41767.075065616795
1777173986,128,GET,bulk_update_departures,2.200000,0.000000,200,280,310,320,350,660,660,660,660,660,660,185,0,120,240.19385314549672,54.63416699785739,10356.439041992417,108.19459459459459
1777173986,128,GET,large_scan,5.300000,0.000000,16000,16000,17000,17000,17000,18000,18000,18000,18000,18000,18000,266,0,16000,13727.646053394836,5810.307042003842,23913.650000002235,612473.037593985
1777173986,128,GET,next_departures,19.100000,0.000000,98,150,210,250,330,460,530,540,940,940,940,1428,0,110,359.1279777943115,54.03749999823049,11204.19645900256,86.21848739495799
1777173986,128,GET,point_read,26.300000,0.000000,100,190,260,300,350,480,590,700,5300,5300,5300,1810,0,120,296.7780053414255,55.664165993221104,11055.32154100365,81.22154696132597
1777173986,128,GET,trips_per_route,3.800000,0.000000,620,750,780,820,930,1100,1100,1100,1100,1100,1100,190,0,640,812.2793515791847,67.79912498313934,10519.093334005447,1177.1631578947367
1777173986,128,,Aggregated,56.700000,0.000000,130,260,330,430,1100,16000,17000,17000,18000,18000,18000,3879,0,140,1263.2961412202249,54.03749999823049,23913.650000002235,42132.41453982985
1777173987,128,GET,bulk_update_departures,2.300000,0.000000,140,280,320,340,650,660,660,660,660,660,660,188,0,120,240.6266006110719,54.63416699785739,10356.439041992417,108.19680851063829
1777173987,128,GET,large_scan,5.600000,0.000000,16000,16000,17000,17000,17000,18000,18000,18000,18000,18000,18000,276,0,16000,13810.942589058068,5810.307042003842,23913.650000002235,612473.0688405797
1777173987,128,GET,next_departures,20.000000,0.000000,92,120,150,200,320,470,530,570,940,940,940,1457,0,110,354.04912270918777,54.03749999823049,11204.19645900256,86.21757035003432
1777173987,128,GET,point_read,26.500000,0.000000,95,140,230,270,350,480,590,870,5300,5300,5300,1838,0,110,294.6356756887894,55.664165993221104,11055.32154100365,81.22143634385202
1777173987,128,GET,trips_per_route,3.800000,0.000000,620,670,780,820,880,1100,1100,1100,1100,1100,1100,193,0,640,810.66548903147,67.79912498313934,10519.093334005447,1177.1658031088082
1777173987,128,,Aggregated,58.200000,0.000000,110,220,330,450,5300,16000,17000,17000,18000,18000,18000,3952,0,140,1283.1240735276504,54.03749999823049,23913.650000002235,42906.124746963564
1777173988,128,GET,bulk_update_departures,2.100000,0.000000,140,220,320,340,650,660,660,660,660,660,660,189,0,120,240.09657186186854,54.63416699785739,10356.439041992417,108.2010582010582
1777173988,128,GET,large_scan,5.600000,0.000000,16000,16000,16000,17000,17000,18000,18000,18000,18000,18000,18000,283,0,16000,13866.481985409984,5810.307042003842,23913.650000002235,612473.0671378092
1777173988,128,GET,next_departures,20.700000,0.000000,90,110,130,150,300,450,530,570,940,940,940,1482,0,110,350.6410604994964,54.03749999823049,11204.19645900256,86.21592442645074
1777173988,128,GET,point_read,26.300000,0.000000,94,110,160,210,330,480,590,630,5300,5300,5300,1859,0,110,292.8019645191141,55.664165993221104,11055.32154100365,81.21947283485746
1777173988,128,GET,trips_per_route,4.200000,0.000000,610,670,780,820,880,920,1100,1100,1100,1100,1100,197,0,640,804.928517168084,67.79912498313934,10519.093334005447,1177.1675126903554
1777173988,128,,Aggregated,58.900000,0.000000,100,160,300,400,1100,16000,16000,17000,18000,18000,18000,4010,0,140,1294.7961285626754,54.03749999823049,23913.650000002235,43356.855112219455
1777173989,128,GET,bulk_update_departures,2.000000,0.000000,99,200,290,350,650,660,660,660,660,660,660,191,0,120,241.77819523498349,54.63416699785739,10356.439041992417,108.19895287958116
1777173989,128,GET,large_scan,6.300000,0.000000,16000,16000,16000,16000,17000,17000,18000,18000,18000,18000,18000,287,0,16000,13898.496983432195,5810.307042003842,23913.650000002235,612473.0592334495
1777173989,128,GET,next_departures,22.700000,0.000000,90,110,130,150,310,530,720,730,940,940,940,1495,0,110,352.9639949225494,54.03749999823049,11204.19645900256,86.21270903010033
1777173989,128,GET,point_read,26.800000,0.000000,94,110,160,230,430,620,700,770,5300,5300,5300,1879,0,120,296.26184169242015,55.664165993221104,11055.32154100365,81.2187333688132
1777173989,128,GET,trips_per_route,4.000000,0.000000,620,750,820,830,890,1100,1100,1100,1100,1100,1100,199,0,650,807.6417305633711,67.79912498313934,10519.093334005447,1177.1658291457286
1777173989,128,,Aggregated,61.800000,0.000000,100,160,290,490,920,16000,16000,17000,18000,18000,18000,4051,0,140,1303.4130207026196,54.03749999823049,23913.650000002235,43524.11453961985
1777173990,128,GET,bulk_update_departures,2.100000,0.000000,140,170,210,220,650,660,660,660,660,660,660,194,0,120,240.92426352513732,54.63416699785739,10356.439041992417,108.20618556701031
1777173990,128,GET,large_scan,6.400000,0.000000,16000,16000,16000,16000,17000,17000,17000,18000,18000,18000,18000,295,0,16000,13966.085330634069,5810.307042003842,23913.650000002235,612473.0610169491
1777173990,128,GET,next_departures,23.400000,0.000000,90,110,140,160,320,530,720,730,940,940,940,1517,0,110,351.96431017610945,54.03749999823049,11204.19645900256,86.21687541199736
1777173990,128,GET,point_read,27.800000,0.000000,93,110,160,210,470,620,700,770,5300,5300,5300,1904,0,120,295.65287429626045,55.664165993221104,11055.32154100365,81.22058823529412
1777173990,128,GET,trips_per_route,3.800000,0.000000,630,820,840,880,1100,1100,1100,1100,1100,1100,1100,201,0,650,809.8644836623608,67.79912498313934,10519.093334005447,1177.1641791044776
1777173990,128,,Aggregated,63.500000,0.000000,100,170,300,500,1100,16000,16000,17000,18000,18000,18000,4111,0,140,1319.96355438441,54.03749999823049,23913.650000002235,44082.361955728535
1777173991,128,GET,bulk_update_departures,2.100000,0.000000,170,220,300,300,650,660,660,660,660,660,660,197,0,130,241.5326848470424,54.63416699785739,10356.439041992417,108.21319796954315
1777173991,128,GET,large_scan,6.100000,0.000000,16000,16000,16000,16000,17000,17000,17000,17000,17000,17000,17000,300,0,16000,14006.355117206893,5810.307042003842,23913.650000002235,612473.0766666667
1777173991,128,GET,next_departures,23.200000,0.000000,95,130,210,280,410,570,720,730,940,940,940,1538,0,110,351.8993269923638,54.03749999823049,11204.19645900256,86.21846553966189
1777173991,128,GET,point_read,27.300000,0.000000,100,200,290,340,480,610,690,730,870,870,870,1948,0,120,296.9630518008591,55.664165993221104,11055.32154100365,81.22638603696099
1777173991,128,GET,trips_per_route,4.000000,0.000000,630,820,880,890,1100,1100,1100,1100,1100,1100,1100,203,0,650,808.1177307494683,67.79912498313934,10519.093334005447,1177.1625615763546
1777173991,128,,Aggregated,62.700000,0.000000,120,280,390,510,930,16000,16000,17000,17000,17000,17000,4186,0,150,1321.8446161589625,54.03749999823049,23913.650000002235,44026.04825609174
1777173992,128,GET,bulk_update_departures,2.100000,0.000000,170,220,300,300,650,660,660,660,660,660,660,199,0,130,240.50327721046023,54.63416699785739,10356.439041992417,108.19597989949749
1777173992,128,GET,large_scan,6.100000,0.000000,16000,16000,16000,16000,17000,17000,17000,17000,17000,17000,17000,304,0,16000,14034.13148093454,5810.307042003842,23913.650000002235,612473.0888157894
1777173992,128,GET,next_departures,23.800000,0.000000,110,160,230,290,410,570,700,730,780,780,780,1555,0,110,349.75529196030175,54.03749999823049,11204.19645900256,86.2192926045016
1777173992,128,GET,point_read,28.600000,0.000000,140,230,300,340,480,620,690,730,870,870,870,1967,0,120,295.837841569926,55.664165993221104,11055.32154100365,81.22877478393492
1777173992,128,GET,trips_per_route,3.700000,0.000000,630,830,880,920,1100,1100,1100,1100,1100,1100,1100,206,0,640,798.8791452675268,67.79912498313934,10519.093334005447,1177.1650485436894
1777173992,128,,Aggregated,64.300000,0.000000,160,290,420,550,1100,16000,16000,17000,17000,17000,17000,4231,0,150,1324.6484849114672,54.03749999823049,23913.650000002235,44138.42921295202
1777173993,128,GET,bulk_update_departures,2.100000,0.000000,200,220,300,300,650,660,660,660,660,660,660,201,0,130,239.546103427153,54.63416699785739,10356.439041992417,108.19900497512438
1777173993,128,GET,large_scan,6.300000,0.000000,16000,16000,16000,16000,17000,17000,17000,17000,17000,17000,17000,310,0,16000,14071.766641790762,5810.307042003842,23913.650000002235,612473.0838709677
1777173993,128,GET,next_departures,24.200000,0.000000,110,180,220,280,420,560,700,730,780,780,780,1588,0,110,345.36911468785087,54.03749999823049,11204.19645900256,86.22166246851386
1777173993,128,GET,point_read,27.800000,0.000000,140,210,290,340,480,610,690,730,870,870,870,2006,0,120,292.1403468310294,55.664165993221104,11055.32154100365,81.22731804586242
1777173993,128,GET,trips_per_route,3.700000,0.000000,660,880,930,950,1100,1100,1100,1100,1100,1100,1100,209,0,640,797.050473325926,67.79912498313934,10519.093334005447,1177.1674641148325
1777173993,128,,Aggregated,64.100000,0.000000,160,270,390,510,1100,16000,16000,17000,17000,17000,17000,4314,0,150,1323.9359444915328,54.03749999823049,23913.650000002235,44143.32267037552
1777173994,128,GET,bulk_update_departures,2.100000,0.000000,170,220,240,300,600,650,660,660,660,660,660,203,0,130,237.9910829056942,54.63416699785739,10356.439041992417,108.20197044334975
1777173994,128,GET,large_scan,5.800000,0.000000,16000,16000,16000,16000,17000,17000,17000,17000,17000,17000,17000,317,0,16000,14114.798349625251,5810.307042003842,23913.650000002235,612473.0977917981
1777173994,128,GET,next_departures,23.600000,0.000000,100,180,220,280,420,560,700,730,780,780,780,1626,0,110,339.79699554018543,54.03749999823049,11204.19645900256,86.22570725707257
1777173994,128,GET,point_read,28.700000,0.000000,140,220,290,340,480,610,690,730,870,870,870,2038,0,120,289.1956586481701,55.664165993221104,11055.32154100365,81.22669283611384
1777173994,128,GET,trips_per_route,3.900000,0.000000,630,870,920,930,1100,1100,1100,1100,1100,1100,1100,214,0,640,790.5779686921263,67.79912498313934,10519.093334005447,1177.1682242990655
1777173994,128,,Aggregated,64.100000,0.000000,160,270,400,520,1100,16000,16000,17000,17000,17000,17000,4398,0,140,1326.4614868200304,54.03749999823049,23913.650000002235,44277.76125511596
1777173995,128,GET,bulk_update_departures,2.100000,0.000000,140,170,220,240,300,600,650,650,650,650,650,209,0,120,233.6290516212703,54.63416699785739,10356.439041992417,108.20574162679426
1777173995,128,GET,large_scan,6.200000,0.000000,16000,16000,16000,16000,17000,17000,17000,17000,17000,17000,17000,319,0,16000,14125.84114001628,5810.307042003842,23913.650000002235,612473.1034482758
1777173995,128,GET,next_departures,23.600000,0.000000,100,170,210,270,410,540,700,730,780,780,780,1657,0,110,335.0800612035635,54.03749999823049,11204.19645900256,86.22631261315631
1777173995,128,GET,point_read,28.100000,0.000000,120,200,280,320,480,610,690,730,870,870,870,2071,0,120,285.9560225306149,55.664165993221104,11055.32154100365,81.22742636407533
1777173995,128,GET,trips_per_route,3.700000,0.000000,630,690,890,920,970,1100,1100,1100,1100,1100,1100,221,0,630,782.8465605573939,67.79912498313934,10519.093334005447,1177.1628959276018
1777173995,128,,Aggregated,63.700000,0.000000,150,260,370,490,930,16000,16000,17000,17000,17000,17000,4477,0,140,1312.3572636614776,54.03749999823049,23913.650000002235,43773.23810587447
1777173996,128,GET,bulk_update_departures,2.100000,0.000000,140,170,210,220,300,300,600,600,600,600,600,210,0,120,232.84451129923886,54.63416699785739,10356.439041992417,108.20476190476191
1777173996,128,GET,large_scan,6.000000,0.000000,16000,16000,16000,16000,17000,17000,17000,17000,17000,17000,17000,323,0,16000,14146.56097367548,5810.307042003842,23913.650000002235,612473.1083591331
1777173996,128,GET,next_departures,25.200000,0.000000,100,170,210,270,410,530,700,730,780,780,780,1689,0,110,330.43037734295353,54.03749999823049,11204.19645900256,86.22439313203078
1777173996,128,GET,point_read,28.400000,0.000000,110,200,260,300,480,580,690,700,770,770,770,2108,0,110,282.6602119088769,55.664165993221104,11055.32154100365,81.2258064516129
1777173996,128,GET,trips_per_route,3.200000,0.000000,620,690,890,930,1100,1100,1100,1100,1100,1100,1100,224,0,630,782.0984399561764,67.79912498313934,10519.093334005447,1177.15625
1777173996,128,,Aggregated,64.900000,0.000000,130,230,320,420,700,16000,16000,16000,17000,17000,17000,4554,0,140,1305.966452888969,54.03749999823049,23913.650000002235,43573.13943785683
1777173997,128,GET,bulk_update_departures,2.100000,0.000000,110,170,210,240,300,300,600,600,600,600,600,214,0,120,230.974966307768,54.63416699785739,10356.439041992417,108.20560747663552
1777173997,128,GET,large_scan,6.100000,0.000000,16000,16000,16000,16000,17000,17000,17000,17000,17000,17000,17000,328,0,16000,14168.47343151897,5810.307042003842,23913.650000002235,612473.1219512195
1777173997,128,GET,next_departures,25.400000,0.000000,100,170,210,270,410,530,700,730,780,780,780,1715,0,110,326.89187395228237,54.03749999823049,11204.19645900256,86.22390670553936
1777173997,128,GET,point_read,28.600000,0.000000,110,190,260,300,480,580,690,700,770,770,770,2146,0,110,279.2383642804931,55.664165993221104,11055.32154100365,81.22413793103448
1777173997,128,GET,trips_per_route,3.400000,0.000000,630,700,890,930,1100,1100,1100,1100,1100,1100,1100,228,0,630,778.9781361849205,67.79912498313934,10519.093334005447,1177.157894736842
1777173997,128,,Aggregated,65.600000,0.000000,130,230,320,420,700,16000,16000,16000,17000,17000,17000,4631,0,130,1302.9928820886093,54.03749999823049,23913.650000002235,43512.181602245735
1777173998,128,GET,bulk_update_departures,2.500000,0.000000,110,170,210,240,300,510,600,600,600,600,600,219,0,120,229.7781522003838,54.63416699785739,10356.439041992417,108.19634703196347
1777173998,128,GET,large_scan,6.000000,0.000000,16000,16000,16000,16000,16000,17000,17000,17000,17000,17000,17000,336,0,16000,14206.091084435155,5810.307042003842,23913.650000002235,612473.125
1777173998,128,GET,next_departures,26.400000,0.000000,98,130,180,220,340,440,560,730,780,780,780,1742,0,110,323.3712607372569,54.03749999823049,11204.19645900256,86.22273249138921
1777173998,128,GET,point_read,29.300000,0.000000,97,160,220,270,390,510,640,690,770,770,770,2170,0,110,277.09655623867184,55.664165993221104,11055.32154100365,81.22488479262672
1777173998,128,GET,trips_per_route,3.200000,0.000000,610,660,700,900,970,1100,1100,1100,1100,1100,1100,232,0,630,773.9802556041406,67.79912498313934,10519.093334005447,1177.1637931034484
1777173998,128,,Aggregated,67.400000,0.000000,110,200,300,380,690,16000,16000,16000,17000,17000,17000,4699,0,130,1312.5651632782456,54.03749999823049,23913.650000002235,43927.26643966801
1777173999,128,GET,bulk_update_departures,2.700000,0.000000,99,140,170,220,300,300,510,510,510,510,510,221,0,120,228.75393740213855,54.63416699785739,10356.439041992417,108.1945701357466
1777173999,128,GET,large_scan,5.000000,0.000000,16000,16000,16000,16000,16000,16000,17000,17000,17000,17000,17000,341,0,16000,14229.802940114989,5810.307042003842,23913.650000002235,612473.1348973607
1777173999,128,GET,next_departures,26.000000,0.000000,93,120,140,180,280,360,500,540,570,570,570,1770,0,110,320.32093337757084,54.03749999823049,11204.19645900256,86.2225988700565
1777173999,128,GET,point_read,31.200000,0.000000,90,120,160,200,330,400,480,550,690,690,690,2201,0,110,274.78763332798275,55.664165993221104,11055.32154100365,81.22444343480237
1777173999,128,GET,trips_per_route,3.300000,0.000000,610,660,700,900,1100,1100,1100,1100,1100,1100,1100,235,0,630,771.0192989709074,67.79912498313934,10519.093334005447,1177.1617021276595
1777173999,128,,Aggregated,68.200000,0.000000,99,150,220,300,560,16000,16000,16000,17000,17000,17000,4768,0,130,1312.055912549588,54.03749999823049,23913.650000002235,43935.66946308725
1777174000,128,GET,bulk_update_departures,2.800000,0.000000,95,110,170,220,300,350,510,510,510,510,510,222,0,120,229.3192569409216,54.63416699785739,10356.439041992417,108.19369369369369
1777174000,128,GET,large_scan,5.400000,0.000000,16000,16000,16000,16000,16000,16000,17000,17000,17000,17000,17000,344,0,16000,14244.640936154774,5810.307042003842,23913.650000002235,612473.1395348837
1777174000,128,GET,next_departures,26.100000,0.000000,93,110,140,170,220,330,440,500,560,560,560,1787,0,110,319.3360222178629,54.03749999823049,11204.19645900256,86.22160044767767
1777174000,128,GET,point_read,31.500000,0.000000,88,110,130,160,280,380,480,590,730,730,730,2213,0,110,274.86482755165775,55.664165993221104,11055.32154100365,81.22413014008134
1777174000,128,GET,trips_per_route,3.400000,0.000000,590,630,690,800,970,1100,1100,1100,1100,1100,1100,236,0,630,772.0544758438768,67.79912498313934,10519.093334005447,1177.1610169491526
1777174000,128,,Aggregated,69.200000,0.000000,97,140,190,250,590,16000,16000,16000,17000,17000,17000,4802,0,130,1314.4938668164134,54.03749999823049,23913.650000002235,44008.0
1777174001,128,GET,bulk_update_departures,3.000000,0.000000,95,110,190,220,260,350,510,510,510,510,510,225,0,120,229.20234277728014,54.63416699785739,10356.439041992417,108.2
1777174001,128,GET,large_scan,5.600000,0.000000,16000,16000,16000,16000,16000,16000,17000,17000,17000,17000,17000,354,0,16000,14292.445534003615,5810.307042003842,23913.650000002235,612473.1440677966
1777174001,128,GET,next_departures,27.500000,0.000000,93,110,140,170,230,360,500,550,560,560,560,1805,0,110,319.65493896414677,54.03749999823049,11204.19645900256,86.22437673130194
1777174001,128,GET,point_read,32.500000,0.000000,86,100,120,150,260,360,530,590,730,730,730,2239,0,110,275.36443629785214,55.664165993221104,11055.32154100365,81.22510049129076
1777174001,128,GET,trips_per_route,3.600000,0.000000,620,690,800,840,1000,1100,1100,1100,1100,1100,1100,238,0,630,773.3028895595108,67.79912498313934,10519.093334005447,1177.1596638655462
1777174001,128,,Aggregated,72.200000,0.000000,95,130,200,270,660,16000,16000,16000,17000,17000,17000,4861,0,130,1334.840664797058,54.03749999823049,23913.650000002235,44735.13680312693
1777174002,128,GET,bulk_update_departures,2.900000,0.000000,99,170,220,220,260,350,510,510,510,510,510,228,0,120,229.0335526355959,54.63416699785739,10356.439041992417,108.20175438596492
1777174002,128,GET,large_scan,4.700000,0.000000,16000,16000,16000,16000,16000,16000,17000,17000,17000,17000,17000,358,0,16000,14310.211823076204,5810.307042003842,23913.650000002235,612473.1508379888
1777174002,128,GET,next_departures,27.900000,0.000000,94,120,160,190,290,360,500,540,550,550,550,1825,0,110,318.7076118018172,54.03749999823049,11204.19645900256,86.22465753424657
1777174002,128,GET,point_read,31.300000,0.000000,89,110,150,200,310,390,530,590,730,730,730,2259,0,110,275.4420641491582,55.664165993221104,11055.32154100365,81.22664895971668
1777174002,128,GET,trips_per_route,3.500000,0.000000,630,690,820,840,1000,1100,1100,1100,1100,1100,1100,240,0,630,773.1620359632265,67.79912498313934,10519.093334005447,1177.1583333333333
1777174002,128,,Aggregated,70.300000,0.000000,99,170,230,310,690,16000,16000,16000,17000,17000,17000,4910,0,140,1337.0059848767062,54.03749999823049,23913.650000002235,44788.88533604888
1777174003,128,GET,bulk_update_departures,2.800000,0.000000,110,190,220,220,350,510,580,580,580,580,580,229,0,120,230.57949709132575,54.63416699785739,10356.439041992417,108.20087336244542
1777174003,128,GET,large_scan,5.400000,0.000000,16000,16000,16000,16000,16000,17000,17000,17000,17000,17000,17000,369,0,16000,14362.593110082187,5810.307042003842,23913.650000002235,612473.1707317074
1777174003,128,GET,next_departures,27.000000,0.000000,100,160,190,220,350,450,550,560,580,580,580,1843,0,110,318.7325434038596,54.03749999823049,11204.19645900256,86.22246337493218
1777174003,128,GET,point_read,30.700000,0.000000,100,170,220,290,380,470,540,590,730,730,730,2291,0,120,276.31989418548943,55.664165993221104,11055.32154100365,81.22479266695765
1777174003,128,GET,trips_per_route,3.600000,0.000000,630,690,820,840,1000,1100,1100,1100,1100,1100,1100,241,0,630,771.3727726770373,67.79912498313934,10519.093334005447,1177.1618257261412
1777174003,128,,Aggregated,69.500000,0.000000,120,220,330,390,900,16000,16000,16000,17000,17000,17000,4973,0,140,1359.1339947198207,54.03749999823049,23913.650000002235,45577.331188417455
1777174004,128,GET,bulk_update_departures,2.900000,0.000000,170,220,220,260,350,510,580,580,580,580,580,231,0,120,230.80182954499165,54.63416699785739,10356.439041992417,108.2034632034632
1777174004,128,GET,large_scan,5.200000,0.000000,16000,16000,16000,16000,16000,17000,17000,17000,17000,17000,17000,373,0,16000,14384.087667210057,5810.307042003842,23913.650000002235,612473.1796246648
1777174004,128,GET,next_departures,27.400000,0.000000,120,180,210,240,350,470,550,560,580,580,580,1857,0,110,318.0541569683886,54.03749999823049,11204.19645900256,86.22455573505654
1777174004,128,GET,point_read,29.200000,0.000000,120,210,270,330,430,520,570,590,730,730,730,2312,0,120,276.6062966219607,55.664165993221104,11055.32154100365,81.2257785467128
1777174004,128,GET,trips_per_route,3.400000,0.000000,620,800,840,900,1100,1100,1200,1200,1200,1200,1200,243,0,630,771.549425613894,67.79912498313934,10519.093334005447,1177.1604938271605
1777174004,128,,Aggregated,68.100000,0.000000,160,250,350,440,1100,16000,16000,16000,17000,17000,17000,5016,0,140,1362.880135605798,54.03749999823049,23913.650000002235,45676.12719298246
1777174005,128,GET,bulk_update_departures,2.800000,0.000000,210,220,250,260,350,510,580,580,580,580,580,236,0,120,229.59473499090024,54.63416699785739,10356.439041992417,108.19915254237289
1777174005,128,GET,large_scan,5.600000,0.000000,16000,16000,16000,16000,16000,17000,17000,17000,17000,17000,17000,375,0,16000,14391.050067094231,5810.307042003842,23913.650000002235,612473.184
1777174005,128,GET,next_departures,25.600000,0.000000,150,190,220,250,360,470,550,560,580,580,580,1886,0,110,315.4157838177823,54.03749999823049,11204.19645900256,86.22693531283139
1777174005,128,GET,point_read,28.600000,0.000000,140,220,280,330,430,520,570,570,730,730,730,2343,0,120,275.0028895283612,55.664165993221104,11055.32154100365,81.22705932565087
1777174005,128,GET,trips_per_route,3.300000,0.000000,690,770,840,900,1000,1100,1200,1200,1200,1200,1200,246,0,640,771.2215879397056,67.79912498313934,10519.093334005447,1177.1544715447155
1777174005,128,,Aggregated,65.900000,0.000000,180,250,350,440,1000,16000,16000,16000,17000,17000,17000,5086,0,140,1352.684738831426,54.03749999823049,23913.650000002235,45290.109712937476
1777174006,128,GET,bulk_update_departures,2.800000,0.000000,170,210,220,250,350,510,580,580,580,580,580,242,0,120,226.6610943504719,54.63416699785739,10356.439041992417,108.19421487603306
1777174006,128,GET,large_scan,5.900000,0.000000,16000,16000,16000,16000,16000,17000,17000,17000,17000,17000,17000,383,0,16000,14427.241860191622,5810.307042003842,23913.650000002235,612473.1984334204
1777174006,128,GET,next_departures,24.000000,0.000000,160,200,230,260,360,500,560,570,580,580,580,1902,0,110,313.70504096024433,54.03749999823049,11204.19645900256,86.22660357518401
1777174006,128,GET,point_read,27.800000,0.000000,160,210,270,330,420,520,560,570,730,730,730,2389,0,120,272.0049578279631,55.664165993221104,11055.32154100365,81.22561741314358
1777174006,128,GET,trips_per_route,2.800000,0.000000,690,770,840,900,1000,1100,1200,1200,1200,1200,1200,247,0,640,770.8049961544859,67.79912498313934,10519.093334005447,1177.1538461538462
1777174006,128,,Aggregated,63.300000,0.000000,190,260,350,440,15000,16000,16000,16000,17000,17000,17000,5163,0,140,1359.1635257590053,54.03749999823049,23913.650000002235,45565.025372845244
1777174007,128,GET,bulk_update_departures,2.800000,0.000000,170,210,220,220,300,350,580,580,580,580,580,244,0,120,225.4308626999445,54.63416699785739,10356.439041992417,108.19672131147541
1777174007,128,GET,large_scan,5.700000,0.000000,16000,16000,16000,16000,17000,17000,17000,17000,17000,17000,17000,385,0,16000,14434.786380504942,5810.307042003842,23913.650000002235,612473.2025974026
1777174007,128,GET,next_departures,23.100000,0.000000,160,200,230,260,360,500,560,570,580,580,580,1927,0,110,310.77533408579393,54.03749999823049,11204.19645900256,86.2262584327971
1777174007,128,GET,point_read,26.100000,0.000000,160,220,270,320,420,520,560,570,730,730,730,2422,0,120,269.6932579480011,55.664165993221104,11055.32154100365,81.22667217175888
1777174007,128,GET,trips_per_route,2.900000,0.000000,730,820,1000,1000,1200,1400,1400,1400,1400,1400,1400,249,0,640,773.3705224545045,67.79912498313934,10519.093334005447,1177.1566265060242
1777174007,128,,Aggregated,60.600000,0.000000,190,250,340,410,1000,16000,16000,16000,17000,17000,17000,5227,0,140,1350.1106345164987,54.03749999823049,23913.650000002235,45242.88961163191
1777174008,128,GET,bulk_update_departures,3.000000,0.000000,210,220,250,270,350,350,580,580,580,580,580,246,0,120,226.16409484476392,54.63416699785739,10356.439041992417,108.20325203252033
1777174008,128,GET,large_scan,5.500000,0.000000,16000,16000,16000,16000,17000,17000,17000,17000,17000,17000,17000,390,0,16000,14460.991380331841,5810.307042003842,23913.650000002235,612473.1948717949
1777174008,128,GET,next_departures,21.400000,0.000000,170,210,240,280,380,530,560,570,580,580,580,1942,0,110,309.92288853469364,54.03749999823049,11204.19645900256,86.22605561277034
1777174008,128,GET,point_read,27.400000,0.000000,180,240,290,340,430,520,560,570,730,730,730,2443,0,120,269.34294830417304,55.664165993221104,11055.32154100365,81.22717969709373
1777174008,128,GET,trips_per_route,2.500000,0.000000,810,840,1000,1000,1400,1600,1600,1600,1600,1600,1600,252,0,650,777.0963345206433,67.79912498313934,10519.093334005447,1177.154761904762
1777174008,128,,Aggregated,59.800000,0.000000,200,280,360,440,1000,16000,16000,17000,17000,17000,17000,5273,0,140,1356.1779545234015,54.03749999823049,23913.650000002235,45430.2476768443
1777174009,128,GET,bulk_update_departures,3.000000,0.000000,190,210,220,250,300,350,580,580,580,580,580,250,0,120,224.17400782729965,54.63416699785739,10356.439041992417,108.208
1777174009,128,GET,large_scan,5.900000,0.000000,16000,16000,16000,16000,17000,17000,17000,17000,17000,17000,17000,396,0,16000,14491.817259778805,5810.307042003842,23913.650000002235,612473.191919192
1777174009,128,GET,next_departures,21.300000,0.000000,160,200,230,270,360,470,560,570,580,580,580,1968,0,110,307.24013717046796,54.03749999823049,11204.19645900256,86.22306910569105
1777174009,128,GET,point_read,27.100000,0.000000,170,230,280,320,410,490,550,570,570,570,570,2469,0,120,267.63971837509723,55.664165993221104,11055.32154100365,81.22519238558121
1777174009,128,GET,trips_per_route,2.100000,0.000000,810,850,880,1000,1400,1600,1600,1600,1600,1600,1600,253,0,650,777.4965692023478,67.79912498313934,10519.093334005447,1177.1541501976285
1777174009,128,,Aggregated,59.400000,0.000000,190,270,360,430,15000,16000,16000,17000,17000,17000,17000,5336,0,140,1360.0001543210299,54.03749999823049,23913.650000002235,45583.674662668665
1777174010,128,GET,bulk_update_departures,2.700000,0.000000,150,210,220,250,300,350,580,580,580,580,580,253,0,120,222.48036609817638,54.63416699785739,10356.439041992417,108.2094861660079
1777174010,128,GET,large_scan,5.300000,0.000000,16000,16000,16000,16000,17000,17000,17000,17000,17000,17000,17000,398,0,16000,14501.34396104878,5810.307042003842,23913.650000002235,612473.1959798995
1777174010,128,GET,next_departures,20.000000,0.000000,130,180,200,230,300,430,560,570,580,580,580,1989,0,110,305.05037734212067,54.03749999823049,11204.19645900256,86.2252388134741
1777174010,128,GET,point_read,26.700000,0.000000,150,210,250,280,380,470,540,570,570,570,570,2493,0,120,266.0313904769631,55.09095898014493,11055.32154100365,81.22462896109106
1777174010,128,GET,trips_per_route,2.200000,0.000000,820,880,1000,1100,1400,1600,1600,1600,1600,1600,1600,255,0,650,779.4009044440006,67.79912498313934,10519.093334005447,1177.1529411764707
1777174010,128,,Aggregated,56.900000,0.000000,160,220,290,360,810,16000,16000,17000,17000,17000,17000,5388,0,140,1354.2188412668918,54.03749999823049,23913.650000002235,45372.28619153675
1777174011,128,GET,bulk_update_departures,2.800000,0.000000,150,180,210,210,300,350,580,580,580,580,580,255,0,120,222.07922303076725,54.63416699785739,10356.439041992417,108.21176470588236
1777174011,128,GET,large_scan,5.500000,0.000000,16000,16000,16000,16000,17000,17000,17000,17000,17000,17000,17000,404,0,16000,14526.198982047968,5810.307042003842,23913.650000002235,612473.2029702971
1777174011,128,GET,next_departures,19.400000,0.000000,110,150,190,200,270,380,560,570,580,580,580,2008,0,110,303.4087833423463,54.03749999823049,11204.19645900256,86.22659362549801
1777174011,128,GET,point_read,26.900000,0.000000,130,190,230,270,370,450,540,570,570,570,570,2512,0,110,265.03107120903906,55.09095898014493,11055.32154100365,81.22452229299363
1777174011,128,GET,trips_per_route,1.900000,0.000000,810,980,1000,1100,1400,1600,1600,1600,1600,1600,1600,257,0,650,778.0866615105274,67.79912498313934,10519.093334005447,1177.1556420233462
1777174011,128,,Aggregated,56.500000,0.000000,140,210,270,350,980,16000,16000,17000,17000,17000,17000,5436,0,140,1361.329240334246,54.03749999823049,23913.650000002235,45648.72626931567
1777174012,128,GET,bulk_update_departures,2.800000,0.000000,120,170,210,210,280,300,350,350,350,350,350,255,0,120,222.07922303076725,54.63416699785739,10356.439041992417,108.21176470588236
1777174012,128,GET,large_scan,5.700000,0.000000,16000,16000,16000,17000,17000,17000,17000,17000,17000,17000,17000,407,0,16000,14540.621113322935,5810.307042003842,23913.650000002235,612473.194103194
1777174012,128,GET,next_departures,19.500000,0.000000,120,160,190,200,260,330,450,560,860,860,860,2023,0,110,303.2041311979362,54.03749999823049,11204.19645900256,86.22689075630252
1777174012,128,GET,point_read,27.400000,0.000000,120,180,210,230,280,400,550,570,590,590,590,2531,0,120,264.9175604026849,55.09095898014493,11055.32154100365,81.22362702489134
1777174012,128,GET,trips_per_route,1.900000,0.000000,810,980,1100,1100,1400,1600,1600,1600,1600,1600,1600,260,0,650,776.5759702239078,67.79912498313934,10519.093334005447,1177.1653846153847
1777174012,128,,Aggregated,57.300000,0.000000,140,200,240,280,810,16000,16000,17000,17000,17000,17000,5476,0,140,1362.3924488762075,54.03749999823049,23913.650000002235,45651.98338203068
1777174013,128,GET,bulk_update_departures,3.100000,0.000000,110,170,180,210,280,300,350,350,350,350,350,255,0,120,222.07922303076725,54.63416699785739,10356.439041992417,108.21176470588236
1777174013,128,GET,large_scan,4.900000,0.000000,16000,16000,17000,17000,17000,17000,17000,17000,17000,17000,17000,410,0,16000,14558.253619605941,5810.307042003842,23913.650000002235,612473.1975609756
1777174013,128,GET,next_departures,20.500000,0.000000,110,160,200,210,260,300,380,470,860,860,860,2038,0,110,302.8089631591704,54.03749999823049,11204.19645900256,86.2252208047105
1777174013,128,GET,point_read,27.600000,0.000000,120,180,210,240,280,330,390,470,590,590,590,2551,0,120,265.0771029028625,55.09095898014493,11055.32154100365,81.22265778126226
1777174013,128,GET,trips_per_route,1.800000,0.000000,850,1000,1100,1100,1200,1400,1600,1600,1600,1600,1600,262,0,650,778.6344224206067,67.79912498313934,10519.093334005447,1177.1641221374045
1777174013,128,,Aggregated,57.900000,0.000000,140,210,250,280,780,16000,16000,17000,17000,17000,17000,5516,0,140,1363.8239233156396,54.03749999823049,23913.650000002235,45654.99419869471
1777174014,128,GET,bulk_update_departures,2.800000,0.000000,120,170,210,280,570,890,910,910,910,910,910,258,0,120,228.65708073943605,54.63416699785739,10356.439041992417,108.2015503875969
1777174014,128,GET,large_scan,5.000000,0.000000,16000,17000,17000,17000,17000,17000,17000,17000,17000,17000,17000,417,0,16000,14600.953162363247,5810.307042003842,23913.650000002235,612473.1942446043
1777174014,128,GET,next_departures,19.100000,0.000000,110,160,200,230,300,430,860,1000,1000,1000,1000,2046,0,110,304.22023460477794,54.03749999823049,11204.19645900256,86.22482893450635
1777174014,128,GET,point_read,26.800000,0.000000,120,190,220,240,320,390,600,900,1000,1000,1000,2563,0,120,266.4052871003621,55.09095898014493,11055.32154100365,81.22122512680453
1777174014,128,GET,trips_per_route,1.800000,0.000000,980,1000,1100,1100,1400,1600,1600,1600,1600,1600,1600,264,0,650,779.5795880955473,67.79912498313934,10519.093334005447,1177.1666666666667
1777174014,128,,Aggregated,55.500000,0.000000,140,210,280,330,1000,16000,17000,17000,17000,17000,17000,5548,0,140,1380.4310305755362,54.03749999823049,23913.650000002235,46165.21196827685
1777174015,128,GET,bulk_update_departures,2.600000,0.000000,150,180,210,280,570,890,910,910,910,910,910,262,0,130,227.65942413261237,54.63416699785739,10356.439041992417,108.20229007633588
1777174015,128,GET,large_scan,4.400000,0.000000,16000,17000,17000,17000,17000,17000,17000,17000,17000,17000,17000,428,0,16000,14653.767307433181,5810.307042003842,23913.650000002235,612473.1985981308
1777174015,128,GET,next_departures,20.300000,0.000000,140,200,230,250,330,430,860,1000,1000,1000,1000,2067,0,110,303.43979136451395,54.03749999823049,11204.19645900256,86.22544750846637
1777174015,128,GET,point_read,25.800000,0.000000,170,230,260,280,350,420,600,900,1000,1000,1000,2587,0,120,266.37187189375794,55.09095898014493,11055.32154100365,81.22149207576344
1777174015,128,GET,trips_per_route,2.100000,0.000000,980,1000,1100,1100,1400,1600,1600,1600,1600,1600,1600,264,0,650,779.5795880955473,67.79912498313934,10519.093334005447,1177.1666666666667
1777174015,128,,Aggregated,55.200000,0.000000,180,250,320,380,16000,17000,17000,17000,17000,17000,17000,5608,0,150,1400.4247983774915,54.03749999823049,23913.650000002235,46873.39479315264
1777174016,128,GET,bulk_update_departures,2.600000,0.000000,160,180,260,280,570,890,910,910,910,910,910,265,0,130,226.93768647446666,54.63416699785739,10356.439041992417,108.2
1777174016,128,GET,large_scan,4.200000,0.000000,17000,17000,17000,17000,17000,18000,18000,19000,19000,19000,19000,436,0,16000,14696.59455427383,5810.307042003842,23913.650000002235,612473.2110091744
1777174016,128,GET,next_departures,18.500000,0.000000,150,200,230,260,330,430,860,1000,1000,1000,1000,2095,0,110,301.17043524360685,54.03749999823049,11204.19645900256,86.22482100238663
1777174016,128,GET,point_read,25.000000,0.000000,160,230,260,280,360,420,600,900,1000,1000,1000,2616,0,120,264.85842678369545,55.09095898014493,11055.32154100365,81.22018348623853
1777174016,128,GET,trips_per_route,2.100000,0.000000,810,980,1100,1100,1300,1400,1600,1600,1600,1600,1600,271,0,650,775.3952982997852,67.79912498313934,10519.093334005447,1177.1660516605166
1777174016,128,,Aggregated,52.400000,0.000000,180,260,330,400,16000,17000,17000,17000,19000,19000,19000,5683,0,150,1408.0252586169042,54.03749999823049,23913.650000002235,47119.32394861869
1777174017,128,GET,bulk_update_departures,2.600000,0.000000,160,180,260,280,570,890,910,910,910,910,910,268,0,130,225.89691790579226,54.63416699785739,10356.439041992417,108.2089552238806
1777174017,128,GET,large_scan,5.100000,0.000000,16000,17000,17000,17000,17000,18000,19000,19000,19000,19000,19000,446,0,16000,14740.21272112194,5810.307042003842,23913.650000002235,612473.2264573991
1777174017,128,GET,next_departures,17.900000,0.000000,150,200,230,260,330,380,860,1000,1000,1000,1000,2123,0,110,299.1250086949394,54.03749999823049,11204.19645900256,86.22703721149317
1777174017,128,GET,point_read,25.600000,0.000000,160,230,260,280,350,420,600,900,1000,1000,1000,2650,0,120,263.0655976132608,55.09095898014493,11055.32154100365,81.22264150943396
1777174017,128,GET,trips_per_route,1.800000,0.000000,640,880,1000,1000,1100,1100,1300,1300,1300,1300,1300,274,0,640,771.0097050081844,67.79912498313934,10519.093334005447,1177.1715328467153
1777174017,128,,Aggregated,53.000000,0.000000,180,260,330,390,16000,17000,17000,17000,19000,19000,19000,5761,0,140,1419.5622520267093,54.03749999823049,23913.650000002235,47546.06908522826
1777174018,128,GET,bulk_update_departures,2.500000,0.000000,150,180,190,260,570,890,910,910,910,910,910,271,0,130,225.4661170065977,54.63416699785739,10356.439041992417,108.21033210332104
1777174018,128,GET,large_scan,5.800000,0.000000,16000,17000,17000,17000,17000,18000,19000,19000,19000,19000,19000,448,0,16000,14746.835625918278,5810.307042003842,23913.650000002235,612473.2299107143
1777174018,128,GET,next_departures,18.900000,0.000000,150,210,240,260,310,360,860,1000,1000,1000,1000,2155,0,110,297.22406686046764,54.03749999823049,11204.19645900256,86.22691415313226
1777174018,128,GET,point_read,23.600000,0.000000,160,230,250,270,330,390,600,900,1000,1000,1000,2685,0,120,262.0506094090204,55.09095898014493,11055.32154100365,81.22085661080075
1777174018,128,GET,trips_per_route,2.100000,0.000000,640,760,1000,1100,1100,1200,1300,1300,1300,1300,1300,278,0,640,770.1955737598222,67.79912498313934,10519.093334005447,1177.1726618705036
1777174018,128,,Aggregated,52.900000,0.000000,190,260,310,360,1300,16000,17000,17000,19000,19000,19000,5837,0,150,1409.2721942732444,54.03749999823049,23913.650000002235,47138.68134315573
1777174019,128,GET,bulk_update_departures,2.500000,0.000000,150,170,180,260,570,890,910,910,910,910,910,279,0,130,223.06121639343226,54.63416699785739,10356.439041992417,108.21505376344086
1777174019,128,GET,large_scan,5.900000,0.000000,16000,17000,17000,17000,17000,18000,19000,19000,19000,19000,19000,455,0,16000,14771.619472699702,5810.307042003842,23913.650000002235,612473.2373626374
1777174019,128,GET,next_departures,19.500000,0.000000,170,220,240,260,310,360,720,950,1000,1000,1000,2183,0,110,295.5204345512084,54.03749999823049,11204.19645900256,86.22583600549702
1777174019,128,GET,point_read,23.500000,0.000000,170,230,250,270,330,400,600,900,1000,1000,1000,2721,0,120,260.39451847265934,55.09095898014493,11055.32154100365,81.22197721425947
1777174019,128,GET,trips_per_route,2.600000,0.000000,600,730,1000,1000,1100,1200,1300,1300,1300,1300,1300,280,0,640,767.0397494257486,67.79912498313934,10519.093334005447,1177.175
1777174019,128,,Aggregated,54.000000,0.000000,200,260,310,360,16000,16000,17000,17000,19000,19000,19000,5918,0,150,1411.2447892329712,54.03749999823049,23913.650000002235,47219.391686380535
1777174020,128,GET,bulk_update_departures,2.600000,0.000000,150,160,190,260,570,890,910,910,910,910,910,284,0,120,220.94107408738125,54.63416699785739,10356.439041992417,108.21830985915493
1777174020,128,GET,large_scan,5.900000,0.000000,17000,17000,17000,17000,17000,18000,19000,19000,19000,19000,19000,462,0,16000,14799.499214639274,5810.307042003842,23913.650000002235,612473.235930736
1777174020,128,GET,next_departures,20.600000,0.000000,160,220,240,260,330,420,720,950,1000,1000,1000,2217,0,110,292.81344158744497,54.03749999823049,11204.19645900256,86.22507893549842
1777174020,128,GET,point_read,23.200000,0.000000,160,220,240,270,340,400,590,900,1000,1000,1000,2758,0,120,258.37293404433785,55.09095898014493,11055.32154100365,81.21972443799855
1777174020,128,GET,trips_per_route,2.400000,0.000000,640,730,770,1000,1100,1200,1300,1300,1300,1300,1300,283,0,650,766.6471948064147,67.79912498313934,10519.093334005447,1177.173144876325
1777174020,128,,Aggregated,54.700000,0.000000,190,260,310,380,16000,17000,17000,17000,19000,19000,19000,6004,0,140,1412.198036380416,54.03749999823049,23913.650000002235,47258.77315123251
1777174021,128,GET,bulk_update_departures,2.500000,0.000000,130,150,180,190,360,890,910,910,910,910,910,290,0,120,218.62586680619077,54.63416699785739,10356.439041992417,108.21034482758621
1777174021,128,GET,large_scan,5.900000,0.000000,17000,17000,17000,17000,17000,18000,19000,19000,19000,19000,19000,466,0,16000,14813.435453410568,5810.307042003842,23913.650000002235,612473.2403433477
1777174021,128,GET,next_departures,21.800000,0.000000,120,190,230,250,310,400,530,950,1000,1000,1000,2249,0,110,290.08023432787394,54.03749999823049,11204.19645900256,86.22498888394843
1777174021,128,GET,point_read,24.000000,0.000000,120,200,230,240,320,390,550,900,1000,1000,1000,2806,0,120,255.6369471561953,55.09095898014493,11055.32154100365,81.21703492516038
1777174021,128,GET,trips_per_route,2.700000,0.000000,640,730,760,770,1100,1200,1300,1300,1300,1300,1300,284,0,640,765.2842840535401,67.79912498313934,10519.093334005447,1177.1725352112676
1777174021,128,,Aggregated,56.900000,0.000000,150,230,300,340,1100,17000,17000,17000,19000,19000,19000,6095,0,140,1403.3651977125505,54.03749999823049,23913.650000002235,46956.528794093516
1777174022,128,GET,bulk_update_departures,3.200000,0.000000,120,150,160,180,340,570,910,910,910,910,910,296,0,120,215.72178462087618,54.63416699785739,10356.439041992417,108.21621621621621
1777174022,128,GET,large_scan,6.400000,0.000000,17000,17000,17000,17000,17000,18000,19000,19000,19000,19000,19000,471,0,16000,14830.30769577132,5810.307042003842,23913.650000002235,612473.246284501
1777174022,128,GET,next_departures,21.500000,0.000000,100,150,200,230,300,400,530,950,1000,1000,1000,2275,0,110,287.8628946880805,53.885000001173466,11204.19645900256,86.2232967032967
1777174022,128,GET,point_read,25.600000,0.000000,100,140,220,230,310,390,470,680,1000,1000,1000,2843,0,110,253.41447966241756,54.06312498962507,11055.32154100365,81.21667252901864
1777174022,128,GET,trips_per_route,2.600000,0.000000,640,710,760,770,1100,1200,1300,1300,1300,1300,1300,285,0,650,765.0973353973026,67.79912498313934,10519.093334005447,1177.1719298245614
1777174022,128,,Aggregated,59.300000,0.000000,120,210,260,320,1000,16000,17000,17000,19000,19000,19000,6170,0,140,1400.7012584505565,53.885000001173466,23913.650000002235,46883.22236628849
1777174023,128,GET,bulk_update_departures,3.400000,0.000000,120,140,160,180,340,890,910,910,910,910,910,296,0,120,215.72178462087618,54.63416699785739,10356.439041992417,108.21621621621621
1777174023,128,GET,large_scan,6.400000,0.000000,16000,17000,17000,17000,17000,18000,19000,19000,19000,19000,19000,477,0,16000,14847.33561687684,5810.307042003842,23913.650000002235,612473.2536687631
1777174023,128,GET,next_departures,23.100000,0.000000,110,150,200,220,300,380,520,950,1000,1000,1000,2293,0,110,286.9833726922402,53.885000001173466,11204.19645900256,86.22416048844309
1777174023,128,GET,point_read,28.200000,0.000000,99,130,180,220,280,380,450,900,1000,1000,1000,2855,0,110,253.38765012196978,54.06312498962507,11055.32154100365,81.21821366024518
1777174023,128,GET,trips_per_route,2.800000,0.000000,600,710,730,740,770,1200,1300,1300,1300,1300,1300,285,0,650,765.0973353973026,67.79912498313934,10519.093334005447,1177.1719298245614
1777174023,128,,Aggregated,63.900000,0.000000,120,190,250,310,1000,16000,17000,17000,19000,19000,19000,6206,0,140,1409.2104564562994,53.885000001173466,23913.650000002235,47203.81211730583
1777174024,128,GET,bulk_update_departures,3.900000,0.000000,110,140,150,180,280,360,400,400,400,400,400,298,0,120,216.5839896435207,54.63416699785739,10356.439041992417,108.22147651006712
1777174024,128,GET,large_scan,6.400000,0.000000,16000,17000,17000,17000,17000,18000,19000,19000,19000,19000,19000,482,0,16000,14865.759666581445,5810.307042003842,23913.650000002235,612473.244813278
1777174024,128,GET,next_departures,25.100000,0.000000,110,170,200,230,300,400,670,740,800,800,800,2319,0,110,287.84101133736505,53.885000001173466,11204.19645900256,86.22466580422596
1777174024,128,GET,point_read,30.100000,0.000000,100,150,200,220,280,380,460,620,750,750,750,2891,0,120,254.08289564517898,54.06312498962507,11055.32154100365,81.21515046696645
1777174024,128,GET,trips_per_route,2.600000,0.000000,640,710,740,760,880,920,1200,1200,1200,1200,1200,287,0,650,766.055713283066,67.79912498313934,10519.093334005447,1177.1672473867595
1777174024,128,,Aggregated,68.100000,0.000000,120,200,240,280,710,16000,17000,17000,19000,19000,19000,6277,0,140,1410.188487258217,53.885000001173466,23913.650000002235,47158.98502469333
1777174025,128,GET,bulk_update_departures,4.100000,0.000000,100,120,140,150,280,360,400,400,400,400,400,298,0,120,216.5839896435207,54.63416699785739,10356.439041992417,108.22147651006712
1777174025,128,GET,large_scan,6.400000,0.000000,16000,17000,17000,17000,17000,17000,17000,19000,19000,19000,19000,490,0,16000,14888.936476106768,5810.307042003842,23913.650000002235,612473.2551020408
1777174025,128,GET,next_departures,25.300000,0.000000,110,180,230,260,320,400,670,740,800,800,800,2337,0,110,287.79837517773655,53.885000001173466,11204.19645900256,86.22079589216945
1777174025,128,GET,point_read,31.200000,0.000000,100,170,220,240,300,400,550,690,750,750,750,2919,0,120,254.43157561702017,54.06312498962507,11055.32154100365,81.21240150736554
1777174025,128,GET,trips_per_route,2.300000,0.000000,670,740,770,800,890,920,1200,1200,1200,1200,1200,291,0,650,766.1063572584093,67.79912498313934,10519.093334005447,1177.1649484536083
1777174025,128,,Aggregated,69.300000,0.000000,120,220,280,310,740,16000,17000,17000,19000,19000,19000,6335,0,140,1420.4149051593888,53.885000001173466,23913.650000002235,47502.0137332281
1777174026,128,GET,bulk_update_departures,4.200000,0.000000,110,140,150,280,360,400,460,460,460,460,460,303,0,120,217.84666404537256,54.63416699785739,10356.439041992417,108.22772277227723
1777174026,128,GET,large_scan,6.700000,0.000000,16000,17000,17000,17000,17000,17000,18000,19000,19000,19000,19000,500,0,16000,14916.689572834599,5810.307042003842,23913.650000002235,612473.254
1777174026,128,GET,next_departures,27.000000,0.000000,120,200,240,270,330,410,700,740,800,800,800,2358,0,110,287.33792562488014,53.885000001173466,11204.19645900256,86.22179813401188
1777174026,128,GET,point_read,31.900000,0.000000,120,200,240,260,320,420,620,740,750,750,750,2941,0,120,254.41125499356966,54.06312498962507,11055.32154100365,81.21387283236994
1777174026,128,GET,trips_per_route,2.500000,0.000000,720,760,790,800,890,920,1200,1200,1200,1200,1200,294,0,660,765.897302871406,67.79912498313934,10519.093334005447,1177.1632653061224
1777174026,128,,Aggregated,72.300000,0.000000,150,240,290,330,760,16000,17000,17000,19000,19000,19000,6396,0,150,1434.5360322430881,53.885000001173466,23913.650000002235,48007.765322076295
1777174027,128,GET,bulk_update_departures,3.800000,0.000000,120,150,200,250,360,400,460,460,460,460,460,308,0,120,217.19579341151984,54.63416699785739,10356.439041992417,108.22402597402598
1777174027,128,GET,large_scan,6.000000,0.000000,16000,17000,17000,17000,17000,17000,17000,18000,18000,18000,18000,504,0,16000,14926.79678439349,5810.307042003842,23913.650000002235,612473.2599206349
1777174027,128,GET,next_departures,27.500000,0.000000,160,210,240,270,330,410,700,740,800,800,800,2388,0,120,285.80855539842145,53.885000001173466,11204.19645900256,86.22194304857621
1777174027,128,GET,point_read,32.300000,0.000000,130,200,240,250,310,410,550,690,750,750,750,2983,0,120,252.8813131975145,54.06312498962507,11055.32154100365,81.21421387864567
1777174027,128,GET,trips_per_route,2.500000,0.000000,740,770,800,880,920,1200,1200,1200,1200,1200,1200,294,0,660,765.897302871406,67.79912498313934,10519.093334005447,1177.1632653061224
1777174027,128,,Aggregated,72.100000,0.000000,170,230,280,320,750,16000,17000,17000,18000,18000,18000,6477,0,150,1428.443952186024,53.885000001173466,23913.650000002235,47786.64536050641
1777174028,128,GET,bulk_update_departures,3.700000,0.000000,95,130,180,200,330,390,460,460,460,460,460,316,0,120,213.788377489678,54.63416699785739,10356.439041992417,108.22784810126582
1777174028,128,GET,large_scan,6.200000,0.000000,16000,17000,17000,17000,17000,17000,18000,21000,21000,21000,21000,506,0,16000,14941.34332666472,5810.307042003842,23913.650000002235,612473.2628458499
1777174028,128,GET,next_departures,26.700000,0.000000,110,180,210,240,310,410,670,740,800,800,800,2424,0,110,282.80489079722605,53.885000001173466,11204.19645900256,86.22153465346534
1777174028,128,GET,point_read,32.600000,0.000000,110,160,210,240,310,410,550,690,750,750,750,3018,0,120,250.8700558801132,54.06312498962507,11055.32154100365,81.21504307488402
1777174028,128,GET,trips_per_route,2.400000,0.000000,740,770,790,800,890,920,920,920,920,920,920,297,0,660,763.6147389232113,67.79912498313934,10519.093334005447,1177.1649831649831
1777174028,128,,Aggregated,71.600000,0.000000,120,200,260,300,710,16000,17000,17000,21000,21000,21000,6561,0,140,1417.0576607190883,53.885000001173466,23913.650000002235,47363.11492150587
1777174029,128,GET,bulk_update_departures,3.900000,0.000000,97,140,190,200,330,400,460,460,460,460,460,321,0,120,212.40646623586727,54.63416699785739,10356.439041992417,108.22429906542057
1777174029,128,GET,large_scan,5.600000,0.000000,16000,16000,17000,17000,17000,17000,18000,21000,21000,21000,21000,514,0,16000,14955.056569555105,5810.307042003842,23913.650000002235,612473.2626459145
1777174029,128,GET,next_departures,26.200000,0.000000,120,180,210,250,320,410,670,740,800,800,800,2445,0,110,281.3462438144919,53.885000001173466,11204.19645900256,86.22167689161554
1777174029,128,GET,point_read,32.100000,0.000000,120,170,220,240,310,410,500,690,750,750,750,3044,0,120,249.70996418595576,54.06312498962507,11055.32154100365,81.21517739816032
1777174029,128,GET,trips_per_route,2.100000,0.000000,750,790,800,810,890,920,920,920,920,920,920,301,0,660,762.6779486551499,67.79912498313934,10519.093334005447,1177.1661129568106
1777174029,128,,Aggregated,69.900000,0.000000,130,210,270,310,740,16000,16000,17000,21000,21000,21000,6625,0,140,1423.7971791798823,53.885000001173466,23913.650000002235,47646.544150943395
1777174030,128,GET,bulk_update_departures,4.100000,0.000000,110,150,180,200,330,400,460,460,460,460,460,325,0,120,211.2636443437077,54.63416699785739,10356.439041992417,108.22769230769231
1777174030,128,GET,large_scan,5.900000,0.000000,16000,16000,17000,17000,17000,17000,21000,21000,21000,21000,21000,514,0,16000,14955.056569555105,5810.307042003842,23913.650000002235,612473.2626459145
1777174030,128,GET,next_departures,27.000000,0.000000,120,180,210,250,310,410,670,740,800,800,800,2466,0,110,279.9598087848477,53.885000001173466,11204.19645900256,86.22222222222223
1777174030,128,GET,point_read,34.100000,0.000000,110,170,220,240,310,430,620,740,750,750,750,3080,0,120,248.25777657662275,54.06312498962507,11055.32154100365,81.21785714285714
1777174030,128,GET,trips_per_route,2.100000,0.000000,750,790,810,890,920,1000,1100,1100,1100,1100,1100,308,0,660,761.7362263383209,67.79912498313934,10519.093334005447,1177.1655844155844
1777174030,128,,Aggregated,73.200000,0.000000,140,210,270,310,750,16000,16000,17000,21000,21000,21000,6693,0,140,1411.204147496589,53.885000001173466,23913.650000002235,47164.46630808307
1777174031,128,GET,bulk_update_departures,4.600000,0.000000,130,160,200,200,330,400,460,460,460,460,460,326,0,120,210.8568435451273,54.63416699785739,10356.439041992417,108.22699386503068
1777174031,128,GET,large_scan,5.500000,0.000000,16000,16000,16000,17000,17000,17000,21000,21000,21000,21000,21000,520,0,16000,14970.81605593335,5810.307042003842,23913.650000002235,612473.2692307692
1777174031,128,GET,next_departures,26.200000,0.000000,120,180,210,240,300,410,670,740,800,800,800,2499,0,110,277.4268343683467,53.885000001173466,11204.19645900256,86.22248899559824
1777174031,128,GET,point_read,33.200000,0.000000,120,180,230,250,320,440,620,740,750,750,750,3105,0,120,247.04269561964392,54.06312498962507,11055.32154100365,81.21803542673108
1777174031,128,GET,trips_per_route,1.800000,0.000000,760,790,810,880,920,1000,1100,1100,1100,1100,1100,310,0,660,761.5785752845583,67.79912498313934,10519.093334005447,1177.1645161290323
1777174031,128,,Aggregated,71.300000,0.000000,150,220,280,320,790,16000,16000,17000,21000,21000,21000,6760,0,140,1412.7234123379824,53.885000001173466,23913.650000002235,47241.70931952663
1777174032,128,GET,bulk_update_departures,4.300000,0.000000,130,160,200,200,330,400,460,460,460,460,460,327,0,120,210.4022952223151,54.63416699785739,10356.439041992417,108.2262996941896
1777174032,128,GET,large_scan,5.200000,0.000000,16000,16000,16000,16000,17000,17000,18000,21000,21000,21000,21000,524,0,16000,14981.374435038817,5810.307042003842,23913.650000002235,612473.2729007633
1777174032,128,GET,next_departures,26.100000,0.000000,110,180,210,250,310,410,670,740,800,800,800,2518,0,110,276.06440336317775,53.885000001173466,11204.19645900256,86.22120730738682
1777174032,128,GET,point_read,31.900000,0.000000,120,180,230,250,320,430,580,740,750,750,750,3124,0,110,246.10170033802777,54.06312498962507,11055.32154100365,81.21766965428937
1777174032,128,GET,trips_per_route,2.400000,0.000000,760,800,880,890,1000,1100,1100,1100,1100,1100,1100,316,0,660,761.4939793107347,67.79912498313934,10519.093334005447,1177.1645569620252
1777174032,128,,Aggregated,69.900000,0.000000,140,220,280,330,800,16000,16000,17000,21000,21000,21000,6809,0,140,1413.3684434549436,53.885000001173466,23913.650000002235,47263.06329857541
1777174033,128,GET,bulk_update_departures,3.800000,0.000000,110,150,190,200,330,400,460,460,460,460,460,329,0,120,209.67157749453133,54.63416699785739,10356.439041992417,108.22492401215806
1777174033,128,GET,large_scan,5.300000,0.000000,16000,16000,16000,16000,17000,17000,21000,21000,21000,21000,21000,527,0,16000,14989.873186120149,5810.307042003842,23913.650000002235,612473.275142315
1777174033,128,GET,next_departures,25.100000,0.000000,110,170,190,210,280,320,460,520,610,610,610,2537,0,110,275.3283661156676,53.885000001173466,11204.19645900256,86.22349231375641
1777174033,128,GET,point_read,30.900000,0.000000,110,170,200,230,290,360,520,630,740,740,740,3145,0,110,245.65963604324054,54.06312498962507,11055.32154100365,81.21748807631161
1777174033,128,GET,trips_per_route,2.600000,0.000000,760,790,820,910,1100,1100,1100,1100,1100,1100,1100,317,0,670,762.6221389438125,67.79912498313934,10519.093334005447,1177.1671924290222
1777174033,128,,Aggregated,67.700000,0.000000,130,200,250,290,760,16000,16000,16000,21000,21000,21000,6855,0,140,1412.3273459252584,53.885000001173466,23913.650000002235,47214.64070021882
1777174034,128,GET,bulk_update_departures,3.300000,0.000000,110,150,180,200,330,460,470,470,470,470,470,333,0,120,209.4130811881758,54.63416699785739,10356.439041992417,108.21921921921921
1777174034,128,GET,large_scan,5.000000,0.000000,16000,16000,16000,16000,17000,17000,21000,21000,21000,21000,21000,531,0,16000,15004.04110067857,5810.307042003842,23913.650000002235,612473.2693032015
1777174034,128,GET,next_departures,24.400000,0.000000,95,140,170,190,240,310,470,520,610,610,610,2548,0,110,274.8613806917025,53.885000001173466,11204.19645900256,86.22331240188383
1777174034,128,GET,point_read,29.100000,0.000000,100,140,180,220,290,450,570,630,740,740,740,3167,0,120,245.63058141995856,54.06312498962507,11055.32154100365,81.21724029049574
1777174034,128,GET,trips_per_route,2.800000,0.000000,750,790,820,910,1100,1100,1100,1100,1100,1100,1100,319,0,660,759.2958919942995,67.79912498313934,10519.093334005447,1177.1692789968652
1777174034,128,,Aggregated,64.600000,0.000000,110,180,220,270,750,16000,16000,17000,21000,21000,21000,6898,0,140,1414.5193707453795,53.885000001173466,23913.650000002235,47276.2789214265
1777174035,128,GET,bulk_update_departures,3.200000,0.000000,110,150,180,200,250,470,760,760,760,760,760,336,0,120,211.34361965067953,54.63416699785739,10356.439041992417,108.2172619047619
1777174035,128,GET,large_scan,5.100000,0.000000,16000,16000,16000,17000,17000,17000,21000,21000,21000,21000,21000,532,0,16000,15007.949618346463,5810.307042003842,23913.650000002235,612473.2706766918
1777174035,128,GET,next_departures,23.500000,0.000000,91,130,160,180,210,340,610,620,660,660,660,2555,0,110,275.5572188537957,53.885000001173466,11204.19645900256,86.2242661448141
1777174035,128,GET,point_read,28.500000,0.000000,95,130,170,190,270,490,630,640,900,900,900,3178,0,120,246.339906289811,54.06312498962507,11055.32154100365,81.21806167400881
1777174035,128,GET,trips_per_route,3.100000,0.000000,750,810,910,1000,1100,1100,1600,1600,1600,1600,1600,323,0,670,762.9333408271906,67.79912498313934,10519.093334005447,1177.1640866873065
1777174035,128,,Aggregated,63.400000,0.000000,100,170,200,250,720,16000,16000,17000,21000,21000,21000,6924,0,140,1413.7182320350364,53.885000001173466,23913.650000002235,47188.15410167533
1777174036,128,GET,bulk_update_departures,3.300000,0.000000,95,140,170,200,360,600,760,760,760,760,760,338,0,120,212.92812978880158,54.63416699785739,10356.439041992417,108.2189349112426
1777174036,128,GET,large_scan,4.900000,0.000000,16000,16000,17000,17000,18000,18000,21000,21000,21000,21000,21000,537,0,16000,15031.14977467845,5810.307042003842,23913.650000002235,612473.2644320298
1777174036,128,GET,next_departures,23.500000,0.000000,86,110,140,170,240,600,660,680,700,700,700,2562,0,110,276.13541881556466,53.885000001173466,11204.19645900256,86.22404371584699
1777174036,128,GET,point_read,28.000000,0.000000,91,120,140,190,350,560,630,700,900,900,900,3187,0,120,246.77149851647454,54.06312498962507,11055.32154100365,81.2171320991528
1777174036,128,GET,trips_per_route,3.100000,0.000000,770,820,980,1000,1100,1100,1600,1600,1600,1600,1600,324,0,670,763.5922040993328,67.79912498313934,10519.093334005447,1177.1635802469136
1777174036,128,,Aggregated,62.800000,0.000000,96,150,220,350,790,16000,17000,17000,21000,21000,21000,6948,0,140,1422.7145537962874,53.885000001173466,23913.650000002235,47466.30210132412
1777174037,128,GET,bulk_update_departures,3.600000,0.000000,110,160,200,250,470,600,760,760,760,760,760,339,0,120,213.0491444029726,54.63416699785739,10356.439041992417,108.22123893805309
1777174037,128,GET,large_scan,4.600000,0.000000,16000,17000,17000,17000,18000,18000,18000,18000,18000,18000,18000,543,0,16000,15059.456783689284,5810.307042003842,23913.650000002235,612473.2596685083
1777174037,128,GET,next_departures,21.800000,0.000000,92,130,180,210,500,610,680,700,720,720,720,2573,0,110,276.85194436047965,53.885000001173466,11204.19645900256,86.22230858919549
1777174037,128,GET,point_read,26.800000,0.000000,97,170,230,290,530,630,750,770,980,980,980,3207,0,120,248.09786818613486,54.06312498962507,11055.32154100365,81.21889616463984
1777174037,128,GET,trips_per_route,3.200000,0.000000,790,980,1000,1100,1100,1600,1800,1800,1800,1800,1800,327,0,670,769.5880303338607,67.79912498313934,10519.093334005447,1177.165137614679
1777174037,128,,Aggregated,60.000000,0.000000,120,220,420,580,1000,16000,17000,18000,18000,18000,18000,6989,0,140,1432.129617331165,53.885000001173466,23913.650000002235,47714.539848333094
1777174038,128,GET,bulk_update_departures,3.500000,0.000000,170,200,260,320,470,600,760,760,760,760,760,343,0,120,212.97301382986143,54.63416699785739,10356.439041992417,108.22157434402332
1777174038,128,GET,large_scan,3.800000,0.000000,17000,17000,17000,18000,18000,18000,18000,18000,18000,18000,18000,549,0,16000,15086.994492792825,5810.307042003842,23913.650000002235,612473.262295082
1777174038,128,GET,next_departures,20.800000,0.000000,120,170,220,250,500,610,680,700,720,720,720,2588,0,110,276.49390860258274,53.885000001173466,11204.19645900256,86.22295208655332
1777174038,128,GET,point_read,25.200000,0.000000,120,200,270,330,560,630,760,900,980,980,980,3228,0,120,247.9761035170294,54.06312498962507,11055.32154100365,81.21902106567534
1777174038,128,GET,trips_per_route,3.200000,0.000000,790,980,1000,1100,1100,1600,1800,1800,1800,1800,1800,331,0,670,768.168413145429,67.79912498313934,10519.093334005447,1177.1631419939577
1777174038,128,,Aggregated,56.500000,0.000000,170,260,480,610,1100,16000,18000,18000,18000,18000,18000,7039,0,140,1438.5717520463845,53.885000001173466,23913.650000002235,47898.835345929816
1777174039,128,GET,bulk_update_departures,3.100000,0.000000,150,250,260,320,470,600,760,760,760,760,760,348,0,120,211.0944930333564,54.63416699785739,10356.439041992417,108.2183908045977
1777174039,128,GET,large_scan,4.200000,0.000000,17000,17000,18000,18000,18000,18000,18000,18000,18000,18000,18000,557,0,16000,15119.859500228453,5810.307042003842,23913.650000002235,612473.249551167
1777174039,128,GET,next_departures,18.900000,0.000000,97,150,200,230,500,610,680,700,720,720,720,2618,0,110,274.25216789514957,53.885000001173466,11204.19645900256,86.22192513368984
1777174039,128,GET,point_read,22.800000,0.000000,120,200,260,320,570,630,760,900,980,980,980,3250,0,120,246.88686059846972,54.06312498962507,11055.32154100365,81.21784615384615
1777174039,128,GET,trips_per_route,3.200000,0.000000,820,1000,1100,1100,1500,1600,1800,1800,1800,1800,1800,332,0,670,769.4158691028204,67.79912498313934,10519.093334005447,1177.1656626506024
1777174039,128,,Aggregated,52.200000,0.000000,140,250,460,610,1600,17000,18000,18000,18000,18000,18000,7105,0,140,1445.607764424987,53.885000001173466,23913.650000002235,48144.372413793106
1777174040,128,GET,bulk_update_departures,3.000000,0.000000,100,170,250,260,470,600,760,760,760,760,760,353,0,120,209.1179906505044,54.63416699785739,10356.439041992417,108.21529745042493
1777174040,128,GET,large_scan,3.800000,0.000000,17000,18000,18000,18000,18000,18000,18000,18000,18000,18000,18000,568,0,16000,15165.839685671212,5810.307042003842,23913.650000002235,612473.2623239437
1777174040,128,GET,next_departures,16.700000,0.000000,97,160,200,230,480,610,680,700,720,720,720,2647,0,110,272.2960547365173,53.885000001173466,11204.19645900256,86.22138269739328
1777174040,128,GET,point_read,21.100000,0.000000,120,200,260,320,560,630,760,900,980,980,980,3280,0,120,245.4797256954629,54.06312498962507,11055.32154100365,81.21798780487805
1777174040,128,GET,trips_per_route,3.300000,0.000000,820,1000,1100,1100,1500,1600,1800,1800,1800,1800,1800,336,0,670,768.3878900032661,67.79912498313934,10519.093334005447,1177.169642857143
1777174040,128,,Aggregated,47.900000,0.000000,150,250,470,620,16000,17000,18000,18000,18000,18000,18000,7184,0,140,1457.7025445950244,53.885000001173466,23913.650000002235,48554.17107461025
1777174041,128,GET,bulk_update_departures,2.600000,0.000000,110,200,250,280,470,600,760,760,760,760,760,356,0,120,208.66979433048982,54.63416699785739,10356.439041992417,108.21348314606742
1777174041,128,GET,large_scan,4.500000,0.000000,17000,18000,18000,18000,18000,18000,18000,18000,18000,18000,18000,570,0,16000,15174.300756146064,5810.307042003842,23913.650000002235,612473.2631578947
1777174041,128,GET,next_departures,16.400000,0.000000,96,160,200,240,500,610,680,700,720,720,720,2672,0,110,270.757134017401,53.885000001173466,11204.19645900256,86.22193113772455
1777174041,128,GET,point_read,20.800000,0.000000,110,190,250,290,560,630,760,900,980,980,980,3314,0,110,243.86817702355623,54.06312498962507,11055.32154100365,81.21665660832831
1777174041,128,GET,trips_per_route,3.300000,0.000000,980,1100,1100,1200,1500,1600,1800,1800,1800,1800,1800,337,0,670,769.4027670625444,67.79912498313934,10519.093334005447,1177.1721068249258
1777174041,128,,Aggregated,47.600000,0.000000,140,250,460,610,16000,17000,18000,18000,18000,18000,18000,7249,0,140,1450.4854202007932,53.885000001173466,23913.650000002235,48288.66436749897
1777174042,128,GET,bulk_update_departures,2.500000,0.000000,110,170,250,260,360,600,760,760,760,760,760,360,0,120,207.43939638244532,54.63416699785739,10356.439041992417,108.21388888888889
1777174042,128,GET,large_scan,5.100000,0.000000,17000,18000,18000,18000,18000,18000,18000,18000,18000,18000,18000,576,0,16000,15196.621373052505,5810.307042003842,23913.650000002235,612473.2604166666
1777174042,128,GET,next_departures,16.900000,0.000000,92,130,190,230,500,610,680,700,720,720,720,2692,0,110,269.38253473606375,53.885000001173466,11204.19645900256,86.22139673105498
1777174042,128,GET,point_read,20.800000,0.000000,100,180,230,280,560,630,760,900,6900,6900,6900,3338,0,110,244.7558731117457,54.06312498962507,11055.32154100365,81.21689634511684
1777174042,128,GET,trips_per_route,2.900000,0.000000,840,1100,1100,1100,1500,1600,1800,1800,1800,1800,1800,342,0,670,767.9246136756466,67.79912498313934,10519.093334005447,1177.172514619883
1777174042,128,,Aggregated,48.200000,0.000000,110,240,460,610,17000,17000,18000,18000,18000,18000,18000,7308,0,140,1454.9446085672532,53.885000001173466,23913.650000002235,48403.032019704435
1777174043,128,GET,bulk_update_departures,2.900000,0.000000,110,170,250,280,470,600,760,760,760,760,760,361,0,120,207.05761192988868,54.63416699785739,10356.439041992417,108.21606648199446
1777174043,128,GET,large_scan,5.100000,0.000000,17000,18000,18000,18000,18000,18000,18000,18000,18000,18000,18000,580,0,16000,15212.619171126213,5810.307042003842,23913.650000002235,612473.2620689655
1777174043,128,GET,next_departures,17.700000,0.000000,92,120,180,240,500,610,680,720,800,800,800,2709,0,110,268.6814557366328,53.885000001173466,11204.19645900256,86.2218530823182
1777174043,128,GET,point_read,20.000000,0.000000,97,160,210,270,490,640,770,900,6900,6900,6900,3370,0,110,243.5830853943964,54.06312498962507,11055.32154100365,81.21543026706232
1777174043,128,GET,trips_per_route,2.700000,0.000000,830,1000,1100,1100,1500,1600,1800,1800,1800,1800,1800,345,0,690,768.254124281415,67.79912498313934,10519.093334005447,1177.1710144927536
1777174043,128,,Aggregated,48.400000,0.000000,110,230,420,610,17000,17000,18000,18000,18000,18000,18000,7365,0,140,1454.4260219153616,53.885000001173466,23913.650000002235,48362.11174473863
1777174044,128,GET,bulk_update_departures,3.100000,0.000000,92,150,250,250,320,360,600,600,600,600,600,361,0,120,207.05761192988868,54.63416699785739,10356.439041992417,108.21606648199446
1777174044,128,GET,large_scan,5.300000,0.000000,17000,18000,18000,18000,18000,18000,18000,18000,18000,18000,18000,586,0,16000,15236.12153221706,5810.307042003842,23913.650000002235,612473.2696245734
1777174044,128,GET,next_departures,17.100000,0.000000,88,110,160,220,480,610,680,720,800,800,800,2719,0,110,267.9927962054495,53.885000001173466,11204.19645900256,86.22287605737404
1777174044,128,GET,point_read,21.200000,0.000000,95,110,170,210,390,630,760,780,6900,6900,6900,3384,0,110,242.9809741522233,54.06312498962507,11055.32154100365,81.21542553191489
1777174044,128,GET,trips_per_route,2.600000,0.000000,830,1000,1100,1100,1300,1500,1800,1800,1800,1800,1800,346,0,690,769.1193444193731,67.79912498313934,10519.093334005447,1177.1734104046243
1777174044,128,,Aggregated,49.300000,0.000000,99,200,370,610,17000,17000,18000,18000,18000,18000,18000,7396,0,140,1462.9732745225435,53.885000001173466,23913.650000002235,48656.70321795565
1777174045,128,GET,bulk_update_departures,3.200000,0.000000,90,120,170,250,280,510,600,600,600,600,600,362,0,120,207.89226884722135,54.63416699785739,10356.439041992417,108.2182320441989
1777174045,128,GET,large_scan,5.400000,0.000000,17000,18000,18000,18000,18000,18000,18000,18000,18000,18000,18000,591,0,16000,15255.635326501219,5810.307042003842,23913.650000002235,612473.2724196278
1777174045,128,GET,next_departures,17.700000,0.000000,91,110,160,190,480,600,700,800,1200,1200,1200,2735,0,110,268.50012337313916,53.885000001173466,11204.19645900256,86.22303473491773
1777174045,128,GET,point_read,21.900000,0.000000,95,110,150,200,460,610,760,780,6900,6900,6900,3399,0,110,243.32698697796437,54.06312498962507,11055.32154100365,81.2147690497205
1777174045,128,GET,trips_per_route,2.900000,0.000000,770,1000,1100,1200,1400,1500,1800,1800,1800,1800,1800,353,0,690,769.7263412438425,67.79912498313934,10519.093334005447,1177.1813031161473
1777174045,128,,Aggregated,51.100000,0.000000,100,180,400,600,17000,17000,18000,18000,18000,18000,18000,7440,0,140,1468.3423580521012,53.885000001173466,23913.650000002235,48782.028629032255
1777174046,128,GET,bulk_update_departures,3.000000,0.000000,92,120,160,170,260,280,510,510,510,510,510,364,0,120,207.4942526034627,54.63416699785739,10356.439041992417,108.21703296703296
1777174046,128,GET,large_scan,5.600000,0.000000,17000,18000,18000,18000,18000,18000,18000,18000,18000,18000,18000,598,0,16000,15288.831591284697,5810.307042003842,23913.650000002235,612473.2658862877
1777174046,128,GET,next_departures,17.500000,0.000000,92,110,170,200,300,530,670,800,1200,1200,1200,2748,0,110,268.5229737574934,53.885000001173466,11204.19645900256,86.22525473071325
1777174046,128,GET,point_read,22.900000,0.000000,96,110,170,230,390,600,760,780,6900,6900,6900,3413,0,110,243.611237800503,54.06312498962507,11055.32154100365,81.21564605918547
1777174046,128,GET,trips_per_route,2.700000,0.000000,770,1000,1100,1100,1300,1300,1400,1400,1400,1400,1400,354,0,680,768.681572034125,67.79912498313934,10519.093334005447,1177.180790960452
1777174046,128,,Aggregated,51.700000,0.000000,100,190,310,510,17000,18000,18000,18000,18000,18000,18000,7477,0,140,1479.1639377470515,53.885000001173466,23913.650000002235,49114.51945967634
1777174047,128,GET,bulk_update_departures,2.800000,0.000000,90,110,160,190,260,280,510,510,510,510,510,365,0,120,207.4456983717152,54.63416699785739,10356.439041992417,108.21643835616439
1777174047,128,GET,large_scan,5.700000,0.000000,18000,18000,18000,18000,18000,18000,18000,18000,18000,18000,18000,603,0,16000,15308.713947769884,5810.307042003842,23913.650000002235,612473.2703150912
1777174047,128,GET,next_departures,17.500000,0.000000,92,120,170,220,310,390,600,800,1200,1200,1200,2760,0,110,268.57885729550617,53.885000001173466,11204.19645900256,86.22608695652174
1777174047,128,GET,point_read,22.300000,0.000000,96,110,190,230,300,460,610,690,6900,6900,6900,3437,0,110,243.57940369252077,54.06312498962507,11055.32154100365,81.21443118999127
1777174047,128,GET,trips_per_route,2.900000,0.000000,770,1000,1100,1100,1300,1300,1400,1400,1400,1400,1400,354,0,680,768.681572034125,67.79912498313934,10519.093334005447,1177.180790960452
1777174047,128,,Aggregated,51.200000,0.000000,100,210,300,400,17000,18000,18000,18000,18000,18000,18000,7519,0,140,1483.9001893254156,53.885000001173466,23913.650000002235,49247.86820055859
1777174048,128,GET,bulk_update_departures,2.800000,0.000000,90,110,120,160,280,510,510,510,510,510,510,365,0,120,207.4456983717152,54.63416699785739,10356.439041992417,108.21643835616439
1777174048,128,GET,large_scan,5.700000,0.000000,18000,18000,18000,18000,18000,18000,18000,19000,19000,19000,19000,607,0,16000,15324.476086980669,5810.307042003842,23913.650000002235,612473.273476112
1777174048,128,GET,next_departures,17.500000,0.000000,92,120,200,250,330,530,600,800,1200,1200,1200,2768,0,110,268.64222236654945,53.885000001173466,11204.19645900256,86.22434971098266
1777174048,128,GET,point_read,22.300000,0.000000,96,120,200,250,300,460,600,690,6900,6900,6900,3450,0,110,243.62770212353612,54.06312498962507,11055.32154100365,81.21449275362319
1777174048,128,GET,trips_per_route,2.900000,0.000000,770,1000,1100,1100,1300,1300,1400,1400,1400,1400,1400,356,0,680,767.9378691491058,67.79912498313934,10519.093334005447,1177.1825842696628
1777174048,128,,Aggregated,51.200000,0.000000,100,220,300,400,17000,18000,18000,18000,19000,19000,19000,7546,0,140,1488.8918354037692,53.885000001173466,23913.650000002235,49396.860853432285
1777174049,128,GET,bulk_update_departures,2.600000,0.000000,92,110,160,190,280,510,510,510,510,510,510,365,0,120,207.4456983717152,54.63416699785739,10356.439041992417,108.21643835616439
1777174049,128,GET,large_scan,6.100000,0.000000,18000,18000,18000,18000,18000,19000,19000,19000,19000,19000,19000,611,0,16000,15346.67526671733,5810.307042003842,23913.650000002235,612473.2782324059
1777174049,128,GET,next_departures,18.800000,0.000000,100,210,290,310,580,1300,1400,1500,1500,1500,1500,2779,0,110,272.7296552898985,53.885000001173466,11204.19645900256,86.22490104354084
1777174049,128,GET,point_read,23.500000,0.000000,100,200,260,280,520,1200,1400,1600,6900,6900,6900,3462,0,110,247.32433532935377,54.06312498962507,11055.32154100365,81.21461582900058
1777174049,128,GET,trips_per_route,2.800000,0.000000,770,1000,1100,1100,1300,1400,1500,1500,1500,1500,1500,357,0,690,769.8885255604258,67.79912498313934,10519.093334005447,1177.18487394958
1777174049,128,,Aggregated,53.800000,0.000000,140,280,460,770,17000,18000,18000,18000,19000,19000,19000,7574,0,140,1497.43055617321,53.885000001173466,23913.650000002235,49538.11869553736
1777174050,128,GET,bulk_update_departures,2.400000,0.000000,110,120,160,190,510,510,510,510,510,510,510,365,0,120,207.4456983717152,54.63416699785739,10356.439041992417,108.21643835616439
1777174050,128,GET,large_scan,6.300000,0.000000,18000,18000,18000,18000,19000,19000,19000,19000,19000,19000,19000,623,0,16000,15394.74144911119,5810.307042003842,23913.650000002235,612473.2792937399
1777174050,128,GET,next_departures,19.100000,0.000000,170,260,320,360,1100,1400,2000,2400,5700,5700,5700,2798,0,110,275.6258396950139,53.885000001173466,11204.19645900256,86.22337383845604
1777174050,128,GET,point_read,23.400000,0.000000,120,230,280,300,520,1200,1400,1600,6900,6900,6900,3489,0,120,246.84225021332202,54.06312498962507,11055.32154100365,81.21438807681284
1777174050,128,GET,trips_per_route,2.700000,0.000000,770,1000,1100,1100,1400,1500,1900,1900,1900,1900,1900,359,0,690,772.4455805462305,67.79912498313934,10519.093334005447,1177.1866295264624
1777174050,128,,Aggregated,53.900000,0.000000,210,310,600,1100,17000,18000,18000,19000,19000,19000,19000,7634,0,140,1516.4243223184408,53.885000001173466,23913.650000002235,50112.33586586324
1777174051,128,GET,bulk_update_departures,2.000000,0.000000,88,110,120,160,190,510,510,510,510,510,510,372,0,120,205.0948631014019,54.63416699785739,10356.439041992417,108.20967741935483
1777174051,128,GET,large_scan,5.200000,0.000000,18000,18000,18000,18000,19000,19000,20000,21000,21000,21000,21000,635,0,16000,15441.287489575216,5810.307042003842,23913.650000002235,612473.2771653543
1777174051,128,GET,next_departures,16.700000,0.000000,140,250,310,360,1000,1400,2000,2400,5700,5700,5700,2827,0,110,273.7616811134284,53.885000001173466,11204.19645900256,86.22002122391227
1777174051,128,GET,point_read,21.000000,0.000000,110,230,280,310,610,1400,6900,6900,7200,7200,7200,3540,0,110,258.1128040814508,54.06312498962507,11055.32154100365,81.20847457627119
1777174051,128,GET,trips_per_route,2.500000,0.000000,770,1000,1100,1100,1400,1500,1900,1900,1900,1900,1900,360,0,680,770.5432685168894,67.79912498313934,10519.093334005447,1177.1861111111111
1777174051,128,,Aggregated,47.400000,0.000000,200,310,610,1300,17000,18000,19000,19000,21000,21000,21000,7734,0,140,1531.7496794124731,53.885000001173466,23913.650000002235,50415.79958624257
1777174052,128,GET,bulk_update_departures,1.500000,0.000000,92,110,110,160,190,510,510,510,510,510,510,377,0,120,203.80527617164952,54.63416699785739,10356.439041992417,108.21220159151194
1777174052,128,GET,large_scan,4.900000,0.000000,18000,18000,18000,19000,19000,19000,20000,21000,21000,21000,21000,640,0,16000,15452.27662904732,5810.307042003842,23913.650000002235,612473.2828125
1777174052,128,GET,next_departures,15.900000,0.000000,120,220,300,330,670,1400,1500,2400,5700,5700,5700,2861,0,110,271.63147884328885,53.885000001173466,11204.19645900256,86.21950367004544
1777174052,128,GET,point_read,19.700000,0.000000,110,210,260,290,570,1400,6900,6900,7200,7200,7200,3588,0,110,255.94517546581147,54.06312498962507,11055.32154100365,81.208751393534
1777174052,128,GET,trips_per_route,2.400000,0.000000,770,1000,1100,1100,1400,1500,1900,1900,1900,1900,1900,360,0,680,770.5432685168894,67.79912498313934,10519.093334005447,1177.1861111111111
1777174052,128,,Aggregated,44.400000,0.000000,160,290,510,1100,17000,18000,19000,19000,21000,21000,21000,7826,0,140,1525.5757933701843,53.885000001173466,23913.650000002235,50215.37630973678
1777174053,128,GET,bulk_update_departures,1.400000,0.000000,92,100,110,160,190,510,510,510,510,510,510,380,0,110,202.85069932035282,54.63416699785739,10356.439041992417,108.21052631578948
1777174053,128,GET,large_scan,5.900000,0.000000,18000,18000,18000,19000,19000,20000,20000,21000,21000,21000,21000,642,0,16000,15453.064501698227,5810.307042003842,23913.650000002235,612473.285046729
1777174053,128,GET,next_departures,14.800000,0.000000,99,190,260,310,560,1300,1500,2400,5700,5700,5700,2901,0,110,269.02525798987745,53.885000001173466,11204.19645900256,86.2226818338504
1777174053,128,GET,point_read,21.300000,0.000000,100,200,260,290,570,1400,6900,6900,7200,7200,7200,3624,0,110,254.37274205197207,54.06312498962507,11055.32154100365,81.20805739514348
1777174053,128,GET,trips_per_route,2.300000,0.000000,760,1000,1100,1100,1400,1500,1900,1900,1900,1900,1900,367,0,690,769.4297982482886,67.79912498313934,10519.093334005447,1177.182561307902
1777174053,128,,Aggregated,45.700000,0.000000,130,270,360,610,16000,18000,19000,19000,21000,21000,21000,7914,0,140,1514.1041827665022,53.885000001173466,23913.650000002235,49813.67513267627
1777174054,128,GET,bulk_update_departures,1.800000,0.000000,93,99,110,110,160,160,190,190,190,190,190,387,0,110,200.87757588309134,54.63416699785739,10356.439041992417,108.21188630490956
1777174054,128,GET,large_scan,6.500000,0.000000,18000,18000,18000,19000,19000,20000,20000,21000,21000,21000,21000,649,0,16000,15454.596340727638,5810.307042003842,23913.650000002235,612473.2912172573
1777174054,128,GET,next_departures,15.800000,0.000000,96,130,220,260,360,1300,1500,2000,5700,5700,5700,2928,0,110,267.35231993191775,53.885000001173466,11204.19645900256,86.22404371584699
1777174054,128,GET,point_read,23.600000,0.000000,97,150,220,260,320,1300,6900,6900,7200,7200,7200,3666,0,110,252.49870073822902,54.06312498962507,11055.32154100365,81.20840152755046
1777174054,128,GET,trips_per_route,2.200000,0.000000,530,820,890,1000,1400,1500,1900,1900,1900,1900,1900,373,0,670,764.3212843998448,67.79912498313934,10519.093334005447,1177.1876675603216
1777174054,128,,Aggregated,49.900000,0.000000,100,220,310,390,15000,18000,19000,19000,21000,21000,21000,8003,0,130,1512.0995021550834,53.885000001173466,23913.650000002235,49797.11470698488
1777174055,128,GET,bulk_update_departures,1.700000,0.000000,93,99,100,110,160,160,190,190,190,190,190,391,0,110,199.7580988664011,54.63416699785739,10356.439041992417,108.20716112531969
1777174055,128,GET,large_scan,6.400000,0.000000,18000,18000,18000,19000,19000,20000,20000,21000,21000,21000,21000,652,0,16000,15454.994027491148,5810.307042003842,23913.650000002235,612473.2944785276
1777174055,128,GET,next_departures,17.600000,0.000000,88,100,150,220,340,1200,1500,2000,5700,5700,5700,2963,0,110,265.1497346188739,53.885000001173466,11204.19645900256,86.22375970300371
1777174055,128,GET,point_read,24.400000,0.000000,92,110,200,240,310,1200,6900,6900,7200,7200,7200,3710,0,110,250.63735818394053,54.06312498962507,11055.32154100365,81.20754716981132
1777174055,128,GET,trips_per_route,1.900000,0.000000,600,760,820,890,1400,1500,1900,1900,1900,1900,1900,380,0,670,760.978497247714,67.79912498313934,10519.093334005447,1177.1894736842105
1777174055,128,,Aggregated,52.000000,0.000000,97,180,280,330,6900,17000,19000,19000,21000,21000,21000,8096,0,130,1501.9066964023284,53.885000001173466,23913.650000002235,49453.926630434784
1777174056,128,GET,bulk_update_departures,2.100000,0.000000,92,99,99,100,120,160,190,190,190,190,190,391,0,110,199.7580988664011,54.63416699785739,10356.439041992417,108.20716112531969
1777174056,128,GET,large_scan,5.800000,0.000000,16000,18000,18000,19000,19000,20000,20000,21000,21000,21000,21000,662,0,16000,15455.485457020046,5810.307042003842,23913.650000002235,612473.2945619335
1777174056,128,GET,next_departures,19.600000,0.000000,88,100,120,150,300,1100,1500,2000,5700,5700,5700,2999,0,110,263.3845164947458,53.885000001173466,11204.19645900256,86.22374124708236
1777174056,128,GET,point_read,25.900000,0.000000,89,100,130,170,280,1100,6900,6900,7200,7200,7200,3759,0,110,248.6797631520399,54.06312498962507,11055.32154100365,81.20510774142059
1777174056,128,GET,trips_per_route,2.300000,0.000000,600,760,820,880,1100,1500,1900,1900,1900,1900,1900,384,0,670,758.3646541749355,67.79912498313934,10519.093334005447,1177.1927083333333
1777174056,128,,Aggregated,55.700000,0.000000,95,120,210,300,1900,16000,18000,19000,21000,21000,21000,8195,0,130,1504.0300440589936,53.885000001173466,23913.650000002235,49605.308968883466
1777174057,128,GET,bulk_update_departures,2.700000,0.000000,93,99,100,110,160,180,190,190,190,190,190,392,0,110,199.6953604127101,54.63416699785739,10356.439041992417,108.20663265306122
1777174057,128,GET,large_scan,6.200000,0.000000,16000,18000,18000,19000,19000,19000,20000,21000,21000,21000,21000,667,0,16000,15456.486420920945,5810.307042003842,23913.650000002235,612473.2998500749
1777174057,128,GET,next_departures,22.000000,0.000000,89,110,130,170,290,1000,1400,2000,5700,5700,5700,3021,0,110,262.70354332428207,53.885000001173466,11204.19645900256,86.22310493214168
1777174057,128,GET,point_read,29.200000,0.000000,91,110,140,180,280,1100,1600,6900,7200,7200,7200,3783,0,110,248.11812519178648,54.06312498962507,11055.32154100365,81.20354216230506
1777174057,128,GET,trips_per_route,2.400000,0.000000,600,780,820,830,1000,1500,1900,1900,1900,1900,1900,386,0,670,757.9580352828932,67.79912498313934,10519.093334005447,1177.1943005181347
1777174057,128,,Aggregated,62.500000,0.000000,97,130,220,290,1900,16000,18000,19000,21000,21000,21000,8249,0,130,1504.7384043688226,53.885000001173466,23913.650000002235,49652.58552551825
1777174058,128,GET,bulk_update_departures,2.700000,0.000000,93,99,100,110,180,560,600,600,600,600,600,394,0,110,201.636875504486,54.63416699785739,10356.439041992417,108.20558375634518
1777174058,128,GET,large_scan,6.300000,0.000000,16000,17000,18000,18000,19000,19000,20000,21000,21000,21000,21000,671,0,16000,15456.598818374507,5810.307042003842,23913.650000002235,612473.304023845
1777174058,128,GET,next_departures,23.300000,0.000000,89,110,140,190,470,1100,1400,2000,5700,5700,5700,3038,0,110,264.45791650450207,53.885000001173466,11204.19645900256,86.22218564845294
1777174058,128,GET,point_read,32.700000,0.000000,90,110,130,170,360,1100,6900,6900,7200,7200,7200,3799,0,110,249.38422859502109,54.06312498962507,11055.32154100365,81.20215846275336
1777174058,128,GET,trips_per_route,2.800000,0.000000,600,780,820,840,1100,1500,1900,1900,1900,1900,1900,389,0,670,758.3421218770994,67.79912498313934,10519.093334005447,1177.1928020565554
1777174058,128,,Aggregated,67.800000,0.000000,97,130,250,430,1900,16000,18000,19000,21000,21000,21000,8291,0,130,1507.255054427861,53.885000001173466,23913.650000002235,49697.33180557231
1777174059,128,GET,bulk_update_departures,2.700000,0.000000,95,99,110,120,560,600,1500,1500,1500,1500,1500,395,0,110,204.97003468040884,54.63416699785739,10356.439041992417,108.20506329113924
1777174059,128,GET,large_scan,6.100000,0.000000,16000,16000,17000,18000,19000,19000,20000,21000,21000,21000,21000,677,0,16000,15459.032831003375,5810.307042003842,23913.650000002235,612473.3013293943
1777174059,128,GET,next_departures,25.600000,0.000000,90,110,150,200,520,1100,1100,1200,2400,2400,2400,3058,0,110,269.28736456498973,53.885000001173466,11204.19645900256,86.22007848266841
1777174059,128,GET,point_read,34.300000,0.000000,90,110,140,200,550,1100,1900,6900,7200,7200,7200,3823,0,110,254.36588374534492,54.06312498962507,11055.32154100365,81.19984305519226
1777174059,128,GET,trips_per_route,3.100000,0.000000,630,810,840,890,1200,1700,1700,1700,1700,1700,1700,393,0,680,766.6768113720087,67.79912498313934,10519.093334005447,1177.1933842239187
1777174059,128,,Aggregated,71.800000,0.000000,98,140,310,520,1500,16000,17000,19000,21000,21000,21000,8346,0,130,1514.971712383827,53.885000001173466,23913.650000002235,49811.153965971724
1777174060,128,GET,bulk_update_departures,2.900000,0.000000,99,120,180,250,310,600,1500,1500,1500,1500,1500,400,0,110,205.75442580935487,54.63416699785739,10356.439041992417,108.2
1777174060,128,GET,large_scan,6.100000,0.000000,16000,16000,16000,16000,18000,20000,20000,21000,21000,21000,21000,683,0,16000,15463.259327363536,5810.307042003842,23913.650000002235,612473.2972181552
1777174060,128,GET,next_departures,26.700000,0.000000,95,130,200,240,510,1100,1100,1200,1500,1500,1500,3084,0,110,269.1505289149582,53.885000001173466,11204.19645900256,86.21919584954604
1777174060,128,GET,point_read,34.700000,0.000000,97,130,210,320,550,1100,1900,6900,7200,7200,7200,3860,0,110,254.96832468071764,54.06312498962507,11055.32154100365,81.19948186528498
1777174060,128,GET,trips_per_route,3.200000,0.000000,660,810,880,1100,1700,1700,1800,1800,1800,1800,1800,398,0,670,769.7287311388593,67.79912498313934,10519.093334005447,1177.1959798994974
1777174060,128,,Aggregated,73.600000,0.000000,100,200,350,500,1200,15000,16000,16000,21000,21000,21000,8425,0,140,1515.0501947000107,53.885000001173466,23913.650000002235,49781.6493768546
1777174061,128,GET,bulk_update_departures,2.900000,0.000000,110,170,290,310,560,600,1500,1500,1500,1500,1500,400,0,110,205.75442580935487,54.63416699785739,10356.439041992417,108.2
1777174061,128,GET,large_scan,6.500000,0.000000,16000,16000,16000,16000,17000,18000,18000,19000,19000,19000,19000,691,0,16000,15464.729505372332,5810.307042003842,23913.650000002235,612473.3039073806
1777174061,128,GET,next_departures,27.100000,0.000000,110,170,260,320,550,1100,1100,1200,1500,1500,1500,3112,0,110,269.3866690786257,53.885000001173466,11204.19645900256,86.21690231362467
1777174061,128,GET,point_read,35.000000,0.000000,110,180,250,350,490,1100,1200,1200,1900,1900,1900,3889,0,110,254.9647456861959,54.06312498962507,11055.32154100365,81.19876574955
1777174061,128,GET,trips_per_route,3.300000,0.000000,630,810,840,890,1600,1700,1800,1800,1800,1800,1800,401,0,670,766.7211989657761,67.79912498313934,10519.093334005447,1177.1970074812969
1777174061,128,,Aggregated,74.800000,0.000000,130,260,370,510,1200,15000,16000,16000,19000,19000,19000,8493,0,140,1519.5778016563736,53.885000001173466,23913.650000002235,49960.96526551277
1777174062,128,GET,bulk_update_departures,3.300000,0.000000,110,170,250,310,560,600,1500,1500,1500,1500,1500,406,0,110,205.2619511299862,54.63416699785739,10356.439041992417,108.20197044334975
1777174062,128,GET,large_scan,6.500000,0.000000,16000,16000,16000,16000,18000,18000,19000,19000,19000,19000,19000,698,0,16000,15462.859561011883,5810.307042003842,23913.650000002235,612473.3108882521
1777174062,128,GET,next_departures,28.300000,0.000000,130,210,280,350,560,1100,1100,1200,1500,1500,1500,3154,0,110,268.48657700590746,53.885000001173466,11204.19645900256,86.2155992390615
1777174062,128,GET,point_read,36.600000,0.000000,130,200,300,350,480,1100,1200,1200,1900,1900,1900,3956,0,110,254.03831907595625,54.06312498962507,11055.32154100365,81.198432760364
1777174062,128,GET,trips_per_route,3.800000,0.000000,660,790,840,890,1600,1700,1800,1800,1800,1800,1800,406,0,670,764.0699517518613,67.79912498313934,10519.093334005447,1177.2019704433499
1777174062,128,,Aggregated,78.500000,0.000000,150,290,400,510,1200,15000,16000,17000,19000,19000,19000,8620,0,140,1512.5762158117652,53.885000001173466,23913.650000002235,49724.05916473318
1777174063,128,GET,bulk_update_departures,3.100000,0.000000,120,180,270,310,560,600,1500,1500,1500,1500,1500,411,0,110,204.56838592641347,54.63416699785739,10356.439041992417,108.19951338199513
1777174063,128,GET,large_scan,5.600000,0.000000,15000,16000,16000,16000,18000,19000,19000,19000,19000,19000,19000,702,0,16000,15466.919925514707,5810.307042003842,23913.650000002235,612473.3133903134
1777174063,128,GET,next_departures,28.600000,0.000000,140,220,280,350,560,1100,1100,1200,1500,1500,1500,3192,0,110,266.91702882192004,53.885000001173466,11204.19645900256,86.21835839598998
1777174063,128,GET,point_read,36.900000,0.000000,140,210,300,360,490,1100,1200,1200,1900,1900,1900,3993,0,110,253.06833658264392,54.06312498962507,11055.32154100365,81.20010017530679
1777174063,128,GET,trips_per_route,3.900000,0.000000,630,750,820,880,1600,1700,1800,1800,1800,1800,1800,410,0,670,761.6438843371636,67.79912498313934,10519.093334005447,1177.2024390243903
1777174063,128,,Aggregated,78.100000,0.000000,170,290,400,510,1200,15000,16000,18000,19000,19000,19000,8708,0,140,1506.273588755094,53.885000001173466,23913.650000002235,49504.22944418925
1777174064,128,GET,bulk_update_departures,2.500000,0.000000,120,170,270,310,560,600,1500,1500,1500,1500,1500,419,0,110,202.2360468132289,54.63416699785739,10356.439041992417,108.20047732696898
1777174064,128,GET,large_scan,5.800000,0.000000,15000,16000,16000,16000,18000,19000,19000,19000,19000,19000,19000,706,0,16000,15454.471598858865,5810.307042003842,23913.650000002235,612473.3158640227
1777174064,128,GET,next_departures,29.100000,0.000000,140,220,280,350,550,1100,1100,1200,1500,1500,1500,3227,0,110,265.062619304798,53.885000001173466,11204.19645900256,86.21722962503874
1777174064,128,GET,point_read,35.100000,0.000000,140,220,310,360,510,1100,1200,1200,1900,1900,1900,4018,0,110,252.0471980401863,54.06312498962507,11055.32154100365,81.19935291189647
1777174064,128,GET,trips_per_route,4.400000,0.000000,670,790,880,1100,1600,1700,1800,1800,1800,1800,1800,417,0,670,761.3718170319222,67.79912498313934,10519.093334005447,1177.1966426858514
1777174064,128,,Aggregated,76.900000,0.000000,170,300,410,540,1200,15000,16000,18000,19000,19000,19000,8787,0,140,1500.0760913091437,53.885000001173466,23913.650000002235,49339.577785364745
1777174065,128,GET,bulk_update_departures,3.000000,0.000000,130,230,270,310,560,940,1500,1500,1500,1500,1500,422,0,110,204.18118471267326,54.63416699785739,10356.439041992417,108.20142180094787
1777174065,128,GET,large_scan,5.700000,0.000000,15000,16000,16000,16000,18000,19000,19000,19000,19000,19000,19000,717,0,16000,15424.542586361691,5810.307042003842,23913.650000002235,612473.29986053
1777174065,128,GET,next_departures,29.400000,0.000000,160,240,320,360,560,1100,1100,1200,1500,1500,1500,3253,0,110,265.21354667370395,53.885000001173466,11204.19645900256,86.21641561635414
1777174065,128,GET,point_read,36.700000,0.000000,180,250,350,380,570,1100,1200,1200,1900,1900,1900,4053,0,110,252.70664091841837,54.06312498962507,11055.32154100365,81.19763138415988
1777174065,128,GET,trips_per_route,4.600000,0.000000,680,810,1100,1200,1700,1700,1800,1800,1800,1800,1800,418,0,670,761.2619354911388,67.79912498313934,10519.093334005447,1177.1985645933014
1777174065,128,,Aggregated,79.400000,0.000000,210,340,460,570,1200,14000,16000,18000,19000,19000,19000,8863,0,140,1506.3442024570984,53.885000001173466,23913.650000002235,49677.38260182783
1777174066,128,GET,bulk_update_departures,3.100000,0.000000,110,180,260,290,560,940,1500,1500,1500,1500,1500,428,0,110,202.44972398542694,54.63416699785739,10356.439041992417,108.20093457943925
1777174066,128,GET,large_scan,6.200000,0.000000,14000,15000,16000,16000,18000,19000,19000,19000,19000,19000,19000,724,0,16000,15409.26458172695,5810.307042003842,23913.650000002235,612473.3066298342
1777174066,128,GET,next_departures,29.200000,0.000000,160,240,320,360,560,1100,1100,1200,1500,1500,1500,3288,0,110,263.4718336991224,53.885000001173466,11204.19645900256,86.21715328467154
1777174066,128,GET,point_read,36.300000,0.000000,170,250,350,380,570,1100,1200,1400,1900,1900,1900,4099,0,110,251.4143462682113,54.06312498962507,11055.32154100365,81.19956086850452
1777174066,128,GET,trips_per_route,4.800000,0.000000,670,810,1100,1200,1700,1700,1800,1800,1800,1800,1800,420,0,670,759.3267342125598,67.79912498313934,10519.093334005447,1177.1976190476191
1777174066,128,,Aggregated,79.600000,0.000000,200,330,450,560,1200,14000,16000,18000,19000,19000,19000,8959,0,140,1502.2565087578341,53.885000001173466,23913.650000002235,49624.70431967854
1777174067,128,GET,bulk_update_departures,3.100000,0.000000,110,170,250,270,480,600,1500,1500,1500,1500,1500,432,0,110,201.35466336756105,54.63416699785739,10356.439041992417,108.20138888888889
1777174067,128,GET,large_scan,5.800000,0.000000,14000,15000,15000,16000,18000,19000,19000,19000,19000,19000,19000,728,0,16000,15398.253610582802,5810.307042003842,23913.650000002235,612473.3076923077
1777174067,128,GET,next_departures,29.100000,0.000000,130,210,260,330,520,1100,1100,1200,1500,1500,1500,3314,0,110,262.1091180723578,53.885000001173466,11204.19645900256,86.21786360893181
1777174067,128,GET,point_read,34.700000,0.000000,140,220,290,350,490,1100,1200,1400,1900,1900,1900,4149,0,110,249.45160774149036,54.06312498962507,11055.32154100365,81.1998071824536
1777174067,128,GET,trips_per_route,4.400000,0.000000,610,720,1000,1200,1700,1700,1800,1800,1800,1800,1800,425,0,670,753.3988520429771,67.79912498313934,10519.093334005447,1177.2
1777174067,128,,Aggregated,77.100000,0.000000,150,260,380,490,1200,14000,15000,18000,19000,19000,19000,9048,0,130,1494.331641579193,53.885000001173466,23913.650000002235,49408.73618479222
1777174068,128,GET,bulk_update_departures,3.300000,0.000000,110,140,210,250,310,480,1500,1500,1500,1500,1500,438,0,110,200.28483778486543,54.63416699785739,10356.439041992417,108.20091324200914
1777174068,128,GET,large_scan,6.300000,0.000000,14000,15000,15000,16000,18000,19000,19000,19000,19000,19000,19000,730,0,16000,15392.22958750588,5810.307042003842,23913.650000002235,612473.309589041
1777174068,128,GET,next_departures,29.300000,0.000000,120,170,240,280,490,870,1100,1100,1500,1500,1500,3342,0,110,260.7353338940296,53.885000001173466,11204.19645900256,86.21873129862358
1777174068,128,GET,point_read,34.700000,0.000000,130,200,250,340,460,1000,1200,1400,1900,1900,1900,4185,0,110,248.37905139725052,53.17337499582209,11055.32154100365,81.1995221027479
1777174068,128,GET,trips_per_route,3.700000,0.000000,630,720,920,1100,1700,1700,1800,1800,1800,1800,1800,428,0,670,754.0783114118907,67.79912498313934,10519.093334005447,1177.1985981308412
1777174068,128,,Aggregated,77.300000,0.000000,140,240,350,430,1100,13000,15000,17000,19000,19000,19000,9123,0,130,1486.094671827761,53.17337499582209,23913.650000002235,49137.86166831086
1777174069,128,GET,bulk_update_departures,3.700000,0.000000,98,120,150,210,270,310,940,940,940,940,940,439,0,110,200.4009780541231,54.63416699785739,10356.439041992417,108.20273348519362
1777174069,128,GET,large_scan,6.200000,0.000000,14000,14000,14000,15000,18000,19000,19000,19000,19000,19000,19000,739,0,16000,15369.638636674235,5810.307042003842,23913.650000002235,612473.299052774
1777174069,128,GET,next_departures,28.600000,0.000000,120,160,230,260,380,480,540,560,900,900,900,3358,0,110,261.03012609138017,53.885000001173466,11204.19645900256,86.21768910065515
1777174069,128,GET,point_read,35.800000,0.000000,130,190,240,290,420,470,750,900,1600,1600,1600,4208,0,110,248.99032907878203,53.17337499582209,11055.32154100365,81.19866920152091
1777174069,128,GET,trips_per_route,3.900000,0.000000,600,710,790,810,1100,1200,1300,1300,1300,1300,1300,432,0,670,755.5206470724106,67.79912498313934,10519.093334005447,1177.1944444444443
1777174069,128,,Aggregated,78.200000,0.000000,140,230,330,380,750,13000,14000,15000,19000,19000,19000,9176,0,130,1492.6781135115125,53.17337499582209,23913.650000002235,49455.64734088928
1777174070,128,GET,bulk_update_departures,4.000000,0.000000,100,130,210,230,270,380,940,940,940,940,940,443,0,110,201.15826709431693,54.63416699785739,10356.439041992417,108.20316027088036
1777174070,128,GET,large_scan,6.200000,0.000000,14000,14000,14000,14000,18000,19000,19000,19000,19000,19000,19000,744,0,16000,15356.937316144198,5810.307042003842,23913.650000002235,612473.3010752688
1777174070,128,GET,next_departures,29.300000,0.000000,120,170,240,270,350,480,540,560,900,900,900,3385,0,110,261.09226500584356,53.885000001173466,11204.19645900256,86.22038404726736
1777174070,128,GET,point_read,37.200000,0.000000,120,180,230,270,380,470,750,900,1600,1600,1600,4233,0,110,249.0671587166184,53.17337499582209,11055.32154100365,81.19773210489015
1777174070,128,GET,trips_per_route,4.000000,0.000000,610,720,800,910,1100,1200,1300,1300,1300,1300,1300,433,0,670,755.6132488296847,67.79912498313934,10519.093334005447,1177.1939953810625
1777174070,128,,Aggregated,80.700000,0.000000,130,230,290,360,750,13000,14000,15000,19000,19000,19000,9238,0,140,1491.6598411094953,53.17337499582209,23913.650000002235,49455.8736739554
1777174071,128,GET,bulk_update_departures,4.400000,0.000000,110,140,210,230,280,340,940,940,940,940,940,446,0,110,201.7091831788546,54.63416699785739,10356.439041992417,108.20179372197309
1777174071,128,GET,large_scan,6.200000,0.000000,13000,14000,14000,14000,15000,19000,19000,19000,19000,19000,19000,745,0,16000,15354.63927019366,5810.307042003842,23913.650000002235,612473.3020134228
1777174071,128,GET,next_departures,30.700000,0.000000,120,170,230,250,290,380,480,520,900,900,900,3410,0,110,260.8666855216527,53.885000001173466,11204.19645900256,86.2217008797654
1777174071,128,GET,point_read,38.700000,0.000000,120,170,220,240,300,450,750,900,1600,1600,1600,4254,0,110,248.93924200082373,53.17337499582209,11055.32154100365,81.19816643159379
1777174071,128,GET,trips_per_route,3.900000,0.000000,630,720,800,810,1000,1100,1300,1300,1300,1300,1300,436,0,670,753.7069454180518,67.79912498313934,10519.093334005447,1177.1949541284403
1777174071,128,,Aggregated,83.900000,0.000000,130,210,260,290,630,13000,14000,14000,19000,19000,19000,9291,0,140,1485.9894212996053,53.17337499582209,23913.650000002235,49240.50780325046
1777174072,128,GET,bulk_update_departures,4.300000,0.000000,110,210,220,230,280,340,940,940,940,940,940,450,0,110,201.691795901667,54.63416699785739,10356.439041992417,108.20222222222222
1777174072,128,GET,large_scan,6.100000,0.000000,14000,14000,14000,14000,14000,14000,19000,19000,19000,19000,19000,749,0,16000,15346.604500949612,5810.307042003842,23913.650000002235,612473.305740988
1777174072,128,GET,next_departures,30.000000,0.000000,130,190,230,250,300,380,480,520,900,900,900,3438,0,110,260.04657994064144,53.885000001173466,11204.19645900256,86.22280395578825
1777174072,128,GET,point_read,38.300000,0.000000,130,200,230,250,330,450,750,900,1600,1600,1600,4280,0,110,248.51119962323563,53.17337499582209,11055.32154100365,81.1981308411215
1777174072,128,GET,trips_per_route,3.700000,0.000000,710,790,820,910,1100,1100,1300,1300,1300,1300,1300,437,0,670,753.8574012065651,67.79912498313934,10519.093334005447,1177.1945080091534
1777174072,128,,Aggregated,82.400000,0.000000,150,220,270,300,750,13000,14000,14000,19000,19000,19000,9354,0,140,1483.0523668930548,53.17337499582209,23913.650000002235,49171.4339320077
