Timestamp,User Count,Type,Name,Requests/s,Failures/s,50%,66%,75%,80%,90%,95%,98%,99%,99.9%,99.99%,100%,Total Request Count,Total Failure Count,Total Median Response Time,Total Average Response Time,Total Min Response Time,Total Max Response Time,Total Average Content Size
1777186563,0,,Aggregated,0.000000,0.000000,N/A,N/A,N/A,N/A,N/A,N/A,N/A,N/A,N/A,N/A,N/A,0,0,0,0.0,0,0,0
1777186564,20,GET,bulk_update_departures,0.000000,0.000000,0,0,0,0,0,0,0,0,0,0,0,1,0,228.88050001347438,228.88050001347438,228.88050001347438,228.88050001347438,127.0
1777186564,20,GET,next_departures,0.000000,0.000000,0,0,0,0,0,0,0,0,0,0,0,18,0,180,141.26453933810504,42.04470900003798,211.84712499962188,105.22222222222223
1777186564,20,GET,point_read,0.000000,0.000000,0,0,0,0,0,0,0,0,0,0,0,11,0,49,101.34831427554177,43.2216250046622,224.69699999783188,100.18181818181819
1777186564,20,GET,trips_per_route,0.000000,0.000000,0,0,0,0,0,0,0,0,0,0,0,1,0,204.04912502272055,204.04912502272055,204.04912502272055,204.04912502272055,391.0
1777186564,20,,Aggregated,0.000000,0.000000,0,0,0,0,0,0,0,0,0,0,0,31,0,180,131.95234806945308,42.04470900003798,228.88050001347438,113.35483870967742
1777186565,40,GET,bulk_update_departures,0.000000,0.000000,53,53,57,57,57,57,57,57,57,57,57,4,0,53,96.53745849936968,47.8955419966951,228.88050001347438,127.25
1777186565,40,GET,large_scan,0.000000,0.000000,0,0,0,0,0,0,0,0,0,0,0,7,0,890,994.2723097171568,851.6152089869138,1411.129666987108,332492.5714285714
1777186565,40,GET,next_departures,0.000000,0.000000,55,61,130,140,140,140,150,150,150,150,150,47,0,61,103.13769853289952,40.238749992568046,211.84712499962188,105.34042553191489
1777186565,40,GET,point_read,0.000000,0.000000,49,52,60,63,140,140,150,150,150,150,150,50,0,50,77.20163658319507,39.92450001533143,224.69699999783188,100.48
1777186565,40,GET,trips_per_route,0.000000,0.000000,57,57,150,150,160,160,160,160,160,160,160,7,0,57,102.50248214496034,45.11129201273434,204.04912502272055,391.2857142857143
1777186565,40,,Aggregated,0.000000,0.000000,52,61,140,140,150,880,1000,1400,1400,1400,1400,115,0,57,145.8358872803333,39.92450001533143,1411.129666987108,20353.660869565218
1777186566,60,GET,bulk_update_departures,1.000000,0.000000,49,53,54,54,57,57,57,57,57,57,57,8,0,49,71.62905750010395,40.80887499731034,228.88050001347438,127.5
1777186566,60,GET,large_scan,0.000000,0.000000,940,1000,1100,1100,1100,1100,1100,1100,1100,1100,1100,15,0,940,989.9509723317655,843.6963330022991,1411.129666987108,332492.26666666666
1777186566,60,GET,next_departures,12.000000,0.000000,53,59,65,130,140,140,150,150,150,150,150,106,0,54,83.38564386913104,38.9132919954136,211.84712499962188,105.32075471698113
1777186566,60,GET,point_read,4.000000,0.000000,50,54,59,62,140,140,150,150,150,150,150,93,0,51,69.23598693765109,38.84883297723718,224.69699999783188,100.35483870967742
1777186566,60,GET,trips_per_route,1.000000,0.000000,57,66,140,140,150,160,160,160,160,160,160,13,0,57,92.19319230760448,44.31329100043513,204.04912502272055,391.38461538461536
1777186566,60,,Aggregated,18.000000,0.000000,52,59,79,130,140,870,1000,1100,1400,1400,1400,235,0,53,135.73886629917283,38.84883297723718,1411.129666987108,21336.12340425532
1777186567,80,GET,bulk_update_departures,1.500000,0.000000,53,54,55,57,59,78,78,78,78,78,78,15,0,53,64.40436966756049,40.80887499731034,228.88050001347438,127.4
1777186567,80,GET,large_scan,3.000000,0.000000,910,940,1000,1100,1100,1100,1100,1100,1100,1100,1100,24,0,910,969.41971187213,802.4466249917168,1411.129666987108,332492.1666666667
1777186567,80,GET,next_departures,17.500000,0.000000,52,57,64,130,140,140,150,150,150,150,150,156,0,53,77.53443883437937,38.9132919954136,211.84712499962188,105.35897435897436
1777186567,80,GET,point_read,20.000000,0.000000,51,55,60,62,130,140,140,150,150,150,150,170,0,51,66.40003867693903,38.84883297723718,224.69699999783188,100.41176470588235
1777186567,80,GET,trips_per_route,1.500000,0.000000,61,70,140,140,150,160,160,160,160,160,160,20,0,61,89.67640199844027,44.31329100043513,204.04912502272055,391.4
1777186567,80,,Aggregated,43.500000,0.000000,53,59,68,130,140,870,1000,1100,1400,1400,1400,385,0,53,128.33518364456143,38.84883297723718,1411.129666987108,20839.109090909093
1777186568,100,GET,bulk_update_departures,2.333333,0.000000,53,55,57,59,69,78,80,80,80,80,80,22,0,53,62.6707974112254,40.80887499731034,228.88050001347438,127.36363636363636
1777186568,100,GET,large_scan,3.333333,0.000000,940,1000,1100,1100,1100,1200,1300,1300,1300,1300,1300,40,0,930,979.7274687720346,802.4466249917168,1411.129666987108,332492.15
1777186568,100,GET,next_departures,26.666667,0.000000,53,59,63,71,140,140,150,150,150,150,150,208,0,54,74.20494491844482,38.9132919954136,211.84712499962188,105.375
1777186568,100,GET,point_read,26.000000,0.000000,51,56,60,65,130,140,140,150,150,150,150,260,0,51,65.22475878087928,38.84883297723718,224.69699999783188,100.38461538461539
1777186568,100,GET,trips_per_route,3.666667,0.000000,60,70,94,130,140,150,160,160,160,160,160,30,0,60,82.46490413245435,42.30537501280196,204.04912502272055,391.3666666666667
1777186568,100,,Aggregated,62.000000,0.000000,54,60,68,130,140,890,1100,1100,1400,1400,1400,560,0,54,134.70512364994127,38.84883297723718,1411.129666987108,23861.155357142856
1777186569,120,GET,bulk_update_departures,2.500000,0.000000,55,59,61,69,79,130,140,140,140,140,140,33,0,55,66.0809306674778,40.80887499731034,228.88050001347438,127.33333333333333
1777186569,120,GET,large_scan,5.250000,0.000000,1000,1100,1100,1100,1300,1300,1400,1400,1400,1400,1400,66,0,1000,1035.1529110277734,802.4466249917168,1434.1580419859383,332492.1060606061
1777186569,120,GET,next_departures,34.250000,0.000000,55,61,68,76,130,140,150,150,160,160,160,295,0,56,72.88807585136965,38.9132919954136,211.84712499962188,105.36271186440678
1777186569,120,GET,point_read,34.250000,0.000000,53,59,64,68,130,140,140,150,150,150,150,347,0,53,65.92141617244171,38.84883297723718,224.69699999783188,100.39481268011528
1777186569,120,GET,trips_per_route,4.500000,0.000000,61,71,130,140,140,150,160,160,160,160,160,36,0,61,83.22009488862629,42.30537501280196,204.04912502272055,391.3611111111111
1777186569,120,,Aggregated,80.750000,0.000000,56,64,76,130,150,1000,1100,1200,1400,1400,1400,777,0,56,151.7032175596418,38.84883297723718,1434.1580419859383,28350.951093951095
1777186570,140,GET,bulk_update_departures,3.400000,0.000000,57,61,69,75,79,95,140,140,140,140,140,45,0,57,65.93473066782786,40.80887499731034,228.88050001347438,127.35555555555555
1777186570,140,GET,large_scan,6.600000,0.000000,1000,1100,1100,1100,1200,1300,1400,1400,1400,1400,1400,85,0,1000,1021.1260132447077,750.0487079960294,1434.1580419859383,332492.17647058825
1777186570,140,GET,next_departures,37.000000,0.000000,57,64,71,76,140,150,210,210,220,220,220,402,0,57,73.90302644058801,38.9132919954136,217.73312499863096,105.37562189054727
1777186570,140,GET,point_read,44.200000,0.000000,55,62,67,71,130,140,150,210,250,250,250,465,0,56,67.22564532469097,38.84883297723718,248.52670799009502,100.39784946236558
1777186570,140,GET,trips_per_route,5.000000,0.000000,61,70,85,130,140,140,160,160,160,160,160,45,0,61,78.75006017663206,42.30537501280196,204.04912502272055,391.4
1777186570,140,,Aggregated,96.200000,0.000000,58,66,77,110,160,940,1100,1200,1400,1400,1400,1042,0,58,148.0570714192884,38.84883297723718,1434.1580419859383,27230.542226487523
1777186571,160,GET,bulk_update_departures,5.166667,0.000000,60,65,71,75,82,95,130,140,140,140,140,58,0,60,66.53527665636422,40.80887499731034,228.88050001347438,127.39655172413794
1777186571,160,GET,large_scan,9.000000,0.000000,1000,1100,1100,1100,1200,1300,1400,1400,1400,1400,1400,106,0,1000,1016.9432173946539,700.8814589935355,1434.1580419859383,332492.1320754717
1777186571,160,GET,next_departures,43.000000,0.000000,58,65,71,76,130,140,190,210,220,220,220,518,0,58,72.57685264670039,38.032750017009676,217.73312499863096,105.38996138996139
1777186571,160,GET,point_read,51.000000,0.000000,56,62,67,71,110,140,150,200,250,250,250,595,0,56,66.61729115431251,38.52541701053269,248.52670799009502,100.38655462184875
1777186571,160,GET,trips_per_route,5.666667,0.000000,65,75,95,110,140,150,150,160,160,160,160,56,0,65,80.53105356988713,42.30537501280196,204.04912502272055,391.39285714285717
1777186571,160,,Aggregated,113.833333,0.000000,59,67,77,92,150,930,1100,1200,1400,1400,1400,1333,0,59,145.08391897796164,38.032750017009676,1434.1580419859383,26547.483120780194
1777186572,180,GET,bulk_update_departures,5.714286,0.000000,61,74,78,83,110,110,130,140,140,140,140,71,0,61,71.32923419785712,40.80887499731034,228.88050001347438,127.3943661971831
1777186572,180,GET,large_scan,11.142857,0.000000,1000,1100,1100,1200,1300,1400,1400,1400,1400,1400,1400,122,0,1000,1044.2502438753927,700.8814589935355,1448.1142080039717,332492.12295081967
1777186572,180,GET,next_departures,49.857143,0.000000,60,69,76,81,130,140,170,210,220,220,220,630,0,60,73.76264710296203,38.032750017009676,217.73312499863096,105.39206349206349
1777186572,180,GET,point_read,59.000000,0.000000,60,67,74,78,110,140,150,180,250,250,250,728,0,60,69.55998979370074,38.52541701053269,248.52670799009502,100.39285714285714
1777186572,180,GET,trips_per_route,5.714286,0.000000,67,82,99,110,140,150,150,160,160,160,160,68,0,67,82.71991360122817,42.30537501280196,204.04912502272055,391.38235294117646
1777186572,180,,Aggregated,131.428571,0.000000,62,73,82,95,150,940,1100,1300,1400,1400,1400,1619,0,62,145.27362554071001,38.032750017009676,1448.1142080039717,25163.175416924027
1777186573,200,GET,bulk_update_departures,6.625000,0.000000,65,77,84,95,110,130,260,270,270,270,270,82,0,65,79.25088824413251,40.80887499731034,265.1833329873625,127.39024390243902
1777186573,200,GET,large_scan,12.375000,0.000000,1100,1200,1300,1400,1600,1700,1800,1800,1900,1900,1900,151,0,1100,1148.845937945695,700.8814589935355,1881.8384170008358,332492.1854304636
1777186573,200,GET,next_departures,58.000000,0.000000,64,76,84,91,130,150,190,210,220,220,220,759,0,65,77.87825648335597,38.032750017009676,220.42887497809716,105.37154150197628
1777186573,200,GET,point_read,68.000000,0.000000,62,71,79,85,120,140,160,200,270,270,270,860,0,62,72.94129678484751,38.52541701053269,267.14241699664854,100.38720930232559
1777186573,200,GET,trips_per_route,6.250000,0.000000,72,92,110,120,140,150,160,160,160,160,160,87,0,72,86.0259305279643,42.30537501280196,204.04912502272055,391.37931034482756
1777186573,200,,Aggregated,151.250000,0.000000,66,79,93,110,160,1000,1300,1600,1800,1900,1900,1939,0,66,159.51401615656923,38.032750017009676,1881.8384170008358,26001.61217122228
1777186574,220,GET,bulk_update_departures,7.111111,0.000000,71,83,100,110,220,270,320,330,330,330,330,92,0,70,96.67450591318219,40.80887499731034,328.3873749896884,127.43478260869566
1777186574,220,GET,large_scan,12.777778,0.000000,1100,1400,1600,1600,1800,1900,2000,2000,2000,2000,2000,177,0,1100,1241.1970619255635,700.8814589935355,1998.1707920087501,332492.2259887006
1777186574,220,GET,next_departures,64.444444,0.000000,68,82,96,110,140,160,210,210,260,260,260,863,0,68,83.80842062894622,38.032750017009676,261.42054100637324,105.35573580533024
1777186574,220,GET,point_read,75.000000,0.000000,66,78,92,110,140,170,210,220,360,360,360,994,0,65,82.00133026549892,38.52541701053269,356.14733400871046,100.38329979879276
1777186574,220,GET,trips_per_route,7.111111,0.000000,80,99,120,130,140,150,190,210,210,210,210,101,0,82,92.83042366219924,42.30537501280196,214.1604170028586,391.36633663366337
1777186574,220,,Aggregated,166.444444,0.000000,71,89,110,130,210,1100,1600,1700,2000,2000,2000,2227,0,71,175.93075733336602,38.032750017009676,1998.1707920087501,26534.835653345308
1777186575,240,GET,bulk_update_departures,7.600000,0.000000,76,100,130,210,260,310,330,340,340,340,340,102,0,75,111.60482680390808,40.80887499731034,343.25220799655654,127.45098039215686
1777186575,240,GET,large_scan,14.100000,0.000000,1300,1600,1700,1800,1900,2000,2100,2200,2300,2300,2300,203,0,1200,1329.3882604775001,700.8814589935355,2288.6425410106312,332492.30049261084
1777186575,240,GET,next_departures,70.800000,0.000000,76,98,120,130,160,200,220,230,310,310,310,1002,0,74,93.76288639476682,38.032750017009676,308.48199999309145,105.3502994011976
1777186575,240,GET,point_read,78.400000,0.000000,72,95,120,140,170,200,220,250,320,360,360,1148,0,70,91.46179648781765,38.52541701053269,356.14733400871046,100.37282229965157
1777186575,240,GET,trips_per_route,8.000000,0.000000,95,110,130,140,150,160,190,190,210,210,210,117,0,94,98.88550816113766,42.30537501280196,214.1604170028586,391.35042735042737
1777186575,240,,Aggregated,178.900000,0.000000,79,110,140,150,220,1100,1700,1900,2200,2300,2300,2572,0,78,191.20049307984263,38.032750017009676,2288.6425410106312,26351.288491446347
1777186576,260,GET,bulk_update_departures,8.400000,0.000000,85,140,220,240,320,360,430,480,480,480,480,116,0,80,138.97874461213962,40.80887499731034,482.7037079958245,127.48275862068965
1777186576,260,GET,large_scan,16.700000,0.000000,1400,1700,1800,1900,2100,2300,2400,2500,2600,2600,2600,224,0,1300,1415.3825089327127,700.8814589935355,2608.9637500117533,332492.33928571426
1777186576,260,GET,next_departures,79.600000,0.000000,84,120,140,160,210,230,260,310,470,470,470,1112,0,81,105.78034971273783,38.032750017009676,474.10074999788776,105.37050359712231
1777186576,260,GET,point_read,92.800000,0.000000,82,120,150,170,210,220,260,310,380,390,390,1297,0,77,104.56832043966871,38.52541701053269,386.5401249786373,100.40246723207402
1777186576,260,GET,trips_per_route,9.500000,0.000000,100,130,140,150,190,250,270,270,370,370,370,130,0,99,112.38049613759638,42.30537501280196,370.6818330101669,391.4
1777186576,260,,Aggregated,207.000000,0.000000,92,140,170,200,260,1200,1800,2100,2500,2600,2600,2879,0,87,208.76330023085728,38.032750017009676,2608.9637500117533,25978.238277179575
1777186577,280,GET,bulk_update_departures,9.400000,0.000000,120,240,310,330,390,420,480,480,570,570,570,134,0,97,170.57039208949973,40.80887499731034,570.0617080146912,127.4776119402985
1777186577,280,GET,large_scan,18.400000,0.000000,1600,1900,2100,2100,2500,2600,2600,2700,2700,2700,2700,252,0,1400,1534.3864654404035,700.8814589935355,2720.8627500222065,332492.35714285716
1777186577,280,GET,next_departures,90.100000,0.000000,100,150,180,200,220,240,260,320,410,470,470,1240,0,89,116.70231697390855,38.032750017009676,474.10074999788776,105.39758064516128
1777186577,280,GET,point_read,103.900000,0.000000,100,150,190,200,220,240,290,320,400,440,440,1464,0,89,117.06998615508645,38.52541701053269,435.53966699982993,100.43101092896175
1777186577,280,GET,trips_per_route,10.700000,0.000000,120,150,190,200,240,260,280,290,370,370,370,152,0,110,127.78866497951401,42.30537501280196,370.6818330101669,391.42105263157896
1777186577,280,,Aggregated,232.500000,0.000000,120,170,200,220,310,1300,2000,2400,2700,2700,2700,3242,0,100,229.81092895945525,38.032750017009676,2720.8627500222065,25953.848241826032
1777186578,300,GET,bulk_update_departures,10.400000,0.000000,230,330,350,370,410,480,500,500,570,570,570,151,0,130,195.98971137107006,40.80887499731034,570.0617080146912,127.4635761589404
1777186578,300,GET,large_scan,20.400000,0.000000,1800,2100,2400,2400,2500,2600,2600,2700,2700,2700,2700,286,0,1600,1640.2977268288678,700.8814589935355,2720.8627500222065,332492.3846153846
1777186578,300,GET,next_departures,98.700000,0.000000,130,180,200,210,230,260,320,350,430,470,470,1406,0,110,129.06421349446154,38.032750017009676,474.10074999788776,105.41963015647227
1777186578,300,GET,point_read,115.700000,0.000000,140,180,200,210,230,260,330,360,440,490,490,1619,0,100,127.34257109785928,38.52541701053269,494.5392080117017,100.45151327980234
1777186578,300,GET,trips_per_route,11.100000,0.000000,140,180,210,220,250,270,290,340,370,370,370,166,0,130,135.94502983043245,42.30537501280196,370.6818330101669,391.4457831325301
1777186578,300,,Aggregated,256.300000,0.000000,150,200,220,230,350,1600,2400,2500,2700,2700,2700,3628,0,130,250.5287701275046,38.032750017009676,2720.8627500222065,26319.70782800441
1777186579,320,GET,bulk_update_departures,11.300000,0.000000,310,360,390,410,460,490,520,570,620,620,620,169,0,210,221.5777660231657,40.80887499731034,622.4317499727476,127.45562130177515
1777186579,320,GET,large_scan,22.000000,0.000000,2000,2300,2400,2400,2500,2600,2600,2700,2700,2700,2700,313,0,1700,1691.8602547892474,700.8814589935355,2720.8627500222065,332492.3865814697
1777186579,320,GET,next_departures,104.300000,0.000000,160,200,220,230,260,300,350,370,490,510,510,1527,0,130,140.68055394710257,38.032750017009676,514.9074999790173,105.4354944335298
1777186579,320,GET,point_read,125.300000,0.000000,160,200,220,230,260,310,360,400,610,620,620,1780,0,120,140.60385179412592,38.52541701053269,620.4023329773918,100.46516853932584
1777186579,320,GET,trips_per_route,12.300000,0.000000,160,210,230,240,280,310,340,370,410,410,410,184,0,140,150.21600673840706,42.30537501280196,406.2961249728687,391.45652173913044
1777186579,320,,Aggregated,275.200000,0.000000,170,220,240,260,370,1700,2400,2500,2700,2700,2700,3973,0,140,266.73362937769593,38.032750017009676,2720.8627500222065,26303.42637805185
1777186580,340,GET,bulk_update_departures,13.100000,0.000000,340,390,430,450,620,660,800,900,910,910,910,181,0,230,254.7264479776685,40.80887499731034,907.1330830047373,127.42541436464089
1777186580,340,GET,large_scan,23.800000,0.000000,2100,2300,2400,2500,2600,2600,2700,2700,2800,2800,2800,321,0,1700,1712.1476286292734,700.8814589935355,2758.376582991332,332492.3925233645
1777186580,340,GET,next_departures,115.400000,0.000000,180,220,230,250,330,440,490,540,760,770,770,1614,0,130,157.9286144965425,38.032750017009676,774.8447909834795,105.42627013630731
1777186580,340,GET,point_read,132.800000,0.000000,190,220,240,260,360,440,510,550,700,770,770,1902,0,140,160.8057998046694,38.52541701053269,768.3618339942768,100.45425867507886
1777186580,340,GET,trips_per_route,13.600000,0.000000,180,220,250,260,320,400,500,550,630,630,630,193,0,140,164.4986866935038,42.30537501280196,626.1275830038358,391.440414507772
1777186580,340,,Aggregated,298.700000,0.000000,200,230,280,320,500,1800,2400,2500,2700,2800,2800,4211,0,150,282.1663589246501,38.032750017009676,2758.376582991332,25454.735692234623
1777186581,360,GET,bulk_update_departures,13.400000,0.000000,360,410,470,500,680,840,960,1000,1000,1000,1000,188,0,230,279.3614115743115,40.80887499731034,1031.163125007879,127.40425531914893
1777186581,360,GET,large_scan,24.800000,0.000000,2200,2400,2500,2500,2600,2700,3200,3600,3800,3800,3800,330,0,1800,1755.7190925425277,700.8814589935355,3783.9396670169663,332492.3939393939
1777186581,360,GET,next_departures,121.200000,0.000000,200,230,270,310,460,520,590,670,770,860,860,1701,0,140,176.71687826299686,38.032750017009676,864.6493330015801,105.41387419165197
1777186581,360,GET,point_read,140.700000,0.000000,210,240,290,350,480,550,620,680,900,1000,1000,2022,0,150,183.2830996010957,38.52541701053269,1021.7755420017056,100.43916913946587
1777186581,360,GET,trips_per_route,14.300000,0.000000,210,250,290,330,460,560,690,750,950,950,950,209,0,150,193.87233925762735,42.30537501280196,950.8079160004854,391.4019138755981
1777186581,360,,Aggregated,314.400000,0.000000,220,260,360,430,600,1900,2400,2600,3600,3800,3800,4450,0,160,301.9371690199151,38.032750017009676,3783.9396670169663,24766.436404494383
1777186582,380,GET,bulk_update_departures,13.700000,0.000000,380,440,500,630,900,1000,1100,1200,1400,1400,1400,194,0,240,306.70401095844727,40.80887499731034,1394.0548340033274,127.40721649484536
1777186582,380,GET,large_scan,24.100000,0.000000,2300,2400,2500,2500,2600,3000,3600,3800,4400,4400,4400,331,0,1800,1763.7762580484748,700.8814589935355,4422.640875010984,332492.3927492447
1777186582,380,GET,next_departures,120.800000,0.000000,220,260,360,440,550,640,700,760,1200,1200,1200,1783,0,150,198.74251278592166,38.032750017009676,1174.112333013909,105.39764441951766
1777186582,380,GET,point_read,142.100000,0.000000,220,260,360,420,550,630,700,770,1100,1400,1400,2094,0,150,199.77312948823666,38.52541701053269,1416.407957993215,100.42502387774594
1777186582,380,GET,trips_per_route,14.600000,0.000000,230,270,330,400,520,640,710,750,950,950,950,214,0,150,204.0990003310938,42.30537501280196,950.8079160004854,391.39719626168227
1777186582,380,,Aggregated,315.300000,0.000000,230,320,440,500,680,1900,2500,2600,3700,4400,4400,4616,0,170,316.2197874905771,38.032750017009676,4422.640875010984,23951.835355285963
1777186583,400,GET,bulk_update_departures,13.500000,0.000000,410,480,630,720,1000,1100,1200,1300,1400,1400,1400,199,0,270,326.2334801154281,40.80887499731034,1394.0548340033274,127.4070351758794
1777186583,400,GET,large_scan,22.500000,0.000000,2400,2500,2500,2600,2800,3800,5200,5200,5400,5400,5400,338,0,1800,1831.939944645084,700.8814589935355,5405.2580000134185,332492.3846153846
1777186583,400,GET,next_departures,120.400000,0.000000,230,320,450,490,610,680,740,800,1200,1200,1200,1847,0,160,213.13660201531118,38.032750017009676,1174.112333013909,105.38061721710882
1777186583,400,GET,point_read,143.300000,0.000000,240,340,440,490,600,670,770,820,1300,1400,1400,2175,0,160,214.31106682908293,38.52541701053269,1416.407957993215,100.41333333333333
1777186583,400,GET,trips_per_route,15.300000,0.000000,250,320,410,450,610,650,710,750,950,950,950,222,0,160,215.62883327859308,42.30537501280196,950.8079160004854,391.39639639639637
1777186583,400,,Aggregated,315.000000,0.000000,250,400,500,550,710,2100,2500,2600,5200,5400,5400,4781,0,180,332.9378036177351,38.032750017009676,5405.2580000134185,23615.91863626856
1777186584,420,GET,bulk_update_departures,12.800000,0.000000,440,540,660,790,1000,1100,1200,1300,1400,1400,1400,211,0,310,341.99102152587506,40.80887499731034,1394.0548340033274,127.40758293838863
1777186584,420,GET,large_scan,21.500000,0.000000,2500,2600,2700,3600,5700,5800,5900,6000,6100,6100,6100,362,0,1900,2090.4909206826196,700.8814589935355,6080.9367499896325,332492.32596685085
1777186584,420,GET,next_departures,117.200000,0.000000,260,380,470,520,630,680,780,980,3600,3600,3600,1925,0,170,225.79789160170242,38.032750017009676,3647.7353750087786,105.38285714285715
1777186584,420,GET,point_read,139.000000,0.000000,260,370,450,500,610,680,780,900,3400,3500,3500,2281,0,170,223.87631039815176,38.52541701053269,3516.324500000337,100.41692240245506
1777186584,420,GET,trips_per_route,14.900000,0.000000,270,380,420,460,620,660,750,950,3600,3600,3600,235,0,180,235.42530828036686,42.30537501280196,3552.862540993374,391.3872340425532
1777186584,420,,Aggregated,305.400000,0.000000,290,430,510,570,730,2300,2700,5200,5900,6100,6100,5014,0,190,364.8914183538922,38.032750017009676,6080.9367499896325,24115.07658556043
1777186585,440,GET,bulk_update_departures,12.000000,0.000000,500,620,690,790,1000,1100,1200,1300,1400,1400,1400,223,0,330,355.75171263633723,40.80887499731034,1394.0548340033274,127.38565022421524
1777186585,440,GET,large_scan,19.200000,0.000000,2700,5600,5800,5800,5900,6000,6100,6200,6300,6300,6300,419,0,2100,2598.6917645155495,700.8814589935355,6328.93304200843,332492.2887828162
1777186585,440,GET,next_departures,112.000000,0.000000,300,410,490,540,640,700,810,3200,4000,4000,4000,2014,0,180,239.19306893464142,38.032750017009676,3971.8199580092914,105.38877855014896
1777186585,440,GET,point_read,135.600000,0.000000,300,400,470,510,620,690,800,1100,4200,4300,4300,2401,0,180,236.8290632287065,38.52541701053269,4312.0288340142,100.41899208663057
1777186585,440,GET,trips_per_route,13.900000,0.000000,300,390,430,480,620,660,750,950,3600,3600,3600,247,0,190,241.3275591612686,42.30537501280196,3552.862540993374,391.37651821862346
1777186585,440,,Aggregated,292.700000,0.000000,340,460,550,610,900,2600,5800,5900,6200,6300,6300,5304,0,200,429.5161783577004,38.032750017009676,6328.93304200843,26374.944381598794
1777186586,460,GET,bulk_update_departures,12.000000,0.000000,540,630,680,790,1000,1100,1200,1300,1400,1400,1400,236,0,340,368.83800231318395,40.80887499731034,1394.0548340033274,127.33898305084746
1777186586,460,GET,large_scan,17.800000,0.000000,4800,5600,5800,5900,6000,6100,6200,6300,6900,6900,6900,486,0,2300,2907.7224752984544,700.8814589935355,6853.741375001846,332492.28189300414
1777186586,460,GET,next_departures,108.900000,0.000000,330,430,500,550,660,710,2400,3900,4900,4900,4900,2125,0,190,260.9745153734214,38.032750017009676,4868.597416992998,105.39858823529411
1777186586,460,GET,point_read,130.000000,0.000000,330,420,490,530,640,710,940,3800,4600,4800,4800,2520,0,190,252.71807008419216,38.52541701053269,4759.289875015384,100.43015873015872
1777186586,460,GET,trips_per_route,13.300000,0.000000,340,420,470,500,630,710,2400,3600,4100,4100,4100,261,0,200,270.26054257807107,42.30537501280196,4128.461124986643,391.39080459770116
1777186586,460,,Aggregated,282.000000,0.000000,370,490,570,640,2300,4800,5800,6000,6300,6900,6900,5628,0,210,490.78842838211136,38.032750017009676,6853.741375001846,28820.275408670932
1777186587,480,GET,bulk_update_departures,11.800000,0.000000,630,700,800,850,1100,1200,5300,5400,5900,5900,5900,256,0,360,449.7537955816142,40.80887499731034,5856.484416988678,127.3046875
1777186587,480,GET,large_scan,19.900000,0.000000,5000,5600,5800,5900,6000,6100,6200,6300,6900,6900,6900,515,0,2400,2941.751734935961,700.8814589935355,6853.741375001846,332492.2932038835
1777186587,480,GET,next_departures,102.100000,0.000000,360,450,520,550,660,730,3600,4500,5900,5900,5900,2278,0,200,278.6430826758313,38.032750017009676,5856.04220899404,105.40342405618964
1777186587,480,GET,point_read,124.000000,0.000000,350,420,490,530,640,720,1100,4200,5700,5700,5700,2701,0,210,266.0167275839001,38.52541701053269,5730.467209010385,100.43502406516104
1777186587,480,GET,trips_per_route,12.900000,0.000000,380,430,480,530,640,750,3600,4100,5100,5100,5100,278,0,210,292.2893752587462,42.30537501280196,5054.140624997672,391.39208633093523
1777186587,480,,Aggregated,270.700000,0.000000,390,500,580,650,2500,5100,5800,6000,6300,6900,6900,6028,0,220,508.4033983116294,38.032750017009676,6853.741375001846,28514.650298606502
1777186588,500,GET,bulk_update_departures,11.800000,0.000000,670,780,860,920,1100,1400,5300,5400,5900,5900,5900,268,0,370,488.07241092121086,40.80887499731034,5856.484416988678,127.2723880597015
1777186588,500,GET,large_scan,23.000000,0.000000,5200,5700,5800,5900,6000,6100,6300,6600,7100,7100,7100,534,0,2400,2968.3678165487036,700.8814589935355,7077.498792001279,332492.27902621723
1777186588,500,GET,next_departures,100.600000,0.000000,400,480,540,560,660,750,3800,4800,6400,6400,6400,2374,0,210,290.34164448505027,38.032750017009676,6394.292458018754,105.40185341196293
1777186588,500,GET,point_read,122.300000,0.000000,390,470,530,550,650,750,4100,5600,6200,6700,6700,2850,0,210,295.98735071369447,38.52541701053269,6727.6474999962375,100.43052631578948
1777186588,500,GET,trips_per_route,13.000000,0.000000,410,460,520,570,680,3600,5100,6000,6200,6200,6200,292,0,220,349.3063080303765,42.30537501280196,6198.438457999146,391.3972602739726
1777186588,500,,Aggregated,270.700000,0.000000,440,530,610,660,3200,5400,5900,6000,6700,7100,7100,6318,0,230,530.3488882004268,38.032750017009676,7077.498792001279,28210.782684393795
1777186589,512,GET,bulk_update_departures,11.900000,0.000000,720,860,920,960,1100,1400,5300,5400,5900,5900,5900,279,0,400,504.2502836124616,40.80887499731034,5856.484416988678,127.25806451612904
1777186589,512,GET,large_scan,26.400000,0.000000,5200,5700,5800,5900,6000,6100,6300,6600,7100,7100,7100,547,0,2500,2992.5419960311024,700.8814589935355,7077.498792001279,332492.28519195615
1777186589,512,GET,next_departures,100.700000,0.000000,440,510,550,570,670,790,4500,5500,6500,6500,6500,2481,0,220,313.3774180635338,38.032750017009676,6521.814542007633,105.39822652156388
1777186589,512,GET,point_read,120.600000,0.000000,420,500,540,560,660,780,4500,6000,6400,6700,6700,2975,0,220,317.285691997997,38.52541701053269,6727.6474999962375,100.42050420168067
1777186589,512,GET,trips_per_route,12.600000,0.000000,430,480,540,580,690,3600,6000,6200,6400,6400,6400,303,0,230,374.6290611480278,42.30537501280196,6386.566374974791,391.3960396039604
1777186589,512,,Aggregated,272.200000,0.000000,460,550,610,670,3500,5500,5900,6100,6700,7100,7100,6585,0,250,548.6003362785735,38.032750017009676,7077.498792001279,27727.808959757025
1777186590,512,GET,bulk_update_departures,11.100000,0.000000,720,910,1000,1000,1200,3900,5400,5900,7800,7800,7800,290,0,410,548.7888408134338,40.80887499731034,7774.25766599481,127.26206896551724
1777186590,512,GET,large_scan,25.600000,0.000000,5200,5700,5800,5900,6000,6100,6300,6600,7100,7100,7100,556,0,2500,3019.37232485781,700.8814589935355,7077.498792001279,332492.28776978416
1777186590,512,GET,next_departures,96.800000,0.000000,440,530,570,610,680,810,4700,5800,7600,7600,7600,2558,0,220,327.48427668318453,38.032750017009676,7576.871875004144,105.38702111024237
1777186590,512,GET,point_read,120.300000,0.000000,420,530,560,590,680,790,5600,6200,7600,7800,7800,3070,0,230,335.37170463614206,38.52541701053269,7774.329291016329,100.40456026058632
1777186590,512,GET,trips_per_route,12.500000,0.000000,460,540,590,630,710,3600,6000,6200,6400,6400,6400,321,0,250,388.57304240138825,42.30537501280196,6386.566374974791,391.3644859813084
1777186590,512,,Aggregated,266.300000,0.000000,480,570,650,690,3900,5600,6000,6200,7600,7800,7800,6795,0,260,563.6420362113643,38.032750017009676,7774.329291016329,27315.094628403236
1777186591,512,GET,bulk_update_departures,10.900000,0.000000,850,990,1100,1200,1300,5300,7800,8000,8500,8500,8500,312,0,440,634.8977414646727,40.80887499731034,8506.09770801384,127.26923076923077
1777186591,512,GET,large_scan,24.200000,0.000000,5200,5700,5800,5900,6000,6100,6300,6600,7100,7100,7100,570,0,2500,3070.0968744068327,700.8814589935355,7077.498792001279,332492.2701754386
1777186591,512,GET,next_departures,96.300000,0.000000,430,510,550,580,670,810,4900,6400,8800,8800,8800,2636,0,230,344.83720386287627,38.032750017009676,8793.119834008394,105.38353566009104
1777186591,512,GET,point_read,121.000000,0.000000,410,510,550,580,660,800,6000,6700,8500,8900,8900,3152,0,240,355.0697919777237,38.52541701053269,8872.916749998694,100.39276649746193
1777186591,512,GET,trips_per_route,12.000000,0.000000,460,550,610,630,830,5100,7800,8500,8500,8500,8500,336,0,250,465.32615149382246,42.30537501280196,8522.320916992612,391.3363095238095
1777186591,512,,Aggregated,264.400000,0.000000,470,560,640,700,4200,5700,6100,6700,8800,8900,8900,7006,0,270,589.8606557732111,38.032750017009676,8872.916749998694,27160.436768484156
1777186592,512,GET,bulk_update_departures,10.700000,0.000000,780,960,1000,1100,1200,5400,8000,8500,8900,8900,8900,328,0,480,681.2559967133338,40.80887499731034,8911.70262498781,127.26524390243902
1777186592,512,GET,large_scan,23.400000,0.000000,5300,5700,5800,5900,6000,6100,6300,7100,10000,10000,10000,608,0,2600,3240.142852861745,700.8814589935355,10202.668917016126,332492.24342105264
1777186592,512,GET,next_departures,96.000000,0.000000,400,480,520,540,630,3600,6300,7600,9000,9000,9000,2743,0,240,372.3952453096364,38.032750017009676,9038.341209001373,105.38279256288735
1777186592,512,GET,point_read,118.400000,0.000000,390,470,530,550,630,2800,6300,7800,8900,8900,8900,3308,0,250,379.17997929864055,38.52541701053269,8904.467874992406,100.39419588875454
1777186592,512,GET,trips_per_route,12.700000,0.000000,430,510,580,620,2400,6400,8500,8500,8900,8900,8900,358,0,260,513.5636965387472,42.30537501280196,8869.987082987791,391.3463687150838
1777186592,512,,Aggregated,261.200000,0.000000,440,540,600,690,4900,5800,6400,7800,9000,10000,10000,7345,0,280,633.5088024815542,38.032750017009676,10202.668917016126,27632.171272974814
1777186593,512,GET,bulk_update_departures,11.400000,0.000000,720,920,1000,1100,1200,5900,8000,8500,8900,8900,8900,344,0,460,684.814294589921,40.80887499731034,8911.70262498781,127.27325581395348
1777186593,512,GET,large_scan,24.500000,0.000000,5200,5600,5700,5800,6000,6100,6300,7100,10000,10000,10000,662,0,3000,3387.7947022929125,700.8814589935355,10202.668917016126,332492.2114803625
1777186593,512,GET,next_departures,92.600000,0.000000,380,460,510,540,630,4000,6300,7600,9000,9000,9000,2854,0,230,382.2459587502329,38.032750017009676,9038.341209001373,105.39348283111423
1777186593,512,GET,point_read,113.300000,0.000000,380,460,520,540,630,4300,6200,7600,8900,8900,8900,3457,0,240,396.46987394698607,38.52541701053269,8904.467874992406,100.40208273069135
1777186593,512,GET,trips_per_route,12.500000,0.000000,400,480,570,620,890,6300,7800,8500,8900,8900,8900,380,0,260,512.9496631181897,42.30537501280196,8869.987082987791,391.36315789473684
1777186593,512,,Aggregated,254.300000,0.000000,420,530,600,710,5200,5900,6400,7800,9000,10000,10000,7697,0,270,667.1097054371357,38.032750017009676,10202.668917016126,28706.01883850851
1777186594,512,GET,bulk_update_departures,12.700000,0.000000,700,920,1000,1000,1200,5400,8000,8500,8900,8900,8900,362,0,440,671.1533152791272,40.80887499731034,8911.70262498781,127.27348066298343
1777186594,512,GET,large_scan,25.200000,0.000000,4800,5200,5500,5600,5900,6100,7100,10000,12000,12000,12000,740,0,3200,3458.106887839044,700.8814589935355,11916.108916979283,332492.2337837838
1777186594,512,GET,next_departures,93.200000,0.000000,370,450,500,530,620,4200,6300,6800,9000,9000,9000,2983,0,230,387.1192606506997,38.032750017009676,9038.341209001373,105.40295005028494
1777186594,512,GET,point_read,115.500000,0.000000,370,450,510,540,630,5600,6300,7600,8900,8900,8900,3622,0,240,412.13522100642945,38.52541701053269,8904.467874992406,100.41192711209277
1777186594,512,GET,trips_per_route,13.200000,0.000000,400,480,570,620,890,6300,7800,8500,8900,8900,8900,393,0,260,519.4773230177816,42.30537501280196,8869.987082987791,391.36386768447835
1777186594,512,,Aggregated,259.800000,0.000000,410,530,600,710,5000,5800,6400,7900,11000,12000,12000,8100,0,270,697.9804580350891,38.032750017009676,11916.108916979283,30484.22728395062
1777186595,512,GET,bulk_update_departures,14.300000,0.000000,720,920,1000,1100,1200,5800,8000,8500,8900,8900,8900,373,0,450,682.028328431689,40.80887499731034,8911.70262498781,127.27077747989276
1777186595,512,GET,large_scan,30.500000,0.000000,4600,5000,5200,5400,5700,6100,8500,11000,12000,12000,12000,752,0,3100,3468.296478280416,700.8814589935355,12127.268250013003,332492.22340425535
1777186595,512,GET,next_departures,97.200000,0.000000,370,440,500,530,610,4800,6300,6800,9000,9000,9000,3121,0,240,397.19486205608996,38.032750017009676,9038.341209001373,105.40211470682473
1777186595,512,GET,point_read,123.800000,0.000000,370,450,500,530,620,5600,6300,7600,8900,8900,8900,3773,0,250,412.09320638621233,38.52541701053269,8904.467874992406,100.41319904585211
1777186595,512,GET,trips_per_route,15.000000,0.000000,380,470,550,590,830,6200,7800,8500,8900,8900,8900,414,0,270,523.1661093673654,42.30537501280196,8869.987082987791,391.3695652173913
1777186595,512,,Aggregated,280.800000,0.000000,410,510,580,670,4700,5700,6400,7900,12000,12000,12000,8433,0,280,696.5041052558026,38.032750017009676,12127.268250013003,29758.267520455352
1777186596,512,GET,bulk_update_departures,15.400000,0.000000,780,940,1000,1100,1200,5900,8000,8500,8900,8900,8900,381,0,460,686.8528676876374,40.80887499731034,8911.70262498781,127.26771653543307
1777186596,512,GET,large_scan,34.300000,0.000000,4600,5100,5200,5400,5700,5900,10000,12000,12000,12000,12000,757,0,3200,3467.3283914569047,700.8814589935355,12127.268250013003,332492.2245706737
1777186596,512,GET,next_departures,101.600000,0.000000,410,480,530,550,620,4800,6400,7800,9000,9000,9000,3221,0,250,408.51829636726393,38.032750017009676,9038.341209001373,105.39583980130395
1777186596,512,GET,point_read,131.000000,0.000000,410,490,530,560,630,5700,6400,7900,8900,8900,8900,3902,0,260,427.10497959049195,38.52541701053269,8904.467874992406,100.40440799589953
1777186596,512,GET,trips_per_route,16.200000,0.000000,420,510,570,590,710,6200,7800,8500,8900,8900,8900,431,0,270,523.1352796545928,42.30537501280196,8869.987082987791,391.3665893271462
1777186596,512,,Aggregated,298.500000,0.000000,440,530,580,640,4500,5700,6500,8100,12000,12000,12000,8692,0,290,701.1425337567899,38.032750017009676,12127.268250013003,29066.387482742753
1777186597,512,GET,bulk_update_departures,15.300000,0.000000,880,970,1000,1100,1200,5800,8000,8500,8900,8900,8900,394,0,480,694.9424456596979,40.80887499731034,8911.70262498781,127.26142131979695
1777186597,512,GET,large_scan,36.200000,0.000000,4700,5100,5300,5400,5700,6100,10000,12000,12000,12000,12000,766,0,3200,3483.4394618693946,700.8814589935355,12127.268250013003,332492.21801566577
1777186597,512,GET,next_departures,109.000000,0.000000,440,500,530,550,620,5500,6700,8500,9100,9400,9400,3346,0,260,425.3387145879304,38.032750017009676,9351.13220801577,105.39210998206813
1777186597,512,GET,point_read,137.100000,0.000000,440,500,540,560,630,5600,6800,8100,9100,9400,9400,4037,0,270,438.0658407290387,38.52541701053269,9371.322167018661,100.39806787218231
1777186597,512,GET,trips_per_route,16.600000,0.000000,450,510,570,590,700,6200,7800,8500,8900,8900,8900,449,0,280,521.9731839067242,42.30537501280196,8869.987082987791,391.3518930957684
1777186597,512,,Aggregated,314.200000,0.000000,460,530,580,630,4400,5700,7600,8500,12000,12000,12000,8992,0,300,708.200961853904,38.032750017009676,12127.268250013003,28433.368104982208
1777186598,512,GET,bulk_update_departures,14.600000,0.000000,780,960,1000,1100,1200,6100,8500,8900,9600,9600,9600,408,0,490,717.981121232465,40.80887499731034,9609.925333003048,127.25245098039215
1777186598,512,GET,large_scan,30.900000,0.000000,4800,5100,5300,5400,5700,6100,10000,12000,12000,12000,12000,781,0,3300,3507.6218404801225,700.8814589935355,12127.268250013003,332492.19078104995
1777186598,512,GET,next_departures,109.100000,0.000000,410,490,530,550,630,5600,8000,8800,9700,9700,9700,3456,0,270,444.4031933736554,38.032750017009676,9710.3965410206,105.390625
1777186598,512,GET,point_read,136.800000,0.000000,410,490,530,550,630,5700,7700,8400,9500,9600,9600,4161,0,270,456.1473647015303,38.52541701053269,9610.907333000796,100.39365537130497
1777186598,512,GET,trips_per_route,17.100000,0.000000,440,510,560,590,700,5700,8500,8800,8900,8900,8900,461,0,290,537.5634916619789,42.30537501280196,8869.987082987791,391.3405639913232
1777186598,512,,Aggregated,308.500000,0.000000,450,530,580,640,4700,5800,8000,8900,12000,12000,12000,9267,0,310,724.5162776903394,38.032750017009676,12127.268250013003,28131.07758713715
1777186599,512,GET,bulk_update_departures,14.500000,0.000000,750,920,1000,1100,1200,6100,8500,8900,9600,9600,9600,417,0,500,718.700589337629,40.80887499731034,9609.925333003048,127.23741007194245
1777186599,512,GET,large_scan,25.400000,0.000000,5000,5200,5300,5400,5700,5900,10000,12000,12000,12000,12000,821,0,3500,3594.154730556696,700.8814589935355,12127.268250013003,332492.18635809986
1777186599,512,GET,next_departures,110.000000,0.000000,380,460,500,520,620,5700,8200,9000,9700,9700,9700,3574,0,280,454.7188693705106,38.032750017009676,9710.3965410206,105.39227756015669
1777186599,512,GET,point_read,137.100000,0.000000,390,460,500,530,620,5700,7900,8400,9500,9600,9600,4306,0,280,460.07679435227686,38.52541701053269,9610.907333000796,100.39526242452392
1777186599,512,GET,trips_per_route,16.900000,0.000000,400,470,520,560,700,5700,8500,8800,8900,8900,8900,475,0,300,533.0497698001809,42.30537501280196,8869.987082987791,391.33894736842103
1777186599,512,,Aggregated,303.900000,0.000000,420,500,570,640,5000,5800,8100,8900,12000,12000,12000,9593,0,320,741.160610424997,38.032750017009676,12127.268250013003,28564.995621807568
1777186600,512,GET,bulk_update_departures,14.500000,0.000000,660,760,890,940,1100,1200,8500,8900,9600,9600,9600,432,0,500,710.8537211777865,40.80887499731034,9609.925333003048,127.23842592592592
1777186600,512,GET,large_scan,25.000000,0.000000,4900,5200,5300,5400,5700,5900,10000,11000,12000,12000,12000,879,0,3800,3674.28759319134,700.8814589935355,12127.268250013003,332492.1626848692
1777186600,512,GET,next_departures,108.300000,0.000000,360,420,470,490,560,5700,8300,9000,11000,11000,11000,3704,0,280,463.5303858116179,38.032750017009676,10554.199417005293,105.39308855291577
1777186600,512,GET,point_read,133.400000,0.000000,350,430,460,490,560,5800,8100,8900,11000,11000,11000,4467,0,280,473.1606702453753,38.52541701053269,10724.971666990314,100.39982090888739
1777186600,512,GET,trips_per_route,16.800000,0.000000,370,440,480,500,630,6300,8500,8800,8900,8900,8900,486,0,300,527.6797383993365,42.30537501280196,8869.987082987791,391.3497942386831
1777186600,512,,Aggregated,298.000000,0.000000,390,470,520,580,5000,5800,8200,9100,11000,12000,12000,9968,0,320,764.8239584528857,38.032750017009676,12127.268250013003,29428.635232744782
1777186601,512,GET,bulk_update_departures,13.700000,0.000000,600,710,750,790,960,1100,6700,9600,11000,11000,11000,447,0,520,732.1308917982943,40.80887499731034,11213.966167008039,127.22371364653245
1777186601,512,GET,large_scan,25.200000,0.000000,4700,5100,5200,5300,5600,5900,11000,12000,13000,13000,13000,920,0,3800,3693.570226263288,700.8814589935355,12810.158000007505,332492.1706521739
1777186601,512,GET,next_departures,107.900000,0.000000,340,390,440,470,550,5500,8400,9500,12000,12000,12000,3856,0,290,477.2864268470962,38.032750017009676,11577.451832999941,105.39081950207469
1777186601,512,GET,point_read,130.300000,0.000000,340,390,450,470,550,5700,8200,10000,12000,12000,12000,4629,0,290,493.0336852694523,38.52541701053269,11824.53179199365,100.3949017066321
1777186601,512,GET,trips_per_route,17.300000,0.000000,350,410,450,480,540,650,5600,6300,8800,8800,8800,499,0,300,522.4282268459492,42.30537501280196,8869.987082987791,391.3627254509018
1777186601,512,,Aggregated,294.400000,0.000000,360,450,510,560,4700,5700,8400,10000,12000,13000,13000,10351,0,320,783.3743786133571,38.032750017009676,12810.158000007505,29660.522751424982
1777186602,512,GET,bulk_update_departures,14.100000,0.000000,640,710,750,780,950,1100,5800,9600,11000,11000,11000,462,0,540,728.5618757421113,40.80887499731034,11213.966167008039,127.21212121212122
1777186602,512,GET,large_scan,29.200000,0.000000,4400,4800,5000,5100,5300,5800,11000,12000,13000,13000,13000,939,0,3700,3706.0163063453056,700.8814589935355,12810.158000007505,332492.1714589989
1777186602,512,GET,next_departures,111.300000,0.000000,350,400,440,470,540,630,8600,9700,12000,12000,12000,3982,0,290,481.5990129021585,38.032750017009676,12073.754499986535,105.39126067302863
1777186602,512,GET,point_read,136.000000,0.000000,350,400,440,460,540,5500,9000,11000,12000,12000,12000,4808,0,290,500.90998012715187,38.52541701053269,11939.10274998052,100.39642262895175
1777186602,512,GET,trips_per_route,16.900000,0.000000,380,410,460,480,550,670,8800,10000,12000,12000,12000,517,0,310,557.638518512812,42.30537501280196,11665.672332979739,391.3636363636364
1777186602,512,,Aggregated,307.500000,0.000000,370,450,500,550,4000,5500,9000,11000,12000,13000,13000,10708,0,320,787.350248986732,38.032750017009676,12810.158000007505,29265.374486365334
1777186603,512,GET,bulk_update_departures,13.700000,0.000000,690,760,880,930,1100,1100,11000,12000,13000,13000,13000,474,0,550,783.240598299293,40.80887499731034,12730.519042001106,127.20042194092827
1777186603,512,GET,large_scan,32.500000,0.000000,4300,4800,5100,5100,5400,7900,12000,12000,13000,13000,13000,950,0,3700,3716.2171526234497,700.8814589935355,12810.158000007505,332492.1757894737
1777186603,512,GET,next_departures,119.700000,0.000000,370,440,480,500,560,650,9100,11000,12000,12000,12000,4089,0,300,494.56945755077254,38.032750017009676,12073.754499986535,105.38860357055515
1777186603,512,GET,point_read,144.200000,0.000000,370,440,470,500,560,640,9400,11000,12000,12000,12000,4939,0,300,507.4833896212626,38.52541701053269,11939.10274998052,100.39218465276372
1777186603,512,GET,trips_per_route,16.500000,0.000000,410,460,500,510,580,650,8800,10000,12000,12000,12000,535,0,320,556.5264687459442,42.30537501280196,11665.672332979739,391.3588785046729
1777186603,512,,Aggregated,326.600000,0.000000,400,480,530,560,3600,5300,9600,11000,12000,13000,13000,10987,0,330,794.407843144599,38.032750017009676,12810.158000007505,28858.105761354327
1777186604,512,GET,bulk_update_departures,13.800000,0.000000,740,860,950,1000,1100,9600,12000,12000,13000,13000,13000,486,0,570,832.3070922692918,40.80887499731034,12730.519042001106,127.20781893004116
1777186604,512,GET,large_scan,34.900000,0.000000,4500,4900,5100,5100,5300,5600,11000,12000,13000,13000,13000,964,0,3800,3727.1363787098553,700.8814589935355,12810.158000007505,332492.1732365145
1777186604,512,GET,next_departures,123.100000,0.000000,400,470,500,520,590,670,9500,11000,12000,12000,12000,4169,0,300,503.1089828702247,38.032750017009676,12073.754499986535,105.38210602062844
1777186604,512,GET,point_read,151.200000,0.000000,400,470,500,530,590,660,10000,11000,12000,12000,12000,5055,0,310,520.561247593877,38.52541701053269,11939.10274998052,100.38733926805143
1777186604,512,GET,trips_per_route,16.200000,0.000000,420,480,510,540,630,670,10000,11000,12000,12000,12000,550,0,330,574.2995817202609,42.30537501280196,11665.672332979739,391.34363636363634
1777186604,512,,Aggregated,339.200000,0.000000,430,500,550,580,3500,5300,10000,11000,13000,13000,13000,11224,0,340,805.6151053134616,38.032750017009676,12810.158000007505,28665.922398431932
1777186605,512,GET,bulk_update_departures,12.600000,0.000000,760,920,970,1000,1100,9600,12000,12000,13000,13000,13000,500,0,580,856.2569223538158,40.80887499731034,12730.519042001106,127.204
1777186605,512,GET,large_scan,30.300000,0.000000,4600,5000,5100,5200,5400,5800,12000,13000,14000,14000,14000,976,0,3800,3762.2697044418387,700.8814589935355,13699.544959003106,332492.16598360654
1777186605,512,GET,next_departures,122.600000,0.000000,410,480,510,530,600,670,10000,11000,12000,12000,12000,4272,0,310,514.9325906095532,38.032750017009676,12073.754499986535,105.3813202247191
1777186605,512,GET,point_read,148.400000,0.000000,420,480,520,540,610,6800,11000,11000,12000,12000,12000,5198,0,310,541.8123726279176,38.52541701053269,11939.10274998052,100.38476337052712
1777186605,512,GET,trips_per_route,15.700000,0.000000,440,500,540,560,630,670,11000,11000,12000,12000,12000,565,0,340,592.0763099312152,42.30537501280196,11665.672332979739,391.329203539823
1777186605,512,,Aggregated,329.600000,0.000000,440,510,560,600,3800,5500,11000,11000,13000,14000,14000,11511,0,340,821.0198547326191,38.032750017009676,13699.544959003106,28300.672921553298
1777186606,512,GET,bulk_update_departures,12.000000,0.000000,750,890,960,1000,1100,9600,12000,12000,13000,13000,13000,508,0,580,855.8077061395633,40.80887499731034,12730.519042001106,127.2007874015748
1777186606,512,GET,large_scan,26.900000,0.000000,4700,5100,5200,5300,5400,5800,12000,13000,14000,14000,14000,1000,0,3900,3800.5800943281474,700.8814589935355,13699.544959003106,332492.158
1777186606,512,GET,next_departures,121.200000,0.000000,390,450,490,520,600,8000,11000,11000,12000,12000,12000,4365,0,310,535.2063022721479,38.032750017009676,12073.754499986535,105.37754868270332
1777186606,512,GET,point_read,145.000000,0.000000,390,460,500,520,600,730,11000,11000,12000,12000,12000,5331,0,320,549.3666264610779,38.52541701053269,11939.10274998052,100.38304258112925
1777186606,512,GET,trips_per_route,14.800000,0.000000,420,480,510,540,630,720,11000,11000,12000,12000,12000,576,0,340,588.475918448138,42.30537501280196,11665.672332979739,391.33159722222223
1777186606,512,,Aggregated,319.900000,0.000000,420,500,550,600,4300,5900,11000,11000,13000,14000,14000,11780,0,350,835.241216736423,38.032750017009676,13699.544959003106,28334.235823429543
1777186607,512,GET,bulk_update_departures,12.500000,0.000000,800,910,960,990,1100,1200,12000,12000,13000,13000,13000,525,0,610,857.2260781979033,40.80887499731034,12730.519042001106,127.19047619047619
1777186607,512,GET,large_scan,21.700000,0.000000,5000,5200,5300,5400,5700,6100,13000,14000,18000,18000,18000,1029,0,4000,3875.4587408426537,700.8814589935355,17595.381749997614,332492.1341107872
1777186607,512,GET,next_departures,117.800000,0.000000,400,460,500,520,600,770,11000,11000,12000,12000,12000,4446,0,320,536.2941494507161,38.032750017009676,12073.754499986535,105.37606837606837
1777186607,512,GET,point_read,143.400000,0.000000,400,470,510,530,600,670,11000,11000,12000,12000,12000,5454,0,320,554.9004147873369,38.52541701053269,11939.10274998052,100.38045471213788
1777186607,512,GET,trips_per_route,15.600000,0.000000,430,490,530,540,610,640,11000,11000,12000,12000,12000,588,0,350,586.5183707196871,42.30537501280196,11665.672332979739,391.3350340136054
1777186607,512,,Aggregated,311.000000,0.000000,430,510,560,610,4400,5800,11000,11000,14000,18000,18000,12042,0,350,846.5000986606987,38.032750017009676,17595.381749997614,28520.782511210764
1777186608,512,GET,bulk_update_departures,13.100000,0.000000,800,910,960,990,1100,10000,12000,12000,13000,13000,13000,538,0,610,872.0131792377687,40.80887499731034,12730.519042001106,127.18773234200744
1777186608,512,GET,large_scan,23.300000,0.000000,5100,5300,5500,5600,5800,6200,14000,17000,18000,18000,18000,1074,0,4100,3974.84733383242,700.8814589935355,17595.381749997614,332492.12290502794
1777186608,512,GET,next_departures,115.700000,0.000000,390,460,500,520,600,8200,11000,11000,12000,12000,12000,4603,0,320,556.9364326432797,38.032750017009676,12073.754499986535,105.3762763415164
1777186608,512,GET,point_read,144.100000,0.000000,390,470,510,530,600,730,11000,11000,12000,12000,12000,5597,0,320,562.8652778871025,38.52541701053269,11939.10274998052,100.38270502054672
1777186608,512,GET,trips_per_route,14.600000,0.000000,430,500,540,550,630,720,11000,11000,12000,12000,12000,602,0,350,613.2029769239225,42.30537501280196,11665.672332979739,391.3405315614618
1777186608,512,,Aggregated,310.800000,0.000000,430,510,560,620,4900,8000,11000,11000,17000,18000,18000,12414,0,350,871.6942708929618,38.032750017009676,17595.381749997614,28874.451667472207
1777186609,512,GET,bulk_update_departures,12.900000,0.000000,750,900,940,980,1100,10000,12000,12000,13000,13000,13000,562,0,620,862.0411356246336,40.80887499731034,12730.519042001106,127.1797153024911
1777186609,512,GET,large_scan,25.300000,0.000000,5000,5400,5500,5600,5800,11000,15000,17000,18000,18000,18000,1119,0,4300,4031.485270023256,700.8814589935355,17595.381749997614,332492.1197497766
1777186609,512,GET,next_departures,112.700000,0.000000,400,450,500,520,590,740,11000,11000,12000,12000,12000,4743,0,320,560.676291761575,38.032750017009676,12073.754499986535,105.37381404174573
1777186609,512,GET,point_read,144.800000,0.000000,400,470,510,530,610,8900,11000,11000,12000,12000,12000,5725,0,320,568.9042792213199,38.52541701053269,11939.10274998052,100.37886462882096
1777186609,512,GET,trips_per_route,14.800000,0.000000,430,500,540,550,630,9200,11000,11000,12000,12000,12000,619,0,350,634.3872269519803,42.30537501280196,11665.672332979739,391.34571890145395
1777186609,512,,Aggregated,310.500000,0.000000,430,510,570,620,4700,8800,11000,11000,16000,18000,18000,12768,0,360,885.3892135986446,38.032750017009676,17595.381749997614,29248.65734649123
1777186610,512,GET,bulk_update_departures,13.000000,0.000000,780,910,960,990,1100,10000,12000,12000,13000,13000,13000,574,0,620,886.8283386551532,40.80887499731034,12730.519042001106,127.16550522648083
1777186610,512,GET,large_scan,27.200000,0.000000,5000,5400,5500,5600,5900,12000,15000,17000,18000,18000,18000,1153,0,4300,4048.914589110197,700.8814589935355,17595.381749997614,332492.1222896791
1777186610,512,GET,next_departures,114.200000,0.000000,400,460,500,520,600,8400,10000,11000,12000,12000,12000,4892,0,320,571.8323152512397,38.032750017009676,12073.754499986535,105.37203597710548
1777186610,512,GET,point_read,144.300000,0.000000,400,470,510,530,610,8300,11000,11000,12000,12000,12000,5903,0,320,578.4106210396411,38.52541701053269,11939.10274998052,100.38234795866508
1777186610,512,GET,trips_per_route,14.200000,0.000000,430,500,530,550,630,8800,11000,11000,12000,12000,12000,637,0,350,625.9219991919066,42.30537501280196,11665.672332979739,391.3359497645212
1777186610,512,,Aggregated,312.900000,0.000000,430,510,570,620,4600,8500,11000,11000,17000,18000,18000,13159,0,350,895.8060554239205,38.032750017009676,17595.381749997614,29241.86701117106
1777186611,512,GET,bulk_update_departures,13.700000,0.000000,780,910,960,1000,1100,9300,12000,12000,13000,13000,13000,597,0,620,912.5943735596401,40.80887499731034,12730.519042001106,127.16750418760469
1777186611,512,GET,large_scan,30.500000,0.000000,5000,5400,5500,5600,5900,12000,15000,17000,18000,18000,18000,1197,0,4300,4069.2376324118395,700.8814589935355,17595.381749997614,332492.1336675021
1777186611,512,GET,next_departures,115.800000,0.000000,400,450,500,520,600,8000,10000,11000,11000,12000,12000,5050,0,320,576.7418750913341,38.032750017009676,12073.754499986535,105.37524752475248
1777186611,512,GET,point_read,143.200000,0.000000,400,470,510,530,600,7500,10000,11000,12000,12000,12000,6115,0,320,581.68380143074,38.52541701053269,11939.10274998052,100.38822567457073
1777186611,512,GET,trips_per_route,13.800000,0.000000,410,480,520,540,620,720,10000,11000,11000,11000,11000,662,0,340,614.5905002299995,42.30537501280196,11665.672332979739,391.3489425981873
1777186611,512,,Aggregated,317.000000,0.000000,430,510,560,620,4700,8000,10000,11000,16000,18000,18000,13621,0,350,902.4372742914985,38.032750017009676,17595.381749997614,29327.809632185596
1777186612,512,GET,bulk_update_departures,14.500000,0.000000,780,900,950,980,1100,8300,11000,12000,13000,13000,13000,612,0,620,908.573800542512,40.80887499731034,12730.519042001106,127.15032679738562
1777186612,512,GET,large_scan,29.100000,0.000000,4900,5300,5500,5600,5800,12000,15000,17000,18000,18000,18000,1223,0,4200,4073.2612106819147,700.8814589935355,17595.381749997614,332492.1365494685
1777186612,512,GET,next_departures,119.400000,0.000000,410,460,500,530,610,7400,10000,11000,11000,11000,11000,5171,0,330,587.304141632234,38.032750017009676,12073.754499986535,105.37168826145813
1777186612,512,GET,point_read,145.300000,0.000000,410,470,510,530,610,730,10000,11000,11000,11000,11000,6258,0,330,581.2011907033984,38.52541701053269,11939.10274998052,100.38366890380313
1777186612,512,GET,trips_per_route,14.600000,0.000000,420,490,530,550,620,720,9700,11000,11000,11000,11000,679,0,350,621.1806660873297,42.30537501280196,11665.672332979739,391.35051546391753
1777186612,512,,Aggregated,322.900000,0.000000,430,520,580,630,4600,7300,10000,11000,16000,18000,18000,13943,0,360,906.0843481798325,38.032750017009676,17595.381749997614,29273.076382414114
1777186613,512,GET,bulk_update_departures,15.100000,0.000000,780,900,950,990,1100,8000,10000,11000,12000,12000,12000,625,0,630,922.7884912240785,40.80887499731034,12730.519042001106,127.1504
1777186613,512,GET,large_scan,28.000000,0.000000,4900,5300,5500,5600,5900,12000,15000,17000,18000,18000,18000,1241,0,4200,4077.2817029943367,700.8814589935355,17595.381749997614,332492.1353746978
1777186613,512,GET,next_departures,118.300000,0.000000,410,460,510,530,620,7300,10000,10000,11000,11000,11000,5261,0,330,592.5663093454563,38.032750017009676,12073.754499986535,105.36513970727998
1777186613,512,GET,point_read,145.300000,0.000000,410,480,520,550,610,700,9800,11000,11000,11000,11000,6408,0,330,584.5100494765932,38.52541701053269,11939.10274998052,100.37421972534332
1777186613,512,GET,trips_per_route,15.900000,0.000000,420,490,530,550,630,7200,10000,11000,11000,11000,11000,689,0,350,630.8646874387575,42.30537501280196,11665.672332979739,391.3468795355588
1777186613,512,,Aggregated,322.600000,0.000000,440,520,580,630,4600,7300,10000,11000,16000,18000,18000,14224,0,360,909.3326012787355,38.032750017009676,17595.381749997614,29117.644192913387
1777186614,512,GET,bulk_update_departures,14.800000,0.000000,760,900,960,1000,1100,7900,9300,10000,11000,11000,11000,635,0,630,936.8938809937218,40.80887499731034,12730.519042001106,127.16062992125984
1777186614,512,GET,large_scan,28.400000,0.000000,4800,5300,5500,5600,5900,12000,15000,17000,18000,18000,18000,1250,0,4200,4078.7563300983725,700.8814589935355,17595.381749997614,332492.1376
1777186614,512,GET,next_departures,118.100000,0.000000,410,480,530,560,660,7300,9700,10000,11000,11000,11000,5364,0,340,600.0024843639909,38.032750017009676,12073.754499986535,105.3579418344519
1777186614,512,GET,point_read,144.300000,0.000000,410,490,540,560,620,760,9000,10000,11000,11000,11000,6523,0,340,592.7140268471418,38.52541701053269,11939.10274998052,100.3686953855588
1777186614,512,GET,trips_per_route,16.100000,0.000000,410,490,540,550,640,7000,9200,9700,10000,10000,10000,701,0,360,639.5197935383212,42.30537501280196,11665.672332979739,391.3437945791726
1777186614,512,,Aggregated,321.700000,0.000000,440,540,600,650,4500,7100,9700,10000,16000,18000,18000,14473,0,370,913.8646670059182,38.032750017009676,17595.381749997614,28825.405651903544
1777186615,512,GET,bulk_update_departures,15.300000,0.000000,780,910,990,1000,1200,7800,9100,9300,10000,10000,10000,655,0,640,938.123255748149,40.80887499731034,12730.519042001106,127.16946564885497
1777186615,512,GET,large_scan,29.400000,0.000000,4700,5300,5500,5600,5900,12000,15000,17000,18000,18000,18000,1263,0,4200,4095.207924350739,700.8814589935355,17595.381749997614,332492.1322248614
1777186615,512,GET,next_departures,118.300000,0.000000,420,500,550,590,660,7100,9100,10000,10000,10000,10000,5504,0,340,601.5999372973247,38.032750017009676,12073.754499986535,105.35374273255815
1777186615,512,GET,point_read,146.200000,0.000000,410,510,550,580,630,740,8500,9100,10000,11000,11000,6688,0,340,596.2752793549689,38.52541701053269,11939.10274998052,100.36408492822966
1777186615,512,GET,trips_per_route,15.700000,0.000000,410,520,550,600,650,7200,8800,9700,10000,10000,10000,727,0,360,652.7621456636648,42.30537501280196,11665.672332979739,391.3397524071527
1777186615,512,,Aggregated,324.900000,0.000000,450,560,620,650,4300,7000,9000,10000,16000,18000,18000,14837,0,370,913.9564294721292,38.032750017009676,17595.381749997614,28412.513648311655
1777186616,512,GET,bulk_update_departures,15.200000,0.000000,720,880,990,1000,1200,7800,9100,9300,10000,10000,10000,665,0,640,933.815774145839,40.80887499731034,12730.519042001106,127.16842105263157
1777186616,512,GET,large_scan,28.900000,0.000000,4700,5200,5500,5600,5800,12000,15000,16000,18000,18000,18000,1282,0,4300,4118.171648592887,700.8814589935355,17595.381749997614,332492.1209048362
1777186616,512,GET,next_departures,117.800000,0.000000,410,480,550,580,660,7000,8400,9300,10000,10000,10000,5629,0,340,605.8520962742066,38.032750017009676,12073.754499986535,105.3526381240007
1777186616,512,GET,point_read,147.200000,0.000000,410,490,540,570,640,780,8300,9000,10000,10000,10000,6845,0,340,599.7389634816715,38.52541701053269,11939.10274998052,100.36376917457999
1777186616,512,GET,trips_per_route,15.500000,0.000000,400,510,550,600,650,7000,8800,9700,10000,10000,10000,747,0,360,654.0309203754508,42.30537501280196,11665.672332979739,391.34270414993307
1777186616,512,,Aggregated,324.600000,0.000000,430,550,610,650,4300,6700,8600,10000,16000,18000,18000,15168,0,370,916.7061772008876,38.032750017009676,17595.381749997614,28211.48595727848
1777186617,512,GET,bulk_update_departures,14.300000,0.000000,670,830,930,1000,1200,6800,8200,9100,9300,9300,9300,689,0,640,932.8599627692718,40.80887499731034,12730.519042001106,127.15965166908563
1777186617,512,GET,large_scan,28.400000,0.000000,4700,5200,5500,5600,5700,12000,14000,15000,16000,16000,16000,1321,0,4300,4178.547729053841,700.8814589935355,17595.381749997614,332492.11052233155
1777186617,512,GET,next_departures,118.700000,0.000000,390,460,540,580,660,6600,7500,8500,9300,9700,9700,5738,0,340,605.5468852262916,38.032750017009676,12073.754499986535,105.35517601951899
1777186617,512,GET,point_read,145.000000,0.000000,400,460,540,570,630,800,7600,8600,9200,9700,9700,7002,0,340,604.2675216654122,38.52541701053269,11939.10274998052,100.36632390745501
1777186617,512,GET,trips_per_route,14.300000,0.000000,390,460,550,580,650,6900,7300,9200,9700,9700,9700,763,0,370,664.7923088944618,42.30537501280196,11665.672332979739,391.34207077326346
1777186617,512,,Aggregated,320.700000,0.000000,420,540,610,650,4300,6600,8200,9000,15000,16000,16000,15513,0,370,926.677484061387,38.032750017009676,17595.381749997614,28422.328240830273
1777186618,512,GET,bulk_update_departures,15.400000,0.000000,670,820,930,1000,1200,6800,8200,9100,9300,9300,9300,706,0,630,924.6124758825554,40.80887499731034,12730.519042001106,127.15580736543909
1777186618,512,GET,large_scan,28.400000,0.000000,4600,5200,5500,5600,5700,12000,13000,15000,16000,16000,16000,1389,0,4400,4235.316612220399,700.8814589935355,17595.381749997614,332492.1094312455
1777186618,512,GET,next_departures,122.100000,0.000000,390,460,550,590,660,6600,7400,8400,9300,9300,9300,5860,0,340,609.4937862507182,38.032750017009676,12073.754499986535,105.35767918088737
1777186618,512,GET,point_read,147.500000,0.000000,390,460,540,570,630,6200,7500,8300,9000,9200,9200,7171,0,340,606.5783221052885,38.52541701053269,11939.10274998052,100.36954399665319
1777186618,512,GET,trips_per_route,16.800000,0.000000,390,440,540,580,650,6600,7300,7300,8800,8800,8800,777,0,360,659.0415520444146,42.30537501280196,11665.672332979739,391.34362934362935
1777186618,512,,Aggregated,330.200000,0.000000,420,550,610,650,4300,6600,7700,8600,14000,16000,16000,15903,0,370,941.2760613426374,38.032750017009676,17595.381749997614,29149.37634408602
1777186619,512,GET,bulk_update_departures,15.700000,0.000000,680,860,990,1000,1200,1300,8000,8200,8300,8300,8300,717,0,640,930.2901043933722,40.80887499731034,12730.519042001106,127.1534170153417
1777186619,512,GET,large_scan,28.600000,0.000000,4700,5200,5500,5600,5800,11000,13000,13000,15000,15000,15000,1422,0,4300,4247.053692044285,700.8814589935355,17595.381749997614,332492.1111111111
1777186619,512,GET,next_departures,125.100000,0.000000,410,490,550,590,660,6500,7200,7500,8300,8400,8400,5991,0,350,610.6371602073075,38.032750017009676,12073.754499986535,105.35670171924554
1777186619,512,GET,point_read,148.800000,0.000000,410,480,540,570,630,780,7100,7600,8400,8500,8500,7318,0,350,607.3070123577317,38.52541701053269,11939.10274998052,100.36922656463514
1777186619,512,GET,trips_per_route,16.800000,0.000000,410,510,550,580,650,800,7200,7300,7300,7300,7300,797,0,370,654.4362251975687,42.30537501280196,11665.672332979739,391.3425345043915
1777186619,512,,Aggregated,335.000000,0.000000,440,550,610,650,4200,6300,7300,8200,13000,15000,15000,16245,0,380,943.706615552806,38.032750017009676,17595.381749997614,29213.453062480763
1777186620,512,GET,bulk_update_departures,15.900000,0.000000,830,950,1000,1100,1200,6800,7900,8000,8200,8200,8200,738,0,650,947.9053027507172,40.80887499731034,12730.519042001106,127.15176151761517
1777186620,512,GET,large_scan,29.600000,0.000000,4800,5200,5600,5600,5900,11000,13000,13000,15000,15000,15000,1436,0,4300,4254.6116205055005,700.8814589935355,17595.381749997614,332492.1086350975
1777186620,512,GET,next_departures,126.600000,0.000000,450,520,560,590,660,6300,7000,7300,7600,7800,7800,6128,0,350,611.1533303159969,38.032750017009676,12073.754499986535,105.35231723237598
1777186620,512,GET,point_read,156.200000,0.000000,440,520,560,580,630,750,6800,7200,7600,7900,7900,7471,0,350,611.5736981559078,38.52541701053269,11939.10274998052,100.36755454423772
1777186620,512,GET,trips_per_route,17.400000,0.000000,450,540,570,600,650,6600,7200,7300,7300,7300,7300,810,0,370,652.4572385597563,42.30537501280196,11665.672332979739,391.33827160493826
1777186620,512,,Aggregated,345.700000,0.000000,480,560,620,650,4000,6300,7100,7500,13000,15000,15000,16583,0,380,943.8510203707725,38.032750017009676,17595.381749997614,28900.97901465356
1777186621,512,GET,bulk_update_departures,16.500000,0.000000,890,1000,1100,1100,1200,5900,6900,7900,8000,8000,8000,756,0,650,964.3307964801563,40.80887499731034,12730.519042001106,127.1574074074074
1777186621,512,GET,large_scan,30.200000,0.000000,5000,5400,5600,5700,6100,11000,13000,13000,13000,13000,13000,1450,0,4300,4267.67178336407,700.8814589935355,17595.381749997614,332492.11379310343
1777186621,512,GET,next_departures,125.800000,0.000000,480,540,580,620,660,780,6700,7100,7500,7600,7600,6266,0,360,616.7396761301118,38.032750017009676,12073.754499986535,105.34711139482924
1777186621,512,GET,point_read,158.600000,0.000000,470,540,580,600,640,760,6700,7000,7600,7600,7600,7640,0,350,613.1837078862284,38.52541701053269,11939.10274998052,100.36256544502618
1777186621,512,GET,trips_per_route,17.600000,0.000000,510,550,580,610,650,800,7200,7300,7300,7300,7300,829,0,380,650.0604549461899,42.30537501280196,11665.672332979739,391.33896260554883
1777186621,512,,Aggregated,348.700000,0.000000,510,580,620,650,4000,5800,7000,7400,13000,13000,13000,16941,0,390,944.7655170326038,38.032750017009676,17595.381749997614,28567.439407354937
1777186622,512,GET,bulk_update_departures,15.800000,0.000000,890,1000,1100,1100,1200,1300,6900,7000,7900,7900,7900,765,0,650,963.685502524159,40.80887499731034,12730.519042001106,127.15424836601308
1777186622,512,GET,large_scan,29.600000,0.000000,5000,5400,5600,5700,6100,11000,13000,13000,13000,13000,13000,1459,0,4300,4275.625270192554,700.8814589935355,17595.381749997614,332492.11309115833
1777186622,512,GET,next_departures,123.300000,0.000000,480,540,590,620,670,780,6600,7000,7200,7500,7500,6377,0,360,622.1254932518813,38.032750017009676,12073.754499986535,105.34342167163243
1777186622,512,GET,point_read,156.500000,0.000000,470,540,580,600,650,5500,6700,7000,7600,7600,7600,7764,0,360,619.8972690674751,38.52541701053269,11939.10274998052,100.35832045337455
1777186622,512,GET,trips_per_route,17.200000,0.000000,510,550,580,610,650,800,6900,7300,7300,7300,7300,840,0,380,654.5862358456361,42.30537501280196,11665.672332979739,391.33690476190475
1777186622,512,,Aggregated,342.400000,0.000000,500,580,630,650,4200,5700,6800,7100,13000,13000,13000,17205,0,390,947.7120479081295,38.032750017009676,17595.381749997614,28304.733856437084
1777186623,512,GET,bulk_update_departures,14.900000,0.000000,890,980,1000,1000,1100,1300,6900,7000,7900,7900,7900,782,0,660,963.8631236290618,40.80887499731034,12730.519042001106,127.15089514066496
1777186623,512,GET,large_scan,27.000000,0.000000,5200,5600,5700,5700,6300,11000,13000,13000,13000,13000,13000,1478,0,4400,4305.604232635247,700.8814589935355,17595.381749997614,332492.1150202977
1777186623,512,GET,next_departures,120.000000,0.000000,470,520,560,590,650,810,6600,7000,7100,7200,7200,6469,0,360,622.9665008004679,38.032750017009676,12073.754499986535,105.3408563920235
1777186623,512,GET,point_read,152.200000,0.000000,460,520,560,580,630,5500,6700,6800,7200,7200,7200,7904,0,360,622.595009256332,38.52541701053269,11939.10274998052,100.35703441295547
1777186623,512,GET,trips_per_route,16.500000,0.000000,500,540,570,590,640,800,6900,7300,7300,7300,7300,853,0,380,652.7727861306084,42.30537501280196,11665.672332979739,391.3305978898007
1777186623,512,,Aggregated,330.600000,0.000000,490,560,610,640,4500,5700,6800,7100,13000,13000,13000,17486,0,390,950.7720720532129,38.032750017009676,17595.381749997614,28212.927770788057
1777186624,512,GET,bulk_update_departures,15.700000,0.000000,890,970,1000,1000,1100,1200,6800,6900,7000,7000,7000,793,0,670,963.3187225357789,40.80887499731034,12730.519042001106,127.1374527112232
1777186624,512,GET,large_scan,24.000000,0.000000,5300,5600,5700,5900,6500,11000,13000,13000,13000,13000,13000,1503,0,4400,4343.241933469,700.8814589935355,17595.381749997614,332492.1004657352
1777186624,512,GET,next_departures,121.200000,0.000000,460,510,540,560,630,5200,6500,6700,7100,7200,7200,6557,0,370,625.4616064156238,38.032750017009676,12073.754499986535,105.33978953789843
1777186624,512,GET,point_read,151.000000,0.000000,460,510,550,570,620,5500,6600,6700,7200,7200,7200,8038,0,370,625.5231229098172,38.52541701053269,11939.10274998052,100.35593431201791
1777186624,512,GET,trips_per_route,16.400000,0.000000,490,540,570,580,630,800,6800,7300,7300,7300,7300,865,0,390,663.031958316041,42.30537501280196,11665.672332979739,391.3132947976879
1777186624,512,,Aggregated,328.300000,0.000000,480,550,590,630,5000,5900,6700,7100,13000,13000,13000,17756,0,400,957.1093507622481,38.032750017009676,17595.381749997614,28253.678024329805
1777186625,512,GET,bulk_update_departures,15.200000,0.000000,900,970,1000,1000,1100,5900,6800,6900,7000,7000,7000,815,0,680,976.3367948551203,40.80887499731034,12730.519042001106,127.13987730061349
1777186625,512,GET,large_scan,22.700000,0.000000,5600,5700,6000,6300,6900,12000,13000,13000,13000,13000,13000,1529,0,4500,4385.848350613425,700.8814589935355,17595.381749997614,332492.09810333553
1777186625,512,GET,next_departures,121.000000,0.000000,470,520,540,560,620,750,6200,6500,7000,7000,7000,6661,0,370,627.7917113382443,38.032750017009676,12073.754499986535,105.3377871190512
1777186625,512,GET,point_read,149.100000,0.000000,470,520,550,570,620,5600,6400,6600,7000,7000,7000,8174,0,370,632.5184212322358,38.52541701053269,11939.10274998052,100.3535600685099
1777186625,512,GET,trips_per_route,15.900000,0.000000,520,550,570,590,630,740,6600,6800,6900,6900,6900,881,0,390,666.9152026382425,42.30537501280196,11665.672332979739,391.3098751418842
1777186625,512,,Aggregated,323.900000,0.000000,500,550,600,630,5100,6000,6600,6900,13000,13000,13000,18060,0,400,965.7339465003005,38.032750017009676,17595.381749997614,28258.622702104098
1777186626,512,GET,bulk_update_departures,15.600000,0.000000,900,970,1000,1000,1100,5700,6800,6900,7000,7000,7000,836,0,680,977.0294063179473,40.80887499731034,12730.519042001106,127.13157894736842
1777186626,512,GET,large_scan,23.700000,0.000000,5700,6000,6200,6300,6800,11000,12000,13000,13000,13000,13000,1569,0,4600,4439.216817904925,700.8814589935355,17595.381749997614,332492.0924155513
1777186626,512,GET,next_departures,120.700000,0.000000,470,520,550,570,630,5000,6100,6500,6800,7000,7000,6815,0,370,628.0345171763736,38.032750017009676,12073.754499986535,105.34027879677183
1777186626,512,GET,point_read,148.600000,0.000000,480,530,560,580,630,5600,6300,6600,6900,7000,7000,8355,0,370,636.4663324086437,38.52541701053269,11939.10274998052,100.35535607420707
1777186626,512,GET,trips_per_route,16.300000,0.000000,520,550,580,590,630,670,5700,5700,6600,6600,6600,894,0,390,663.1698984242504,42.30537501280196,11665.672332979739,391.30536912751677
1777186626,512,,Aggregated,324.900000,0.000000,500,560,600,640,5300,6100,6600,6900,13000,13000,13000,18469,0,400,973.1189074664068,38.032750017009676,17595.381749997614,28355.22036926742
1777186627,512,GET,bulk_update_departures,16.900000,0.000000,940,990,1000,1000,1100,5700,6800,6900,7000,7000,7000,845,0,680,976.4536466139517,40.80887499731034,12730.519042001106,127.12662721893491
1777186627,512,GET,large_scan,25.500000,0.000000,5700,6000,6300,6300,6900,11000,12000,12000,13000,13000,13000,1605,0,4600,4474.76697500243,700.8814589935355,17595.381749997614,332492.08411214955
1777186627,512,GET,next_departures,119.700000,0.000000,480,530,550,570,630,720,5900,6300,6600,6600,6600,6924,0,370,626.2863416400817,38.032750017009676,12073.754499986535,105.34026574234547
1777186627,512,GET,point_read,153.500000,0.000000,500,540,570,580,630,5400,6100,6300,6600,6600,6600,8476,0,370,639.3676549408091,38.52541701053269,11939.10274998052,100.35335063709297
1777186627,512,GET,trips_per_route,16.600000,0.000000,530,560,580,600,640,680,5700,5700,5700,5700,5700,905,0,390,666.1794340035696,42.30537501280196,11665.672332979739,391.3049723756906
1777186627,512,,Aggregated,332.200000,0.000000,510,560,610,650,5100,6000,6500,6800,12000,13000,13000,18755,0,410,979.241993432957,38.032750017009676,17595.381749997614,28562.586990135962
1777186628,512,GET,bulk_update_departures,15.800000,0.000000,970,1000,1100,1100,1200,5700,6900,6900,7000,7000,7000,860,0,690,978.5794700299956,40.80887499731034,12730.519042001106,127.13604651162791
1777186628,512,GET,large_scan,27.600000,0.000000,5800,6100,6300,6400,10000,11000,12000,12000,13000,13000,13000,1633,0,4700,4495.594472369853,700.8814589935355,17595.381749997614,332492.080832823
1777186628,512,GET,next_departures,116.700000,0.000000,500,540,560,580,640,720,5700,6000,6500,6500,6500,7055,0,380,628.1018441261513,38.032750017009676,12073.754499986535,105.33408929836995
1777186628,512,GET,point_read,150.600000,0.000000,510,550,570,590,640,5300,6000,6200,6600,6600,6600,8621,0,380,640.1639255036933,38.52541701053269,11939.10274998052,100.3505393805823
1777186628,512,GET,trips_per_route,15.000000,0.000000,540,570,590,600,640,670,5700,5700,5700,5700,5700,927,0,400,662.6802672839062,42.30537501280196,11665.672332979739,391.30204962243795
1777186628,512,,Aggregated,325.700000,0.000000,530,570,620,650,5200,5900,6400,6700,12000,13000,13000,19096,0,410,981.7396542446191,38.032750017009676,17595.381749997614,28542.097612065354
1777186629,512,GET,bulk_update_departures,16.400000,0.000000,960,1000,1000,1100,1200,5900,6500,6900,7000,7000,7000,885,0,710,993.9753213917407,40.80887499731034,12730.519042001106,127.13220338983051
1777186629,512,GET,large_scan,28.900000,0.000000,5800,6100,6300,6300,6700,11000,12000,12000,13000,13000,13000,1661,0,4700,4521.991609349739,700.8814589935355,17595.381749997614,332492.0818783865
1777186629,512,GET,next_departures,118.800000,0.000000,500,550,570,590,650,4700,5600,5900,6400,6500,6500,7170,0,380,632.0009117765643,38.032750017009676,12073.754499986535,105.33165969316597
1777186629,512,GET,point_read,148.700000,0.000000,510,550,570,590,650,5300,5800,6100,6600,6600,6600,8766,0,380,643.5198897798377,38.52541701053269,11939.10274998052,100.34873374401096
1777186629,512,GET,trips_per_route,14.600000,0.000000,540,570,590,600,640,680,5700,5700,5700,5700,5700,938,0,400,661.0310425758977,42.30537501280196,11665.672332979739,391.30170575692966
1777186629,512,,Aggregated,327.400000,0.000000,530,570,620,660,5400,5900,6300,6600,12000,13000,13000,19420,0,410,987.8107740342816,38.032750017009676,17595.381749997614,28547.05386199794
1777186630,512,GET,bulk_update_departures,15.500000,0.000000,940,990,1000,1000,1100,1200,6100,6500,6900,6900,6900,905,0,700,986.8514907631884,40.80887499731034,12730.519042001106,127.13038674033149
1777186630,512,GET,large_scan,27.400000,0.000000,5800,6000,6200,6300,6500,11000,12000,12000,13000,13000,13000,1701,0,4800,4545.971919191002,700.8814589935355,17595.381749997614,332492.0728982951
1777186630,512,GET,next_departures,117.000000,0.000000,480,530,550,570,630,4200,5600,5800,6000,6100,6100,7319,0,380,631.1380010893583,38.032750017009676,12073.754499986535,105.33624812132805
1777186630,512,GET,point_read,142.200000,0.000000,490,540,560,580,640,5000,5800,6000,6300,6300,6300,8959,0,380,643.1166829148195,38.52541701053269,11939.10274998052,100.35048554526175
1777186630,512,GET,trips_per_route,14.000000,0.000000,520,560,590,600,650,740,5700,5700,5700,5700,5700,953,0,400,660.1720578176461,42.30537501280196,11665.672332979739,391.3074501573977
1777186630,512,,Aggregated,316.100000,0.000000,510,560,610,660,5400,5800,6300,6500,12000,13000,13000,19837,0,410,989.8635981747059,38.032750017009676,17595.381749997614,28619.59878005747
1777186631,512,GET,bulk_update_departures,15.600000,0.000000,900,950,990,1000,1100,1200,6100,6500,6500,6500,6500,934,0,690,979.9968089943075,40.80887499731034,12730.519042001106,127.11777301927195
1777186631,512,GET,large_scan,23.800000,0.000000,5700,6000,6200,6300,6500,11000,12000,12000,13000,13000,13000,1729,0,4800,4554.048916355671,700.8814589935355,17595.381749997614,332492.06766917295
1777186631,512,GET,next_departures,114.900000,0.000000,460,520,550,560,620,3600,5500,5700,6000,6100,6100,7452,0,380,630.9098268982767,38.032750017009676,12073.754499986535,105.33709071390231
1777186631,512,GET,point_read,141.200000,0.000000,470,530,560,570,630,4600,5700,5900,6300,6300,6300,9165,0,380,642.9005656649067,38.52541701053269,11939.10274998052,100.35264593562466
1777186631,512,GET,trips_per_route,14.600000,0.000000,500,550,580,600,660,3900,5700,5700,5700,5700,5700,970,0,400,662.6821548703484,42.30537501280196,11665.672332979739,391.30721649484536
1777186631,512,,Aggregated,310.100000,0.000000,500,560,600,650,5300,5800,6300,6500,12000,13000,13000,20250,0,410,988.9280494108001,38.032750017009676,17595.381749997614,28497.865925925926
1777186632,512,GET,bulk_update_departures,16.100000,0.000000,890,940,990,1000,1100,3400,6100,6500,6500,6500,6500,940,0,690,984.2598789198785,40.80887499731034,12730.519042001106,127.11808510638298
1777186632,512,GET,large_scan,24.700000,0.000000,5700,5900,6100,6200,6500,10000,11000,12000,13000,13000,13000,1774,0,4800,4569.833703450918,700.8814589935355,17595.381749997614,332492.05693348363
1777186632,512,GET,next_departures,117.400000,0.000000,450,510,540,550,610,3300,5300,5700,6000,6100,6100,7574,0,380,631.1717598093221,38.032750017009676,12073.754499986535,105.33865856878796
1777186632,512,GET,point_read,144.400000,0.000000,450,510,540,560,620,4400,5600,5900,6300,6300,6300,9334,0,380,641.5406163883373,38.52541701053269,11939.10274998052,100.35301049925005
1777186632,512,GET,trips_per_route,14.300000,0.000000,480,540,580,590,640,680,5700,5700,5700,5700,5700,983,0,400,659.7183681497471,42.30537501280196,11665.672332979739,391.3041709053917
1777186632,512,,Aggregated,316.900000,0.000000,480,550,590,670,5200,5800,6300,6500,12000,13000,13000,20605,0,410,992.4400608668966,38.032750017009676,17595.381749997614,28734.752826983742
1777186633,512,GET,bulk_update_departures,17.300000,0.000000,900,960,1000,1000,1100,3400,6100,6500,6500,6500,6500,951,0,700,985.2988639355015,40.80887499731034,12730.519042001106,127.12407991587803
1777186633,512,GET,large_scan,26.400000,0.000000,5600,5900,6100,6200,6500,9900,11000,12000,13000,13000,13000,1800,0,4800,4577.5381243554675,700.8814589935355,17595.381749997614,332492.0516666667
1777186633,512,GET,next_departures,118.200000,0.000000,450,520,550,560,630,3000,5000,5600,6000,6100,6100,7685,0,380,630.3193669710778,38.032750017009676,12073.754499986535,105.33467794404685
1777186633,512,GET,point_read,148.800000,0.000000,450,510,550,560,630,4200,5500,5900,6300,6300,6300,9452,0,380,640.634310802975,38.52541701053269,11939.10274998052,100.35019043588659
1777186633,512,GET,trips_per_route,14.100000,0.000000,480,540,580,600,660,710,4500,5300,5700,5700,5700,1004,0,400,657.7836489195037,42.30537501280196,11665.672332979739,391.29282868525894
1777186633,512,,Aggregated,324.800000,0.000000,480,550,600,670,5000,5700,6200,6500,12000,13000,13000,20892,0,420,992.5465473789087,38.032750017009676,17595.381749997614,28755.38258663603
1777186634,512,GET,bulk_update_departures,17.500000,0.000000,880,960,1000,1100,1200,3700,5900,6100,6500,6500,6500,961,0,710,992.5213088581577,40.80887499731034,12730.519042001106,127.13007284079085
1777186634,512,GET,large_scan,29.600000,0.000000,5500,5700,5900,6100,6400,6900,11000,11000,12000,12000,12000,1810,0,4800,4579.768878089979,700.8814589935355,17595.381749997614,332492.05138121545
1777186634,512,GET,next_departures,118.100000,0.000000,460,530,560,600,740,3300,4900,5500,6000,6100,6100,7769,0,390,634.3685713371107,38.032750017009676,12073.754499986535,105.3289998712833
1777186634,512,GET,point_read,152.900000,0.000000,460,530,560,590,800,4200,5300,5600,6300,6300,6300,9567,0,390,645.1445194510233,38.52541701053269,11939.10274998052,100.34430856067733
1777186634,512,GET,trips_per_route,14.200000,0.000000,480,550,600,640,710,900,4500,5300,5700,5700,5700,1013,0,410,658.9626127997986,42.30537501280196,11665.672332979739,391.28923988153997
1777186634,512,,Aggregated,332.300000,0.000000,490,570,670,810,4900,5600,6100,6400,11000,12000,12000,21120,0,420,994.8499442342663,38.032750017009676,17595.381749997614,28603.572727272727
1777186635,512,GET,bulk_update_departures,17.000000,0.000000,910,1000,1100,1100,1600,3700,5700,6100,6100,6100,6100,971,0,710,1003.1750481685729,40.80887499731034,12730.519042001106,127.13697219361482
1777186635,512,GET,large_scan,31.700000,0.000000,5400,5600,5700,5800,6200,9400,11000,11000,12000,12000,12000,1818,0,4800,4588.0733001286235,700.8814589935355,17595.381749997614,332492.0412541254
1777186635,512,GET,next_departures,119.100000,0.000000,460,540,590,650,890,3100,4900,5300,5700,5700,5700,7830,0,390,637.7352025927069,38.032750017009676,12073.754499986535,105.32592592592593
1777186635,512,GET,point_read,156.700000,0.000000,460,540,580,650,920,3800,4900,5300,5700,5900,5900,9648,0,390,649.173555927326,38.52541701053269,11939.10274998052,100.33975953565506
1777186635,512,GET,trips_per_route,15.000000,0.000000,480,560,640,660,900,1000,4500,4600,5300,5300,5300,1022,0,410,665.0868733446836,42.30537501280196,11665.672332979739,391.2866927592955
1777186635,512,,Aggregated,339.500000,0.000000,500,600,760,910,4700,5400,5800,6100,11000,12000,12000,21289,0,420,998.2437935014112,38.032750017009676,17595.381749997614,28502.355958476208
1777186636,512,GET,bulk_update_departures,16.800000,0.000000,940,1100,1200,1400,1700,3400,5900,6100,6100,6100,6100,979,0,710,1008.6962186135765,40.80887499731034,12730.519042001106,127.14300306435138
1777186636,512,GET,large_scan,32.100000,0.000000,5300,5500,5700,5700,6000,8800,11000,11000,11000,11000,11000,1824,0,4800,4593.924980199466,700.8814589935355,17595.381749997614,332492.04002192983
1777186636,512,GET,next_departures,120.500000,0.000000,510,580,690,750,920,3000,4600,5400,5700,5700,5700,7909,0,390,641.2156240797725,38.032750017009676,12073.754499986535,105.3206473637628
1777186636,512,GET,point_read,154.300000,0.000000,500,570,710,770,930,3200,4800,5400,5700,5900,5900,9765,0,390,653.5112779780753,38.52541701053269,11939.10274998052,100.33517665130569
1777186636,512,GET,trips_per_route,15.200000,0.000000,520,640,680,770,940,1100,4500,4600,5300,5300,5300,1032,0,410,667.3452558287574,42.30537501280196,11665.672332979739,391.2848837209302
1777186636,512,,Aggregated,338.900000,0.000000,540,690,830,920,4600,5300,5700,5900,11000,11000,11000,21509,0,420,999.9741999267582,38.032750017009676,17595.381749997614,28304.733553396254
1777186637,512,GET,bulk_update_departures,15.800000,0.000000,970,1100,1400,1500,1700,4100,6100,6100,6200,6200,6200,991,0,720,1021.3424447312689,40.80887499731034,12730.519042001106,127.13319878910191
1777186637,512,GET,large_scan,30.700000,0.000000,5300,5600,5700,5900,6600,7000,10000,11000,11000,11000,11000,1841,0,4800,4613.591405218283,700.8814589935355,17595.381749997614,332492.0374796306
1777186637,512,GET,next_departures,119.100000,0.000000,500,580,670,750,930,3100,4800,5500,6000,6100,6100,8025,0,390,642.1476239425555,38.032750017009676,12073.754499986535,105.31900311526479
1777186637,512,GET,point_read,149.200000,0.000000,490,570,710,770,930,3100,4800,5500,6100,6200,6200,9907,0,400,655.0462954683384,38.52541701053269,11939.10274998052,100.3336025032805
1777186637,512,GET,trips_per_route,14.500000,0.000000,510,600,680,750,940,1100,4500,4600,5900,5900,5900,1054,0,410,669.4297844480709,42.30537501280196,11665.672332979739,391.2760910815939
1777186637,512,,Aggregated,329.300000,0.000000,530,670,820,910,4500,5400,5900,6300,11000,11000,11000,21818,0,430,1001.655947561081,38.032750017009676,17595.381749997614,28164.608350902923
1777186638,512,GET,bulk_update_departures,15.300000,0.000000,990,1100,1400,1500,1800,4800,6100,6100,6200,6200,6200,1001,0,730,1022.162523624042,40.80887499731034,12730.519042001106,127.13886113886115
1777186638,512,GET,large_scan,27.200000,0.000000,5300,5700,5900,6200,7000,7600,10000,11000,11000,11000,11000,1852,0,4800,4629.659485447008,700.8814589935355,17595.381749997614,332492.0377969762
1777186638,512,GET,next_departures,115.400000,0.000000,510,590,700,760,920,1100,4600,5400,6500,6700,6700,8114,0,400,642.8225682373819,38.032750017009676,12073.754499986535,105.31587379837318
1777186638,512,GET,point_read,144.000000,0.000000,510,600,730,790,940,3600,4900,5500,6600,6600,6600,10005,0,400,658.4034608772353,38.52541701053269,11939.10274998052,100.33113443278361
1777186638,512,GET,trips_per_route,14.000000,0.000000,520,650,710,770,940,1100,4500,4600,5900,5900,5900,1063,0,410,668.5825045242348,42.30537501280196,11665.672332979739,391.27375352775164
1777186638,512,,Aggregated,315.900000,0.000000,540,690,820,910,4500,5300,6100,6700,11000,11000,11000,22035,0,430,1003.4584161678989,38.032750017009676,17595.381749997614,28054.313138189245
1777186639,512,GET,bulk_update_departures,14.800000,0.000000,1000,1100,1400,1500,1700,3400,5500,6100,6200,6200,6200,1014,0,730,1019.4379692443192,40.80887499731034,12730.519042001106,127.13609467455622
1777186639,512,GET,large_scan,24.300000,0.000000,5200,6200,6900,7300,7800,8100,10000,11000,11000,11000,11000,1881,0,4900,4680.963174867502,700.8814589935355,17595.381749997614,332492.03827751195
1777186639,512,GET,next_departures,110.400000,0.000000,500,600,710,770,920,1100,5200,5600,6600,6700,6700,8233,0,390,645.8518836659729,38.032750017009676,12073.754499986535,105.31653103364509
1777186639,512,GET,point_read,143.800000,0.000000,490,600,740,790,930,3100,5200,6100,6600,6600,6600,10135,0,400,658.4472935691145,38.52541701053269,11939.10274998052,100.33270843611248
1777186639,512,GET,trips_per_route,14.300000,0.000000,510,620,710,770,940,1100,4600,5700,5900,5900,5900,1077,0,410,669.4875931757329,42.30537501280196,11665.672332979739,391.2757660167131
1777186639,512,,Aggregated,307.600000,0.000000,530,700,820,910,4400,5400,6700,7600,11000,11000,11000,22340,0,430,1009.413690650613,38.032750017009676,17595.381749997614,28104.37721575649
1777186640,512,GET,bulk_update_departures,14.500000,0.000000,1000,1100,1400,1500,1700,3700,5500,6100,6200,6200,6200,1031,0,730,1016.4057909600572,40.80887499731034,12730.519042001106,127.12803103782736
1777186640,512,GET,large_scan,22.400000,0.000000,6300,7400,7600,7800,8000,8400,10000,11000,11000,11000,11000,1921,0,4900,4747.971586592273,700.8814589935355,17595.381749997614,332492.0348776679
1777186640,512,GET,next_departures,107.800000,0.000000,510,600,720,770,920,1100,5500,5700,6700,6700,6700,8339,0,390,646.8215071122419,38.032750017009676,12073.754499986535,105.31718431466602
1777186640,512,GET,point_read,142.200000,0.000000,500,610,740,790,930,1000,5400,6100,6600,6600,6600,10271,0,400,658.3982328721747,38.52541701053269,11939.10274998052,100.33229481063188
1777186640,512,GET,trips_per_route,14.600000,0.000000,510,610,690,760,940,1100,4600,5700,5900,5900,5900,1098,0,410,664.7105846014215,42.30537501280196,11665.672332979739,391.275956284153
1777186640,512,,Aggregated,301.500000,0.000000,540,720,830,910,4600,5900,7600,7900,11000,11000,11000,22660,0,430,1017.4259844596213,38.032750017009676,17595.381749997614,28295.968314210062
1777186641,512,GET,bulk_update_departures,13.800000,0.000000,1100,1200,1500,1500,1700,3400,5600,6100,6200,6200,6200,1042,0,740,1019.6541815228857,40.80887499731034,12730.519042001106,127.12092130518234
1777186641,512,GET,large_scan,21.500000,0.000000,7300,7600,7800,7900,8200,9400,11000,11000,12000,12000,12000,1998,0,5000,4858.4948749617815,700.8814589935355,17595.381749997614,332492.02252252254
1777186641,512,GET,next_departures,108.500000,0.000000,520,610,720,770,920,1000,5500,5700,7300,7300,7300,8433,0,400,647.0122836736637,38.032750017009676,12073.754499986535,105.31720621368433
1777186641,512,GET,point_read,139.300000,0.000000,530,640,750,800,930,1000,5500,6200,6600,6600,6600,10365,0,400,659.1632357166579,38.52541701053269,11939.10274998052,100.3310178485287
1777186641,512,GET,trips_per_route,13.700000,0.000000,520,610,690,750,920,1000,4600,5700,5900,5900,5900,1107,0,410,663.4793016191339,42.30537501280196,11665.672332979739,391.2764227642276
1777186641,512,,Aggregated,296.800000,0.000000,560,740,860,940,5300,7200,7900,8200,11000,12000,12000,22945,0,430,1036.9451092018303,38.032750017009676,17595.381749997614,29061.35258226193
1777186642,512,GET,bulk_update_departures,13.300000,0.000000,1100,1200,1400,1500,1700,4800,5600,6100,6200,6200,6200,1056,0,750,1024.463231279228,40.80887499731034,12730.519042001106,127.125
1777186642,512,GET,large_scan,21.400000,0.000000,7200,7600,7800,7900,8200,9300,11000,11000,12000,12000,12000,2036,0,5000,4883.525030311736,700.8814589935355,17595.381749997614,332492.02504911594
1777186642,512,GET,next_departures,103.400000,0.000000,560,640,730,780,920,1100,5500,5900,7800,7800,7800,8543,0,400,649.6770321425996,38.032750017009676,12073.754499986535,105.31452651293456
1777186642,512,GET,point_read,132.700000,0.000000,570,670,760,810,930,1000,5600,6300,6600,7600,7600,10492,0,400,659.6443767908133,38.52541701053269,11939.10274998052,100.32748760960732
1777186642,512,GET,trips_per_route,14.200000,0.000000,540,660,710,770,940,1000,4600,5700,5900,5900,5900,1115,0,410,663.0175787151578,42.30537501280196,11665.672332979739,391.2744394618834
1777186642,512,,Aggregated,285.000000,0.000000,610,760,880,970,5600,7300,7900,8200,11000,12000,12000,23242,0,430,1042.7301618232675,38.032750017009676,17595.381749997614,29234.859994836934
1777186643,512,GET,bulk_update_departures,12.400000,0.000000,1100,1200,1400,1500,1700,4800,5600,6100,6200,6200,6200,1069,0,760,1024.7949516117062,40.80887499731034,12730.519042001106,127.12815715622077
1777186643,512,GET,large_scan,23.400000,0.000000,7100,7600,7800,7800,8200,10000,11000,11000,12000,12000,12000,2071,0,5000,4905.142684897981,700.8814589935355,17595.381749997614,332492.02269435057
1777186643,512,GET,next_departures,101.300000,0.000000,550,630,720,770,930,4200,5600,6000,8600,8600,8600,8652,0,400,652.1523106181556,38.032750017009676,12073.754499986535,105.3124133148405
1777186643,512,GET,point_read,127.900000,0.000000,570,660,740,810,940,4200,5800,6600,7500,7600,7600,10635,0,410,663.2019137517734,38.52541701053269,11939.10274998052,100.32477668077104
1777186643,512,GET,trips_per_route,14.200000,0.000000,540,610,670,740,940,1100,4700,5700,5900,5900,5900,1135,0,410,664.4974521448731,42.30537501280196,11665.672332979739,391.26872246696036
1777186643,512,,Aggregated,279.200000,0.000000,600,750,890,970,5700,7300,7900,8200,11000,12000,12000,23562,0,440,1048.4608715770908,38.032750017009676,17595.381749997614,29333.209659621425
1777186644,512,GET,bulk_update_departures,10.600000,0.000000,1000,1100,1200,1300,1700,1800,5600,6100,6200,6200,6200,1085,0,770,1023.7029390764468,40.80887499731034,12730.519042001106,127.12534562211981
1777186644,512,GET,large_scan,26.100000,0.000000,7100,7600,7800,7800,8200,11000,11000,11000,12000,12000,12000,2088,0,5100,4913.264605266115,700.8814589935355,17595.381749997614,332492.02346743294
1777186644,512,GET,next_departures,98.300000,0.000000,520,580,630,660,840,1100,5600,6000,8600,8600,8600,8786,0,400,651.8579952632709,38.032750017009676,12073.754499986535,105.31288413384931
1777186644,512,GET,point_read,117.900000,0.000000,530,600,650,700,900,4200,5800,6600,7500,7600,7600,10800,0,410,664.7795980593582,38.52541701053269,11939.10274998052,100.32388888888889
1777186644,512,GET,trips_per_route,13.600000,0.000000,510,590,620,670,900,1100,4800,5700,5900,5900,5900,1152,0,410,665.0934133171581,42.30537501280196,11665.672332979739,391.26649305555554
1777186644,512,,Aggregated,266.500000,0.000000,560,660,800,930,5700,7300,7800,8200,11000,12000,12000,23911,0,440,1047.3274142553266,38.032750017009676,17595.381749997614,29143.10534900255
1777186645,512,GET,bulk_update_departures,11.800000,0.000000,1000,1100,1100,1100,1500,1800,5600,6100,6200,6200,6200,1097,0,780,1023.3781555194854,40.80887499731034,12730.519042001106,127.12488605287147
1777186645,512,GET,large_scan,26.600000,0.000000,7000,7500,7700,7800,8200,11000,11000,11000,12000,12000,12000,2110,0,5100,4925.053637343388,700.8814589935355,17595.381749997614,332492.02085308055
1777186645,512,GET,next_departures,96.700000,0.000000,510,560,600,620,720,4100,5600,5900,7800,8600,8600,8877,0,410,654.5243549774876,38.032750017009676,12073.754499986535,105.31283091134392
1777186645,512,GET,point_read,115.700000,0.000000,520,570,610,640,740,1000,5600,6500,7500,7600,7600,10914,0,410,663.8746110003065,38.52541701053269,11939.10274998052,100.32334616089426
1777186645,512,GET,trips_per_route,13.000000,0.000000,500,550,600,610,690,820,4800,5700,5900,5900,5900,1156,0,410,664.5173976500156,42.30537501280196,11665.672332979739,391.2664359861592
1777186645,512,,Aggregated,263.800000,0.000000,540,620,700,840,5700,7200,7800,8200,11000,12000,12000,24154,0,440,1049.0366534187026,38.032750017009676,17595.381749997614,29153.75155253788
1777186646,512,GET,bulk_update_departures,12.000000,0.000000,1000,1000,1100,1100,1200,1300,5300,5600,6200,6200,6200,1106,0,790,1025.1214018425596,40.80887499731034,12730.519042001106,127.12839059674502
1777186646,512,GET,large_scan,26.800000,0.000000,7000,7500,7700,7800,8200,11000,11000,11000,12000,12000,12000,2120,0,5100,4931.177442395567,700.8814589935355,17595.381749997614,332492.020754717
1777186646,512,GET,next_departures,97.900000,0.000000,520,570,620,650,730,4000,5500,5900,7800,8600,8600,8972,0,410,656.1237337799104,38.032750017009676,12073.754499986535,105.30851538118591
1777186646,512,GET,point_read,119.400000,0.000000,520,590,620,660,750,4200,5600,6500,7500,7600,7600,11048,0,410,668.5407319569723,38.52541701053269,11939.10274998052,100.3159847936278
1777186646,512,GET,trips_per_route,13.300000,0.000000,480,550,600,610,680,750,4700,4800,5700,5700,5700,1164,0,420,665.1435642692927,42.30537501280196,11665.672332979739,391.26460481099656
1777186646,512,,Aggregated,269.400000,0.000000,550,630,720,810,5700,7200,7800,8200,11000,12000,12000,24410,0,440,1050.1797502359645,38.032750017009676,17595.381749997614,28985.343670626793
1777186647,512,GET,bulk_update_departures,12.600000,0.000000,990,1000,1100,1100,1200,1300,4800,5300,5600,5600,5600,1126,0,790,1027.8705018302148,40.80887499731034,12730.519042001106,127.13055062166963
1777186647,512,GET,large_scan,27.800000,0.000000,6900,7500,7700,7800,8200,11000,11000,12000,12000,12000,12000,2154,0,5100,4970.454377842909,700.8814589935355,17595.381749997614,332492.02506963786
1777186647,512,GET,next_departures,101.500000,0.000000,520,570,620,650,740,4200,5500,5700,7800,8600,8600,9112,0,410,657.7553194938887,38.032750017009676,12073.754499986535,105.30882352941177
1777186647,512,GET,point_read,123.900000,0.000000,520,590,630,660,750,4100,5100,6500,7500,7600,7600,11227,0,410,668.0468588258378,38.52541701053269,11939.10274998052,100.31620201300437
1777186647,512,GET,trips_per_route,13.800000,0.000000,490,570,600,630,680,750,4700,4800,5700,5700,5700,1181,0,420,662.7474072620263,42.30537501280196,11665.672332979739,391.26079593564776
1777186647,512,,Aggregated,279.600000,0.000000,550,630,720,810,5700,7200,7900,8300,12000,12000,12000,24800,0,450,1054.035248313584,38.032750017009676,17595.381749997614,28987.051370967743
1777186648,512,GET,bulk_update_departures,12.800000,0.000000,960,1000,1100,1100,1200,1300,4800,5300,5600,5600,5600,1138,0,780,1022.3234444005523,40.80887499731034,12730.519042001106,127.13005272407733
1777186648,512,GET,large_scan,29.300000,0.000000,6500,7200,7600,7800,8200,11000,11000,12000,12000,12000,12000,2229,0,5100,5010.633296807861,700.8814589935355,17595.381749997614,332492.0152534769
1777186648,512,GET,next_departures,104.800000,0.000000,500,560,610,640,730,4000,5300,5700,7800,8600,8600,9243,0,410,654.6546881627502,38.032750017009676,12073.754499986535,105.31256085686465
1777186648,512,GET,point_read,127.000000,0.000000,500,570,610,640,740,940,4600,5300,7500,7600,7600,11410,0,410,664.955611805856,38.52541701053269,11939.10274998052,100.32112182296231
1777186648,512,GET,trips_per_route,13.000000,0.000000,460,550,590,610,680,780,4700,4800,5700,5700,5700,1199,0,410,659.8526243205583,42.30537501280196,11665.672332979739,391.26605504587155
1777186648,512,,Aggregated,286.900000,0.000000,540,630,720,840,5700,7000,7900,8400,12000,12000,12000,25219,0,440,1061.1596735899923,38.032750017009676,17595.381749997614,29495.878980134024
1777186649,512,GET,bulk_update_departures,12.800000,0.000000,970,1000,1100,1100,1300,1300,4800,5300,5600,5600,5600,1150,0,790,1019.9673258859168,40.80887499731034,12730.519042001106,127.12869565217392
1777186649,512,GET,large_scan,30.200000,0.000000,6200,6700,7100,7500,8100,11000,11000,12000,12000,12000,12000,2287,0,5100,5004.964794034888,700.8814589935355,17595.381749997614,332492.0026235243
1777186649,512,GET,next_departures,105.000000,0.000000,500,560,610,630,720,880,4600,5300,7800,8600,8600,9373,0,410,651.9480209525401,38.032750017009676,12073.754499986535,105.31345353675451
1777186649,512,GET,point_read,126.800000,0.000000,500,560,610,640,740,940,4500,5000,7500,7600,7600,11593,0,410,663.286030197616,38.52541701053269,11939.10274998052,100.32131458638834
1777186649,512,GET,trips_per_route,12.800000,0.000000,470,550,590,610,680,750,3800,4700,4800,4800,4800,1214,0,410,657.2981470513483,42.30537501280196,11665.672332979739,391.2677100494234
1777186649,512,,Aggregated,287.600000,0.000000,540,620,710,820,5500,6600,7700,8300,12000,12000,12000,25617,0,440,1062.4765041853475,38.032750017009676,17595.381749997614,29791.955927704257
1777186650,512,GET,bulk_update_departures,13.800000,0.000000,990,1100,1100,1200,1300,1300,4800,4800,5300,5300,5300,1163,0,790,1023.4273418759917,40.80887499731034,12730.519042001106,127.13069647463456
1777186650,512,GET,large_scan,32.900000,0.000000,5900,6300,6600,6800,7600,11000,11000,12000,12000,12000,12000,2318,0,5100,4992.494201431743,700.8814589935355,17595.381749997614,332492.0060396894
1777186650,512,GET,next_departures,111.100000,0.000000,520,590,630,670,730,840,4400,4800,7800,8600,8600,9485,0,410,652.0034687096386,38.032750017009676,12073.754499986535,105.30901423299947
1777186650,512,GET,point_read,134.200000,0.000000,530,600,640,670,750,890,4500,4900,7500,7600,7600,11741,0,410,664.3489931470162,38.52541701053269,11939.10274998052,100.31794566050591
1777186650,512,GET,trips_per_route,13.000000,0.000000,540,600,650,670,730,900,4300,4700,4800,4800,4800,1237,0,420,662.9419079267442,42.30537501280196,11665.672332979739,391.2635408245756
1777186650,512,,Aggregated,305.000000,0.000000,560,650,730,810,4900,6200,7100,7800,12000,12000,12000,25944,0,450,1062.5686527473001,38.032750017009676,17595.381749997614,29815.179039469625
1777186651,512,GET,bulk_update_departures,13.100000,0.000000,1000,1100,1200,1200,1300,1300,4800,4800,5300,5300,5300,1169,0,800,1024.9934483693614,40.80887499731034,12730.519042001106,127.13430282292558
1777186651,512,GET,large_scan,38.300000,0.000000,5600,6000,6200,6400,6800,10000,11000,11000,12000,12000,12000,2327,0,5100,4988.304466714151,700.8814589935355,17595.381749997614,332492.00816501933
1777186651,512,GET,next_departures,111.400000,0.000000,540,610,660,690,760,860,4400,4800,7800,8600,8600,9555,0,410,654.1399045568577,38.032750017009676,12073.754499986535,105.30601779173207
1777186651,512,GET,point_read,139.400000,0.000000,540,610,660,690,760,890,4400,4800,7500,7600,7600,11822,0,420,665.598004549682,38.52541701053269,11939.10274998052,100.31517509727627
1777186651,512,GET,trips_per_route,13.500000,0.000000,540,610,660,680,780,900,4300,4700,4800,4800,4800,1244,0,420,663.2572300549418,42.30537501280196,11665.672332979739,391.2620578778135
1777186651,512,,Aggregated,315.700000,0.000000,570,670,740,790,4500,5700,6500,7100,11000,12000,12000,26117,0,450,1062.5301614734865,38.032750017009676,17595.381749997614,29732.98533522227
1777186652,512,GET,bulk_update_departures,13.100000,0.000000,1000,1200,1300,1300,1500,1600,4800,4800,5300,5300,5300,1186,0,800,1035.3986551591238,40.80887499731034,12730.519042001106,127.14418212478921
1777186652,512,GET,large_scan,40.300000,0.000000,5500,6000,6200,6400,6800,9000,11000,12000,12000,12000,12000,2331,0,5100,4987.663453847625,700.8814589935355,17595.381749997614,332492.0085800086
1777186652,512,GET,next_departures,113.200000,0.000000,540,650,710,740,840,960,4400,4900,7500,8600,8600,9654,0,420,658.1563703821064,38.032750017009676,12073.754499986535,105.3011187072716
1777186652,512,GET,point_read,144.500000,0.000000,550,650,730,750,860,980,4400,4800,7500,7500,7500,11984,0,420,668.9832669799225,38.52541701053269,11939.10274998052,100.30799399198932
1777186652,512,GET,trips_per_route,13.500000,0.000000,550,650,680,730,840,1000,4700,4800,6500,6500,6500,1255,0,420,669.2347642600135,42.30537501280196,11665.672332979739,391.2589641434263
1777186652,512,,Aggregated,324.600000,0.000000,580,720,800,860,4300,5500,6500,6900,11000,12000,12000,26410,0,450,1062.6676643786461,38.032750017009676,17595.381749997614,29454.72786823173
1777186653,512,GET,bulk_update_departures,13.000000,0.000000,1100,1300,1300,1400,1500,1700,4800,5300,8100,8100,8100,1210,0,810,1046.2705873096775,40.80887499731034,12730.519042001106,127.15537190082645
1777186653,512,GET,large_scan,37.700000,0.000000,5500,6000,6300,6400,6800,8400,11000,11000,12000,12000,12000,2336,0,5100,4988.478849065859,700.8814589935355,17595.381749997614,332492.008989726
1777186653,512,GET,next_departures,114.000000,0.000000,560,670,730,760,840,950,4300,4700,6500,6800,6800,9748,0,420,659.9196327717249,38.032750017009676,12073.754499986535,105.2979072630283
1777186653,512,GET,point_read,147.100000,0.000000,580,680,740,770,860,960,4300,4700,7600,7600,7600,12113,0,420,673.9716273894578,38.52541701053269,11939.10274998052,100.30322793692727
1777186653,512,GET,trips_per_route,13.900000,0.000000,600,670,720,750,860,1000,6100,6500,7600,7600,7600,1276,0,430,679.0783892533325,42.30537501280196,11665.672332979739,391.2539184952978
1777186653,512,,Aggregated,325.700000,0.000000,620,740,810,860,4200,5500,6500,6800,11000,12000,12000,26683,0,450,1063.684478116293,38.032750017009676,17595.381749997614,29216.948918787242
1777186654,512,GET,bulk_update_departures,12.700000,0.000000,1100,1300,1400,1400,1600,1700,6400,6500,8100,8100,8100,1225,0,820,1053.8517427385539,40.80887499731034,12730.519042001106,127.15102040816326
1777186654,512,GET,large_scan,31.600000,0.000000,5600,6100,6300,6400,6800,7300,11000,11000,12000,12000,12000,2355,0,5100,4997.20619205684,700.8814589935355,17595.381749997614,332492.0101910828
1777186654,512,GET,next_departures,110.900000,0.000000,560,670,730,760,840,950,4500,5300,6500,6800,6800,9872,0,420,661.4299736177127,38.032750017009676,12073.754499986535,105.29781199351702
1777186654,512,GET,point_read,147.800000,0.000000,560,680,740,770,860,1000,4600,5800,7600,7600,7600,12272,0,420,675.4697598143334,38.52541701053269,11939.10274998052,100.30353650586702
1777186654,512,GET,trips_per_route,13.600000,0.000000,580,670,720,750,860,3800,6100,6500,7600,7600,7600,1296,0,430,683.0010329693233,42.30537501280196,11665.672332979739,391.2554012345679
1777186654,512,,Aggregated,316.600000,0.000000,620,740,810,860,4300,5700,6500,6800,11000,12000,12000,27020,0,450,1064.5284936296198,38.032750017009676,17595.381749997614,29087.78445595855
1777186655,512,GET,bulk_update_departures,12.800000,0.000000,1100,1300,1400,1400,1600,4800,6400,6500,8100,8100,8100,1245,0,810,1055.2613929893314,40.80887499731034,12730.519042001106,127.14698795180723
1777186655,512,GET,large_scan,28.600000,0.000000,5700,6300,6500,6600,6800,7200,11000,11000,12000,12000,12000,2383,0,5100,5016.210020563506,700.8814589935355,17595.381749997614,332492.0100713386
1777186655,512,GET,next_departures,108.100000,0.000000,500,650,720,750,840,960,4600,5300,6500,6800,6800,10020,0,420,661.4829477802477,38.032750017009676,12073.754499986535,105.29930139720558
1777186655,512,GET,point_read,144.800000,0.000000,510,660,730,760,860,980,4600,5800,7600,7600,7600,12442,0,420,672.848333741319,38.52541701053269,11939.10274998052,100.3042115415528
1777186655,512,GET,trips_per_route,13.400000,0.000000,560,660,710,750,860,3800,6100,6500,7600,7600,7600,1307,0,430,680.1196189259716,42.30537501280196,11665.672332979739,391.2555470543229
1777186655,512,,Aggregated,307.700000,0.000000,580,720,800,850,4400,5900,6600,6800,11000,12000,12000,27397,0,450,1064.2035025870819,38.032750017009676,17595.381749997614,29028.770047815455
1777186656,512,GET,bulk_update_departures,13.600000,0.000000,1000,1200,1400,1500,1600,4800,6400,6500,8100,8100,8100,1252,0,810,1056.167917514152,40.80887499731034,12730.519042001106,127.14616613418531
1777186656,512,GET,large_scan,26.800000,0.000000,6000,6400,6600,6700,6900,7100,11000,11000,12000,12000,12000,2435,0,5200,5054.854791207315,700.8814589935355,17595.381749997614,332492.01108829567
1777186656,512,GET,next_departures,108.900000,0.000000,450,560,670,720,830,960,4600,5300,6500,6800,6800,10156,0,410,659.5014664944063,38.032750017009676,12073.754499986535,105.30169358014966
1777186656,512,GET,point_read,146.000000,0.000000,460,590,680,740,850,960,4600,5800,7600,7600,7600,12592,0,420,670.9776846738133,38.52541701053269,11939.10274998052,100.30574968233799
1777186656,512,GET,trips_per_route,13.800000,0.000000,500,600,670,720,860,3800,5700,6500,7600,7600,7600,1325,0,420,678.756023820595,42.30537501280196,11665.672332979739,391.25735849056605
1777186656,512,,Aggregated,309.100000,0.000000,500,680,780,850,4500,6100,6700,6900,11000,12000,12000,27760,0,450,1069.0595561963103,38.032750017009676,17595.381749997614,29273.348126801153
1777186657,512,GET,bulk_update_departures,14.100000,0.000000,960,1200,1400,1500,1600,4800,6400,6500,8100,8100,8100,1269,0,800,1050.85236441112,40.80887499731034,12730.519042001106,127.14420803782505
1777186657,512,GET,large_scan,26.600000,0.000000,5700,6300,6500,6700,6900,7300,11000,11000,12000,12000,12000,2511,0,5200,5088.267470729916,700.8814589935355,17595.381749997614,332492.0079649542
1777186657,512,GET,next_departures,108.400000,0.000000,430,550,660,720,820,930,4600,5300,6500,6800,6800,10310,0,410,656.9737025599428,38.032750017009676,12073.754499986535,105.30407371483996
1777186657,512,GET,point_read,145.900000,0.000000,450,590,680,740,850,940,4500,5700,7600,7600,7600,12781,0,420,669.4453872530818,38.52541701053269,11939.10274998052,100.30678350676786
1777186657,512,GET,trips_per_route,14.500000,0.000000,480,610,670,730,860,3800,5700,6500,7600,7600,7600,1341,0,420,675.3593279710918,42.30537501280196,11665.672332979739,391.2602535421327
1777186657,512,,Aggregated,309.500000,0.000000,490,680,780,850,4600,6000,6700,7000,11000,12000,12000,28212,0,450,1075.6206045698402,38.032750017009676,17595.381749997614,29701.58670069474
1777186658,512,GET,bulk_update_departures,14.900000,0.000000,870,1100,1300,1400,1600,4800,5400,6500,8100,8100,8100,1291,0,800,1051.183198860361,40.80887499731034,12730.519042001106,127.13787761425252
1777186658,512,GET,large_scan,28.000000,0.000000,5500,6200,6500,6600,6800,7200,11000,11000,12000,12000,12000,2550,0,5200,5072.323859199487,700.8814589935355,17595.381749997614,332492.00705882354
1777186658,512,GET,next_departures,114.400000,0.000000,430,540,660,720,820,950,4600,5300,6500,6800,6800,10472,0,410,655.9322559617219,38.032750017009676,12073.754499986535,105.30529029793736
1777186658,512,GET,point_read,152.300000,0.000000,450,590,680,740,850,960,4600,5700,7600,7600,7600,12972,0,420,668.3526941480493,38.52541701053269,11939.10274998052,100.30712303422757
1777186658,512,GET,trips_per_route,15.300000,0.000000,480,610,670,730,860,4200,5700,6500,7600,7600,7600,1356,0,420,675.4679939279099,42.30537501280196,11665.672332979739,391.26106194690266
1777186658,512,,Aggregated,324.900000,0.000000,480,670,770,840,4200,5800,6700,6900,11000,12000,12000,28641,0,450,1073.5041263703508,38.032750017009676,17595.381749997614,29711.017213086136
1777186659,512,GET,bulk_update_departures,14.400000,0.000000,900,1100,1300,1400,1600,4400,5400,6500,8100,8100,8100,1317,0,800,1047.5812240719144,40.80887499731034,12730.519042001106,127.13059984813971
1777186659,512,GET,large_scan,32.000000,0.000000,5900,6300,6600,6700,6800,7300,11000,12000,12000,12000,12000,2567,0,5200,5065.323126575656,700.8814589935355,17595.381749997614,332492.00934943516
1777186659,512,GET,next_departures,117.600000,0.000000,450,540,660,720,830,960,4600,5200,6500,6800,6800,10605,0,410,655.9599537656649,38.032750017009676,12073.754499986535,105.30532767562471
1777186659,512,GET,point_read,153.200000,0.000000,460,590,680,740,850,980,4600,5700,7600,7600,7600,13135,0,420,668.499946665892,38.52541701053269,11939.10274998052,100.30787971069661
1777186659,512,GET,trips_per_route,15.600000,0.000000,500,600,670,710,840,1000,5700,6500,7600,7600,7600,1371,0,430,673.5135029593948,42.30537501280196,11665.672332979739,391.2618526622903
1777186659,512,,Aggregated,332.800000,0.000000,500,670,770,840,4000,5800,6700,6900,11000,12000,12000,28995,0,450,1070.63073149581,38.032750017009676,17595.381749997614,29544.581686497673
1777186660,512,GET,bulk_update_departures,14.300000,0.000000,900,1100,1300,1400,1600,4400,5400,6500,8100,8100,8100,1333,0,810,1050.2161120440264,40.80887499731034,12730.519042001106,127.13353338334583
1777186660,512,GET,large_scan,35.100000,0.000000,5900,6400,6600,6700,6900,7300,11000,12000,12000,12000,12000,2586,0,5100,5058.104430219132,700.8814589935355,17595.381749997614,332492.0135344161
1777186660,512,GET,next_departures,118.400000,0.000000,450,510,580,660,830,1000,4600,5200,6500,6800,6800,10730,0,420,655.90919027807,38.032750017009676,12073.754499986535,105.30503261882572
1777186660,512,GET,point_read,153.200000,0.000000,460,540,620,690,850,1000,4500,5700,7600,7600,7600,13307,0,420,668.6247264717451,38.52541701053269,11939.10274998052,100.30660554595326
1777186660,512,GET,trips_per_route,15.500000,0.000000,500,570,650,670,830,1000,6100,6500,7600,7600,7600,1387,0,430,672.4681708229282,42.30537501280196,11665.672332979739,391.25811103100216
1777186660,512,,Aggregated,336.500000,0.000000,490,610,750,830,4000,5800,6700,6900,11000,12000,12000,29343,0,450,1068.3367185930506,38.032750017009676,17595.381749997614,29410.803053539174
1777186661,512,GET,bulk_update_departures,16.200000,0.000000,970,1100,1200,1400,1600,4200,5400,6500,8100,8100,8100,1354,0,820,1055.30537935356,40.80887499731034,12730.519042001106,127.1410635155096
1777186661,512,GET,large_scan,31.500000,0.000000,5900,6400,6600,6700,6900,7500,11000,12000,12000,12000,12000,2599,0,5100,5057.426490398116,700.8814589935355,17595.381749997614,332492.0142362447
1777186661,512,GET,next_departures,121.000000,0.000000,460,520,570,610,790,3000,4500,5200,6500,6800,6800,10829,0,420,656.8360623381401,38.032750017009676,12073.754499986535,105.30307507618431
1777186661,512,GET,point_read,155.000000,0.000000,470,540,600,640,810,1000,4300,5700,7600,7600,7600,13447,0,420,668.7655140360172,38.52541701053269,11939.10274998052,100.30304157061055
1777186661,512,GET,trips_per_route,15.600000,0.000000,500,580,650,670,800,3500,5700,6500,7600,7600,7600,1400,0,430,674.4060495053002,42.30537501280196,11665.672332979739,391.255
1777186661,512,,Aggregated,339.300000,0.000000,500,600,690,800,3900,5700,6700,6900,11000,12000,12000,29629,0,460,1067.3013259913873,38.032750017009676,17595.381749997614,29273.87873367309
1777186662,512,GET,bulk_update_departures,16.600000,0.000000,950,1100,1100,1100,1400,4200,5400,6500,8100,8100,8100,1364,0,820,1055.5877802857503,40.80887499731034,12730.519042001106,127.14442815249267
1777186662,512,GET,large_scan,27.700000,0.000000,5700,6300,6600,6700,6800,7300,11000,12000,12000,12000,12000,2615,0,5100,5057.973162015558,700.8814589935355,17595.381749997614,332492.0152963671
1777186662,512,GET,next_departures,124.300000,0.000000,460,520,570,590,670,3100,4100,5100,6000,6100,6100,10953,0,420,658.4437640734704,38.032750017009676,12073.754499986535,105.30010042910618
1777186662,512,GET,point_read,156.500000,0.000000,470,540,580,600,690,3100,4300,5700,7600,7600,7600,13584,0,430,670.2169661916489,38.52541701053269,11939.10274998052,100.30064782096584
1777186662,512,GET,trips_per_route,15.300000,0.000000,510,570,600,650,710,3500,5100,6100,7600,7600,7600,1416,0,430,675.6879616105182,42.30537501280196,11665.672332979739,391.2507062146893
1777186662,512,,Aggregated,340.400000,0.000000,500,580,640,700,3900,5700,6600,6800,11000,12000,12000,29932,0,460,1067.0639289477795,38.032750017009676,17595.381749997614,29156.417613256715
1777186663,512,GET,bulk_update_departures,17.000000,0.000000,900,1000,1100,1100,1200,4200,4800,6400,6500,6500,6500,1381,0,830,1057.2302552937706,40.80887499731034,12730.519042001106,127.1448225923244
1777186663,512,GET,large_scan,27.100000,0.000000,5700,6300,6500,6700,6800,7300,11000,12000,12000,12000,12000,2636,0,5100,5062.134171519612,700.8814589935355,17595.381749997614,332492.0155538695
1777186663,512,GET,next_departures,124.100000,0.000000,450,510,540,570,640,3200,4100,4600,6000,6100,6100,11111,0,420,659.1106984384411,38.032750017009676,12073.754499986535,105.29925299252993
1777186663,512,GET,point_read,157.200000,0.000000,460,520,560,580,650,2900,4000,4400,5700,5800,5800,13742,0,430,669.8827146094043,38.52541701053269,11939.10274998052,100.30068403434726
1777186663,512,GET,trips_per_route,14.800000,0.000000,490,550,580,600,680,830,3900,5100,5700,5700,5700,1436,0,430,675.9256541130967,42.30537501280196,11665.672332979739,391.24860724233986
1777186663,512,,Aggregated,340.200000,0.000000,480,560,610,660,3900,5400,6600,6800,11000,12000,12000,30306,0,460,1065.9063265526509,38.032750017009676,17595.381749997614,29028.39982181746
1777186664,512,GET,bulk_update_departures,18.700000,0.000000,880,1000,1100,1100,1100,3800,4400,4800,5400,5400,5400,1398,0,830,1054.6168241084986,40.80887499731034,12730.519042001106,127.14306151645208
1777186664,512,GET,large_scan,27.500000,0.000000,5700,6100,6500,6700,6800,7200,11000,11000,12000,12000,12000,2668,0,5200,5071.344094218744,700.8814589935355,17595.381749997614,332492.0123688156
1777186664,512,GET,next_departures,128.500000,0.000000,460,510,540,570,630,3000,4000,4100,4600,5000,5000,11247,0,430,658.2708982073123,38.032750017009676,12073.754499986535,105.30016893393794
1777186664,512,GET,point_read,161.600000,0.000000,470,530,560,580,640,790,3900,4100,4600,4600,4600,13890,0,430,669.4157490036266,38.52541701053269,11939.10274998052,100.30107991360691
1777186664,512,GET,trips_per_route,15.800000,0.000000,500,560,580,600,680,740,3900,4100,4300,4300,4300,1448,0,440,676.9066873656415,42.30537501280196,11665.672332979739,391.2493093922652
1777186664,512,,Aggregated,352.100000,0.000000,490,560,610,660,3900,5400,6600,6800,11000,12000,12000,30651,0,460,1066.4128019504305,38.032750017009676,17595.381749997614,29049.964340478287
1777186665,512,GET,bulk_update_departures,18.100000,0.000000,880,1000,1100,1100,1100,1200,4400,4700,4900,4900,4900,1415,0,830,1056.827430787057,40.80887499731034,12730.519042001106,127.14134275618375
1777186665,512,GET,large_scan,28.700000,0.000000,5600,5900,6100,6300,6800,7300,11000,11000,12000,12000,12000,2702,0,5200,5082.408302630869,700.8814589935355,17595.381749997614,332492.0092524056
1777186665,512,GET,next_departures,132.500000,0.000000,470,510,550,570,630,3000,4000,4100,4500,4500,4500,11383,0,430,658.088707837181,38.032750017009676,12073.754499986535,105.3005358868488
1777186665,512,GET,point_read,162.600000,0.000000,480,530,570,580,640,780,3900,4100,4500,4600,4600,14023,0,430,668.7930982727389,38.52541701053269,11939.10274998052,100.30164729373173
1777186665,512,GET,trips_per_route,16.300000,0.000000,500,560,580,600,680,830,3900,4300,4400,4400,4400,1465,0,440,676.7170721367232,42.30537501280196,11665.672332979739,391.24778156996587
1777186665,512,,Aggregated,358.200000,0.000000,500,560,610,670,3900,5400,6200,6700,11000,12000,12000,30988,0,460,1067.7997269053085,38.032750017009676,17595.381749997614,29100.027688137343
1777186666,512,GET,bulk_update_departures,17.200000,0.000000,900,1000,1100,1100,1100,3800,4400,4900,5000,5000,5000,1426,0,830,1059.245789403747,40.80887499731034,12730.519042001106,127.14025245441795
1777186666,512,GET,large_scan,29.800000,0.000000,5400,5700,5900,5900,6200,7300,9100,12000,12000,12000,12000,2735,0,5200,5092.549006216294,700.8814589935355,17595.381749997614,332492.0091407678
1777186666,512,GET,next_departures,134.300000,0.000000,490,530,560,580,640,3000,4000,4200,4600,4700,4700,11487,0,430,658.4424169877052,38.032750017009676,12073.754499986535,105.29833725080526
1777186666,512,GET,point_read,160.900000,0.000000,500,540,580,600,650,790,4000,4300,4700,4700,4700,14153,0,430,668.8806096851994,38.52541701053269,11939.10274998052,100.2994418144563
1777186666,512,GET,trips_per_route,15.800000,0.000000,520,570,600,620,680,740,3900,4300,4400,4400,4400,1477,0,440,675.9545684179443,42.30537501280196,11665.672332979739,391.2484766418416
1777186666,512,,Aggregated,358.000000,0.000000,510,580,620,670,3900,5100,5900,6100,11000,12000,12000,31278,0,460,1069.9912474600965,38.032750017009676,17595.381749997614,29181.978419336276
1777186667,512,GET,bulk_update_departures,17.100000,0.000000,940,1000,1100,1100,1100,3800,4900,5200,5400,5400,5400,1440,0,830,1064.2163186491114,40.80887499731034,12730.519042001106,127.14027777777778
1777186667,512,GET,large_scan,31.100000,0.000000,5500,5700,5800,5900,6000,6200,8400,8400,9100,9100,9100,2764,0,5200,5097.4193791308135,700.8814589935355,17595.381749997614,332492.007959479
1777186667,512,GET,next_departures,137.400000,0.000000,500,540,570,590,640,3000,4000,4400,4900,5000,5000,11624,0,430,658.1843654524886,38.032750017009676,12073.754499986535,105.29869236063317
1777186667,512,GET,point_read,162.500000,0.000000,500,550,580,600,650,790,4000,4500,5000,5000,5000,14338,0,430,669.1004636132294,38.52541701053269,11939.10274998052,100.29962337843493
1777186667,512,GET,trips_per_route,15.400000,0.000000,530,570,600,630,680,740,4100,4300,4400,4400,4400,1491,0,440,674.0498290377747,42.30537501280196,11665.672332979739,391.25083836351445
1777186667,512,,Aggregated,363.500000,0.000000,520,580,610,660,3600,5000,5800,5900,8400,9100,9100,31657,0,460,1069.9385434240044,38.032750017009676,17595.381749997614,29138.46653188868
1777186668,512,GET,bulk_update_departures,16.900000,0.000000,970,1100,1100,1100,1200,4200,5000,5200,5400,5400,5400,1447,0,830,1063.2947304330876,40.80887499731034,12730.519042001106,127.13959917069799
1777186668,512,GET,large_scan,31.700000,0.000000,5500,5700,5800,5900,6000,6200,8400,8400,9100,9100,9100,2795,0,5200,5100.276562268178,700.8814589935355,17595.381749997614,332492.00894454384
1777186668,512,GET,next_departures,134.500000,0.000000,500,540,570,590,640,790,4000,4500,5100,5100,5100,11742,0,430,657.1555822528967,38.032750017009676,12073.754499986535,105.29875660023846
1777186668,512,GET,point_read,155.100000,0.000000,510,550,580,600,650,760,4000,4600,5000,5100,5100,14477,0,430,668.50948918909,38.52541701053269,11939.10274998052,100.30033846791463
1777186668,512,GET,trips_per_route,15.600000,0.000000,530,570,600,630,680,740,4100,4400,4900,4900,4900,1508,0,440,675.0400718736162,42.30537501280196,11665.672332979739,391.25
1777186668,512,,Aggregated,353.800000,0.000000,520,580,610,650,3700,5300,5800,6000,8400,9100,9100,31969,0,460,1069.9788425244924,38.032750017009676,17595.381749997614,29177.56598579874
1777186669,512,GET,bulk_update_departures,17.200000,0.000000,1000,1100,1100,1100,1200,4200,5000,5200,5400,5400,5400,1456,0,830,1063.5878056742154,40.80887499731034,12730.519042001106,127.14285714285714
1777186669,512,GET,large_scan,28.600000,0.000000,5500,5700,5800,5900,6000,6200,8400,8400,9100,9100,9100,2813,0,5200,5102.266389737148,700.8814589935355,17595.381749997614,332492.0085318166
1777186669,512,GET,next_departures,134.100000,0.000000,510,560,590,610,660,750,4000,4700,5700,5700,5700,11847,0,430,658.7491360766085,38.032750017009676,12073.754499986535,105.29661517683802
1777186669,512,GET,point_read,157.200000,0.000000,530,570,600,610,660,750,4000,4700,5400,5400,5400,14611,0,440,668.9064110824423,38.52541701053269,11939.10274998052,100.29758401204572
1777186669,512,GET,trips_per_route,15.500000,0.000000,540,590,620,640,690,740,4100,4400,4900,4900,4900,1517,0,440,674.667226714214,42.30537501280196,11665.672332979739,391.2485168094924
1777186669,512,,Aggregated,352.600000,0.000000,540,590,630,670,3800,5400,5800,6000,8400,9100,9100,32244,0,470,1070.0385178558088,38.032750017009676,17595.381749997614,29115.23263242774
1777186670,512,GET,bulk_update_departures,16.700000,0.000000,1000,1100,1100,1200,1200,4200,5000,5200,5400,5400,5400,1470,0,840,1064.8369949678083,40.80887499731034,12730.519042001106,127.14761904761905
1777186670,512,GET,large_scan,24.500000,0.000000,5600,5700,5800,5900,6000,6100,8400,8400,9100,9100,9100,2831,0,5200,5106.357673392319,700.8814589935355,17595.381749997614,332492.0056517132
1777186670,512,GET,next_departures,130.700000,0.000000,520,570,610,620,680,790,4500,5100,6000,6000,6000,11939,0,440,661.2695378813506,38.032750017009676,12073.754499986535,105.29399447189881
1777186670,512,GET,point_read,155.900000,0.000000,530,580,620,640,700,780,4300,4900,6000,6200,6200,14763,0,440,670.2236180703566,38.52541701053269,11939.10274998052,100.29404592562487
1777186670,512,GET,trips_per_route,15.100000,0.000000,540,600,630,640,700,830,4100,4400,4900,4900,4900,1527,0,440,674.4116017586814,42.30537501280196,11665.672332979739,391.2468893254748
1777186670,512,,Aggregated,342.900000,0.000000,550,610,660,700,4100,5500,5900,6000,8400,9100,9100,32530,0,470,1071.0311637934158,38.032750017009676,17595.381749997614,29044.173224715647
1777186671,512,GET,bulk_update_departures,15.000000,0.000000,960,1000,1100,1100,1200,1300,5000,5200,5400,5400,5400,1490,0,850,1063.3617239232892,40.80887499731034,12730.519042001106,127.14093959731544
1777186671,512,GET,large_scan,24.100000,0.000000,5700,5800,5900,6000,6100,6200,8400,9700,10000,10000,10000,2864,0,5200,5120.685912038297,700.8814589935355,17595.381749997614,332492.0034916201
1777186671,512,GET,next_departures,127.700000,0.000000,510,550,590,610,680,750,4500,5200,6000,6000,6000,12042,0,440,660.5405795395576,38.032750017009676,12073.754499986535,105.2950506560372
1777186671,512,GET,point_read,151.300000,0.000000,510,560,600,620,700,780,4800,5800,6200,6300,6300,14906,0,440,672.7231172455134,38.52541701053269,11939.10274998052,100.29424392861935
1777186671,512,GET,trips_per_route,15.200000,0.000000,530,570,610,630,690,3600,4900,5900,6000,6000,6000,1542,0,450,679.6674993583241,42.30537501280196,11665.672332979739,391.2451361867704
1777186671,512,,Aggregated,333.300000,0.000000,530,600,650,700,4900,5700,6000,6100,9100,10000,10000,32844,0,470,1074.1670061262544,38.032750017009676,17595.381749997614,29101.595024966507
1777186672,512,GET,bulk_update_departures,14.100000,0.000000,920,1000,1100,1100,1200,1300,5200,5400,6300,6300,6300,1514,0,850,1063.652831640546,40.80887499731034,12730.519042001106,127.13672391017172
1777186672,512,GET,large_scan,24.000000,0.000000,5700,5900,5900,6000,6100,6300,8400,9700,10000,10000,10000,2893,0,5300,5128.316593298203,700.8814589935355,17595.381749997614,332492.0038022814
1777186672,512,GET,next_departures,122.900000,0.000000,490,530,560,590,650,750,5100,5700,6000,6100,6100,12184,0,440,662.7601913326098,38.032750017009676,12073.754499986535,105.29555154300722
1777186672,512,GET,point_read,146.600000,0.000000,490,540,580,600,670,780,5000,5800,6200,6300,6300,15096,0,440,673.3932300715185,38.52541701053269,11939.10274998052,100.29478007419183
1777186672,512,GET,trips_per_route,14.600000,0.000000,500,540,580,600,650,710,4900,5900,6000,6000,6000,1566,0,450,676.3824167544508,42.30537501280196,11665.672332979739,391.24840357598976
1777186672,512,,Aggregated,322.200000,0.000000,510,570,630,700,5100,5800,6000,6100,9100,10000,10000,33253,0,470,1074.9832955976576,38.032750017009676,17595.381749997614,29035.019938050704
1777186673,512,GET,bulk_update_departures,13.900000,0.000000,900,980,1100,1100,1200,4300,5200,5400,6300,6300,6300,1531,0,840,1065.056555586378,40.80887499731034,12730.519042001106,127.13520574787721
1777186673,512,GET,large_scan,24.200000,0.000000,5800,5900,5900,6000,6100,6300,8700,9800,10000,10000,10000,2929,0,5300,5137.449436666353,700.8814589935355,17595.381749997614,332492.0034141345
1777186673,512,GET,next_departures,121.100000,0.000000,490,530,560,580,650,740,5100,5700,6000,6100,6100,12294,0,440,662.3894554515605,38.032750017009676,12073.754499986535,105.2963234097934
1777186673,512,GET,point_read,145.000000,0.000000,490,530,570,600,670,780,5000,5800,6200,6300,6300,15245,0,440,672.8599353418131,38.52541701053269,11939.10274998052,100.29458838963595
1777186673,512,GET,trips_per_route,14.200000,0.000000,500,530,570,600,640,710,4900,5900,6000,6000,6000,1576,0,450,674.746479598666,42.30537501280196,11665.672332979739,391.25
1777186673,512,,Aggregated,318.400000,0.000000,510,570,630,700,5200,5800,6000,6200,9700,10000,10000,33575,0,470,1076.4782462562384,38.032750017009676,17595.381749997614,29114.038302308265
1777186674,512,GET,bulk_update_departures,13.800000,0.000000,910,990,1100,1100,1200,4400,5200,5400,6300,6300,6300,1544,0,840,1067.4747140127565,40.80887499731034,12730.519042001106,127.13341968911917
1777186674,512,GET,large_scan,26.600000,0.000000,5700,5800,5900,6000,6200,6300,8700,10000,11000,11000,11000,2979,0,5300,5148.535877697441,700.8814589935355,17595.381749997614,332491.9932863377
1777186674,512,GET,next_departures,120.400000,0.000000,490,530,560,590,660,750,5100,5700,6000,6100,6100,12436,0,440,661.8743873986233,38.032750017009676,12073.754499986535,105.29792537793503
1777186674,512,GET,point_read,145.900000,0.000000,490,530,560,600,670,760,5000,5800,6200,6300,6300,15432,0,440,670.8640756028364,38.52541701053269,11939.10274998052,100.29607309486781
1777186674,512,GET,trips_per_route,14.500000,0.000000,500,530,560,590,640,710,4900,5900,6000,6000,6000,1591,0,450,675.1631384176605,42.30537501280196,11665.672332979739,391.25267127592707
1777186674,512,,Aggregated,321.200000,0.000000,510,570,640,710,5300,5800,6000,6200,10000,11000,11000,33982,0,470,1078.3267078956785,38.032750017009676,17595.381749997614,29255.773026896593
1777186675,512,GET,bulk_update_departures,14.800000,0.000000,900,980,1100,1100,1200,4200,5200,5400,6300,6300,6300,1562,0,840,1063.498094283421,40.80887499731034,12730.519042001106,127.13124199743918
1777186675,512,GET,large_scan,28.100000,0.000000,5600,5800,5900,6000,6100,6300,9800,10000,11000,11000,11000,3021,0,5300,5146.917403409702,700.8814589935355,17595.381749997614,332491.9953657729
1777186675,512,GET,next_departures,120.600000,0.000000,470,520,550,580,660,750,5100,5700,6000,6100,6100,12593,0,440,661.0811276293298,38.032750017009676,12073.754499986535,105.29683157309617
1777186675,512,GET,point_read,149.100000,0.000000,480,520,550,590,660,760,5000,5800,6200,6300,6300,15623,0,440,668.844780837484,38.52541701053269,11939.10274998052,100.29853421237918
1777186675,512,GET,trips_per_route,14.800000,0.000000,490,530,560,580,640,700,4900,5900,6000,6000,6000,1603,0,450,673.2250483815093,42.30537501280196,11665.672332979739,391.2545227698066
1777186675,512,,Aggregated,327.400000,0.000000,500,560,630,700,5000,5700,6000,6200,10000,11000,11000,34402,0,470,1077.3663712222235,38.032750017009676,17595.381749997614,29305.768414627055
1777186676,512,GET,bulk_update_departures,14.800000,0.000000,870,940,1000,1100,1200,1300,5100,5400,6300,6300,6300,1577,0,830,1063.134634420252,40.80887499731034,12730.519042001106,127.1293595434369
1777186676,512,GET,large_scan,29.200000,0.000000,5600,5800,5900,5900,6100,6300,9800,10000,11000,11000,11000,3048,0,5300,5143.997672405752,700.8814589935355,17595.381749997614,332491.99901574804
1777186676,512,GET,next_departures,118.600000,0.000000,470,510,540,570,660,760,5100,5700,6000,6100,6100,12723,0,440,661.0410470391707,38.032750017009676,12073.754499986535,105.2967067515523
1777186676,512,GET,point_read,151.000000,0.000000,470,510,550,580,670,770,5000,5800,6200,6300,6300,15763,0,440,669.1475448348679,38.52541701053269,11939.10274998052,100.29829347205481
1777186676,512,GET,trips_per_route,14.000000,0.000000,490,520,550,560,630,700,4900,5900,6000,6000,6000,1620,0,450,671.4384987466699,42.30537501280196,11665.672332979739,391.25246913580247
1777186676,512,,Aggregated,327.600000,0.000000,490,550,630,700,4800,5700,6000,6200,10000,11000,11000,34731,0,470,1076.887984298014,38.032750017009676,17595.381749997614,29287.685842618986
1777186677,512,GET,bulk_update_departures,14.400000,0.000000,880,970,1100,1100,1200,1300,4400,5100,6300,6300,6300,1589,0,840,1063.247147722247,40.80887499731034,12730.519042001106,127.1334172435494
1777186677,512,GET,large_scan,31.400000,0.000000,5500,5800,5900,6000,6200,6400,9900,10000,11000,11000,11000,3065,0,5300,5141.270076559796,700.8814589935355,17595.381749997614,332492.00065252854
1777186677,512,GET,next_departures,117.600000,0.000000,480,540,580,610,690,830,5100,5700,6000,6100,6100,12816,0,440,661.8063325583882,38.032750017009676,12073.754499986535,105.29369538077404
1777186677,512,GET,point_read,152.400000,0.000000,480,540,580,620,690,780,5000,5800,6200,6300,6300,15865,0,440,669.9644793742201,38.52541701053269,11939.10274998052,100.29606051055784
1777186677,512,GET,trips_per_route,14.100000,0.000000,500,540,570,600,640,710,4900,5900,6000,6000,6000,1633,0,450,670.9909657149992,42.30537501280196,11665.672332979739,391.25045927740354
1777186677,512,,Aggregated,329.900000,0.000000,510,590,660,710,4500,5700,6000,6200,10000,11000,11000,34968,0,470,1076.8107175914897,38.032750017009676,17595.381749997614,29251.58859528712
1777186678,512,GET,bulk_update_departures,14.500000,0.000000,890,1000,1100,1200,1300,1400,4400,5100,6300,6300,6300,1600,0,840,1065.1077248054025,40.80887499731034,12730.519042001106,127.13625
1777186678,512,GET,large_scan,31.500000,0.000000,5600,5800,5900,6000,6200,7700,9900,10000,11000,11000,11000,3080,0,5300,5143.761749306738,700.8814589935355,17595.381749997614,332492.0012987013
1777186678,512,GET,next_departures,119.400000,0.000000,490,560,620,650,730,3700,5100,5700,6000,6100,6100,12910,0,440,663.2741955418579,38.032750017009676,12073.754499986535,105.29124709527498
1777186678,512,GET,point_read,159.100000,0.000000,490,570,630,660,740,810,5000,5800,6200,6300,6300,16000,0,440,671.7647902303606,38.52541701053269,11939.10274998052,100.2933125
1777186678,512,GET,trips_per_route,13.700000,0.000000,520,570,610,630,700,760,5200,5900,6000,6000,6000,1645,0,450,673.8665708787435,42.30537501280196,11665.672332979739,391.2462006079027
1777186678,512,,Aggregated,338.200000,0.000000,520,630,700,750,4500,5700,6000,6200,10000,11000,11000,35235,0,470,1077.5244945304396,38.032750017009676,17595.381749997614,29172.311196253726
1777186679,512,GET,bulk_update_departures,14.800000,0.000000,890,1000,1100,1200,1300,1400,4400,5100,6300,6300,6300,1611,0,850,1066.5012800935137,40.80887499731034,12730.519042001106,127.14090626939789
1777186679,512,GET,large_scan,31.300000,0.000000,5600,5800,5900,6000,6200,8100,9900,10000,11000,11000,11000,3092,0,5300,5145.21145675347,700.8814589935355,17595.381749997614,332491.99935316946
1777186679,512,GET,next_departures,119.900000,0.000000,490,560,620,660,740,3800,5100,5700,6000,6100,6100,13018,0,440,665.0922273951746,38.032750017009676,12073.754499986535,105.28898448302351
1777186679,512,GET,point_read,156.300000,0.000000,500,580,640,670,750,820,5200,5800,6200,6300,6300,16171,0,450,673.0669550309066,38.52541701053269,11939.10274998052,100.28959248036608
1777186679,512,GET,trips_per_route,14.000000,0.000000,520,580,630,640,730,820,5200,5900,6000,6000,6000,1660,0,450,674.3068216436933,42.30537501280196,11665.672332979739,391.23975903614456
1777186679,512,,Aggregated,336.300000,0.000000,530,640,710,750,4400,5700,6000,6200,10000,11000,11000,35552,0,470,1076.9805652699147,38.032750017009676,17595.381749997614,29025.426952070207
1777186680,512,GET,bulk_update_departures,14.900000,0.000000,890,1000,1100,1200,1300,1400,4400,6000,6300,6300,6300,1630,0,850,1069.857407248246,40.80887499731034,12730.519042001106,127.14662576687117
1777186680,512,GET,large_scan,29.700000,0.000000,5600,5800,5900,6000,6200,8300,9900,10000,11000,11000,11000,3113,0,5300,5152.322004774425,700.8814589935355,17595.381749997614,332491.99678766466
1777186680,512,GET,next_departures,119.400000,0.000000,490,550,610,650,740,830,5100,5600,6000,6100,6100,13128,0,440,666.5980382910739,38.032750017009676,12073.754499986535,105.28762949421085
1777186680,512,GET,point_read,154.000000,0.000000,490,550,610,650,730,810,5100,5700,6200,6300,6300,16317,0,450,673.6501814989847,38.52541701053269,11939.10274998052,100.28877857449287
1777186680,512,GET,trips_per_route,14.400000,0.000000,510,570,620,640,730,880,5600,5900,6000,6000,6000,1682,0,460,678.3848209022308,42.30537501280196,11665.672332979739,391.2407847800238
1777186680,512,,Aggregated,332.400000,0.000000,520,620,700,750,4400,5700,6000,6200,10000,11000,11000,35870,0,470,1077.9798801683594,38.032750017009676,17595.381749997614,28963.8006690828
1777186681,512,GET,bulk_update_departures,15.100000,0.000000,870,1000,1100,1200,1300,1400,4400,6000,6300,6300,6300,1650,0,850,1067.1415306452423,40.80887499731034,12730.519042001106,127.1430303030303
1777186681,512,GET,large_scan,28.700000,0.000000,5600,5800,6000,6000,6400,7700,9400,10000,11000,11000,11000,3133,0,5300,5159.8987897736315,700.8814589935355,17595.381749997614,332491.99425470794
1777186681,512,GET,next_departures,116.800000,0.000000,490,570,630,660,740,3800,5200,5600,5900,5900,5900,13240,0,440,667.6655395221547,38.032750017009676,12073.754499986535,105.28768882175227
1777186681,512,GET,point_read,153.700000,0.000000,490,560,620,660,730,820,5200,5600,5800,5800,5800,16452,0,450,675.8560179747657,38.52541701053269,11939.10274998052,100.28902261123268
1777186681,512,GET,trips_per_route,13.900000,0.000000,520,580,620,640,730,880,5500,5600,5700,5700,5700,1696,0,460,679.5926886365089,42.30537501280196,11665.672332979739,391.24115566037733
1777186681,512,,Aggregated,328.200000,0.000000,520,630,700,750,4400,5600,6000,6300,10000,11000,11000,36171,0,470,1079.2737437407604,38.032750017009676,17595.381749997614,28907.542312902602
1777186682,512,GET,bulk_update_departures,15.100000,0.000000,870,1100,1100,1200,1300,1400,5100,5800,6000,6000,6000,1660,0,850,1068.078797203415,40.80887499731034,12730.519042001106,127.1421686746988
1777186682,512,GET,large_scan,28.300000,0.000000,5600,6000,6200,6300,6500,8100,9900,10000,11000,11000,11000,3178,0,5300,5177.800299030473,700.8814589935355,17595.381749997614,332491.9946507237
1777186682,512,GET,next_departures,114.900000,0.000000,490,560,620,660,740,3700,4900,5400,5900,5900,5900,13348,0,440,667.0652809152255,38.032750017009676,12073.754499986535,105.28835780641295
1777186682,512,GET,point_read,152.800000,0.000000,490,570,620,660,740,830,4900,5500,5800,5800,5800,16589,0,450,676.6861121285145,38.52541701053269,11939.10274998052,100.28958948700947
1777186682,512,GET,trips_per_route,14.100000,0.000000,530,590,630,660,740,880,5500,5600,5700,5700,5700,1707,0,460,678.3034215790645,42.30537501280196,11665.672332979739,391.2431165787932
1777186682,512,,Aggregated,325.200000,0.000000,520,630,700,750,4500,5600,6200,6500,10000,11000,11000,36482,0,470,1083.1494265135766,38.032750017009676,17595.381749997614,29072.078285181735
1777186683,512,GET,bulk_update_departures,15.500000,0.000000,890,1100,1100,1200,1300,1400,4400,5800,6000,6000,6000,1675,0,850,1066.4103338463794,40.80887499731034,12730.519042001106,127.14029850746269
1777186683,512,GET,large_scan,28.100000,0.000000,5800,6100,6300,6400,6600,8300,10000,10000,11000,11000,11000,3230,0,5300,5195.835162586329,700.8814589935355,17595.381749997614,332491.9891640867
1777186683,512,GET,next_departures,116.700000,0.000000,500,570,620,660,740,820,4900,5400,5900,5900,5900,13445,0,440,666.4314608985807,38.032750017009676,12073.754499986535,105.28806247675716
1777186683,512,GET,point_read,153.000000,0.000000,510,570,620,660,730,810,4900,5500,5800,5800,5800,16754,0,450,675.7852083196274,38.52541701053269,11939.10274998052,100.28888623612272
1777186683,512,GET,trips_per_route,15.300000,0.000000,530,590,630,660,740,880,5500,5600,5700,5700,5700,1720,0,460,679.5148078061175,42.30537501280196,11665.672332979739,391.24244186046514
1777186683,512,,Aggregated,328.600000,0.000000,540,640,710,760,4700,5700,6300,6600,10000,11000,11000,36824,0,480,1086.786517644509,38.032750017009676,17595.381749997614,29272.508689984792
1777186684,512,GET,bulk_update_departures,15.500000,0.000000,960,1100,1100,1200,1300,1400,4400,5800,6000,6000,6000,1688,0,850,1066.3259122640513,40.80887499731034,12730.519042001106,127.1409952606635
1777186684,512,GET,large_scan,26.600000,0.000000,5700,6100,6300,6400,6600,8100,9700,10000,10000,10000,10000,3263,0,5300,5198.010429471575,700.8814589935355,17595.381749997614,332491.9889672081
1777186684,512,GET,next_departures,117.000000,0.000000,530,600,640,660,740,820,5000,5400,5900,5900,5900,13552,0,440,667.4336333221146,38.032750017009676,12073.754499986535,105.28527154663519
1777186684,512,GET,point_read,150.600000,0.000000,540,600,640,670,740,850,5000,5500,5800,5800,5800,16891,0,450,676.794001042153,38.52541701053269,11939.10274998052,100.28719436386241
1777186684,512,GET,trips_per_route,14.700000,0.000000,550,610,640,670,760,880,5500,5600,5700,5700,5700,1736,0,460,681.3294081754225,42.30537501280196,11665.672332979739,391.24078341013825
1777186684,512,,Aggregated,324.400000,0.000000,570,650,710,760,4700,5700,6300,6600,10000,10000,10000,37130,0,480,1088.6248880755224,38.032750017009676,17595.381749997614,29327.658093186103
1777186685,512,GET,bulk_update_departures,14.800000,0.000000,960,1100,1100,1200,1300,1400,5200,5800,6000,6000,6000,1704,0,850,1066.9371134252867,40.80887499731034,12730.519042001106,127.13732394366197
1777186685,512,GET,large_scan,28.300000,0.000000,5800,6200,6300,6400,6600,8300,10000,10000,10000,10000,10000,3291,0,5300,5202.379347877463,700.8814589935355,17595.381749997614,332491.98237617745
1777186685,512,GET,next_departures,117.600000,0.000000,540,600,640,660,740,820,5000,5400,5900,5900,5900,13697,0,440,667.6386297963244,38.032750017009676,12073.754499986535,105.28546397021246
1777186685,512,GET,point_read,151.200000,0.000000,540,610,640,670,750,880,5000,5500,5800,5800,5800,17059,0,450,676.5438075634542,38.52541701053269,11939.10274998052,100.28735564804502
1777186685,512,GET,trips_per_route,14.100000,0.000000,550,610,640,670,760,880,5500,5600,5700,5700,5700,1748,0,460,679.9642511713598,42.30537501280196,11665.672332979739,391.24141876430207
1777186685,512,,Aggregated,326.000000,0.000000,570,650,710,760,4800,5700,6300,6600,10000,10000,10000,37499,0,480,1088.3883813364107,38.032750017009676,17595.381749997614,29288.368836502308
1777186686,512,GET,bulk_update_departures,14.400000,0.000000,1000,1100,1100,1200,1300,1400,5200,5800,6000,6000,6000,1717,0,860,1066.567689176306,40.80887499731034,12730.519042001106,127.13686662783925
1777186686,512,GET,large_scan,30.300000,0.000000,5800,6200,6300,6400,6600,7700,10000,10000,10000,10000,10000,3308,0,5300,5202.244714438576,700.8814589935355,17595.381749997614,332491.9824667473
1777186686,512,GET,next_departures,113.300000,0.000000,550,600,640,660,740,830,5100,5500,5900,5900,5900,13831,0,450,669.0872305165394,38.032750017009676,12073.754499986535,105.28327669727423
1777186686,512,GET,point_read,148.800000,0.000000,550,600,650,670,740,850,5000,5500,5800,5800,5800,17183,0,450,676.6374126497166,38.52541701053269,11939.10274998052,100.28667869405808
1777186686,512,GET,trips_per_route,14.200000,0.000000,560,610,640,670,760,880,5500,5600,5700,5700,5700,1765,0,460,678.620810792966,42.30537501280196,11665.672332979739,391.2402266288952
1777186686,512,,Aggregated,321.000000,0.000000,570,650,710,760,5000,5700,6300,6600,10000,10000,10000,37804,0,480,1087.6863325458241,38.032750017009676,17595.381749997614,29202.51058089091
1777186687,512,GET,bulk_update_departures,14.400000,0.000000,980,1100,1100,1200,1300,1400,5200,5800,6000,6000,6000,1731,0,860,1065.792755693692,40.80887499731034,12730.519042001106,127.13633737723859
1777186687,512,GET,large_scan,28.100000,0.000000,5800,6100,6300,6400,6600,7100,10000,10000,10000,10000,10000,3334,0,5300,5205.127783976265,700.8814589935355,17595.381749997614,332491.9829034193
1777186687,512,GET,next_departures,111.700000,0.000000,530,580,610,640,720,850,5300,5500,5900,5900,5900,13957,0,450,669.882757321712,38.032750017009676,12073.754499986535,105.28380024360536
1777186687,512,GET,point_read,147.200000,0.000000,530,570,620,640,720,810,5300,5500,5800,5800,5800,17353,0,450,677.504643974635,38.52541701053269,11939.10274998052,100.28588716648419
1777186687,512,GET,trips_per_route,14.400000,0.000000,540,600,630,640,740,880,5500,5600,5700,5700,5700,1782,0,460,677.2190823796763,42.30537501280196,11665.672332979739,391.24074074074076
1777186687,512,,Aggregated,315.800000,0.000000,550,620,690,740,5100,5700,6300,6500,10000,10000,10000,38157,0,480,1087.923039744061,38.032750017009676,17595.381749997614,29159.924574783134
1777186688,512,GET,bulk_update_departures,14.300000,0.000000,960,1000,1100,1100,1200,1300,5800,5900,6000,6000,6000,1739,0,860,1067.4075877066068,40.80887499731034,12730.519042001106,127.13571017826337
1777186688,512,GET,large_scan,26.800000,0.000000,5800,6000,6200,6300,6500,6800,10000,10000,10000,10000,10000,3363,0,5300,5210.911309962807,700.8814589935355,17595.381749997614,332491.9809693726
1777186688,512,GET,next_departures,111.000000,0.000000,510,560,600,610,690,840,5300,5500,5900,5900,5900,14045,0,450,669.1303719935356,38.032750017009676,12073.754499986535,105.28437166251335
1777186688,512,GET,point_read,144.300000,0.000000,500,560,590,610,680,800,5200,5500,5800,5800,5800,17500,0,450,676.7863138438229,38.52541701053269,11939.10274998052,100.286
1777186688,512,GET,trips_per_route,14.500000,0.000000,530,570,600,620,710,850,5500,5600,5700,5700,5700,1791,0,460,676.2402808534656,42.30537501280196,11665.672332979739,391.2428810720268
1777186688,512,,Aggregated,310.900000,0.000000,530,600,650,720,5200,5800,6300,6500,10000,10000,10000,38438,0,480,1088.3334054932968,38.032750017009676,17595.381749997614,29198.3469743483
1777186689,512,GET,bulk_update_departures,14.000000,0.000000,960,1000,1100,1100,1200,1300,5800,5900,6000,6000,6000,1750,0,860,1068.0942723461692,40.80887499731034,12730.519042001106,127.13885714285715
1777186689,512,GET,large_scan,25.700000,0.000000,5800,6100,6200,6300,6500,6900,10000,10000,10000,10000,10000,3392,0,5400,5217.424749408001,700.8814589935355,17595.381749997614,332491.98083726416
1777186689,512,GET,next_departures,111.100000,0.000000,510,560,600,620,680,850,5200,5500,5900,5900,5900,14135,0,450,670.1963769329509,38.032750017009676,12073.754499986535,105.28157056950832
1777186689,512,GET,point_read,142.300000,0.000000,500,560,590,610,670,820,5000,5400,5800,5800,5800,17622,0,450,677.4914535441966,38.52541701053269,11939.10274998052,100.2836227442969
1777186689,512,GET,trips_per_route,14.600000,0.000000,530,570,600,620,680,870,5500,5600,5700,5700,5700,1803,0,470,678.9677283741547,42.30537501280196,11665.672332979739,391.2396006655574
1777186689,512,,Aggregated,307.700000,0.000000,530,600,650,720,5200,5800,6300,6500,10000,10000,10000,38702,0,480,1090.4560157914157,38.032750017009676,17595.381749997614,29249.032349749366
1777186690,512,GET,bulk_update_departures,14.100000,0.000000,940,1000,1000,1100,1100,1400,5800,5800,5900,5900,5900,1761,0,860,1070.6831128039996,40.80887499731034,12730.519042001106,127.1396933560477
1777186690,512,GET,large_scan,26.900000,0.000000,5800,6100,6200,6300,6500,6800,10000,10000,10000,10000,10000,3412,0,5400,5223.111702067098,700.8814589935355,17595.381749997614,332491.9794841735
1777186690,512,GET,next_departures,111.500000,0.000000,510,570,600,630,700,840,5200,5500,6000,6000,6000,14270,0,450,671.7384568903474,38.032750017009676,12073.754499986535,105.27953749124036
1777186690,512,GET,point_read,144.500000,0.000000,510,560,600,620,700,810,5000,5400,5700,5700,5700,17797,0,450,677.1870517141147,38.52541701053269,11939.10274998052,100.28173287632747
1777186690,512,GET,trips_per_route,14.600000,0.000000,540,600,620,640,700,870,5200,5500,6000,6000,6000,1819,0,470,681.4476683219818,42.30537501280196,11665.672332979739,391.238592633315
1777186690,512,,Aggregated,311.600000,0.000000,540,610,670,730,5200,5800,6300,6500,10000,10000,10000,39059,0,480,1090.245247880379,38.032750017009676,17595.381749997614,29152.954325507566
1777186691,512,GET,bulk_update_departures,13.800000,0.000000,970,1000,1000,1100,1200,1400,5800,5900,6100,6100,6100,1778,0,860,1070.8080073485949,40.80887499731034,12730.519042001106,127.13779527559055
1777186691,512,GET,large_scan,28.100000,0.000000,5700,5900,6000,6100,6400,6700,10000,10000,11000,11000,11000,3459,0,5400,5233.756506709708,700.8814589935355,17595.381749997614,332491.9788956346
1777186691,512,GET,next_departures,111.400000,0.000000,510,570,600,620,700,830,5200,5500,6000,6000,6000,14388,0,450,670.5904737565592,38.032750017009676,12073.754499986535,105.28023352793996
1777186691,512,GET,point_read,145.700000,0.000000,510,560,600,620,700,790,5000,5500,6000,6000,6000,17968,0,450,678.5036112423239,38.52541701053269,11939.10274998052,100.28127782724845
1777186691,512,GET,trips_per_route,14.200000,0.000000,550,600,630,640,700,870,5200,6000,6100,6100,6100,1832,0,470,682.6661497738767,42.30537501280196,11665.672332979739,391.2396288209607
1777186691,512,,Aggregated,313.200000,0.000000,540,610,670,730,5200,5800,6100,6300,10000,11000,11000,39425,0,480,1093.1620394006786,38.032750017009676,17595.381749997614,29279.62417247939
1777186693,512,GET,bulk_update_departures,13.900000,0.000000,950,1000,1000,1100,1200,1500,5900,6100,6400,6400,6400,1792,0,860,1072.0187967951103,40.80887499731034,12730.519042001106,127.13616071428571
1777186693,512,GET,large_scan,29.600000,0.000000,5600,5800,5900,5900,6100,6500,10000,10000,11000,11000,11000,3491,0,5400,5235.917018451713,700.8814589935355,17595.381749997614,332491.97908908624
1777186693,512,GET,next_departures,111.700000,0.000000,510,560,600,620,700,830,5300,5700,6000,6000,6000,14511,0,450,670.247430333486,38.032750017009676,12073.754499986535,105.28089035903797
1777186693,512,GET,point_read,145.100000,0.000000,500,560,600,620,700,790,5100,5700,6000,6000,6000,18109,0,450,677.6036701070735,38.52541701053269,11939.10274998052,100.28190402562262
1777186693,512,GET,trips_per_route,14.300000,0.000000,530,600,630,640,750,5000,5800,6000,6100,6100,6100,1853,0,470,688.6899818827458,42.30537501280196,11665.672332979739,391.241230437129
1777186693,512,,Aggregated,314.600000,0.000000,530,600,660,720,5100,5700,6000,6100,10000,11000,11000,39756,0,480,1093.4820368054777,38.032750017009676,17595.381749997614,29304.407712043467
1777186694,512,GET,bulk_update_departures,13.100000,0.000000,920,1000,1000,1100,1300,5200,6100,6400,6500,6500,6500,1801,0,860,1074.572003137075,40.80887499731034,12730.519042001106,127.13548028872849
1777186694,512,GET,large_scan,29.900000,0.000000,5600,5800,5900,5900,6100,6400,10000,10000,11000,11000,11000,3527,0,5400,5236.559647350717,700.8814589935355,17595.381749997614,332491.97986957757
1777186694,512,GET,next_departures,114.200000,0.000000,500,560,590,620,700,820,5500,5700,6000,6000,6000,14608,0,450,671.0355617778806,38.032750017009676,12073.754499986535,105.27977820372399
1777186694,512,GET,point_read,148.200000,0.000000,500,550,590,620,700,790,5400,5900,6100,6200,6200,18226,0,450,678.7187683621104,38.52541701053269,11939.10274998052,100.280862504115
1777186694,512,GET,trips_per_route,13.700000,0.000000,530,600,630,640,710,930,5800,6000,6100,6100,6100,1870,0,470,687.7273025693537,42.30537501280196,11665.672332979739,391.2385026737968
1777186694,512,,Aggregated,319.100000,0.000000,530,600,660,720,5200,5700,6000,6100,10000,11000,11000,40032,0,480,1095.7113276448715,38.032750017009676,17595.381749997614,29402.114458433254
1777186695,512,GET,bulk_update_departures,12.800000,0.000000,970,1000,1100,1100,1300,5800,6400,6500,6600,6600,6600,1817,0,860,1077.059762236563,40.80887499731034,12730.519042001106,127.13373692900386
1777186695,512,GET,large_scan,32.400000,0.000000,5600,5800,5900,5900,6100,6400,9900,10000,11000,11000,11000,3559,0,5400,5240.108055515904,700.8814589935355,17595.381749997614,332491.9789266648
1777186695,512,GET,next_departures,114.800000,0.000000,510,570,600,620,700,810,5500,5800,6000,6100,6100,14753,0,450,671.3680929895048,38.032750017009676,12073.754499986535,105.28014641089948
1777186695,512,GET,point_read,151.600000,0.000000,510,570,600,630,700,790,5600,6000,6200,6300,6300,18378,0,460,679.5963358388149,38.52541701053269,11939.10274998052,100.2805528349113
1777186695,512,GET,trips_per_route,13.600000,0.000000,540,600,630,650,760,930,5800,6000,6100,6100,6100,1886,0,470,686.673447028969,42.30537501280196,11665.672332979739,391.237539766702
1777186695,512,,Aggregated,325.200000,0.000000,540,610,670,730,5300,5700,6000,6100,10000,11000,11000,40393,0,480,1096.624247136418,38.032750017009676,17595.381749997614,29403.708142499938
1777186696,512,GET,bulk_update_departures,12.600000,0.000000,920,1000,1000,1100,1300,5800,6400,6500,6600,6600,6600,1834,0,860,1077.9448205560493,40.80887499731034,12730.519042001106,127.13249727371864
1777186696,512,GET,large_scan,29.400000,0.000000,5600,5800,5800,5900,6100,6400,10000,10000,11000,11000,11000,3581,0,5400,5239.811792504953,700.8814589935355,17595.381749997614,332491.9796146328
1777186696,512,GET,next_departures,116.300000,0.000000,510,550,590,620,690,810,5500,5800,6000,6100,6100,14891,0,450,671.2271306321335,38.032750017009676,12073.754499986535,105.28057215767913
1777186696,512,GET,point_read,147.200000,0.000000,500,550,590,620,700,790,5600,6000,6200,6300,6300,18552,0,460,679.5532141236393,38.52541701053269,11939.10274998052,100.28110176800345
1777186696,512,GET,trips_per_route,15.000000,0.000000,530,600,630,650,770,5100,5800,6000,6100,6100,6100,1901,0,470,687.5749201576015,42.30537501280196,11665.672332979739,391.23934771173066
1777186696,512,,Aggregated,320.500000,0.000000,530,600,660,730,5200,5700,6000,6100,10000,11000,11000,40759,0,480,1095.4663064291158,38.032750017009676,17595.381749997614,29320.121543708137
1777186697,512,GET,bulk_update_departures,12.600000,0.000000,910,960,1000,1100,1300,5800,6400,6500,6600,6600,6600,1851,0,870,1078.6889799804387,40.80887499731034,12730.519042001106,127.1301998919503
1777186697,512,GET,large_scan,29.400000,0.000000,5500,5700,5800,5900,6100,6400,10000,10000,11000,11000,11000,3604,0,5400,5239.64385125393,700.8814589935355,17595.381749997614,332491.9786348502
1777186697,512,GET,next_departures,116.300000,0.000000,510,540,590,610,690,800,5500,5800,6000,6100,6100,15002,0,450,671.1432381203294,38.032750017009676,12073.754499986535,105.28056259165444
1777186697,512,GET,point_read,147.200000,0.000000,510,550,590,620,700,800,5600,6000,6200,6300,6300,18709,0,460,680.6888664770729,38.52541701053269,11939.10274998052,100.28093430969052
1777186697,512,GET,trips_per_route,15.000000,0.000000,530,600,640,660,860,5200,5800,6000,6100,6100,6100,1920,0,470,692.9657015018771,42.30537501280196,11665.672332979739,391.24010416666664
1777186697,512,,Aggregated,320.500000,0.000000,530,600,670,730,5200,5700,6000,6100,10000,11000,11000,41086,0,480,1095.6121975842661,38.032750017009676,17595.381749997614,29273.795575135082
1777186698,512,GET,bulk_update_departures,12.800000,0.000000,910,960,1000,1000,1300,5200,6400,6500,6600,6600,6600,1866,0,870,1077.053123047578,40.80887499731034,12730.519042001106,127.12861736334405
1777186698,512,GET,large_scan,29.000000,0.000000,5500,5700,5800,5900,6100,6400,10000,10000,11000,11000,11000,3626,0,5400,5240.610188730338,700.8814589935355,17595.381749997614,332491.9773855488
1777186698,512,GET,next_departures,118.700000,0.000000,510,540,580,610,690,810,5500,5800,6000,6100,6100,15122,0,450,671.8288744012734,38.032750017009676,12073.754499986535,105.28131199576775
1777186698,512,GET,point_read,148.600000,0.000000,500,550,590,610,700,790,5600,6000,6200,6300,6300,18894,0,460,679.9596062990694,38.52541701053269,11939.10274998052,100.2814120884937
1777186698,512,GET,trips_per_route,15.300000,0.000000,530,600,640,650,860,5100,5800,6000,6100,6100,6100,1939,0,470,693.0894929136032,42.30537501280196,11665.672332979739,391.23981433728727
1777186698,512,,Aggregated,324.400000,0.000000,520,590,660,720,5100,5600,6000,6100,10000,11000,11000,41447,0,480,1094.4745636309744,38.032750017009676,17595.381749997614,29196.28747557121
1777186699,512,GET,bulk_update_departures,13.400000,0.000000,910,940,980,1000,1100,5200,6400,6500,6600,6600,6600,1875,0,870,1076.4790779017223,40.80887499731034,12730.519042001106,127.128
1777186699,512,GET,large_scan,29.600000,0.000000,5400,5600,5800,5900,6100,6400,10000,10000,11000,11000,11000,3654,0,5400,5245.099773275096,700.8814589935355,17595.381749997614,332491.9778325123
1777186699,512,GET,next_departures,116.800000,0.000000,500,530,560,580,650,760,5400,5800,6000,6100,6100,15208,0,450,671.7139789632411,38.032750017009676,12073.754499986535,105.28018148342977
1777186699,512,GET,point_read,152.300000,0.000000,500,540,570,590,660,770,5600,6000,6200,6300,6300,19018,0,460,680.4759616549339,38.52541701053269,11939.10274998052,100.27994531496476
1777186699,512,GET,trips_per_route,15.400000,0.000000,520,570,610,640,760,5100,5800,6000,6100,6100,6100,1946,0,470,692.6741232284149,42.30537501280196,11665.672332979739,391.24049331963
1777186699,512,,Aggregated,327.500000,0.000000,520,570,620,690,5100,5600,6000,6100,10000,11000,11000,41701,0,490,1095.6249182811384,38.032750017009676,17595.381749997614,29242.311479341024
1777186700,512,GET,bulk_update_departures,13.500000,0.000000,920,960,1000,1000,1100,1200,6400,6500,6600,6600,6600,1892,0,870,1076.6715121700197,40.80887499731034,12730.519042001106,127.13107822410149
1777186700,512,GET,large_scan,29.100000,0.000000,5400,5600,5800,5900,6100,6300,10000,11000,11000,11000,11000,3680,0,5400,5250.588358617734,700.8814589935355,17595.381749997614,332491.9760869565
1777186700,512,GET,next_departures,116.500000,0.000000,510,540,560,580,630,700,5000,5700,6000,6100,6100,15328,0,460,672.8931268890846,38.032750017009676,12073.754499986535,105.27909707724426
1777186700,512,GET,point_read,154.000000,0.000000,500,540,570,590,640,820,5600,6000,6200,6300,6300,19164,0,460,681.8617887645414,38.52541701053269,11939.10274998052,100.27880400751408
1777186700,512,GET,trips_per_route,15.700000,0.000000,520,560,600,620,710,5100,5800,5800,6100,6100,6100,1958,0,470,692.1409425487769,42.30537501280196,11665.672332979739,391.23953013278856
1777186700,512,,Aggregated,328.800000,0.000000,520,570,620,670,5100,5600,6000,6100,11000,11000,11000,42022,0,490,1096.9431439505224,38.032750017009676,17595.381749997614,29225.465518061967
1777186701,512,GET,bulk_update_departures,13.500000,0.000000,940,1000,1100,1100,1200,5200,6400,6500,6600,6600,6600,1903,0,870,1081.5803689919292,40.80887499731034,12730.519042001106,127.13399894902786
1777186701,512,GET,large_scan,29.100000,0.000000,5400,5500,5700,5800,6000,6200,10000,11000,11000,11000,11000,3693,0,5400,5254.542627155753,700.8814589935355,17595.381749997614,332491.97617113456
1777186701,512,GET,next_departures,116.500000,0.000000,520,550,580,610,680,810,5000,5700,6000,6100,6100,15403,0,460,673.1851406028009,38.032750017009676,12073.754499986535,105.2774134908784
1777186701,512,GET,point_read,154.000000,0.000000,520,560,590,610,700,860,5100,5700,6200,6300,6300,19269,0,460,682.7496974785105,38.52541701053269,11939.10274998052,100.27707717058487
1777186701,512,GET,trips_per_route,15.700000,0.000000,530,570,610,640,770,4800,5500,5800,5800,5800,5800,1966,0,480,691.9776717789791,42.30537501280196,11665.672332979739,391.23753814852495
1777186701,512,,Aggregated,328.800000,0.000000,540,590,640,740,4900,5400,5900,6000,11000,11000,11000,42234,0,490,1097.4256785626158,38.032750017009676,17595.381749997614,29181.649950277028
1777186702,512,GET,bulk_update_departures,14.200000,0.000000,980,1100,1100,1200,1300,5200,5600,6500,6600,6600,6600,1912,0,880,1082.8651655270223,40.80887499731034,12730.519042001106,127.13650627615063
1777186702,512,GET,large_scan,28.700000,0.000000,5500,5700,5900,6000,6300,6500,10000,11000,11000,11000,11000,3718,0,5400,5262.118854816638,700.8814589935355,17595.381749997614,332491.9755244755
1777186702,512,GET,next_departures,119.100000,0.000000,540,580,610,640,770,860,5000,5500,6100,6100,6100,15473,0,460,674.6273762656932,38.032750017009676,12073.754499986535,105.2751890389711
1777186702,512,GET,point_read,154.200000,0.000000,540,590,630,660,790,920,5100,5600,6200,6300,6300,19403,0,460,684.4667866763082,38.52541701053269,11939.10274998052,100.27439055816112
1777186702,512,GET,trips_per_route,15.500000,0.000000,550,590,640,660,810,910,5100,5100,5300,5300,5300,1977,0,480,692.1772858328366,42.30537501280196,11665.672332979739,391.23672230652505
1777186702,512,,Aggregated,331.700000,0.000000,560,620,710,810,5000,5500,6000,6300,11000,11000,11000,42483,0,490,1099.7963667261429,38.032750017009676,17595.381749997614,29206.889155662266
1777186703,512,GET,bulk_update_departures,14.200000,0.000000,990,1100,1200,1200,1400,1500,5500,5600,6600,6600,6600,1921,0,880,1083.9274870008885,40.80887499731034,12730.519042001106,127.13482561166059
1777186703,512,GET,large_scan,28.700000,0.000000,5600,5900,6100,6300,6600,6900,10000,11000,11000,11000,11000,3734,0,5400,5268.611582350909,700.8814589935355,17595.381749997614,332491.97616497055
1777186703,512,GET,next_departures,119.100000,0.000000,540,580,620,640,780,860,5000,5300,6100,6100,6100,15550,0,460,675.2153217444377,38.032750017009676,12073.754499986535,105.27408360128618
1777186703,512,GET,point_read,154.200000,0.000000,540,590,630,660,800,900,5100,5400,6200,6300,6300,19533,0,460,684.9387682194362,38.52541701053269,11939.10274998052,100.27200122868992
1777186703,512,GET,trips_per_route,15.500000,0.000000,550,610,650,670,810,910,5100,5100,5300,5300,5300,1991,0,480,691.842395575861,42.30537501280196,11665.672332979739,391.23656454043197
1777186703,512,,Aggregated,331.700000,0.000000,560,630,710,800,4800,5500,6100,6500,11000,11000,11000,42729,0,490,1100.2173178257065,38.032750017009676,17595.381749997614,29163.8896768003
1777186704,512,GET,bulk_update_departures,13.400000,0.000000,980,1100,1200,1200,1400,1500,5300,5500,5600,5600,5600,1936,0,880,1083.4926571253825,40.80887499731034,12730.519042001106,127.13636363636364
1777186704,512,GET,large_scan,25.700000,0.000000,5800,6200,6500,6600,7000,7100,10000,11000,11000,11000,11000,3755,0,5400,5278.27331631033,700.8814589935355,17595.381749997614,332491.97603195737
1777186704,512,GET,next_departures,108.500000,0.000000,530,580,610,640,780,870,5000,5600,6300,6300,6300,15668,0,460,675.8526133766225,38.032750017009676,12073.754499986535,105.27412560633138
1777186704,512,GET,point_read,143.500000,0.000000,540,580,630,660,800,900,5100,5500,6100,6200,6200,19682,0,460,685.3935358132586,38.52541701053269,11939.10274998052,100.27227923991464
1777186704,512,GET,trips_per_route,14.500000,0.000000,540,590,640,660,860,4700,5300,6000,6100,6100,6100,2010,0,480,695.5308528033211,42.30537501280196,11665.672332979739,391.236815920398
1777186704,512,,Aggregated,305.600000,0.000000,550,620,700,800,4800,5600,6400,6900,11000,11000,11000,43051,0,490,1100.8977589216497,38.032750017009676,17595.381749997614,29108.798541265012
1777186705,512,GET,bulk_update_departures,12.900000,0.000000,990,1100,1200,1200,1400,5200,6400,6600,6800,6800,6800,1953,0,880,1090.4378494980472,40.80887499731034,12730.519042001106,127.1321044546851
1777186705,512,GET,large_scan,24.300000,0.000000,6100,6600,6900,7000,7100,7200,7400,11000,11000,11000,11000,3791,0,5400,5295.656566505768,700.8814589935355,17595.381749997614,332491.97467686626
1777186705,512,GET,next_departures,103.900000,0.000000,530,580,620,650,790,930,5600,5900,6300,6300,6300,15789,0,460,676.5488134708288,38.032750017009676,12073.754499986535,105.27481157768067
1777186705,512,GET,point_read,142.400000,0.000000,540,590,630,660,800,900,5100,5800,6100,6200,6200,19817,0,460,684.8794852754027,38.52541701053269,11939.10274998052,100.27289700761972
1777186705,512,GET,trips_per_route,13.800000,0.000000,530,590,630,660,880,4800,6000,6000,6100,6100,6100,2030,0,480,698.2280479318702,42.30537501280196,11665.672332979739,391.23793103448276
1777186705,512,,Aggregated,297.300000,0.000000,550,630,720,810,5100,6000,6900,7100,11000,11000,11000,43380,0,490,1103.6686970167837,38.032750017009676,17595.381749997614,29164.796449976948
1777186706,512,GET,bulk_update_departures,13.100000,0.000000,990,1100,1200,1200,1400,1500,6400,6600,6800,6800,6800,1966,0,880,1087.7950923762166,40.80887499731034,12730.519042001106,127.13123092573754
1777186706,512,GET,large_scan,22.700000,0.000000,6500,6800,7000,7000,7200,7400,11000,11000,11000,11000,11000,3843,0,5400,5318.347091290993,700.8814589935355,17595.381749997614,332491.975019516
1777186706,512,GET,next_departures,103.100000,0.000000,520,580,620,650,790,4500,5700,6000,6300,6300,6300,15902,0,460,676.6508999505686,38.032750017009676,12073.754499986535,105.27675764054835
1777186706,512,GET,point_read,142.500000,0.000000,530,580,630,660,800,880,5300,5900,6100,6200,6200,19942,0,460,684.2357584784025,38.52541701053269,11939.10274998052,100.27374385718583
1777186706,512,GET,trips_per_route,13.700000,0.000000,530,580,630,660,860,4700,6000,6000,6100,6100,6100,2040,0,480,699.1027139964417,42.30537501280196,11665.672332979739,391.2392156862745
1777186706,512,,Aggregated,295.100000,0.000000,550,630,740,820,5500,6400,7000,7200,11000,11000,11000,43693,0,490,1107.919224282737,38.032750017009676,17595.381749997614,29352.264619046528
1777186707,512,GET,bulk_update_departures,13.200000,0.000000,1000,1100,1200,1300,1400,5300,6400,6600,6800,6800,6800,1975,0,880,1089.1910568716835,40.80887499731034,12730.519042001106,127.12911392405063
1777186707,512,GET,large_scan,23.100000,0.000000,6500,6800,6900,7000,7200,7400,11000,11000,11000,11000,11000,3903,0,5500,5333.523665460744,700.8814589935355,17595.381749997614,332491.9733538304
1777186707,512,GET,next_departures,101.200000,0.000000,520,570,610,650,780,900,5700,6000,6300,6300,6300,16042,0,460,675.9337435560967,38.032750017009676,12073.754499986535,105.27833187881811
1777186707,512,GET,point_read,141.500000,0.000000,530,580,630,670,800,890,5500,5900,6100,6200,6200,20122,0,460,684.1742906806669,38.52541701053269,11939.10274998052,100.27397872974853
1777186707,512,GET,trips_per_route,14.200000,0.000000,540,580,630,660,840,950,6000,6000,6100,6100,6100,2053,0,480,697.7479579735914,42.30537501280196,11665.672332979739,391.2406234778373
1777186707,512,,Aggregated,293.200000,0.000000,550,640,750,830,5900,6500,7000,7200,11000,11000,11000,44095,0,490,1111.478760688007,38.032750017009676,17595.381749997614,29537.976119741466
1777186708,512,GET,bulk_update_departures,13.300000,0.000000,1000,1100,1200,1300,1400,5500,6400,6600,6800,6800,6800,1987,0,880,1089.495529392844,40.80887499731034,12730.519042001106,127.12732762959234
1777186708,512,GET,large_scan,25.800000,0.000000,6400,6700,6900,7000,7200,7400,10000,11000,11000,11000,11000,3955,0,5400,5328.414037653412,700.8814589935355,17595.381749997614,332491.97471554996
1777186708,512,GET,next_departures,101.100000,0.000000,490,550,600,630,770,870,5700,6000,6300,6300,6300,16179,0,460,674.8157676080065,38.032750017009676,12073.754499986535,105.27974534890907
1777186708,512,GET,point_read,139.000000,0.000000,500,560,610,640,790,870,5500,5900,6100,6200,6200,20304,0,460,682.2761431833756,38.52541701053269,11939.10274998052,100.27477344365643
1777186708,512,GET,trips_per_route,13.900000,0.000000,510,560,620,650,840,5500,6000,6000,6100,6100,6100,2077,0,480,699.4610116821681,42.30537501280196,11665.672332979739,391.2431391429947
1777186708,512,,Aggregated,293.100000,0.000000,530,620,740,820,5700,6500,7000,7200,11000,11000,11000,44502,0,490,1111.4616145883729,38.032750017009676,17595.381749997614,29657.324929216666
1777186709,512,GET,bulk_update_departures,12.400000,0.000000,980,1100,1200,1300,1400,5500,6400,6600,6800,6800,6800,2004,0,880,1089.0158745576973,40.80887499731034,12730.519042001106,127.12774451097805
1777186709,512,GET,large_scan,29.400000,0.000000,6400,6700,6900,7000,7200,7400,10000,11000,11000,11000,11000,3977,0,5400,5322.702391072482,700.8814589935355,17595.381749997614,332491.97661553934
1777186709,512,GET,next_departures,103.800000,0.000000,480,530,570,600,760,850,5700,6000,6300,6300,6300,16309,0,460,674.2432944054208,38.032750017009676,12073.754499986535,105.27849653565517
1777186709,512,GET,point_read,141.300000,0.000000,490,550,590,630,790,860,5600,5900,6100,6200,6200,20444,0,460,682.1214792414976,38.52541701053269,11939.10274998052,100.27396791234592
1777186709,512,GET,trips_per_route,13.300000,0.000000,500,560,610,640,860,5500,6000,6000,6100,6100,6100,2087,0,480,700.9662020104668,42.30537501280196,11665.672332979739,391.24293243890753
1777186709,512,,Aggregated,300.200000,0.000000,510,600,720,810,5600,6500,7000,7200,11000,11000,11000,44821,0,490,1110.0871710933682,38.032750017009676,17595.381749997614,29610.202070458043
