Timestamp,User Count,Type,Name,Requests/s,Failures/s,50%,66%,75%,80%,90%,95%,98%,99%,99.9%,99.99%,100%,Total Request Count,Total Failure Count,Total Median Response Time,Total Average Response Time,Total Min Response Time,Total Max Response Time,Total Average Content Size
1777186262,0,,Aggregated,0.000000,0.000000,N/A,N/A,N/A,N/A,N/A,N/A,N/A,N/A,N/A,N/A,N/A,0,0,0,0.0,0,0,0
1777186263,20,GET,bulk_update_departures,0.000000,0.000000,0,0,0,0,0,0,0,0,0,0,0,1,0,51.44866698537953,51.44866698537953,51.44866698537953,51.44866698537953,128.0
1777186263,20,GET,large_scan,0.000000,0.000000,0,0,0,0,0,0,0,0,0,0,0,1,0,980.5918339989148,980.5918339989148,980.5918339989148,980.5918339989148,332491.0
1777186263,20,GET,next_departures,0.000000,0.000000,0,0,0,0,0,0,0,0,0,0,0,19,0,160,117.5827257362758,44.079250015784055,179.81316699297167,105.63157894736842
1777186263,20,GET,point_read,0.000000,0.000000,0,0,0,0,0,0,0,0,0,0,0,19,0,56,97.24015341826568,41.411374986637384,179.84612501459196,100.73684210526316
1777186263,20,GET,trips_per_route,0.000000,0.000000,0,0,0,0,0,0,0,0,0,0,0,1,0,47.32412498560734,47.32412498560734,47.32412498560734,47.32412498560734,392.0
1777186263,20,,Aggregated,0.000000,0.000000,0,0,0,0,0,0,0,0,0,0,0,41,0,63,125.87803243673633,41.411374986637384,980.5918339989148,8217.853658536585
1777186264,40,GET,bulk_update_departures,0.000000,0.000000,0,0,0,0,0,0,0,0,0,0,0,3,0,47,47.80765298831587,44.48454198427498,51.44866698537953,128.0
1777186264,40,GET,large_scan,0.000000,0.000000,0,0,0,0,0,0,0,0,0,0,0,5,0,850,897.5135333952494,828.6990000051446,991.8636250076815,332492.6
1777186264,40,GET,next_departures,0.000000,0.000000,0,0,0,0,0,0,0,0,0,0,0,50,0,55,94.53069165814668,39.810208982089534,179.81316699297167,105.5
1777186264,40,GET,point_read,0.000000,0.000000,0,0,0,0,0,0,0,0,0,0,0,54,0,49,75.09862655381396,38.33508299430832,179.84612501459196,100.62962962962963
1777186264,40,GET,trips_per_route,0.000000,0.000000,0,0,0,0,0,0,0,0,0,0,0,5,0,55,90.72793299565092,45.248790993355215,159.54458300257102,391.6
1777186264,40,,Aggregated,0.000000,0.000000,52,130,140,160,170,180,850,980,990,990,990,117,0,52,118.5170145960063,38.33508299430832,991.8636250076815,14320.632478632479
1777186265,60,GET,bulk_update_departures,0.000000,0.000000,54,80,130,130,130,130,130,130,130,130,130,12,0,51,73.50807300099405,44.48454198427498,131.47462499910034,127.08333333333333
1777186265,60,GET,large_scan,0.000000,0.000000,860,880,880,940,990,1000,1000,1000,1000,1000,1000,14,0,860,888.5432589928054,771.0667919891421,1045.6852919887751,332492.4285714286
1777186265,60,GET,next_departures,0.000000,0.000000,52,57,120,120,140,170,180,850,850,850,850,95,0,53,88.57321007220123,38.58720799325965,846.125416981522,105.49473684210527
1777186265,60,GET,point_read,0.000000,0.000000,51,54,60,63,130,140,140,160,160,160,160,105,0,50,67.90611744592232,38.324916997225955,179.84612501459196,100.53333333333333
1777186265,60,GET,trips_per_route,0.000000,0.000000,62,130,150,150,160,160,160,160,160,160,160,10,0,55,89.86930399551056,45.248790993355215,159.54458300257102,391.3
1777186265,60,,Aggregated,0.000000,0.000000,53,63,130,140,170,850,880,980,1000,1000,1000,236,0,52,126.12285097689522,38.324916997225955,1045.6852919887751,19834.36440677966
1777186266,80,GET,bulk_update_departures,0.500000,0.000000,54,59,68,73,130,130,140,140,140,140,140,27,0,52,65.108986184458,40.633958007674664,141.2089169898536,127.14814814814815
1777186266,80,GET,large_scan,0.500000,0.000000,860,880,910,940,990,1000,1100,1100,1100,1100,1100,23,0,860,881.2958170386518,763.7049999902956,1063.9450830058195,332492.39130434784
1777186266,80,GET,next_departures,12.000000,0.000000,53,57,64,120,130,140,170,180,850,850,850,157,0,53,79.13078819579522,38.58720799325965,846.125416981522,105.48407643312102
1777186266,80,GET,point_read,11.500000,0.000000,51,54,59,62,130,130,140,140,160,160,160,178,0,51,64.77545478526409,38.324916997225955,179.84612501459196,100.52808988764045
1777186266,80,GET,trips_per_route,0.500000,0.000000,55,67,130,150,150,160,160,160,160,160,160,14,0,55,79.08213978433716,43.61125000286847,159.54458300257102,391.2857142857143
1777186266,80,,Aggregated,25.000000,0.000000,53,59,120,130,160,830,880,980,1100,1100,1100,399,0,53,118.01619316883944,38.324916997225955,1063.9450830058195,19274.91478696742
1777186267,100,GET,bulk_update_departures,1.333333,0.000000,53,59,66,71,130,130,140,140,140,140,140,36,0,53,62.7421134987445,40.633958007674664,141.2089169898536,127.25
1777186267,100,GET,large_scan,2.333333,0.000000,880,950,980,990,1000,1100,1200,1200,1200,1200,1200,37,0,880,907.2376937523635,749.9970830103848,1173.6958329856861,332492.3243243243
1777186267,100,GET,next_departures,17.666667,0.000000,52,57,64,78,130,140,170,840,850,850,850,223,0,53,77.49632955072009,38.13104101573117,846.125416981522,105.51121076233184
1777186267,100,GET,point_read,20.000000,0.000000,51,54,59,62,120,130,140,140,900,900,900,265,0,51,65.80335323650495,38.29025002778508,898.9300839893986,100.48679245283019
1777186267,100,GET,trips_per_route,2.000000,0.000000,57,62,67,130,150,150,160,160,160,160,160,25,0,55,72.62370827840641,43.61125000286847,159.54458300257102,391.36
1777186267,100,,Aggregated,43.333333,0.000000,53,59,70,120,160,840,960,1000,1200,1200,1200,586,0,53,123.48408457207645,38.13104101573117,1173.6958329856861,21103.650170648463
1777186268,120,GET,bulk_update_departures,3.000000,0.000000,57,62,66,71,130,130,170,170,170,170,170,43,0,56,65.31383051147121,40.633958007674664,168.04887499893084,127.27906976744185
1777186268,120,GET,large_scan,3.750000,0.000000,880,950,980,990,1100,1200,1600,1600,1600,1600,1600,50,0,880,924.0548166964436,749.9970830103848,1636.2495000066701,332492.16
1777186268,120,GET,next_departures,26.000000,0.000000,53,58,63,67,130,150,170,180,850,850,850,320,0,53,73.50514773343093,37.969333003275096,846.125416981522,105.503125
1777186268,120,GET,point_read,28.750000,0.000000,52,57,61,63,120,130,140,160,900,900,900,353,0,52,64.9925450393376,38.29025002778508,898.9300839893986,100.48441926345609
1777186268,120,GET,trips_per_route,2.500000,0.000000,57,62,67,77,150,160,170,170,170,170,170,35,0,56,71.72091542576838,41.75295800087042,171.9798329868354,391.34285714285716
1777186268,120,,Aggregated,64.000000,0.000000,54,60,67,120,160,840,960,990,1600,1600,1600,801,0,54,122.32894289675582,37.969333003275096,1636.2495000066701,20865.18102372035
1777186269,128,GET,bulk_update_departures,5.400000,0.000000,59,66,73,80,130,140,170,170,170,170,170,49,0,58,68.95517863212058,40.633958007674664,172.66712500713766,127.3265306122449
1777186269,128,GET,large_scan,4.800000,0.000000,940,990,1000,1100,1200,1300,1500,1600,1600,1600,1600,72,0,940,979.8324803442584,749.9970830103848,1636.2495000066701,332492.02777777775
1777186269,128,GET,next_departures,32.800000,0.000000,55,60,67,73,130,150,170,180,1100,1100,1100,395,0,55,74.90964331605201,37.969333003275096,1063.0371250153985,105.50379746835443
1777186269,128,GET,point_read,36.600000,0.000000,54,60,65,70,100,130,150,160,1000,1000,1000,437,0,54,69.96762372764601,38.29025002778508,1026.8598340044264,100.47368421052632
1777186269,128,GET,trips_per_route,3.000000,0.000000,61,67,72,77,140,150,170,170,170,170,170,44,0,60,71.59796306487723,41.75295800087042,171.9798329868354,391.40909090909093
1777186269,128,,Aggregated,82.600000,0.000000,56,64,74,100,170,890,1000,1200,1600,1600,1600,997,0,56,137.65517892822163,37.969333003275096,1636.2495000066701,24120.830491474422
1777186270,128,GET,bulk_update_departures,6.166667,0.000000,57,64,68,73,130,140,170,170,170,170,170,58,0,57,66.52220693047576,37.49137499835342,172.66712500713766,127.36206896551724
1777186270,128,GET,large_scan,6.500000,0.000000,980,1100,1100,1100,1200,1300,1500,1600,1600,1600,1600,98,0,980,1008.8145982320254,749.9970830103848,1636.2495000066701,332492.0
1777186270,128,GET,next_departures,39.000000,0.000000,55,60,65,71,130,150,180,1400,1800,1800,1800,475,0,55,88.23859198067926,37.969333003275096,1823.883917008061,105.51157894736842
1777186270,128,GET,point_read,45.833333,0.000000,54,59,64,69,93,130,150,900,1500,1500,1500,514,0,54,73.37705808747623,37.47699997620657,1514.441999985138,100.46108949416342
1777186270,128,GET,trips_per_route,4.333333,0.000000,62,69,77,87,150,170,1500,1700,1700,1700,1700,57,0,62,124.97342834882275,41.75295800087042,1669.453334005084,391.36842105263156
1777186270,128,,Aggregated,101.833333,0.000000,56,64,73,96,170,980,1200,1400,1700,1800,1800,1202,0,56,157.63289774739968,37.47699997620657,1823.883917008061,27217.692179700498
1777186271,128,GET,bulk_update_departures,6.428571,0.000000,59,64,68,72,97,130,170,170,170,170,170,70,0,59,65.73296845765852,37.49137499835342,172.66712500713766,127.4
1777186271,128,GET,large_scan,7.571429,0.000000,980,1100,1100,1200,1200,1400,1500,1600,2800,2800,2800,121,0,980,1023.1314759067941,749.9970830103848,2770.4718750028405,332492.0082644628
1777186271,128,GET,next_departures,47.000000,0.000000,54,59,64,67,120,150,850,1600,1800,1800,1800,568,0,54,93.09338055278255,37.29804200702347,1823.883917008061,105.4806338028169
1777186271,128,GET,point_read,52.857143,0.000000,53,59,63,67,84,130,150,1000,1500,1500,1500,612,0,53,74.85715785412668,36.99399999459274,1518.1562500074506,100.45098039215686
1777186271,128,GET,trips_per_route,5.428571,0.000000,61,68,72,79,150,170,1500,1700,1700,1700,1700,67,0,61,133.58121450448326,41.75295800087042,1669.453334005084,391.35820895522386
1777186271,128,,Aggregated,119.285714,0.000000,56,63,72,85,180,1000,1200,1500,1800,2800,2800,1438,0,55,164.14449131381403,36.99399999459274,2770.4718750028405,28086.273296244784
1777186272,128,GET,bulk_update_departures,6.375000,0.000000,59,64,67,71,86,130,170,170,170,170,170,79,0,58,64.49404744323803,37.49137499835342,172.66712500713766,127.43037974683544
1777186272,128,GET,large_scan,9.250000,0.000000,980,1000,1100,1100,1200,1500,2500,2700,2800,2800,2800,146,0,980,1037.1197497522799,749.9970830103848,2770.4718750028405,332491.98630136985
1777186272,128,GET,next_departures,50.875000,0.000000,54,59,63,66,90,140,180,1600,1800,1800,1800,665,0,54,86.98362780168576,37.29804200702347,1823.883917008061,105.46015037593985
1777186272,128,GET,point_read,55.125000,0.000000,53,58,62,65,79,130,150,900,1500,1500,1500,718,0,53,71.58075236450442,35.5685839895159,1518.1562500074506,100.45543175487465
1777186272,128,GET,trips_per_route,5.625000,0.000000,58,67,72,79,130,160,1500,1700,1700,1700,1700,82,0,57,120.18124893607242,41.75295800087042,1669.453334005084,391.390243902439
1777186272,128,,Aggregated,127.250000,0.000000,55,62,69,79,180,990,1200,1500,2700,2800,2800,1690,0,55,163.08193391150402,35.5685839895159,2770.4718750028405,28833.283431952663
1777186273,128,GET,bulk_update_departures,6.555556,0.000000,57,62,66,68,84,130,170,170,170,170,170,87,0,57,63.35521213832076,37.49137499835342,172.66712500713766,127.4367816091954
1777186273,128,GET,large_scan,11.333333,0.000000,950,1000,1100,1100,1200,1400,2400,2700,2800,2800,2800,163,0,950,1018.3571408946635,733.3467499993276,2770.4718750028405,332492.03680981597
1777186273,128,GET,next_departures,53.555556,0.000000,53,57,61,65,81,140,180,1400,1800,1800,1800,754,0,53,82.87176197629876,37.29804200702347,1823.883917008061,105.46551724137932
1777186273,128,GET,point_read,57.888889,0.000000,53,57,61,64,74,120,140,160,1500,1500,1500,833,0,53,68.95971082332338,35.5685839895159,1518.1562500074506,100.45258103241297
1777186273,128,GET,trips_per_route,6.333333,0.000000,57,64,71,77,110,160,1500,1700,1700,1700,1700,96,0,57,111.02395484128162,41.75295800087042,1669.453334005084,391.40625
1777186273,128,,Aggregated,135.666667,0.000000,54,60,67,73,170,980,1200,1500,2700,2800,2800,1933,0,54,156.28099572301332,35.5685839895159,2770.4718750028405,28146.95395757889
1777186274,128,GET,bulk_update_departures,7.100000,0.000000,57,63,66,68,80,130,170,170,170,170,170,97,0,57,62.549728072685255,37.49137499835342,172.66712500713766,127.44329896907216
1777186274,128,GET,large_scan,12.300000,0.000000,950,1000,1100,1100,1200,1400,2400,2700,2800,2800,2800,179,0,940,1005.6865908203558,725.608208013,2770.4718750028405,332492.04469273746
1777186274,128,GET,next_departures,57.500000,0.000000,53,57,61,64,75,130,170,1400,1800,1800,1800,839,0,53,79.9510679263591,37.29804200702347,1823.883917008061,105.46126340882003
1777186274,128,GET,point_read,62.600000,0.000000,53,57,61,63,73,96,140,160,1500,1500,1500,947,0,53,67.14929297556334,35.5685839895159,1518.1562500074506,100.44878563885956
1777186274,128,GET,trips_per_route,6.800000,0.000000,57,66,70,73,97,150,1500,1700,1700,1700,1700,106,0,57,106.24168710157117,41.75295800087042,1669.453334005084,391.41509433962267
1777186274,128,,Aggregated,146.300000,0.000000,55,60,66,71,170,950,1200,1500,2500,2800,2800,2168,0,54,151.29897077985908,35.5685839895159,2770.4718750028405,27561.593634686345
1777186275,128,GET,bulk_update_departures,8.100000,0.000000,57,62,64,66,76,86,170,170,170,170,170,107,0,56,61.89708799046517,37.49137499835342,172.66712500713766,127.45794392523365
1777186275,128,GET,large_scan,14.700000,0.000000,950,1000,1100,1100,1200,1300,2400,2700,2800,2800,2800,206,0,950,998.8971278584253,725.608208013,2770.4718750028405,332492.00970873784
1777186275,128,GET,next_departures,66.900000,0.000000,53,57,61,63,72,120,160,1400,1800,1800,1800,920,0,53,77.65606688927105,37.29804200702347,1823.883917008061,105.4641304347826
1777186275,128,GET,point_read,72.600000,0.000000,53,57,60,63,70,83,130,150,1500,1500,1500,1069,0,53,65.55395333563679,35.5685839895159,1518.1562500074506,100.43966323666979
1777186275,128,GET,trips_per_route,8.400000,0.000000,57,62,69,72,87,110,1400,1500,1700,1700,1700,113,0,57,103.00284217521795,41.75295800087042,1669.453334005084,391.4159292035398
1777186275,128,,Aggregated,170.700000,0.000000,55,60,65,69,170,980,1200,1400,2500,2800,2800,2415,0,54,151.36889257703524,35.5685839895159,2770.4718750028405,28470.235610766045
1777186276,128,GET,bulk_update_departures,8.700000,0.000000,58,63,66,68,77,85,170,170,170,170,170,117,0,57,62.104741085278924,37.49137499835342,172.66712500713766,127.44444444444444
1777186276,128,GET,large_scan,16.500000,0.000000,960,1000,1100,1100,1200,1300,1600,2500,2800,2800,2800,227,0,950,994.820225981935,725.608208013,2770.4718750028405,332491.97797356825
1777186276,128,GET,next_departures,73.600000,0.000000,54,58,61,64,72,86,160,1400,1800,1800,1800,1004,0,53,76.08560831298188,37.29804200702347,1823.883917008061,105.4691235059761
1777186276,128,GET,point_read,82.000000,0.000000,54,58,60,63,70,80,130,150,1500,1500,1500,1161,0,53,64.78672393435323,35.5685839895159,1518.1562500074506,100.442721791559
1777186276,128,GET,trips_per_route,9.600000,0.000000,59,66,70,73,87,110,1400,1500,1700,1700,1700,125,0,58,99.56177765410393,41.474917001323774,1669.453334005084,391.416
1777186276,128,,Aggregated,190.400000,0.000000,55,60,66,70,730,980,1200,1400,2500,2800,2800,2634,0,55,150.7756284911381,35.5685839895159,2770.4718750028405,28763.106302201973
1777186277,128,GET,bulk_update_departures,9.400000,0.000000,58,63,66,68,80,86,170,170,170,170,170,134,0,57,62.110836126792954,37.49137499835342,172.66712500713766,127.47014925373135
1777186277,128,GET,large_scan,17.600000,0.000000,980,1000,1100,1100,1200,1300,1600,2500,2800,2800,2800,255,0,950,999.3419196348244,725.608208013,2770.4718750028405,332491.9568627451
1777186277,128,GET,next_departures,79.600000,0.000000,53,57,61,63,71,81,150,1400,1800,1800,1800,1086,0,53,74.34693376999884,37.29804200702347,1823.883917008061,105.45580110497238
1777186277,128,GET,point_read,90.300000,0.000000,54,58,60,63,70,78,98,150,1500,1500,1500,1257,0,53,63.993909132722266,35.5685839895159,1518.1562500074506,100.44073190135242
1777186277,128,GET,trips_per_route,10.000000,0.000000,59,67,72,75,87,110,1400,1500,1700,1700,1700,134,0,58,97.54749563255055,41.474917001323774,1669.453334005084,391.43283582089555
1777186277,128,,Aggregated,206.900000,0.000000,55,61,66,70,780,1000,1200,1400,2500,2800,2800,2866,0,55,152.61951145034294,35.5685839895159,2770.4718750028405,29691.47278436846
1777186278,128,GET,bulk_update_departures,9.600000,0.000000,57,62,66,67,76,84,98,170,170,170,170,143,0,57,61.86438781792181,37.49137499835342,172.66712500713766,127.46153846153847
1777186278,128,GET,large_scan,19.200000,0.000000,980,1000,1100,1100,1200,1300,1500,2500,2800,2800,2800,278,0,950,994.517909499428,723.2834589958657,2770.4718750028405,332491.9568345324
1777186278,128,GET,next_departures,82.500000,0.000000,53,57,61,63,70,78,95,1400,1800,1800,1800,1179,0,53,73.06131099419277,37.29804200702347,1823.883917008061,105.4529262086514
1777186278,128,GET,point_read,95.900000,0.000000,53,57,60,63,69,75,85,100,1500,1500,1500,1351,0,53,63.497878970135574,35.5685839895159,1518.1562500074506,100.44485566247224
1777186278,128,GET,trips_per_route,10.300000,0.000000,60,66,70,73,87,110,1400,1500,1700,1700,1700,149,0,59,94.2048674414947,41.474917001323774,1669.453334005084,391.43624161073825
1777186278,128,,Aggregated,217.500000,0.000000,55,61,66,69,780,1000,1200,1400,2500,2800,2800,3100,0,55,152.0271069994816,35.5685839895159,2770.4718750028405,29925.595161290323
1777186279,128,GET,bulk_update_departures,9.200000,0.000000,57,62,65,67,75,80,85,98,98,98,98,150,0,57,61.70244972629007,37.49137499835342,172.66712500713766,127.46666666666667
1777186279,128,GET,large_scan,20.600000,0.000000,960,1000,1100,1100,1200,1200,1500,2500,2800,2800,2800,306,0,950,993.9342366921064,663.9432499941904,2770.4718750028405,332491.9379084967
1777186279,128,GET,next_departures,84.600000,0.000000,53,56,60,62,68,75,84,1400,1800,1800,1800,1259,0,53,71.70143439629572,37.29804200702347,1823.883917008061,105.4440031771247
1777186279,128,GET,point_read,98.400000,0.000000,52,56,59,61,67,73,79,83,1500,1500,1500,1471,0,53,62.36551676470141,35.5685839895159,1518.1562500074506,100.44187627464309
1777186279,128,GET,trips_per_route,11.000000,0.000000,58,64,69,73,86,110,1400,1500,1700,1700,1700,161,0,59,91.60490294264757,41.474917001323774,1669.453334005084,391.42857142857144
1777186279,128,,Aggregated,223.800000,0.000000,54,60,64,68,780,990,1100,1300,2500,2800,2800,3347,0,55,152.422890447059,35.5685839895159,2770.4718750028405,30506.476546160742
1777186280,128,GET,bulk_update_departures,9.800000,0.000000,56,61,64,66,75,77,84,85,98,98,98,165,0,57,60.96462473894159,37.49137499835342,172.66712500713766,127.43636363636364
1777186280,128,GET,large_scan,21.800000,0.000000,930,1000,1000,1100,1100,1200,1400,2500,2800,2800,2800,321,0,950,985.3277077253384,624.1474590206053,2770.4718750028405,332491.95327102806
1777186280,128,GET,next_departures,86.300000,0.000000,52,56,59,61,67,72,81,90,1600,1600,1600,1347,0,53,70.4452491247359,37.17095800675452,1823.883917008061,105.44023756495916
1777186280,128,GET,point_read,99.000000,0.000000,52,55,58,60,66,71,77,81,92,1500,1500,1593,0,52,61.51944410099504,35.5685839895159,1518.1562500074506,100.44569993722536
1777186280,128,GET,trips_per_route,10.900000,0.000000,57,63,68,72,83,89,110,120,1400,1400,1400,171,0,59,89.82655725000039,39.98637499171309,1669.453334005084,391.43859649122805
1777186280,128,,Aggregated,227.800000,0.000000,54,59,63,66,90,930,1100,1200,2500,2800,2800,3597,0,54,148.6238319642517,35.5685839895159,2770.4718750028405,29780.34973589102
1777186281,128,GET,bulk_update_departures,9.800000,0.000000,55,60,64,66,74,77,84,85,98,98,98,175,0,56,60.80844928527118,37.49137499835342,172.66712500713766,127.42857142857143
1777186281,128,GET,large_scan,22.600000,0.000000,930,990,1000,1100,1100,1200,1300,2400,2700,2700,2700,342,0,950,982.2237190875744,624.1474590206053,2770.4718750028405,332491.9561403509
1777186281,128,GET,next_departures,85.700000,0.000000,53,56,60,62,68,72,79,84,110,110,110,1431,0,53,69.66178382754278,37.142957997275516,1823.883917008061,105.44025157232704
1777186281,128,GET,point_read,99.400000,0.000000,52,56,58,60,66,71,77,81,91,92,92,1695,0,52,61.10106806418787,35.5685839895159,1518.1562500074506,100.43834808259587
1777186281,128,GET,trips_per_route,11.100000,0.000000,59,65,68,73,83,87,110,110,120,120,120,183,0,60,88.10548154513805,39.98637499171309,1669.453334005084,391.43715846994536
1777186281,128,,Aggregated,228.600000,0.000000,54,59,63,67,85,910,1100,1100,2400,2700,2700,3826,0,54,147.91887524873113,35.5685839895159,2770.4718750028405,29829.406691061162
1777186282,128,GET,bulk_update_departures,9.900000,0.000000,57,62,65,67,76,85,90,97,98,98,98,189,0,57,61.21088184090454,37.49137499835342,172.66712500713766,127.39682539682539
1777186282,128,GET,large_scan,23.300000,0.000000,940,1000,1100,1100,1100,1200,1200,1300,1400,1400,1400,371,0,950,984.333595822109,624.1474590206053,2770.4718750028405,332491.9595687332
1777186282,128,GET,next_departures,86.200000,0.000000,53,57,60,63,69,75,83,85,110,110,110,1502,0,53,69.12101738829352,37.142957997275516,1823.883917008061,105.43608521970705
1777186282,128,GET,point_read,104.000000,0.000000,53,56,59,62,68,73,79,84,93,96,96,1792,0,53,60.96026643846081,35.5685839895159,1518.1562500074506,100.43861607142857
1777186282,128,GET,trips_per_route,11.700000,0.000000,61,65,69,73,81,85,89,110,120,120,120,196,0,60,86.4799976467965,39.98637499171309,1669.453334005084,391.44897959183675
1777186282,128,,Aggregated,235.100000,0.000000,54,60,65,68,92,930,1100,1100,1300,1400,1400,4050,0,55,149.819077983122,35.5685839895159,2770.4718750028405,30566.33827160494
1777186283,128,GET,bulk_update_departures,10.700000,0.000000,58,64,66,70,80,85,97,98,100,100,100,200,0,58,61.61761958981515,37.49137499835342,172.66712500713766,127.395
1777186283,128,GET,large_scan,22.100000,0.000000,960,1000,1100,1100,1100,1200,1200,1300,1400,1400,1400,390,0,950,987.710620215288,624.1474590206053,2770.4718750028405,332491.958974359
1777186283,128,GET,next_departures,86.900000,0.000000,54,58,62,64,70,76,83,85,110,110,110,1580,0,53,68.58980727471895,37.142957997275516,1823.883917008061,105.4360759493671
1777186283,128,GET,point_read,108.100000,0.000000,53,57,60,63,69,75,82,86,96,97,97,1898,0,53,60.81758293402219,35.5685839895159,1518.1562500074506,100.43572181243414
1777186283,128,GET,trips_per_route,11.500000,0.000000,60,66,68,73,81,85,89,110,120,120,120,202,0,59,85.47833662262269,39.98637499171309,1669.453334005084,391.44059405940595
1777186283,128,,Aggregated,239.300000,0.000000,55,61,66,69,97,950,1100,1100,1300,1400,1400,4270,0,55,149.5552594151113,35.5685839895159,2770.4718750028405,30476.259953161592
1777186284,128,GET,bulk_update_departures,10.500000,0.000000,58,63,66,71,81,85,97,98,100,100,100,208,0,58,61.341870004420905,37.49137499835342,172.66712500713766,127.39903846153847
1777186284,128,GET,large_scan,22.200000,0.000000,980,1000,1100,1100,1200,1200,1300,1300,1500,1500,1500,422,0,960,991.9451930567344,624.1474590206053,2770.4718750028405,332491.93601895735
1777186284,128,GET,next_departures,86.300000,0.000000,53,58,62,64,70,76,84,87,110,110,110,1664,0,53,67.76417607455606,37.142957997275516,1823.883917008061,105.43569711538461
1777186284,128,GET,point_read,107.300000,0.000000,52,57,60,62,69,75,82,86,96,97,97,2019,0,53,60.35557216379126,35.5685839895159,1518.1562500074506,100.43387815750371
1777186284,128,GET,trips_per_route,11.500000,0.000000,60,65,68,72,81,85,89,110,120,120,120,213,0,58,83.92862264685084,39.98637499171309,1669.453334005084,391.4413145539906
1777186284,128,,Aggregated,237.800000,0.000000,55,61,66,70,700,990,1100,1200,1300,1500,1500,4526,0,55,151.0946235619524,35.5685839895159,2770.4718750028405,31109.079540433053
1777186285,128,GET,bulk_update_departures,10.800000,0.000000,59,63,66,69,78,85,97,98,100,100,100,226,0,57,60.955743371448236,37.49137499835342,172.66712500713766,127.40707964601769
1777186285,128,GET,large_scan,22.500000,0.000000,960,1000,1100,1100,1200,1200,1300,1300,1500,1500,1500,438,0,950,986.6289245888333,624.0186670038383,2770.4718750028405,332491.93607305933
1777186285,128,GET,next_departures,83.600000,0.000000,53,58,61,64,70,76,84,87,110,110,110,1749,0,53,67.0260394437127,37.142957997275516,1823.883917008061,105.4333905088622
1777186285,128,GET,point_read,107.400000,0.000000,52,56,60,62,69,75,82,90,96,97,97,2135,0,53,59.95227606820959,35.5685839895159,1518.1562500074506,100.4327868852459
1777186285,128,GET,trips_per_route,11.200000,0.000000,60,65,68,75,83,87,96,110,120,120,120,222,0,58,83.07648180099834,39.98637499171309,1669.453334005084,391.43693693693695
1777186285,128,,Aggregated,235.500000,0.000000,55,61,66,69,110,960,1100,1200,1300,1500,1500,4770,0,55,148.76081725877546,35.5685839895159,2770.4718750028405,30638.571907756814
1777186286,128,GET,bulk_update_departures,11.300000,0.000000,58,62,65,67,76,85,97,98,100,100,100,239,0,57,60.68698954783092,37.49137499835342,172.66712500713766,127.4142259414226
1777186286,128,GET,large_scan,22.800000,0.000000,960,1000,1100,1100,1200,1200,1300,1300,1500,1500,1500,461,0,950,983.8236123663722,624.0186670038383,2770.4718750028405,332491.9327548807
1777186286,128,GET,next_departures,82.600000,0.000000,53,58,61,64,70,75,84,87,100,100,100,1847,0,53,66.49200500063277,37.142957997275516,1823.883917008061,105.43530048727666
1777186286,128,GET,point_read,106.400000,0.000000,53,57,60,63,69,75,82,90,96,97,97,2227,0,53,59.84194706633261,35.5685839895159,1518.1562500074506,100.43780871127076
1777186286,128,GET,trips_per_route,10.500000,0.000000,58,65,67,68,81,85,96,110,120,120,120,232,0,58,81.86281609834685,39.98637499171309,1669.453334005084,391.4310344827586
1777186286,128,,Aggregated,233.600000,0.000000,55,61,66,69,98,950,1100,1200,1300,1500,1500,5006,0,55,148.44542518788197,35.5685839895159,2770.4718750028405,30726.81961646025
1777186287,128,GET,bulk_update_departures,11.000000,0.000000,58,62,64,67,74,85,90,97,100,100,100,252,0,57,60.78126622199465,37.49137499835342,172.66712500713766,127.42857142857143
1777186287,128,GET,large_scan,23.900000,0.000000,950,1000,1100,1100,1200,1200,1300,1300,1500,1500,1500,486,0,950,985.1860980966287,624.0186670038383,2770.4718750028405,332491.93827160494
1777186287,128,GET,next_departures,82.100000,0.000000,53,58,62,65,71,76,84,87,100,100,100,1923,0,53,66.04662239056945,37.03991699148901,1823.883917008061,105.43629745189807
1777186287,128,GET,point_read,105.900000,0.000000,53,57,60,63,68,75,82,90,96,97,97,2341,0,53,59.59966778545083,35.5685839895159,1518.1562500074506,100.43699273814609
1777186287,128,GET,trips_per_route,10.700000,0.000000,58,65,67,68,78,83,87,96,110,110,110,242,0,58,80.96702926775849,39.98637499171309,1669.453334005084,391.43801652892563
1777186287,128,,Aggregated,233.600000,0.000000,55,61,66,69,96,940,1100,1200,1300,1500,1500,5244,0,55,148.78753260650404,35.5685839895159,2770.4718750028405,30922.158466819223
1777186288,128,GET,bulk_update_departures,11.900000,0.000000,58,62,64,66,72,82,90,97,100,100,100,265,0,57,60.64242359980027,37.49137499835342,172.66712500713766,127.43018867924528
1777186288,128,GET,large_scan,23.300000,0.000000,940,1000,1100,1100,1200,1200,1300,1300,1500,1500,1500,507,0,950,981.0911783490112,624.0186670038383,2770.4718750028405,332491.9368836292
1777186288,128,GET,next_departures,82.800000,0.000000,53,57,61,64,69,75,83,87,100,100,100,2015,0,53,65.54732300744395,37.03991699148901,1823.883917008061,105.4332506203474
1777186288,128,GET,point_read,106.900000,0.000000,53,57,60,62,68,73,81,85,96,97,97,2435,0,53,59.33902847425949,35.5685839895159,1518.1562500074506,100.43737166324435
1777186288,128,GET,trips_per_route,10.900000,0.000000,58,65,67,70,78,83,85,87,96,96,96,259,0,58,79.54527783314572,39.98637499171309,1669.453334005084,391.44015444015446
1777186288,128,,Aggregated,235.800000,0.000000,55,60,65,68,96,940,1100,1200,1300,1500,1500,5481,0,55,147.90258836535338,35.5685839895159,2770.4718750028405,30863.998722860793
1777186289,128,GET,bulk_update_departures,12.100000,0.000000,58,62,64,66,72,82,90,97,100,100,100,272,0,57,60.56217388204994,37.49137499835342,172.66712500713766,127.43382352941177
1777186289,128,GET,large_scan,23.200000,0.000000,920,1000,1100,1100,1200,1200,1300,1300,1500,1500,1500,526,0,940,976.4455738380581,616.6979999979958,2770.4718750028405,332491.9391634981
1777186289,128,GET,next_departures,84.400000,0.000000,53,57,61,64,69,74,83,87,100,100,100,2110,0,53,65.00156201984704,37.03991699148901,1823.883917008061,105.42890995260663
1777186289,128,GET,point_read,106.700000,0.000000,53,57,60,63,68,74,81,85,96,97,97,2540,0,53,59.119096720122776,35.5685839895159,1518.1562500074506,100.43937007874015
1777186289,128,GET,trips_per_route,10.700000,0.000000,57,65,67,68,77,84,87,94,96,96,96,271,0,58,78.61126752289329,39.98637499171309,1669.453334005084,391.4206642066421
1777186289,128,,Aggregated,237.100000,0.000000,55,60,65,68,90,910,1100,1200,1300,1500,1500,5719,0,55,146.65199128596421,35.5685839895159,2770.4718750028405,30688.768665850672
1777186290,128,GET,bulk_update_departures,11.700000,0.000000,59,62,64,65,72,85,90,97,100,100,100,288,0,57,60.36274438196819,37.49137499835342,172.66712500713766,127.4375
1777186290,128,GET,large_scan,23.000000,0.000000,940,1000,1100,1100,1200,1200,1300,1300,1500,1500,1500,547,0,940,976.1620470050997,616.6979999979958,2770.4718750028405,332491.9250457038
1777186290,128,GET,next_departures,83.100000,0.000000,53,58,62,65,70,76,84,87,100,100,100,2179,0,53,64.75977833544025,37.03991699148901,1823.883917008061,105.43139054612207
1777186290,128,GET,point_read,108.600000,0.000000,53,58,61,63,68,74,81,85,96,97,97,2660,0,53,58.85330767597683,35.5685839895159,1518.1562500074506,100.44360902255639
1777186290,128,GET,trips_per_route,10.700000,0.000000,57,64,65,68,76,84,88,94,96,96,96,286,0,58,77.51990034887274,39.98637499171309,1669.453334005084,391.4230769230769
1777186290,128,,Aggregated,237.100000,0.000000,55,61,66,69,93,940,1100,1200,1300,1500,1500,5960,0,55,146.17066392694574,35.5685839895159,2770.4718750028405,30623.934060402684
1777186291,128,GET,bulk_update_departures,12.200000,0.000000,58,62,64,66,72,86,93,97,100,100,100,301,0,57,60.332192023237546,37.49137499835342,172.66712500713766,127.43189368770764
1777186291,128,GET,large_scan,22.900000,0.000000,940,1000,1100,1100,1200,1200,1300,1400,1500,1500,1500,569,0,940,974.3242881596145,616.6979999979958,2770.4718750028405,332491.9367311072
1777186291,128,GET,next_departures,83.900000,0.000000,53,58,61,64,70,75,84,87,100,100,100,2272,0,53,64.28656975448332,35.932291008066386,1823.883917008061,105.43265845070422
1777186291,128,GET,point_read,107.900000,0.000000,53,57,60,63,68,75,82,85,96,97,97,2771,0,53,58.62981074811087,35.5685839895159,1518.1562500074506,100.44640923854205
1777186291,128,GET,trips_per_route,11.100000,0.000000,56,60,65,68,76,84,88,94,96,96,96,296,0,57,76.73941779314585,39.98637499171309,1669.453334005084,391.4189189189189
1777186291,128,,Aggregated,238.000000,0.000000,55,60,65,68,93,920,1100,1200,1400,1500,1500,6209,0,55,145.56090666673984,35.5685839895159,2770.4718750028405,30578.194395232727
1777186292,128,GET,bulk_update_departures,12.200000,0.000000,57,62,64,66,71,78,88,93,100,100,100,312,0,57,60.33015721149217,37.49137499835342,172.66712500713766,127.43589743589743
1777186292,128,GET,large_scan,22.200000,0.000000,920,990,1000,1100,1200,1200,1300,1400,1500,1500,1500,590,0,940,970.9765412505337,616.6979999979958,2770.4718750028405,332491.9389830509
1777186292,128,GET,next_departures,84.800000,0.000000,53,57,61,63,69,74,84,87,160,160,160,2361,0,53,63.96044177303587,35.932291008066386,1823.883917008061,105.43583227445997
1777186292,128,GET,point_read,106.800000,0.000000,53,57,60,62,68,73,80,84,96,97,97,2881,0,53,58.468471608090404,35.5685839895159,1518.1562500074506,100.44602568552585
1777186292,128,GET,trips_per_route,11.000000,0.000000,55,61,65,67,75,81,88,94,96,96,96,303,0,57,76.41810010482784,39.98637499171309,1669.453334005084,391.4191419141914
1777186292,128,,Aggregated,237.000000,0.000000,55,60,64,68,87,900,1100,1200,1400,1500,1500,6447,0,55,144.92199820825337,35.5685839895159,2770.4718750028405,30536.20645261362
1777186293,128,GET,bulk_update_departures,12.300000,0.000000,57,61,63,64,71,75,86,88,93,93,93,314,0,57,60.318756531768294,37.49137499835342,172.66712500713766,127.43630573248407
1777186293,128,GET,large_scan,22.800000,0.000000,900,970,1000,1000,1100,1200,1300,1400,1500,1500,1500,616,0,940,969.9090599348314,616.6979999979958,2770.4718750028405,332491.9383116883
1777186293,128,GET,next_departures,83.900000,0.000000,53,57,60,63,69,73,81,87,160,160,160,2444,0,53,63.683687101902116,35.932291008066386,1823.883917008061,105.43044189852701
1777186293,128,GET,point_read,106.700000,0.000000,53,56,59,61,67,72,80,85,110,110,110,2992,0,53,58.353227703196474,35.5685839895159,1518.1562500074506,100.44786096256685
1777186293,128,GET,trips_per_route,11.600000,0.000000,55,61,66,68,75,84,88,94,96,96,96,317,0,57,75.57447002115454,39.98637499171309,1669.453334005084,391.4069400630915
1777186293,128,,Aggregated,237.300000,0.000000,54,59,64,67,88,890,1000,1100,1400,1500,1500,6683,0,55,145.23372228528356,35.5685839895159,2770.4718750028405,30755.250187041747
1777186294,128,GET,bulk_update_departures,12.500000,0.000000,57,62,63,65,71,77,86,88,93,93,93,321,0,57,60.258976538789625,37.49137499835342,172.66712500713766,127.4392523364486
1777186294,128,GET,large_scan,22.600000,0.000000,890,950,990,1000,1100,1200,1200,1300,1400,1400,1400,641,0,940,967.1282240698316,616.6979999979958,2770.4718750028405,332491.9438377535
1777186294,128,GET,next_departures,84.100000,0.000000,53,58,60,63,69,73,82,87,160,160,160,2525,0,53,63.41364557225497,35.932291008066386,1823.883917008061,105.42930693069307
1777186294,128,GET,point_read,107.800000,0.000000,53,57,60,62,68,73,83,88,110,110,110,3115,0,53,58.24162081283118,35.5685839895159,1518.1562500074506,100.44686998394863
1777186294,128,GET,trips_per_route,11.300000,0.000000,56,62,67,68,77,84,88,94,96,96,96,327,0,57,75.19847870553738,39.98637499171309,1669.453334005084,391.3975535168196
1777186294,128,,Aggregated,238.300000,0.000000,55,60,64,68,88,880,1000,1100,1300,1400,1400,6929,0,55,145.10092791691977,35.5685839895159,2770.4718750028405,30866.695338432673
1777186295,128,GET,bulk_update_departures,12.300000,0.000000,56,61,63,64,71,77,86,88,93,93,93,336,0,57,59.97788072904985,37.49137499835342,172.66712500713766,127.43452380952381
1777186295,128,GET,large_scan,22.100000,0.000000,900,960,1000,1000,1100,1200,1200,1300,1400,1400,1400,662,0,930,965.1041542776203,616.6979999979958,2770.4718750028405,332491.9395770393
1777186295,128,GET,next_departures,85.900000,0.000000,53,57,60,63,69,74,84,87,160,160,160,2612,0,53,63.03534191185357,35.932291008066386,1823.883917008061,105.42611026033691
1777186295,128,GET,point_read,108.700000,0.000000,53,56,59,61,68,73,83,88,110,110,110,3231,0,53,57.996094474134146,35.5685839895159,1518.1562500074506,100.44784896316929
1777186295,128,GET,trips_per_route,10.900000,0.000000,56,62,66,68,77,84,87,88,94,94,94,336,0,57,74.79791714788354,39.98637499171309,1669.453334005084,391.3988095238095
1777186295,128,,Aggregated,239.900000,0.000000,55,59,64,68,89,890,1000,1100,1300,1400,1400,7177,0,55,144.38028598831312,35.5685839895159,2770.4718750028405,30776.635362965026
1777186296,128,GET,bulk_update_departures,11.400000,0.000000,56,60,63,63,70,77,86,88,93,93,93,351,0,57,59.65992927336017,37.49137499835342,172.66712500713766,127.43019943019944
1777186296,128,GET,large_scan,22.300000,0.000000,890,940,980,1000,1100,1200,1200,1300,1400,1400,1400,678,0,930,962.2595210278157,616.6979999979958,2770.4718750028405,332491.94542772864
1777186296,128,GET,next_departures,86.000000,0.000000,52,57,60,62,68,73,80,87,160,160,160,2718,0,53,62.58030854336194,35.932291008066386,1823.883917008061,105.42531272994849
1777186296,128,GET,point_read,108.700000,0.000000,52,56,59,61,67,72,81,87,110,110,110,3345,0,53,57.76577099968237,35.210040980018675,1518.1562500074506,100.44783258594917
1777186296,128,GET,trips_per_route,11.500000,0.000000,56,61,65,68,77,84,87,88,94,94,94,347,0,57,74.21862018056099,39.98637499171309,1669.453334005084,391.4034582132565
1777186296,128,,Aggregated,239.900000,0.000000,54,59,63,66,87,870,1000,1100,1300,1400,1400,7439,0,54,142.8184210578382,35.210040980018675,2770.4718750028405,30411.698884258636
1777186297,128,GET,bulk_update_departures,11.300000,0.000000,55,59,62,63,71,75,79,88,93,93,93,359,0,57,59.65030085506867,37.49137499835342,172.66712500713766,127.42896935933148
1777186297,128,GET,large_scan,22.000000,0.000000,880,930,970,1000,1000,1100,1200,1300,1400,1400,1400,695,0,930,960.2724143968921,616.6979999979958,2770.4718750028405,332491.9510791367
1777186297,128,GET,next_departures,86.100000,0.000000,53,57,59,61,68,71,77,85,160,160,160,2806,0,53,62.3027239685529,35.932291008066386,1823.883917008061,105.428011404134
1777186297,128,GET,point_read,110.200000,0.000000,52,56,59,60,67,71,80,88,110,110,110,3442,0,53,57.69375143861359,35.210040980018675,1518.1562500074506,100.4474142940151
1777186297,128,GET,trips_per_route,11.400000,0.000000,56,61,66,68,78,84,87,88,94,94,94,358,0,57,73.85248124481416,39.98637499171309,1669.453334005084,391.41340782122904
1777186297,128,,Aggregated,241.000000,0.000000,54,59,63,65,84,860,980,1000,1300,1400,1400,7660,0,54,142.120928225316,35.210040980018675,2770.4718750028405,30275.372062663184
1777186298,128,GET,bulk_update_departures,11.100000,0.000000,56,60,63,64,72,78,88,93,95,95,95,369,0,57,59.851541346917685,37.49137499835342,172.66712500713766,127.43631436314364
1777186298,128,GET,large_scan,22.300000,0.000000,900,970,1000,1000,1100,1100,1200,1300,1400,1400,1400,721,0,930,963.4096074964249,616.6979999979958,2770.4718750028405,332491.94868238556
1777186298,128,GET,next_departures,86.200000,0.000000,53,57,60,62,68,73,78,87,160,160,160,2902,0,53,62.14863708668841,35.932291008066386,1823.883917008061,105.43073742246726
1777186298,128,GET,point_read,109.700000,0.000000,52,56,59,61,67,73,82,88,110,110,110,3538,0,53,57.6753982565558,35.210040980018675,1518.1562500074506,100.44997173544375
1777186298,128,GET,trips_per_route,11.500000,0.000000,55,61,66,69,79,85,88,99,110,110,110,365,0,57,73.7663391360388,38.82216598140076,1669.453334005084,391.4109589041096
1777186298,128,,Aggregated,240.800000,0.000000,54,59,63,67,87,880,1000,1100,1300,1400,1400,7895,0,55,142.88019802455392,35.210040980018675,2770.4718750028405,30472.189487017098
1777186299,128,GET,bulk_update_departures,11.100000,0.000000,56,59,63,64,72,78,88,93,95,95,95,384,0,57,59.69233302357679,37.49137499835342,172.66712500713766,127.4453125
1777186299,128,GET,large_scan,21.600000,0.000000,910,970,1000,1000,1100,1100,1200,1300,1400,1400,1400,744,0,930,962.7133545629515,616.6979999979958,2770.4718750028405,332491.9489247312
1777186299,128,GET,next_departures,86.600000,0.000000,53,57,59,62,68,73,79,87,160,160,160,2989,0,53,61.86706378849397,35.932291008066386,1823.883917008061,105.4305787888926
1777186299,128,GET,point_read,111.200000,0.000000,52,56,59,61,67,73,83,88,110,110,110,3646,0,53,57.486852700954564,35.210040980018675,1518.1562500074506,100.44432254525508
1777186299,128,GET,trips_per_route,11.500000,0.000000,56,61,66,68,79,85,89,99,110,110,110,379,0,57,73.19694346882524,38.82216598140076,1669.453334005084,391.41424802110816
1777186299,128,,Aggregated,242.000000,0.000000,54,59,63,67,88,890,1000,1100,1300,1400,1400,8142,0,54,142.64799212258205,35.210040980018675,2770.4718750028405,30490.376688774257
1777186300,128,GET,bulk_update_departures,10.800000,0.000000,56,59,63,65,72,77,82,93,95,95,95,396,0,57,59.59833734856937,37.49137499835342,172.66712500713766,127.4469696969697
1777186300,128,GET,large_scan,20.900000,0.000000,890,960,1000,1000,1100,1100,1200,1300,1400,1400,1400,764,0,930,960.014586824438,596.7537499964237,2770.4718750028405,332491.9541884817
1777186300,128,GET,next_departures,88.200000,0.000000,52,56,59,61,66,71,77,85,160,160,160,3078,0,53,61.624580260761896,35.932291008066386,1823.883917008061,105.42820012995452
1777186300,128,GET,point_read,109.600000,0.000000,52,56,59,60,66,71,80,88,110,110,110,3768,0,53,57.284586780724084,35.210040980018675,1518.1562500074506,100.44320594479831
1777186300,128,GET,trips_per_route,11.700000,0.000000,55,60,66,68,79,87,99,110,110,110,110,387,0,57,72.76801666839275,38.82216598140076,1669.453334005084,391.41602067183464
1777186300,128,,Aggregated,241.200000,0.000000,54,58,62,65,87,870,1000,1100,1300,1400,1400,8393,0,54,141.87323834230497,35.210040980018675,2770.4718750028405,30373.97569403074
1777186301,128,GET,bulk_update_departures,10.600000,0.000000,56,59,63,65,72,75,79,82,95,95,95,407,0,57,59.524218695402986,37.49137499835342,172.66712500713766,127.44226044226045
1777186301,128,GET,large_scan,21.300000,0.000000,890,950,1000,1000,1100,1100,1200,1200,1300,1300,1300,788,0,930,957.0924419477811,596.7537499964237,2770.4718750028405,332491.96065989847
1777186301,128,GET,next_departures,88.400000,0.000000,53,56,59,61,66,71,77,85,160,160,160,3163,0,53,61.344073215828416,35.932291008066386,1823.883917008061,105.43218463484034
1777186301,128,GET,point_read,109.800000,0.000000,52,56,59,60,65,71,78,87,110,110,110,3889,0,52,57.08273453914852,35.210040980018675,1518.1562500074506,100.44638724607869
1777186301,128,GET,trips_per_route,10.500000,0.000000,56,61,66,68,78,85,89,99,110,110,110,400,0,57,72.21265540167224,37.3902500141412,1669.453334005084,391.415
1777186301,128,,Aggregated,240.600000,0.000000,54,58,62,65,87,870,1000,1100,1200,1300,1300,8647,0,54,141.47407443378782,35.210040980018675,2770.4718750028405,30407.796692494507
1777186302,128,GET,bulk_update_departures,11.200000,0.000000,55,59,63,65,72,73,82,92,95,95,95,418,0,56,59.523619442710846,37.49137499835342,172.66712500713766,127.44497607655502
1777186302,128,GET,large_scan,21.600000,0.000000,890,950,1000,1000,1100,1100,1200,1200,1300,1300,1300,799,0,930,955.064778476697,596.7537499964237,2770.4718750028405,332491.96745932417
1777186302,128,GET,next_departures,87.600000,0.000000,53,56,59,61,66,71,77,81,110,110,110,3246,0,53,61.12006538870999,35.932291008066386,1823.883917008061,105.43345656192237
1777186302,128,GET,point_read,110.300000,0.000000,51,55,58,60,65,70,78,85,110,110,110,4006,0,52,56.91978386688588,35.210040980018675,1518.1562500074506,100.4465801298053
1777186302,128,GET,trips_per_route,10.800000,0.000000,55,60,62,66,78,85,89,99,110,110,110,416,0,57,71.53060325407961,37.3902500141412,1669.453334005084,391.41586538461536
1777186302,128,,Aggregated,241.500000,0.000000,53,58,61,65,82,870,1000,1100,1200,1300,1300,8885,0,54,140.02822153135943,35.210040980018675,2770.4718750028405,30008.082048396172
1777186303,128,GET,bulk_update_departures,10.700000,0.000000,56,60,65,66,72,78,92,95,99,99,99,429,0,57,59.71825410499854,37.49137499835342,172.66712500713766,127.44988344988344
1777186303,128,GET,large_scan,21.300000,0.000000,890,950,990,1000,1100,1100,1200,1200,1300,1300,1300,824,0,930,953.9999940836813,596.7537499964237,2770.4718750028405,332491.96844660194
1777186303,128,GET,next_departures,89.100000,0.000000,53,56,59,61,67,72,78,85,99,99,99,3316,0,53,61.05594359427912,35.932291008066386,1823.883917008061,105.43576598311218
1777186303,128,GET,point_read,110.300000,0.000000,52,56,59,60,66,71,78,84,91,92,92,4118,0,52,56.9407449518625,35.210040980018675,1518.1562500074506,100.44487615347256
1777186303,128,GET,trips_per_route,9.900000,0.000000,56,61,66,69,83,87,99,100,110,110,110,426,0,57,71.53898052262643,37.3902500141412,1669.453334005084,391.4107981220657
1777186303,128,,Aggregated,241.300000,0.000000,54,58,62,66,84,870,1000,1100,1200,1300,1300,9113,0,54,140.36368139021573,35.210040980018675,2770.4718750028405,30172.068034675736
1777186304,128,GET,bulk_update_departures,10.700000,0.000000,56,60,64,66,72,75,92,95,99,99,99,442,0,57,59.67002302494871,37.49137499835342,172.66712500713766,127.45475113122171
1777186304,128,GET,large_scan,21.700000,0.000000,910,970,1000,1000,1100,1200,1200,1300,1400,1400,1400,850,0,930,956.744163038709,596.7537499964237,2770.4718750028405,332491.9682352941
1777186304,128,GET,next_departures,88.800000,0.000000,53,56,59,61,67,73,79,87,95,95,95,3403,0,53,60.962393526197225,35.932291008066386,1823.883917008061,105.43491037320011
1777186304,128,GET,point_read,111.300000,0.000000,51,55,58,60,66,71,78,82,90,92,92,4206,0,52,56.86651639531915,35.210040980018675,1518.1562500074506,100.44484070375654
1777186304,128,GET,trips_per_route,10.400000,0.000000,56,61,67,68,83,89,99,100,110,110,110,434,0,57,71.43950296234884,37.3902500141412,1669.453334005084,391.41244239631334
1777186304,128,,Aggregated,242.900000,0.000000,54,58,62,66,85,880,1000,1100,1300,1400,1400,9335,0,54,141.1084120164918,35.210040980018675,2770.4718750028405,30383.036636314944
1777186305,128,GET,bulk_update_departures,10.600000,0.000000,57,63,66,67,73,82,95,99,100,100,100,453,0,57,59.837300794776816,37.49137499835342,172.66712500713766,127.45474613686534
1777186305,128,GET,large_scan,20.700000,0.000000,920,970,1000,1100,1100,1200,1200,1300,1400,1400,1400,875,0,930,956.939755952019,596.7537499964237,2770.4718750028405,332491.96571428573
1777186305,128,GET,next_departures,88.300000,0.000000,53,57,60,62,68,74,82,87,110,110,110,3473,0,53,60.924734896221,35.932291008066386,1823.883917008061,105.4362222862079
1777186305,128,GET,point_read,112.100000,0.000000,52,56,59,61,67,73,80,84,93,100,100,4315,0,52,56.87791423381496,35.210040980018675,1518.1562500074506,100.44287369640789
1777186305,128,GET,trips_per_route,11.100000,0.000000,56,61,66,68,83,89,99,100,110,110,110,446,0,57,71.0640065263014,37.3902500141412,1669.453334005084,391.4170403587444
1777186305,128,,Aggregated,242.800000,0.000000,54,59,63,67,88,890,1000,1100,1300,1400,1400,9562,0,54,141.51254286156328,35.210040980018675,2770.4718750028405,30533.60907759883
1777186306,128,GET,bulk_update_departures,11.500000,0.000000,58,64,67,68,74,82,95,99,100,100,100,462,0,57,59.818698073766555,37.49137499835342,172.66712500713766,127.45887445887446
1777186306,128,GET,large_scan,20.700000,0.000000,940,1000,1100,1100,1200,1200,1300,1300,1400,1400,1400,902,0,930,959.3189320975964,587.9209590202663,2770.4718750028405,332491.95676274947
1777186306,128,GET,next_departures,87.200000,0.000000,54,57,61,62,68,74,82,87,110,110,110,3556,0,53,60.75373420570418,35.932291008066386,1823.883917008061,105.43503937007874
1777186306,128,GET,point_read,112.600000,0.000000,52,56,59,62,67,73,81,85,100,150,150,4420,0,52,56.83531974864638,35.210040980018675,1518.1562500074506,100.43981900452489
1777186306,128,GET,trips_per_route,10.900000,0.000000,56,61,67,70,83,89,99,100,110,110,110,452,0,57,70.9054951940558,37.3902500141412,1669.453334005084,391.41814159292034
1777186306,128,,Aggregated,242.900000,0.000000,54,59,64,67,94,930,1100,1100,1300,1400,1400,9792,0,54,142.1817392988487,35.210040980018675,2770.4718750028405,30735.541564542484
1777186307,128,GET,bulk_update_departures,12.100000,0.000000,58,64,67,69,75,89,99,99,100,100,100,472,0,57,59.92800937728735,37.49137499835342,172.66712500713766,127.45762711864407
1777186307,128,GET,large_scan,20.900000,0.000000,940,1000,1100,1100,1200,1200,1300,1300,1400,1400,1400,922,0,930,958.8074971084108,587.9209590202663,2770.4718750028405,332491.95553145336
1777186307,128,GET,next_departures,87.200000,0.000000,54,58,61,64,71,77,86,93,110,110,110,3631,0,53,60.77701455235992,35.5991670221556,1823.883917008061,105.43486642798128
1777186307,128,GET,point_read,108.300000,0.000000,52,57,60,62,69,76,83,89,120,150,150,4516,0,53,56.951043299606624,35.210040980018675,1518.1562500074506,100.4384410983171
1777186307,128,GET,trips_per_route,10.700000,0.000000,58,63,69,73,83,89,100,110,110,110,110,466,0,57,70.90764573122956,37.3902500141412,1669.453334005084,391.41416309012874
1777186307,128,,Aggregated,239.200000,0.000000,55,60,66,70,100,940,1100,1100,1300,1400,1400,10007,0,55,142.2226188719326,35.210040980018675,2770.4718750028405,30742.13610472669
1777186308,128,GET,bulk_update_departures,11.600000,0.000000,58,65,68,72,76,85,99,99,100,100,100,484,0,57,60.08750931427175,37.49137499835342,172.66712500713766,127.45661157024793
1777186308,128,GET,large_scan,21.400000,0.000000,950,1000,1100,1100,1200,1300,1400,1400,1400,1400,1400,950,0,940,966.7284302199321,587.9209590202663,2770.4718750028405,332491.95684210525
1777186308,128,GET,next_departures,85.400000,0.000000,54,58,62,65,72,79,87,94,110,110,110,3708,0,53,60.78003757704725,35.5991670221556,1823.883917008061,105.43257820927724
1777186308,128,GET,point_read,107.600000,0.000000,52,57,61,63,71,78,85,91,120,150,150,4599,0,53,57.05926631573566,35.210040980018675,1518.1562500074506,100.44009567297239
1777186308,128,GET,trips_per_route,10.900000,0.000000,58,62,68,73,81,89,94,100,110,110,110,474,0,57,70.75010934130648,37.3902500141412,1669.453334005084,391.4198312236287
1777186308,128,,Aggregated,236.900000,0.000000,55,61,67,71,120,950,1100,1200,1400,1400,1400,10215,0,55,143.78833677597473,35.210040980018675,2770.4718750028405,31029.608321096428
1777186309,128,GET,bulk_update_departures,11.100000,0.000000,59,66,68,72,77,86,99,99,100,100,100,493,0,57,60.10769381571342,37.49137499835342,172.66712500713766,127.4604462474645
1777186309,128,GET,large_scan,22.400000,0.000000,960,1100,1100,1200,1300,1300,1400,1400,1400,1400,1400,982,0,940,969.791754966238,587.9209590202663,2770.4718750028405,332491.9582484725
1777186309,128,GET,next_departures,83.800000,0.000000,55,59,63,66,73,80,92,97,160,160,160,3785,0,53,60.77235843398814,35.5991670221556,1823.883917008061,105.43170409511228
1777186309,128,GET,point_read,107.400000,0.000000,53,58,62,64,73,79,88,94,120,150,150,4701,0,53,57.091137344812104,35.210040980018675,1518.1562500074506,100.44033184428845
1777186309,128,GET,trips_per_route,10.500000,0.000000,58,65,70,73,81,89,100,100,110,110,110,491,0,57,70.44719066749452,37.3902500141412,1669.453334005084,391.4215885947047
1777186309,128,,Aggregated,235.200000,0.000000,56,63,68,73,710,970,1200,1300,1400,1400,1400,10452,0,55,144.94517607886903,35.210040980018675,2770.4718750028405,31346.47512437811
1777186310,128,GET,bulk_update_departures,11.200000,0.000000,60,67,72,73,79,89,99,99,100,100,100,507,0,57,60.22495316976178,37.49137499835342,172.66712500713766,127.45759368836292
1777186310,128,GET,large_scan,22.600000,0.000000,970,1100,1100,1200,1300,1300,1400,1400,1400,1400,1400,1004,0,940,969.3361183624265,587.9209590202663,2770.4718750028405,332491.9561752988
1777186310,128,GET,next_departures,82.500000,0.000000,55,59,63,66,74,81,92,97,160,160,160,3859,0,53,60.618870067039715,35.5991670221556,1823.883917008061,105.4299041202384
1777186310,128,GET,point_read,107.200000,0.000000,54,59,62,65,73,80,89,94,120,150,150,4809,0,53,57.03573200333656,35.210040980018675,1518.1562500074506,100.43855271366188
1777186310,128,GET,trips_per_route,10.700000,0.000000,59,66,71,73,82,89,100,100,110,110,110,501,0,57,70.28016274391317,37.3902500141412,1669.453334005084,391.4211576846307
1777186310,128,,Aggregated,234.200000,0.000000,56,63,69,74,760,990,1200,1300,1400,1400,1400,10680,0,55,144.86619198692864,35.210040980018675,2770.4718750028405,31364.46722846442
1777186311,128,GET,bulk_update_departures,11.300000,0.000000,59,67,70,73,79,89,99,99,100,100,100,519,0,57,60.02180846083886,37.49137499835342,172.66712500713766,127.45279383429673
1777186311,128,GET,large_scan,23.100000,0.000000,990,1100,1100,1200,1300,1300,1400,1400,1400,1400,1400,1030,0,940,968.8505196619216,587.9209590202663,2770.4718750028405,332491.95242718444
1777186311,128,GET,next_departures,80.200000,0.000000,55,59,63,66,74,81,92,97,160,160,160,3956,0,53,60.43484641595679,35.5991670221556,1823.883917008061,105.42846309403438
1777186311,128,GET,point_read,106.000000,0.000000,54,59,62,65,74,80,89,95,120,150,150,4912,0,53,56.91860717708509,35.210040980018675,1518.1562500074506,100.43790716612378
1777186311,128,GET,trips_per_route,11.000000,0.000000,59,66,70,73,82,89,100,100,110,110,110,514,0,57,69.88589605962014,37.3902500141412,1669.453334005084,391.420233463035
1777186311,128,,Aggregated,231.600000,0.000000,56,63,69,74,760,1000,1200,1300,1400,1400,1400,10931,0,55,144.87724410328116,35.210040980018675,2770.4718750028405,31437.606348915928
1777186312,128,GET,bulk_update_departures,10.900000,0.000000,60,67,70,74,78,86,99,99,100,100,100,529,0,57,60.01702387749423,37.49137499835342,172.66712500713766,127.45746691871456
1777186312,128,GET,large_scan,23.700000,0.000000,980,1100,1100,1200,1300,1300,1400,1400,1400,1400,1400,1047,0,940,966.2797202338036,587.9209590202663,2770.4718750028405,332491.9541547278
1777186312,128,GET,next_departures,79.200000,0.000000,54,59,63,65,73,81,91,97,160,160,160,4067,0,53,60.16383384815008,35.5991670221556,1823.883917008061,105.4283255470863
1777186312,128,GET,point_read,105.000000,0.000000,54,59,62,65,74,81,89,95,120,150,150,5027,0,53,56.72959418177585,35.210040980018675,1518.1562500074506,100.44081957429879
1777186312,128,GET,trips_per_route,11.100000,0.000000,59,67,71,73,83,89,100,100,110,110,110,522,0,57,69.67973880774441,37.3902500141412,1669.453334005084,391.41954022988506
1777186312,128,,Aggregated,229.900000,0.000000,56,63,69,74,780,990,1200,1300,1400,1400,1400,11192,0,55,143.82439944476795,35.210040980018675,2770.4718750028405,31211.983112937814
1777186313,128,GET,bulk_update_departures,11.100000,0.000000,60,67,72,74,78,85,97,99,100,100,100,539,0,57,60.14121499111062,37.49137499835342,172.66712500713766,127.46011131725417
1777186313,128,GET,large_scan,24.100000,0.000000,980,1100,1100,1200,1300,1300,1400,1400,1400,1400,1400,1064,0,940,964.2030792995758,587.9209590202663,2770.4718750028405,332491.95864661655
1777186313,128,GET,next_departures,77.900000,0.000000,54,58,62,64,72,79,91,97,160,160,160,4150,0,53,60.00494967116582,35.5991670221556,1823.883917008061,105.42795180722892
1777186313,128,GET,point_read,104.300000,0.000000,53,57,61,64,73,80,89,95,120,150,150,5145,0,53,56.62144019842724,35.210040980018675,1518.1562500074506,100.44101068999028
1777186313,128,GET,trips_per_route,11.400000,0.000000,59,66,70,72,81,85,97,100,110,110,110,530,0,57,69.55831633520506,37.3902500141412,1669.453334005084,391.42075471698115
1777186313,128,,Aggregated,228.800000,0.000000,55,62,68,73,740,990,1200,1300,1400,1400,1400,11428,0,55,143.11620142359664,35.210040980018675,2770.4718750028405,31064.218848442422
1777186314,128,GET,bulk_update_departures,11.100000,0.000000,60,68,72,74,78,85,97,99,100,100,100,552,0,57,60.16619769782309,37.49137499835342,172.66712500713766,127.46557971014492
1777186314,128,GET,large_scan,24.200000,0.000000,960,1000,1100,1200,1200,1300,1400,1400,1400,1400,1400,1090,0,940,963.0773006859897,587.9209590202663,2770.4718750028405,332491.95871559635
1777186314,128,GET,next_departures,79.200000,0.000000,53,58,62,64,72,79,88,97,160,160,160,4235,0,53,59.927209950025535,35.5991670221556,1823.883917008061,105.43069657615112
1777186314,128,GET,point_read,102.300000,0.000000,53,58,62,64,73,80,90,95,120,150,150,5240,0,53,56.621447676681214,35.210040980018675,1518.1562500074506,100.44103053435114
1777186314,128,GET,trips_per_route,11.400000,0.000000,58,66,70,71,79,85,97,100,110,110,110,543,0,57,69.33895041567958,37.3902500141412,1669.453334005084,391.42173112338855
1777186314,128,,Aggregated,228.200000,0.000000,55,62,68,73,720,970,1200,1200,1400,1400,1400,11660,0,55,143.3194827544433,35.210040980018675,2770.4718750028405,31189.70394511149
1777186315,128,GET,bulk_update_departures,11.100000,0.000000,60,68,72,74,78,81,97,99,100,100,100,563,0,57,60.32841549238205,37.49137499835342,172.66712500713766,127.46181172291297
1777186315,128,GET,large_scan,24.700000,0.000000,970,1000,1100,1200,1200,1300,1400,1400,1400,1400,1400,1113,0,940,963.2879042720149,587.9209590202663,2770.4718750028405,332491.95507637016
1777186315,128,GET,next_departures,82.100000,0.000000,53,58,61,64,71,79,87,97,160,160,160,4321,0,53,59.847285960962544,35.5991670221556,1823.883917008061,105.4304559129831
1777186315,128,GET,point_read,102.100000,0.000000,53,58,61,64,73,80,90,95,120,150,150,5338,0,53,56.627201531989854,35.210040980018675,1518.1562500074506,100.43986511802173
1777186315,128,GET,trips_per_route,10.600000,0.000000,59,66,71,72,79,85,97,100,110,110,110,552,0,57,69.23948972051721,37.3902500141412,1669.453334005084,391.42391304347825
1777186315,128,,Aggregated,230.600000,0.000000,55,62,68,73,670,970,1200,1200,1400,1400,1400,11887,0,55,143.45088400082193,35.210040980018675,2770.4718750028405,31239.428451249263
1777186316,128,GET,bulk_update_departures,11.000000,0.000000,62,68,73,74,79,81,97,99,100,100,100,579,0,58,60.419958919181774,37.49137499835342,172.66712500713766,127.46459412780656
1777186316,128,GET,large_scan,24.100000,0.000000,960,1000,1100,1100,1200,1300,1400,1400,1500,1500,1500,1140,0,940,964.7028518980318,587.9209590202663,2770.4718750028405,332491.95350877196
1777186316,128,GET,next_departures,83.300000,0.000000,54,58,62,64,72,79,88,97,160,160,160,4392,0,53,59.83004164056203,35.5991670221556,1823.883917008061,105.43032786885246
1777186316,128,GET,point_read,102.700000,0.000000,53,58,61,65,74,81,91,96,120,390,390,5438,0,53,56.681281151135686,35.210040980018675,1518.1562500074506,100.43876425156307
1777186316,128,GET,trips_per_route,10.500000,0.000000,58,66,70,71,77,85,97,100,110,110,110,567,0,57,68.88470133993204,37.3902500141412,1669.453334005084,391.41975308641975
1777186316,128,,Aggregated,231.600000,0.000000,56,62,68,73,710,970,1100,1200,1400,1500,1500,12116,0,55,144.0086152874652,35.210040980018675,2770.4718750028405,31392.027071640805
1777186317,128,GET,bulk_update_departures,11.000000,0.000000,60,68,69,73,78,81,86,97,100,100,100,593,0,57,60.34130418744224,37.49137499835342,172.66712500713766,127.46037099494097
1777186317,128,GET,large_scan,23.900000,0.000000,970,1000,1100,1100,1200,1300,1400,1400,1500,1500,1500,1168,0,940,964.4410673834201,587.9209590202663,2770.4718750028405,332491.9537671233
1777186317,128,GET,next_departures,83.200000,0.000000,53,58,61,63,70,77,85,94,160,160,160,4476,0,53,59.71519461471627,35.5991670221556,1823.883917008061,105.42582663092047
1777186317,128,GET,point_read,103.300000,0.000000,52,57,60,63,71,78,90,95,110,390,390,5543,0,53,56.59955342052158,35.210040980018675,1518.1562500074506,100.43730831679596
1777186317,128,GET,trips_per_route,10.900000,0.000000,56,63,66,68,73,81,85,97,100,100,100,579,0,57,68.54576631915629,37.3902500141412,1669.453334005084,391.4110535405872
1777186317,128,,Aggregated,232.300000,0.000000,55,61,66,71,740,970,1100,1200,1400,1500,1500,12359,0,55,144.26362120650543,35.210040980018675,2770.4718750028405,31530.17420503277
1777186318,128,GET,bulk_update_departures,11.200000,0.000000,57,65,68,69,78,80,86,97,100,100,100,611,0,57,60.114411836722105,37.49137499835342,172.66712500713766,127.46317512274959
1777186318,128,GET,large_scan,23.700000,0.000000,910,990,1000,1100,1100,1200,1300,1400,1500,1500,1500,1186,0,940,962.0247853388682,587.9209590202663,2770.4718750028405,332491.957841484
1777186318,128,GET,next_departures,84.800000,0.000000,52,57,60,62,67,74,83,88,160,160,160,4551,0,53,59.57465758705144,35.5991670221556,1823.883917008061,105.42408261920457
1777186318,128,GET,point_read,102.600000,0.000000,52,56,59,61,68,75,88,95,110,390,390,5665,0,53,56.53783342651431,35.210040980018675,1518.1562500074506,100.43830538393645
1777186318,128,GET,trips_per_route,10.600000,0.000000,55,61,66,68,73,80,85,87,97,97,97,593,0,57,68.28203904857698,37.3902500141412,1669.453334005084,391.4114671163575
1777186318,128,,Aggregated,232.900000,0.000000,54,60,65,68,110,910,1100,1100,1400,1500,1500,12606,0,55,143.5501858828983,35.210040980018675,2770.4718750028405,31389.355624305885
1777186319,128,GET,bulk_update_departures,11.700000,0.000000,57,64,68,72,78,80,82,97,100,100,100,620,0,57,60.13953146166093,37.49137499835342,172.66712500713766,127.46129032258065
1777186319,128,GET,large_scan,23.900000,0.000000,900,970,1000,1000,1100,1100,1200,1400,1500,1500,1500,1207,0,930,960.8595072119483,587.9209590202663,2770.4718750028405,332491.96437448217
1777186319,128,GET,next_departures,83.400000,0.000000,52,56,59,61,66,72,80,85,110,110,110,4659,0,53,59.39327497285012,35.5991670221556,1823.883917008061,105.42219360377763
1777186319,128,GET,point_read,101.800000,0.000000,51,55,58,61,67,74,87,94,110,390,390,5761,0,52,56.4347046134501,35.210040980018675,1518.1562500074506,100.43968061100503
1777186319,128,GET,trips_per_route,11.500000,0.000000,55,60,64,67,73,80,87,88,97,97,97,605,0,57,68.04535755837598,37.3902500141412,1669.453334005084,391.40826446280994
1777186319,128,,Aggregated,232.300000,0.000000,53,58,63,67,95,890,1000,1100,1400,1500,1500,12852,0,55,143.17187810538934,35.210040980018675,2770.4718750028405,31333.91098661687
1777186320,128,GET,bulk_update_departures,12.100000,0.000000,58,64,68,72,78,81,84,96,100,100,100,636,0,57,60.23797046116029,37.49137499835342,172.66712500713766,127.4622641509434
1777186320,128,GET,large_scan,24.700000,0.000000,890,960,1000,1000,1100,1200,1200,1400,1500,1500,1500,1224,0,930,958.7423683601539,560.2344170038123,2770.4718750028405,332491.9681372549
1777186320,128,GET,next_departures,84.100000,0.000000,52,56,59,62,67,72,80,85,110,110,110,4748,0,53,59.316689610069005,35.5991670221556,1823.883917008061,105.42228306655434
1777186320,128,GET,point_read,102.600000,0.000000,51,55,58,60,67,75,87,95,110,390,390,5864,0,52,56.42113156309192,35.210040980018675,1518.1562500074506,100.43946111869032
1777186320,128,GET,trips_per_route,11.300000,0.000000,55,60,64,67,73,79,88,97,100,100,100,615,0,57,67.94710316400922,37.3902500141412,1669.453334005084,391.40162601626014
1777186320,128,,Aggregated,234.800000,0.000000,53,58,63,67,90,870,1000,1100,1400,1500,1500,13087,0,55,142.59101660323762,35.210040980018675,2770.4718750028405,31205.12485672805
1777186322,128,GET,bulk_update_departures,12.700000,0.000000,59,64,69,73,78,82,84,96,100,100,100,645,0,57,60.20320110431829,37.49137499835342,172.66712500713766,127.46046511627907
1777186322,128,GET,large_scan,23.400000,0.000000,900,990,1000,1100,1100,1200,1200,1300,1500,1500,1500,1250,0,930,959.9187777638435,560.2344170038123,2770.4718750028405,332491.968
1777186322,128,GET,next_departures,84.100000,0.000000,52,57,60,62,67,74,81,85,110,110,110,4844,0,53,59.18434576559213,35.5991670221556,1823.883917008061,105.42093311312965
1777186322,128,GET,point_read,106.600000,0.000000,52,57,60,62,69,76,89,95,390,390,390,5974,0,52,56.3858774670461,35.210040980018675,1518.1562500074506,100.43923669233344
1777186322,128,GET,trips_per_route,11.800000,0.000000,55,60,66,67,73,79,88,97,100,100,100,624,0,57,67.74751467128226,37.3902500141412,1669.453334005084,391.3974358974359
1777186322,128,,Aggregated,238.600000,0.000000,54,60,65,68,97,890,1100,1100,1300,1500,1500,13337,0,54,142.80139378785572,35.210040980018675,2770.4718750028405,31270.307190522606
1777186323,128,GET,bulk_update_departures,12.700000,0.000000,58,64,68,70,78,82,84,96,100,100,100,651,0,57,60.21402112633732,37.49137499835342,172.66712500713766,127.46236559139786
1777186323,128,GET,large_scan,22.600000,0.000000,900,990,1000,1100,1100,1200,1300,1400,1500,1500,1500,1264,0,930,958.3489046984175,560.2344170038123,2770.4718750028405,332491.96993670886
1777186323,128,GET,next_departures,87.400000,0.000000,52,57,60,62,68,74,81,85,110,110,110,4929,0,53,59.08564143572955,35.5991670221556,1823.883917008061,105.42138364779875
1777186323,128,GET,point_read,106.100000,0.000000,52,57,60,62,69,77,89,95,390,390,390,6099,0,52,56.32651392806424,35.210040980018675,1518.1562500074506,100.43810460731268
1777186323,128,GET,trips_per_route,11.500000,0.000000,55,60,66,68,78,83,89,100,100,100,100,631,0,57,67.7461599126822,37.3902500141412,1669.453334005084,391.40095087163235
1777186323,128,,Aggregated,240.300000,0.000000,54,60,65,68,95,890,1000,1100,1300,1500,1500,13574,0,54,142.04130729931654,35.210040980018675,2770.4718750028405,31069.102401650212
1777186324,128,GET,bulk_update_departures,12.600000,0.000000,57,62,67,69,79,82,84,96,100,100,100,662,0,57,60.125644893230366,37.49137499835342,172.66712500713766,127.45770392749245
1777186324,128,GET,large_scan,22.000000,0.000000,910,1000,1000,1100,1100,1200,1300,1400,1500,1500,1500,1291,0,930,958.6084828589228,560.2344170038123,2770.4718750028405,332491.9713400465
1777186324,128,GET,next_departures,88.500000,0.000000,52,56,59,62,67,72,80,83,110,110,110,5000,0,53,58.974420668702805,35.5991670221556,1823.883917008061,105.4206
1777186324,128,GET,point_read,106.100000,0.000000,52,57,60,62,68,75,86,94,390,390,390,6222,0,52,56.27626382694499,35.210040980018675,1518.1562500074506,100.43796207007394
1777186324,128,GET,trips_per_route,11.000000,0.000000,55,58,64,67,73,80,88,89,100,100,100,647,0,57,67.3963223660287,37.3902500141412,1669.453334005084,391.40494590417313
1777186324,128,,Aggregated,240.200000,0.000000,54,59,64,67,90,900,1100,1100,1400,1500,1500,13822,0,54,142.23666370538086,35.210040980018675,2770.4718750028405,31163.12972073506
1777186325,128,GET,bulk_update_departures,12.200000,0.000000,56,61,64,68,76,81,84,84,96,96,96,671,0,57,60.054134130111834,37.49137499835342,172.66712500713766,127.45603576751118
1777186325,128,GET,large_scan,21.700000,0.000000,890,990,1000,1100,1100,1200,1300,1400,1500,1500,1500,1312,0,930,956.6157107765764,560.2344170038123,2770.4718750028405,332491.974847561
1777186325,128,GET,next_departures,86.100000,0.000000,52,56,58,61,66,72,78,81,110,110,110,5083,0,53,58.86940074942317,35.5991670221556,1823.883917008061,105.42120794806216
1777186325,128,GET,point_read,107.000000,0.000000,52,56,59,61,67,73,82,90,390,390,390,6341,0,52,56.17760665862954,35.210040980018675,1518.1562500074506,100.4392051726857
1777186325,128,GET,trips_per_route,10.900000,0.000000,54,58,61,65,71,79,88,89,100,100,100,666,0,57,67.01067208835796,37.3902500141412,1669.453334005084,391.4069069069069
1777186325,128,,Aggregated,237.900000,0.000000,53,58,63,66,87,870,1000,1100,1400,1500,1500,14073,0,54,141.7935487801256,35.210040980018675,2770.4718750028405,31105.550486747674
1777186326,128,GET,bulk_update_departures,12.200000,0.000000,56,59,63,65,74,79,84,84,96,96,96,682,0,57,60.02627035097323,37.49137499835342,172.66712500713766,127.45454545454545
1777186326,128,GET,large_scan,22.600000,0.000000,870,960,1000,1000,1100,1100,1200,1300,1400,1400,1400,1334,0,930,955.576670161793,560.2344170038123,2770.4718750028405,332491.9715142429
1777186326,128,GET,next_departures,84.800000,0.000000,51,55,58,60,66,71,78,81,89,89,89,5169,0,53,58.795757312318614,35.5991670221556,1823.883917008061,105.42097117430838
1777186326,128,GET,point_read,107.400000,0.000000,51,55,59,61,66,72,81,86,110,110,110,6459,0,52,56.118668941665575,35.210040980018675,1518.1562500074506,100.43861278835733
1777186326,128,GET,trips_per_route,11.600000,0.000000,54,57,62,67,78,81,88,89,100,100,100,674,0,57,66.92471127879035,37.3902500141412,1669.453334005084,391.40356083086056
1777186326,128,,Aggregated,238.600000,0.000000,53,58,62,65,83,840,1000,1100,1200,1400,1400,14318,0,54,141.58193895926058,35.210040980018675,2770.4718750028405,31085.952926386366
1777186327,128,GET,bulk_update_departures,11.800000,0.000000,56,61,63,65,74,82,84,96,96,96,96,688,0,57,59.99827325920409,37.49137499835342,172.66712500713766,127.45203488372093
1777186327,128,GET,large_scan,22.200000,0.000000,850,930,1000,1000,1100,1200,1200,1300,1400,1400,1400,1349,0,930,954.5547366210448,560.2344170038123,2770.4718750028405,332491.9681245367
1777186327,128,GET,next_departures,84.700000,0.000000,52,55,57,60,66,71,78,81,89,89,89,5253,0,53,58.72957097629977,35.5991670221556,1823.883917008061,105.42356748524652
1777186327,128,GET,point_read,109.700000,0.000000,51,55,58,60,67,72,81,86,110,110,110,6571,0,52,56.0488333369917,35.210040980018675,1518.1562500074506,100.43920255668849
1777186327,128,GET,trips_per_route,12.200000,0.000000,54,58,65,70,78,81,88,89,100,100,100,683,0,57,66.81793757085723,37.3902500141412,1669.453334005084,391.402635431918
1777186327,128,,Aggregated,240.600000,0.000000,53,57,62,65,81,810,1000,1100,1200,1400,1400,14544,0,54,141.04875709989633,35.210040980018675,2770.4718750028405,30947.50110011001
1777186328,128,GET,bulk_update_departures,11.600000,0.000000,57,62,64,69,76,82,84,96,96,96,96,696,0,57,59.979229947411916,37.49137499835342,172.66712500713766,127.45114942528735
1777186328,128,GET,large_scan,21.800000,0.000000,890,970,1000,1100,1100,1200,1200,1300,1400,1400,1400,1378,0,930,955.5534882037914,560.2344170038123,2770.4718750028405,332491.9651669086
1777186328,128,GET,next_departures,84.800000,0.000000,52,55,58,61,67,73,79,82,91,91,91,5351,0,53,58.63684684497667,35.5991670221556,1823.883917008061,105.4259017006167
1777186328,128,GET,point_read,111.400000,0.000000,51,55,58,60,67,73,82,87,110,170,170,6679,0,52,56.03469594120456,35.210040980018675,1518.1562500074506,100.43793981134901
1777186328,128,GET,trips_per_route,12.100000,0.000000,54,58,63,68,73,79,88,89,100,100,100,695,0,56,66.57702000426437,37.3902500141412,1669.453334005084,391.40143884892086
1777186328,128,,Aggregated,241.700000,0.000000,53,58,62,66,84,860,1000,1100,1300,1400,1400,14799,0,54,141.4143375464533,35.210040980018675,2770.4718750028405,31067.613825258464
1777186329,128,GET,bulk_update_departures,10.900000,0.000000,56,61,64,65,73,82,84,96,96,96,96,707,0,57,59.89767391850633,37.49137499835342,172.66712500713766,127.44978783592644
1777186329,128,GET,large_scan,20.800000,0.000000,890,960,1000,1100,1100,1200,1200,1300,1400,1400,1400,1397,0,930,954.1871254422155,560.2344170038123,2770.4718750028405,332491.96635647817
1777186329,128,GET,next_departures,86.100000,0.000000,52,56,59,62,68,73,79,83,91,91,91,5443,0,53,58.564977749831215,35.5991670221556,1823.883917008061,105.42421458754363
1777186329,128,GET,point_read,113.200000,0.000000,52,56,59,61,67,73,83,87,110,170,170,6789,0,52,56.00883503095487,35.210040980018675,1518.1562500074506,100.43776697599057
1777186329,128,GET,trips_per_route,11.600000,0.000000,54,57,62,69,76,81,89,100,100,100,100,705,0,57,66.46341954321593,37.3902500141412,1669.453334005084,391.3985815602837
1777186329,128,,Aggregated,242.600000,0.000000,53,58,63,67,84,850,1000,1100,1300,1400,1400,15041,0,54,141.0289831393266,35.210040980018675,2770.4718750028405,30989.496443055647
1777186330,128,GET,bulk_update_departures,10.300000,0.000000,56,61,64,66,71,74,82,83,83,83,83,721,0,57,59.88569648740374,37.49137499835342,172.66712500713766,127.4507628294036
1777186330,128,GET,large_scan,20.900000,0.000000,900,960,1000,1100,1100,1200,1200,1300,1400,1400,1400,1417,0,930,952.665461385202,560.2344170038123,2770.4718750028405,332491.9717713479
1777186330,128,GET,next_departures,87.400000,0.000000,52,56,58,61,67,73,78,81,91,91,91,5524,0,53,58.49766306397388,35.5991670221556,1823.883917008061,105.42469225199132
1777186330,128,GET,point_read,113.400000,0.000000,52,56,59,60,67,72,82,86,110,170,170,6912,0,52,55.94627103024592,35.210040980018675,1518.1562500074506,100.43764467592592
1777186330,128,GET,trips_per_route,11.600000,0.000000,55,58,62,68,71,78,84,89,99,99,99,718,0,56,66.3605839511656,37.3902500141412,1669.453334005084,391.4025069637883
1777186330,128,,Aggregated,243.600000,0.000000,53,58,62,66,83,860,1000,1100,1300,1400,1400,15292,0,54,140.63517926717526,35.210040980018675,2770.4718750028405,30917.514648182056
1777186331,128,GET,bulk_update_departures,9.600000,0.000000,57,63,66,69,73,77,79,83,83,83,83,740,0,57,59.98386914642823,37.49137499835342,172.66712500713766,127.45135135135135
1777186331,128,GET,large_scan,21.000000,0.000000,890,950,990,1000,1100,1100,1200,1300,1400,1400,1400,1434,0,930,952.350218904365,560.2344170038123,2770.4718750028405,332491.9748953975
1777186331,128,GET,next_departures,89.100000,0.000000,52,56,59,61,67,72,78,81,91,91,91,5611,0,53,58.43608159105747,35.5991670221556,1823.883917008061,105.42487970058814
1777186331,128,GET,point_read,111.900000,0.000000,52,56,59,60,66,71,80,86,110,170,170,7013,0,52,55.92049645003192,35.210040980018675,1518.1562500074506,100.43676030229574
1777186331,128,GET,trips_per_route,11.200000,0.000000,56,60,69,70,78,85,96,99,100,100,100,732,0,57,66.45960312278953,37.3902500141412,1669.453334005084,391.405737704918
1777186331,128,,Aggregated,242.800000,0.000000,53,58,62,66,81,850,990,1100,1200,1400,1400,15530,0,54,140.29375415161599,35.210040980018675,2770.4718750028405,30809.415132002574
1777186332,128,GET,bulk_update_departures,10.100000,0.000000,57,63,67,69,73,77,83,90,90,90,90,749,0,57,60.01165604582697,37.49137499835342,172.66712500713766,127.44993324432576
1777186332,128,GET,large_scan,20.900000,0.000000,900,960,1000,1000,1100,1100,1200,1300,1400,1400,1400,1459,0,930,952.2070244098362,560.2344170038123,2770.4718750028405,332491.9712131597
1777186332,128,GET,next_departures,86.500000,0.000000,52,56,60,61,67,72,78,81,100,100,100,5693,0,53,58.376458686734004,35.5991670221556,1823.883917008061,105.42227296680133
1777186332,128,GET,point_read,114.700000,0.000000,52,56,59,60,66,71,81,86,100,170,170,7132,0,52,55.899450501553524,35.210040980018675,1518.1562500074506,100.43606281547953
1777186332,128,GET,trips_per_route,11.100000,0.000000,55,60,67,70,78,84,96,99,100,100,100,741,0,57,66.38952320634529,37.3902500141412,1669.453334005084,391.4035087719298
1777186332,128,,Aggregated,243.300000,0.000000,53,59,63,66,84,880,1000,1100,1200,1400,1400,15774,0,54,140.38452364453119,35.210040980018675,2770.4718750028405,30861.401990617473
1777186333,128,GET,bulk_update_departures,10.400000,0.000000,57,63,67,69,74,78,83,90,90,90,90,761,0,57,59.91748094789864,37.49137499835342,172.66712500713766,127.44940867279895
1777186333,128,GET,large_scan,21.000000,0.000000,890,940,980,1000,1100,1100,1200,1200,1300,1300,1300,1479,0,930,951.2598259154145,560.2344170038123,2770.4718750028405,332491.97025016905
1777186333,128,GET,next_departures,86.000000,0.000000,52,56,59,61,67,72,78,81,100,100,100,5792,0,53,58.273668393953734,35.5991670221556,1823.883917008061,105.42437845303867
1777186333,128,GET,point_read,114.400000,0.000000,52,56,59,60,66,71,80,86,100,170,170,7251,0,52,55.85254096205425,35.210040980018675,1518.1562500074506,100.43731899048407
1777186333,128,GET,trips_per_route,11.700000,0.000000,56,61,70,70,78,85,99,100,100,100,100,743,0,57,66.35709318557527,37.3902500141412,1669.453334005084,391.4037685060565
1777186333,128,,Aggregated,243.500000,0.000000,53,58,62,66,82,860,990,1100,1200,1300,1300,16026,0,54,140.04253510674945,35.210040980018675,2770.4718750028405,30792.606701609882
1777186334,128,GET,bulk_update_departures,10.400000,0.000000,57,63,67,69,76,77,81,83,90,90,90,772,0,57,59.87971480880017,37.49137499835342,172.66712500713766,127.45077720207254
1777186334,128,GET,large_scan,20.800000,0.000000,890,940,970,1000,1100,1100,1200,1200,1300,1300,1300,1498,0,920,949.4711585646629,560.2344170038123,2770.4718750028405,332491.97396528703
1777186334,128,GET,next_departures,84.800000,0.000000,53,57,60,62,68,73,78,83,110,110,110,5889,0,53,58.24181750649389,35.5991670221556,1823.883917008061,105.42367125148581
1777186334,128,GET,point_read,115.500000,0.000000,52,56,59,61,67,71,81,86,100,170,170,7348,0,52,55.84172726983408,35.210040980018675,1518.1562500074506,100.43862275449102
1777186334,128,GET,trips_per_route,11.700000,0.000000,59,67,70,74,83,87,99,100,100,100,100,752,0,57,66.41599953972934,37.3902500141412,1669.453334005084,391.405585106383
1777186334,128,,Aggregated,243.200000,0.000000,54,59,63,67,83,860,990,1100,1200,1300,1300,16259,0,54,139.72512714746426,35.210040980018675,2770.4718750028405,30741.409004243804
1777186335,128,GET,bulk_update_departures,11.000000,0.000000,57,63,67,70,76,78,83,87,90,90,90,783,0,57,59.85165474644064,37.49137499835342,172.66712500713766,127.455938697318
1777186335,128,GET,large_scan,21.500000,0.000000,910,960,990,1000,1100,1100,1200,1200,1300,1300,1300,1523,0,930,950.6124969276701,560.2344170038123,2770.4718750028405,332491.9724228496
1777186335,128,GET,next_departures,86.100000,0.000000,53,57,60,62,69,74,81,86,110,110,110,5978,0,53,58.2369922354998,35.5991670221556,1823.883917008061,105.4225493476079
1777186335,128,GET,point_read,115.200000,0.000000,52,56,59,61,67,71,82,87,170,170,170,7442,0,52,55.81391840494797,35.210040980018675,1518.1562500074506,100.43832303144316
1777186335,128,GET,trips_per_route,11.200000,0.000000,60,68,70,78,83,87,99,100,100,100,100,758,0,57,66.4361625829021,37.3902500141412,1669.453334005084,391.401055408971
1777186335,128,,Aggregated,245.000000,0.000000,54,60,64,67,86,890,1000,1100,1200,1300,1300,16484,0,54,140.04569340442785,35.210040980018675,2770.4718750028405,30827.434603251637
1777186336,128,GET,bulk_update_departures,11.000000,0.000000,57,64,68,71,76,78,83,87,90,90,90,796,0,57,59.83063216899152,37.49137499835342,172.66712500713766,127.4535175879397
1777186336,128,GET,large_scan,20.700000,0.000000,930,970,1000,1100,1100,1100,1200,1200,1300,1300,1300,1549,0,930,951.1987269695617,560.2344170038123,2770.4718750028405,332491.97159457713
1777186336,128,GET,next_departures,88.800000,0.000000,53,57,60,62,69,74,81,89,110,110,110,6053,0,53,58.198305027366956,35.5991670221556,1823.883917008061,105.4214439121097
1777186336,128,GET,point_read,112.600000,0.000000,52,57,60,61,68,72,81,87,170,170,170,7551,0,52,55.7956552467741,35.210040980018675,1518.1562500074506,100.43874983445902
1777186336,128,GET,trips_per_route,10.500000,0.000000,59,64,70,74,83,87,99,100,100,100,100,771,0,57,66.25027570932536,37.3902500141412,1669.453334005084,391.3994811932555
1777186336,128,,Aggregated,243.600000,0.000000,54,60,64,68,90,910,1000,1100,1200,1300,1300,16720,0,54,140.29296094218307,35.210040980018675,2770.4718750028405,30910.874102870814
1777186337,128,GET,bulk_update_departures,11.200000,0.000000,57,63,67,70,75,77,81,87,90,90,90,807,0,57,59.78847521251498,37.49137499835342,172.66712500713766,127.45353159851301
1777186337,128,GET,large_scan,21.100000,0.000000,900,960,990,1000,1100,1100,1200,1200,1200,1200,1200,1573,0,930,949.1510494506584,534.9053330137394,2770.4718750028405,332491.97520661156
1777186337,128,GET,next_departures,89.400000,0.000000,53,57,60,62,68,72,79,84,110,110,110,6146,0,53,58.11496246089194,35.5991670221556,1823.883917008061,105.42076147087536
1777186337,128,GET,point_read,110.300000,0.000000,52,56,59,61,66,72,78,84,100,100,100,7670,0,52,55.74821672949338,35.210040980018675,1518.1562500074506,100.43885267275098
1777186337,128,GET,trips_per_route,9.300000,0.000000,60,67,70,77,83,87,99,100,100,100,100,779,0,57,66.138876804697,37.3902500141412,1669.453334005084,391.397946084724
1777186337,128,,Aggregated,241.300000,0.000000,54,59,64,67,85,890,1000,1100,1200,1200,1200,16975,0,54,140.0618242658676,35.210040980018675,2770.4718750028405,30918.168659793813
1777186338,128,GET,bulk_update_departures,11.400000,0.000000,57,64,68,70,76,77,81,87,90,90,90,814,0,57,59.73048116030693,37.49137499835342,172.66712500713766,127.45454545454545
1777186338,128,GET,large_scan,21.500000,0.000000,910,960,1000,1000,1100,1100,1200,1200,1200,1200,1200,1592,0,920,948.6166992989167,534.9053330137394,2770.4718750028405,332491.9761306533
1777186338,128,GET,next_departures,88.200000,0.000000,53,57,60,62,67,72,79,84,110,110,110,6228,0,53,58.05509081834403,35.5991670221556,1823.883917008061,105.4208413615928
1777186338,128,GET,point_read,108.900000,0.000000,52,56,59,61,66,72,77,81,100,100,100,7780,0,52,55.713938418418174,35.210040980018675,1518.1562500074506,100.43856041131106
1777186338,128,GET,trips_per_route,9.700000,0.000000,59,66,70,73,83,87,99,100,100,100,100,793,0,57,65.93422497460304,37.3902500141412,1669.453334005084,391.3972257250946
1777186338,128,,Aggregated,239.700000,0.000000,54,59,64,67,85,890,1000,1100,1200,1200,1200,17207,0,54,139.8341247088491,35.210040980018675,2770.4718750028405,30869.95554134945
1777186339,128,GET,bulk_update_departures,11.900000,0.000000,56,62,66,69,75,77,81,87,90,90,90,826,0,57,59.671205456954084,37.49137499835342,172.66712500713766,127.45278450363196
1777186339,128,GET,large_scan,22.200000,0.000000,910,960,1000,1000,1100,1100,1200,1200,1200,1200,1200,1613,0,920,947.9733538889202,534.9053330137394,2770.4718750028405,332491.97768133914
1777186339,128,GET,next_departures,88.700000,0.000000,53,57,60,62,68,72,79,84,110,110,110,6322,0,53,57.98858447922555,35.5991670221556,1823.883917008061,105.42027839291363
1777186339,128,GET,point_read,109.500000,0.000000,52,56,59,61,66,72,77,81,100,100,100,7884,0,52,55.675476521567155,35.210040980018675,1518.1562500074506,100.4384830035515
1777186339,128,GET,trips_per_route,9.600000,0.000000,59,66,70,71,79,85,96,100,100,100,100,802,0,57,65.80177372682346,37.3902500141412,1669.453334005084,391.3990024937656
1777186339,128,,Aggregated,241.900000,0.000000,54,59,64,67,85,890,1000,1100,1200,1200,1200,17447,0,54,139.662506220719,35.210040980018675,2770.4718750028405,30846.968647905083
1777186340,128,GET,bulk_update_departures,11.800000,0.000000,54,60,64,66,75,76,87,90,90,90,90,840,0,57,59.60491745887945,37.49137499835342,172.66712500713766,127.45119047619048
1777186340,128,GET,large_scan,21.200000,0.000000,910,970,1000,1000,1100,1100,1200,1200,1200,1200,1200,1636,0,920,948.2529999687093,534.9053330137394,2770.4718750028405,332491.9761613692
1777186340,128,GET,next_departures,87.400000,0.000000,53,57,59,61,67,71,79,83,110,110,110,6412,0,53,57.9102818608332,35.5991670221556,1823.883917008061,105.41999376169682
1777186340,128,GET,point_read,109.900000,0.000000,52,56,59,61,66,72,77,79,100,100,100,7988,0,52,55.62890722310332,35.210040980018675,1518.1562500074506,100.4385327991988
1777186340,128,GET,trips_per_route,9.800000,0.000000,59,63,67,70,75,79,84,87,87,87,87,820,0,57,65.64121700709022,37.3902500141412,1669.453334005084,391.39268292682925
1777186340,128,,Aggregated,240.100000,0.000000,54,59,63,66,84,900,1000,1100,1200,1200,1200,17696,0,54,139.63157067980848,35.210040980018675,2770.4718750028405,30846.69586347197
1777186341,128,GET,bulk_update_departures,11.900000,0.000000,55,58,62,65,73,76,81,87,87,87,87,849,0,57,59.594258389260744,37.49137499835342,172.66712500713766,127.45229681978799
1777186341,128,GET,large_scan,21.600000,0.000000,910,970,1000,1000,1100,1100,1200,1200,1200,1200,1200,1655,0,930,947.7720988113532,534.9053330137394,2770.4718750028405,332491.97583081573
1777186341,128,GET,next_departures,87.800000,0.000000,53,56,59,60,67,71,79,84,110,110,110,6488,0,53,57.8399473131275,35.5991670221556,1823.883917008061,105.41892725030826
1777186341,128,GET,point_read,109.500000,0.000000,52,55,59,61,66,71,76,79,170,170,170,8104,0,52,55.60025116551986,35.210040980018675,1518.1562500074506,100.43620434353406
1777186341,128,GET,trips_per_route,9.700000,0.000000,59,63,67,70,78,79,87,87,87,87,87,831,0,57,65.61679396131547,37.3902500141412,1669.453334005084,391.3910950661853
1777186341,128,,Aggregated,240.500000,0.000000,54,59,62,66,82,890,1000,1100,1200,1200,1200,17927,0,54,139.4285668712037,35.210040980018675,2770.4718750028405,30803.010319629608
1777186342,128,GET,bulk_update_departures,11.900000,0.000000,56,60,63,65,74,76,86,87,89,89,89,865,0,57,59.606949371693524,37.49137499835342,172.66712500713766,127.45664739884393
1777186342,128,GET,large_scan,21.800000,0.000000,910,970,1000,1000,1100,1100,1200,1200,1200,1200,1200,1677,0,920,946.9821250196009,534.9053330137394,2770.4718750028405,332491.9767441861
1777186342,128,GET,next_departures,88.600000,0.000000,54,57,60,62,69,74,80,86,110,110,110,6589,0,53,57.83346601602016,35.5991670221556,1823.883917008061,105.4175140385491
1777186342,128,GET,point_read,106.900000,0.000000,52,55,59,61,66,71,77,80,170,170,170,8206,0,52,55.570177292378936,35.210040980018675,1518.1562500074506,100.4362661467219
1777186342,128,GET,trips_per_route,10.300000,0.000000,59,64,69,70,79,84,87,93,93,93,93,839,0,57,65.65189500216115,37.3902500141412,1669.453334005084,391.3957091775924
1777186342,128,,Aggregated,239.500000,0.000000,54,59,63,66,86,890,1000,1100,1200,1200,1200,18176,0,54,139.29382467055544,35.210040980018675,2770.4718750028405,30784.906029929578
1777186343,128,GET,bulk_update_departures,10.800000,0.000000,56,60,63,65,73,75,87,89,98,98,98,878,0,57,59.576477313874044,37.49137499835342,172.66712500713766,127.45558086560365
1777186343,128,GET,large_scan,22.000000,0.000000,920,980,1000,1000,1100,1100,1200,1200,1200,1200,1200,1699,0,920,946.439355989363,534.9053330137394,2770.4718750028405,332491.9770453208
1777186343,128,GET,next_departures,87.900000,0.000000,53,57,59,62,68,74,79,84,94,94,94,6683,0,53,57.78556337565574,35.5991670221556,1823.883917008061,105.41583121352686
1777186343,128,GET,point_read,109.500000,0.000000,51,55,58,60,66,71,77,80,170,170,170,8314,0,52,55.51517877764727,35.210040980018675,1518.1562500074506,100.43625210488332
1777186343,128,GET,trips_per_route,9.900000,0.000000,58,62,67,70,78,83,87,89,93,93,93,853,0,57,65.59181895991678,37.3902500141412,1669.453334005084,391.39859320046895
1777186343,128,,Aggregated,240.100000,0.000000,54,59,63,66,86,910,1000,1100,1200,1200,1200,18427,0,54,139.14324365752339,35.210040980018675,2770.4718750028405,30764.050523688067
1777186344,128,GET,bulk_update_departures,11.600000,0.000000,55,61,63,65,73,75,86,89,98,98,98,885,0,57,59.54059599615939,37.49137499835342,172.66712500713766,127.45875706214689
1777186344,128,GET,large_scan,21.800000,0.000000,890,950,1000,1000,1100,1100,1200,1200,1200,1200,1200,1715,0,920,944.8964836203857,534.9053330137394,2770.4718750028405,332491.9807580175
1777186344,128,GET,next_departures,89.300000,0.000000,53,56,59,60,67,71,77,82,94,94,94,6774,0,53,57.70102606102579,35.5991670221556,1823.883917008061,105.41644523176852
1777186344,128,GET,point_read,107.500000,0.000000,51,54,57,59,65,70,76,79,94,170,170,8448,0,52,55.42978278688707,35.210040980018675,1518.1562500074506,100.43631628787878
1777186344,128,GET,trips_per_route,9.800000,0.000000,58,61,66,69,75,79,87,89,93,93,93,867,0,57,65.46756030081029,37.3902500141412,1669.453334005084,391.40369088811997
1777186344,128,,Aggregated,240.000000,0.000000,53,58,62,65,79,860,1000,1100,1200,1200,1200,18689,0,54,138.53543941181275,35.210040980018675,2770.4718750028405,30618.998983359194
1777186345,128,GET,bulk_update_departures,11.700000,0.000000,56,61,63,65,73,78,89,98,98,98,98,895,0,57,59.557111867685286,37.49137499835342,172.66712500713766,127.46033519553073
1777186345,128,GET,large_scan,21.900000,0.000000,870,930,980,1000,1100,1100,1100,1200,1200,1200,1200,1732,0,920,943.8305811414239,534.9053330137394,2770.4718750028405,332491.9797921478
1777186345,128,GET,next_departures,88.900000,0.000000,52,56,59,60,66,71,76,81,94,94,94,6856,0,53,57.650833333192594,35.5991670221556,1823.883917008061,105.4156942823804
1777186345,128,GET,point_read,106.100000,0.000000,51,54,57,59,64,69,76,79,94,170,170,8567,0,52,55.38573994126331,35.210040980018675,1518.1562500074506,100.4371425236372
1777186345,128,GET,trips_per_route,10.900000,0.000000,59,62,69,70,75,82,87,89,93,93,93,874,0,57,65.45655190598623,37.3902500141412,1669.453334005084,391.4050343249428
1777186345,128,,Aggregated,239.500000,0.000000,53,57,61,64,79,840,980,1100,1200,1200,1200,18924,0,54,138.1827814116211,35.210040980018675,2770.4718750028405,30538.75760938491
1777186346,128,GET,bulk_update_departures,11.300000,0.000000,57,62,65,66,75,83,97,98,98,98,98,904,0,57,59.675300328163495,37.49137499835342,172.66712500713766,127.45685840707965
1777186346,128,GET,large_scan,21.700000,0.000000,870,950,990,1000,1100,1100,1200,1200,1300,1300,1300,1751,0,920,943.9292877138403,534.9053330137394,2770.4718750028405,332491.98058252427
1777186346,128,GET,next_departures,88.300000,0.000000,53,57,60,63,69,74,81,86,100,100,100,6950,0,53,57.72941080232741,35.5991670221556,1823.883917008061,105.4169784172662
1777186346,128,GET,point_read,109.500000,0.000000,51,55,58,61,66,72,79,81,170,170,170,8656,0,52,55.448527580847106,35.210040980018675,1518.1562500074506,100.43715341959334
1777186346,128,GET,trips_per_route,11.500000,0.000000,59,65,69,73,79,86,93,100,130,130,130,883,0,57,65.57284842338493,37.3902500141412,1669.453334005084,391.4043035107588
1777186346,128,,Aggregated,242.300000,0.000000,54,59,63,66,81,840,990,1100,1200,1300,1300,19144,0,54,138.20775905022035,35.210040980018675,2770.4718750028405,30519.03055787714
1777186347,128,GET,bulk_update_departures,11.200000,0.000000,58,62,65,66,75,83,97,98,98,98,98,912,0,57,59.65142904565973,37.49137499835342,172.66712500713766,127.45614035087719
1777186347,128,GET,large_scan,20.900000,0.000000,920,990,1000,1100,1200,1300,1400,1400,1600,1600,1600,1781,0,920,948.3189689297991,534.9053330137394,2770.4718750028405,332491.9848399775
1777186347,128,GET,next_departures,87.700000,0.000000,54,58,61,63,69,75,82,89,110,110,110,7023,0,53,57.74095861172877,35.5991670221556,1823.883917008061,105.41577673358964
1777186347,128,GET,point_read,112.400000,0.000000,51,55,58,61,67,73,79,81,170,170,170,8765,0,52,55.436159621157,35.210040980018675,1518.1562500074506,100.43639475185397
1777186347,128,GET,trips_per_route,11.600000,0.000000,61,67,72,74,81,87,93,100,130,130,130,900,0,57,65.55587925091257,37.3902500141412,1669.453334005084,391.4033333333333
1777186347,128,,Aggregated,243.800000,0.000000,54,60,64,68,86,880,1100,1200,1400,1600,1600,19381,0,54,138.99030853356567,35.210040980018675,2770.4718750028405,30661.853774315052
1777186348,128,GET,bulk_update_departures,10.700000,0.000000,58,62,66,69,77,86,98,100,100,100,100,924,0,57,59.70968114139963,37.49137499835342,172.66712500713766,127.45779220779221
1777186348,128,GET,large_scan,20.200000,0.000000,900,980,1000,1100,1200,1300,1400,1400,1600,1600,1600,1799,0,920,946.9599019110424,534.9053330137394,2770.4718750028405,332491.98721511953
1777186348,128,GET,next_departures,89.600000,0.000000,54,58,62,63,69,75,82,90,110,110,110,7107,0,53,57.70222479047786,35.5991670221556,1823.883917008061,105.41719431546363
1777186348,128,GET,point_read,110.700000,0.000000,52,56,59,62,67,73,80,86,170,170,170,8879,0,52,55.440056678303534,35.210040980018675,1518.1562500074506,100.43687352179299
1777186348,128,GET,trips_per_route,11.300000,0.000000,61,67,73,75,81,87,93,100,130,130,130,910,0,57,65.5492447261637,37.3902500141412,1669.453334005084,391.4021978021978
1777186348,128,,Aggregated,242.500000,0.000000,54,60,65,68,87,860,1000,1200,1400,1600,1600,19619,0,54,138.67905583597536,35.210040980018675,2770.4718750028405,30596.259289464295
1777186349,128,GET,bulk_update_departures,10.300000,0.000000,60,64,67,69,77,86,98,100,100,100,100,937,0,57,59.733162310174215,37.49137499835342,172.66712500713766,127.45677694770545
1777186349,128,GET,large_scan,21.000000,0.000000,910,980,1000,1100,1200,1300,1400,1400,1600,1600,1600,1822,0,920,947.9632625285969,534.9053330137394,2770.4718750028405,332491.9862788145
1777186349,128,GET,next_departures,88.100000,0.000000,54,59,62,64,70,75,84,89,110,110,110,7191,0,53,57.683271033656,35.5991670221556,1823.883917008061,105.41816159087749
1777186349,128,GET,point_read,109.400000,0.000000,52,56,60,62,69,75,81,87,100,170,170,8983,0,52,55.456742717356306,35.210040980018675,1518.1562500074506,100.43671379271959
1777186349,128,GET,trips_per_route,12.100000,0.000000,61,68,73,76,82,89,100,130,130,130,130,915,0,57,65.52694981069752,37.3902500141412,1669.453334005084,391.4032786885246
1777186349,128,,Aggregated,240.900000,0.000000,55,61,65,69,87,870,1100,1200,1400,1600,1600,19848,0,54,138.85955856114217,35.210040980018675,2770.4718750028405,30629.697954453848
1777186350,128,GET,bulk_update_departures,11.000000,0.000000,61,65,68,70,78,89,98,100,100,100,100,945,0,57,59.7888374356516,37.49137499835342,172.66712500713766,127.45925925925926
1777186350,128,GET,large_scan,20.900000,0.000000,920,1000,1000,1100,1200,1400,1400,1400,1600,1600,1600,1846,0,920,948.8059037969263,534.9053330137394,2770.4718750028405,332491.9853737811
1777186350,128,GET,next_departures,88.100000,0.000000,54,59,63,65,71,76,84,89,110,110,110,7283,0,53,57.66299237967032,35.5991670221556,1823.883917008061,105.41919538651655
1777186350,128,GET,point_read,109.800000,0.000000,52,57,60,63,69,75,81,87,100,100,100,9078,0,52,55.47120974673812,35.210040980018675,1518.1562500074506,100.4369905265477
1777186350,128,GET,trips_per_route,11.700000,0.000000,62,68,73,77,83,90,99,100,130,130,130,934,0,57,65.53205753825789,37.3902500141412,1669.453334005084,391.40471092077087
1777186350,128,,Aggregated,241.500000,0.000000,55,62,66,69,89,890,1100,1200,1400,1600,1600,20086,0,54,139.03864916402316,35.210040980018675,2770.4718750028405,30665.426715124962
1777186351,128,GET,bulk_update_departures,11.000000,0.000000,61,66,68,70,77,83,98,100,100,100,100,955,0,57,59.77928089078501,37.49137499835342,172.66712500713766,127.4586387434555
1777186351,128,GET,large_scan,20.900000,0.000000,940,1000,1100,1100,1200,1400,1400,1400,1600,1600,1600,1871,0,930,949.1671023934149,534.9053330137394,2770.4718750028405,332491.98503474076
1777186351,128,GET,next_departures,86.400000,0.000000,54,59,62,65,70,75,84,89,110,110,110,7370,0,53,57.60830433079954,35.5991670221556,1823.883917008061,105.41723202170964
1777186351,128,GET,point_read,109.900000,0.000000,53,57,60,63,69,76,81,87,100,100,100,9177,0,52,55.45159828484884,35.210040980018675,1518.1562500074506,100.43761577857688
1777186351,128,GET,trips_per_route,11.200000,0.000000,62,68,73,76,82,89,99,100,130,130,130,946,0,57,65.53950232421525,37.3902500141412,1669.453334005084,391.4059196617336
1777186351,128,,Aggregated,239.400000,0.000000,55,61,66,69,90,920,1100,1200,1400,1600,1600,20319,0,54,139.2014248440142,35.210040980018675,2770.4718750028405,30724.107387174565
1777186352,128,GET,bulk_update_departures,10.400000,0.000000,60,65,68,69,77,79,97,100,100,100,100,964,0,57,59.76304564381326,37.49137499835342,172.66712500713766,127.45954356846472
1777186352,128,GET,large_scan,21.000000,0.000000,950,1000,1100,1100,1200,1400,1400,1400,1600,1600,1600,1889,0,930,948.8965538835109,534.9053330137394,2770.4718750028405,332491.98358920065
1777186352,128,GET,next_departures,86.400000,0.000000,54,59,62,65,70,75,83,88,110,110,110,7466,0,53,57.57230641814404,35.5991670221556,1823.883917008061,105.41628716849719
1777186352,128,GET,point_read,109.600000,0.000000,53,57,61,64,70,76,80,87,100,100,100,9273,0,52,55.449774111834756,35.210040980018675,1518.1562500074506,100.43761457996334
1777186352,128,GET,trips_per_route,11.400000,0.000000,62,68,72,75,81,89,99,100,130,130,130,966,0,57,65.43107146245869,37.3902500141412,1669.453334005084,391.4099378881988
1777186352,128,,Aggregated,238.800000,0.000000,55,62,66,69,89,920,1100,1200,1400,1600,1600,20558,0,54,138.98745872050884,35.210040980018675,2770.4718750028405,30659.437980348284
1777186353,128,GET,bulk_update_departures,10.600000,0.000000,60,65,68,69,77,79,97,100,100,100,100,973,0,57,59.71507138605177,37.49137499835342,172.66712500713766,127.46351490236383
1777186353,128,GET,large_scan,21.600000,0.000000,960,1000,1100,1100,1200,1400,1400,1400,1600,1600,1600,1911,0,930,948.5629933673563,534.9053330137394,2770.4718750028405,332491.98168498167
1777186353,128,GET,next_departures,87.900000,0.000000,54,59,63,65,69,75,83,88,110,110,110,7550,0,53,57.51582622079376,35.5991670221556,1823.883917008061,105.4164238410596
1777186353,128,GET,point_read,106.700000,0.000000,53,58,62,64,70,76,81,89,100,100,100,9395,0,52,55.43236523439033,35.210040980018675,1518.1562500074506,100.43650878126662
1777186353,128,GET,trips_per_route,11.300000,0.000000,62,68,73,76,82,89,99,100,130,130,130,973,0,57,65.36526318163565,37.3902500141412,1669.453334005084,391.41109969167525
1777186353,128,,Aggregated,238.100000,0.000000,56,62,66,70,93,940,1100,1200,1400,1600,1600,20802,0,54,138.90196160001236,35.210040980018675,2770.4718750028405,30652.65536967599
1777186354,128,GET,bulk_update_departures,9.700000,0.000000,60,65,68,70,76,79,97,100,100,100,100,978,0,57,59.698963062003294,37.49137499835342,172.66712500713766,127.46319018404908
1777186354,128,GET,large_scan,21.200000,0.000000,960,1000,1100,1100,1200,1400,1400,1400,1600,1600,1600,1931,0,920,948.082823339209,534.9053330137394,2770.4718750028405,332491.9823925427
1777186354,128,GET,next_departures,87.800000,0.000000,54,60,63,65,70,75,84,90,110,110,110,7649,0,53,57.481515574968824,35.5991670221556,1823.883917008061,105.41626356386456
1777186354,128,GET,point_read,106.400000,0.000000,53,59,62,65,71,76,81,89,100,100,100,9505,0,52,55.417705413885784,35.210040980018675,1518.1562500074506,100.43629668595476
1777186354,128,GET,trips_per_route,12.700000,0.000000,62,68,72,76,82,89,99,100,130,130,130,981,0,57,65.3214773554692,37.3902500141412,1669.453334005084,391.41080530071355
1777186354,128,,Aggregated,237.800000,0.000000,56,63,67,70,95,940,1100,1200,1400,1600,1600,21044,0,54,138.73955947634843,35.210040980018675,2770.4718750028405,30617.35539821327
1777186355,128,GET,bulk_update_departures,9.500000,0.000000,57,64,65,67,72,77,89,100,100,100,100,994,0,57,59.62576324514735,37.49137499835342,172.66712500713766,127.46277665995976
1777186355,128,GET,large_scan,21.200000,0.000000,960,1000,1100,1100,1200,1300,1400,1400,1600,1600,1600,1953,0,930,948.2501744490665,534.9053330137394,2770.4718750028405,332491.98207885306
1777186355,128,GET,next_departures,86.700000,0.000000,53,58,61,63,68,73,82,87,110,110,110,7728,0,53,57.43983980975288,35.5991670221556,1823.883917008061,105.41601966873706
1777186355,128,GET,point_read,107.600000,0.000000,53,57,61,63,68,73,79,87,110,110,110,9624,0,52,55.379314946078885,35.210040980018675,1518.1562500074506,100.43744804655029
1777186355,128,GET,trips_per_route,12.100000,0.000000,59,67,72,74,81,85,90,94,99,99,99,991,0,57,65.21356415705907,37.3902500141412,1669.453334005084,391.40968718466195
1777186355,128,,Aggregated,237.100000,0.000000,55,61,65,68,94,950,1100,1200,1400,1600,1600,21290,0,54,138.689189785588,35.210040980018675,2770.4718750028405,30608.393189290746
1777186356,128,GET,bulk_update_departures,9.300000,0.000000,56,64,65,68,73,77,89,100,100,100,100,1005,0,57,59.58169228823007,37.49137499835342,172.66712500713766,127.46567164179105
1777186356,128,GET,large_scan,21.400000,0.000000,920,970,1000,1000,1100,1200,1200,1400,1400,1400,1400,1972,0,920,947.0467805055814,534.9053330137394,2770.4718750028405,332491.9812373225
1777186356,128,GET,next_departures,87.300000,0.000000,53,57,60,62,67,71,80,85,96,96,96,7813,0,53,57.38170423919192,35.5991670221556,1823.883917008061,105.41571739408678
1777186356,128,GET,point_read,105.700000,0.000000,53,57,60,62,68,73,79,87,110,110,110,9740,0,52,55.34472005864059,35.210040980018675,1518.1562500074506,100.43942505133471
1777186356,128,GET,trips_per_route,11.400000,0.000000,58,65,69,72,81,85,94,99,110,110,110,1013,0,57,65.10025702932549,37.3902500141412,1669.453334005084,391.41263573543927
1777186356,128,,Aggregated,235.100000,0.000000,54,60,64,67,85,900,1000,1100,1200,1400,1400,21543,0,54,138.36435226613457,35.210040980018675,2770.4718750028405,30543.59578517384
1777186357,128,GET,bulk_update_departures,9.900000,0.000000,56,62,65,67,70,76,77,89,89,89,89,1016,0,57,59.53529031272252,37.49137499835342,172.66712500713766,127.46456692913385
1777186357,128,GET,large_scan,22.000000,0.000000,930,970,1000,1100,1100,1200,1200,1400,1400,1400,1400,1990,0,920,946.0955262723953,534.9053330137394,2770.4718750028405,332491.983919598
1777186357,128,GET,next_departures,86.900000,0.000000,52,56,60,62,67,71,79,83,96,96,96,7908,0,53,57.31631019976647,35.5991670221556,1823.883917008061,105.41413758219525
1777186357,128,GET,point_read,105.500000,0.000000,52,57,60,61,67,72,78,84,110,110,110,9853,0,52,55.30236742984566,35.210040980018675,1518.1562500074506,100.43864812747387
1777186357,128,GET,trips_per_route,11.700000,0.000000,58,64,69,70,81,85,94,99,110,110,110,1022,0,57,65.00390650944965,37.3902500141412,1669.453334005084,391.41291585127203
1777186357,128,,Aggregated,236.000000,0.000000,54,59,64,67,83,900,1000,1100,1200,1400,1400,21789,0,54,138.04229437048323,35.210040980018675,2770.4718750028405,30474.634586259122
1777186358,128,GET,bulk_update_departures,10.000000,0.000000,56,61,65,66,72,75,77,89,89,89,89,1022,0,57,59.56077617286124,37.49137499835342,172.66712500713766,127.4628180039139
1777186358,128,GET,large_scan,22.100000,0.000000,910,960,1000,1000,1100,1200,1200,1400,1400,1400,1400,2007,0,920,945.6097496218766,534.9053330137394,2770.4718750028405,332491.98405580467
1777186358,128,GET,next_departures,86.300000,0.000000,52,56,60,62,66,70,76,81,96,96,96,7997,0,53,57.28880227082236,35.5991670221556,1823.883917008061,105.41540577716644
1777186358,128,GET,point_read,107.900000,0.000000,52,57,60,61,67,71,77,79,110,110,110,9954,0,52,55.302297568147125,35.210040980018675,1518.1562500074506,100.43871810327506
1777186358,128,GET,trips_per_route,12.900000,0.000000,58,63,68,70,81,85,95,99,110,110,110,1037,0,57,64.89777751659872,37.3902500141412,1669.453334005084,391.4175506268081
1777186358,128,,Aggregated,239.200000,0.000000,54,59,63,66,80,890,1000,1100,1200,1400,1400,22017,0,54,137.83106225996173,35.210040980018675,2770.4718750028405,30416.966571285826
1777186359,128,GET,bulk_update_departures,10.600000,0.000000,55,60,64,65,72,76,87,91,91,91,91,1030,0,57,59.58987010258038,37.49137499835342,172.66712500713766,127.46213592233009
1777186359,128,GET,large_scan,20.800000,0.000000,900,960,1000,1000,1100,1200,1200,1400,1400,1400,1400,2032,0,920,946.4969995640313,534.9053330137394,2770.4718750028405,332491.98523622047
1777186359,128,GET,next_departures,88.000000,0.000000,52,57,60,62,66,70,78,83,100,100,100,8085,0,53,57.27419508951552,35.5991670221556,1823.883917008061,105.41496598639456
1777186359,128,GET,point_read,108.500000,0.000000,52,56,60,61,67,72,78,91,110,110,110,10055,0,52,55.31029425194005,35.210040980018675,1518.1562500074506,100.43799104922924
1777186359,128,GET,trips_per_route,12.200000,0.000000,56,60,65,70,79,85,92,95,110,110,110,1047,0,57,64.87697727006211,37.3902500141412,1669.453334005084,391.4183381088825
1777186359,128,,Aggregated,240.100000,0.000000,54,59,63,66,83,880,1000,1100,1300,1400,1400,22249,0,54,138.06429684585842,35.210040980018675,2770.4718750028405,30474.4931907052
1777186360,128,GET,bulk_update_departures,9.800000,0.000000,55,60,64,65,73,77,91,97,97,97,97,1035,0,57,59.62298325089184,37.49137499835342,172.66712500713766,127.46376811594203
1777186360,128,GET,large_scan,20.600000,0.000000,910,980,1000,1100,1100,1200,1200,1400,1400,1400,1400,2057,0,920,947.6282395236743,534.9053330137394,2770.4718750028405,332491.98541565385
1777186360,128,GET,next_departures,88.800000,0.000000,53,57,61,62,67,72,81,85,100,100,100,8180,0,53,57.290364482349965,35.5991670221556,1823.883917008061,105.41528117359414
1777186360,128,GET,point_read,107.400000,0.000000,52,56,60,61,67,72,79,88,110,110,110,10146,0,52,55.31118616066692,35.210040980018675,1518.1562500074506,100.43780800315395
1777186360,128,GET,trips_per_route,12.400000,0.000000,57,60,69,71,81,85,95,100,110,110,110,1056,0,57,64.94594309824055,37.3902500141412,1669.453334005084,391.41950757575756
1777186360,128,,Aggregated,239.000000,0.000000,54,60,63,67,85,890,1000,1100,1300,1400,1400,22474,0,54,138.3548308502425,35.210040980018675,2770.4718750028405,30540.296208952568
1777186361,128,GET,bulk_update_departures,9.400000,0.000000,56,62,64,65,73,77,91,97,97,97,97,1047,0,57,59.65553394328881,37.49137499835342,172.66712500713766,127.4632282712512
1777186361,128,GET,large_scan,21.000000,0.000000,930,990,1000,1100,1200,1200,1300,1400,1400,1400,1400,2085,0,930,948.0899895636428,534.9053330137394,2770.4718750028405,332491.9860911271
1777186361,128,GET,next_departures,89.100000,0.000000,53,58,61,62,68,74,82,89,100,100,100,8268,0,53,57.29791188941382,35.5991670221556,1823.883917008061,105.41582002902757
1777186361,128,GET,point_read,106.700000,0.000000,53,57,60,61,67,72,80,88,110,110,110,10254,0,52,55.31258914714461,35.210040980018675,1518.1562500074506,100.43836551589624
1777186361,128,GET,trips_per_route,13.200000,0.000000,56,60,65,70,82,92,100,110,110,110,110,1063,0,57,64.91685872977452,37.3902500141412,1669.453334005084,391.41862652869236
1777186361,128,,Aggregated,239.400000,0.000000,54,60,63,67,92,900,1000,1100,1400,1400,1400,22717,0,54,138.62517135735584,35.210040980018675,2770.4718750028405,30624.50129858696
1777186362,128,GET,bulk_update_departures,9.100000,0.000000,57,61,64,65,73,77,91,97,97,97,97,1059,0,57,59.60921340568032,37.49137499835342,172.66712500713766,127.46553352219074
1777186362,128,GET,large_scan,20.900000,0.000000,920,1000,1000,1100,1100,1200,1300,1400,1400,1400,1400,2103,0,930,947.6349213576664,534.9053330137394,2770.4718750028405,332491.9847836424
1777186362,128,GET,next_departures,90.200000,0.000000,53,58,61,63,68,74,83,89,100,100,100,8355,0,53,57.24604151726247,35.5991670221556,1823.883917008061,105.41508078994615
1777186362,128,GET,point_read,106.400000,0.000000,52,57,60,61,67,72,79,86,110,110,110,10373,0,52,55.28183779598265,35.210040980018675,1518.1562500074506,100.43796394485685
1777186362,128,GET,trips_per_route,12.200000,0.000000,57,63,69,72,82,87,95,100,110,110,110,1077,0,57,64.91059040917281,37.3902500141412,1669.453334005084,391.4187558031569
1777186362,128,,Aggregated,238.800000,0.000000,54,60,64,67,88,900,1000,1100,1400,1400,1400,22967,0,54,138.3567850749735,35.210040980018675,2770.4718750028405,30552.95746070449
1777186363,128,GET,bulk_update_departures,9.000000,0.000000,57,61,65,66,73,77,91,97,97,97,97,1071,0,57,59.58664577370523,37.49137499835342,172.66712500713766,127.46685340802988
1777186363,128,GET,large_scan,21.200000,0.000000,920,1000,1000,1100,1100,1200,1300,1400,1400,1400,1400,2124,0,920,947.0779094431656,534.9053330137394,2770.4718750028405,332491.9858757062
1777186363,128,GET,next_departures,89.100000,0.000000,53,57,61,62,67,74,82,89,100,100,100,8429,0,53,57.19696319751628,35.5991670221556,1823.883917008061,105.41499584766876
1777186363,128,GET,point_read,107.800000,0.000000,53,57,60,61,67,72,80,86,110,110,110,10490,0,52,55.27627034897088,35.210040980018675,1518.1562500074506,100.43775023832221
1777186363,128,GET,trips_per_route,11.800000,0.000000,57,62,68,72,82,87,95,100,110,110,110,1084,0,57,64.86740732254401,37.3902500141412,1669.453334005084,391.4206642066421
1777186363,128,,Aggregated,238.900000,0.000000,54,60,64,67,89,900,1100,1100,1400,1400,1400,23198,0,54,138.27434802875777,35.210040980018675,2770.4718750028405,30550.734115009916
1777186364,128,GET,bulk_update_departures,9.600000,0.000000,58,61,64,68,73,81,91,97,97,97,97,1082,0,57,59.58080437302167,37.49137499835342,172.66712500713766,127.46487985212569
1777186364,128,GET,large_scan,21.100000,0.000000,920,990,1000,1000,1100,1200,1300,1400,1400,1400,1400,2150,0,930,946.6947231726683,534.9053330137394,2770.4718750028405,332491.98511627904
1777186364,128,GET,next_departures,87.800000,0.000000,53,57,61,64,69,77,83,89,100,100,100,8522,0,53,57.19581448942386,35.5991670221556,1823.883917008061,105.41480873034499
1777186364,128,GET,point_read,109.600000,0.000000,53,57,60,62,68,74,81,87,100,100,100,10596,0,52,55.27169139683798,35.210040980018675,1518.1562500074506,100.43573046432616
1777186364,128,GET,trips_per_route,11.000000,0.000000,58,62,68,74,82,92,100,110,110,110,110,1091,0,57,64.81746806841328,37.3902500141412,1669.453334005084,391.4179651695692
1777186364,128,,Aggregated,239.100000,0.000000,54,60,65,68,91,900,1000,1100,1400,1400,1400,23441,0,54,138.37538995500378,35.210040980018675,2770.4718750028405,30603.868606288128
1777186365,128,GET,bulk_update_departures,9.800000,0.000000,58,61,64,66,73,81,91,97,97,97,97,1096,0,57,59.5321178517377,37.49137499835342,172.66712500713766,127.46441605839416
1777186365,128,GET,large_scan,21.200000,0.000000,930,1000,1000,1100,1100,1200,1200,1400,1400,1400,1400,2171,0,930,946.4979770009847,534.9053330137394,2770.4718750028405,332491.9852602487
1777186365,128,GET,next_departures,88.200000,0.000000,53,57,61,64,69,77,83,88,100,100,100,8617,0,53,57.13196079409576,35.5991670221556,1823.883917008061,105.41487756759894
1777186365,128,GET,point_read,109.800000,0.000000,53,57,60,62,68,74,81,87,100,100,100,10716,0,52,55.24343114277488,35.210040980018675,1518.1562500074506,100.43467711832774
1777186365,128,GET,trips_per_route,10.900000,0.000000,58,61,67,74,82,92,100,120,120,120,120,1101,0,57,64.77280778347892,37.3902500141412,1669.453334005084,391.4187102633969
1777186365,128,,Aggregated,239.900000,0.000000,54,60,65,68,92,920,1000,1100,1400,1400,1400,23701,0,54,138.2095221675433,35.210040980018675,2770.4718750028405,30563.915910721065
1777186366,128,GET,bulk_update_departures,10.400000,0.000000,58,62,65,68,74,81,91,97,97,97,97,1108,0,57,59.52962559789385,37.49137499835342,172.66712500713766,127.46389891696751
1777186366,128,GET,large_scan,21.600000,0.000000,930,1000,1000,1100,1100,1200,1300,1400,1400,1400,1400,2185,0,920,945.5238110540878,534.9053330137394,2770.4718750028405,332491.9885583524
1777186366,128,GET,next_departures,87.100000,0.000000,53,58,61,64,69,77,83,88,100,100,100,8710,0,53,57.07218638973725,35.5991670221556,1823.883917008061,105.41469575200918
1777186366,128,GET,point_read,108.900000,0.000000,53,57,61,62,68,74,81,86,100,100,100,10819,0,52,55.21887594343668,35.210040980018675,1518.1562500074506,100.43506793603845
1777186366,128,GET,trips_per_route,11.000000,0.000000,58,62,68,74,82,92,100,120,120,120,120,1116,0,57,64.67695156953926,37.3902500141412,1669.453334005084,391.418458781362
1777186366,128,,Aggregated,239.000000,0.000000,55,60,65,68,89,900,1000,1100,1400,1400,1400,23938,0,54,137.79846238423843,35.210040980018675,2770.4718750028405,30456.92275879355
1777186367,128,GET,bulk_update_departures,10.100000,0.000000,57,61,64,66,74,81,87,91,97,97,97,1127,0,57,59.452688550505705,37.49137499835342,172.66712500713766,127.46495119787045
1777186367,128,GET,large_scan,21.900000,0.000000,940,1000,1000,1100,1100,1200,1200,1400,1400,1400,1400,2209,0,920,945.2356997646373,534.9053330137394,2770.4718750028405,332491.99049343594
1777186367,128,GET,next_departures,88.500000,0.000000,53,57,60,63,68,77,82,87,100,100,100,8798,0,53,57.020266604540375,35.5991670221556,1823.883917008061,105.41463969083883
1777186367,128,GET,point_read,108.800000,0.000000,53,57,60,62,68,73,81,86,100,100,100,10932,0,52,55.187051717329496,35.210040980018675,1518.1562500074506,100.43441273326016
1777186367,128,GET,trips_per_route,10.800000,0.000000,60,64,70,74,82,92,100,120,120,120,120,1126,0,57,64.63797053872325,37.3902500141412,1669.453334005084,391.4182948490231
1777186367,128,,Aggregated,240.100000,0.000000,54,60,64,67,92,920,1100,1100,1400,1400,1400,24192,0,54,137.76373803586708,35.210040980018675,2770.4718750028405,30468.112764550264
1777186368,128,GET,bulk_update_departures,10.300000,0.000000,56,60,64,66,72,76,81,84,97,97,97,1133,0,57,59.41883936134559,37.49137499835342,172.66712500713766,127.46513680494263
1777186368,128,GET,large_scan,21.500000,0.000000,920,990,1000,1000,1100,1200,1200,1200,1400,1400,1400,2229,0,920,944.4111278174332,534.9053330137394,2770.4718750028405,332491.99282189325
1777186368,128,GET,next_departures,89.300000,0.000000,53,57,60,62,68,77,82,87,190,190,190,8887,0,53,57.00916718677034,35.5991670221556,1823.883917008061,105.41431304152132
1777186368,128,GET,point_read,107.900000,0.000000,52,57,60,62,67,72,79,82,110,110,110,11044,0,52,55.17234793028001,35.210040980018675,1518.1562500074506,100.43516841724013
1777186368,128,GET,trips_per_route,10.400000,0.000000,59,64,68,74,82,94,100,120,120,120,120,1136,0,57,64.62895440279065,37.3902500141412,1669.453334005084,391.4198943661972
1777186368,128,,Aggregated,239.400000,0.000000,54,60,64,67,85,900,1000,1100,1200,1400,1400,24429,0,54,137.61497893625898,35.210040980018675,2770.4718750028405,30445.77125547505
1777186369,128,GET,bulk_update_departures,11.000000,0.000000,57,61,64,66,72,76,81,84,86,86,86,1143,0,57,59.437772451792185,37.49137499835342,172.66712500713766,127.46194225721784
1777186369,128,GET,large_scan,21.800000,0.000000,900,960,1000,1000,1100,1100,1200,1300,1400,1400,1400,2254,0,920,943.9223831840977,534.9053330137394,2770.4718750028405,332491.9942324756
1777186369,128,GET,next_departures,88.900000,0.000000,52,56,59,61,66,75,80,84,190,190,190,8972,0,53,56.98049607988649,35.5991670221556,1823.883917008061,105.41484618814088
1777186369,128,GET,point_read,107.900000,0.000000,52,56,60,62,67,72,78,82,98,110,110,11153,0,52,55.16029254890989,35.210040980018675,1518.1562500074506,100.43387429391196
1777186369,128,GET,trips_per_route,10.400000,0.000000,58,64,67,70,76,84,96,120,120,120,120,1150,0,57,64.58247665875166,37.3902500141412,1669.453334005084,391.42
1777186369,128,,Aggregated,240.000000,0.000000,54,59,63,66,83,870,1000,1100,1200,1400,1400,24672,0,54,137.6556431336596,35.210040980018675,2770.4718750028405,30483.89664396887
1777186370,128,GET,bulk_update_departures,11.000000,0.000000,55,60,63,66,72,76,81,84,86,86,86,1157,0,57,59.38575107558182,37.49137499835342,172.66712500713766,127.4580812445981
1777186370,128,GET,large_scan,22.300000,0.000000,870,940,970,1000,1100,1100,1100,1200,1300,1300,1300,2280,0,920,942.860007560504,534.9053330137394,2770.4718750028405,332491.9951754386
1777186370,128,GET,next_departures,88.200000,0.000000,52,56,59,61,66,74,79,82,190,190,190,9066,0,53,56.93740904595639,35.5991670221556,1823.883917008061,105.41517758658725
1777186370,128,GET,point_read,108.000000,0.000000,52,56,60,62,67,72,78,82,98,110,110,11262,0,52,55.14259470697913,35.210040980018675,1518.1562500074506,100.43358195702362
1777186370,128,GET,trips_per_route,10.200000,0.000000,57,63,66,68,75,79,94,96,120,120,120,1163,0,57,64.4882101517702,37.3902500141412,1669.453334005084,391.420464316423
1777186370,128,,Aggregated,239.700000,0.000000,53,59,63,66,82,850,990,1100,1100,1300,1300,24928,0,54,137.62196612803012,35.210040980018675,2770.4718750028405,30518.74265885751
1777186371,128,GET,bulk_update_departures,11.200000,0.000000,55,59,63,66,72,76,81,84,86,86,86,1164,0,57,59.324398155004516,37.49137499835342,172.66712500713766,127.45790378006873
1777186371,128,GET,large_scan,22.100000,0.000000,870,930,970,1000,1100,1100,1100,1200,1300,1300,1300,2296,0,920,941.8766610726854,534.9053330137394,2770.4718750028405,332491.99738675955
1777186371,128,GET,next_departures,89.100000,0.000000,51,55,58,60,66,72,79,82,190,190,190,9153,0,53,56.896511713051325,35.5991670221556,1823.883917008061,105.413853381405
1777186371,128,GET,point_read,109.600000,0.000000,52,56,59,61,67,72,78,83,110,160,160,11393,0,52,55.10688024121038,35.210040980018675,1518.1562500074506,100.43210743438954
1777186371,128,GET,trips_per_route,10.400000,0.000000,57,62,66,68,75,85,100,120,120,120,120,1175,0,57,64.4563667978497,37.3902500141412,1669.453334005084,391.4195744680851
1777186371,128,,Aggregated,242.400000,0.000000,53,58,63,65,82,850,990,1100,1100,1300,1300,25181,0,54,137.24415641000937,35.210040980018675,2770.4718750028405,30424.485961637743
1777186372,128,GET,bulk_update_departures,12.100000,0.000000,54,58,62,66,73,76,81,84,86,86,86,1180,0,57,59.245198938484556,37.49137499835342,172.66712500713766,127.45593220338984
1777186372,128,GET,large_scan,22.200000,0.000000,850,910,950,970,1000,1100,1100,1200,1300,1300,1300,2313,0,920,940.8583332027083,534.9053330137394,2770.4718750028405,332491.999567661
1777186372,128,GET,next_departures,88.100000,0.000000,52,56,59,61,67,75,80,84,190,190,190,9239,0,53,56.87769757274548,35.5991670221556,1823.883917008061,105.41411408161056
1777186372,128,GET,point_read,110.900000,0.000000,51,55,58,61,66,72,79,84,110,160,160,11496,0,52,55.083587850303886,35.210040980018675,1518.1562500074506,100.43241127348644
1777186372,128,GET,trips_per_route,10.200000,0.000000,57,63,67,69,76,85,96,100,120,120,120,1186,0,57,64.44568253669696,37.3902500141412,1669.453334005084,391.42074198988195
1777186372,128,,Aggregated,243.500000,0.000000,53,58,62,66,83,830,960,1000,1100,1300,1300,25414,0,54,136.98281312408432,35.210040980018675,2770.4718750028405,30368.974187455733
1777186373,128,GET,bulk_update_departures,12.000000,0.000000,53,58,61,64,69,76,78,81,86,86,86,1193,0,57,59.170330991891035,37.49137499835342,172.66712500713766,127.45683151718357
1777186373,128,GET,large_scan,21.300000,0.000000,850,920,960,990,1100,1100,1200,1300,1400,1400,1400,2333,0,920,941.258813094222,534.9053330137394,2770.4718750028405,332491.99957136734
1777186373,128,GET,next_departures,88.300000,0.000000,52,55,59,61,66,73,80,87,190,190,190,9319,0,53,56.870346353409936,35.5991670221556,1823.883917008061,105.41442214829917
1777186373,128,GET,point_read,113.300000,0.000000,51,55,59,61,66,71,79,84,110,160,160,11603,0,52,55.07883238223338,35.210040980018675,1518.1562500074506,100.43256054468672
1777186373,128,GET,trips_per_route,11.100000,0.000000,58,63,68,70,77,85,96,100,120,120,120,1195,0,57,64.43880323394178,37.3902500141412,1669.453334005084,391.4192468619247
1777186373,128,,Aggregated,246.000000,0.000000,53,58,62,65,82,830,970,1000,1300,1400,1400,25643,0,54,136.9810800407588,35.210040980018675,2770.4718750028405,30358.0436376399
1777186374,128,GET,bulk_update_departures,12.100000,0.000000,54,58,61,65,69,76,78,81,86,86,86,1199,0,57,59.16764852486968,37.49137499835342,172.66712500713766,127.45704753961634
1777186374,128,GET,large_scan,21.200000,0.000000,850,930,970,990,1100,1100,1300,1400,1500,1500,1500,2359,0,920,941.4946338990762,534.9053330137394,2770.4718750028405,332491.99830436625
1777186374,128,GET,next_departures,89.100000,0.000000,52,56,59,61,67,72,80,90,190,190,190,9401,0,53,56.84355403270496,35.5991670221556,1823.883917008061,105.41442399744707
1777186374,128,GET,point_read,112.500000,0.000000,51,55,59,60,66,72,79,89,160,280,280,11722,0,52,55.082872022604995,35.210040980018675,1518.1562500074506,100.43252004777342
1777186374,128,GET,trips_per_route,10.900000,0.000000,58,63,68,71,77,85,96,100,110,110,110,1209,0,57,64.40050495417543,37.3902500141412,1669.453334005084,391.4152191894127
1777186374,128,,Aggregated,245.800000,0.000000,53,58,62,66,84,830,970,1100,1300,1500,1500,25890,0,54,137.11300655655714,35.210040980018675,2770.4718750028405,30403.35793742758
1777186375,128,GET,bulk_update_departures,12.200000,0.000000,53,57,59,63,68,75,78,78,86,86,86,1211,0,57,59.1070856014132,37.49137499835342,172.66712500713766,127.45582163501238
1777186375,128,GET,large_scan,20.800000,0.000000,860,940,970,990,1100,1100,1300,1400,1500,1500,1500,2381,0,920,940.6687642074681,534.9053330137394,2770.4718750028405,332491.9983200336
1777186375,128,GET,next_departures,88.500000,0.000000,52,55,59,61,67,72,80,90,190,190,190,9490,0,53,56.78858759267613,35.5991670221556,1823.883917008061,105.41443624868282
1777186375,128,GET,point_read,110.800000,0.000000,51,54,58,60,66,72,79,89,160,280,280,11837,0,52,55.02345008066636,35.210040980018675,1518.1562500074506,100.43161273971445
1777186375,128,GET,trips_per_route,11.000000,0.000000,59,64,68,71,76,85,96,100,110,110,110,1222,0,57,64.33905853646287,37.3902500141412,1669.453334005084,391.417348608838
1777186375,128,,Aggregated,243.300000,0.000000,53,58,62,66,87,840,970,1100,1300,1500,1500,26141,0,54,136.95610774768312,35.210040980018675,2770.4718750028405,30392.30714203741
1777186376,128,GET,bulk_update_departures,11.600000,0.000000,54,57,61,63,69,75,78,86,94,94,94,1232,0,57,59.11721874532281,37.49137499835342,172.66712500713766,127.45535714285714
1777186376,128,GET,large_scan,21.400000,0.000000,850,920,960,980,1000,1100,1300,1400,1500,1500,1500,2399,0,920,939.9539300737695,503.67520801955834,2770.4718750028405,332491.9983326386
1777186376,128,GET,next_departures,88.100000,0.000000,52,55,59,61,67,74,80,90,190,190,190,9577,0,53,56.74254645227845,35.5991670221556,1823.883917008061,105.41484807350945
1777186376,128,GET,point_read,112.200000,0.000000,51,55,58,59,66,72,81,89,160,280,280,11953,0,52,54.99123020571504,35.04291700664908,1518.1562500074506,100.43227641596252
1777186376,128,GET,trips_per_route,11.500000,0.000000,57,63,68,71,77,85,96,100,110,110,110,1233,0,57,64.28725827209722,37.3902500141412,1669.453334005084,391.4160583941606
1777186376,128,,Aggregated,244.800000,0.000000,53,58,62,66,86,830,970,1000,1300,1500,1500,26394,0,54,136.68946060517845,35.04291700664908,2770.4718750028405,30328.785708873227
1777186377,128,GET,bulk_update_departures,11.600000,0.000000,54,59,63,65,70,76,83,86,94,94,94,1244,0,57,59.118257195480474,37.49137499835342,172.66712500713766,127.45337620578778
1777186377,128,GET,large_scan,20.700000,0.000000,850,920,960,980,1000,1100,1300,1400,1500,1500,1500,2416,0,920,939.3199528137217,503.67520801955834,2770.4718750028405,332491.99917218543
1777186377,128,GET,next_departures,87.900000,0.000000,52,55,58,60,66,72,79,87,110,110,110,9666,0,53,56.709168092818835,35.5991670221556,1823.883917008061,105.41402855369336
1777186377,128,GET,point_read,112.100000,0.000000,51,55,58,59,66,71,81,89,160,280,280,12077,0,52,54.96253870871543,35.04291700664908,1518.1562500074506,100.43189533824625
1777186377,128,GET,trips_per_route,12.300000,0.000000,58,64,68,71,77,85,94,100,110,110,110,1243,0,57,64.28358969628441,37.3902500141412,1669.453334005084,391.41673370876913
1777186377,128,,Aggregated,244.600000,0.000000,53,57,62,65,82,830,970,1000,1300,1500,1500,26646,0,54,136.4098933690589,35.04291700664908,2770.4718750028405,30255.107746003152
1777186378,128,GET,bulk_update_departures,12.200000,0.000000,54,59,62,63,69,76,78,83,94,94,94,1256,0,57,59.08524299377911,37.49137499835342,172.66712500713766,127.44984076433121
1777186378,128,GET,large_scan,21.000000,0.000000,850,910,950,970,1000,1100,1200,1400,1500,1500,1500,2439,0,910,938.6262585059711,503.67520801955834,2770.4718750028405,332492.0
1777186378,128,GET,next_departures,86.400000,0.000000,52,55,58,60,66,72,79,86,110,110,110,9750,0,53,56.68107332443842,35.5991670221556,1823.883917008061,105.41364102564103
1777186378,128,GET,point_read,113.100000,0.000000,51,55,58,59,65,70,79,89,160,280,280,12185,0,52,54.934415961184854,35.04291700664908,1518.1562500074506,100.43102174805088
1777186378,128,GET,trips_per_route,11.500000,0.000000,57,63,68,70,77,85,100,110,110,110,110,1248,0,57,64.23574191385575,37.3902500141412,1669.453334005084,391.41586538461536
1777186378,128,,Aggregated,244.200000,0.000000,52,57,61,65,81,830,950,1000,1300,1500,1500,26878,0,54,136.38302846212673,35.04291700664908,2770.4718750028405,30279.339496986384
1777186379,128,GET,bulk_update_departures,11.800000,0.000000,54,58,61,63,69,78,83,94,120,120,120,1274,0,57,59.04532786671824,37.49137499835342,172.66712500713766,127.4513343799058
1777186379,128,GET,large_scan,20.600000,0.000000,860,910,950,980,1000,1100,1200,1400,1500,1500,1500,2461,0,910,938.0142495242227,503.67520801955834,2770.4718750028405,332492.0004063389
1777186379,128,GET,next_departures,86.500000,0.000000,51,55,58,60,67,72,80,86,110,110,110,9845,0,53,56.63076574387539,35.5991670221556,1823.883917008061,105.41279837480955
1777186379,128,GET,point_read,114.000000,0.000000,50,54,58,59,65,70,80,87,160,280,280,12297,0,52,54.91117442523911,35.04291700664908,1518.1562500074506,100.43010490363503
1777186379,128,GET,trips_per_route,11.300000,0.000000,57,63,68,72,77,85,100,110,110,110,110,1256,0,57,64.19544698127636,37.3902500141412,1669.453334005084,391.4140127388535
1777186379,128,,Aggregated,244.200000,0.000000,52,57,61,65,81,830,960,1000,1300,1500,1500,27133,0,54,136.25765296301182,35.04291700664908,2770.4718750028405,30265.34404599565
1777186380,128,GET,bulk_update_departures,12.200000,0.000000,54,58,61,64,70,76,83,94,120,120,120,1286,0,57,59.03334758416181,37.49137499835342,172.66712500713766,127.45256609642301
1777186380,128,GET,large_scan,20.800000,0.000000,860,910,950,970,1000,1100,1200,1400,1500,1500,1500,2475,0,910,936.937005974983,503.67520801955834,2770.4718750028405,332492.0016161616
1777186380,128,GET,next_departures,87.000000,0.000000,52,55,58,60,67,73,80,85,110,110,110,9939,0,53,56.60933251167468,35.5991670221556,1823.883917008061,105.41281819096488
1777186380,128,GET,point_read,114.500000,0.000000,51,55,58,59,66,71,80,87,160,280,280,12418,0,52,54.88900649508683,35.04291700664908,1518.1562500074506,100.42994040908358
1777186380,128,GET,trips_per_route,11.200000,0.000000,56,63,68,72,76,80,94,110,110,110,110,1262,0,57,64.17032913429398,37.3902500141412,1669.453334005084,391.4160063391442
1777186380,128,,Aggregated,245.700000,0.000000,52,57,61,65,80,830,950,1000,1300,1500,1500,27380,0,54,135.8681800087036,35.04291700664908,2770.4718750028405,30163.272899926953
1777186381,128,GET,bulk_update_departures,13.000000,0.000000,55,60,63,66,74,81,95,110,120,120,120,1293,0,57,59.11034444640628,37.49137499835342,172.66712500713766,127.4524361948956
1777186381,128,GET,large_scan,20.800000,0.000000,890,950,990,1000,1100,1200,1300,1400,1500,1500,1500,2497,0,910,938.3492688382213,503.67520801955834,2770.4718750028405,332492.0016019223
1777186381,128,GET,next_departures,86.700000,0.000000,52,55,58,61,69,75,82,90,110,110,110,10028,0,53,56.62341766000204,35.5991670221556,1823.883917008061,105.4132429198245
1777186381,128,GET,point_read,113.900000,0.000000,51,55,58,60,66,72,81,89,110,280,280,12517,0,52,54.90246566637668,35.04291700664908,1518.1562500074506,100.4304545817688
1777186381,128,GET,trips_per_route,10.600000,0.000000,57,63,69,72,78,88,100,110,110,110,110,1273,0,57,64.15228288802146,37.3902500141412,1669.453334005084,391.41869599371563
1777186381,128,,Aggregated,245.000000,0.000000,53,58,62,66,86,850,990,1100,1300,1500,1500,27608,0,54,136.05431218542518,35.04291700664908,2770.4718750028405,30180.012025499855
1777186382,128,GET,bulk_update_departures,13.000000,0.000000,54,60,63,66,74,81,95,110,120,120,120,1310,0,57,59.067362081037324,37.49137499835342,172.66712500713766,127.45267175572519
1777186382,128,GET,large_scan,19.800000,0.000000,890,950,990,1000,1100,1200,1300,1300,1500,1500,1500,2520,0,910,938.4135536520132,503.67520801955834,2770.4718750028405,332491.998015873
1777186382,128,GET,next_departures,86.700000,0.000000,51,55,58,60,67,73,80,82,110,110,110,10128,0,53,56.55572100510049,35.5991670221556,1823.883917008061,105.41261848341232
1777186382,128,GET,point_read,115.300000,0.000000,51,55,58,60,66,71,80,86,100,280,280,12625,0,52,54.86530654676867,35.04291700664908,1518.1562500074506,100.42946534653466
1777186382,128,GET,trips_per_route,10.300000,0.000000,56,62,68,72,78,85,100,110,110,110,110,1282,0,57,64.12275190989203,37.3902500141412,1669.453334005084,391.41965678627145
1777186382,128,,Aggregated,245.100000,0.000000,52,57,61,65,82,850,1000,1100,1300,1500,1500,27865,0,54,136.00777337054802,35.04291700664908,2770.4718750028405,30177.07299479634
1777186383,128,GET,bulk_update_departures,12.900000,0.000000,54,61,63,66,74,81,99,110,120,120,120,1327,0,57,59.07601164357815,37.49137499835342,172.66712500713766,127.45440844009043
1777186383,128,GET,large_scan,19.700000,0.000000,860,910,970,1000,1100,1200,1200,1300,1300,1300,1300,2535,0,910,937.4024760173703,503.67520801955834,2770.4718750028405,332492.0
1777186383,128,GET,next_departures,87.300000,0.000000,51,55,58,60,67,73,80,83,110,110,110,10217,0,53,56.532949732951174,35.5991670221556,1823.883917008061,105.41323284721543
1777186383,128,GET,point_read,112.500000,0.000000,50,55,57,60,65,70,78,81,100,100,100,12735,0,52,54.84965615021623,35.04291700664908,1518.1562500074506,100.42960345504515
1777186383,128,GET,trips_per_route,10.000000,0.000000,56,62,69,73,78,80,91,100,100,100,100,1287,0,57,64.16449707804053,37.3902500141412,1669.453334005084,391.42191142191143
1777186383,128,,Aggregated,242.400000,0.000000,52,57,61,65,80,830,970,1000,1200,1300,1300,28101,0,54,135.7032265894118,35.04291700664908,2770.4718750028405,30101.992455784493
1777186384,128,GET,bulk_update_departures,12.900000,0.000000,55,61,63,66,76,83,99,110,120,120,120,1329,0,57,59.069551662901944,37.49137499835342,172.66712500713766,127.45372460496614
1777186384,128,GET,large_scan,20.800000,0.000000,880,950,1000,1000,1200,1300,1300,1300,1300,1300,1300,2553,0,910,938.8452873239487,503.67520801955834,2770.4718750028405,332491.9992166079
1777186384,128,GET,next_departures,88.400000,0.000000,52,55,59,60,68,74,80,84,110,110,110,10292,0,53,56.52774189570196,35.5991670221556,1823.883917008061,105.41333074232413
1777186384,128,GET,point_read,112.600000,0.000000,51,56,59,61,67,72,81,87,110,170,170,12856,0,52,54.882192085486395,35.04291700664908,1518.1562500074506,100.42921593030492
1777186384,128,GET,trips_per_route,9.600000,0.000000,57,66,70,74,79,88,91,100,100,100,100,1296,0,57,64.15632364695301,37.3902500141412,1669.453334005084,391.42283950617286
1777186384,128,,Aggregated,244.300000,0.000000,53,58,62,66,81,840,1000,1100,1300,1300,1300,28326,0,54,135.77176548704583,35.04291700664908,2770.4718750028405,30075.011508861116
1777186385,128,GET,bulk_update_departures,13.300000,0.000000,56,60,63,66,76,83,99,110,120,120,120,1340,0,57,59.083864205962556,37.49137499835342,172.66712500713766,127.45298507462687
1777186385,128,GET,large_scan,20.500000,0.000000,890,970,1000,1100,1200,1300,1300,1300,1400,1400,1400,2577,0,910,939.0327095770211,503.67520801955834,2770.4718750028405,332492.0
1777186385,128,GET,next_departures,89.600000,0.000000,52,56,59,61,69,77,82,86,110,110,110,10395,0,53,56.517126823998,35.5991670221556,1823.883917008061,105.4121212121212
1777186385,128,GET,point_read,113.400000,0.000000,52,56,60,61,67,75,84,89,110,170,170,12958,0,52,54.89264157848203,35.04291700664908,1518.1562500074506,100.42992745794103
1777186385,128,GET,trips_per_route,9.300000,0.000000,57,66,70,75,79,89,91,100,100,100,100,1309,0,57,64.12380525022866,37.3902500141412,1669.453334005084,391.4239877769289
1777186385,128,,Aggregated,246.100000,0.000000,53,59,63,67,84,850,1000,1200,1300,1400,1400,28579,0,54,135.8267299274973,35.04291700664908,2770.4718750028405,30088.952552573566
1777186386,128,GET,bulk_update_departures,13.100000,0.000000,55,60,64,67,78,86,99,110,120,120,120,1349,0,57,59.08055414083335,37.49137499835342,172.66712500713766,127.45144551519644
1777186386,128,GET,large_scan,19.300000,0.000000,890,970,1000,1100,1200,1300,1300,1300,1400,1400,1400,2593,0,910,938.6518444350368,503.67520801955834,2770.4718750028405,332491.9992286926
1777186386,128,GET,next_departures,89.000000,0.000000,52,56,59,61,69,78,83,89,110,110,110,10486,0,53,56.498559913720676,35.5991670221556,1823.883917008061,105.41188251001336
1777186386,128,GET,point_read,114.000000,0.000000,52,56,60,62,68,75,84,89,110,170,170,13069,0,52,54.87949822381693,35.04291700664908,1518.1562500074506,100.430025250593
1777186386,128,GET,trips_per_route,8.900000,0.000000,58,67,74,77,81,89,95,100,100,100,100,1323,0,57,64.16155214476271,37.3902500141412,1669.453334005084,391.42554799697655
1777186386,128,,Aggregated,244.300000,0.000000,53,59,63,67,85,850,1000,1200,1300,1400,1400,28820,0,54,135.60630448250825,35.04291700664908,2770.4718750028405,30022.880326162387
1777186387,128,GET,bulk_update_departures,12.800000,0.000000,55,61,65,68,78,87,99,110,120,120,120,1359,0,57,59.08179003678929,37.49137499835342,172.66712500713766,127.45253863134658
1777186387,128,GET,large_scan,19.900000,0.000000,920,1000,1100,1100,1200,1300,1300,1300,1400,1400,1400,2618,0,910,939.2660936126852,503.67520801955834,2770.4718750028405,332491.99923605804
1777186387,128,GET,next_departures,89.700000,0.000000,52,56,59,62,69,78,83,90,110,110,110,10562,0,53,56.48553590383275,35.5991670221556,1823.883917008061,105.411475099413
1777186387,128,GET,point_read,112.300000,0.000000,52,56,60,62,69,76,85,89,110,170,170,13185,0,52,54.87790592824664,35.04291700664908,1518.1562500074506,100.43026166097839
1777186387,128,GET,trips_per_route,8.500000,0.000000,59,67,73,75,81,89,95,100,100,100,100,1335,0,57,64.1158941846074,37.3902500141412,1669.453334005084,391.4262172284644
1777186387,128,,Aggregated,243.200000,0.000000,53,59,64,68,87,860,1100,1200,1300,1400,1400,29059,0,54,135.76003731562207,35.04291700664908,2770.4718750028405,30062.883960218864
1777186388,128,GET,bulk_update_departures,11.900000,0.000000,57,62,66,67,76,87,99,99,110,110,110,1374,0,57,59.10913358004276,37.49137499835342,172.66712500713766,127.45560407569141
1777186388,128,GET,large_scan,19.600000,0.000000,930,1000,1100,1100,1200,1300,1300,1300,1400,1400,1400,2645,0,910,939.3675042986431,503.67520801955834,2770.4718750028405,332491.99810964084
1777186388,128,GET,next_departures,91.200000,0.000000,52,56,59,62,69,77,83,90,110,110,110,10641,0,53,56.46687922160746,35.5991670221556,1823.883917008061,105.41086364063528
1777186388,128,GET,point_read,111.300000,0.000000,52,56,60,62,69,75,84,89,110,170,170,13289,0,52,54.86052776407789,35.04291700664908,1518.1562500074506,100.43005493265106
1777186388,128,GET,trips_per_route,9.100000,0.000000,60,67,73,75,81,89,95,100,100,100,100,1346,0,57,64.06876549886607,37.3902500141412,1669.453334005084,391.42719167904903
1777186388,128,,Aggregated,243.100000,0.000000,54,59,64,67,88,880,1100,1200,1300,1400,1400,29295,0,54,135.92712654119498,35.04291700664908,2770.4718750028405,30127.994947943334
1777186389,128,GET,bulk_update_departures,11.400000,0.000000,57,63,67,69,78,87,99,110,110,110,110,1384,0,57,59.12815296530052,37.49137499835342,172.66712500713766,127.45592485549133
1777186389,128,GET,large_scan,20.400000,0.000000,950,1000,1100,1100,1200,1300,1300,1300,1400,1400,1400,2667,0,910,939.4898782155663,503.67520801955834,2770.4718750028405,332491.9973753281
1777186389,128,GET,next_departures,89.600000,0.000000,53,57,60,62,69,77,83,91,110,110,110,10736,0,53,56.46516224216894,35.5991670221556,1823.883917008061,105.40992921013412
1777186389,128,GET,point_read,111.100000,0.000000,53,57,60,63,69,75,84,91,170,170,170,13386,0,52,54.86943394498993,35.04291700664908,1518.1562500074506,100.43037501867623
1777186389,128,GET,trips_per_route,9.500000,0.000000,60,67,74,77,83,91,100,110,110,110,110,1357,0,57,64.09441625684217,37.3902500141412,1669.453334005084,391.42593957258657
1777186389,128,,Aggregated,242.000000,0.000000,54,60,65,69,91,910,1100,1200,1300,1400,1400,29530,0,54,135.96753187893572,35.04291700664908,2770.4718750028405,30136.801997968167
1777186390,128,GET,bulk_update_departures,11.700000,0.000000,57,62,67,68,76,86,99,99,99,99,99,1393,0,57,59.123786010804345,37.49137499835342,172.66712500713766,127.4551328068916
1777186390,128,GET,large_scan,20.600000,0.000000,930,1000,1100,1100,1200,1300,1300,1300,1400,1400,1400,2692,0,910,939.5927095225915,503.67520801955834,2770.4718750028405,332491.9981426449
1777186390,128,GET,next_departures,88.800000,0.000000,52,57,59,62,68,74,82,86,110,110,110,10837,0,53,56.447214550056636,35.5991670221556,1823.883917008061,105.40961520716066
1777186390,128,GET,point_read,110.200000,0.000000,52,57,60,62,69,74,84,89,170,170,170,13492,0,52,54.858309059860574,35.04291700664908,1518.1562500074506,100.42951378594722
1777186390,128,GET,trips_per_route,9.700000,0.000000,60,67,73,77,82,90,98,110,110,110,110,1363,0,57,64.07648128068234,37.3902500141412,1669.453334005084,391.426265590609
1777186390,128,,Aggregated,241.000000,0.000000,54,59,64,68,91,910,1100,1200,1300,1400,1400,29777,0,54,136.0427854333219,35.04291700664908,2770.4718750028405,30166.801121671087
1777186391,128,GET,bulk_update_departures,10.900000,0.000000,58,63,67,70,75,86,99,99,99,99,99,1404,0,57,59.136323923091844,37.49137499835342,172.66712500713766,127.45370370370371
1777186391,128,GET,large_scan,20.100000,0.000000,930,1000,1100,1100,1200,1300,1300,1300,1400,1400,1400,2709,0,910,939.5823099670926,503.67520801955834,2770.4718750028405,332491.99741602066
1777186391,128,GET,next_departures,89.000000,0.000000,53,57,60,62,69,76,83,90,110,110,110,10916,0,53,56.43959382181787,35.5991670221556,1823.883917008061,105.40967387321363
1777186391,128,GET,point_read,109.300000,0.000000,53,57,60,62,69,75,84,91,170,170,170,13603,0,52,54.871822227211354,35.04291700664908,1518.1562500074506,100.43019922076013
1777186391,128,GET,trips_per_route,10.000000,0.000000,60,67,73,77,82,90,98,110,110,110,110,1374,0,57,64.02889982646984,37.3902500141412,1669.453334005084,391.4279475982533
1777186391,128,,Aggregated,239.300000,0.000000,55,60,65,68,89,900,1100,1200,1300,1400,1400,30006,0,54,135.93439941232245,35.04291700664908,2770.4718750028405,30125.78790908485
1777186392,128,GET,bulk_update_departures,10.600000,0.000000,59,66,68,73,80,87,90,99,99,99,99,1416,0,57,59.182039457631475,37.49137499835342,172.66712500713766,127.45127118644068
1777186392,128,GET,large_scan,21.300000,0.000000,950,1000,1100,1100,1200,1300,1300,1400,1500,1500,1500,2732,0,910,940.0553066720199,503.67520801955834,2770.4718750028405,332491.9963396779
1777186392,128,GET,next_departures,89.800000,0.000000,53,57,60,62,69,76,84,90,110,110,110,10991,0,53,56.42749050714217,35.5991670221556,1823.883917008061,105.40960786097716
1777186392,128,GET,point_read,107.600000,0.000000,54,58,61,64,70,76,87,92,170,170,170,13716,0,52,54.89961455341602,35.04291700664908,1518.1562500074506,100.43044619422572
1777186392,128,GET,trips_per_route,10.200000,0.000000,59,67,73,76,82,90,98,110,110,110,110,1380,0,57,64.02791393882818,37.3902500141412,1669.453334005084,391.42898550724635
1777186392,128,,Aggregated,239.500000,0.000000,55,60,66,69,92,930,1100,1200,1300,1500,1500,30235,0,54,136.05387955396668,35.04291700664908,2770.4718750028405,30151.309343476103
1777186393,128,GET,bulk_update_departures,11.000000,0.000000,60,67,73,75,84,90,110,120,120,120,120,1425,0,57,59.32293248279102,37.49137499835342,172.66712500713766,127.45052631578947
1777186393,128,GET,large_scan,21.500000,0.000000,960,1000,1100,1100,1200,1300,1300,1400,1500,1500,1500,2755,0,920,941.7701463230165,503.67520801955834,2770.4718750028405,332491.9967332123
1777186393,128,GET,next_departures,89.800000,0.000000,53,58,61,63,71,79,91,100,160,160,160,11068,0,53,56.503907450395324,35.5991670221556,1823.883917008061,105.4087459342248
1777186393,128,GET,point_read,108.300000,0.000000,54,59,62,65,72,81,92,98,120,120,120,13806,0,52,54.987383435578316,35.04291700664908,1518.1562500074506,100.43032015065913
1777186393,128,GET,trips_per_route,10.000000,0.000000,62,67,73,77,84,95,110,110,110,110,110,1399,0,58,64.14848759940065,37.3902500141412,1669.453334005084,391.42744817726947
1777186393,128,,Aggregated,240.600000,0.000000,56,62,68,72,110,930,1100,1200,1400,1500,1500,30453,0,54,136.38711225271737,35.04291700664908,2770.4718750028405,30187.43243686993
1777186394,128,GET,bulk_update_departures,10.800000,0.000000,59,66,70,75,84,87,110,120,120,120,120,1436,0,57,59.302006699131056,37.49137499835342,172.66712500713766,127.4491643454039
1777186394,128,GET,large_scan,21.000000,0.000000,970,1000,1100,1100,1300,1300,1400,1400,1500,1500,1500,2782,0,920,943.4344147490696,503.67520801955834,2770.4718750028405,332491.9985621855
1777186394,128,GET,next_departures,86.100000,0.000000,53,58,61,63,70,78,94,100,160,160,160,11151,0,53,56.48671663493677,35.5991670221556,1823.883917008061,105.40857322213255
1777186394,128,GET,point_read,109.200000,0.000000,54,59,62,64,72,79,92,97,120,120,120,13909,0,52,54.986912110615506,35.04291700664908,1518.1562500074506,100.4302969300453
1777186394,128,GET,trips_per_route,9.900000,0.000000,63,67,73,75,84,98,110,110,110,110,110,1415,0,58,64.13396047319239,37.3902500141412,1669.453334005084,391.43109540636044
1777186394,128,,Aggregated,237.000000,0.000000,56,61,67,71,110,960,1100,1200,1400,1500,1500,30693,0,54,136.68387304154513,35.04291700664908,2770.4718750028405,30244.744013292933
1777186395,128,GET,bulk_update_departures,9.900000,0.000000,59,66,70,74,83,87,110,120,120,120,120,1444,0,57,59.279370235412706,37.49137499835342,172.66712500713766,127.45083102493075
1777186395,128,GET,large_scan,21.700000,0.000000,970,1000,1100,1100,1200,1300,1400,1400,1500,1500,1500,2804,0,920,943.0259709047508,503.67520801955834,2770.4718750028405,332491.9985734665
1777186395,128,GET,next_departures,84.800000,0.000000,53,58,60,63,70,78,90,100,160,160,160,11247,0,53,56.448195902746306,35.5991670221556,1823.883917008061,105.40775317862541
1777186395,128,GET,point_read,106.700000,0.000000,54,59,62,64,72,79,92,97,120,120,120,14009,0,52,54.97654969780305,35.04291700664908,1518.1562500074506,100.43015204511386
1777186395,128,GET,trips_per_route,11.300000,0.000000,62,67,70,74,83,98,110,110,110,110,110,1428,0,58,64.06527709702819,37.3902500141412,1669.453334005084,391.4313725490196
1777186395,128,,Aggregated,234.400000,0.000000,56,61,67,71,160,970,1100,1200,1400,1500,1500,30932,0,54,136.63419089506357,35.04291700664908,2770.4718750028405,30248.384003620846
1777186396,128,GET,bulk_update_departures,10.600000,0.000000,59,65,70,74,81,87,110,120,120,120,120,1450,0,57,59.27478212341345,37.49137499835342,172.66712500713766,127.45103448275862
1777186396,128,GET,large_scan,22.800000,0.000000,940,1000,1100,1100,1200,1300,1400,1400,1500,1500,1500,2826,0,920,942.3224671793616,503.67520801955834,2770.4718750028405,332491.99929228594
1777186396,128,GET,next_departures,85.200000,0.000000,53,57,60,62,70,77,91,100,160,160,160,11342,0,53,56.4287177911453,35.5991670221556,1823.883917008061,105.40733556691941
1777186396,128,GET,point_read,104.400000,0.000000,54,59,62,64,72,78,92,97,120,120,120,14123,0,52,54.9643217068187,35.04291700664908,1518.1562500074506,100.42972456276995
1777186396,128,GET,trips_per_route,11.700000,0.000000,61,65,70,74,83,98,110,110,110,110,110,1444,0,58,64.00251736116859,37.3902500141412,1669.453334005084,391.43005540166206
1777186396,128,,Aggregated,234.700000,0.000000,55,61,67,71,120,930,1100,1200,1400,1500,1500,31185,0,54,136.52868347121708,35.04291700664908,2770.4718750028405,30238.458168991503
1777186397,128,GET,bulk_update_departures,10.500000,0.000000,58,63,70,74,81,87,110,120,120,120,120,1471,0,57,59.21057698637469,37.49137499835342,172.66712500713766,127.45071380013596
1777186397,128,GET,large_scan,22.400000,0.000000,930,1000,1100,1100,1300,1300,1400,1400,1500,1500,1500,2841,0,920,941.6122853005505,503.67520801955834,2770.4718750028405,332492.0003519887
1777186397,128,GET,next_departures,85.300000,0.000000,52,57,60,62,70,77,91,100,160,160,160,11430,0,53,56.381635303167144,35.5991670221556,1823.883917008061,105.40708661417322
1777186397,128,GET,point_read,104.600000,0.000000,54,59,62,64,72,78,92,97,120,120,120,14248,0,52,54.94183696886781,35.04291700664908,1518.1562500074506,100.42862156092083
1777186397,128,GET,trips_per_route,11.700000,0.000000,61,65,68,73,83,98,110,110,110,110,110,1455,0,58,63.94147467661467,37.3902500141412,1669.453334005084,391.43024054982817
1777186397,128,,Aggregated,234.500000,0.000000,55,61,66,70,110,910,1100,1200,1400,1500,1500,31445,0,54,136.1904115626618,35.04291700664908,2770.4718750028405,30147.956559071394
1777186398,128,GET,bulk_update_departures,10.100000,0.000000,57,61,64,70,80,87,91,110,120,120,120,1483,0,57,59.18854593458056,37.49137499835342,172.66712500713766,127.45246122724208
1777186398,128,GET,large_scan,23.400000,0.000000,920,1000,1100,1100,1300,1300,1400,1400,1500,1500,1500,2860,0,910,940.7202328230368,503.67520801955834,2770.4718750028405,332492.00104895106
1777186398,128,GET,next_departures,85.400000,0.000000,52,56,59,61,69,76,90,100,160,160,160,11522,0,53,56.33624298596243,35.5991670221556,1823.883917008061,105.40704738760631
1777186398,128,GET,point_read,105.700000,0.000000,53,58,61,63,71,78,92,97,120,120,120,14370,0,52,54.92075840929113,35.04291700664908,1518.1562500074506,100.42881002087682
1777186398,128,GET,trips_per_route,11.800000,0.000000,60,65,67,70,79,85,110,110,110,110,110,1469,0,57,63.87076026040787,37.3902500141412,1669.453334005084,391.431586113002
1777186398,128,,Aggregated,236.400000,0.000000,54,60,65,69,100,890,1100,1200,1400,1500,1500,31704,0,54,135.9569807072658,35.04291700664908,2770.4718750028405,30101.84235427706
1777186399,128,GET,bulk_update_departures,11.000000,0.000000,57,61,64,68,80,87,110,120,120,120,120,1491,0,57,59.17815087455023,37.49137499835342,172.66712500713766,127.45338698859825
1777186399,128,GET,large_scan,22.400000,0.000000,890,990,1100,1100,1300,1300,1400,1400,1500,1500,1500,2877,0,910,940.2199622001593,503.67520801955834,2770.4718750028405,332492.00139033713
1777186399,128,GET,next_departures,86.800000,0.000000,52,56,59,61,69,76,90,100,160,160,160,11619,0,53,56.322239311575395,35.5991670221556,1823.883917008061,105.40700576641707
1777186399,128,GET,point_read,106.000000,0.000000,53,58,62,64,72,78,91,97,120,120,120,14478,0,52,54.90906107552126,35.04291700664908,1518.1562500074506,100.42837408481834
1777186399,128,GET,trips_per_route,11.900000,0.000000,59,63,67,68,78,84,110,110,110,110,110,1484,0,57,63.759457145881434,37.3902500141412,1669.453334005084,391.4312668463612
1777186399,128,,Aggregated,238.100000,0.000000,54,60,65,69,96,870,1100,1200,1400,1500,1500,31949,0,54,135.7553592732439,35.04291700664908,2770.4718750028405,30048.800619737707
1777186400,128,GET,bulk_update_departures,11.200000,0.000000,56,60,63,64,79,87,91,110,120,120,120,1505,0,57,59.14428753821269,37.49137499835342,172.66712500713766,127.45182724252491
1777186400,128,GET,large_scan,21.300000,0.000000,870,990,1000,1100,1200,1300,1400,1400,1500,1500,1500,2898,0,910,939.5385886393732,503.67520801955834,2770.4718750028405,332492.0034506556
1777186400,128,GET,next_departures,88.000000,0.000000,52,56,59,61,68,76,87,100,160,160,160,11721,0,53,56.30408515189227,35.5991670221556,1823.883917008061,105.40644996160736
1777186400,128,GET,point_read,106.700000,0.000000,53,58,61,63,71,77,91,97,120,120,120,14574,0,52,54.9023437631661,35.04291700664908,1518.1562500074506,100.42864004391382
1777186400,128,GET,trips_per_route,12.300000,0.000000,60,65,68,70,81,88,110,110,110,110,110,1490,0,57,63.78715390573106,37.3902500141412,1669.453334005084,391.4308724832215
1777186400,128,,Aggregated,239.500000,0.000000,54,60,65,68,96,860,1100,1200,1400,1500,1500,32188,0,54,135.6693420532852,35.04291700664908,2770.4718750028405,30043.3698583323
1777186401,128,GET,bulk_update_departures,10.800000,0.000000,56,60,63,64,79,84,100,110,120,120,120,1517,0,57,59.20093896575551,37.49137499835342,172.66712500713766,127.45088991430455
1777186401,128,GET,large_scan,21.300000,0.000000,880,970,1000,1100,1200,1300,1400,1400,1400,1400,1400,2918,0,910,939.758384396775,503.67520801955834,2770.4718750028405,332492.0027416038
1777186401,128,GET,next_departures,87.800000,0.000000,52,56,59,62,68,76,87,100,160,160,160,11809,0,53,56.295204224261596,35.5991670221556,1823.883917008061,105.40714709120162
1777186401,128,GET,point_read,108.600000,0.000000,53,58,61,63,71,77,92,97,120,120,120,14678,0,52,54.90156238619049,34.66487498371862,1518.1562500074506,100.42819185175092
1777186401,128,GET,trips_per_route,12.700000,0.000000,60,65,68,70,81,85,110,110,110,110,110,1501,0,58,63.78736996636673,37.3902500141412,1669.453334005084,391.43104596935376
1777186401,128,,Aggregated,241.200000,0.000000,54,60,64,68,94,850,1000,1200,1400,1400,1400,32423,0,54,135.65687418774155,34.66487498371862,2770.4718750028405,30031.501804274743
1777186402,128,GET,bulk_update_departures,11.000000,0.000000,55,60,62,63,68,82,87,100,100,100,100,1524,0,57,59.189476675871546,37.49137499835342,172.66712500713766,127.4501312335958
1777186402,128,GET,large_scan,21.000000,0.000000,870,940,1000,1000,1100,1300,1400,1400,1400,1400,1400,2940,0,910,939.7061406322432,503.67520801955834,2770.4718750028405,332492.0037414966
1777186402,128,GET,next_departures,89.100000,0.000000,52,56,59,61,68,73,77,81,150,150,150,11905,0,53,56.298416769780836,35.5991670221556,1823.883917008061,105.40638387232255
1777186402,128,GET,point_read,109.100000,0.000000,52,56,59,62,67,72,78,82,110,110,110,14795,0,52,54.8887035031847,34.66487498371862,1518.1562500074506,100.42784724569111
1777186402,128,GET,trips_per_route,12.700000,0.000000,58,63,66,68,77,83,90,92,100,100,100,1509,0,58,63.79891152319225,37.3902500141412,1669.453334005084,391.4314115308151
1777186402,128,,Aggregated,242.900000,0.000000,53,59,63,66,80,840,1000,1100,1400,1400,1400,32673,0,54,135.6326138822624,34.66487498371862,2770.4718750028405,30026.385333455757
1777186403,128,GET,bulk_update_departures,11.200000,0.000000,56,60,62,63,68,81,83,100,100,100,100,1533,0,57,59.192716322255436,37.49137499835342,172.66712500713766,127.44683626875408
1777186403,128,GET,large_scan,20.400000,0.000000,850,890,950,980,1000,1100,1100,1200,1300,1300,1300,2961,0,910,939.2352237418869,503.67520801955834,2770.4718750028405,332492.00506585615
1777186403,128,GET,next_departures,89.000000,0.000000,52,56,59,61,67,73,77,81,150,150,150,11999,0,53,56.28332487651699,35.5991670221556,1823.883917008061,105.40628385698808
1777186403,128,GET,point_read,108.000000,0.000000,52,56,59,62,67,72,77,80,94,110,110,14898,0,52,54.89409959078652,34.66487498371862,1518.1562500074506,100.42690293999195
1777186403,128,GET,trips_per_route,12.600000,0.000000,59,63,66,68,74,81,88,90,92,92,92,1520,0,58,63.76892830956326,37.3902500141412,1669.453334005084,391.43026315789473
1777186403,128,,Aggregated,241.200000,0.000000,53,58,63,65,78,820,950,1000,1100,1300,1300,32911,0,54,135.57481126520395,34.66487498371862,2770.4718750028405,30022.18428488955
1777186404,128,GET,bulk_update_departures,10.500000,0.000000,56,60,62,64,68,81,83,100,100,100,100,1538,0,57,59.17488093176746,37.49137499835342,172.66712500713766,127.44733420026007
1777186404,128,GET,large_scan,20.800000,0.000000,860,920,970,1000,1100,1100,1100,1200,1300,1300,1300,2987,0,910,939.6361540689156,503.67520801955834,2770.4718750028405,332492.0033478406
1777186404,128,GET,next_departures,91.200000,0.000000,52,56,59,61,68,73,77,80,150,150,150,12084,0,53,56.260536627875325,35.5991670221556,1823.883917008061,105.40615690168818
1777186404,128,GET,point_read,107.400000,0.000000,52,57,60,62,68,72,78,84,94,110,110,15002,0,52,54.907938851919496,34.66487498371862,1518.1562500074506,100.42614318090921
1777186404,128,GET,trips_per_route,12.700000,0.000000,60,64,68,69,76,81,90,92,94,94,94,1532,0,58,63.77477637436952,37.3902500141412,1669.453334005084,391.4295039164491
1777186404,128,,Aggregated,242.600000,0.000000,54,59,63,66,79,830,980,1100,1100,1300,1300,33143,0,54,135.74475273059676,34.66487498371862,2770.4718750028405,30073.608876685877
1777186405,128,GET,bulk_update_departures,10.600000,0.000000,56,62,63,64,73,81,83,84,100,100,100,1549,0,57,59.22410694840638,37.49137499835342,172.66712500713766,127.4473854099419
1777186405,128,GET,large_scan,20.900000,0.000000,860,920,990,1000,1100,1100,1100,1300,1300,1300,1300,3012,0,910,939.2368230527294,503.67520801955834,2770.4718750028405,332492.00498007966
1777186405,128,GET,next_departures,92.600000,0.000000,52,56,59,62,68,73,77,79,88,88,88,12183,0,53,56.23975994446546,35.5991670221556,1823.883917008061,105.40687843716654
1777186405,128,GET,point_read,109.000000,0.000000,52,56,59,62,68,72,78,84,110,110,110,15105,0,52,54.89691465221047,34.66487498371862,1518.1562500074506,100.42588546838795
1777186405,128,GET,trips_per_route,11.800000,0.000000,59,64,68,69,74,81,88,92,94,94,94,1546,0,58,63.73833739551153,37.3902500141412,1669.453334005084,391.42755498059506
1777186405,128,,Aggregated,244.900000,0.000000,54,59,63,66,79,840,990,1100,1200,1300,1300,33395,0,54,135.7582216959547,34.66487498371862,2770.4718750028405,30096.409252882167
1777186406,128,GET,bulk_update_departures,10.200000,0.000000,58,63,64,66,76,82,84,100,100,100,100,1565,0,57,59.2480870032201,37.49137499835342,172.66712500713766,127.44728434504792
1777186406,128,GET,large_scan,20.200000,0.000000,860,920,980,1000,1100,1100,1100,1300,1300,1300,1300,3027,0,910,938.548377930249,503.67520801955834,2770.4718750028405,332492.00627684174
1777186406,128,GET,next_departures,93.700000,0.000000,53,57,60,62,68,74,77,80,88,88,88,12267,0,53,56.231404624505466,35.5991670221556,1823.883917008061,105.40710850248635
1777186406,128,GET,point_read,109.100000,0.000000,53,57,60,62,68,72,78,87,110,110,110,15206,0,52,54.899078638939514,34.66487498371862,1518.1562500074506,100.42522688412468
1777186406,128,GET,trips_per_route,12.000000,0.000000,60,64,69,71,74,81,91,92,94,94,94,1557,0,58,63.728892921917826,37.3902500141412,1669.453334005084,391.42838792549776
1777186406,128,,Aggregated,245.200000,0.000000,54,59,64,66,81,840,990,1000,1200,1300,1300,33622,0,54,135.55175518252443,34.66487498371862,2770.4718750028405,30042.302867170307
1777186407,128,GET,bulk_update_departures,10.600000,0.000000,59,64,66,71,77,83,98,100,100,100,100,1575,0,57,59.299527243877364,37.49137499835342,172.66712500713766,127.44761904761904
1777186407,128,GET,large_scan,20.700000,0.000000,890,960,1000,1000,1100,1100,1300,1300,1300,1300,1300,3055,0,910,939.2678750948885,503.67520801955834,2770.4718750028405,332492.0052373159
1777186407,128,GET,next_departures,92.900000,0.000000,53,58,62,64,71,75,85,88,110,110,110,12356,0,53,56.27217192950461,35.5991670221556,1823.883917008061,105.4071706053739
1777186407,128,GET,point_read,108.900000,0.000000,53,57,61,63,69,74,82,88,110,110,110,15300,0,52,54.91994390167902,34.66487498371862,1518.1562500074506,100.42522875816994
1777186407,128,GET,trips_per_route,12.100000,0.000000,60,65,69,71,74,83,92,93,94,94,94,1569,0,58,63.703144988813925,37.3902500141412,1669.453334005084,391.4295729764181
1777186407,128,,Aggregated,245.200000,0.000000,55,61,65,69,89,870,1000,1100,1300,1300,1300,33855,0,54,135.8258587023505,34.66487498371862,2770.4718750028405,30111.264983015804
1777186408,128,GET,bulk_update_departures,11.400000,0.000000,58,64,66,73,79,83,98,100,100,100,100,1584,0,57,59.29325304802632,37.49137499835342,172.66712500713766,127.44570707070707
1777186408,128,GET,large_scan,20.200000,0.000000,910,990,1000,1100,1100,1200,1300,1300,1400,1400,1400,3082,0,910,939.7956530382528,503.67520801955834,2770.4718750028405,332492.00454250484
1777186408,128,GET,next_departures,92.800000,0.000000,54,58,61,64,71,75,85,88,110,110,110,12451,0,53,56.26260746317327,35.5991670221556,1823.883917008061,105.40735683880813
1777186408,128,GET,point_read,107.400000,0.000000,53,57,61,63,69,75,84,88,98,98,98,15401,0,52,54.91420153040817,34.66487498371862,1518.1562500074506,100.42529705863255
1777186408,128,GET,trips_per_route,11.500000,0.000000,62,67,71,73,81,88,93,94,94,94,94,1575,0,58,63.70907300920595,37.3902500141412,1669.453334005084,391.42920634920637
1777186408,128,,Aggregated,243.300000,0.000000,55,61,66,70,94,900,1100,1100,1300,1400,1400,34093,0,54,136.00949898146985,34.66487498371862,2770.4718750028405,30165.07230223213
