Timestamp,User Count,Type,Name,Requests/s,Failures/s,50%,66%,75%,80%,90%,95%,98%,99%,99.9%,99.99%,100%,Total Request Count,Total Failure Count,Total Median Response Time,Total Average Response Time,Total Min Response Time,Total Max Response Time,Total Average Content Size
1777186297,0,,Aggregated,0.000000,0.000000,N/A,N/A,N/A,N/A,N/A,N/A,N/A,N/A,N/A,N/A,N/A,0,0,0,0.0,0,0,0
1777186298,10,,Aggregated,0.000000,0.000000,N/A,N/A,N/A,N/A,N/A,N/A,N/A,N/A,N/A,N/A,N/A,0,0,0,0.0,0,0,0
1777186299,20,,Aggregated,0.000000,0.000000,N/A,N/A,N/A,N/A,N/A,N/A,N/A,N/A,N/A,N/A,N/A,0,0,0,0.0,0,0,0
1777186300,30,,Aggregated,0.000000,0.000000,N/A,N/A,N/A,N/A,N/A,N/A,N/A,N/A,N/A,N/A,N/A,0,0,0,0.0,0,0,0
1777186301,40,,Aggregated,0.000000,0.000000,N/A,N/A,N/A,N/A,N/A,N/A,N/A,N/A,N/A,N/A,N/A,0,0,0,0.0,0,0,0
1777186302,50,,Aggregated,0.000000,0.000000,N/A,N/A,N/A,N/A,N/A,N/A,N/A,N/A,N/A,N/A,N/A,0,0,0,0.0,0,0,0
1777186303,60,,Aggregated,0.000000,0.000000,N/A,N/A,N/A,N/A,N/A,N/A,N/A,N/A,N/A,N/A,N/A,0,0,0,0.0,0,0,0
1777186304,70,,Aggregated,0.000000,0.000000,N/A,N/A,N/A,N/A,N/A,N/A,N/A,N/A,N/A,N/A,N/A,0,0,0,0.0,0,0,0
1777186305,80,,Aggregated,0.000000,0.000000,N/A,N/A,N/A,N/A,N/A,N/A,N/A,N/A,N/A,N/A,N/A,0,0,0,0.0,0,0,0
1777186306,90,,Aggregated,0.000000,0.000000,N/A,N/A,N/A,N/A,N/A,N/A,N/A,N/A,N/A,N/A,N/A,0,0,0,0.0,0,0,0
1777186307,100,,Aggregated,0.000000,0.000000,N/A,N/A,N/A,N/A,N/A,N/A,N/A,N/A,N/A,N/A,N/A,0,0,0,0.0,0,0,0
1777186308,110,,Aggregated,0.000000,0.000000,N/A,N/A,N/A,N/A,N/A,N/A,N/A,N/A,N/A,N/A,N/A,0,0,0,0.0,0,0,0
1777186309,120,,Aggregated,0.000000,0.000000,N/A,N/A,N/A,N/A,N/A,N/A,N/A,N/A,N/A,N/A,N/A,0,0,0,0.0,0,0,0
1777186310,130,,Aggregated,0.000000,0.000000,N/A,N/A,N/A,N/A,N/A,N/A,N/A,N/A,N/A,N/A,N/A,0,0,0,0.0,0,0,0
1777186311,140,,Aggregated,0.000000,0.000000,N/A,N/A,N/A,N/A,N/A,N/A,N/A,N/A,N/A,N/A,N/A,0,0,0,0.0,0,0,0
1777186312,150,,Aggregated,0.000000,0.000000,N/A,N/A,N/A,N/A,N/A,N/A,N/A,N/A,N/A,N/A,N/A,0,0,0,0.0,0,0,0
1777186313,160,,Aggregated,0.000000,0.000000,N/A,N/A,N/A,N/A,N/A,N/A,N/A,N/A,N/A,N/A,N/A,0,0,0,0.0,0,0,0
1777186314,170,,Aggregated,0.000000,0.000000,N/A,N/A,N/A,N/A,N/A,N/A,N/A,N/A,N/A,N/A,N/A,0,0,0,0.0,0,0,0
1777186315,180,,Aggregated,0.000000,0.000000,N/A,N/A,N/A,N/A,N/A,N/A,N/A,N/A,N/A,N/A,N/A,0,0,0,0.0,0,0,0
1777186316,190,,Aggregated,0.000000,0.000000,N/A,N/A,N/A,N/A,N/A,N/A,N/A,N/A,N/A,N/A,N/A,0,0,0,0.0,0,0,0
1777186317,200,,Aggregated,0.000000,0.000000,N/A,N/A,N/A,N/A,N/A,N/A,N/A,N/A,N/A,N/A,N/A,0,0,0,0.0,0,0,0
1777186318,200,,Aggregated,0.000000,0.000000,N/A,N/A,N/A,N/A,N/A,N/A,N/A,N/A,N/A,N/A,N/A,0,0,0,0.0,0,0,0
1777186319,200,,Aggregated,0.000000,0.000000,N/A,N/A,N/A,N/A,N/A,N/A,N/A,N/A,N/A,N/A,N/A,0,0,0,0.0,0,0,0
1777186320,200,,Aggregated,0.000000,0.000000,N/A,N/A,N/A,N/A,N/A,N/A,N/A,N/A,N/A,N/A,N/A,0,0,0,0.0,0,0,0
1777186321,200,,Aggregated,0.000000,0.000000,N/A,N/A,N/A,N/A,N/A,N/A,N/A,N/A,N/A,N/A,N/A,0,0,0,0.0,0,0,0
1777186322,200,,Aggregated,0.000000,0.000000,N/A,N/A,N/A,N/A,N/A,N/A,N/A,N/A,N/A,N/A,N/A,0,0,0,0.0,0,0,0
1777186323,200,,Aggregated,0.000000,0.000000,N/A,N/A,N/A,N/A,N/A,N/A,N/A,N/A,N/A,N/A,N/A,0,0,0,0.0,0,0,0
1777186324,200,,Aggregated,0.000000,0.000000,N/A,N/A,N/A,N/A,N/A,N/A,N/A,N/A,N/A,N/A,N/A,0,0,0,0.0,0,0,0
1777186325,200,,Aggregated,0.000000,0.000000,N/A,N/A,N/A,N/A,N/A,N/A,N/A,N/A,N/A,N/A,N/A,0,0,0,0.0,0,0,0
1777186326,200,,Aggregated,0.000000,0.000000,N/A,N/A,N/A,N/A,N/A,N/A,N/A,N/A,N/A,N/A,N/A,0,0,0,0.0,0,0,0
1777186327,200,GET,trips_per_route,0.000000,0.000000,0,0,0,0,0,0,0,0,0,0,0,1,0,13186.199999996461,13186.199999996461,13186.199999996461,13186.199999996461,372.0
1777186327,200,,Aggregated,0.000000,0.000000,0,0,0,0,0,0,0,0,0,0,0,1,0,13186.199999996461,13186.199999996461,13186.199999996461,13186.199999996461,372.0
1777186328,200,GET,trips_per_route,0.000000,0.000000,13000,13000,13000,13000,13000,13000,13000,13000,13000,13000,13000,1,0,13186.199999996461,13186.199999996461,13186.199999996461,13186.199999996461,372.0
1777186328,200,,Aggregated,0.000000,0.000000,0,0,0,0,0,0,0,0,0,0,0,1,0,13186.199999996461,13186.199999996461,13186.199999996461,13186.199999996461,372.0
1777186329,200,GET,trips_per_route,0.000000,0.000000,13000,13000,13000,13000,13000,13000,13000,13000,13000,13000,13000,1,0,13186.199999996461,13186.199999996461,13186.199999996461,13186.199999996461,372.0
1777186329,200,,Aggregated,0.000000,0.000000,0,0,0,0,0,0,0,0,0,0,0,1,0,13186.199999996461,13186.199999996461,13186.199999996461,13186.199999996461,372.0
1777186330,200,GET,trips_per_route,0.000000,0.000000,13000,13000,13000,13000,13000,13000,13000,13000,13000,13000,13000,1,0,13186.199999996461,13186.199999996461,13186.199999996461,13186.199999996461,372.0
1777186330,200,,Aggregated,0.000000,0.000000,0,0,0,0,0,0,0,0,0,0,0,1,0,13186.199999996461,13186.199999996461,13186.199999996461,13186.199999996461,372.0
1777186331,200,GET,trips_per_route,0.000000,0.000000,13000,13000,13000,13000,13000,13000,13000,13000,13000,13000,13000,1,0,13186.199999996461,13186.199999996461,13186.199999996461,13186.199999996461,372.0
1777186331,200,,Aggregated,0.000000,0.000000,0,0,0,0,0,0,0,0,0,0,0,1,0,13186.199999996461,13186.199999996461,13186.199999996461,13186.199999996461,372.0
1777186332,200,GET,trips_per_route,0.000000,0.000000,13000,13000,13000,13000,13000,13000,13000,13000,13000,13000,13000,1,0,13186.199999996461,13186.199999996461,13186.199999996461,13186.199999996461,372.0
1777186332,200,,Aggregated,0.000000,0.000000,0,0,0,0,0,0,0,0,0,0,0,1,0,13186.199999996461,13186.199999996461,13186.199999996461,13186.199999996461,372.0
1777186333,200,GET,trips_per_route,0.000000,0.000000,13000,13000,13000,13000,13000,13000,13000,13000,13000,13000,13000,1,0,13186.199999996461,13186.199999996461,13186.199999996461,13186.199999996461,372.0
1777186333,200,,Aggregated,0.000000,0.000000,0,0,0,0,0,0,0,0,0,0,0,1,0,13186.199999996461,13186.199999996461,13186.199999996461,13186.199999996461,372.0
1777186334,200,GET,trips_per_route,0.000000,0.000000,13000,13000,13000,13000,13000,13000,13000,13000,13000,13000,13000,1,0,13186.199999996461,13186.199999996461,13186.199999996461,13186.199999996461,372.0
1777186334,200,,Aggregated,0.000000,0.000000,0,0,0,0,0,0,0,0,0,0,0,1,0,13186.199999996461,13186.199999996461,13186.199999996461,13186.199999996461,372.0
1777186335,200,GET,trips_per_route,0.000000,0.000000,13000,13000,13000,13000,13000,13000,13000,13000,13000,13000,13000,1,0,13186.199999996461,13186.199999996461,13186.199999996461,13186.199999996461,372.0
1777186335,200,,Aggregated,0.000000,0.000000,0,0,0,0,0,0,0,0,0,0,0,1,0,13186.199999996461,13186.199999996461,13186.199999996461,13186.199999996461,372.0
1777186336,200,GET,trips_per_route,0.100000,0.000000,22000,22000,22000,22000,22000,22000,22000,22000,22000,22000,22000,2,0,13186.199999996461,17713.57752100448,13186.199999996461,22240.9550420125,369.5
1777186336,200,,Aggregated,0.100000,0.000000,22000,22000,22000,22000,22000,22000,22000,22000,22000,22000,22000,2,0,13186.199999996461,17713.57752100448,13186.199999996461,22240.9550420125,369.5
1777186337,200,GET,trips_per_route,0.100000,0.000000,22000,22000,32000,32000,32000,32000,32000,32000,32000,32000,32000,3,0,22000,22491.071513999486,13186.199999996461,32046.059499989497,370.3333333333333
1777186337,200,,Aggregated,0.100000,0.000000,32000,32000,32000,32000,32000,32000,32000,32000,32000,32000,32000,3,0,22000,22491.071513999486,13186.199999996461,32046.059499989497,370.3333333333333
1777186338,200,GET,trips_per_route,0.100000,0.000000,22000,22000,32000,32000,32000,32000,32000,32000,32000,32000,32000,3,0,22000,22491.071513999486,13186.199999996461,32046.059499989497,370.3333333333333
1777186338,200,,Aggregated,0.100000,0.000000,32000,32000,32000,32000,32000,32000,32000,32000,32000,32000,32000,3,0,22000,22491.071513999486,13186.199999996461,32046.059499989497,370.3333333333333
1777186339,200,GET,trips_per_route,0.100000,0.000000,32000,32000,42000,42000,42000,42000,42000,42000,42000,42000,42000,4,0,22000,27322.689104250458,13186.199999996461,41817.54187500337,371.0
1777186339,200,,Aggregated,0.100000,0.000000,32000,32000,42000,42000,42000,42000,42000,42000,42000,42000,42000,4,0,22000,27322.689104250458,13186.199999996461,41817.54187500337,371.0
1777186340,200,GET,trips_per_route,0.200000,0.000000,32000,32000,34000,34000,42000,42000,42000,42000,42000,42000,42000,6,0,23000,27712.636131832067,13186.199999996461,41817.54187500337,369.5
1777186340,200,,Aggregated,0.200000,0.000000,32000,34000,34000,42000,42000,42000,42000,42000,42000,42000,42000,6,0,23000,27712.636131832067,13186.199999996461,41817.54187500337,369.5
1777186341,200,GET,trips_per_route,0.200000,0.000000,30000,32000,34000,34000,42000,42000,42000,42000,42000,42000,42000,8,0,28000,28013.666953123902,13186.199999996461,41817.54187500337,370.375
1777186341,200,,Aggregated,0.200000,0.000000,30000,32000,34000,34000,42000,42000,42000,42000,42000,42000,42000,8,0,28000,28013.666953123902,13186.199999996461,41817.54187500337,370.375
1777186342,200,GET,trips_per_route,0.300000,0.000000,32000,34000,42000,42000,42000,42000,42000,42000,42000,42000,42000,9,0,30000,29619.27899999945,13186.199999996461,42464.17537500383,370.0
1777186342,200,,Aggregated,0.300000,0.000000,32000,34000,42000,42000,42000,42000,42000,42000,42000,42000,42000,9,0,30000,29619.27899999945,13186.199999996461,42464.17537500383,370.0
1777186343,200,GET,trips_per_route,0.500000,0.000000,32000,34000,42000,42000,44000,44000,44000,44000,44000,44000,44000,11,0,32000,31154.608575817707,13186.199999996461,44212.123125005746,370.54545454545456
1777186343,200,,Aggregated,0.500000,0.000000,32000,34000,42000,42000,44000,44000,44000,44000,44000,44000,44000,11,0,32000,31154.608575817707,13186.199999996461,44212.123125005746,370.54545454545456
1777186344,200,GET,trips_per_route,0.700000,0.000000,32000,34000,42000,42000,42000,44000,44000,44000,44000,44000,44000,13,0,32000,31602.553721230764,13186.199999996461,44212.123125005746,370.9230769230769
1777186344,200,,Aggregated,0.700000,0.000000,32000,34000,42000,42000,42000,44000,44000,44000,44000,44000,44000,13,0,32000,31602.553721230764,13186.199999996461,44212.123125005746,370.9230769230769
1777186345,200,GET,trips_per_route,0.900000,0.000000,34000,42000,42000,44000,44000,45000,45000,45000,45000,45000,45000,15,0,32000,33382.07439446511,13186.199999996461,45439.20274998527,371.2
1777186345,200,,Aggregated,0.900000,0.000000,34000,42000,42000,44000,44000,45000,45000,45000,45000,45000,45000,15,0,32000,33382.07439446511,13186.199999996461,45439.20274998527,371.2
1777186346,200,GET,trips_per_route,1.100000,0.000000,42000,44000,44000,44000,46000,47000,47000,47000,47000,47000,47000,18,0,34000,35446.000291665165,13186.199999996461,47108.10504198889,371.1666666666667
1777186346,200,,Aggregated,1.100000,0.000000,42000,44000,44000,44000,46000,47000,47000,47000,47000,47000,47000,18,0,34000,35446.000291665165,13186.199999996461,47108.10504198889,371.1666666666667
1777186347,200,GET,trips_per_route,1.200000,0.000000,43000,44000,45000,45000,47000,47000,49000,49000,49000,49000,49000,23,0,42000,37619.7529493454,13186.199999996461,48737.29250000906,371.30434782608694
1777186347,200,,Aggregated,1.200000,0.000000,43000,44000,45000,45000,47000,47000,49000,49000,49000,49000,49000,23,0,42000,37619.7529493454,13186.199999996461,48737.29250000906,371.30434782608694
1777186348,200,GET,trips_per_route,1.400000,0.000000,43000,44000,45000,46000,47000,49000,50000,50000,50000,50000,50000,32,0,42000,38276.15975268418,13186.199999996461,50455.38874997874,371.34375
1777186348,200,,Aggregated,1.400000,0.000000,43000,44000,45000,46000,47000,49000,50000,50000,50000,50000,50000,32,0,42000,38276.15975268418,13186.199999996461,50455.38874997874,371.34375
1777186349,200,GET,trips_per_route,1.900000,0.000000,42000,44000,45000,46000,49000,50000,52000,52000,52000,52000,52000,50,0,41000,39159.07414007757,13186.199999996461,52051.004917011596,371.14
1777186349,200,,Aggregated,1.900000,0.000000,42000,44000,45000,46000,49000,50000,52000,52000,52000,52000,52000,50,0,41000,39159.07414007757,13186.199999996461,52051.004917011596,371.14
1777186350,200,GET,trips_per_route,2.300000,0.000000,42000,44000,45000,46000,47000,49000,51000,52000,52000,52000,52000,72,0,42000,39920.870994262965,13186.199999996461,52051.004917011596,370.9861111111111
1777186350,200,,Aggregated,2.300000,0.000000,42000,44000,45000,46000,47000,49000,51000,52000,52000,52000,52000,72,0,42000,39920.870994262965,13186.199999996461,52051.004917011596,370.9861111111111
1777186351,200,GET,trips_per_route,3.200000,0.000000,42000,45000,46000,47000,49000,51000,52000,54000,54000,54000,54000,95,0,42000,40843.24070705303,13186.199999996461,53862.22383301356,370.94736842105266
1777186351,200,,Aggregated,3.200000,0.000000,42000,45000,46000,47000,49000,51000,52000,54000,54000,54000,54000,95,0,42000,40843.24070705303,13186.199999996461,53862.22383301356,370.94736842105266
1777186352,200,GET,trips_per_route,5.400000,0.000000,43000,45000,47000,48000,51000,53000,54000,54000,55000,55000,55000,121,0,42000,41790.02792152099,13186.199999996461,54530.987417005235,370.9669421487603
1777186352,200,,Aggregated,5.400000,0.000000,43000,45000,47000,48000,51000,53000,54000,54000,55000,55000,55000,121,0,42000,41790.02792152099,13186.199999996461,54530.987417005235,370.9669421487603
1777186353,200,GET,trips_per_route,7.100000,0.000000,43000,46000,48000,49000,52000,54000,55000,55000,55000,55000,55000,143,0,43000,42473.021560042274,13186.199999996461,55439.56229102332,371.0
1777186353,200,,Aggregated,7.100000,0.000000,43000,46000,48000,49000,52000,54000,55000,55000,55000,55000,55000,143,0,43000,42473.021560042274,13186.199999996461,55439.56229102332,371.0
1777186354,200,GET,trips_per_route,9.000000,0.000000,43000,46000,48000,49000,52000,53000,55000,55000,55000,55000,55000,159,0,43000,42791.966911182564,13186.199999996461,55439.56229102332,370.8993710691824
1777186354,200,,Aggregated,9.000000,0.000000,43000,46000,48000,49000,52000,53000,55000,55000,55000,55000,55000,159,0,43000,42791.966911182564,13186.199999996461,55439.56229102332,370.8993710691824
1777186355,200,GET,trips_per_route,11.700000,0.000000,44000,47000,49000,51000,53000,55000,56000,57000,58000,58000,58000,182,0,43000,43516.47400459375,13186.199999996461,57610.637625009986,370.6703296703297
1777186355,200,,Aggregated,11.700000,0.000000,44000,47000,49000,51000,53000,55000,56000,57000,58000,58000,58000,182,0,43000,43516.47400459375,13186.199999996461,57610.637625009986,370.6703296703297
1777186356,200,GET,trips_per_route,13.900000,0.000000,45000,48000,50000,51000,54000,55000,56000,58000,58000,58000,58000,195,0,44000,43796.42444744166,13186.199999996461,57610.637625009986,370.5897435897436
1777186356,200,,Aggregated,13.900000,0.000000,45000,48000,50000,51000,54000,55000,56000,58000,58000,58000,58000,195,0,44000,43796.42444744166,13186.199999996461,57610.637625009986,370.5897435897436
1777186357,200,GET,trips_per_route,15.100000,0.000000,45000,48000,50000,51000,54000,55000,56000,58000,58000,58000,58000,198,0,44000,43653.38983986442,5236.166584014427,57610.637625009986,370.5858585858586
1777186357,200,,Aggregated,15.100000,0.000000,45000,48000,50000,51000,54000,55000,56000,58000,58000,58000,58000,198,0,44000,43653.38983986442,5236.166584014427,57610.637625009986,370.5858585858586
1777186358,200,GET,trips_per_route,16.700000,0.000000,44000,48000,50000,51000,54000,55000,56000,58000,58000,58000,58000,209,0,43000,41701.018115632185,3402.256540983217,57610.637625009986,370.66028708133973
1777186358,200,,Aggregated,16.700000,0.000000,44000,48000,50000,51000,54000,55000,56000,58000,58000,58000,58000,209,0,43000,41701.018115632185,3402.256540983217,57610.637625009986,370.66028708133973
1777186359,200,GET,trips_per_route,17.500000,0.000000,44000,48000,50000,52000,54000,55000,56000,58000,58000,58000,58000,215,0,43000,40818.67719302403,3078.5366670170333,57610.637625009986,370.706976744186
1777186359,200,,Aggregated,17.500000,0.000000,44000,48000,50000,52000,54000,55000,56000,58000,58000,58000,58000,215,0,43000,40818.67719302403,3078.5366670170333,57610.637625009986,370.706976744186
1777186360,200,GET,trips_per_route,17.400000,0.000000,46000,49000,51000,52000,54000,55000,58000,58000,62000,62000,62000,218,0,43000,40794.42647859254,1832.8568750002887,62336.56629099278,370.6788990825688
1777186360,200,,Aggregated,17.400000,0.000000,46000,49000,51000,52000,54000,55000,58000,58000,62000,62000,62000,218,0,43000,40794.42647859254,1832.8568750002887,62336.56629099278,370.6788990825688
1777186361,200,GET,trips_per_route,17.500000,0.000000,46000,49000,52000,53000,55000,56000,58000,62000,63000,63000,63000,220,0,43000,40933.05283124622,1832.8568750002887,63376.7161249998,370.66818181818184
1777186361,200,,Aggregated,17.500000,0.000000,46000,49000,52000,53000,55000,56000,58000,62000,63000,63000,63000,220,0,43000,40933.05283124622,1832.8568750002887,63376.7161249998,370.66818181818184
1777186362,200,GET,trips_per_route,17.500000,0.000000,46000,50000,52000,53000,55000,57000,62000,63000,63000,63000,63000,220,0,43000,40933.05283124622,1832.8568750002887,63376.7161249998,370.66818181818184
1777186362,200,,Aggregated,17.500000,0.000000,46000,50000,52000,53000,55000,57000,62000,63000,63000,63000,63000,220,0,43000,40933.05283124622,1832.8568750002887,63376.7161249998,370.66818181818184
1777186363,200,GET,trips_per_route,17.500000,0.000000,45000,49000,53000,53000,56000,58000,62000,63000,63000,63000,63000,220,0,43000,40933.05283124622,1832.8568750002887,63376.7161249998,370.66818181818184
1777186363,200,,Aggregated,17.500000,0.000000,45000,49000,53000,53000,56000,58000,62000,63000,63000,63000,63000,220,0,43000,40933.05283124622,1832.8568750002887,63376.7161249998,370.66818181818184
1777186364,200,GET,trips_per_route,17.500000,0.000000,45000,49000,53000,53000,56000,58000,62000,63000,63000,63000,63000,220,0,43000,40933.05283124622,1832.8568750002887,63376.7161249998,370.66818181818184
1777186364,200,,Aggregated,17.500000,0.000000,45000,49000,53000,53000,56000,58000,62000,63000,63000,63000,63000,220,0,43000,40933.05283124622,1832.8568750002887,63376.7161249998,370.66818181818184
1777186365,200,GET,trips_per_route,9.300000,0.000000,20000,46000,49000,53000,56000,62000,63000,63000,63000,63000,63000,222,0,43000,40697.37729804579,1832.8568750002887,63376.7161249998,370.68468468468467
1777186365,200,,Aggregated,9.300000,0.000000,20000,46000,49000,53000,56000,62000,63000,63000,63000,63000,63000,222,0,43000,40697.37729804579,1832.8568750002887,63376.7161249998,370.68468468468467
1777186366,200,GET,trips_per_route,9.300000,0.000000,6000,9700,24000,45000,53000,62000,63000,63000,63000,63000,63000,222,0,43000,40697.37729804579,1832.8568750002887,63376.7161249998,370.68468468468467
1777186366,200,,Aggregated,9.300000,0.000000,6000,9700,24000,45000,53000,62000,63000,63000,63000,63000,63000,222,0,43000,40697.37729804579,1832.8568750002887,63376.7161249998,370.68468468468467
1777186367,200,GET,trips_per_route,9.300000,0.000000,6000,7000,24000,45000,53000,62000,63000,63000,63000,63000,63000,222,0,43000,40697.37729804579,1832.8568750002887,63376.7161249998,370.68468468468467
1777186367,200,,Aggregated,9.300000,0.000000,6000,7000,24000,45000,53000,62000,63000,63000,63000,63000,63000,222,0,43000,40697.37729804579,1832.8568750002887,63376.7161249998,370.68468468468467
1777186368,200,GET,trips_per_route,3.900000,0.000000,23000,30000,45000,49000,62000,63000,63000,63000,63000,63000,63000,227,0,43000,40251.484349115395,1832.8568750002887,63376.7161249998,370.73127753303964
1777186368,200,,Aggregated,3.900000,0.000000,23000,30000,45000,49000,62000,63000,63000,63000,63000,63000,63000,227,0,43000,40251.484349115395,1832.8568750002887,63376.7161249998,370.73127753303964
1777186369,200,GET,trips_per_route,2.600000,0.000000,25000,28000,49000,49000,53000,63000,63000,63000,63000,63000,63000,228,0,43000,40184.51770120266,1832.8568750002887,63376.7161249998,370.74122807017545
1777186369,200,,Aggregated,2.600000,0.000000,25000,28000,49000,49000,53000,63000,63000,63000,63000,63000,63000,228,0,43000,40184.51770120266,1832.8568750002887,63376.7161249998,370.74122807017545
1777186370,200,GET,trips_per_route,2.300000,0.000000,25000,28000,30000,30000,49000,63000,63000,63000,63000,63000,63000,232,0,43000,39900.50947575083,1832.8568750002887,63376.7161249998,370.75431034482756
1777186370,200,,Aggregated,2.300000,0.000000,25000,28000,30000,30000,49000,63000,63000,63000,63000,63000,63000,232,0,43000,39900.50947575083,1832.8568750002887,63376.7161249998,370.75431034482756
1777186371,200,GET,trips_per_route,1.700000,0.000000,23000,25000,28000,30000,49000,63000,63000,63000,63000,63000,63000,236,0,43000,39508.81433950912,1832.8568750002887,63376.7161249998,370.7669491525424
1777186371,200,,Aggregated,1.700000,0.000000,23000,25000,28000,30000,49000,63000,63000,63000,63000,63000,63000,236,0,43000,39508.81433950912,1832.8568750002887,63376.7161249998,370.7669491525424
1777186372,200,GET,trips_per_route,1.200000,0.000000,20000,24000,27000,28000,30000,49000,63000,63000,63000,63000,63000,239,0,42000,39241.60015794621,1832.8568750002887,63376.7161249998,370.7949790794979
1777186372,200,,Aggregated,1.200000,0.000000,20000,24000,27000,28000,30000,49000,63000,63000,63000,63000,63000,239,0,42000,39241.60015794621,1832.8568750002887,63376.7161249998,370.7949790794979
1777186373,200,GET,trips_per_route,1.400000,0.000000,20000,24000,27000,28000,30000,30000,33000,33000,33000,33000,33000,242,0,42000,39098.34173639306,1832.8568750002887,63376.7161249998,370.79338842975204
1777186373,200,,Aggregated,1.400000,0.000000,20000,24000,27000,28000,30000,30000,33000,33000,33000,33000,33000,242,0,42000,39098.34173639306,1832.8568750002887,63376.7161249998,370.79338842975204
1777186374,200,GET,trips_per_route,1.600000,0.000000,21000,24000,25000,26000,29000,30000,33000,33000,33000,33000,33000,251,0,42000,38457.04508781693,1832.8568750002887,63376.7161249998,370.8645418326693
1777186374,200,,Aggregated,1.600000,0.000000,21000,24000,25000,26000,29000,30000,33000,33000,33000,33000,33000,251,0,42000,38457.04508781693,1832.8568750002887,63376.7161249998,370.8645418326693
1777186375,200,GET,trips_per_route,1.900000,0.000000,22000,24000,26000,27000,30000,33000,34000,34000,34000,34000,34000,257,0,42000,38151.44986381353,1832.8568750002887,63376.7161249998,370.88715953307394
1777186375,200,,Aggregated,1.900000,0.000000,22000,24000,26000,27000,30000,33000,34000,34000,34000,34000,34000,257,0,42000,38151.44986381353,1832.8568750002887,63376.7161249998,370.88715953307394
1777186376,200,GET,trips_per_route,2.300000,0.000000,22000,25000,26000,27000,29000,30000,34000,34000,34000,34000,34000,263,0,41000,37814.65496593578,1832.8568750002887,63376.7161249998,370.9277566539924
1777186376,200,,Aggregated,2.300000,0.000000,22000,25000,26000,27000,29000,30000,34000,34000,34000,34000,34000,263,0,41000,37814.65496593578,1832.8568750002887,63376.7161249998,370.9277566539924
1777186377,200,GET,trips_per_route,3.100000,0.000000,23000,26000,27000,28000,30000,33000,34000,34000,34000,34000,34000,268,0,41000,37640.485147851214,1832.8568750002887,63376.7161249998,370.90671641791045
1777186377,200,,Aggregated,3.100000,0.000000,23000,26000,27000,28000,30000,33000,34000,34000,34000,34000,34000,268,0,41000,37640.485147851214,1832.8568750002887,63376.7161249998,370.90671641791045
1777186378,200,GET,trips_per_route,3.600000,0.000000,24000,26000,27000,28000,29000,33000,34000,34000,34000,34000,34000,281,0,41000,37056.417777566036,1832.8568750002887,63376.7161249998,370.9110320284698
1777186378,200,,Aggregated,3.600000,0.000000,24000,26000,27000,28000,29000,33000,34000,34000,34000,34000,34000,281,0,41000,37056.417777566036,1832.8568750002887,63376.7161249998,370.9110320284698
1777186379,200,GET,trips_per_route,4.100000,0.000000,24000,27000,28000,29000,31000,33000,34000,35000,35000,35000,35000,289,0,41000,36849.41401612847,1832.8568750002887,63376.7161249998,370.94117647058823
1777186379,200,,Aggregated,4.100000,0.000000,24000,27000,28000,29000,31000,33000,34000,35000,35000,35000,35000,289,0,41000,36849.41401612847,1832.8568750002887,63376.7161249998,370.94117647058823
1777186380,200,GET,trips_per_route,4.700000,0.000000,26000,28000,29000,31000,31000,33000,34000,35000,35000,35000,35000,294,0,40000,36740.52090374858,1832.8568750002887,63376.7161249998,370.9557823129252
1777186380,200,,Aggregated,4.700000,0.000000,26000,28000,29000,31000,31000,33000,34000,35000,35000,35000,35000,294,0,40000,36740.52090374858,1832.8568750002887,63376.7161249998,370.9557823129252
1777186381,200,GET,trips_per_route,5.500000,0.000000,26000,28000,31000,31000,32000,34000,34000,35000,35000,35000,35000,301,0,40000,36561.418549814385,1832.8568750002887,63376.7161249998,370.98006644518273
1777186381,200,,Aggregated,5.500000,0.000000,26000,28000,31000,31000,32000,34000,34000,35000,35000,35000,35000,301,0,40000,36561.418549814385,1832.8568750002887,63376.7161249998,370.98006644518273
1777186382,200,GET,trips_per_route,6.200000,0.000000,27000,29000,31000,31000,32000,34000,35000,37000,37000,37000,37000,305,0,40000,36508.71960558406,1832.8568750002887,63376.7161249998,371.0032786885246
1777186382,200,,Aggregated,6.200000,0.000000,27000,29000,31000,31000,32000,34000,35000,37000,37000,37000,37000,305,0,40000,36508.71960558406,1832.8568750002887,63376.7161249998,371.0032786885246
1777186383,200,GET,trips_per_route,6.200000,0.000000,28000,31000,31000,31000,33000,34000,35000,37000,37000,37000,37000,314,0,39000,36327.18177426162,1832.8568750002887,63376.7161249998,371.0222929936306
1777186383,200,,Aggregated,6.200000,0.000000,28000,31000,31000,31000,33000,34000,35000,37000,37000,37000,37000,314,0,39000,36327.18177426162,1832.8568750002887,63376.7161249998,371.0222929936306
1777186384,200,GET,trips_per_route,6.500000,0.000000,29000,31000,32000,32000,34000,34000,35000,37000,37000,37000,37000,330,0,38000,36043.96992295796,1832.8568750002887,63376.7161249998,371.07878787878786
1777186384,200,,Aggregated,6.500000,0.000000,29000,31000,32000,32000,34000,34000,35000,37000,37000,37000,37000,330,0,38000,36043.96992295796,1832.8568750002887,63376.7161249998,371.07878787878786
1777186385,200,GET,trips_per_route,6.900000,0.000000,31000,32000,33000,33000,35000,35000,37000,37000,37000,37000,37000,343,0,38000,35948.15064465617,1832.8568750002887,63376.7161249998,371.00583090379007
1777186385,200,,Aggregated,6.900000,0.000000,31000,32000,33000,33000,35000,35000,37000,37000,37000,37000,37000,343,0,38000,35948.15064465617,1832.8568750002887,63376.7161249998,371.00583090379007
1777186386,200,GET,trips_per_route,7.100000,0.000000,31000,32000,33000,33000,35000,36000,37000,38000,38000,38000,38000,354,0,37000,35552.441283169595,865.0173339992762,63376.7161249998,371.0
1777186386,200,,Aggregated,7.100000,0.000000,31000,32000,33000,33000,35000,36000,37000,38000,38000,38000,38000,354,0,37000,35552.441283169595,865.0173339992762,63376.7161249998,371.0
1777186387,200,GET,trips_per_route,8.100000,0.000000,31000,32000,33000,34000,35000,36000,37000,38000,38000,38000,38000,362,0,36000,35415.94942965211,726.9345840031747,63376.7161249998,370.97237569060775
1777186387,200,,Aggregated,8.100000,0.000000,31000,32000,33000,34000,35000,36000,37000,38000,38000,38000,38000,362,0,36000,35415.94942965211,726.9345840031747,63376.7161249998,370.97237569060775
1777186388,200,GET,trips_per_route,8.700000,0.000000,32000,33000,35000,35000,36000,37000,38000,38000,38000,38000,38000,377,0,36000,35140.58719892048,726.9345840031747,63376.7161249998,370.9416445623342
1777186388,200,,Aggregated,8.700000,0.000000,32000,33000,35000,35000,36000,37000,38000,38000,38000,38000,38000,377,0,36000,35140.58719892048,726.9345840031747,63376.7161249998,370.9416445623342
1777186389,200,GET,trips_per_route,9.200000,0.000000,33000,35000,35000,36000,37000,38000,38000,40000,41000,41000,41000,394,0,36000,35164.35310139594,726.9345840031747,63376.7161249998,370.88832487309645
1777186389,200,,Aggregated,9.200000,0.000000,33000,35000,35000,36000,37000,38000,38000,40000,41000,41000,41000,394,0,36000,35164.35310139594,726.9345840031747,63376.7161249998,370.88832487309645
1777186390,200,GET,trips_per_route,9.200000,0.000000,33000,35000,36000,36000,37000,38000,39000,40000,41000,41000,41000,405,0,36000,35136.99536314815,726.9345840031747,63376.7161249998,370.8913580246914
1777186390,200,,Aggregated,9.200000,0.000000,33000,35000,36000,36000,37000,38000,39000,40000,41000,41000,41000,405,0,36000,35136.99536314815,726.9345840031747,63376.7161249998,370.8913580246914
1777186391,200,GET,trips_per_route,10.000000,0.000000,34000,35000,36000,36000,38000,39000,40000,40000,41000,41000,41000,415,0,36000,35142.7572329107,726.9345840031747,63376.7161249998,370.889156626506
1777186391,200,,Aggregated,10.000000,0.000000,34000,35000,36000,36000,38000,39000,40000,40000,41000,41000,41000,415,0,36000,35142.7572329107,726.9345840031747,63376.7161249998,370.889156626506
1777186392,200,GET,trips_per_route,10.500000,0.000000,35000,36000,36000,37000,38000,39000,40000,40000,41000,41000,41000,418,0,36000,35168.679182794076,726.9345840031747,63376.7161249998,370.8995215311005
1777186392,200,,Aggregated,10.500000,0.000000,35000,36000,36000,37000,38000,39000,40000,40000,41000,41000,41000,418,0,36000,35168.679182794076,726.9345840031747,63376.7161249998,370.8995215311005
1777186393,200,GET,trips_per_route,11.100000,0.000000,35000,36000,36000,37000,38000,39000,40000,40000,41000,41000,41000,424,0,36000,35170.76947727818,726.9345840031747,63376.7161249998,370.8938679245283
1777186393,200,,Aggregated,11.100000,0.000000,35000,36000,36000,37000,38000,39000,40000,40000,41000,41000,41000,424,0,36000,35170.76947727818,726.9345840031747,63376.7161249998,370.8938679245283
1777186394,200,GET,trips_per_route,11.400000,0.000000,35000,36000,37000,38000,39000,40000,40000,41000,41000,41000,41000,429,0,36000,35170.11932612342,726.9345840031747,63376.7161249998,370.8857808857809
1777186394,200,,Aggregated,11.400000,0.000000,35000,36000,37000,38000,39000,40000,40000,41000,41000,41000,41000,429,0,36000,35170.11932612342,726.9345840031747,63376.7161249998,370.8857808857809
1777186395,200,GET,trips_per_route,11.000000,0.000000,36000,37000,37000,38000,39000,40000,40000,41000,41000,41000,41000,434,0,36000,35164.43766395606,726.9345840031747,63376.7161249998,370.89170506912444
1777186395,200,,Aggregated,11.000000,0.000000,36000,37000,37000,38000,39000,40000,40000,41000,41000,41000,41000,434,0,36000,35164.43766395606,726.9345840031747,63376.7161249998,370.89170506912444
1777186396,200,GET,trips_per_route,11.100000,0.000000,36000,37000,38000,38000,39000,40000,40000,41000,41000,41000,41000,439,0,36000,34999.50905692234,726.9345840031747,63376.7161249998,370.9020501138952
1777186396,200,,Aggregated,11.100000,0.000000,36000,37000,38000,38000,39000,40000,40000,41000,41000,41000,41000,439,0,36000,34999.50905692234,726.9345840031747,63376.7161249998,370.9020501138952
1777186397,200,GET,trips_per_route,9.700000,0.000000,35000,36000,37000,38000,39000,40000,40000,41000,41000,41000,41000,449,0,36000,34424.95431251644,726.9345840031747,63376.7161249998,370.9376391982183
1777186397,200,,Aggregated,9.700000,0.000000,35000,36000,37000,38000,39000,40000,40000,41000,41000,41000,41000,449,0,36000,34424.95431251644,726.9345840031747,63376.7161249998,370.9376391982183
1777186398,200,GET,trips_per_route,8.900000,0.000000,36000,37000,38000,38000,40000,40000,40000,41000,41000,41000,41000,450,0,36000,34414.996505339695,726.9345840031747,63376.7161249998,370.94
1777186398,200,,Aggregated,8.900000,0.000000,36000,37000,38000,38000,40000,40000,40000,41000,41000,41000,41000,450,0,36000,34414.996505339695,726.9345840031747,63376.7161249998,370.94
1777186399,200,GET,trips_per_route,8.600000,0.000000,34000,36000,38000,38000,39000,40000,40000,40000,40000,40000,40000,457,0,36000,34260.43924550077,726.9345840031747,63376.7161249998,370.9387308533917
1777186399,200,,Aggregated,8.600000,0.000000,34000,36000,38000,38000,39000,40000,40000,40000,40000,40000,40000,457,0,36000,34260.43924550077,726.9345840031747,63376.7161249998,370.9387308533917
1777186400,200,GET,trips_per_route,8.700000,0.000000,29000,35000,37000,37000,39000,40000,40000,40000,40000,40000,40000,466,0,35000,34079.09896590526,726.9345840031747,63376.7161249998,370.9570815450644
1777186400,200,,Aggregated,8.700000,0.000000,29000,35000,37000,37000,39000,40000,40000,40000,40000,40000,40000,466,0,35000,34079.09896590526,726.9345840031747,63376.7161249998,370.9570815450644
1777186401,200,GET,trips_per_route,6.800000,0.000000,26000,29000,33000,36000,39000,40000,40000,40000,40000,40000,40000,476,0,35000,33850.37873710476,726.9345840031747,63376.7161249998,370.9852941176471
1777186401,200,,Aggregated,6.800000,0.000000,26000,29000,33000,36000,39000,40000,40000,40000,40000,40000,40000,476,0,35000,33850.37873710476,726.9345840031747,63376.7161249998,370.9852941176471
1777186402,200,GET,trips_per_route,6.300000,0.000000,25000,27000,29000,32000,37000,40000,40000,40000,40000,40000,40000,485,0,35000,33620.855866292455,726.9345840031747,63376.7161249998,370.9896907216495
1777186402,200,,Aggregated,6.300000,0.000000,25000,27000,29000,32000,37000,40000,40000,40000,40000,40000,40000,485,0,35000,33620.855866292455,726.9345840031747,63376.7161249998,370.9896907216495
1777186403,200,GET,trips_per_route,6.100000,0.000000,23000,26000,29000,29000,33000,39000,40000,40000,40000,40000,40000,497,0,35000,33331.15102436979,726.9345840031747,63376.7161249998,371.010060362173
1777186403,200,,Aggregated,6.100000,0.000000,23000,26000,29000,29000,33000,39000,40000,40000,40000,40000,40000,497,0,35000,33331.15102436979,726.9345840031747,63376.7161249998,371.010060362173
1777186404,200,GET,trips_per_route,6.100000,0.000000,23000,26000,27000,29000,30000,34000,39000,40000,40000,40000,40000,509,0,34000,32961.2295375438,726.9345840031747,63376.7161249998,371.0353634577603
1777186404,200,,Aggregated,6.100000,0.000000,23000,26000,27000,29000,30000,34000,39000,40000,40000,40000,40000,509,0,34000,32961.2295375438,726.9345840031747,63376.7161249998,371.0353634577603
1777186405,200,GET,trips_per_route,6.700000,0.000000,22000,25000,27000,27000,29000,30000,32000,33000,33000,33000,33000,517,0,34000,32533.838174295644,726.9345840031747,63376.7161249998,371.0599613152805
1777186405,200,,Aggregated,6.700000,0.000000,22000,25000,27000,27000,29000,30000,32000,33000,33000,33000,33000,517,0,34000,32533.838174295644,726.9345840031747,63376.7161249998,371.0599613152805
1777186406,200,GET,trips_per_route,7.200000,0.000000,22000,25000,27000,27000,29000,31000,32000,33000,33000,33000,33000,530,0,34000,32172.284196120472,726.9345840031747,63376.7161249998,371.09622641509435
1777186406,200,,Aggregated,7.200000,0.000000,22000,25000,27000,27000,29000,31000,32000,33000,33000,33000,33000,530,0,34000,32172.284196120472,726.9345840031747,63376.7161249998,371.09622641509435
1777186408,200,GET,trips_per_route,8.000000,0.000000,22000,25000,27000,27000,29000,31000,33000,33000,33000,33000,33000,548,0,33000,31739.063776129333,463.9037919987459,63376.7161249998,371.1131386861314
1777186408,200,,Aggregated,8.000000,0.000000,22000,25000,27000,27000,29000,31000,33000,33000,33000,33000,33000,548,0,33000,31739.063776129333,463.9037919987459,63376.7161249998,371.1131386861314
1777186409,200,GET,trips_per_route,8.300000,0.000000,22000,25000,27000,28000,29000,30000,32000,33000,33000,33000,33000,571,0,33000,31432.55831367741,463.9037919987459,63376.7161249998,371.1103327495622
1777186409,200,,Aggregated,8.300000,0.000000,22000,25000,27000,28000,29000,30000,32000,33000,33000,33000,33000,571,0,33000,31432.55831367741,463.9037919987459,63376.7161249998,371.1103327495622
1777186410,200,GET,trips_per_route,8.900000,0.000000,22000,25000,27000,27000,29000,30000,32000,33000,33000,33000,33000,584,0,32000,31120.702240628074,408.5021670034621,63376.7161249998,371.1489726027397
1777186410,200,,Aggregated,8.900000,0.000000,22000,25000,27000,27000,29000,30000,32000,33000,33000,33000,33000,584,0,32000,31120.702240628074,408.5021670034621,63376.7161249998,371.1489726027397
1777186411,200,GET,trips_per_route,12.100000,0.000000,22000,25000,26000,27000,29000,30000,32000,33000,33000,33000,33000,607,0,31000,30805.93901247408,408.5021670034621,63376.7161249998,371.1861614497529
1777186411,200,,Aggregated,12.100000,0.000000,22000,25000,26000,27000,29000,30000,32000,33000,33000,33000,33000,607,0,31000,30805.93901247408,408.5021670034621,63376.7161249998,371.1861614497529
1777186412,200,GET,trips_per_route,12.100000,0.000000,23000,25000,27000,27000,29000,30000,32000,33000,33000,33000,33000,620,0,31000,30636.322984393213,408.5021670034621,63376.7161249998,371.21290322580643
1777186412,200,,Aggregated,12.100000,0.000000,23000,25000,27000,27000,29000,30000,32000,33000,33000,33000,33000,620,0,31000,30636.322984393213,408.5021670034621,63376.7161249998,371.21290322580643
1777186413,200,GET,trips_per_route,12.600000,0.000000,23000,24000,26000,27000,28000,29000,31000,32000,33000,33000,33000,638,0,31000,30370.883176965184,408.5021670034621,63376.7161249998,371.2100313479624
1777186413,200,,Aggregated,12.600000,0.000000,23000,24000,26000,27000,28000,29000,31000,32000,33000,33000,33000,638,0,31000,30370.883176965184,408.5021670034621,63376.7161249998,371.2100313479624
1777186414,200,GET,trips_per_route,14.000000,0.000000,23000,24000,25000,27000,28000,29000,31000,32000,33000,33000,33000,648,0,30000,30197.853543638506,408.5021670034621,63376.7161249998,371.2145061728395
1777186414,200,,Aggregated,14.000000,0.000000,23000,24000,25000,27000,28000,29000,31000,32000,33000,33000,33000,648,0,30000,30197.853543638506,408.5021670034621,63376.7161249998,371.2145061728395
1777186415,200,GET,trips_per_route,15.300000,0.000000,23000,24000,25000,26000,28000,29000,30000,31000,33000,33000,33000,664,0,30000,29939.574576032697,408.5021670034621,63376.7161249998,371.22439759036143
1777186415,200,,Aggregated,15.300000,0.000000,23000,24000,25000,26000,28000,29000,30000,31000,33000,33000,33000,664,0,30000,29939.574576032697,408.5021670034621,63376.7161249998,371.22439759036143
1777186416,200,GET,trips_per_route,15.300000,0.000000,23000,24000,25000,26000,27000,29000,30000,30000,33000,33000,33000,673,0,29000,29816.856205153956,408.5021670034621,63376.7161249998,371.2362555720654
1777186416,200,,Aggregated,15.300000,0.000000,23000,24000,25000,26000,27000,29000,30000,30000,33000,33000,33000,673,0,29000,29816.856205153956,408.5021670034621,63376.7161249998,371.2362555720654
1777186417,200,GET,trips_per_route,15.100000,0.000000,23000,24000,25000,25000,27000,29000,30000,30000,30000,30000,30000,677,0,29000,29721.651876268283,408.5021670034621,63376.7161249998,371.22895125553913
1777186417,200,,Aggregated,15.100000,0.000000,23000,24000,25000,25000,27000,29000,30000,30000,30000,30000,30000,677,0,29000,29721.651876268283,408.5021670034621,63376.7161249998,371.22895125553913
1777186418,200,GET,trips_per_route,15.400000,0.000000,22000,24000,24000,25000,26000,27000,29000,29000,30000,30000,30000,682,0,29000,29639.678094797106,408.5021670034621,63376.7161249998,371.23313782991204
1777186418,200,,Aggregated,15.400000,0.000000,22000,24000,24000,25000,26000,27000,29000,29000,30000,30000,30000,682,0,29000,29639.678094797106,408.5021670034621,63376.7161249998,371.23313782991204
1777186419,200,GET,trips_per_route,15.600000,0.000000,22000,24000,24000,25000,26000,27000,28000,29000,29000,29000,29000,686,0,29000,29571.33743176766,408.5021670034621,63376.7161249998,371.2332361516035
1777186419,200,,Aggregated,15.600000,0.000000,22000,24000,24000,25000,26000,27000,28000,29000,29000,29000,29000,686,0,29000,29571.33743176766,408.5021670034621,63376.7161249998,371.2332361516035
1777186420,200,GET,trips_per_route,14.700000,0.000000,21000,23000,24000,24000,26000,26000,27000,29000,29000,29000,29000,693,0,29000,29455.944263446843,408.5021670034621,63376.7161249998,371.24963924963924
1777186420,200,,Aggregated,14.700000,0.000000,21000,23000,24000,24000,26000,26000,27000,29000,29000,29000,29000,693,0,29000,29455.944263446843,408.5021670034621,63376.7161249998,371.24963924963924
1777186421,200,GET,trips_per_route,11.500000,0.000000,19000,22000,24000,24000,25000,26000,27000,29000,29000,29000,29000,699,0,29000,29337.871918730474,408.5021670034621,63376.7161249998,371.2474964234621
1777186421,200,,Aggregated,11.500000,0.000000,19000,22000,24000,24000,25000,26000,27000,29000,29000,29000,29000,699,0,29000,29337.871918730474,408.5021670034621,63376.7161249998,371.2474964234621
1777186422,200,GET,trips_per_route,11.500000,0.000000,19000,20000,24000,24000,25000,26000,26000,27000,27000,27000,27000,705,0,29000,29236.01778053426,408.5021670034621,63376.7161249998,371.26099290780144
1777186422,200,,Aggregated,11.500000,0.000000,19000,20000,24000,24000,25000,26000,26000,27000,27000,27000,27000,705,0,29000,29236.01778053426,408.5021670034621,63376.7161249998,371.26099290780144
1777186423,200,GET,trips_per_route,10.900000,0.000000,18000,20000,24000,24000,25000,26000,26000,26000,26000,26000,26000,712,0,28000,29102.110810665232,408.5021670034621,63376.7161249998,371.2696629213483
1777186423,200,,Aggregated,10.900000,0.000000,18000,20000,24000,24000,25000,26000,26000,26000,26000,26000,26000,712,0,28000,29102.110810665232,408.5021670034621,63376.7161249998,371.2696629213483
1777186424,200,GET,trips_per_route,9.100000,0.000000,17000,19000,20000,23000,24000,26000,26000,26000,26000,26000,26000,718,0,28000,28998.75081480172,408.5021670034621,63376.7161249998,371.2632311977716
1777186424,200,,Aggregated,9.100000,0.000000,17000,19000,20000,23000,24000,26000,26000,26000,26000,26000,26000,718,0,28000,28998.75081480172,408.5021670034621,63376.7161249998,371.2632311977716
1777186425,200,GET,trips_per_route,8.500000,0.000000,17000,19000,20000,21000,24000,26000,26000,26000,26000,26000,26000,728,0,28000,28830.98355578385,408.5021670034621,63376.7161249998,371.27197802197804
1777186425,200,,Aggregated,8.500000,0.000000,17000,19000,20000,21000,24000,26000,26000,26000,26000,26000,26000,728,0,28000,28830.98355578385,408.5021670034621,63376.7161249998,371.27197802197804
1777186426,200,GET,trips_per_route,7.400000,0.000000,18000,19000,20000,21000,24000,25000,26000,26000,26000,26000,26000,740,0,28000,28638.625987254927,408.5021670034621,63376.7161249998,371.2986486486486
1777186426,200,,Aggregated,7.400000,0.000000,18000,19000,20000,21000,24000,25000,26000,26000,26000,26000,26000,740,0,28000,28638.625987254927,408.5021670034621,63376.7161249998,371.2986486486486
1777186427,200,GET,trips_per_route,7.000000,0.000000,17000,19000,20000,21000,24000,25000,26000,26000,26000,26000,26000,753,0,27000,28424.127134111066,408.5021670034621,63376.7161249998,371.3160690571049
1777186427,200,,Aggregated,7.000000,0.000000,17000,19000,20000,21000,24000,25000,26000,26000,26000,26000,26000,753,0,27000,28424.127134111066,408.5021670034621,63376.7161249998,371.3160690571049
1777186428,200,GET,trips_per_route,6.700000,0.000000,17000,20000,21000,22000,24000,25000,26000,26000,26000,26000,26000,765,0,27000,28267.980815287065,408.5021670034621,63376.7161249998,371.3228758169935
1777186428,200,,Aggregated,6.700000,0.000000,17000,20000,21000,22000,24000,25000,26000,26000,26000,26000,26000,765,0,27000,28267.980815287065,408.5021670034621,63376.7161249998,371.3228758169935
1777186429,200,GET,trips_per_route,7.600000,0.000000,18000,20000,21000,21000,24000,24000,26000,26000,26000,26000,26000,781,0,27000,28051.640355350395,408.5021670034621,63376.7161249998,371.33674775928296
1777186429,200,,Aggregated,7.600000,0.000000,18000,20000,21000,21000,24000,24000,26000,26000,26000,26000,26000,781,0,27000,28051.640355350395,408.5021670034621,63376.7161249998,371.33674775928296
1777186430,200,GET,trips_per_route,7.600000,0.000000,19000,21000,21000,22000,24000,24000,25000,26000,26000,26000,26000,803,0,26000,27826.864139460435,408.5021670034621,63376.7161249998,371.36488169364884
1777186430,200,,Aggregated,7.600000,0.000000,19000,21000,21000,22000,24000,24000,25000,26000,26000,26000,26000,803,0,26000,27826.864139460435,408.5021670034621,63376.7161249998,371.36488169364884
1777186431,200,GET,trips_per_route,8.200000,0.000000,19000,21000,21000,22000,23000,24000,25000,25000,26000,26000,26000,820,0,26000,27659.1505757485,408.5021670034621,63376.7161249998,371.37560975609756
1777186431,200,,Aggregated,8.200000,0.000000,19000,21000,21000,22000,23000,24000,25000,25000,26000,26000,26000,820,0,26000,27659.1505757485,408.5021670034621,63376.7161249998,371.37560975609756
1777186432,200,GET,trips_per_route,11.000000,0.000000,20000,21000,21000,22000,23000,24000,25000,25000,26000,26000,26000,835,0,26000,27521.46007458422,408.5021670034621,63376.7161249998,371.3808383233533
1777186432,200,,Aggregated,11.000000,0.000000,20000,21000,21000,22000,23000,24000,25000,25000,26000,26000,26000,835,0,26000,27521.46007458422,408.5021670034621,63376.7161249998,371.3808383233533
1777186433,200,GET,trips_per_route,12.300000,0.000000,20000,21000,22000,22000,23000,24000,25000,25000,26000,26000,26000,854,0,25000,27373.369234860398,408.5021670034621,63376.7161249998,371.384074941452
1777186433,200,,Aggregated,12.300000,0.000000,20000,21000,22000,22000,23000,24000,25000,25000,26000,26000,26000,854,0,25000,27373.369234860398,408.5021670034621,63376.7161249998,371.384074941452
1777186434,200,GET,trips_per_route,12.800000,0.000000,20000,21000,22000,22000,23000,24000,25000,25000,26000,26000,26000,865,0,25000,27262.012718292215,408.5021670034621,63376.7161249998,371.39537572254335
1777186434,200,,Aggregated,12.800000,0.000000,20000,21000,22000,22000,23000,24000,25000,25000,26000,26000,26000,865,0,25000,27262.012718292215,408.5021670034621,63376.7161249998,371.39537572254335
1777186435,200,GET,trips_per_route,12.800000,0.000000,20000,21000,22000,22000,23000,24000,24000,25000,26000,26000,26000,878,0,25000,27155.338920310674,408.5021670034621,63376.7161249998,371.3997722095672
1777186435,200,,Aggregated,12.800000,0.000000,20000,21000,22000,22000,23000,24000,24000,25000,26000,26000,26000,878,0,25000,27155.338920310674,408.5021670034621,63376.7161249998,371.3997722095672
1777186436,200,GET,trips_per_route,14.100000,0.000000,21000,21000,22000,22000,23000,24000,24000,24000,26000,26000,26000,889,0,25000,27056.28289073425,408.5021670034621,63376.7161249998,371.3948256467942
1777186436,200,,Aggregated,14.100000,0.000000,21000,21000,22000,22000,23000,24000,24000,24000,26000,26000,26000,889,0,25000,27056.28289073425,408.5021670034621,63376.7161249998,371.3948256467942
1777186437,200,GET,trips_per_route,14.600000,0.000000,20000,21000,22000,22000,22000,23000,24000,24000,24000,24000,24000,898,0,24000,26927.657497947348,408.5021670034621,63376.7161249998,371.4086859688196
1777186437,200,,Aggregated,14.600000,0.000000,20000,21000,22000,22000,22000,23000,24000,24000,24000,24000,24000,898,0,24000,26927.657497947348,408.5021670034621,63376.7161249998,371.4086859688196
1777186438,200,GET,trips_per_route,15.000000,0.000000,20000,21000,22000,22000,22000,23000,24000,24000,24000,24000,24000,905,0,24000,26844.204551968727,408.5021670034621,63376.7161249998,371.41988950276243
1777186438,200,,Aggregated,15.000000,0.000000,20000,21000,22000,22000,22000,23000,24000,24000,24000,24000,24000,905,0,24000,26844.204551968727,408.5021670034621,63376.7161249998,371.41988950276243
1777186439,200,GET,trips_per_route,14.500000,0.000000,20000,21000,22000,22000,22000,23000,24000,24000,24000,24000,24000,915,0,24000,26727.335130453295,408.5021670034621,63376.7161249998,371.4327868852459
1777186439,200,,Aggregated,14.500000,0.000000,20000,21000,22000,22000,22000,23000,24000,24000,24000,24000,24000,915,0,24000,26727.335130453295,408.5021670034621,63376.7161249998,371.4327868852459
1777186440,200,GET,trips_per_route,14.500000,0.000000,19000,21000,21000,22000,22000,23000,24000,24000,24000,24000,24000,921,0,24000,26661.177209813024,408.5021670034621,63376.7161249998,371.4343105320304
1777186440,200,,Aggregated,14.500000,0.000000,19000,21000,21000,22000,22000,23000,24000,24000,24000,24000,24000,921,0,24000,26661.177209813024,408.5021670034621,63376.7161249998,371.4343105320304
1777186441,200,GET,trips_per_route,13.400000,0.000000,19000,21000,21000,22000,22000,23000,24000,24000,24000,24000,24000,930,0,24000,26562.34422946535,408.5021670034621,63376.7161249998,371.4483870967742
1777186441,200,,Aggregated,13.400000,0.000000,19000,21000,21000,22000,22000,23000,24000,24000,24000,24000,24000,930,0,24000,26562.34422946535,408.5021670034621,63376.7161249998,371.4483870967742
1777186442,200,GET,trips_per_route,11.800000,0.000000,16000,19000,20000,21000,22000,22000,22000,23000,23000,23000,23000,948,0,24000,26339.10156125924,408.5021670034621,63376.7161249998,371.46940928270044
1777186442,200,,Aggregated,11.800000,0.000000,16000,19000,20000,21000,22000,22000,22000,23000,23000,23000,23000,948,0,24000,26339.10156125924,408.5021670034621,63376.7161249998,371.46940928270044
1777186443,200,GET,trips_per_route,11.800000,0.000000,16000,18000,19000,20000,21000,22000,22000,23000,23000,23000,23000,951,0,24000,26303.911730450865,408.5021670034621,63376.7161249998,371.47423764458466
1777186443,200,,Aggregated,11.800000,0.000000,16000,18000,19000,20000,21000,22000,22000,23000,23000,23000,23000,951,0,24000,26303.911730450865,408.5021670034621,63376.7161249998,371.47423764458466
1777186444,200,GET,trips_per_route,11.300000,0.000000,16000,17000,18000,18000,20000,21000,22000,22000,22000,22000,22000,958,0,23000,26227.61144601544,408.5021670034621,63376.7161249998,371.48329853862214
1777186444,200,,Aggregated,11.300000,0.000000,16000,17000,18000,18000,20000,21000,22000,22000,22000,22000,22000,958,0,23000,26227.61144601544,408.5021670034621,63376.7161249998,371.48329853862214
1777186445,200,GET,trips_per_route,11.300000,0.000000,16000,17000,17000,18000,19000,19000,19000,20000,20000,20000,20000,965,0,23000,26159.124323608,408.5021670034621,63376.7161249998,371.47875647668394
1777186445,200,,Aggregated,11.300000,0.000000,16000,17000,17000,18000,19000,19000,19000,20000,20000,20000,20000,965,0,23000,26159.124323608,408.5021670034621,63376.7161249998,371.47875647668394
1777186446,200,GET,trips_per_route,9.200000,0.000000,16000,16000,17000,18000,19000,19000,20000,20000,20000,20000,20000,987,0,23000,25900.70805584262,408.5021670034621,63376.7161249998,371.50253292806485
1777186446,200,,Aggregated,9.200000,0.000000,16000,16000,17000,18000,19000,19000,20000,20000,20000,20000,20000,987,0,23000,25900.70805584262,408.5021670034621,63376.7161249998,371.50253292806485
1777186447,200,GET,trips_per_route,8.700000,0.000000,16000,16000,17000,18000,19000,19000,20000,20000,20000,20000,20000,995,0,23000,25827.590089692123,408.5021670034621,63376.7161249998,371.5065326633166
1777186447,200,,Aggregated,8.700000,0.000000,16000,16000,17000,18000,19000,19000,20000,20000,20000,20000,20000,995,0,23000,25827.590089692123,408.5021670034621,63376.7161249998,371.5065326633166
1777186448,200,GET,trips_per_route,9.600000,0.000000,16000,17000,18000,18000,19000,19000,20000,20000,20000,20000,20000,1008,0,23000,25702.563916079038,408.5021670034621,63376.7161249998,371.5138888888889
1777186448,200,,Aggregated,9.600000,0.000000,16000,17000,18000,18000,19000,19000,20000,20000,20000,20000,20000,1008,0,23000,25702.563916079038,408.5021670034621,63376.7161249998,371.5138888888889
1777186449,200,GET,trips_per_route,9.600000,0.000000,16000,18000,18000,18000,19000,20000,20000,20000,20000,20000,20000,1018,0,23000,25637.283799640194,408.5021670034621,63376.7161249998,371.524557956778
1777186449,200,,Aggregated,9.600000,0.000000,16000,18000,18000,18000,19000,20000,20000,20000,20000,20000,20000,1018,0,23000,25637.283799640194,408.5021670034621,63376.7161249998,371.524557956778
1777186450,200,GET,trips_per_route,10.200000,0.000000,17000,18000,18000,19000,19000,20000,20000,20000,22000,22000,22000,1031,0,23000,25545.6836120637,408.5021670034621,63376.7161249998,371.52958292919493
1777186450,200,,Aggregated,10.200000,0.000000,17000,18000,18000,19000,19000,20000,20000,20000,22000,22000,22000,1031,0,23000,25545.6836120637,408.5021670034621,63376.7161249998,371.52958292919493
1777186451,200,GET,trips_per_route,10.300000,0.000000,17000,18000,19000,19000,20000,20000,21000,21000,22000,22000,22000,1049,0,22000,25425.808271048278,408.5021670034621,63376.7161249998,371.5309818875119
1777186451,200,,Aggregated,10.300000,0.000000,17000,18000,19000,19000,20000,20000,21000,21000,22000,22000,22000,1049,0,22000,25425.808271048278,408.5021670034621,63376.7161249998,371.5309818875119
1777186452,200,GET,trips_per_route,10.900000,0.000000,18000,18000,19000,19000,20000,21000,21000,21000,22000,22000,22000,1063,0,22000,25323.805136481402,408.5021670034621,63376.7161249998,371.53715898400753
1777186452,200,,Aggregated,10.900000,0.000000,18000,18000,19000,19000,20000,21000,21000,21000,22000,22000,22000,1063,0,22000,25323.805136481402,408.5021670034621,63376.7161249998,371.53715898400753
1777186453,200,GET,trips_per_route,11.900000,0.000000,18000,19000,19000,19000,20000,21000,21000,21000,22000,22000,22000,1072,0,22000,25268.24894359864,408.5021670034621,63376.7161249998,371.5475746268657
1777186453,200,,Aggregated,11.900000,0.000000,18000,19000,19000,19000,20000,21000,21000,21000,22000,22000,22000,1072,0,22000,25268.24894359864,408.5021670034621,63376.7161249998,371.5475746268657
1777186454,200,GET,trips_per_route,11.300000,0.000000,18000,19000,19000,20000,20000,21000,21000,21000,22000,22000,22000,1085,0,22000,25185.226145962002,408.5021670034621,63376.7161249998,371.5548387096774
1777186454,200,,Aggregated,11.300000,0.000000,18000,19000,19000,20000,20000,21000,21000,21000,22000,22000,22000,1085,0,22000,25185.226145962002,408.5021670034621,63376.7161249998,371.5548387096774
1777186455,200,GET,trips_per_route,11.900000,0.000000,19000,19000,20000,20000,21000,21000,21000,21000,22000,22000,22000,1097,0,22000,25107.664395617892,408.5021670034621,63376.7161249998,371.55515041020965
1777186455,200,,Aggregated,11.900000,0.000000,19000,19000,20000,20000,21000,21000,21000,21000,22000,22000,22000,1097,0,22000,25107.664395617892,408.5021670034621,63376.7161249998,371.55515041020965
1777186456,200,GET,trips_per_route,12.600000,0.000000,19000,19000,20000,20000,21000,21000,21000,21000,22000,22000,22000,1105,0,22000,25058.60562736994,408.5021670034621,63376.7161249998,371.56199095022623
1777186456,200,,Aggregated,12.600000,0.000000,19000,19000,20000,20000,21000,21000,21000,21000,22000,22000,22000,1105,0,22000,25058.60562736994,408.5021670034621,63376.7161249998,371.56199095022623
1777186457,200,GET,trips_per_route,13.000000,0.000000,19000,19000,20000,20000,21000,21000,21000,21000,22000,22000,22000,1115,0,22000,24973.928801189933,408.5021670034621,63376.7161249998,371.56681614349776
1777186457,200,,Aggregated,13.000000,0.000000,19000,19000,20000,20000,21000,21000,21000,21000,22000,22000,22000,1115,0,22000,24973.928801189933,408.5021670034621,63376.7161249998,371.56681614349776
1777186458,200,GET,trips_per_route,11.900000,0.000000,18000,19000,20000,20000,21000,21000,21000,21000,22000,22000,22000,1129,0,22000,24805.9658165737,408.5021670034621,63376.7161249998,371.57573073516386
1777186458,200,,Aggregated,11.900000,0.000000,18000,19000,20000,20000,21000,21000,21000,21000,22000,22000,22000,1129,0,22000,24805.9658165737,408.5021670034621,63376.7161249998,371.57573073516386
1777186459,200,GET,trips_per_route,11.800000,0.000000,18000,19000,20000,20000,21000,21000,21000,21000,21000,21000,21000,1137,0,22000,24740.361561047175,408.5021670034621,63376.7161249998,371.5795954265611
1777186459,200,,Aggregated,11.800000,0.000000,18000,19000,20000,20000,21000,21000,21000,21000,21000,21000,21000,1137,0,22000,24740.361561047175,408.5021670034621,63376.7161249998,371.5795954265611
1777186460,200,GET,trips_per_route,12.000000,0.000000,18000,19000,20000,20000,21000,21000,21000,21000,21000,21000,21000,1146,0,21000,24682.139702183813,408.5021670034621,63376.7161249998,371.58464223385687
1777186460,200,,Aggregated,12.000000,0.000000,18000,19000,20000,20000,21000,21000,21000,21000,21000,21000,21000,1146,0,21000,24682.139702183813,408.5021670034621,63376.7161249998,371.58464223385687
1777186461,200,GET,trips_per_route,11.800000,0.000000,18000,19000,19000,20000,21000,21000,21000,21000,21000,21000,21000,1161,0,21000,24591.83419809878,408.5021670034621,63376.7161249998,371.5951765719208
1777186461,200,,Aggregated,11.800000,0.000000,18000,19000,19000,20000,21000,21000,21000,21000,21000,21000,21000,1161,0,21000,24591.83419809878,408.5021670034621,63376.7161249998,371.5951765719208
1777186462,200,GET,trips_per_route,11.500000,0.000000,18000,19000,20000,20000,21000,21000,21000,21000,21000,21000,21000,1172,0,21000,24524.05678270364,408.5021670034621,63376.7161249998,371.60494880546077
1777186462,200,,Aggregated,11.500000,0.000000,18000,19000,20000,20000,21000,21000,21000,21000,21000,21000,21000,1172,0,21000,24524.05678270364,408.5021670034621,63376.7161249998,371.60494880546077
1777186463,200,GET,trips_per_route,11.100000,0.000000,18000,19000,19000,20000,21000,21000,21000,21000,23000,23000,23000,1183,0,21000,24461.27197234627,408.5021670034621,63376.7161249998,371.6111580726965
1777186463,200,,Aggregated,11.100000,0.000000,18000,19000,19000,20000,21000,21000,21000,21000,23000,23000,23000,1183,0,21000,24461.27197234627,408.5021670034621,63376.7161249998,371.6111580726965
1777186464,200,GET,trips_per_route,11.200000,0.000000,18000,19000,19000,20000,21000,21000,22000,22000,23000,23000,23000,1203,0,21000,24362.15375955417,408.5021670034621,63376.7161249998,371.6034912718205
1777186464,200,,Aggregated,11.200000,0.000000,18000,19000,19000,20000,21000,21000,22000,22000,23000,23000,23000,1203,0,21000,24362.15375955417,408.5021670034621,63376.7161249998,371.6034912718205
1777186465,200,GET,trips_per_route,11.100000,0.000000,18000,19000,19000,20000,21000,22000,22000,23000,23000,23000,23000,1217,0,21000,24277.888329597055,408.5021670034621,63376.7161249998,371.6096959737058
1777186465,200,,Aggregated,11.100000,0.000000,18000,19000,19000,20000,21000,22000,22000,23000,23000,23000,23000,1217,0,21000,24277.888329597055,408.5021670034621,63376.7161249998,371.6096959737058
1777186466,200,GET,trips_per_route,11.600000,0.000000,17000,19000,19000,20000,21000,22000,22000,23000,23000,23000,23000,1225,0,21000,24222.324239111476,408.5021670034621,63376.7161249998,371.6187755102041
1777186466,200,,Aggregated,11.600000,0.000000,17000,19000,19000,20000,21000,22000,22000,23000,23000,23000,23000,1225,0,21000,24222.324239111476,408.5021670034621,63376.7161249998,371.6187755102041
1777186467,200,GET,trips_per_route,12.100000,0.000000,17000,19000,19000,20000,21000,22000,22000,23000,23000,23000,23000,1231,0,21000,24177.443875706373,408.5021670034621,63376.7161249998,371.625507717303
1777186467,200,,Aggregated,12.100000,0.000000,17000,19000,19000,20000,21000,22000,22000,23000,23000,23000,23000,1231,0,21000,24177.443875706373,408.5021670034621,63376.7161249998,371.625507717303
1777186468,200,GET,trips_per_route,12.000000,0.000000,17000,19000,19000,20000,21000,22000,22000,23000,23000,23000,23000,1240,0,21000,24129.556334840803,408.5021670034621,63376.7161249998,371.6306451612903
1777186468,200,,Aggregated,12.000000,0.000000,17000,19000,19000,20000,21000,22000,22000,23000,23000,23000,23000,1240,0,21000,24129.556334840803,408.5021670034621,63376.7161249998,371.6306451612903
1777186469,200,GET,trips_per_route,11.700000,0.000000,17000,19000,20000,20000,21000,22000,23000,23000,23000,23000,23000,1245,0,21000,24108.103014922563,408.5021670034621,63376.7161249998,371.63453815261045
1777186469,200,,Aggregated,11.700000,0.000000,17000,19000,20000,20000,21000,22000,23000,23000,23000,23000,23000,1245,0,21000,24108.103014922563,408.5021670034621,63376.7161249998,371.63453815261045
1777186470,200,GET,trips_per_route,10.900000,0.000000,18000,19000,19000,20000,21000,22000,22000,23000,23000,23000,23000,1262,0,21000,24024.065216617764,408.5021670034621,63376.7161249998,371.65293185419966
1777186470,200,,Aggregated,10.900000,0.000000,18000,19000,19000,20000,21000,22000,22000,23000,23000,23000,23000,1262,0,21000,24024.065216617764,408.5021670034621,63376.7161249998,371.65293185419966
1777186471,200,GET,trips_per_route,10.900000,0.000000,18000,19000,19000,20000,21000,22000,22000,23000,23000,23000,23000,1275,0,21000,23951.627390064023,408.5021670034621,63376.7161249998,371.66196078431375
1777186471,200,,Aggregated,10.900000,0.000000,18000,19000,19000,20000,21000,22000,22000,23000,23000,23000,23000,1275,0,21000,23951.627390064023,408.5021670034621,63376.7161249998,371.66196078431375
1777186472,200,GET,trips_per_route,11.400000,0.000000,18000,19000,19000,19000,21000,22000,22000,22000,23000,23000,23000,1290,0,21000,23874.14092312527,408.5021670034621,63376.7161249998,371.6744186046512
1777186472,200,,Aggregated,11.400000,0.000000,18000,19000,19000,19000,21000,22000,22000,22000,23000,23000,23000,1290,0,21000,23874.14092312527,408.5021670034621,63376.7161249998,371.6744186046512
1777186473,200,GET,trips_per_route,11.100000,0.000000,18000,19000,19000,19000,20000,21000,22000,23000,23000,23000,23000,1298,0,21000,23839.563880776244,408.5021670034621,63376.7161249998,371.6795069337442
1777186473,200,,Aggregated,11.100000,0.000000,18000,19000,19000,19000,20000,21000,22000,23000,23000,23000,23000,1298,0,21000,23839.563880776244,408.5021670034621,63376.7161249998,371.6795069337442
1777186474,200,GET,trips_per_route,11.600000,0.000000,18000,19000,19000,20000,20000,21000,22000,22000,22000,22000,22000,1310,0,21000,23780.86439761415,408.5021670034621,63376.7161249998,371.6832061068702
1777186474,200,,Aggregated,11.600000,0.000000,18000,19000,19000,20000,20000,21000,22000,22000,22000,22000,22000,1310,0,21000,23780.86439761415,408.5021670034621,63376.7161249998,371.6832061068702
1777186475,200,GET,trips_per_route,11.300000,0.000000,18000,19000,19000,20000,20000,21000,21000,22000,22000,22000,22000,1325,0,20000,23713.59280289475,408.5021670034621,63376.7161249998,371.69056603773583
1777186475,200,,Aggregated,11.300000,0.000000,18000,19000,19000,20000,20000,21000,21000,22000,22000,22000,22000,1325,0,20000,23713.59280289475,408.5021670034621,63376.7161249998,371.69056603773583
1777186476,200,GET,trips_per_route,11.000000,0.000000,18000,19000,20000,20000,20000,21000,22000,22000,22000,22000,22000,1333,0,20000,23677.54903626005,408.5021670034621,63376.7161249998,371.6969242310578
1777186476,200,,Aggregated,11.000000,0.000000,18000,19000,20000,20000,20000,21000,22000,22000,22000,22000,22000,1333,0,20000,23677.54903626005,408.5021670034621,63376.7161249998,371.6969242310578
1777186477,200,GET,trips_per_route,10.300000,0.000000,18000,19000,20000,20000,20000,21000,21000,22000,22000,22000,22000,1340,0,20000,23640.44464990641,408.5021670034621,63376.7161249998,371.6992537313433
1777186477,200,,Aggregated,10.300000,0.000000,18000,19000,20000,20000,20000,21000,21000,22000,22000,22000,22000,1340,0,20000,23640.44464990641,408.5021670034621,63376.7161249998,371.6992537313433
1777186478,200,GET,trips_per_route,10.800000,0.000000,18000,19000,19000,20000,20000,21000,21000,22000,22000,22000,22000,1351,0,20000,23584.835203121784,408.5021670034621,63376.7161249998,371.7083641746854
1777186478,200,,Aggregated,10.800000,0.000000,18000,19000,19000,20000,20000,21000,21000,22000,22000,22000,22000,1351,0,20000,23584.835203121784,408.5021670034621,63376.7161249998,371.7083641746854
1777186479,200,GET,trips_per_route,10.900000,0.000000,18000,19000,19000,20000,20000,21000,21000,22000,22000,22000,22000,1364,0,20000,23525.254786169797,408.5021670034621,63376.7161249998,371.71774193548384
1777186479,200,,Aggregated,10.900000,0.000000,18000,19000,19000,20000,20000,21000,21000,22000,22000,22000,22000,1364,0,20000,23525.254786169797,408.5021670034621,63376.7161249998,371.71774193548384
1777186480,200,GET,trips_per_route,11.400000,0.000000,18000,19000,19000,20000,20000,21000,21000,22000,22000,22000,22000,1381,0,20000,23452.10883179619,408.5021670034621,63376.7161249998,371.72266473569874
1777186480,200,,Aggregated,11.400000,0.000000,18000,19000,19000,20000,20000,21000,21000,22000,22000,22000,22000,1381,0,20000,23452.10883179619,408.5021670034621,63376.7161249998,371.72266473569874
1777186481,200,GET,trips_per_route,11.600000,0.000000,18000,19000,19000,19000,20000,21000,21000,22000,22000,22000,22000,1397,0,20000,23377.87097474052,408.5021670034621,63376.7161249998,371.7344309234073
1777186481,200,,Aggregated,11.600000,0.000000,18000,19000,19000,19000,20000,21000,21000,22000,22000,22000,22000,1397,0,20000,23377.87097474052,408.5021670034621,63376.7161249998,371.7344309234073
1777186482,200,GET,trips_per_route,11.600000,0.000000,18000,19000,19000,19000,20000,21000,21000,22000,22000,22000,22000,1410,0,20000,23316.446500594688,408.5021670034621,63376.7161249998,371.74042553191487
1777186482,200,,Aggregated,11.600000,0.000000,18000,19000,19000,19000,20000,21000,21000,22000,22000,22000,22000,1410,0,20000,23316.446500594688,408.5021670034621,63376.7161249998,371.74042553191487
1777186483,200,GET,trips_per_route,12.400000,0.000000,18000,18000,19000,19000,20000,21000,21000,22000,22000,22000,22000,1423,0,20000,23268.075157446623,408.5021670034621,63376.7161249998,371.7512297962052
1777186483,200,,Aggregated,12.400000,0.000000,18000,18000,19000,19000,20000,21000,21000,22000,22000,22000,22000,1423,0,20000,23268.075157446623,408.5021670034621,63376.7161249998,371.7512297962052
1777186484,200,GET,trips_per_route,11.800000,0.000000,18000,19000,19000,19000,20000,21000,21000,22000,22000,22000,22000,1433,0,20000,23229.978806352097,408.5021670034621,63376.7161249998,371.7480809490579
1777186484,200,,Aggregated,11.800000,0.000000,18000,19000,19000,19000,20000,21000,21000,22000,22000,22000,22000,1433,0,20000,23229.978806352097,408.5021670034621,63376.7161249998,371.7480809490579
1777186485,200,GET,trips_per_route,12.600000,0.000000,17000,18000,19000,19000,20000,20000,21000,21000,22000,22000,22000,1440,0,20000,23193.544930789965,408.5021670034621,63376.7161249998,371.7451388888889
1777186485,200,,Aggregated,12.600000,0.000000,17000,18000,19000,19000,20000,20000,21000,21000,22000,22000,22000,1440,0,20000,23193.544930789965,408.5021670034621,63376.7161249998,371.7451388888889
1777186486,200,GET,trips_per_route,12.300000,0.000000,17000,18000,19000,19000,20000,20000,21000,22000,23000,23000,23000,1450,0,20000,23150.147506323792,408.5021670034621,63376.7161249998,371.74758620689653
1777186486,200,,Aggregated,12.300000,0.000000,17000,18000,19000,19000,20000,20000,21000,22000,23000,23000,23000,1450,0,20000,23150.147506323792,408.5021670034621,63376.7161249998,371.74758620689653
1777186487,200,GET,trips_per_route,12.000000,0.000000,17000,18000,19000,19000,20000,20000,21000,22000,23000,23000,23000,1459,0,20000,23106.320740720712,408.5021670034621,63376.7161249998,371.754626456477
1777186487,200,,Aggregated,12.000000,0.000000,17000,18000,19000,19000,20000,20000,21000,22000,23000,23000,23000,1459,0,20000,23106.320740720712,408.5021670034621,63376.7161249998,371.754626456477
1777186488,200,GET,trips_per_route,11.600000,0.000000,17000,18000,18000,19000,20000,20000,21000,22000,23000,23000,23000,1475,0,20000,23039.924990454623,408.5021670034621,63376.7161249998,371.7613559322034
1777186488,200,,Aggregated,11.600000,0.000000,17000,18000,18000,19000,20000,20000,21000,22000,23000,23000,23000,1475,0,20000,23039.924990454623,408.5021670034621,63376.7161249998,371.7613559322034
1777186489,200,GET,trips_per_route,11.600000,0.000000,17000,17000,18000,18000,20000,20000,21000,22000,23000,23000,23000,1490,0,20000,22973.552823686307,408.5021670034621,63376.7161249998,371.7718120805369
1777186489,200,,Aggregated,11.600000,0.000000,17000,17000,18000,18000,20000,20000,21000,22000,23000,23000,23000,1490,0,20000,22973.552823686307,408.5021670034621,63376.7161249998,371.7718120805369
1777186490,200,GET,trips_per_route,11.900000,0.000000,17000,17000,18000,18000,20000,20000,21000,22000,23000,23000,23000,1502,0,20000,22917.788423684808,408.5021670034621,63376.7161249998,371.7762982689747
1777186490,200,,Aggregated,11.900000,0.000000,17000,17000,18000,18000,20000,20000,21000,22000,23000,23000,23000,1502,0,20000,22917.788423684808,408.5021670034621,63376.7161249998,371.7762982689747
1777186491,200,GET,trips_per_route,13.000000,0.000000,17000,17000,18000,18000,20000,20000,21000,22000,23000,23000,23000,1509,0,20000,22887.767018278708,408.5021670034621,63376.7161249998,371.77601060304835
1777186491,200,,Aggregated,13.000000,0.000000,17000,17000,18000,18000,20000,20000,21000,22000,23000,23000,23000,1509,0,20000,22887.767018278708,408.5021670034621,63376.7161249998,371.77601060304835
1777186492,200,GET,trips_per_route,12.500000,0.000000,16000,17000,18000,18000,19000,20000,20000,23000,23000,23000,23000,1518,0,20000,22853.005881532637,408.5021670034621,63376.7161249998,371.7799736495389
1777186492,200,,Aggregated,12.500000,0.000000,16000,17000,18000,18000,19000,20000,20000,23000,23000,23000,23000,1518,0,20000,22853.005881532637,408.5021670034621,63376.7161249998,371.7799736495389
1777186493,200,GET,trips_per_route,11.300000,0.000000,16000,17000,17000,18000,19000,20000,20000,20000,23000,23000,23000,1532,0,20000,22790.14384706821,408.5021670034621,63376.7161249998,371.7780678851175
1777186493,200,,Aggregated,11.300000,0.000000,16000,17000,17000,18000,19000,20000,20000,20000,23000,23000,23000,1532,0,20000,22790.14384706821,408.5021670034621,63376.7161249998,371.7780678851175
1777186494,200,GET,trips_per_route,11.000000,0.000000,16000,17000,18000,18000,19000,20000,20000,20000,23000,23000,23000,1545,0,20000,22738.87293007151,408.5021670034621,63376.7161249998,371.7754045307443
1777186494,200,,Aggregated,11.000000,0.000000,16000,17000,18000,18000,19000,20000,20000,20000,23000,23000,23000,1545,0,20000,22738.87293007151,408.5021670034621,63376.7161249998,371.7754045307443
1777186495,200,GET,trips_per_route,11.000000,0.000000,16000,17000,18000,18000,19000,20000,20000,20000,20000,20000,20000,1546,0,20000,22736.623255742234,408.5021670034621,63376.7161249998,371.77231565329885
1777186495,200,,Aggregated,11.000000,0.000000,16000,17000,18000,18000,19000,20000,20000,20000,20000,20000,20000,1546,0,20000,22736.623255742234,408.5021670034621,63376.7161249998,371.77231565329885
1777186496,200,GET,trips_per_route,11.100000,0.000000,16000,17000,18000,18000,19000,20000,20000,20000,20000,20000,20000,1562,0,19000,22670.14598858547,408.5021670034621,63376.7161249998,371.78040973111393
1777186496,200,,Aggregated,11.100000,0.000000,16000,17000,18000,18000,19000,20000,20000,20000,20000,20000,20000,1562,0,19000,22670.14598858547,408.5021670034621,63376.7161249998,371.78040973111393
1777186497,200,GET,trips_per_route,10.700000,0.000000,17000,18000,18000,19000,19000,20000,20000,20000,21000,21000,21000,1572,0,19000,22639.608132981237,408.5021670034621,63376.7161249998,371.779262086514
1777186497,200,,Aggregated,10.700000,0.000000,17000,18000,18000,19000,19000,20000,20000,20000,21000,21000,21000,1572,0,19000,22639.608132981237,408.5021670034621,63376.7161249998,371.779262086514
1777186498,200,GET,trips_per_route,11.100000,0.000000,17000,18000,18000,19000,19000,20000,20000,21000,21000,21000,21000,1581,0,19000,22576.277048705575,264.2747499921825,63376.7161249998,371.7805186590765
1777186498,200,,Aggregated,11.100000,0.000000,17000,18000,18000,19000,19000,20000,20000,21000,21000,21000,21000,1581,0,19000,22576.277048705575,264.2747499921825,63376.7161249998,371.7805186590765
1777186499,200,GET,trips_per_route,11.200000,0.000000,17000,18000,19000,19000,19000,20000,20000,21000,21000,21000,21000,1596,0,19000,22503.36533999339,264.2747499921825,63376.7161249998,371.7894736842105
1777186499,200,,Aggregated,11.200000,0.000000,17000,18000,19000,19000,19000,20000,20000,21000,21000,21000,21000,1596,0,19000,22503.36533999339,264.2747499921825,63376.7161249998,371.7894736842105
1777186500,200,GET,trips_per_route,10.800000,0.000000,17000,18000,19000,19000,20000,20000,20000,20000,21000,21000,21000,1609,0,19000,22468.48771708786,264.2747499921825,63376.7161249998,371.79241765071475
1777186500,200,,Aggregated,10.800000,0.000000,17000,18000,19000,19000,20000,20000,20000,20000,21000,21000,21000,1609,0,19000,22468.48771708786,264.2747499921825,63376.7161249998,371.79241765071475
1777186501,200,GET,trips_per_route,9.400000,0.000000,18000,18000,19000,19000,20000,20000,21000,21000,21000,21000,21000,1622,0,19000,22428.763287172293,264.2747499921825,63376.7161249998,371.79469790382245
1777186501,200,,Aggregated,9.400000,0.000000,18000,18000,19000,19000,20000,20000,21000,21000,21000,21000,21000,1622,0,19000,22428.763287172293,264.2747499921825,63376.7161249998,371.79469790382245
1777186502,200,GET,trips_per_route,10.500000,0.000000,18000,19000,19000,19000,20000,21000,21000,21000,21000,21000,21000,1629,0,19000,22401.731702092973,264.2747499921825,63376.7161249998,371.7998772252916
1777186502,200,,Aggregated,10.500000,0.000000,18000,19000,19000,19000,20000,21000,21000,21000,21000,21000,21000,1629,0,19000,22401.731702092973,264.2747499921825,63376.7161249998,371.7998772252916
1777186503,200,GET,trips_per_route,11.000000,0.000000,18000,19000,19000,20000,21000,21000,21000,22000,22000,22000,22000,1641,0,19000,22334.24527638237,264.2747499921825,63376.7161249998,371.8013406459476
1777186503,200,,Aggregated,11.000000,0.000000,18000,19000,19000,20000,21000,21000,21000,22000,22000,22000,22000,1641,0,19000,22334.24527638237,264.2747499921825,63376.7161249998,371.8013406459476
1777186504,200,GET,trips_per_route,11.100000,0.000000,17000,19000,19000,20000,21000,21000,22000,22000,22000,22000,22000,1653,0,19000,22250.24128027254,264.2747499921825,63376.7161249998,371.80943738656987
1777186504,200,,Aggregated,11.100000,0.000000,17000,19000,19000,20000,21000,21000,22000,22000,22000,22000,22000,1653,0,19000,22250.24128027254,264.2747499921825,63376.7161249998,371.80943738656987
1777186505,200,GET,trips_per_route,10.800000,0.000000,18000,19000,20000,21000,21000,22000,23000,24000,24000,24000,24000,1668,0,19000,22215.203375898986,264.2747499921825,63376.7161249998,371.8075539568345
1777186505,200,,Aggregated,10.800000,0.000000,18000,19000,20000,21000,21000,22000,23000,24000,24000,24000,24000,1668,0,19000,22215.203375898986,264.2747499921825,63376.7161249998,371.8075539568345
1777186506,200,GET,trips_per_route,10.800000,0.000000,18000,19000,20000,21000,22000,22000,23000,24000,24000,24000,24000,1679,0,19000,22186.47890428202,264.2747499921825,63376.7161249998,371.8070279928529
1777186506,200,,Aggregated,10.800000,0.000000,18000,19000,20000,21000,22000,22000,23000,24000,24000,24000,24000,1679,0,19000,22186.47890428202,264.2747499921825,63376.7161249998,371.8070279928529
1777186507,200,GET,trips_per_route,11.400000,0.000000,18000,20000,20000,21000,22000,22000,23000,24000,24000,24000,24000,1691,0,19000,22143.572929871974,264.2747499921825,63376.7161249998,371.8131283264341
1777186507,200,,Aggregated,11.400000,0.000000,18000,20000,20000,21000,22000,22000,23000,24000,24000,24000,24000,1691,0,19000,22143.572929871974,264.2747499921825,63376.7161249998,371.8131283264341
1777186508,200,GET,trips_per_route,11.300000,0.000000,19000,20000,21000,21000,22000,22000,23000,24000,24000,24000,24000,1707,0,19000,22110.795206354625,264.2747499921825,63376.7161249998,371.8160515524312
1777186508,200,,Aggregated,11.300000,0.000000,19000,20000,21000,21000,22000,22000,23000,24000,24000,24000,24000,1707,0,19000,22110.795206354625,264.2747499921825,63376.7161249998,371.8160515524312
1777186509,200,GET,trips_per_route,11.600000,0.000000,19000,20000,21000,21000,22000,23000,23000,24000,24000,24000,24000,1718,0,19000,22091.059782255732,264.2747499921825,63376.7161249998,371.81548311990684
1777186509,200,,Aggregated,11.600000,0.000000,19000,20000,21000,21000,22000,23000,23000,24000,24000,24000,24000,1718,0,19000,22091.059782255732,264.2747499921825,63376.7161249998,371.81548311990684
1777186510,200,GET,trips_per_route,12.800000,0.000000,19000,21000,21000,21000,22000,23000,23000,24000,24000,24000,24000,1725,0,19000,22065.30307727033,264.2747499921825,63376.7161249998,371.8191304347826
1777186510,200,,Aggregated,12.800000,0.000000,19000,21000,21000,21000,22000,23000,23000,24000,24000,24000,24000,1725,0,19000,22065.30307727033,264.2747499921825,63376.7161249998,371.8191304347826
1777186511,200,GET,trips_per_route,13.200000,0.000000,19000,20000,21000,21000,22000,23000,23000,24000,24000,24000,24000,1740,0,19000,21943.341042602457,264.2747499921825,63376.7161249998,371.82528735632184
1777186511,200,,Aggregated,13.200000,0.000000,19000,20000,21000,21000,22000,23000,23000,24000,24000,24000,24000,1740,0,19000,21943.341042602457,264.2747499921825,63376.7161249998,371.82528735632184
1777186512,200,GET,trips_per_route,11.900000,0.000000,19000,21000,21000,22000,22000,23000,23000,24000,24000,24000,24000,1747,0,19000,21939.633976819285,264.2747499921825,63376.7161249998,371.8271322266743
1777186512,200,,Aggregated,11.900000,0.000000,19000,21000,21000,22000,22000,23000,23000,24000,24000,24000,24000,1747,0,19000,21939.633976819285,264.2747499921825,63376.7161249998,371.8271322266743
1777186513,200,GET,trips_per_route,12.100000,0.000000,19000,21000,22000,22000,22000,23000,24000,24000,24000,24000,24000,1763,0,19000,21893.724569556558,264.2747499921825,63376.7161249998,371.83267158252977
1777186513,200,,Aggregated,12.100000,0.000000,19000,21000,22000,22000,22000,23000,24000,24000,24000,24000,24000,1763,0,19000,21893.724569556558,264.2747499921825,63376.7161249998,371.83267158252977
1777186514,200,GET,trips_per_route,11.900000,0.000000,19000,21000,22000,22000,23000,23000,24000,24000,24000,24000,24000,1774,0,19000,21876.154572037864,264.2747499921825,63376.7161249998,371.8342728297632
1777186514,200,,Aggregated,11.900000,0.000000,19000,21000,22000,22000,23000,23000,24000,24000,24000,24000,24000,1774,0,19000,21876.154572037864,264.2747499921825,63376.7161249998,371.8342728297632
1777186515,200,GET,trips_per_route,12.000000,0.000000,19000,21000,22000,22000,23000,23000,24000,24000,24000,24000,24000,1789,0,19000,21811.935055876016,264.2747499921825,63376.7161249998,371.8429290106205
1777186515,200,,Aggregated,12.000000,0.000000,19000,21000,22000,22000,23000,23000,24000,24000,24000,24000,24000,1789,0,19000,21811.935055876016,264.2747499921825,63376.7161249998,371.8429290106205
1777186516,200,GET,trips_per_route,12.000000,0.000000,19000,21000,22000,22000,23000,23000,24000,24000,24000,24000,24000,1801,0,19000,21779.433575308274,264.2747499921825,63376.7161249998,371.8423098278734
1777186516,200,,Aggregated,12.000000,0.000000,19000,21000,22000,22000,23000,23000,24000,24000,24000,24000,24000,1801,0,19000,21779.433575308274,264.2747499921825,63376.7161249998,371.8423098278734
1777186517,200,GET,trips_per_route,12.500000,0.000000,20000,21000,22000,22000,23000,24000,24000,24000,24000,24000,24000,1807,0,19000,21777.49985713239,264.2747499921825,63376.7161249998,371.84504703929167
1777186517,200,,Aggregated,12.500000,0.000000,20000,21000,22000,22000,23000,24000,24000,24000,24000,24000,24000,1807,0,19000,21777.49985713239,264.2747499921825,63376.7161249998,371.84504703929167
1777186518,200,GET,trips_per_route,12.600000,0.000000,20000,21000,22000,22000,23000,24000,24000,24000,24000,24000,24000,1819,0,19000,21748.967763472916,264.2747499921825,63376.7161249998,371.84661902144035
1777186518,200,,Aggregated,12.600000,0.000000,20000,21000,22000,22000,23000,24000,24000,24000,24000,24000,24000,1819,0,19000,21748.967763472916,264.2747499921825,63376.7161249998,371.84661902144035
1777186519,200,GET,trips_per_route,12.000000,0.000000,19000,21000,22000,22000,23000,24000,24000,24000,24000,24000,24000,1836,0,19000,21699.05573922293,264.2747499921825,63376.7161249998,371.8551198257081
1777186519,200,,Aggregated,12.000000,0.000000,19000,21000,22000,22000,23000,24000,24000,24000,24000,24000,24000,1836,0,19000,21699.05573922293,264.2747499921825,63376.7161249998,371.8551198257081
1777186520,200,GET,trips_per_route,10.700000,0.000000,20000,21000,22000,23000,23000,24000,24000,24000,24000,24000,24000,1846,0,19000,21689.943766456297,264.2747499921825,63376.7161249998,371.85915492957747
1777186520,200,,Aggregated,10.700000,0.000000,20000,21000,22000,23000,23000,24000,24000,24000,24000,24000,24000,1846,0,19000,21689.943766456297,264.2747499921825,63376.7161249998,371.85915492957747
1777186521,200,GET,trips_per_route,11.400000,0.000000,20000,21000,22000,23000,23000,24000,24000,24000,25000,25000,25000,1859,0,19000,21673.8713362939,264.2747499921825,63376.7161249998,371.86444324905864
1777186521,200,,Aggregated,11.400000,0.000000,20000,21000,22000,23000,23000,24000,24000,24000,25000,25000,25000,1859,0,19000,21673.8713362939,264.2747499921825,63376.7161249998,371.86444324905864
1777186522,200,GET,trips_per_route,11.600000,0.000000,20000,21000,22000,23000,23000,24000,24000,24000,25000,25000,25000,1870,0,19000,21654.07741350502,264.2747499921825,63376.7161249998,371.8636363636364
1777186522,200,,Aggregated,11.600000,0.000000,20000,21000,22000,23000,23000,24000,24000,24000,25000,25000,25000,1870,0,19000,21654.07741350502,264.2747499921825,63376.7161249998,371.8636363636364
1777186523,200,GET,trips_per_route,11.900000,0.000000,20000,22000,23000,23000,24000,24000,24000,24000,25000,25000,25000,1876,0,19000,21656.589349349353,264.2747499921825,63376.7161249998,371.86567164179104
1777186523,200,,Aggregated,11.900000,0.000000,20000,22000,23000,23000,24000,24000,24000,24000,25000,25000,25000,1876,0,19000,21656.589349349353,264.2747499921825,63376.7161249998,371.86567164179104
1777186524,200,GET,trips_per_route,12.100000,0.000000,20000,22000,23000,23000,24000,24000,24000,24000,25000,25000,25000,1889,0,19000,21631.278387883744,264.2747499921825,63376.7161249998,371.86818422445737
1777186524,200,,Aggregated,12.100000,0.000000,20000,22000,23000,23000,24000,24000,24000,24000,25000,25000,25000,1889,0,19000,21631.278387883744,264.2747499921825,63376.7161249998,371.86818422445737
1777186525,200,GET,trips_per_route,11.400000,0.000000,20000,21000,22000,23000,23000,24000,24000,24000,25000,25000,25000,1902,0,19000,21587.93334722417,264.2747499921825,63376.7161249998,371.8706624605678
1777186525,200,,Aggregated,11.400000,0.000000,20000,21000,22000,23000,23000,24000,24000,24000,25000,25000,25000,1902,0,19000,21587.93334722417,264.2747499921825,63376.7161249998,371.8706624605678
1777186526,200,GET,trips_per_route,11.100000,0.000000,19000,21000,22000,22000,23000,24000,24000,24000,25000,25000,25000,1911,0,19000,21560.078797250364,264.2747499921825,63376.7161249998,371.8738880167452
1777186526,200,,Aggregated,11.100000,0.000000,19000,21000,22000,22000,23000,24000,24000,24000,25000,25000,25000,1911,0,19000,21560.078797250364,264.2747499921825,63376.7161249998,371.8738880167452
1777186527,200,GET,trips_per_route,11.200000,0.000000,19000,21000,22000,22000,23000,24000,24000,24000,25000,25000,25000,1923,0,19000,21531.38466870487,264.2747499921825,63376.7161249998,371.8751950078003
1777186527,200,,Aggregated,11.200000,0.000000,19000,21000,22000,22000,23000,24000,24000,24000,25000,25000,25000,1923,0,19000,21531.38466870487,264.2747499921825,63376.7161249998,371.8751950078003
1777186528,200,GET,trips_per_route,10.800000,0.000000,20000,21000,22000,23000,23000,24000,24000,24000,25000,25000,25000,1935,0,19000,21497.29387065193,264.2747499921825,63376.7161249998,371.8780361757106
1777186528,200,,Aggregated,10.800000,0.000000,20000,21000,22000,23000,23000,24000,24000,24000,25000,25000,25000,1935,0,19000,21497.29387065193,264.2747499921825,63376.7161249998,371.8780361757106
1777186529,200,GET,trips_per_route,11.100000,0.000000,20000,22000,22000,23000,23000,24000,24000,25000,25000,25000,25000,1949,0,19000,21476.672345115658,264.2747499921825,63376.7161249998,371.8768599281683
1777186529,200,,Aggregated,11.100000,0.000000,20000,22000,22000,23000,23000,24000,24000,25000,25000,25000,25000,1949,0,19000,21476.672345115658,264.2747499921825,63376.7161249998,371.8768599281683
1777186530,200,GET,trips_per_route,11.600000,0.000000,20000,22000,22000,22000,23000,24000,24000,24000,25000,25000,25000,1962,0,19000,21461.65292076781,264.2747499921825,63376.7161249998,371.8822629969419
1777186530,200,,Aggregated,11.600000,0.000000,20000,22000,22000,22000,23000,24000,24000,24000,25000,25000,25000,1962,0,19000,21461.65292076781,264.2747499921825,63376.7161249998,371.8822629969419
1777186531,200,GET,trips_per_route,11.100000,0.000000,20000,21000,22000,22000,23000,24000,24000,24000,25000,25000,25000,1970,0,19000,21452.29037633478,264.2747499921825,63376.7161249998,371.8852791878173
1777186531,200,,Aggregated,11.100000,0.000000,20000,21000,22000,22000,23000,24000,24000,24000,25000,25000,25000,1970,0,19000,21452.29037633478,264.2747499921825,63376.7161249998,371.8852791878173
1777186532,200,GET,trips_per_route,11.600000,0.000000,20000,21000,22000,22000,23000,24000,24000,24000,25000,25000,25000,1979,0,19000,21438.992290616745,264.2747499921825,63376.7161249998,371.88933804951995
1777186532,200,,Aggregated,11.600000,0.000000,20000,21000,22000,22000,23000,24000,24000,24000,25000,25000,25000,1979,0,19000,21438.992290616745,264.2747499921825,63376.7161249998,371.88933804951995
1777186533,200,GET,trips_per_route,10.900000,0.000000,18000,21000,22000,22000,23000,23000,24000,24000,25000,25000,25000,1994,0,19000,21369.150313296694,264.2747499921825,63376.7161249998,371.8876629889669
1777186533,200,,Aggregated,10.900000,0.000000,18000,21000,22000,22000,23000,23000,24000,24000,25000,25000,25000,1994,0,19000,21369.150313296694,264.2747499921825,63376.7161249998,371.8876629889669
1777186534,200,GET,trips_per_route,10.900000,0.000000,18000,21000,22000,22000,23000,23000,24000,24000,25000,25000,25000,2006,0,19000,21297.371877724152,264.2747499921825,63376.7161249998,371.88484546360917
1777186534,200,,Aggregated,10.900000,0.000000,18000,21000,22000,22000,23000,23000,24000,24000,25000,25000,25000,2006,0,19000,21297.371877724152,264.2747499921825,63376.7161249998,371.88484546360917
1777186535,200,GET,trips_per_route,11.900000,0.000000,19000,21000,22000,22000,23000,23000,24000,24000,25000,25000,25000,2016,0,19000,21233.500313536504,264.2747499921825,63376.7161249998,371.8844246031746
1777186535,200,,Aggregated,11.900000,0.000000,19000,21000,22000,22000,23000,23000,24000,24000,25000,25000,25000,2016,0,19000,21233.500313536504,264.2747499921825,63376.7161249998,371.8844246031746
1777186536,200,GET,trips_per_route,11.800000,0.000000,18000,21000,22000,22000,23000,23000,24000,24000,25000,25000,25000,2027,0,19000,21194.992843573546,264.2747499921825,63376.7161249998,371.8855451406019
1777186536,200,,Aggregated,11.800000,0.000000,18000,21000,22000,22000,23000,23000,24000,24000,25000,25000,25000,2027,0,19000,21194.992843573546,264.2747499921825,63376.7161249998,371.8855451406019
1777186537,200,GET,trips_per_route,11.700000,0.000000,18000,21000,22000,22000,22000,23000,24000,24000,25000,25000,25000,2040,0,19000,21186.650167446376,264.2747499921825,63376.7161249998,371.8833333333333
1777186537,200,,Aggregated,11.700000,0.000000,18000,21000,22000,22000,22000,23000,24000,24000,25000,25000,25000,2040,0,19000,21186.650167446376,264.2747499921825,63376.7161249998,371.8833333333333
1777186538,200,GET,trips_per_route,11.900000,0.000000,19000,21000,22000,22000,23000,23000,24000,24000,25000,25000,25000,2050,0,19000,21179.282534271046,264.2747499921825,63376.7161249998,371.8819512195122
1777186538,200,,Aggregated,11.900000,0.000000,19000,21000,22000,22000,23000,23000,24000,24000,25000,25000,25000,2050,0,19000,21179.282534271046,264.2747499921825,63376.7161249998,371.8819512195122
1777186539,200,GET,trips_per_route,11.800000,0.000000,19000,21000,22000,22000,22000,23000,24000,24000,24000,24000,24000,2060,0,19000,21176.667138028464,264.2747499921825,63376.7161249998,371.88300970873786
1777186539,200,,Aggregated,11.800000,0.000000,19000,21000,22000,22000,22000,23000,24000,24000,24000,24000,24000,2060,0,19000,21176.667138028464,264.2747499921825,63376.7161249998,371.88300970873786
1777186540,200,GET,trips_per_route,11.500000,0.000000,19000,21000,22000,22000,23000,23000,24000,24000,24000,24000,24000,2071,0,19000,21172.34397712732,264.2747499921825,63376.7161249998,371.88169966199905
1777186540,200,,Aggregated,11.500000,0.000000,19000,21000,22000,22000,23000,23000,24000,24000,24000,24000,24000,2071,0,19000,21172.34397712732,264.2747499921825,63376.7161249998,371.88169966199905
1777186541,200,GET,trips_per_route,11.800000,0.000000,20000,21000,22000,22000,22000,23000,24000,24000,24000,24000,24000,2089,0,19000,21161.432657634115,264.2747499921825,63376.7161249998,371.88798468166584
1777186541,200,,Aggregated,11.800000,0.000000,20000,21000,22000,22000,22000,23000,24000,24000,24000,24000,24000,2089,0,19000,21161.432657634115,264.2747499921825,63376.7161249998,371.88798468166584
1777186542,200,GET,trips_per_route,10.900000,0.000000,20000,21000,22000,22000,22000,23000,24000,24000,24000,24000,24000,2100,0,19000,21154.601131986503,264.2747499921825,63376.7161249998,371.8933333333333
1777186542,200,,Aggregated,10.900000,0.000000,20000,21000,22000,22000,22000,23000,24000,24000,24000,24000,24000,2100,0,19000,21154.601131986503,264.2747499921825,63376.7161249998,371.8933333333333
1777186543,200,GET,trips_per_route,11.600000,0.000000,20000,21000,22000,22000,22000,23000,24000,24000,24000,24000,24000,2114,0,19000,21124.84845329026,264.2747499921825,63376.7161249998,371.89640491958374
1777186543,200,,Aggregated,11.600000,0.000000,20000,21000,22000,22000,22000,23000,24000,24000,24000,24000,24000,2114,0,19000,21124.84845329026,264.2747499921825,63376.7161249998,371.89640491958374
1777186544,200,GET,trips_per_route,12.300000,0.000000,20000,21000,22000,22000,23000,23000,24000,24000,25000,25000,25000,2122,0,19000,21088.739618660977,264.2747499921825,63376.7161249998,371.89773798303486
1777186544,200,,Aggregated,12.300000,0.000000,20000,21000,22000,22000,23000,23000,24000,24000,25000,25000,25000,2122,0,19000,21088.739618660977,264.2747499921825,63376.7161249998,371.89773798303486
1777186545,200,GET,trips_per_route,11.200000,0.000000,20000,21000,22000,22000,23000,23000,24000,24000,25000,25000,25000,2131,0,19000,21068.048530759537,264.2747499921825,63376.7161249998,371.89770061004225
1777186545,200,,Aggregated,11.200000,0.000000,20000,21000,22000,22000,23000,23000,24000,24000,25000,25000,25000,2131,0,19000,21068.048530759537,264.2747499921825,63376.7161249998,371.89770061004225
1777186546,200,GET,trips_per_route,12.000000,0.000000,20000,21000,22000,22000,22000,23000,24000,24000,25000,25000,25000,2140,0,19000,21061.750829500263,264.2747499921825,63376.7161249998,371.90140186915886
1777186546,200,,Aggregated,12.000000,0.000000,20000,21000,22000,22000,22000,23000,24000,24000,25000,25000,25000,2140,0,19000,21061.750829500263,264.2747499921825,63376.7161249998,371.90140186915886
1777186547,200,GET,trips_per_route,11.200000,0.000000,20000,21000,22000,22000,22000,23000,24000,24000,25000,25000,25000,2158,0,19000,21048.18426651186,264.2747499921825,63376.7161249998,371.90222428174235
1777186547,200,,Aggregated,11.200000,0.000000,20000,21000,22000,22000,22000,23000,24000,24000,25000,25000,25000,2158,0,19000,21048.18426651186,264.2747499921825,63376.7161249998,371.90222428174235
1777186548,200,GET,trips_per_route,11.000000,0.000000,20000,21000,21000,22000,22000,23000,24000,24000,25000,25000,25000,2165,0,19000,21041.803708779957,264.2747499921825,63376.7161249998,371.905311778291
1777186548,200,,Aggregated,11.000000,0.000000,20000,21000,21000,22000,22000,23000,24000,24000,25000,25000,25000,2165,0,19000,21041.803708779957,264.2747499921825,63376.7161249998,371.905311778291
1777186549,200,GET,trips_per_route,11.400000,0.000000,19000,20000,21000,22000,22000,23000,24000,24000,25000,25000,25000,2183,0,19000,21009.458574709835,264.2747499921825,63376.7161249998,371.9120476408612
1777186549,200,,Aggregated,11.400000,0.000000,19000,20000,21000,22000,22000,23000,24000,24000,25000,25000,25000,2183,0,19000,21009.458574709835,264.2747499921825,63376.7161249998,371.9120476408612
1777186550,200,GET,trips_per_route,11.800000,0.000000,19000,20000,21000,21000,22000,23000,23000,24000,25000,25000,25000,2192,0,19000,21005.43838093458,264.2747499921825,63376.7161249998,371.9124087591241
1777186550,200,,Aggregated,11.800000,0.000000,19000,20000,21000,21000,22000,23000,23000,24000,25000,25000,25000,2192,0,19000,21005.43838093458,264.2747499921825,63376.7161249998,371.9124087591241
1777186551,200,GET,trips_per_route,11.800000,0.000000,19000,20000,21000,21000,22000,23000,24000,25000,25000,25000,25000,2197,0,19000,21001.76571061292,264.2747499921825,63376.7161249998,371.91397360036416
1777186551,200,,Aggregated,11.800000,0.000000,19000,20000,21000,21000,22000,23000,24000,25000,25000,25000,25000,2197,0,19000,21001.76571061292,264.2747499921825,63376.7161249998,371.91397360036416
1777186552,200,GET,trips_per_route,12.200000,0.000000,19000,20000,21000,21000,22000,23000,24000,24000,25000,25000,25000,2205,0,19000,20995.124416443352,264.2747499921825,63376.7161249998,371.91337868480724
1777186552,200,,Aggregated,12.200000,0.000000,19000,20000,21000,21000,22000,23000,24000,24000,25000,25000,25000,2205,0,19000,20995.124416443352,264.2747499921825,63376.7161249998,371.91337868480724
1777186553,200,GET,trips_per_route,11.300000,0.000000,19000,20000,21000,22000,22000,23000,24000,25000,25000,25000,25000,2211,0,19000,20985.771068976283,264.2747499921825,63376.7161249998,371.9154228855721
1777186553,200,,Aggregated,11.300000,0.000000,19000,20000,21000,22000,22000,23000,24000,25000,25000,25000,25000,2211,0,19000,20985.771068976283,264.2747499921825,63376.7161249998,371.9154228855721
1777186554,200,GET,trips_per_route,10.400000,0.000000,19000,20000,21000,22000,22000,23000,24000,24000,24000,24000,24000,2219,0,19000,20962.66201019897,264.2747499921825,63376.7161249998,371.9170797656602
1777186554,200,,Aggregated,10.400000,0.000000,19000,20000,21000,22000,22000,23000,24000,24000,24000,24000,24000,2219,0,19000,20962.66201019897,264.2747499921825,63376.7161249998,371.9170797656602
1777186555,200,GET,trips_per_route,10.500000,0.000000,19000,20000,21000,22000,22000,23000,23000,24000,24000,24000,24000,2237,0,19000,20885.05181828636,264.2747499921825,63376.7161249998,371.92400536432723
1777186555,200,,Aggregated,10.500000,0.000000,19000,20000,21000,22000,22000,23000,23000,24000,24000,24000,24000,2237,0,19000,20885.05181828636,264.2747499921825,63376.7161249998,371.92400536432723
1777186556,200,GET,trips_per_route,9.500000,0.000000,19000,20000,21000,22000,22000,23000,23000,24000,24000,24000,24000,2251,0,19000,20876.85086674836,264.2747499921825,63376.7161249998,371.9240337627721
1777186556,200,,Aggregated,9.500000,0.000000,19000,20000,21000,22000,22000,23000,23000,24000,24000,24000,24000,2251,0,19000,20876.85086674836,264.2747499921825,63376.7161249998,371.9240337627721
1777186557,200,GET,trips_per_route,10.400000,0.000000,19000,20000,21000,22000,22000,23000,23000,24000,24000,24000,24000,2262,0,19000,20868.210891433933,264.2747499921825,63376.7161249998,371.92175066312996
1777186557,200,,Aggregated,10.400000,0.000000,19000,20000,21000,22000,22000,23000,23000,24000,24000,24000,24000,2262,0,19000,20868.210891433933,264.2747499921825,63376.7161249998,371.92175066312996
1777186558,200,GET,trips_per_route,11.200000,0.000000,19000,21000,21000,22000,23000,23000,24000,24000,24000,24000,24000,2270,0,19000,20866.185682418756,264.2747499921825,63376.7161249998,371.92290748898677
1777186558,200,,Aggregated,11.200000,0.000000,19000,21000,21000,22000,23000,23000,24000,24000,24000,24000,24000,2270,0,19000,20866.185682418756,264.2747499921825,63376.7161249998,371.92290748898677
1777186559,200,GET,trips_per_route,11.100000,0.000000,19000,20000,21000,22000,23000,23000,24000,24000,24000,24000,24000,2286,0,19000,20811.021249729478,264.2747499921825,63376.7161249998,371.9260717410324
1777186559,200,,Aggregated,11.100000,0.000000,19000,20000,21000,22000,23000,23000,24000,24000,24000,24000,24000,2286,0,19000,20811.021249729478,264.2747499921825,63376.7161249998,371.9260717410324
1777186560,200,GET,trips_per_route,10.600000,0.000000,18000,20000,21000,22000,23000,23000,24000,24000,24000,24000,24000,2294,0,19000,20790.749586569145,264.2747499921825,63376.7161249998,371.9272013949433
1777186560,200,,Aggregated,10.600000,0.000000,18000,20000,21000,22000,23000,23000,24000,24000,24000,24000,24000,2294,0,19000,20790.749586569145,264.2747499921825,63376.7161249998,371.9272013949433
1777186561,200,GET,trips_per_route,10.100000,0.000000,18000,20000,21000,22000,23000,23000,24000,24000,24000,24000,24000,2309,0,19000,20712.615875670293,264.2747499921825,63376.7161249998,371.92940666955394
1777186561,200,,Aggregated,10.100000,0.000000,18000,20000,21000,22000,23000,23000,24000,24000,24000,24000,24000,2309,0,19000,20712.615875670293,264.2747499921825,63376.7161249998,371.92940666955394
1777186562,200,GET,trips_per_route,10.600000,0.000000,18000,20000,21000,22000,23000,23000,24000,24000,24000,24000,24000,2322,0,19000,20713.95217670012,264.2747499921825,63376.7161249998,371.9306632213609
1777186562,200,,Aggregated,10.600000,0.000000,18000,20000,21000,22000,23000,23000,24000,24000,24000,24000,24000,2322,0,19000,20713.95217670012,264.2747499921825,63376.7161249998,371.9306632213609
1777186563,200,GET,trips_per_route,10.500000,0.000000,19000,20000,21000,22000,23000,23000,24000,24000,24000,24000,24000,2330,0,19000,20715.592219923874,264.2747499921825,63376.7161249998,371.9334763948498
1777186563,200,,Aggregated,10.500000,0.000000,19000,20000,21000,22000,23000,23000,24000,24000,24000,24000,24000,2330,0,19000,20715.592219923874,264.2747499921825,63376.7161249998,371.9334763948498
1777186564,200,GET,trips_per_route,11.600000,0.000000,19000,21000,22000,22000,23000,24000,24000,24000,24000,24000,24000,2341,0,19000,20701.283282573568,264.2747499921825,63376.7161249998,371.9333618111918
1777186564,200,,Aggregated,11.600000,0.000000,19000,21000,22000,22000,23000,24000,24000,24000,24000,24000,24000,2341,0,19000,20701.283282573568,264.2747499921825,63376.7161249998,371.9333618111918
1777186565,200,GET,trips_per_route,11.800000,0.000000,20000,21000,22000,23000,23000,24000,24000,24000,24000,24000,24000,2355,0,19000,20703.10696866826,264.2747499921825,63376.7161249998,371.93290870488323
1777186565,200,,Aggregated,11.800000,0.000000,20000,21000,22000,23000,23000,24000,24000,24000,24000,24000,24000,2355,0,19000,20703.10696866826,264.2747499921825,63376.7161249998,371.93290870488323
1777186566,200,GET,trips_per_route,12.000000,0.000000,20000,21000,22000,23000,23000,24000,24000,24000,24000,24000,24000,2363,0,19000,20702.156624226736,264.2747499921825,63376.7161249998,371.93567498942025
1777186566,200,,Aggregated,12.000000,0.000000,20000,21000,22000,23000,23000,24000,24000,24000,24000,24000,24000,2363,0,19000,20702.156624226736,264.2747499921825,63376.7161249998,371.93567498942025
1777186567,200,GET,trips_per_route,11.500000,0.000000,20000,21000,22000,23000,23000,24000,24000,24000,24000,24000,24000,2372,0,19000,20701.559801120493,264.2747499921825,63376.7161249998,371.93718381112984
1777186567,200,,Aggregated,11.500000,0.000000,20000,21000,22000,23000,23000,24000,24000,24000,24000,24000,24000,2372,0,19000,20701.559801120493,264.2747499921825,63376.7161249998,371.93718381112984
1777186568,200,GET,trips_per_route,11.300000,0.000000,20000,21000,22000,23000,23000,24000,24000,24000,24000,24000,24000,2385,0,19000,20698.438925439346,264.2747499921825,63376.7161249998,371.94213836477985
1777186568,200,,Aggregated,11.300000,0.000000,20000,21000,22000,23000,23000,24000,24000,24000,24000,24000,24000,2385,0,19000,20698.438925439346,264.2747499921825,63376.7161249998,371.94213836477985
1777186569,200,GET,trips_per_route,11.000000,0.000000,20000,21000,22000,23000,23000,24000,24000,24000,24000,24000,24000,2391,0,19000,20692.514351702994,264.2747499921825,63376.7161249998,371.94061062317024
1777186569,200,,Aggregated,11.000000,0.000000,20000,21000,22000,23000,23000,24000,24000,24000,24000,24000,24000,2391,0,19000,20692.514351702994,264.2747499921825,63376.7161249998,371.94061062317024
1777186570,200,GET,trips_per_route,11.200000,0.000000,21000,22000,22000,23000,23000,24000,24000,24000,24000,24000,24000,2400,0,19000,20686.869270054518,264.2747499921825,63376.7161249998,371.9429166666667
1777186570,200,,Aggregated,11.200000,0.000000,21000,22000,22000,23000,23000,24000,24000,24000,24000,24000,24000,2400,0,19000,20686.869270054518,264.2747499921825,63376.7161249998,371.9429166666667
1777186571,200,GET,trips_per_route,10.900000,0.000000,21000,22000,22000,23000,23000,24000,24000,24000,24000,24000,24000,2407,0,19000,20683.293055864095,264.2747499921825,63376.7161249998,371.94183631076027
1777186571,200,,Aggregated,10.900000,0.000000,21000,22000,22000,23000,23000,24000,24000,24000,24000,24000,24000,2407,0,19000,20683.293055864095,264.2747499921825,63376.7161249998,371.94183631076027
1777186572,200,GET,trips_per_route,10.200000,0.000000,21000,22000,23000,23000,23000,24000,25000,25000,25000,25000,25000,2423,0,19000,20689.029986159276,264.2747499921825,63376.7161249998,371.9405695418902
1777186572,200,,Aggregated,10.200000,0.000000,21000,22000,23000,23000,23000,24000,25000,25000,25000,25000,25000,2423,0,19000,20689.029986159276,264.2747499921825,63376.7161249998,371.9405695418902
1777186573,200,GET,trips_per_route,10.200000,0.000000,21000,22000,23000,23000,23000,24000,24000,25000,25000,25000,25000,2436,0,19000,20681.14392626394,264.2747499921825,63376.7161249998,371.94293924466336
1777186573,200,,Aggregated,10.200000,0.000000,21000,22000,23000,23000,23000,24000,24000,25000,25000,25000,25000,2436,0,19000,20681.14392626394,264.2747499921825,63376.7161249998,371.94293924466336
1777186574,200,GET,trips_per_route,9.500000,0.000000,21000,22000,23000,23000,24000,24000,25000,25000,25000,25000,25000,2449,0,19000,20675.390907787245,264.2747499921825,63376.7161249998,371.94365046957944
1777186574,200,,Aggregated,9.500000,0.000000,21000,22000,23000,23000,24000,24000,25000,25000,25000,25000,25000,2449,0,19000,20675.390907787245,264.2747499921825,63376.7161249998,371.94365046957944
1777186575,200,GET,trips_per_route,10.400000,0.000000,21000,22000,22000,23000,23000,24000,25000,25000,25000,25000,25000,2459,0,19000,20664.305036196394,264.2747499921825,63376.7161249998,371.94387962586416
1777186575,200,,Aggregated,10.400000,0.000000,21000,22000,22000,23000,23000,24000,25000,25000,25000,25000,25000,2459,0,19000,20664.305036196394,264.2747499921825,63376.7161249998,371.94387962586416
1777186576,200,GET,trips_per_route,10.700000,0.000000,21000,22000,22000,23000,24000,24000,25000,25000,25000,25000,25000,2470,0,19000,20657.482221713744,264.2747499921825,63376.7161249998,371.94736842105266
1777186576,200,,Aggregated,10.700000,0.000000,21000,22000,22000,23000,24000,24000,25000,25000,25000,25000,25000,2470,0,19000,20657.482221713744,264.2747499921825,63376.7161249998,371.94736842105266
1777186577,200,GET,trips_per_route,11.000000,0.000000,20000,22000,22000,23000,24000,24000,25000,25000,25000,25000,25000,2485,0,19000,20633.109726830982,264.2747499921825,63376.7161249998,371.94969818913484
1777186577,200,,Aggregated,11.000000,0.000000,20000,22000,22000,23000,24000,24000,25000,25000,25000,25000,25000,2485,0,19000,20633.109726830982,264.2747499921825,63376.7161249998,371.94969818913484
1777186578,200,GET,trips_per_route,10.300000,0.000000,20000,22000,22000,23000,24000,24000,25000,25000,25000,25000,25000,2495,0,19000,20615.260870143862,264.2747499921825,63376.7161249998,371.95310621242487
1777186578,200,,Aggregated,10.300000,0.000000,20000,22000,22000,23000,24000,24000,25000,25000,25000,25000,25000,2495,0,19000,20615.260870143862,264.2747499921825,63376.7161249998,371.95310621242487
1777186579,200,GET,trips_per_route,10.600000,0.000000,20000,22000,22000,23000,24000,24000,25000,25000,25000,25000,25000,2510,0,19000,20606.720748509528,264.2747499921825,63376.7161249998,371.95258964143426
1777186579,200,,Aggregated,10.600000,0.000000,20000,22000,22000,23000,24000,24000,25000,25000,25000,25000,25000,2510,0,19000,20606.720748509528,264.2747499921825,63376.7161249998,371.95258964143426
1777186580,200,GET,trips_per_route,10.900000,0.000000,20000,21000,22000,23000,24000,24000,25000,25000,25000,25000,25000,2526,0,19000,20593.204539062892,264.2747499921825,63376.7161249998,371.95486935866984
1777186580,200,,Aggregated,10.900000,0.000000,20000,21000,22000,23000,24000,24000,25000,25000,25000,25000,25000,2526,0,19000,20593.204539062892,264.2747499921825,63376.7161249998,371.95486935866984
1777186581,200,GET,trips_per_route,11.500000,0.000000,19000,21000,22000,22000,24000,24000,25000,25000,25000,25000,25000,2539,0,19000,20580.828544442644,264.2747499921825,63376.7161249998,371.959038991729
1777186581,200,,Aggregated,11.500000,0.000000,19000,21000,22000,22000,24000,24000,25000,25000,25000,25000,25000,2539,0,19000,20580.828544442644,264.2747499921825,63376.7161249998,371.959038991729
1777186582,200,GET,trips_per_route,12.100000,0.000000,19000,21000,22000,22000,23000,24000,25000,25000,25000,25000,25000,2548,0,19000,20565.09836440576,264.2747499921825,63376.7161249998,371.96153846153845
1777186582,200,,Aggregated,12.100000,0.000000,19000,21000,22000,22000,23000,24000,25000,25000,25000,25000,25000,2548,0,19000,20565.09836440576,264.2747499921825,63376.7161249998,371.96153846153845
1777186583,200,GET,trips_per_route,13.200000,0.000000,19000,20000,21000,22000,23000,24000,24000,25000,25000,25000,25000,2559,0,19000,20537.664316938997,264.2747499921825,63376.7161249998,371.9609222352481
1777186583,200,,Aggregated,13.200000,0.000000,19000,20000,21000,22000,23000,24000,24000,25000,25000,25000,25000,2559,0,19000,20537.664316938997,264.2747499921825,63376.7161249998,371.9609222352481
1777186584,200,GET,trips_per_route,13.100000,0.000000,19000,20000,21000,22000,22000,23000,24000,24000,25000,25000,25000,2567,0,19000,20532.9544568909,264.2747499921825,63376.7161249998,371.96260225944684
1777186584,200,,Aggregated,13.100000,0.000000,19000,20000,21000,22000,22000,23000,24000,24000,25000,25000,25000,2567,0,19000,20532.9544568909,264.2747499921825,63376.7161249998,371.96260225944684
1777186585,200,GET,trips_per_route,12.300000,0.000000,19000,20000,21000,22000,22000,23000,24000,24000,25000,25000,25000,2578,0,19000,20525.980685094997,264.2747499921825,63376.7161249998,371.96392552366177
1777186585,200,,Aggregated,12.300000,0.000000,19000,20000,21000,22000,22000,23000,24000,24000,25000,25000,25000,2578,0,19000,20525.980685094997,264.2747499921825,63376.7161249998,371.96392552366177
1777186586,200,GET,trips_per_route,12.000000,0.000000,19000,20000,21000,21000,22000,23000,24000,24000,25000,25000,25000,2590,0,19000,20507.833837261733,264.2747499921825,63376.7161249998,371.96640926640924
1777186586,200,,Aggregated,12.000000,0.000000,19000,20000,21000,21000,22000,23000,24000,24000,25000,25000,25000,2590,0,19000,20507.833837261733,264.2747499921825,63376.7161249998,371.96640926640924
1777186587,200,GET,trips_per_route,11.600000,0.000000,19000,20000,21000,21000,22000,23000,24000,24000,25000,25000,25000,2594,0,19000,20506.868681110598,264.2747499921825,63376.7161249998,371.9676175790285
1777186587,200,,Aggregated,11.600000,0.000000,19000,20000,21000,21000,22000,23000,24000,24000,25000,25000,25000,2594,0,19000,20506.868681110598,264.2747499921825,63376.7161249998,371.9676175790285
1777186588,200,GET,trips_per_route,12.200000,0.000000,19000,20000,20000,21000,22000,23000,24000,25000,25000,25000,25000,2600,0,19000,20502.62452836919,264.2747499921825,63376.7161249998,371.96846153846155
1777186588,200,,Aggregated,12.200000,0.000000,19000,20000,20000,21000,22000,23000,24000,25000,25000,25000,25000,2600,0,19000,20502.62452836919,264.2747499921825,63376.7161249998,371.96846153846155
1777186589,200,GET,trips_per_route,11.600000,0.000000,19000,20000,20000,21000,22000,22000,23000,25000,25000,25000,25000,2615,0,19000,20485.92043454832,264.2747499921825,63376.7161249998,371.9736137667304
1777186589,200,,Aggregated,11.600000,0.000000,19000,20000,20000,21000,22000,22000,23000,25000,25000,25000,25000,2615,0,19000,20485.92043454832,264.2747499921825,63376.7161249998,371.9736137667304
1777186590,200,GET,trips_per_route,10.800000,0.000000,19000,20000,20000,21000,21000,22000,23000,23000,23000,23000,23000,2628,0,19000,20470.74565971002,264.2747499921825,63376.7161249998,371.9779299847793
1777186590,200,,Aggregated,10.800000,0.000000,19000,20000,20000,21000,21000,22000,23000,23000,23000,23000,23000,2628,0,19000,20470.74565971002,264.2747499921825,63376.7161249998,371.9779299847793
1777186591,200,GET,trips_per_route,10.600000,0.000000,19000,20000,20000,21000,21000,22000,23000,23000,23000,23000,23000,2642,0,19000,20457.284886453395,264.2747499921825,63376.7161249998,371.98145344436034
1777186591,200,,Aggregated,10.600000,0.000000,19000,20000,20000,21000,21000,22000,23000,23000,23000,23000,23000,2642,0,19000,20457.284886453395,264.2747499921825,63376.7161249998,371.98145344436034
1777186592,200,GET,trips_per_route,10.500000,0.000000,19000,20000,20000,21000,21000,22000,22000,23000,23000,23000,23000,2653,0,19000,20445.74674422424,264.2747499921825,63376.7161249998,371.9849227289861
1777186592,200,,Aggregated,10.500000,0.000000,19000,20000,20000,21000,21000,22000,22000,23000,23000,23000,23000,2653,0,19000,20445.74674422424,264.2747499921825,63376.7161249998,371.9849227289861
1777186593,200,GET,trips_per_route,9.700000,0.000000,18000,20000,20000,21000,21000,22000,22000,23000,23000,23000,23000,2665,0,19000,20425.169588528654,264.2747499921825,63376.7161249998,371.9891181988743
1777186593,200,,Aggregated,9.700000,0.000000,18000,20000,20000,21000,21000,22000,22000,23000,23000,23000,23000,2665,0,19000,20425.169588528654,264.2747499921825,63376.7161249998,371.9891181988743
1777186594,200,GET,trips_per_route,9.900000,0.000000,18000,20000,21000,21000,21000,22000,22000,23000,23000,23000,23000,2675,0,19000,20418.89772364894,264.2747499921825,63376.7161249998,371.9880373831776
1777186594,200,,Aggregated,9.900000,0.000000,18000,20000,21000,21000,21000,22000,22000,23000,23000,23000,23000,2675,0,19000,20418.89772364894,264.2747499921825,63376.7161249998,371.9880373831776
1777186595,200,GET,trips_per_route,10.600000,0.000000,18000,20000,21000,21000,21000,21000,22000,22000,22000,22000,22000,2686,0,19000,20405.89588362843,264.2747499921825,63376.7161249998,371.99069247952343
1777186595,200,,Aggregated,10.600000,0.000000,18000,20000,21000,21000,21000,21000,22000,22000,22000,22000,22000,2686,0,19000,20405.89588362843,264.2747499921825,63376.7161249998,371.99069247952343
1777186596,200,GET,trips_per_route,10.600000,0.000000,18000,20000,21000,21000,21000,22000,22000,22000,22000,22000,22000,2699,0,19000,20394.239107621313,264.2747499921825,63376.7161249998,371.9918488329011
1777186596,200,,Aggregated,10.600000,0.000000,18000,20000,21000,21000,21000,22000,22000,22000,22000,22000,22000,2699,0,19000,20394.239107621313,264.2747499921825,63376.7161249998,371.9918488329011
1777186597,200,GET,trips_per_route,10.800000,0.000000,18000,20000,21000,21000,21000,22000,22000,22000,22000,22000,22000,2710,0,19000,20388.39096829998,264.2747499921825,63376.7161249998,371.99225092250924
1777186597,200,,Aggregated,10.800000,0.000000,18000,20000,21000,21000,21000,22000,22000,22000,22000,22000,22000,2710,0,19000,20388.39096829998,264.2747499921825,63376.7161249998,371.99225092250924
1777186598,200,GET,trips_per_route,10.600000,0.000000,18000,20000,21000,21000,21000,22000,22000,22000,22000,22000,22000,2720,0,19000,20375.567862181568,264.2747499921825,63376.7161249998,371.9955882352941
1777186598,200,,Aggregated,10.600000,0.000000,18000,20000,21000,21000,21000,22000,22000,22000,22000,22000,22000,2720,0,19000,20375.567862181568,264.2747499921825,63376.7161249998,371.9955882352941
1777186599,200,GET,trips_per_route,11.100000,0.000000,18000,20000,21000,21000,21000,22000,22000,22000,22000,22000,22000,2731,0,19000,20369.44898557043,264.2747499921825,63376.7161249998,371.99816916880263
1777186599,200,,Aggregated,11.100000,0.000000,18000,20000,21000,21000,21000,22000,22000,22000,22000,22000,22000,2731,0,19000,20369.44898557043,264.2747499921825,63376.7161249998,371.99816916880263
1777186600,200,GET,trips_per_route,11.900000,0.000000,18000,20000,21000,21000,21000,22000,22000,22000,22000,22000,22000,2747,0,19000,20347.87725027658,264.2747499921825,63376.7161249998,372.00036403349105
1777186600,200,,Aggregated,11.900000,0.000000,18000,20000,21000,21000,21000,22000,22000,22000,22000,22000,22000,2747,0,19000,20347.87725027658,264.2747499921825,63376.7161249998,372.00036403349105
1777186601,200,GET,trips_per_route,11.700000,0.000000,18000,20000,20000,21000,21000,22000,22000,22000,22000,22000,22000,2765,0,19000,20332.205509089927,264.2747499921825,63376.7161249998,372.0010849909584
1777186601,200,,Aggregated,11.700000,0.000000,18000,20000,20000,21000,21000,22000,22000,22000,22000,22000,22000,2765,0,19000,20332.205509089927,264.2747499921825,63376.7161249998,372.0010849909584
1777186602,200,GET,trips_per_route,11.500000,0.000000,19000,20000,20000,21000,21000,22000,22000,22000,22000,22000,22000,2771,0,19000,20323.024027775762,264.2747499921825,63376.7161249998,372.0021652832912
1777186602,200,,Aggregated,11.500000,0.000000,19000,20000,20000,21000,21000,22000,22000,22000,22000,22000,22000,2771,0,19000,20323.024027775762,264.2747499921825,63376.7161249998,372.0021652832912
1777186603,200,GET,trips_per_route,12.700000,0.000000,18000,20000,20000,21000,21000,22000,22000,22000,22000,22000,22000,2786,0,19000,20274.23437394172,264.2747499921825,63376.7161249998,372.00502512562815
1777186603,200,,Aggregated,12.700000,0.000000,18000,20000,20000,21000,21000,22000,22000,22000,22000,22000,22000,2786,0,19000,20274.23437394172,264.2747499921825,63376.7161249998,372.00502512562815
1777186604,200,GET,trips_per_route,12.500000,0.000000,18000,19000,20000,20000,21000,21000,22000,22000,22000,22000,22000,2793,0,19000,20256.754142144157,264.2747499921825,63376.7161249998,372.0046544933763
1777186604,200,,Aggregated,12.500000,0.000000,18000,19000,20000,20000,21000,21000,22000,22000,22000,22000,22000,2793,0,19000,20256.754142144157,264.2747499921825,63376.7161249998,372.0046544933763
1777186605,200,GET,trips_per_route,11.700000,0.000000,18000,19000,20000,20000,21000,21000,22000,22000,22000,22000,22000,2810,0,19000,20233.840922631527,264.2747499921825,63376.7161249998,372.00640569395017
1777186605,200,,Aggregated,11.700000,0.000000,18000,19000,20000,20000,21000,21000,22000,22000,22000,22000,22000,2810,0,19000,20233.840922631527,264.2747499921825,63376.7161249998,372.00640569395017
1777186606,200,GET,trips_per_route,12.100000,0.000000,18000,19000,20000,20000,21000,21000,22000,22000,22000,22000,22000,2821,0,19000,20223.97342037843,264.2747499921825,63376.7161249998,372.007089684509
1777186606,200,,Aggregated,12.100000,0.000000,18000,19000,20000,20000,21000,21000,22000,22000,22000,22000,22000,2821,0,19000,20223.97342037843,264.2747499921825,63376.7161249998,372.007089684509
1777186607,200,GET,trips_per_route,11.900000,0.000000,18000,19000,20000,20000,20000,21000,22000,22000,22000,22000,22000,2826,0,19000,20200.95444847401,264.2747499921825,63376.7161249998,372.0053078556263
1777186607,200,,Aggregated,11.900000,0.000000,18000,19000,20000,20000,20000,21000,22000,22000,22000,22000,22000,2826,0,19000,20200.95444847401,264.2747499921825,63376.7161249998,372.0053078556263
1777186608,200,GET,trips_per_route,12.400000,0.000000,18000,19000,20000,20000,20000,21000,22000,22000,22000,22000,22000,2849,0,19000,20135.76297204022,264.2747499921825,63376.7161249998,372.003159003159
1777186608,200,,Aggregated,12.400000,0.000000,18000,19000,20000,20000,20000,21000,22000,22000,22000,22000,22000,2849,0,19000,20135.76297204022,264.2747499921825,63376.7161249998,372.003159003159
1777186609,200,GET,trips_per_route,12.100000,0.000000,17000,19000,20000,20000,21000,21000,22000,22000,23000,23000,23000,2861,0,19000,20114.500783834897,264.2747499921825,63376.7161249998,372.0041943376442
1777186609,200,,Aggregated,12.100000,0.000000,17000,19000,20000,20000,21000,21000,22000,22000,23000,23000,23000,2861,0,19000,20114.500783834897,264.2747499921825,63376.7161249998,372.0041943376442
1777186610,200,GET,trips_per_route,12.200000,0.000000,16000,18000,20000,20000,21000,21000,22000,22000,23000,23000,23000,2873,0,19000,20099.405251729404,264.2747499921825,63376.7161249998,372.0069613644274
1777186610,200,,Aggregated,12.200000,0.000000,16000,18000,20000,20000,21000,21000,22000,22000,23000,23000,23000,2873,0,19000,20099.405251729404,264.2747499921825,63376.7161249998,372.0069613644274
1777186611,200,GET,trips_per_route,13.000000,0.000000,17000,19000,20000,20000,21000,21000,22000,22000,23000,23000,23000,2885,0,19000,20091.329432369334,264.2747499921825,63376.7161249998,372.0086655112652
1777186611,200,,Aggregated,13.000000,0.000000,17000,19000,20000,20000,21000,21000,22000,22000,23000,23000,23000,2885,0,19000,20091.329432369334,264.2747499921825,63376.7161249998,372.0086655112652
1777186612,200,GET,trips_per_route,12.700000,0.000000,18000,19000,20000,20000,21000,22000,22000,22000,23000,23000,23000,2897,0,19000,20090.201336414746,264.2747499921825,63376.7161249998,372.012081463583
1777186612,200,,Aggregated,12.700000,0.000000,18000,19000,20000,20000,21000,22000,22000,22000,23000,23000,23000,2897,0,19000,20090.201336414746,264.2747499921825,63376.7161249998,372.012081463583
1777186613,200,GET,trips_per_route,11.600000,0.000000,18000,19000,20000,20000,21000,22000,22000,23000,23000,23000,23000,2911,0,19000,20080.345226844212,264.2747499921825,63376.7161249998,372.0130539333562
1777186613,200,,Aggregated,11.600000,0.000000,18000,19000,20000,20000,21000,22000,22000,23000,23000,23000,23000,2911,0,19000,20080.345226844212,264.2747499921825,63376.7161249998,372.0130539333562
1777186614,200,GET,trips_per_route,12.200000,0.000000,18000,20000,20000,20000,21000,22000,22000,23000,23000,23000,23000,2917,0,19000,20076.180916313486,264.2747499921825,63376.7161249998,372.0140555365101
1777186614,200,,Aggregated,12.200000,0.000000,18000,20000,20000,20000,21000,22000,22000,23000,23000,23000,23000,2917,0,19000,20076.180916313486,264.2747499921825,63376.7161249998,372.0140555365101
1777186615,200,GET,trips_per_route,12.600000,0.000000,18000,20000,20000,21000,21000,22000,22000,23000,23000,23000,23000,2926,0,19000,20070.967887379164,264.2747499921825,63376.7161249998,372.0153793574846
1777186615,200,,Aggregated,12.600000,0.000000,18000,20000,20000,21000,21000,22000,22000,23000,23000,23000,23000,2926,0,19000,20070.967887379164,264.2747499921825,63376.7161249998,372.0153793574846
1777186616,200,GET,trips_per_route,12.500000,0.000000,18000,20000,20000,21000,21000,22000,22000,23000,23000,23000,23000,2936,0,19000,20060.710096536583,264.2747499921825,63376.7161249998,372.01805177111714
1777186616,200,,Aggregated,12.500000,0.000000,18000,20000,20000,21000,21000,22000,22000,23000,23000,23000,23000,2936,0,19000,20060.710096536583,264.2747499921825,63376.7161249998,372.01805177111714
1777186617,200,GET,trips_per_route,12.100000,0.000000,19000,20000,20000,21000,21000,22000,22000,23000,23000,23000,23000,2946,0,19000,20048.801026311405,264.2747499921825,63376.7161249998,372.0169721656483
1777186617,200,,Aggregated,12.100000,0.000000,19000,20000,20000,21000,21000,22000,22000,23000,23000,23000,23000,2946,0,19000,20048.801026311405,264.2747499921825,63376.7161249998,372.0169721656483
1777186618,200,GET,trips_per_route,11.400000,0.000000,19000,20000,20000,21000,21000,22000,22000,22000,23000,23000,23000,2957,0,19000,20041.946669334928,264.2747499921825,63376.7161249998,372.0189381129523
1777186618,200,,Aggregated,11.400000,0.000000,19000,20000,20000,21000,21000,22000,22000,22000,23000,23000,23000,2957,0,19000,20041.946669334928,264.2747499921825,63376.7161249998,372.0189381129523
1777186619,200,GET,trips_per_route,11.700000,0.000000,19000,20000,20000,20000,21000,22000,22000,22000,23000,23000,23000,2966,0,19000,20034.27533609151,264.2747499921825,63376.7161249998,372.01820633850303
1777186619,200,,Aggregated,11.700000,0.000000,19000,20000,20000,20000,21000,22000,22000,22000,23000,23000,23000,2966,0,19000,20034.27533609151,264.2747499921825,63376.7161249998,372.01820633850303
1777186620,200,GET,trips_per_route,11.100000,0.000000,19000,20000,20000,20000,21000,22000,22000,22000,23000,23000,23000,2978,0,19000,20027.194782562598,264.2747499921825,63376.7161249998,372.0198119543318
1777186620,200,,Aggregated,11.100000,0.000000,19000,20000,20000,20000,21000,22000,22000,22000,23000,23000,23000,2978,0,19000,20027.194782562598,264.2747499921825,63376.7161249998,372.0198119543318
1777186621,200,GET,trips_per_route,10.200000,0.000000,20000,20000,20000,21000,22000,22000,22000,23000,23000,23000,23000,2989,0,19000,20029.945430792704,264.2747499921825,63376.7161249998,372.0204081632653
1777186621,200,,Aggregated,10.200000,0.000000,20000,20000,20000,21000,22000,22000,22000,23000,23000,23000,23000,2989,0,19000,20029.945430792704,264.2747499921825,63376.7161249998,372.0204081632653
1777186622,200,GET,trips_per_route,10.600000,0.000000,20000,20000,20000,21000,21000,22000,22000,23000,23000,23000,23000,3001,0,19000,20021.009714864147,264.2747499921825,63376.7161249998,372.0213262245918
1777186622,200,,Aggregated,10.600000,0.000000,20000,20000,20000,21000,21000,22000,22000,23000,23000,23000,23000,3001,0,19000,20021.009714864147,264.2747499921825,63376.7161249998,372.0213262245918
1777186623,200,GET,trips_per_route,10.600000,0.000000,20000,20000,20000,21000,21000,22000,22000,22000,22000,22000,22000,3009,0,19000,20018.405439381957,264.2747499921825,63376.7161249998,372.0212695247591
1777186623,200,,Aggregated,10.600000,0.000000,20000,20000,20000,21000,21000,22000,22000,22000,22000,22000,22000,3009,0,19000,20018.405439381957,264.2747499921825,63376.7161249998,372.0212695247591
1777186624,200,GET,trips_per_route,9.900000,0.000000,19000,20000,20000,21000,21000,22000,22000,22000,22000,22000,22000,3021,0,19000,20010.46563248105,264.2747499921825,63376.7161249998,372.02250910294606
1777186624,200,,Aggregated,9.900000,0.000000,19000,20000,20000,21000,21000,22000,22000,22000,22000,22000,22000,3021,0,19000,20010.46563248105,264.2747499921825,63376.7161249998,372.02250910294606
1777186625,200,GET,trips_per_route,10.200000,0.000000,19000,20000,20000,21000,21000,22000,22000,22000,22000,22000,22000,3042,0,19000,19998.7548676237,264.2747499921825,63376.7161249998,372.0223537146614
1777186625,200,,Aggregated,10.200000,0.000000,19000,20000,20000,21000,21000,22000,22000,22000,22000,22000,22000,3042,0,19000,19998.7548676237,264.2747499921825,63376.7161249998,372.0223537146614
1777186626,200,GET,trips_per_route,9.700000,0.000000,19000,20000,20000,21000,21000,22000,22000,22000,22000,22000,22000,3050,0,19000,19991.36004493811,264.2747499921825,63376.7161249998,372.0232786885246
1777186626,200,,Aggregated,9.700000,0.000000,19000,20000,20000,21000,21000,22000,22000,22000,22000,22000,22000,3050,0,19000,19991.36004493811,264.2747499921825,63376.7161249998,372.0232786885246
1777186627,200,GET,trips_per_route,10.500000,0.000000,19000,20000,21000,21000,21000,22000,22000,22000,22000,22000,22000,3064,0,19000,19980.02898600073,264.2747499921825,63376.7161249998,372.02513054830285
1777186627,200,,Aggregated,10.500000,0.000000,19000,20000,21000,21000,21000,22000,22000,22000,22000,22000,22000,3064,0,19000,19980.02898600073,264.2747499921825,63376.7161249998,372.02513054830285
1777186628,100,GET,trips_per_route,11.400000,0.000000,19000,20000,20000,21000,21000,22000,22000,22000,22000,22000,22000,3073,0,19000,19971.82898891645,264.2747499921825,63376.7161249998,372.02733485193625
1777186628,100,,Aggregated,11.400000,0.000000,19000,20000,20000,21000,21000,22000,22000,22000,22000,22000,22000,3073,0,19000,19971.82898891645,264.2747499921825,63376.7161249998,372.02733485193625
1777186629,0,GET,trips_per_route,11.400000,0.000000,19000,20000,21000,21000,21000,22000,22000,22000,22000,22000,22000,3073,0,19000,19971.82898891645,264.2747499921825,63376.7161249998,372.02733485193625
1777186629,0,,Aggregated,11.400000,0.000000,19000,20000,21000,21000,21000,22000,22000,22000,22000,22000,22000,3073,0,19000,19971.82898891645,264.2747499921825,63376.7161249998,372.02733485193625
1777186630,0,GET,trips_per_route,11.400000,0.000000,18000,20000,21000,21000,21000,22000,22000,22000,22000,22000,22000,3073,0,19000,19971.82898891645,264.2747499921825,63376.7161249998,372.02733485193625
1777186630,0,,Aggregated,11.400000,0.000000,18000,20000,21000,21000,21000,22000,22000,22000,22000,22000,22000,3073,0,19000,19971.82898891645,264.2747499921825,63376.7161249998,372.02733485193625
1777186631,0,GET,trips_per_route,11.400000,0.000000,18000,19000,20000,21000,21000,21000,22000,22000,22000,22000,22000,3073,0,19000,19971.82898891645,264.2747499921825,63376.7161249998,372.02733485193625
1777186631,0,,Aggregated,11.400000,0.000000,18000,19000,20000,21000,21000,21000,22000,22000,22000,22000,22000,3073,0,19000,19971.82898891645,264.2747499921825,63376.7161249998,372.02733485193625
1777186632,0,GET,trips_per_route,11.400000,0.000000,18000,19000,20000,20000,21000,21000,22000,22000,22000,22000,22000,3073,0,19000,19971.82898891645,264.2747499921825,63376.7161249998,372.02733485193625
1777186632,0,,Aggregated,11.400000,0.000000,18000,19000,20000,20000,21000,21000,22000,22000,22000,22000,22000,3073,0,19000,19971.82898891645,264.2747499921825,63376.7161249998,372.02733485193625
1777186633,0,GET,trips_per_route,11.400000,0.000000,17000,19000,20000,20000,21000,21000,22000,22000,22000,22000,22000,3073,0,19000,19971.82898891645,264.2747499921825,63376.7161249998,372.02733485193625
1777186633,0,,Aggregated,11.400000,0.000000,17000,19000,20000,20000,21000,21000,22000,22000,22000,22000,22000,3073,0,19000,19971.82898891645,264.2747499921825,63376.7161249998,372.02733485193625
1777186634,0,GET,trips_per_route,11.400000,0.000000,17000,19000,20000,20000,21000,21000,22000,22000,22000,22000,22000,3073,0,19000,19971.82898891645,264.2747499921825,63376.7161249998,372.02733485193625
1777186634,0,,Aggregated,11.400000,0.000000,17000,19000,20000,20000,21000,21000,22000,22000,22000,22000,22000,3073,0,19000,19971.82898891645,264.2747499921825,63376.7161249998,372.02733485193625
1777186635,0,GET,trips_per_route,11.400000,0.000000,17000,18000,20000,20000,20000,21000,21000,21000,21000,21000,21000,3073,0,19000,19971.82898891645,264.2747499921825,63376.7161249998,372.02733485193625
1777186635,0,,Aggregated,11.400000,0.000000,17000,18000,20000,20000,20000,21000,21000,21000,21000,21000,21000,3073,0,19000,19971.82898891645,264.2747499921825,63376.7161249998,372.02733485193625
1777186636,0,GET,trips_per_route,11.400000,0.000000,17000,17000,19000,19000,20000,21000,21000,21000,21000,21000,21000,3073,0,19000,19971.82898891645,264.2747499921825,63376.7161249998,372.02733485193625
1777186636,0,,Aggregated,11.400000,0.000000,17000,17000,19000,19000,20000,21000,21000,21000,21000,21000,21000,3073,0,19000,19971.82898891645,264.2747499921825,63376.7161249998,372.02733485193625
1777186637,0,GET,trips_per_route,11.400000,0.000000,17000,17000,18000,18000,20000,20000,20000,20000,20000,20000,20000,3073,0,19000,19971.82898891645,264.2747499921825,63376.7161249998,372.02733485193625
1777186637,0,,Aggregated,11.400000,0.000000,17000,17000,18000,18000,20000,20000,20000,20000,20000,20000,20000,3073,0,19000,19971.82898891645,264.2747499921825,63376.7161249998,372.02733485193625
1777186638,0,GET,trips_per_route,11.400000,0.000000,17000,17000,18000,18000,20000,20000,20000,20000,20000,20000,20000,3073,0,19000,19971.82898891645,264.2747499921825,63376.7161249998,372.02733485193625
1777186638,0,,Aggregated,11.400000,0.000000,17000,17000,18000,18000,20000,20000,20000,20000,20000,20000,20000,3073,0,19000,19971.82898891645,264.2747499921825,63376.7161249998,372.02733485193625
1777186639,0,GET,trips_per_route,11.400000,0.000000,17000,17000,18000,18000,20000,20000,20000,20000,20000,20000,20000,3073,0,19000,19971.82898891645,264.2747499921825,63376.7161249998,372.02733485193625
1777186639,0,,Aggregated,11.400000,0.000000,17000,17000,18000,18000,20000,20000,20000,20000,20000,20000,20000,3073,0,19000,19971.82898891645,264.2747499921825,63376.7161249998,372.02733485193625
1777186640,0,GET,trips_per_route,11.400000,0.000000,17000,17000,18000,18000,20000,20000,20000,20000,20000,20000,20000,3073,0,19000,19971.82898891645,264.2747499921825,63376.7161249998,372.02733485193625
1777186640,0,,Aggregated,11.400000,0.000000,17000,17000,18000,18000,20000,20000,20000,20000,20000,20000,20000,3073,0,19000,19971.82898891645,264.2747499921825,63376.7161249998,372.02733485193625
1777186641,0,GET,trips_per_route,11.400000,0.000000,17000,17000,18000,18000,20000,20000,20000,20000,20000,20000,20000,3073,0,19000,19971.82898891645,264.2747499921825,63376.7161249998,372.02733485193625
1777186641,0,,Aggregated,11.400000,0.000000,17000,17000,18000,18000,20000,20000,20000,20000,20000,20000,20000,3073,0,19000,19971.82898891645,264.2747499921825,63376.7161249998,372.02733485193625
1777186642,0,GET,trips_per_route,11.400000,0.000000,17000,17000,18000,18000,20000,20000,20000,20000,20000,20000,20000,3073,0,19000,19971.82898891645,264.2747499921825,63376.7161249998,372.02733485193625
1777186642,0,,Aggregated,11.400000,0.000000,17000,17000,18000,18000,20000,20000,20000,20000,20000,20000,20000,3073,0,19000,19971.82898891645,264.2747499921825,63376.7161249998,372.02733485193625
1777186643,0,GET,trips_per_route,11.400000,0.000000,17000,17000,18000,18000,20000,20000,20000,20000,20000,20000,20000,3073,0,19000,19971.82898891645,264.2747499921825,63376.7161249998,372.02733485193625
1777186643,0,,Aggregated,11.400000,0.000000,17000,17000,18000,18000,20000,20000,20000,20000,20000,20000,20000,3073,0,19000,19971.82898891645,264.2747499921825,63376.7161249998,372.02733485193625
1777186644,0,GET,trips_per_route,11.400000,0.000000,17000,17000,18000,18000,20000,20000,20000,20000,20000,20000,20000,3073,0,19000,19971.82898891645,264.2747499921825,63376.7161249998,372.02733485193625
1777186644,0,,Aggregated,11.400000,0.000000,17000,17000,18000,18000,20000,20000,20000,20000,20000,20000,20000,3073,0,19000,19971.82898891645,264.2747499921825,63376.7161249998,372.02733485193625
1777186645,0,GET,trips_per_route,11.400000,0.000000,17000,17000,18000,18000,20000,20000,20000,20000,20000,20000,20000,3073,0,19000,19971.82898891645,264.2747499921825,63376.7161249998,372.02733485193625
1777186645,0,,Aggregated,11.400000,0.000000,17000,17000,18000,18000,20000,20000,20000,20000,20000,20000,20000,3073,0,19000,19971.82898891645,264.2747499921825,63376.7161249998,372.02733485193625
1777186646,0,GET,trips_per_route,11.400000,0.000000,0,0,0,0,0,0,0,0,0,0,0,3073,0,19000,19971.82898891645,264.2747499921825,63376.7161249998,372.02733485193625
1777186646,0,,Aggregated,11.400000,0.000000,0,0,0,0,0,0,0,0,0,0,0,3073,0,19000,19971.82898891645,264.2747499921825,63376.7161249998,372.02733485193625
1777186647,0,GET,trips_per_route,11.400000,0.000000,0,0,0,0,0,0,0,0,0,0,0,3073,0,19000,19971.82898891645,264.2747499921825,63376.7161249998,372.02733485193625
1777186647,0,,Aggregated,11.400000,0.000000,0,0,0,0,0,0,0,0,0,0,0,3073,0,19000,19971.82898891645,264.2747499921825,63376.7161249998,372.02733485193625
1777186648,0,GET,trips_per_route,11.400000,0.000000,0,0,0,0,0,0,0,0,0,0,0,3073,0,19000,19971.82898891645,264.2747499921825,63376.7161249998,372.02733485193625
1777186648,0,,Aggregated,11.400000,0.000000,0,0,0,0,0,0,0,0,0,0,0,3073,0,19000,19971.82898891645,264.2747499921825,63376.7161249998,372.02733485193625
1777186649,0,GET,trips_per_route,11.400000,0.000000,0,0,0,0,0,0,0,0,0,0,0,3073,0,19000,19971.82898891645,264.2747499921825,63376.7161249998,372.02733485193625
1777186649,0,,Aggregated,11.400000,0.000000,0,0,0,0,0,0,0,0,0,0,0,3073,0,19000,19971.82898891645,264.2747499921825,63376.7161249998,372.02733485193625
1777186650,0,GET,trips_per_route,11.400000,0.000000,0,0,0,0,0,0,0,0,0,0,0,3073,0,19000,19971.82898891645,264.2747499921825,63376.7161249998,372.02733485193625
1777186650,0,,Aggregated,11.400000,0.000000,0,0,0,0,0,0,0,0,0,0,0,3073,0,19000,19971.82898891645,264.2747499921825,63376.7161249998,372.02733485193625
1777186651,0,GET,trips_per_route,11.400000,0.000000,0,0,0,0,0,0,0,0,0,0,0,3073,0,19000,19971.82898891645,264.2747499921825,63376.7161249998,372.02733485193625
1777186651,0,,Aggregated,11.400000,0.000000,0,0,0,0,0,0,0,0,0,0,0,3073,0,19000,19971.82898891645,264.2747499921825,63376.7161249998,372.02733485193625
1777186652,0,GET,trips_per_route,11.400000,0.000000,0,0,0,0,0,0,0,0,0,0,0,3073,0,19000,19971.82898891645,264.2747499921825,63376.7161249998,372.02733485193625
1777186652,0,,Aggregated,11.400000,0.000000,0,0,0,0,0,0,0,0,0,0,0,3073,0,19000,19971.82898891645,264.2747499921825,63376.7161249998,372.02733485193625
1777186653,0,GET,trips_per_route,11.400000,0.000000,0,0,0,0,0,0,0,0,0,0,0,3073,0,19000,19971.82898891645,264.2747499921825,63376.7161249998,372.02733485193625
1777186653,0,,Aggregated,11.400000,0.000000,0,0,0,0,0,0,0,0,0,0,0,3073,0,19000,19971.82898891645,264.2747499921825,63376.7161249998,372.02733485193625
1777186654,0,GET,trips_per_route,11.400000,0.000000,0,0,0,0,0,0,0,0,0,0,0,3073,0,19000,19971.82898891645,264.2747499921825,63376.7161249998,372.02733485193625
1777186654,0,,Aggregated,11.400000,0.000000,0,0,0,0,0,0,0,0,0,0,0,3073,0,19000,19971.82898891645,264.2747499921825,63376.7161249998,372.02733485193625
1777186655,0,GET,trips_per_route,11.400000,0.000000,0,0,0,0,0,0,0,0,0,0,0,3073,0,19000,19971.82898891645,264.2747499921825,63376.7161249998,372.02733485193625
1777186655,0,,Aggregated,11.400000,0.000000,0,0,0,0,0,0,0,0,0,0,0,3073,0,19000,19971.82898891645,264.2747499921825,63376.7161249998,372.02733485193625
1777186656,0,GET,trips_per_route,11.400000,0.000000,0,0,0,0,0,0,0,0,0,0,0,3073,0,19000,19971.82898891645,264.2747499921825,63376.7161249998,372.02733485193625
1777186656,0,,Aggregated,11.400000,0.000000,0,0,0,0,0,0,0,0,0,0,0,3073,0,19000,19971.82898891645,264.2747499921825,63376.7161249998,372.02733485193625
1777186657,0,GET,trips_per_route,11.400000,0.000000,0,0,0,0,0,0,0,0,0,0,0,3073,0,19000,19971.82898891645,264.2747499921825,63376.7161249998,372.02733485193625
1777186657,0,,Aggregated,11.400000,0.000000,0,0,0,0,0,0,0,0,0,0,0,3073,0,19000,19971.82898891645,264.2747499921825,63376.7161249998,372.02733485193625
1777186658,0,GET,trips_per_route,11.400000,0.000000,0,0,0,0,0,0,0,0,0,0,0,3073,0,19000,19971.82898891645,264.2747499921825,63376.7161249998,372.02733485193625
1777186658,0,,Aggregated,11.400000,0.000000,0,0,0,0,0,0,0,0,0,0,0,3073,0,19000,19971.82898891645,264.2747499921825,63376.7161249998,372.02733485193625
1777186659,0,GET,trips_per_route,11.400000,0.000000,0,0,0,0,0,0,0,0,0,0,0,3073,0,19000,19971.82898891645,264.2747499921825,63376.7161249998,372.02733485193625
1777186659,0,,Aggregated,11.400000,0.000000,0,0,0,0,0,0,0,0,0,0,0,3073,0,19000,19971.82898891645,264.2747499921825,63376.7161249998,372.02733485193625
1777186660,0,GET,trips_per_route,11.400000,0.000000,0,0,0,0,0,0,0,0,0,0,0,3073,0,19000,19971.82898891645,264.2747499921825,63376.7161249998,372.02733485193625
1777186660,0,,Aggregated,11.400000,0.000000,0,0,0,0,0,0,0,0,0,0,0,3073,0,19000,19971.82898891645,264.2747499921825,63376.7161249998,372.02733485193625
1777186661,0,GET,trips_per_route,11.400000,0.000000,0,0,0,0,0,0,0,0,0,0,0,3073,0,19000,19971.82898891645,264.2747499921825,63376.7161249998,372.02733485193625
1777186661,0,,Aggregated,11.400000,0.000000,0,0,0,0,0,0,0,0,0,0,0,3073,0,19000,19971.82898891645,264.2747499921825,63376.7161249998,372.02733485193625
1777186662,0,GET,trips_per_route,11.400000,0.000000,0,0,0,0,0,0,0,0,0,0,0,3073,0,19000,19971.82898891645,264.2747499921825,63376.7161249998,372.02733485193625
1777186662,0,,Aggregated,11.400000,0.000000,0,0,0,0,0,0,0,0,0,0,0,3073,0,19000,19971.82898891645,264.2747499921825,63376.7161249998,372.02733485193625
1777186663,0,GET,trips_per_route,11.400000,0.000000,0,0,0,0,0,0,0,0,0,0,0,3073,0,19000,19971.82898891645,264.2747499921825,63376.7161249998,372.02733485193625
1777186663,0,,Aggregated,11.400000,0.000000,0,0,0,0,0,0,0,0,0,0,0,3073,0,19000,19971.82898891645,264.2747499921825,63376.7161249998,372.02733485193625
1777186664,0,GET,trips_per_route,11.400000,0.000000,0,0,0,0,0,0,0,0,0,0,0,3073,0,19000,19971.82898891645,264.2747499921825,63376.7161249998,372.02733485193625
1777186664,0,,Aggregated,11.400000,0.000000,0,0,0,0,0,0,0,0,0,0,0,3073,0,19000,19971.82898891645,264.2747499921825,63376.7161249998,372.02733485193625
1777186665,0,GET,trips_per_route,11.400000,0.000000,0,0,0,0,0,0,0,0,0,0,0,3073,0,19000,19971.82898891645,264.2747499921825,63376.7161249998,372.02733485193625
1777186665,0,,Aggregated,11.400000,0.000000,0,0,0,0,0,0,0,0,0,0,0,3073,0,19000,19971.82898891645,264.2747499921825,63376.7161249998,372.02733485193625
1777186666,0,GET,trips_per_route,11.400000,0.000000,0,0,0,0,0,0,0,0,0,0,0,3073,0,19000,19971.82898891645,264.2747499921825,63376.7161249998,372.02733485193625
1777186666,0,,Aggregated,11.400000,0.000000,0,0,0,0,0,0,0,0,0,0,0,3073,0,19000,19971.82898891645,264.2747499921825,63376.7161249998,372.02733485193625
1777186667,0,GET,trips_per_route,11.400000,0.000000,0,0,0,0,0,0,0,0,0,0,0,3073,0,19000,19971.82898891645,264.2747499921825,63376.7161249998,372.02733485193625
1777186667,0,,Aggregated,11.400000,0.000000,0,0,0,0,0,0,0,0,0,0,0,3073,0,19000,19971.82898891645,264.2747499921825,63376.7161249998,372.02733485193625
1777186668,0,GET,trips_per_route,11.400000,0.000000,0,0,0,0,0,0,0,0,0,0,0,3073,0,19000,19971.82898891645,264.2747499921825,63376.7161249998,372.02733485193625
1777186668,0,,Aggregated,11.400000,0.000000,0,0,0,0,0,0,0,0,0,0,0,3073,0,19000,19971.82898891645,264.2747499921825,63376.7161249998,372.02733485193625
1777186669,0,GET,trips_per_route,11.400000,0.000000,0,0,0,0,0,0,0,0,0,0,0,3073,0,19000,19971.82898891645,264.2747499921825,63376.7161249998,372.02733485193625
1777186669,0,,Aggregated,11.400000,0.000000,0,0,0,0,0,0,0,0,0,0,0,3073,0,19000,19971.82898891645,264.2747499921825,63376.7161249998,372.02733485193625
1777186670,0,GET,trips_per_route,11.400000,0.000000,0,0,0,0,0,0,0,0,0,0,0,3073,0,19000,19971.82898891645,264.2747499921825,63376.7161249998,372.02733485193625
1777186670,0,,Aggregated,11.400000,0.000000,0,0,0,0,0,0,0,0,0,0,0,3073,0,19000,19971.82898891645,264.2747499921825,63376.7161249998,372.02733485193625
1777186671,0,GET,trips_per_route,11.400000,0.000000,0,0,0,0,0,0,0,0,0,0,0,3073,0,19000,19971.82898891645,264.2747499921825,63376.7161249998,372.02733485193625
1777186671,0,,Aggregated,11.400000,0.000000,0,0,0,0,0,0,0,0,0,0,0,3073,0,19000,19971.82898891645,264.2747499921825,63376.7161249998,372.02733485193625
1777186672,0,GET,trips_per_route,11.400000,0.000000,0,0,0,0,0,0,0,0,0,0,0,3073,0,19000,19971.82898891645,264.2747499921825,63376.7161249998,372.02733485193625
1777186672,0,,Aggregated,11.400000,0.000000,0,0,0,0,0,0,0,0,0,0,0,3073,0,19000,19971.82898891645,264.2747499921825,63376.7161249998,372.02733485193625
1777186673,0,GET,trips_per_route,11.400000,0.000000,0,0,0,0,0,0,0,0,0,0,0,3073,0,19000,19971.82898891645,264.2747499921825,63376.7161249998,372.02733485193625
1777186673,0,,Aggregated,11.400000,0.000000,0,0,0,0,0,0,0,0,0,0,0,3073,0,19000,19971.82898891645,264.2747499921825,63376.7161249998,372.02733485193625
1777186675,0,GET,trips_per_route,11.400000,0.000000,0,0,0,0,0,0,0,0,0,0,0,3073,0,19000,19971.82898891645,264.2747499921825,63376.7161249998,372.02733485193625
1777186675,0,,Aggregated,11.400000,0.000000,0,0,0,0,0,0,0,0,0,0,0,3073,0,19000,19971.82898891645,264.2747499921825,63376.7161249998,372.02733485193625
1777186676,0,GET,trips_per_route,11.400000,0.000000,0,0,0,0,0,0,0,0,0,0,0,3073,0,19000,19971.82898891645,264.2747499921825,63376.7161249998,372.02733485193625
1777186676,0,,Aggregated,11.400000,0.000000,0,0,0,0,0,0,0,0,0,0,0,3073,0,19000,19971.82898891645,264.2747499921825,63376.7161249998,372.02733485193625
1777186677,0,GET,trips_per_route,11.400000,0.000000,0,0,0,0,0,0,0,0,0,0,0,3073,0,19000,19971.82898891645,264.2747499921825,63376.7161249998,372.02733485193625
1777186677,0,,Aggregated,11.400000,0.000000,0,0,0,0,0,0,0,0,0,0,0,3073,0,19000,19971.82898891645,264.2747499921825,63376.7161249998,372.02733485193625
1777186678,0,GET,trips_per_route,11.400000,0.000000,0,0,0,0,0,0,0,0,0,0,0,3073,0,19000,19971.82898891645,264.2747499921825,63376.7161249998,372.02733485193625
1777186678,0,,Aggregated,11.400000,0.000000,0,0,0,0,0,0,0,0,0,0,0,3073,0,19000,19971.82898891645,264.2747499921825,63376.7161249998,372.02733485193625
1777186679,0,GET,trips_per_route,11.400000,0.000000,0,0,0,0,0,0,0,0,0,0,0,3073,0,19000,19971.82898891645,264.2747499921825,63376.7161249998,372.02733485193625
1777186679,0,,Aggregated,11.400000,0.000000,0,0,0,0,0,0,0,0,0,0,0,3073,0,19000,19971.82898891645,264.2747499921825,63376.7161249998,372.02733485193625
1777186680,0,GET,trips_per_route,11.400000,0.000000,0,0,0,0,0,0,0,0,0,0,0,3073,0,19000,19971.82898891645,264.2747499921825,63376.7161249998,372.02733485193625
1777186680,0,,Aggregated,11.400000,0.000000,0,0,0,0,0,0,0,0,0,0,0,3073,0,19000,19971.82898891645,264.2747499921825,63376.7161249998,372.02733485193625
1777186681,0,GET,trips_per_route,11.400000,0.000000,0,0,0,0,0,0,0,0,0,0,0,3073,0,19000,19971.82898891645,264.2747499921825,63376.7161249998,372.02733485193625
1777186681,0,,Aggregated,11.400000,0.000000,0,0,0,0,0,0,0,0,0,0,0,3073,0,19000,19971.82898891645,264.2747499921825,63376.7161249998,372.02733485193625
1777186682,0,GET,trips_per_route,11.400000,0.000000,0,0,0,0,0,0,0,0,0,0,0,3073,0,19000,19971.82898891645,264.2747499921825,63376.7161249998,372.02733485193625
1777186682,0,,Aggregated,11.400000,0.000000,0,0,0,0,0,0,0,0,0,0,0,3073,0,19000,19971.82898891645,264.2747499921825,63376.7161249998,372.02733485193625
1777186683,0,GET,trips_per_route,11.400000,0.000000,0,0,0,0,0,0,0,0,0,0,0,3073,0,19000,19971.82898891645,264.2747499921825,63376.7161249998,372.02733485193625
1777186683,0,,Aggregated,11.400000,0.000000,0,0,0,0,0,0,0,0,0,0,0,3073,0,19000,19971.82898891645,264.2747499921825,63376.7161249998,372.02733485193625
1777186684,0,GET,trips_per_route,11.400000,0.000000,0,0,0,0,0,0,0,0,0,0,0,3073,0,19000,19971.82898891645,264.2747499921825,63376.7161249998,372.02733485193625
1777186684,0,,Aggregated,11.400000,0.000000,0,0,0,0,0,0,0,0,0,0,0,3073,0,19000,19971.82898891645,264.2747499921825,63376.7161249998,372.02733485193625
1777186685,0,GET,trips_per_route,11.400000,0.000000,0,0,0,0,0,0,0,0,0,0,0,3073,0,19000,19971.82898891645,264.2747499921825,63376.7161249998,372.02733485193625
1777186685,0,,Aggregated,11.400000,0.000000,0,0,0,0,0,0,0,0,0,0,0,3073,0,19000,19971.82898891645,264.2747499921825,63376.7161249998,372.02733485193625
1777186686,0,GET,trips_per_route,11.400000,0.000000,0,0,0,0,0,0,0,0,0,0,0,3073,0,19000,19971.82898891645,264.2747499921825,63376.7161249998,372.02733485193625
1777186686,0,,Aggregated,11.400000,0.000000,0,0,0,0,0,0,0,0,0,0,0,3073,0,19000,19971.82898891645,264.2747499921825,63376.7161249998,372.02733485193625
1777186687,0,GET,trips_per_route,11.400000,0.000000,0,0,0,0,0,0,0,0,0,0,0,3073,0,19000,19971.82898891645,264.2747499921825,63376.7161249998,372.02733485193625
1777186687,0,,Aggregated,11.400000,0.000000,0,0,0,0,0,0,0,0,0,0,0,3073,0,19000,19971.82898891645,264.2747499921825,63376.7161249998,372.02733485193625
1777186688,0,GET,trips_per_route,11.400000,0.000000,0,0,0,0,0,0,0,0,0,0,0,3073,0,19000,19971.82898891645,264.2747499921825,63376.7161249998,372.02733485193625
1777186688,0,,Aggregated,11.400000,0.000000,0,0,0,0,0,0,0,0,0,0,0,3073,0,19000,19971.82898891645,264.2747499921825,63376.7161249998,372.02733485193625
1777186689,0,GET,trips_per_route,11.400000,0.000000,0,0,0,0,0,0,0,0,0,0,0,3073,0,19000,19971.82898891645,264.2747499921825,63376.7161249998,372.02733485193625
1777186689,0,,Aggregated,11.400000,0.000000,0,0,0,0,0,0,0,0,0,0,0,3073,0,19000,19971.82898891645,264.2747499921825,63376.7161249998,372.02733485193625
1777186690,0,GET,trips_per_route,11.400000,0.000000,0,0,0,0,0,0,0,0,0,0,0,3073,0,19000,19971.82898891645,264.2747499921825,63376.7161249998,372.02733485193625
1777186690,0,,Aggregated,11.400000,0.000000,0,0,0,0,0,0,0,0,0,0,0,3073,0,19000,19971.82898891645,264.2747499921825,63376.7161249998,372.02733485193625
1777186691,0,GET,trips_per_route,11.400000,0.000000,0,0,0,0,0,0,0,0,0,0,0,3073,0,19000,19971.82898891645,264.2747499921825,63376.7161249998,372.02733485193625
1777186691,0,,Aggregated,11.400000,0.000000,0,0,0,0,0,0,0,0,0,0,0,3073,0,19000,19971.82898891645,264.2747499921825,63376.7161249998,372.02733485193625
1777186692,0,GET,trips_per_route,11.400000,0.000000,0,0,0,0,0,0,0,0,0,0,0,3073,0,19000,19971.82898891645,264.2747499921825,63376.7161249998,372.02733485193625
1777186692,0,,Aggregated,11.400000,0.000000,0,0,0,0,0,0,0,0,0,0,0,3073,0,19000,19971.82898891645,264.2747499921825,63376.7161249998,372.02733485193625
1777186693,0,GET,trips_per_route,11.400000,0.000000,0,0,0,0,0,0,0,0,0,0,0,3073,0,19000,19971.82898891645,264.2747499921825,63376.7161249998,372.02733485193625
1777186693,0,,Aggregated,11.400000,0.000000,0,0,0,0,0,0,0,0,0,0,0,3073,0,19000,19971.82898891645,264.2747499921825,63376.7161249998,372.02733485193625
1777186694,0,GET,trips_per_route,11.400000,0.000000,0,0,0,0,0,0,0,0,0,0,0,3073,0,19000,19971.82898891645,264.2747499921825,63376.7161249998,372.02733485193625
1777186694,0,,Aggregated,11.400000,0.000000,0,0,0,0,0,0,0,0,0,0,0,3073,0,19000,19971.82898891645,264.2747499921825,63376.7161249998,372.02733485193625
1777186695,0,GET,trips_per_route,11.400000,0.000000,0,0,0,0,0,0,0,0,0,0,0,3073,0,19000,19971.82898891645,264.2747499921825,63376.7161249998,372.02733485193625
1777186695,0,,Aggregated,11.400000,0.000000,0,0,0,0,0,0,0,0,0,0,0,3073,0,19000,19971.82898891645,264.2747499921825,63376.7161249998,372.02733485193625
1777186696,0,GET,trips_per_route,11.400000,0.000000,0,0,0,0,0,0,0,0,0,0,0,3073,0,19000,19971.82898891645,264.2747499921825,63376.7161249998,372.02733485193625
1777186696,0,,Aggregated,11.400000,0.000000,0,0,0,0,0,0,0,0,0,0,0,3073,0,19000,19971.82898891645,264.2747499921825,63376.7161249998,372.02733485193625
1777186697,0,GET,trips_per_route,11.400000,0.000000,0,0,0,0,0,0,0,0,0,0,0,3073,0,19000,19971.82898891645,264.2747499921825,63376.7161249998,372.02733485193625
1777186697,0,,Aggregated,11.400000,0.000000,0,0,0,0,0,0,0,0,0,0,0,3073,0,19000,19971.82898891645,264.2747499921825,63376.7161249998,372.02733485193625
1777186698,0,GET,trips_per_route,11.400000,0.000000,0,0,0,0,0,0,0,0,0,0,0,3073,0,19000,19971.82898891645,264.2747499921825,63376.7161249998,372.02733485193625
1777186698,0,,Aggregated,11.400000,0.000000,0,0,0,0,0,0,0,0,0,0,0,3073,0,19000,19971.82898891645,264.2747499921825,63376.7161249998,372.02733485193625
1777186699,0,GET,trips_per_route,11.400000,0.000000,0,0,0,0,0,0,0,0,0,0,0,3073,0,19000,19971.82898891645,264.2747499921825,63376.7161249998,372.02733485193625
1777186699,0,,Aggregated,11.400000,0.000000,0,0,0,0,0,0,0,0,0,0,0,3073,0,19000,19971.82898891645,264.2747499921825,63376.7161249998,372.02733485193625
1777186700,0,GET,trips_per_route,11.400000,0.000000,0,0,0,0,0,0,0,0,0,0,0,3073,0,19000,19971.82898891645,264.2747499921825,63376.7161249998,372.02733485193625
1777186700,0,,Aggregated,11.400000,0.000000,0,0,0,0,0,0,0,0,0,0,0,3073,0,19000,19971.82898891645,264.2747499921825,63376.7161249998,372.02733485193625
1777186701,0,GET,trips_per_route,11.400000,0.000000,0,0,0,0,0,0,0,0,0,0,0,3073,0,19000,19971.82898891645,264.2747499921825,63376.7161249998,372.02733485193625
1777186701,0,,Aggregated,11.400000,0.000000,0,0,0,0,0,0,0,0,0,0,0,3073,0,19000,19971.82898891645,264.2747499921825,63376.7161249998,372.02733485193625
1777186702,0,GET,trips_per_route,11.400000,0.000000,0,0,0,0,0,0,0,0,0,0,0,3073,0,19000,19971.82898891645,264.2747499921825,63376.7161249998,372.02733485193625
1777186702,0,,Aggregated,11.400000,0.000000,0,0,0,0,0,0,0,0,0,0,0,3073,0,19000,19971.82898891645,264.2747499921825,63376.7161249998,372.02733485193625
1777186703,0,GET,trips_per_route,11.400000,0.000000,0,0,0,0,0,0,0,0,0,0,0,3073,0,19000,19971.82898891645,264.2747499921825,63376.7161249998,372.02733485193625
1777186703,0,,Aggregated,11.400000,0.000000,0,0,0,0,0,0,0,0,0,0,0,3073,0,19000,19971.82898891645,264.2747499921825,63376.7161249998,372.02733485193625
1777186704,0,GET,trips_per_route,11.400000,0.000000,0,0,0,0,0,0,0,0,0,0,0,3073,0,19000,19971.82898891645,264.2747499921825,63376.7161249998,372.02733485193625
1777186704,0,,Aggregated,11.400000,0.000000,0,0,0,0,0,0,0,0,0,0,0,3073,0,19000,19971.82898891645,264.2747499921825,63376.7161249998,372.02733485193625
1777186705,0,GET,trips_per_route,11.400000,0.000000,0,0,0,0,0,0,0,0,0,0,0,3073,0,19000,19971.82898891645,264.2747499921825,63376.7161249998,372.02733485193625
1777186705,0,,Aggregated,11.400000,0.000000,0,0,0,0,0,0,0,0,0,0,0,3073,0,19000,19971.82898891645,264.2747499921825,63376.7161249998,372.02733485193625
1777186706,0,GET,trips_per_route,11.400000,0.000000,0,0,0,0,0,0,0,0,0,0,0,3073,0,19000,19971.82898891645,264.2747499921825,63376.7161249998,372.02733485193625
1777186706,0,,Aggregated,11.400000,0.000000,0,0,0,0,0,0,0,0,0,0,0,3073,0,19000,19971.82898891645,264.2747499921825,63376.7161249998,372.02733485193625
1777186707,0,GET,trips_per_route,11.400000,0.000000,0,0,0,0,0,0,0,0,0,0,0,3073,0,19000,19971.82898891645,264.2747499921825,63376.7161249998,372.02733485193625
1777186707,0,,Aggregated,11.400000,0.000000,0,0,0,0,0,0,0,0,0,0,0,3073,0,19000,19971.82898891645,264.2747499921825,63376.7161249998,372.02733485193625
1777186708,0,GET,trips_per_route,11.400000,0.000000,0,0,0,0,0,0,0,0,0,0,0,3073,0,19000,19971.82898891645,264.2747499921825,63376.7161249998,372.02733485193625
1777186708,0,,Aggregated,11.400000,0.000000,0,0,0,0,0,0,0,0,0,0,0,3073,0,19000,19971.82898891645,264.2747499921825,63376.7161249998,372.02733485193625
1777186709,0,GET,trips_per_route,11.400000,0.000000,0,0,0,0,0,0,0,0,0,0,0,3073,0,19000,19971.82898891645,264.2747499921825,63376.7161249998,372.02733485193625
1777186709,0,,Aggregated,11.400000,0.000000,0,0,0,0,0,0,0,0,0,0,0,3073,0,19000,19971.82898891645,264.2747499921825,63376.7161249998,372.02733485193625
1777186710,0,GET,trips_per_route,11.400000,0.000000,0,0,0,0,0,0,0,0,0,0,0,3073,0,19000,19971.82898891645,264.2747499921825,63376.7161249998,372.02733485193625
1777186710,0,,Aggregated,11.400000,0.000000,0,0,0,0,0,0,0,0,0,0,0,3073,0,19000,19971.82898891645,264.2747499921825,63376.7161249998,372.02733485193625
1777186711,0,GET,trips_per_route,11.400000,0.000000,0,0,0,0,0,0,0,0,0,0,0,3073,0,19000,19971.82898891645,264.2747499921825,63376.7161249998,372.02733485193625
1777186711,0,,Aggregated,11.400000,0.000000,0,0,0,0,0,0,0,0,0,0,0,3073,0,19000,19971.82898891645,264.2747499921825,63376.7161249998,372.02733485193625
1777186712,0,GET,trips_per_route,11.400000,0.000000,0,0,0,0,0,0,0,0,0,0,0,3073,0,19000,19971.82898891645,264.2747499921825,63376.7161249998,372.02733485193625
1777186712,0,,Aggregated,11.400000,0.000000,0,0,0,0,0,0,0,0,0,0,0,3073,0,19000,19971.82898891645,264.2747499921825,63376.7161249998,372.02733485193625
1777186713,0,GET,trips_per_route,11.400000,0.000000,0,0,0,0,0,0,0,0,0,0,0,3073,0,19000,19971.82898891645,264.2747499921825,63376.7161249998,372.02733485193625
1777186713,0,,Aggregated,11.400000,0.000000,0,0,0,0,0,0,0,0,0,0,0,3073,0,19000,19971.82898891645,264.2747499921825,63376.7161249998,372.02733485193625
1777186714,0,GET,trips_per_route,11.400000,0.000000,0,0,0,0,0,0,0,0,0,0,0,3073,0,19000,19971.82898891645,264.2747499921825,63376.7161249998,372.02733485193625
1777186714,0,,Aggregated,11.400000,0.000000,0,0,0,0,0,0,0,0,0,0,0,3073,0,19000,19971.82898891645,264.2747499921825,63376.7161249998,372.02733485193625
1777186715,0,GET,trips_per_route,11.400000,0.000000,0,0,0,0,0,0,0,0,0,0,0,3073,0,19000,19971.82898891645,264.2747499921825,63376.7161249998,372.02733485193625
1777186715,0,,Aggregated,11.400000,0.000000,0,0,0,0,0,0,0,0,0,0,0,3073,0,19000,19971.82898891645,264.2747499921825,63376.7161249998,372.02733485193625
1777186716,0,GET,trips_per_route,11.400000,0.000000,0,0,0,0,0,0,0,0,0,0,0,3073,0,19000,19971.82898891645,264.2747499921825,63376.7161249998,372.02733485193625
1777186716,0,,Aggregated,11.400000,0.000000,0,0,0,0,0,0,0,0,0,0,0,3073,0,19000,19971.82898891645,264.2747499921825,63376.7161249998,372.02733485193625
1777186717,0,GET,trips_per_route,11.400000,0.000000,0,0,0,0,0,0,0,0,0,0,0,3073,0,19000,19971.82898891645,264.2747499921825,63376.7161249998,372.02733485193625
1777186717,0,,Aggregated,11.400000,0.000000,0,0,0,0,0,0,0,0,0,0,0,3073,0,19000,19971.82898891645,264.2747499921825,63376.7161249998,372.02733485193625
1777186718,0,GET,trips_per_route,11.400000,0.000000,0,0,0,0,0,0,0,0,0,0,0,3073,0,19000,19971.82898891645,264.2747499921825,63376.7161249998,372.02733485193625
1777186718,0,,Aggregated,11.400000,0.000000,0,0,0,0,0,0,0,0,0,0,0,3073,0,19000,19971.82898891645,264.2747499921825,63376.7161249998,372.02733485193625
1777186719,0,GET,trips_per_route,11.400000,0.000000,0,0,0,0,0,0,0,0,0,0,0,3073,0,19000,19971.82898891645,264.2747499921825,63376.7161249998,372.02733485193625
1777186719,0,,Aggregated,11.400000,0.000000,0,0,0,0,0,0,0,0,0,0,0,3073,0,19000,19971.82898891645,264.2747499921825,63376.7161249998,372.02733485193625
1777186720,0,GET,trips_per_route,11.400000,0.000000,0,0,0,0,0,0,0,0,0,0,0,3073,0,19000,19971.82898891645,264.2747499921825,63376.7161249998,372.02733485193625
1777186720,0,,Aggregated,11.400000,0.000000,0,0,0,0,0,0,0,0,0,0,0,3073,0,19000,19971.82898891645,264.2747499921825,63376.7161249998,372.02733485193625
1777186721,0,GET,trips_per_route,11.400000,0.000000,0,0,0,0,0,0,0,0,0,0,0,3073,0,19000,19971.82898891645,264.2747499921825,63376.7161249998,372.02733485193625
1777186721,0,,Aggregated,11.400000,0.000000,0,0,0,0,0,0,0,0,0,0,0,3073,0,19000,19971.82898891645,264.2747499921825,63376.7161249998,372.02733485193625
1777186722,0,GET,trips_per_route,11.400000,0.000000,0,0,0,0,0,0,0,0,0,0,0,3073,0,19000,19971.82898891645,264.2747499921825,63376.7161249998,372.02733485193625
1777186722,0,,Aggregated,11.400000,0.000000,0,0,0,0,0,0,0,0,0,0,0,3073,0,19000,19971.82898891645,264.2747499921825,63376.7161249998,372.02733485193625
1777186723,0,GET,trips_per_route,11.400000,0.000000,0,0,0,0,0,0,0,0,0,0,0,3073,0,19000,19971.82898891645,264.2747499921825,63376.7161249998,372.02733485193625
1777186723,0,,Aggregated,11.400000,0.000000,0,0,0,0,0,0,0,0,0,0,0,3073,0,19000,19971.82898891645,264.2747499921825,63376.7161249998,372.02733485193625
1777186724,0,GET,trips_per_route,11.400000,0.000000,0,0,0,0,0,0,0,0,0,0,0,3073,0,19000,19971.82898891645,264.2747499921825,63376.7161249998,372.02733485193625
1777186724,0,,Aggregated,11.400000,0.000000,0,0,0,0,0,0,0,0,0,0,0,3073,0,19000,19971.82898891645,264.2747499921825,63376.7161249998,372.02733485193625
1777186725,0,GET,trips_per_route,11.400000,0.000000,0,0,0,0,0,0,0,0,0,0,0,3073,0,19000,19971.82898891645,264.2747499921825,63376.7161249998,372.02733485193625
1777186725,0,,Aggregated,11.400000,0.000000,0,0,0,0,0,0,0,0,0,0,0,3073,0,19000,19971.82898891645,264.2747499921825,63376.7161249998,372.02733485193625
1777186726,0,GET,trips_per_route,11.400000,0.000000,0,0,0,0,0,0,0,0,0,0,0,3073,0,19000,19971.82898891645,264.2747499921825,63376.7161249998,372.02733485193625
1777186726,0,,Aggregated,11.400000,0.000000,0,0,0,0,0,0,0,0,0,0,0,3073,0,19000,19971.82898891645,264.2747499921825,63376.7161249998,372.02733485193625
1777186727,0,GET,trips_per_route,11.400000,0.000000,0,0,0,0,0,0,0,0,0,0,0,3073,0,19000,19971.82898891645,264.2747499921825,63376.7161249998,372.02733485193625
1777186727,0,,Aggregated,11.400000,0.000000,0,0,0,0,0,0,0,0,0,0,0,3073,0,19000,19971.82898891645,264.2747499921825,63376.7161249998,372.02733485193625
1777186728,0,GET,trips_per_route,11.400000,0.000000,0,0,0,0,0,0,0,0,0,0,0,3073,0,19000,19971.82898891645,264.2747499921825,63376.7161249998,372.02733485193625
1777186728,0,,Aggregated,11.400000,0.000000,0,0,0,0,0,0,0,0,0,0,0,3073,0,19000,19971.82898891645,264.2747499921825,63376.7161249998,372.02733485193625
1777186729,0,GET,trips_per_route,11.400000,0.000000,0,0,0,0,0,0,0,0,0,0,0,3073,0,19000,19971.82898891645,264.2747499921825,63376.7161249998,372.02733485193625
1777186729,0,,Aggregated,11.400000,0.000000,0,0,0,0,0,0,0,0,0,0,0,3073,0,19000,19971.82898891645,264.2747499921825,63376.7161249998,372.02733485193625
1777186730,0,GET,trips_per_route,11.400000,0.000000,0,0,0,0,0,0,0,0,0,0,0,3073,0,19000,19971.82898891645,264.2747499921825,63376.7161249998,372.02733485193625
1777186730,0,,Aggregated,11.400000,0.000000,0,0,0,0,0,0,0,0,0,0,0,3073,0,19000,19971.82898891645,264.2747499921825,63376.7161249998,372.02733485193625
1777186731,0,GET,trips_per_route,11.400000,0.000000,0,0,0,0,0,0,0,0,0,0,0,3073,0,19000,19971.82898891645,264.2747499921825,63376.7161249998,372.02733485193625
1777186731,0,,Aggregated,11.400000,0.000000,0,0,0,0,0,0,0,0,0,0,0,3073,0,19000,19971.82898891645,264.2747499921825,63376.7161249998,372.02733485193625
1777186732,0,GET,trips_per_route,11.400000,0.000000,0,0,0,0,0,0,0,0,0,0,0,3073,0,19000,19971.82898891645,264.2747499921825,63376.7161249998,372.02733485193625
1777186732,0,,Aggregated,11.400000,0.000000,0,0,0,0,0,0,0,0,0,0,0,3073,0,19000,19971.82898891645,264.2747499921825,63376.7161249998,372.02733485193625
1777186733,0,GET,trips_per_route,11.400000,0.000000,0,0,0,0,0,0,0,0,0,0,0,3073,0,19000,19971.82898891645,264.2747499921825,63376.7161249998,372.02733485193625
1777186733,0,,Aggregated,11.400000,0.000000,0,0,0,0,0,0,0,0,0,0,0,3073,0,19000,19971.82898891645,264.2747499921825,63376.7161249998,372.02733485193625
1777186734,0,GET,trips_per_route,11.400000,0.000000,0,0,0,0,0,0,0,0,0,0,0,3073,0,19000,19971.82898891645,264.2747499921825,63376.7161249998,372.02733485193625
1777186734,0,,Aggregated,11.400000,0.000000,0,0,0,0,0,0,0,0,0,0,0,3073,0,19000,19971.82898891645,264.2747499921825,63376.7161249998,372.02733485193625
1777186735,0,GET,trips_per_route,11.400000,0.000000,0,0,0,0,0,0,0,0,0,0,0,3073,0,19000,19971.82898891645,264.2747499921825,63376.7161249998,372.02733485193625
1777186735,0,,Aggregated,11.400000,0.000000,0,0,0,0,0,0,0,0,0,0,0,3073,0,19000,19971.82898891645,264.2747499921825,63376.7161249998,372.02733485193625
1777186736,0,GET,trips_per_route,11.400000,0.000000,0,0,0,0,0,0,0,0,0,0,0,3073,0,19000,19971.82898891645,264.2747499921825,63376.7161249998,372.02733485193625
1777186736,0,,Aggregated,11.400000,0.000000,0,0,0,0,0,0,0,0,0,0,0,3073,0,19000,19971.82898891645,264.2747499921825,63376.7161249998,372.02733485193625
1777186737,0,GET,trips_per_route,11.400000,0.000000,0,0,0,0,0,0,0,0,0,0,0,3073,0,19000,19971.82898891645,264.2747499921825,63376.7161249998,372.02733485193625
1777186737,0,,Aggregated,11.400000,0.000000,0,0,0,0,0,0,0,0,0,0,0,3073,0,19000,19971.82898891645,264.2747499921825,63376.7161249998,372.02733485193625
1777186738,0,GET,trips_per_route,11.400000,0.000000,0,0,0,0,0,0,0,0,0,0,0,3073,0,19000,19971.82898891645,264.2747499921825,63376.7161249998,372.02733485193625
1777186738,0,,Aggregated,11.400000,0.000000,0,0,0,0,0,0,0,0,0,0,0,3073,0,19000,19971.82898891645,264.2747499921825,63376.7161249998,372.02733485193625
1777186739,0,GET,trips_per_route,11.400000,0.000000,0,0,0,0,0,0,0,0,0,0,0,3073,0,19000,19971.82898891645,264.2747499921825,63376.7161249998,372.02733485193625
1777186739,0,,Aggregated,11.400000,0.000000,0,0,0,0,0,0,0,0,0,0,0,3073,0,19000,19971.82898891645,264.2747499921825,63376.7161249998,372.02733485193625
1777186740,0,GET,trips_per_route,11.400000,0.000000,0,0,0,0,0,0,0,0,0,0,0,3073,0,19000,19971.82898891645,264.2747499921825,63376.7161249998,372.02733485193625
1777186740,0,,Aggregated,11.400000,0.000000,0,0,0,0,0,0,0,0,0,0,0,3073,0,19000,19971.82898891645,264.2747499921825,63376.7161249998,372.02733485193625
1777186741,0,GET,trips_per_route,11.400000,0.000000,0,0,0,0,0,0,0,0,0,0,0,3073,0,19000,19971.82898891645,264.2747499921825,63376.7161249998,372.02733485193625
1777186741,0,,Aggregated,11.400000,0.000000,0,0,0,0,0,0,0,0,0,0,0,3073,0,19000,19971.82898891645,264.2747499921825,63376.7161249998,372.02733485193625
1777186742,0,GET,trips_per_route,11.400000,0.000000,0,0,0,0,0,0,0,0,0,0,0,3073,0,19000,19971.82898891645,264.2747499921825,63376.7161249998,372.02733485193625
1777186742,0,,Aggregated,11.400000,0.000000,0,0,0,0,0,0,0,0,0,0,0,3073,0,19000,19971.82898891645,264.2747499921825,63376.7161249998,372.02733485193625
1777186743,0,GET,trips_per_route,11.400000,0.000000,0,0,0,0,0,0,0,0,0,0,0,3073,0,19000,19971.82898891645,264.2747499921825,63376.7161249998,372.02733485193625
1777186743,0,,Aggregated,11.400000,0.000000,0,0,0,0,0,0,0,0,0,0,0,3073,0,19000,19971.82898891645,264.2747499921825,63376.7161249998,372.02733485193625
1777186744,0,GET,trips_per_route,11.400000,0.000000,0,0,0,0,0,0,0,0,0,0,0,3073,0,19000,19971.82898891645,264.2747499921825,63376.7161249998,372.02733485193625
1777186744,0,,Aggregated,11.400000,0.000000,0,0,0,0,0,0,0,0,0,0,0,3073,0,19000,19971.82898891645,264.2747499921825,63376.7161249998,372.02733485193625
1777186745,0,GET,trips_per_route,11.400000,0.000000,0,0,0,0,0,0,0,0,0,0,0,3073,0,19000,19971.82898891645,264.2747499921825,63376.7161249998,372.02733485193625
1777186745,0,,Aggregated,11.400000,0.000000,0,0,0,0,0,0,0,0,0,0,0,3073,0,19000,19971.82898891645,264.2747499921825,63376.7161249998,372.02733485193625
1777186746,0,GET,trips_per_route,11.400000,0.000000,0,0,0,0,0,0,0,0,0,0,0,3073,0,19000,19971.82898891645,264.2747499921825,63376.7161249998,372.02733485193625
1777186746,0,,Aggregated,11.400000,0.000000,0,0,0,0,0,0,0,0,0,0,0,3073,0,19000,19971.82898891645,264.2747499921825,63376.7161249998,372.02733485193625
1777186747,0,GET,trips_per_route,11.400000,0.000000,0,0,0,0,0,0,0,0,0,0,0,3073,0,19000,19971.82898891645,264.2747499921825,63376.7161249998,372.02733485193625
1777186747,0,,Aggregated,11.400000,0.000000,0,0,0,0,0,0,0,0,0,0,0,3073,0,19000,19971.82898891645,264.2747499921825,63376.7161249998,372.02733485193625
1777186748,0,GET,trips_per_route,11.400000,0.000000,0,0,0,0,0,0,0,0,0,0,0,3073,0,19000,19971.82898891645,264.2747499921825,63376.7161249998,372.02733485193625
1777186748,0,,Aggregated,11.400000,0.000000,0,0,0,0,0,0,0,0,0,0,0,3073,0,19000,19971.82898891645,264.2747499921825,63376.7161249998,372.02733485193625
1777186749,0,GET,trips_per_route,11.400000,0.000000,0,0,0,0,0,0,0,0,0,0,0,3073,0,19000,19971.82898891645,264.2747499921825,63376.7161249998,372.02733485193625
1777186749,0,,Aggregated,11.400000,0.000000,0,0,0,0,0,0,0,0,0,0,0,3073,0,19000,19971.82898891645,264.2747499921825,63376.7161249998,372.02733485193625
1777186750,0,GET,trips_per_route,11.400000,0.000000,0,0,0,0,0,0,0,0,0,0,0,3073,0,19000,19971.82898891645,264.2747499921825,63376.7161249998,372.02733485193625
1777186750,0,,Aggregated,11.400000,0.000000,0,0,0,0,0,0,0,0,0,0,0,3073,0,19000,19971.82898891645,264.2747499921825,63376.7161249998,372.02733485193625
1777186751,0,GET,trips_per_route,11.400000,0.000000,0,0,0,0,0,0,0,0,0,0,0,3073,0,19000,19971.82898891645,264.2747499921825,63376.7161249998,372.02733485193625
1777186751,0,,Aggregated,11.400000,0.000000,0,0,0,0,0,0,0,0,0,0,0,3073,0,19000,19971.82898891645,264.2747499921825,63376.7161249998,372.02733485193625
1777186752,0,GET,trips_per_route,11.400000,0.000000,0,0,0,0,0,0,0,0,0,0,0,3073,0,19000,19971.82898891645,264.2747499921825,63376.7161249998,372.02733485193625
1777186752,0,,Aggregated,11.400000,0.000000,0,0,0,0,0,0,0,0,0,0,0,3073,0,19000,19971.82898891645,264.2747499921825,63376.7161249998,372.02733485193625
1777186753,0,GET,trips_per_route,11.400000,0.000000,0,0,0,0,0,0,0,0,0,0,0,3073,0,19000,19971.82898891645,264.2747499921825,63376.7161249998,372.02733485193625
1777186753,0,,Aggregated,11.400000,0.000000,0,0,0,0,0,0,0,0,0,0,0,3073,0,19000,19971.82898891645,264.2747499921825,63376.7161249998,372.02733485193625
1777186754,0,GET,trips_per_route,11.400000,0.000000,0,0,0,0,0,0,0,0,0,0,0,3073,0,19000,19971.82898891645,264.2747499921825,63376.7161249998,372.02733485193625
1777186754,0,,Aggregated,11.400000,0.000000,0,0,0,0,0,0,0,0,0,0,0,3073,0,19000,19971.82898891645,264.2747499921825,63376.7161249998,372.02733485193625
1777186755,0,GET,trips_per_route,11.400000,0.000000,0,0,0,0,0,0,0,0,0,0,0,3073,0,19000,19971.82898891645,264.2747499921825,63376.7161249998,372.02733485193625
1777186755,0,,Aggregated,11.400000,0.000000,0,0,0,0,0,0,0,0,0,0,0,3073,0,19000,19971.82898891645,264.2747499921825,63376.7161249998,372.02733485193625
1777186756,0,GET,trips_per_route,11.400000,0.000000,0,0,0,0,0,0,0,0,0,0,0,3073,0,19000,19971.82898891645,264.2747499921825,63376.7161249998,372.02733485193625
1777186756,0,,Aggregated,11.400000,0.000000,0,0,0,0,0,0,0,0,0,0,0,3073,0,19000,19971.82898891645,264.2747499921825,63376.7161249998,372.02733485193625
1777186757,0,GET,trips_per_route,11.400000,0.000000,0,0,0,0,0,0,0,0,0,0,0,3073,0,19000,19971.82898891645,264.2747499921825,63376.7161249998,372.02733485193625
1777186757,0,,Aggregated,11.400000,0.000000,0,0,0,0,0,0,0,0,0,0,0,3073,0,19000,19971.82898891645,264.2747499921825,63376.7161249998,372.02733485193625
1777186758,0,GET,trips_per_route,11.400000,0.000000,0,0,0,0,0,0,0,0,0,0,0,3073,0,19000,19971.82898891645,264.2747499921825,63376.7161249998,372.02733485193625
1777186758,0,,Aggregated,11.400000,0.000000,0,0,0,0,0,0,0,0,0,0,0,3073,0,19000,19971.82898891645,264.2747499921825,63376.7161249998,372.02733485193625
1777186759,0,GET,trips_per_route,11.400000,0.000000,0,0,0,0,0,0,0,0,0,0,0,3073,0,19000,19971.82898891645,264.2747499921825,63376.7161249998,372.02733485193625
1777186759,0,,Aggregated,11.400000,0.000000,0,0,0,0,0,0,0,0,0,0,0,3073,0,19000,19971.82898891645,264.2747499921825,63376.7161249998,372.02733485193625
1777186760,0,GET,trips_per_route,11.400000,0.000000,0,0,0,0,0,0,0,0,0,0,0,3073,0,19000,19971.82898891645,264.2747499921825,63376.7161249998,372.02733485193625
1777186760,0,,Aggregated,11.400000,0.000000,0,0,0,0,0,0,0,0,0,0,0,3073,0,19000,19971.82898891645,264.2747499921825,63376.7161249998,372.02733485193625
1777186761,0,GET,trips_per_route,11.400000,0.000000,0,0,0,0,0,0,0,0,0,0,0,3073,0,19000,19971.82898891645,264.2747499921825,63376.7161249998,372.02733485193625
1777186761,0,,Aggregated,11.400000,0.000000,0,0,0,0,0,0,0,0,0,0,0,3073,0,19000,19971.82898891645,264.2747499921825,63376.7161249998,372.02733485193625
1777186762,0,GET,trips_per_route,11.400000,0.000000,0,0,0,0,0,0,0,0,0,0,0,3073,0,19000,19971.82898891645,264.2747499921825,63376.7161249998,372.02733485193625
1777186762,0,,Aggregated,11.400000,0.000000,0,0,0,0,0,0,0,0,0,0,0,3073,0,19000,19971.82898891645,264.2747499921825,63376.7161249998,372.02733485193625
1777186763,0,GET,trips_per_route,11.400000,0.000000,0,0,0,0,0,0,0,0,0,0,0,3073,0,19000,19971.82898891645,264.2747499921825,63376.7161249998,372.02733485193625
1777186763,0,,Aggregated,11.400000,0.000000,0,0,0,0,0,0,0,0,0,0,0,3073,0,19000,19971.82898891645,264.2747499921825,63376.7161249998,372.02733485193625
1777186764,0,GET,trips_per_route,11.400000,0.000000,0,0,0,0,0,0,0,0,0,0,0,3073,0,19000,19971.82898891645,264.2747499921825,63376.7161249998,372.02733485193625
1777186764,0,,Aggregated,11.400000,0.000000,0,0,0,0,0,0,0,0,0,0,0,3073,0,19000,19971.82898891645,264.2747499921825,63376.7161249998,372.02733485193625
1777186765,0,GET,trips_per_route,11.400000,0.000000,0,0,0,0,0,0,0,0,0,0,0,3073,0,19000,19971.82898891645,264.2747499921825,63376.7161249998,372.02733485193625
1777186765,0,,Aggregated,11.400000,0.000000,0,0,0,0,0,0,0,0,0,0,0,3073,0,19000,19971.82898891645,264.2747499921825,63376.7161249998,372.02733485193625
1777186766,0,GET,trips_per_route,11.400000,0.000000,0,0,0,0,0,0,0,0,0,0,0,3073,0,19000,19971.82898891645,264.2747499921825,63376.7161249998,372.02733485193625
1777186766,0,,Aggregated,11.400000,0.000000,0,0,0,0,0,0,0,0,0,0,0,3073,0,19000,19971.82898891645,264.2747499921825,63376.7161249998,372.02733485193625
1777186767,0,GET,trips_per_route,11.400000,0.000000,0,0,0,0,0,0,0,0,0,0,0,3073,0,19000,19971.82898891645,264.2747499921825,63376.7161249998,372.02733485193625
1777186767,0,,Aggregated,11.400000,0.000000,0,0,0,0,0,0,0,0,0,0,0,3073,0,19000,19971.82898891645,264.2747499921825,63376.7161249998,372.02733485193625
1777186768,0,GET,trips_per_route,11.400000,0.000000,0,0,0,0,0,0,0,0,0,0,0,3073,0,19000,19971.82898891645,264.2747499921825,63376.7161249998,372.02733485193625
1777186768,0,,Aggregated,11.400000,0.000000,0,0,0,0,0,0,0,0,0,0,0,3073,0,19000,19971.82898891645,264.2747499921825,63376.7161249998,372.02733485193625
1777186769,0,GET,trips_per_route,11.400000,0.000000,0,0,0,0,0,0,0,0,0,0,0,3073,0,19000,19971.82898891645,264.2747499921825,63376.7161249998,372.02733485193625
1777186769,0,,Aggregated,11.400000,0.000000,0,0,0,0,0,0,0,0,0,0,0,3073,0,19000,19971.82898891645,264.2747499921825,63376.7161249998,372.02733485193625
1777186770,0,GET,trips_per_route,11.400000,0.000000,0,0,0,0,0,0,0,0,0,0,0,3073,0,19000,19971.82898891645,264.2747499921825,63376.7161249998,372.02733485193625
1777186770,0,,Aggregated,11.400000,0.000000,0,0,0,0,0,0,0,0,0,0,0,3073,0,19000,19971.82898891645,264.2747499921825,63376.7161249998,372.02733485193625
1777186771,0,GET,trips_per_route,11.400000,0.000000,0,0,0,0,0,0,0,0,0,0,0,3073,0,19000,19971.82898891645,264.2747499921825,63376.7161249998,372.02733485193625
1777186771,0,,Aggregated,11.400000,0.000000,0,0,0,0,0,0,0,0,0,0,0,3073,0,19000,19971.82898891645,264.2747499921825,63376.7161249998,372.02733485193625
1777186772,0,GET,trips_per_route,11.400000,0.000000,0,0,0,0,0,0,0,0,0,0,0,3073,0,19000,19971.82898891645,264.2747499921825,63376.7161249998,372.02733485193625
1777186772,0,,Aggregated,11.400000,0.000000,0,0,0,0,0,0,0,0,0,0,0,3073,0,19000,19971.82898891645,264.2747499921825,63376.7161249998,372.02733485193625
1777186773,0,GET,trips_per_route,11.400000,0.000000,0,0,0,0,0,0,0,0,0,0,0,3073,0,19000,19971.82898891645,264.2747499921825,63376.7161249998,372.02733485193625
1777186773,0,,Aggregated,11.400000,0.000000,0,0,0,0,0,0,0,0,0,0,0,3073,0,19000,19971.82898891645,264.2747499921825,63376.7161249998,372.02733485193625
1777186774,0,GET,trips_per_route,11.400000,0.000000,0,0,0,0,0,0,0,0,0,0,0,3073,0,19000,19971.82898891645,264.2747499921825,63376.7161249998,372.02733485193625
1777186774,0,,Aggregated,11.400000,0.000000,0,0,0,0,0,0,0,0,0,0,0,3073,0,19000,19971.82898891645,264.2747499921825,63376.7161249998,372.02733485193625
1777186775,0,GET,trips_per_route,11.400000,0.000000,0,0,0,0,0,0,0,0,0,0,0,3073,0,19000,19971.82898891645,264.2747499921825,63376.7161249998,372.02733485193625
1777186775,0,,Aggregated,11.400000,0.000000,0,0,0,0,0,0,0,0,0,0,0,3073,0,19000,19971.82898891645,264.2747499921825,63376.7161249998,372.02733485193625
1777186776,0,GET,trips_per_route,11.400000,0.000000,0,0,0,0,0,0,0,0,0,0,0,3073,0,19000,19971.82898891645,264.2747499921825,63376.7161249998,372.02733485193625
1777186776,0,,Aggregated,11.400000,0.000000,0,0,0,0,0,0,0,0,0,0,0,3073,0,19000,19971.82898891645,264.2747499921825,63376.7161249998,372.02733485193625
1777186777,0,GET,trips_per_route,11.400000,0.000000,0,0,0,0,0,0,0,0,0,0,0,3073,0,19000,19971.82898891645,264.2747499921825,63376.7161249998,372.02733485193625
1777186777,0,,Aggregated,11.400000,0.000000,0,0,0,0,0,0,0,0,0,0,0,3073,0,19000,19971.82898891645,264.2747499921825,63376.7161249998,372.02733485193625
1777186778,0,GET,trips_per_route,11.400000,0.000000,0,0,0,0,0,0,0,0,0,0,0,3073,0,19000,19971.82898891645,264.2747499921825,63376.7161249998,372.02733485193625
1777186778,0,,Aggregated,11.400000,0.000000,0,0,0,0,0,0,0,0,0,0,0,3073,0,19000,19971.82898891645,264.2747499921825,63376.7161249998,372.02733485193625
1777186779,0,GET,trips_per_route,11.400000,0.000000,0,0,0,0,0,0,0,0,0,0,0,3073,0,19000,19971.82898891645,264.2747499921825,63376.7161249998,372.02733485193625
1777186779,0,,Aggregated,11.400000,0.000000,0,0,0,0,0,0,0,0,0,0,0,3073,0,19000,19971.82898891645,264.2747499921825,63376.7161249998,372.02733485193625
1777186780,0,GET,trips_per_route,11.400000,0.000000,0,0,0,0,0,0,0,0,0,0,0,3073,0,19000,19971.82898891645,264.2747499921825,63376.7161249998,372.02733485193625
1777186780,0,,Aggregated,11.400000,0.000000,0,0,0,0,0,0,0,0,0,0,0,3073,0,19000,19971.82898891645,264.2747499921825,63376.7161249998,372.02733485193625
1777186781,0,GET,trips_per_route,11.400000,0.000000,0,0,0,0,0,0,0,0,0,0,0,3073,0,19000,19971.82898891645,264.2747499921825,63376.7161249998,372.02733485193625
1777186781,0,,Aggregated,11.400000,0.000000,0,0,0,0,0,0,0,0,0,0,0,3073,0,19000,19971.82898891645,264.2747499921825,63376.7161249998,372.02733485193625
1777186782,0,GET,trips_per_route,11.400000,0.000000,0,0,0,0,0,0,0,0,0,0,0,3073,0,19000,19971.82898891645,264.2747499921825,63376.7161249998,372.02733485193625
1777186782,0,,Aggregated,11.400000,0.000000,0,0,0,0,0,0,0,0,0,0,0,3073,0,19000,19971.82898891645,264.2747499921825,63376.7161249998,372.02733485193625
1777186783,0,GET,trips_per_route,11.400000,0.000000,0,0,0,0,0,0,0,0,0,0,0,3073,0,19000,19971.82898891645,264.2747499921825,63376.7161249998,372.02733485193625
1777186783,0,,Aggregated,11.400000,0.000000,0,0,0,0,0,0,0,0,0,0,0,3073,0,19000,19971.82898891645,264.2747499921825,63376.7161249998,372.02733485193625
1777186784,0,GET,trips_per_route,11.400000,0.000000,0,0,0,0,0,0,0,0,0,0,0,3073,0,19000,19971.82898891645,264.2747499921825,63376.7161249998,372.02733485193625
1777186784,0,,Aggregated,11.400000,0.000000,0,0,0,0,0,0,0,0,0,0,0,3073,0,19000,19971.82898891645,264.2747499921825,63376.7161249998,372.02733485193625
1777186785,0,GET,trips_per_route,11.400000,0.000000,0,0,0,0,0,0,0,0,0,0,0,3073,0,19000,19971.82898891645,264.2747499921825,63376.7161249998,372.02733485193625
1777186785,0,,Aggregated,11.400000,0.000000,0,0,0,0,0,0,0,0,0,0,0,3073,0,19000,19971.82898891645,264.2747499921825,63376.7161249998,372.02733485193625
1777186786,0,GET,trips_per_route,11.400000,0.000000,0,0,0,0,0,0,0,0,0,0,0,3073,0,19000,19971.82898891645,264.2747499921825,63376.7161249998,372.02733485193625
1777186786,0,,Aggregated,11.400000,0.000000,0,0,0,0,0,0,0,0,0,0,0,3073,0,19000,19971.82898891645,264.2747499921825,63376.7161249998,372.02733485193625
1777186787,0,GET,trips_per_route,11.400000,0.000000,0,0,0,0,0,0,0,0,0,0,0,3073,0,19000,19971.82898891645,264.2747499921825,63376.7161249998,372.02733485193625
1777186787,0,,Aggregated,11.400000,0.000000,0,0,0,0,0,0,0,0,0,0,0,3073,0,19000,19971.82898891645,264.2747499921825,63376.7161249998,372.02733485193625
1777186788,0,GET,trips_per_route,11.400000,0.000000,0,0,0,0,0,0,0,0,0,0,0,3073,0,19000,19971.82898891645,264.2747499921825,63376.7161249998,372.02733485193625
1777186788,0,,Aggregated,11.400000,0.000000,0,0,0,0,0,0,0,0,0,0,0,3073,0,19000,19971.82898891645,264.2747499921825,63376.7161249998,372.02733485193625
1777186789,0,GET,trips_per_route,11.400000,0.000000,0,0,0,0,0,0,0,0,0,0,0,3073,0,19000,19971.82898891645,264.2747499921825,63376.7161249998,372.02733485193625
1777186789,0,,Aggregated,11.400000,0.000000,0,0,0,0,0,0,0,0,0,0,0,3073,0,19000,19971.82898891645,264.2747499921825,63376.7161249998,372.02733485193625
1777186790,0,GET,trips_per_route,11.400000,0.000000,0,0,0,0,0,0,0,0,0,0,0,3073,0,19000,19971.82898891645,264.2747499921825,63376.7161249998,372.02733485193625
1777186790,0,,Aggregated,11.400000,0.000000,0,0,0,0,0,0,0,0,0,0,0,3073,0,19000,19971.82898891645,264.2747499921825,63376.7161249998,372.02733485193625
1777186791,0,GET,trips_per_route,11.400000,0.000000,0,0,0,0,0,0,0,0,0,0,0,3073,0,19000,19971.82898891645,264.2747499921825,63376.7161249998,372.02733485193625
1777186791,0,,Aggregated,11.400000,0.000000,0,0,0,0,0,0,0,0,0,0,0,3073,0,19000,19971.82898891645,264.2747499921825,63376.7161249998,372.02733485193625
1777186792,0,GET,trips_per_route,11.400000,0.000000,0,0,0,0,0,0,0,0,0,0,0,3073,0,19000,19971.82898891645,264.2747499921825,63376.7161249998,372.02733485193625
1777186792,0,,Aggregated,11.400000,0.000000,0,0,0,0,0,0,0,0,0,0,0,3073,0,19000,19971.82898891645,264.2747499921825,63376.7161249998,372.02733485193625
1777186793,0,GET,trips_per_route,11.400000,0.000000,0,0,0,0,0,0,0,0,0,0,0,3073,0,19000,19971.82898891645,264.2747499921825,63376.7161249998,372.02733485193625
1777186793,0,,Aggregated,11.400000,0.000000,0,0,0,0,0,0,0,0,0,0,0,3073,0,19000,19971.82898891645,264.2747499921825,63376.7161249998,372.02733485193625
1777186794,0,GET,trips_per_route,11.400000,0.000000,0,0,0,0,0,0,0,0,0,0,0,3073,0,19000,19971.82898891645,264.2747499921825,63376.7161249998,372.02733485193625
1777186794,0,,Aggregated,11.400000,0.000000,0,0,0,0,0,0,0,0,0,0,0,3073,0,19000,19971.82898891645,264.2747499921825,63376.7161249998,372.02733485193625
1777186795,0,GET,trips_per_route,11.400000,0.000000,0,0,0,0,0,0,0,0,0,0,0,3073,0,19000,19971.82898891645,264.2747499921825,63376.7161249998,372.02733485193625
1777186795,0,,Aggregated,11.400000,0.000000,0,0,0,0,0,0,0,0,0,0,0,3073,0,19000,19971.82898891645,264.2747499921825,63376.7161249998,372.02733485193625
1777186796,0,GET,trips_per_route,11.400000,0.000000,0,0,0,0,0,0,0,0,0,0,0,3073,0,19000,19971.82898891645,264.2747499921825,63376.7161249998,372.02733485193625
1777186796,0,,Aggregated,11.400000,0.000000,0,0,0,0,0,0,0,0,0,0,0,3073,0,19000,19971.82898891645,264.2747499921825,63376.7161249998,372.02733485193625
1777186797,0,GET,trips_per_route,11.400000,0.000000,0,0,0,0,0,0,0,0,0,0,0,3073,0,19000,19971.82898891645,264.2747499921825,63376.7161249998,372.02733485193625
1777186797,0,,Aggregated,11.400000,0.000000,0,0,0,0,0,0,0,0,0,0,0,3073,0,19000,19971.82898891645,264.2747499921825,63376.7161249998,372.02733485193625
1777186798,0,GET,trips_per_route,11.400000,0.000000,0,0,0,0,0,0,0,0,0,0,0,3073,0,19000,19971.82898891645,264.2747499921825,63376.7161249998,372.02733485193625
1777186798,0,,Aggregated,11.400000,0.000000,0,0,0,0,0,0,0,0,0,0,0,3073,0,19000,19971.82898891645,264.2747499921825,63376.7161249998,372.02733485193625
1777186799,0,GET,trips_per_route,11.400000,0.000000,0,0,0,0,0,0,0,0,0,0,0,3073,0,19000,19971.82898891645,264.2747499921825,63376.7161249998,372.02733485193625
1777186799,0,,Aggregated,11.400000,0.000000,0,0,0,0,0,0,0,0,0,0,0,3073,0,19000,19971.82898891645,264.2747499921825,63376.7161249998,372.02733485193625
1777186800,0,GET,trips_per_route,11.400000,0.000000,0,0,0,0,0,0,0,0,0,0,0,3073,0,19000,19971.82898891645,264.2747499921825,63376.7161249998,372.02733485193625
1777186800,0,,Aggregated,11.400000,0.000000,0,0,0,0,0,0,0,0,0,0,0,3073,0,19000,19971.82898891645,264.2747499921825,63376.7161249998,372.02733485193625
1777186801,0,GET,trips_per_route,11.400000,0.000000,0,0,0,0,0,0,0,0,0,0,0,3073,0,19000,19971.82898891645,264.2747499921825,63376.7161249998,372.02733485193625
1777186801,0,,Aggregated,11.400000,0.000000,0,0,0,0,0,0,0,0,0,0,0,3073,0,19000,19971.82898891645,264.2747499921825,63376.7161249998,372.02733485193625
1777186802,0,GET,trips_per_route,11.400000,0.000000,0,0,0,0,0,0,0,0,0,0,0,3073,0,19000,19971.82898891645,264.2747499921825,63376.7161249998,372.02733485193625
1777186802,0,,Aggregated,11.400000,0.000000,0,0,0,0,0,0,0,0,0,0,0,3073,0,19000,19971.82898891645,264.2747499921825,63376.7161249998,372.02733485193625
1777186803,0,GET,trips_per_route,11.400000,0.000000,0,0,0,0,0,0,0,0,0,0,0,3073,0,19000,19971.82898891645,264.2747499921825,63376.7161249998,372.02733485193625
1777186803,0,,Aggregated,11.400000,0.000000,0,0,0,0,0,0,0,0,0,0,0,3073,0,19000,19971.82898891645,264.2747499921825,63376.7161249998,372.02733485193625
1777186804,0,GET,trips_per_route,11.400000,0.000000,0,0,0,0,0,0,0,0,0,0,0,3073,0,19000,19971.82898891645,264.2747499921825,63376.7161249998,372.02733485193625
1777186804,0,,Aggregated,11.400000,0.000000,0,0,0,0,0,0,0,0,0,0,0,3073,0,19000,19971.82898891645,264.2747499921825,63376.7161249998,372.02733485193625
1777186805,0,GET,trips_per_route,11.400000,0.000000,0,0,0,0,0,0,0,0,0,0,0,3073,0,19000,19971.82898891645,264.2747499921825,63376.7161249998,372.02733485193625
1777186805,0,,Aggregated,11.400000,0.000000,0,0,0,0,0,0,0,0,0,0,0,3073,0,19000,19971.82898891645,264.2747499921825,63376.7161249998,372.02733485193625
1777186806,0,GET,trips_per_route,11.400000,0.000000,0,0,0,0,0,0,0,0,0,0,0,3073,0,19000,19971.82898891645,264.2747499921825,63376.7161249998,372.02733485193625
1777186806,0,,Aggregated,11.400000,0.000000,0,0,0,0,0,0,0,0,0,0,0,3073,0,19000,19971.82898891645,264.2747499921825,63376.7161249998,372.02733485193625
1777186807,0,GET,trips_per_route,11.400000,0.000000,0,0,0,0,0,0,0,0,0,0,0,3073,0,19000,19971.82898891645,264.2747499921825,63376.7161249998,372.02733485193625
1777186807,0,,Aggregated,11.400000,0.000000,0,0,0,0,0,0,0,0,0,0,0,3073,0,19000,19971.82898891645,264.2747499921825,63376.7161249998,372.02733485193625
1777186808,0,GET,trips_per_route,11.400000,0.000000,0,0,0,0,0,0,0,0,0,0,0,3073,0,19000,19971.82898891645,264.2747499921825,63376.7161249998,372.02733485193625
1777186808,0,,Aggregated,11.400000,0.000000,0,0,0,0,0,0,0,0,0,0,0,3073,0,19000,19971.82898891645,264.2747499921825,63376.7161249998,372.02733485193625
1777186809,0,GET,trips_per_route,11.400000,0.000000,0,0,0,0,0,0,0,0,0,0,0,3073,0,19000,19971.82898891645,264.2747499921825,63376.7161249998,372.02733485193625
1777186809,0,,Aggregated,11.400000,0.000000,0,0,0,0,0,0,0,0,0,0,0,3073,0,19000,19971.82898891645,264.2747499921825,63376.7161249998,372.02733485193625
1777186810,0,GET,trips_per_route,11.400000,0.000000,0,0,0,0,0,0,0,0,0,0,0,3073,0,19000,19971.82898891645,264.2747499921825,63376.7161249998,372.02733485193625
1777186810,0,,Aggregated,11.400000,0.000000,0,0,0,0,0,0,0,0,0,0,0,3073,0,19000,19971.82898891645,264.2747499921825,63376.7161249998,372.02733485193625
1777186811,0,GET,trips_per_route,11.400000,0.000000,0,0,0,0,0,0,0,0,0,0,0,3073,0,19000,19971.82898891645,264.2747499921825,63376.7161249998,372.02733485193625
1777186811,0,,Aggregated,11.400000,0.000000,0,0,0,0,0,0,0,0,0,0,0,3073,0,19000,19971.82898891645,264.2747499921825,63376.7161249998,372.02733485193625
1777186812,0,GET,trips_per_route,11.400000,0.000000,0,0,0,0,0,0,0,0,0,0,0,3073,0,19000,19971.82898891645,264.2747499921825,63376.7161249998,372.02733485193625
1777186812,0,,Aggregated,11.400000,0.000000,0,0,0,0,0,0,0,0,0,0,0,3073,0,19000,19971.82898891645,264.2747499921825,63376.7161249998,372.02733485193625
1777186813,0,GET,trips_per_route,11.400000,0.000000,0,0,0,0,0,0,0,0,0,0,0,3073,0,19000,19971.82898891645,264.2747499921825,63376.7161249998,372.02733485193625
1777186813,0,,Aggregated,11.400000,0.000000,0,0,0,0,0,0,0,0,0,0,0,3073,0,19000,19971.82898891645,264.2747499921825,63376.7161249998,372.02733485193625
1777186814,0,GET,trips_per_route,11.400000,0.000000,0,0,0,0,0,0,0,0,0,0,0,3073,0,19000,19971.82898891645,264.2747499921825,63376.7161249998,372.02733485193625
1777186814,0,,Aggregated,11.400000,0.000000,0,0,0,0,0,0,0,0,0,0,0,3073,0,19000,19971.82898891645,264.2747499921825,63376.7161249998,372.02733485193625
1777186815,0,GET,trips_per_route,11.400000,0.000000,0,0,0,0,0,0,0,0,0,0,0,3073,0,19000,19971.82898891645,264.2747499921825,63376.7161249998,372.02733485193625
1777186815,0,,Aggregated,11.400000,0.000000,0,0,0,0,0,0,0,0,0,0,0,3073,0,19000,19971.82898891645,264.2747499921825,63376.7161249998,372.02733485193625
1777186816,0,GET,trips_per_route,11.400000,0.000000,0,0,0,0,0,0,0,0,0,0,0,3073,0,19000,19971.82898891645,264.2747499921825,63376.7161249998,372.02733485193625
1777186816,0,,Aggregated,11.400000,0.000000,0,0,0,0,0,0,0,0,0,0,0,3073,0,19000,19971.82898891645,264.2747499921825,63376.7161249998,372.02733485193625
1777186817,0,GET,trips_per_route,11.400000,0.000000,0,0,0,0,0,0,0,0,0,0,0,3073,0,19000,19971.82898891645,264.2747499921825,63376.7161249998,372.02733485193625
1777186817,0,,Aggregated,11.400000,0.000000,0,0,0,0,0,0,0,0,0,0,0,3073,0,19000,19971.82898891645,264.2747499921825,63376.7161249998,372.02733485193625
1777186818,0,GET,trips_per_route,11.400000,0.000000,0,0,0,0,0,0,0,0,0,0,0,3073,0,19000,19971.82898891645,264.2747499921825,63376.7161249998,372.02733485193625
1777186818,0,,Aggregated,11.400000,0.000000,0,0,0,0,0,0,0,0,0,0,0,3073,0,19000,19971.82898891645,264.2747499921825,63376.7161249998,372.02733485193625
1777186819,0,GET,trips_per_route,11.400000,0.000000,0,0,0,0,0,0,0,0,0,0,0,3073,0,19000,19971.82898891645,264.2747499921825,63376.7161249998,372.02733485193625
1777186819,0,,Aggregated,11.400000,0.000000,0,0,0,0,0,0,0,0,0,0,0,3073,0,19000,19971.82898891645,264.2747499921825,63376.7161249998,372.02733485193625
1777186820,0,GET,trips_per_route,11.400000,0.000000,0,0,0,0,0,0,0,0,0,0,0,3073,0,19000,19971.82898891645,264.2747499921825,63376.7161249998,372.02733485193625
1777186820,0,,Aggregated,11.400000,0.000000,0,0,0,0,0,0,0,0,0,0,0,3073,0,19000,19971.82898891645,264.2747499921825,63376.7161249998,372.02733485193625
1777186821,0,GET,trips_per_route,11.400000,0.000000,0,0,0,0,0,0,0,0,0,0,0,3073,0,19000,19971.82898891645,264.2747499921825,63376.7161249998,372.02733485193625
1777186821,0,,Aggregated,11.400000,0.000000,0,0,0,0,0,0,0,0,0,0,0,3073,0,19000,19971.82898891645,264.2747499921825,63376.7161249998,372.02733485193625
1777186822,0,GET,trips_per_route,11.400000,0.000000,0,0,0,0,0,0,0,0,0,0,0,3073,0,19000,19971.82898891645,264.2747499921825,63376.7161249998,372.02733485193625
1777186822,0,,Aggregated,11.400000,0.000000,0,0,0,0,0,0,0,0,0,0,0,3073,0,19000,19971.82898891645,264.2747499921825,63376.7161249998,372.02733485193625
1777186823,0,GET,trips_per_route,11.400000,0.000000,0,0,0,0,0,0,0,0,0,0,0,3073,0,19000,19971.82898891645,264.2747499921825,63376.7161249998,372.02733485193625
1777186823,0,,Aggregated,11.400000,0.000000,0,0,0,0,0,0,0,0,0,0,0,3073,0,19000,19971.82898891645,264.2747499921825,63376.7161249998,372.02733485193625
1777186824,0,GET,trips_per_route,11.400000,0.000000,0,0,0,0,0,0,0,0,0,0,0,3073,0,19000,19971.82898891645,264.2747499921825,63376.7161249998,372.02733485193625
1777186824,0,,Aggregated,11.400000,0.000000,0,0,0,0,0,0,0,0,0,0,0,3073,0,19000,19971.82898891645,264.2747499921825,63376.7161249998,372.02733485193625
1777186825,0,GET,trips_per_route,11.400000,0.000000,0,0,0,0,0,0,0,0,0,0,0,3073,0,19000,19971.82898891645,264.2747499921825,63376.7161249998,372.02733485193625
1777186825,0,,Aggregated,11.400000,0.000000,0,0,0,0,0,0,0,0,0,0,0,3073,0,19000,19971.82898891645,264.2747499921825,63376.7161249998,372.02733485193625
1777186826,0,GET,trips_per_route,11.400000,0.000000,0,0,0,0,0,0,0,0,0,0,0,3073,0,19000,19971.82898891645,264.2747499921825,63376.7161249998,372.02733485193625
1777186826,0,,Aggregated,11.400000,0.000000,0,0,0,0,0,0,0,0,0,0,0,3073,0,19000,19971.82898891645,264.2747499921825,63376.7161249998,372.02733485193625
1777186827,0,GET,trips_per_route,11.400000,0.000000,0,0,0,0,0,0,0,0,0,0,0,3073,0,19000,19971.82898891645,264.2747499921825,63376.7161249998,372.02733485193625
1777186827,0,,Aggregated,11.400000,0.000000,0,0,0,0,0,0,0,0,0,0,0,3073,0,19000,19971.82898891645,264.2747499921825,63376.7161249998,372.02733485193625
1777186828,0,GET,trips_per_route,11.400000,0.000000,0,0,0,0,0,0,0,0,0,0,0,3073,0,19000,19971.82898891645,264.2747499921825,63376.7161249998,372.02733485193625
1777186828,0,,Aggregated,11.400000,0.000000,0,0,0,0,0,0,0,0,0,0,0,3073,0,19000,19971.82898891645,264.2747499921825,63376.7161249998,372.02733485193625
1777186829,0,GET,trips_per_route,11.400000,0.000000,0,0,0,0,0,0,0,0,0,0,0,3073,0,19000,19971.82898891645,264.2747499921825,63376.7161249998,372.02733485193625
1777186829,0,,Aggregated,11.400000,0.000000,0,0,0,0,0,0,0,0,0,0,0,3073,0,19000,19971.82898891645,264.2747499921825,63376.7161249998,372.02733485193625
1777186830,0,GET,trips_per_route,11.400000,0.000000,0,0,0,0,0,0,0,0,0,0,0,3073,0,19000,19971.82898891645,264.2747499921825,63376.7161249998,372.02733485193625
1777186830,0,,Aggregated,11.400000,0.000000,0,0,0,0,0,0,0,0,0,0,0,3073,0,19000,19971.82898891645,264.2747499921825,63376.7161249998,372.02733485193625
1777186831,0,GET,trips_per_route,11.400000,0.000000,0,0,0,0,0,0,0,0,0,0,0,3073,0,19000,19971.82898891645,264.2747499921825,63376.7161249998,372.02733485193625
1777186831,0,,Aggregated,11.400000,0.000000,0,0,0,0,0,0,0,0,0,0,0,3073,0,19000,19971.82898891645,264.2747499921825,63376.7161249998,372.02733485193625
1777186832,0,GET,trips_per_route,11.400000,0.000000,0,0,0,0,0,0,0,0,0,0,0,3073,0,19000,19971.82898891645,264.2747499921825,63376.7161249998,372.02733485193625
1777186832,0,,Aggregated,11.400000,0.000000,0,0,0,0,0,0,0,0,0,0,0,3073,0,19000,19971.82898891645,264.2747499921825,63376.7161249998,372.02733485193625
1777186833,0,GET,trips_per_route,11.400000,0.000000,0,0,0,0,0,0,0,0,0,0,0,3073,0,19000,19971.82898891645,264.2747499921825,63376.7161249998,372.02733485193625
1777186833,0,,Aggregated,11.400000,0.000000,0,0,0,0,0,0,0,0,0,0,0,3073,0,19000,19971.82898891645,264.2747499921825,63376.7161249998,372.02733485193625
1777186834,0,GET,trips_per_route,11.400000,0.000000,0,0,0,0,0,0,0,0,0,0,0,3073,0,19000,19971.82898891645,264.2747499921825,63376.7161249998,372.02733485193625
1777186834,0,,Aggregated,11.400000,0.000000,0,0,0,0,0,0,0,0,0,0,0,3073,0,19000,19971.82898891645,264.2747499921825,63376.7161249998,372.02733485193625
1777186835,0,GET,trips_per_route,11.400000,0.000000,0,0,0,0,0,0,0,0,0,0,0,3073,0,19000,19971.82898891645,264.2747499921825,63376.7161249998,372.02733485193625
1777186835,0,,Aggregated,11.400000,0.000000,0,0,0,0,0,0,0,0,0,0,0,3073,0,19000,19971.82898891645,264.2747499921825,63376.7161249998,372.02733485193625
1777186836,0,GET,trips_per_route,11.400000,0.000000,0,0,0,0,0,0,0,0,0,0,0,3073,0,19000,19971.82898891645,264.2747499921825,63376.7161249998,372.02733485193625
1777186836,0,,Aggregated,11.400000,0.000000,0,0,0,0,0,0,0,0,0,0,0,3073,0,19000,19971.82898891645,264.2747499921825,63376.7161249998,372.02733485193625
1777186837,0,GET,trips_per_route,11.400000,0.000000,0,0,0,0,0,0,0,0,0,0,0,3073,0,19000,19971.82898891645,264.2747499921825,63376.7161249998,372.02733485193625
1777186837,0,,Aggregated,11.400000,0.000000,0,0,0,0,0,0,0,0,0,0,0,3073,0,19000,19971.82898891645,264.2747499921825,63376.7161249998,372.02733485193625
1777186838,0,GET,trips_per_route,11.400000,0.000000,0,0,0,0,0,0,0,0,0,0,0,3073,0,19000,19971.82898891645,264.2747499921825,63376.7161249998,372.02733485193625
1777186838,0,,Aggregated,11.400000,0.000000,0,0,0,0,0,0,0,0,0,0,0,3073,0,19000,19971.82898891645,264.2747499921825,63376.7161249998,372.02733485193625
1777186839,0,GET,trips_per_route,11.400000,0.000000,0,0,0,0,0,0,0,0,0,0,0,3073,0,19000,19971.82898891645,264.2747499921825,63376.7161249998,372.02733485193625
1777186839,0,,Aggregated,11.400000,0.000000,0,0,0,0,0,0,0,0,0,0,0,3073,0,19000,19971.82898891645,264.2747499921825,63376.7161249998,372.02733485193625
1777186840,0,GET,trips_per_route,11.400000,0.000000,0,0,0,0,0,0,0,0,0,0,0,3073,0,19000,19971.82898891645,264.2747499921825,63376.7161249998,372.02733485193625
1777186840,0,,Aggregated,11.400000,0.000000,0,0,0,0,0,0,0,0,0,0,0,3073,0,19000,19971.82898891645,264.2747499921825,63376.7161249998,372.02733485193625
1777186841,0,GET,trips_per_route,11.400000,0.000000,0,0,0,0,0,0,0,0,0,0,0,3073,0,19000,19971.82898891645,264.2747499921825,63376.7161249998,372.02733485193625
1777186841,0,,Aggregated,11.400000,0.000000,0,0,0,0,0,0,0,0,0,0,0,3073,0,19000,19971.82898891645,264.2747499921825,63376.7161249998,372.02733485193625
1777186842,0,GET,trips_per_route,11.400000,0.000000,0,0,0,0,0,0,0,0,0,0,0,3073,0,19000,19971.82898891645,264.2747499921825,63376.7161249998,372.02733485193625
1777186842,0,,Aggregated,11.400000,0.000000,0,0,0,0,0,0,0,0,0,0,0,3073,0,19000,19971.82898891645,264.2747499921825,63376.7161249998,372.02733485193625
1777186843,0,GET,trips_per_route,11.400000,0.000000,0,0,0,0,0,0,0,0,0,0,0,3073,0,19000,19971.82898891645,264.2747499921825,63376.7161249998,372.02733485193625
1777186843,0,,Aggregated,11.400000,0.000000,0,0,0,0,0,0,0,0,0,0,0,3073,0,19000,19971.82898891645,264.2747499921825,63376.7161249998,372.02733485193625
1777186844,0,GET,trips_per_route,11.400000,0.000000,0,0,0,0,0,0,0,0,0,0,0,3073,0,19000,19971.82898891645,264.2747499921825,63376.7161249998,372.02733485193625
1777186844,0,,Aggregated,11.400000,0.000000,0,0,0,0,0,0,0,0,0,0,0,3073,0,19000,19971.82898891645,264.2747499921825,63376.7161249998,372.02733485193625
1777186845,0,GET,trips_per_route,11.400000,0.000000,0,0,0,0,0,0,0,0,0,0,0,3073,0,19000,19971.82898891645,264.2747499921825,63376.7161249998,372.02733485193625
1777186845,0,,Aggregated,11.400000,0.000000,0,0,0,0,0,0,0,0,0,0,0,3073,0,19000,19971.82898891645,264.2747499921825,63376.7161249998,372.02733485193625
1777186846,0,GET,trips_per_route,11.400000,0.000000,0,0,0,0,0,0,0,0,0,0,0,3073,0,19000,19971.82898891645,264.2747499921825,63376.7161249998,372.02733485193625
1777186846,0,,Aggregated,11.400000,0.000000,0,0,0,0,0,0,0,0,0,0,0,3073,0,19000,19971.82898891645,264.2747499921825,63376.7161249998,372.02733485193625
1777186847,0,GET,trips_per_route,11.400000,0.000000,0,0,0,0,0,0,0,0,0,0,0,3073,0,19000,19971.82898891645,264.2747499921825,63376.7161249998,372.02733485193625
1777186847,0,,Aggregated,11.400000,0.000000,0,0,0,0,0,0,0,0,0,0,0,3073,0,19000,19971.82898891645,264.2747499921825,63376.7161249998,372.02733485193625
1777186848,0,GET,trips_per_route,11.400000,0.000000,0,0,0,0,0,0,0,0,0,0,0,3073,0,19000,19971.82898891645,264.2747499921825,63376.7161249998,372.02733485193625
1777186848,0,,Aggregated,11.400000,0.000000,0,0,0,0,0,0,0,0,0,0,0,3073,0,19000,19971.82898891645,264.2747499921825,63376.7161249998,372.02733485193625
1777186849,0,GET,trips_per_route,11.400000,0.000000,0,0,0,0,0,0,0,0,0,0,0,3073,0,19000,19971.82898891645,264.2747499921825,63376.7161249998,372.02733485193625
1777186849,0,,Aggregated,11.400000,0.000000,0,0,0,0,0,0,0,0,0,0,0,3073,0,19000,19971.82898891645,264.2747499921825,63376.7161249998,372.02733485193625
1777186850,0,GET,trips_per_route,11.400000,0.000000,0,0,0,0,0,0,0,0,0,0,0,3073,0,19000,19971.82898891645,264.2747499921825,63376.7161249998,372.02733485193625
1777186850,0,,Aggregated,11.400000,0.000000,0,0,0,0,0,0,0,0,0,0,0,3073,0,19000,19971.82898891645,264.2747499921825,63376.7161249998,372.02733485193625
1777186851,0,GET,trips_per_route,11.400000,0.000000,0,0,0,0,0,0,0,0,0,0,0,3073,0,19000,19971.82898891645,264.2747499921825,63376.7161249998,372.02733485193625
1777186851,0,,Aggregated,11.400000,0.000000,0,0,0,0,0,0,0,0,0,0,0,3073,0,19000,19971.82898891645,264.2747499921825,63376.7161249998,372.02733485193625
1777186852,0,GET,trips_per_route,11.400000,0.000000,0,0,0,0,0,0,0,0,0,0,0,3073,0,19000,19971.82898891645,264.2747499921825,63376.7161249998,372.02733485193625
1777186852,0,,Aggregated,11.400000,0.000000,0,0,0,0,0,0,0,0,0,0,0,3073,0,19000,19971.82898891645,264.2747499921825,63376.7161249998,372.02733485193625
1777186853,0,GET,trips_per_route,11.400000,0.000000,0,0,0,0,0,0,0,0,0,0,0,3073,0,19000,19971.82898891645,264.2747499921825,63376.7161249998,372.02733485193625
1777186853,0,,Aggregated,11.400000,0.000000,0,0,0,0,0,0,0,0,0,0,0,3073,0,19000,19971.82898891645,264.2747499921825,63376.7161249998,372.02733485193625
1777186854,0,GET,trips_per_route,11.400000,0.000000,0,0,0,0,0,0,0,0,0,0,0,3073,0,19000,19971.82898891645,264.2747499921825,63376.7161249998,372.02733485193625
1777186854,0,,Aggregated,11.400000,0.000000,0,0,0,0,0,0,0,0,0,0,0,3073,0,19000,19971.82898891645,264.2747499921825,63376.7161249998,372.02733485193625
1777186855,0,GET,trips_per_route,11.400000,0.000000,0,0,0,0,0,0,0,0,0,0,0,3073,0,19000,19971.82898891645,264.2747499921825,63376.7161249998,372.02733485193625
1777186855,0,,Aggregated,11.400000,0.000000,0,0,0,0,0,0,0,0,0,0,0,3073,0,19000,19971.82898891645,264.2747499921825,63376.7161249998,372.02733485193625
1777186856,0,GET,trips_per_route,11.400000,0.000000,0,0,0,0,0,0,0,0,0,0,0,3073,0,19000,19971.82898891645,264.2747499921825,63376.7161249998,372.02733485193625
1777186856,0,,Aggregated,11.400000,0.000000,0,0,0,0,0,0,0,0,0,0,0,3073,0,19000,19971.82898891645,264.2747499921825,63376.7161249998,372.02733485193625
1777186857,0,GET,trips_per_route,11.400000,0.000000,0,0,0,0,0,0,0,0,0,0,0,3073,0,19000,19971.82898891645,264.2747499921825,63376.7161249998,372.02733485193625
1777186857,0,,Aggregated,11.400000,0.000000,0,0,0,0,0,0,0,0,0,0,0,3073,0,19000,19971.82898891645,264.2747499921825,63376.7161249998,372.02733485193625
1777186858,0,GET,trips_per_route,11.400000,0.000000,0,0,0,0,0,0,0,0,0,0,0,3073,0,19000,19971.82898891645,264.2747499921825,63376.7161249998,372.02733485193625
1777186858,0,,Aggregated,11.400000,0.000000,0,0,0,0,0,0,0,0,0,0,0,3073,0,19000,19971.82898891645,264.2747499921825,63376.7161249998,372.02733485193625
1777186859,0,GET,trips_per_route,11.400000,0.000000,0,0,0,0,0,0,0,0,0,0,0,3073,0,19000,19971.82898891645,264.2747499921825,63376.7161249998,372.02733485193625
1777186859,0,,Aggregated,11.400000,0.000000,0,0,0,0,0,0,0,0,0,0,0,3073,0,19000,19971.82898891645,264.2747499921825,63376.7161249998,372.02733485193625
1777186860,0,GET,trips_per_route,11.400000,0.000000,0,0,0,0,0,0,0,0,0,0,0,3073,0,19000,19971.82898891645,264.2747499921825,63376.7161249998,372.02733485193625
1777186860,0,,Aggregated,11.400000,0.000000,0,0,0,0,0,0,0,0,0,0,0,3073,0,19000,19971.82898891645,264.2747499921825,63376.7161249998,372.02733485193625
1777186861,0,GET,trips_per_route,11.400000,0.000000,0,0,0,0,0,0,0,0,0,0,0,3073,0,19000,19971.82898891645,264.2747499921825,63376.7161249998,372.02733485193625
1777186861,0,,Aggregated,11.400000,0.000000,0,0,0,0,0,0,0,0,0,0,0,3073,0,19000,19971.82898891645,264.2747499921825,63376.7161249998,372.02733485193625
1777186862,0,GET,trips_per_route,11.400000,0.000000,0,0,0,0,0,0,0,0,0,0,0,3073,0,19000,19971.82898891645,264.2747499921825,63376.7161249998,372.02733485193625
1777186862,0,,Aggregated,11.400000,0.000000,0,0,0,0,0,0,0,0,0,0,0,3073,0,19000,19971.82898891645,264.2747499921825,63376.7161249998,372.02733485193625
1777186863,0,GET,trips_per_route,11.400000,0.000000,0,0,0,0,0,0,0,0,0,0,0,3073,0,19000,19971.82898891645,264.2747499921825,63376.7161249998,372.02733485193625
1777186863,0,,Aggregated,11.400000,0.000000,0,0,0,0,0,0,0,0,0,0,0,3073,0,19000,19971.82898891645,264.2747499921825,63376.7161249998,372.02733485193625
1777186864,0,GET,trips_per_route,11.400000,0.000000,0,0,0,0,0,0,0,0,0,0,0,3073,0,19000,19971.82898891645,264.2747499921825,63376.7161249998,372.02733485193625
1777186864,0,,Aggregated,11.400000,0.000000,0,0,0,0,0,0,0,0,0,0,0,3073,0,19000,19971.82898891645,264.2747499921825,63376.7161249998,372.02733485193625
1777186865,0,GET,trips_per_route,11.400000,0.000000,0,0,0,0,0,0,0,0,0,0,0,3073,0,19000,19971.82898891645,264.2747499921825,63376.7161249998,372.02733485193625
1777186865,0,,Aggregated,11.400000,0.000000,0,0,0,0,0,0,0,0,0,0,0,3073,0,19000,19971.82898891645,264.2747499921825,63376.7161249998,372.02733485193625
1777186866,0,GET,trips_per_route,11.400000,0.000000,0,0,0,0,0,0,0,0,0,0,0,3073,0,19000,19971.82898891645,264.2747499921825,63376.7161249998,372.02733485193625
1777186866,0,,Aggregated,11.400000,0.000000,0,0,0,0,0,0,0,0,0,0,0,3073,0,19000,19971.82898891645,264.2747499921825,63376.7161249998,372.02733485193625
1777186867,0,GET,trips_per_route,11.400000,0.000000,0,0,0,0,0,0,0,0,0,0,0,3073,0,19000,19971.82898891645,264.2747499921825,63376.7161249998,372.02733485193625
1777186867,0,,Aggregated,11.400000,0.000000,0,0,0,0,0,0,0,0,0,0,0,3073,0,19000,19971.82898891645,264.2747499921825,63376.7161249998,372.02733485193625
1777186868,0,GET,trips_per_route,11.400000,0.000000,0,0,0,0,0,0,0,0,0,0,0,3073,0,19000,19971.82898891645,264.2747499921825,63376.7161249998,372.02733485193625
1777186868,0,,Aggregated,11.400000,0.000000,0,0,0,0,0,0,0,0,0,0,0,3073,0,19000,19971.82898891645,264.2747499921825,63376.7161249998,372.02733485193625
1777186869,0,GET,trips_per_route,11.400000,0.000000,0,0,0,0,0,0,0,0,0,0,0,3073,0,19000,19971.82898891645,264.2747499921825,63376.7161249998,372.02733485193625
1777186869,0,,Aggregated,11.400000,0.000000,0,0,0,0,0,0,0,0,0,0,0,3073,0,19000,19971.82898891645,264.2747499921825,63376.7161249998,372.02733485193625
1777186870,0,GET,trips_per_route,11.400000,0.000000,0,0,0,0,0,0,0,0,0,0,0,3073,0,19000,19971.82898891645,264.2747499921825,63376.7161249998,372.02733485193625
1777186870,0,,Aggregated,11.400000,0.000000,0,0,0,0,0,0,0,0,0,0,0,3073,0,19000,19971.82898891645,264.2747499921825,63376.7161249998,372.02733485193625
1777186871,0,GET,trips_per_route,11.400000,0.000000,0,0,0,0,0,0,0,0,0,0,0,3073,0,19000,19971.82898891645,264.2747499921825,63376.7161249998,372.02733485193625
1777186871,0,,Aggregated,11.400000,0.000000,0,0,0,0,0,0,0,0,0,0,0,3073,0,19000,19971.82898891645,264.2747499921825,63376.7161249998,372.02733485193625
1777186872,0,GET,trips_per_route,11.400000,0.000000,0,0,0,0,0,0,0,0,0,0,0,3073,0,19000,19971.82898891645,264.2747499921825,63376.7161249998,372.02733485193625
1777186872,0,,Aggregated,11.400000,0.000000,0,0,0,0,0,0,0,0,0,0,0,3073,0,19000,19971.82898891645,264.2747499921825,63376.7161249998,372.02733485193625
1777186873,0,GET,trips_per_route,11.400000,0.000000,0,0,0,0,0,0,0,0,0,0,0,3073,0,19000,19971.82898891645,264.2747499921825,63376.7161249998,372.02733485193625
1777186873,0,,Aggregated,11.400000,0.000000,0,0,0,0,0,0,0,0,0,0,0,3073,0,19000,19971.82898891645,264.2747499921825,63376.7161249998,372.02733485193625
1777186874,0,GET,trips_per_route,11.400000,0.000000,0,0,0,0,0,0,0,0,0,0,0,3073,0,19000,19971.82898891645,264.2747499921825,63376.7161249998,372.02733485193625
1777186874,0,,Aggregated,11.400000,0.000000,0,0,0,0,0,0,0,0,0,0,0,3073,0,19000,19971.82898891645,264.2747499921825,63376.7161249998,372.02733485193625
1777186875,0,GET,trips_per_route,11.400000,0.000000,0,0,0,0,0,0,0,0,0,0,0,3073,0,19000,19971.82898891645,264.2747499921825,63376.7161249998,372.02733485193625
1777186875,0,,Aggregated,11.400000,0.000000,0,0,0,0,0,0,0,0,0,0,0,3073,0,19000,19971.82898891645,264.2747499921825,63376.7161249998,372.02733485193625
1777186876,0,GET,trips_per_route,11.400000,0.000000,0,0,0,0,0,0,0,0,0,0,0,3073,0,19000,19971.82898891645,264.2747499921825,63376.7161249998,372.02733485193625
1777186876,0,,Aggregated,11.400000,0.000000,0,0,0,0,0,0,0,0,0,0,0,3073,0,19000,19971.82898891645,264.2747499921825,63376.7161249998,372.02733485193625
1777186877,0,GET,trips_per_route,11.400000,0.000000,0,0,0,0,0,0,0,0,0,0,0,3073,0,19000,19971.82898891645,264.2747499921825,63376.7161249998,372.02733485193625
1777186877,0,,Aggregated,11.400000,0.000000,0,0,0,0,0,0,0,0,0,0,0,3073,0,19000,19971.82898891645,264.2747499921825,63376.7161249998,372.02733485193625
1777186878,0,GET,trips_per_route,11.400000,0.000000,0,0,0,0,0,0,0,0,0,0,0,3073,0,19000,19971.82898891645,264.2747499921825,63376.7161249998,372.02733485193625
1777186878,0,,Aggregated,11.400000,0.000000,0,0,0,0,0,0,0,0,0,0,0,3073,0,19000,19971.82898891645,264.2747499921825,63376.7161249998,372.02733485193625
1777186879,0,GET,trips_per_route,11.400000,0.000000,0,0,0,0,0,0,0,0,0,0,0,3073,0,19000,19971.82898891645,264.2747499921825,63376.7161249998,372.02733485193625
1777186879,0,,Aggregated,11.400000,0.000000,0,0,0,0,0,0,0,0,0,0,0,3073,0,19000,19971.82898891645,264.2747499921825,63376.7161249998,372.02733485193625
1777186880,0,GET,trips_per_route,11.400000,0.000000,0,0,0,0,0,0,0,0,0,0,0,3073,0,19000,19971.82898891645,264.2747499921825,63376.7161249998,372.02733485193625
1777186880,0,,Aggregated,11.400000,0.000000,0,0,0,0,0,0,0,0,0,0,0,3073,0,19000,19971.82898891645,264.2747499921825,63376.7161249998,372.02733485193625
1777186881,0,GET,trips_per_route,11.400000,0.000000,0,0,0,0,0,0,0,0,0,0,0,3073,0,19000,19971.82898891645,264.2747499921825,63376.7161249998,372.02733485193625
1777186881,0,,Aggregated,11.400000,0.000000,0,0,0,0,0,0,0,0,0,0,0,3073,0,19000,19971.82898891645,264.2747499921825,63376.7161249998,372.02733485193625
1777186882,0,GET,trips_per_route,11.400000,0.000000,0,0,0,0,0,0,0,0,0,0,0,3073,0,19000,19971.82898891645,264.2747499921825,63376.7161249998,372.02733485193625
1777186882,0,,Aggregated,11.400000,0.000000,0,0,0,0,0,0,0,0,0,0,0,3073,0,19000,19971.82898891645,264.2747499921825,63376.7161249998,372.02733485193625
1777186883,0,GET,trips_per_route,11.400000,0.000000,0,0,0,0,0,0,0,0,0,0,0,3073,0,19000,19971.82898891645,264.2747499921825,63376.7161249998,372.02733485193625
1777186883,0,,Aggregated,11.400000,0.000000,0,0,0,0,0,0,0,0,0,0,0,3073,0,19000,19971.82898891645,264.2747499921825,63376.7161249998,372.02733485193625
1777186884,0,GET,trips_per_route,11.400000,0.000000,0,0,0,0,0,0,0,0,0,0,0,3073,0,19000,19971.82898891645,264.2747499921825,63376.7161249998,372.02733485193625
1777186884,0,,Aggregated,11.400000,0.000000,0,0,0,0,0,0,0,0,0,0,0,3073,0,19000,19971.82898891645,264.2747499921825,63376.7161249998,372.02733485193625
1777186885,0,GET,trips_per_route,11.400000,0.000000,0,0,0,0,0,0,0,0,0,0,0,3073,0,19000,19971.82898891645,264.2747499921825,63376.7161249998,372.02733485193625
1777186885,0,,Aggregated,11.400000,0.000000,0,0,0,0,0,0,0,0,0,0,0,3073,0,19000,19971.82898891645,264.2747499921825,63376.7161249998,372.02733485193625
1777186886,0,GET,trips_per_route,11.400000,0.000000,0,0,0,0,0,0,0,0,0,0,0,3073,0,19000,19971.82898891645,264.2747499921825,63376.7161249998,372.02733485193625
1777186886,0,,Aggregated,11.400000,0.000000,0,0,0,0,0,0,0,0,0,0,0,3073,0,19000,19971.82898891645,264.2747499921825,63376.7161249998,372.02733485193625
1777186887,0,GET,trips_per_route,11.400000,0.000000,0,0,0,0,0,0,0,0,0,0,0,3073,0,19000,19971.82898891645,264.2747499921825,63376.7161249998,372.02733485193625
1777186887,0,,Aggregated,11.400000,0.000000,0,0,0,0,0,0,0,0,0,0,0,3073,0,19000,19971.82898891645,264.2747499921825,63376.7161249998,372.02733485193625
1777186888,0,GET,trips_per_route,11.400000,0.000000,0,0,0,0,0,0,0,0,0,0,0,3073,0,19000,19971.82898891645,264.2747499921825,63376.7161249998,372.02733485193625
1777186888,0,,Aggregated,11.400000,0.000000,0,0,0,0,0,0,0,0,0,0,0,3073,0,19000,19971.82898891645,264.2747499921825,63376.7161249998,372.02733485193625
1777186889,0,GET,trips_per_route,11.400000,0.000000,0,0,0,0,0,0,0,0,0,0,0,3073,0,19000,19971.82898891645,264.2747499921825,63376.7161249998,372.02733485193625
1777186889,0,,Aggregated,11.400000,0.000000,0,0,0,0,0,0,0,0,0,0,0,3073,0,19000,19971.82898891645,264.2747499921825,63376.7161249998,372.02733485193625
1777186890,0,GET,trips_per_route,11.400000,0.000000,0,0,0,0,0,0,0,0,0,0,0,3073,0,19000,19971.82898891645,264.2747499921825,63376.7161249998,372.02733485193625
1777186890,0,,Aggregated,11.400000,0.000000,0,0,0,0,0,0,0,0,0,0,0,3073,0,19000,19971.82898891645,264.2747499921825,63376.7161249998,372.02733485193625
1777186891,0,GET,trips_per_route,11.400000,0.000000,0,0,0,0,0,0,0,0,0,0,0,3073,0,19000,19971.82898891645,264.2747499921825,63376.7161249998,372.02733485193625
1777186891,0,,Aggregated,11.400000,0.000000,0,0,0,0,0,0,0,0,0,0,0,3073,0,19000,19971.82898891645,264.2747499921825,63376.7161249998,372.02733485193625
1777186892,0,GET,trips_per_route,11.400000,0.000000,0,0,0,0,0,0,0,0,0,0,0,3073,0,19000,19971.82898891645,264.2747499921825,63376.7161249998,372.02733485193625
1777186892,0,,Aggregated,11.400000,0.000000,0,0,0,0,0,0,0,0,0,0,0,3073,0,19000,19971.82898891645,264.2747499921825,63376.7161249998,372.02733485193625
1777186893,0,GET,trips_per_route,11.400000,0.000000,0,0,0,0,0,0,0,0,0,0,0,3073,0,19000,19971.82898891645,264.2747499921825,63376.7161249998,372.02733485193625
1777186893,0,,Aggregated,11.400000,0.000000,0,0,0,0,0,0,0,0,0,0,0,3073,0,19000,19971.82898891645,264.2747499921825,63376.7161249998,372.02733485193625
1777186894,0,GET,trips_per_route,11.400000,0.000000,0,0,0,0,0,0,0,0,0,0,0,3073,0,19000,19971.82898891645,264.2747499921825,63376.7161249998,372.02733485193625
1777186894,0,,Aggregated,11.400000,0.000000,0,0,0,0,0,0,0,0,0,0,0,3073,0,19000,19971.82898891645,264.2747499921825,63376.7161249998,372.02733485193625
1777186895,0,GET,trips_per_route,11.400000,0.000000,0,0,0,0,0,0,0,0,0,0,0,3073,0,19000,19971.82898891645,264.2747499921825,63376.7161249998,372.02733485193625
1777186895,0,,Aggregated,11.400000,0.000000,0,0,0,0,0,0,0,0,0,0,0,3073,0,19000,19971.82898891645,264.2747499921825,63376.7161249998,372.02733485193625
1777186896,0,GET,trips_per_route,11.400000,0.000000,0,0,0,0,0,0,0,0,0,0,0,3073,0,19000,19971.82898891645,264.2747499921825,63376.7161249998,372.02733485193625
1777186896,0,,Aggregated,11.400000,0.000000,0,0,0,0,0,0,0,0,0,0,0,3073,0,19000,19971.82898891645,264.2747499921825,63376.7161249998,372.02733485193625
1777186897,0,GET,trips_per_route,11.400000,0.000000,0,0,0,0,0,0,0,0,0,0,0,3073,0,19000,19971.82898891645,264.2747499921825,63376.7161249998,372.02733485193625
1777186897,0,,Aggregated,11.400000,0.000000,0,0,0,0,0,0,0,0,0,0,0,3073,0,19000,19971.82898891645,264.2747499921825,63376.7161249998,372.02733485193625
1777186898,0,GET,trips_per_route,11.400000,0.000000,0,0,0,0,0,0,0,0,0,0,0,3073,0,19000,19971.82898891645,264.2747499921825,63376.7161249998,372.02733485193625
1777186898,0,,Aggregated,11.400000,0.000000,0,0,0,0,0,0,0,0,0,0,0,3073,0,19000,19971.82898891645,264.2747499921825,63376.7161249998,372.02733485193625
1777186899,0,GET,trips_per_route,11.400000,0.000000,0,0,0,0,0,0,0,0,0,0,0,3073,0,19000,19971.82898891645,264.2747499921825,63376.7161249998,372.02733485193625
1777186899,0,,Aggregated,11.400000,0.000000,0,0,0,0,0,0,0,0,0,0,0,3073,0,19000,19971.82898891645,264.2747499921825,63376.7161249998,372.02733485193625
1777186900,0,GET,trips_per_route,11.400000,0.000000,0,0,0,0,0,0,0,0,0,0,0,3073,0,19000,19971.82898891645,264.2747499921825,63376.7161249998,372.02733485193625
1777186900,0,,Aggregated,11.400000,0.000000,0,0,0,0,0,0,0,0,0,0,0,3073,0,19000,19971.82898891645,264.2747499921825,63376.7161249998,372.02733485193625
1777186901,0,GET,trips_per_route,11.400000,0.000000,0,0,0,0,0,0,0,0,0,0,0,3073,0,19000,19971.82898891645,264.2747499921825,63376.7161249998,372.02733485193625
1777186901,0,,Aggregated,11.400000,0.000000,0,0,0,0,0,0,0,0,0,0,0,3073,0,19000,19971.82898891645,264.2747499921825,63376.7161249998,372.02733485193625
1777186902,0,GET,trips_per_route,11.400000,0.000000,0,0,0,0,0,0,0,0,0,0,0,3073,0,19000,19971.82898891645,264.2747499921825,63376.7161249998,372.02733485193625
1777186902,0,,Aggregated,11.400000,0.000000,0,0,0,0,0,0,0,0,0,0,0,3073,0,19000,19971.82898891645,264.2747499921825,63376.7161249998,372.02733485193625
1777186903,0,GET,trips_per_route,11.400000,0.000000,0,0,0,0,0,0,0,0,0,0,0,3073,0,19000,19971.82898891645,264.2747499921825,63376.7161249998,372.02733485193625
1777186903,0,,Aggregated,11.400000,0.000000,0,0,0,0,0,0,0,0,0,0,0,3073,0,19000,19971.82898891645,264.2747499921825,63376.7161249998,372.02733485193625
1777186904,0,GET,trips_per_route,11.400000,0.000000,0,0,0,0,0,0,0,0,0,0,0,3073,0,19000,19971.82898891645,264.2747499921825,63376.7161249998,372.02733485193625
1777186904,0,,Aggregated,11.400000,0.000000,0,0,0,0,0,0,0,0,0,0,0,3073,0,19000,19971.82898891645,264.2747499921825,63376.7161249998,372.02733485193625
1777186905,0,GET,trips_per_route,11.400000,0.000000,0,0,0,0,0,0,0,0,0,0,0,3073,0,19000,19971.82898891645,264.2747499921825,63376.7161249998,372.02733485193625
1777186905,0,,Aggregated,11.400000,0.000000,0,0,0,0,0,0,0,0,0,0,0,3073,0,19000,19971.82898891645,264.2747499921825,63376.7161249998,372.02733485193625
1777186906,0,GET,trips_per_route,11.400000,0.000000,0,0,0,0,0,0,0,0,0,0,0,3073,0,19000,19971.82898891645,264.2747499921825,63376.7161249998,372.02733485193625
1777186906,0,,Aggregated,11.400000,0.000000,0,0,0,0,0,0,0,0,0,0,0,3073,0,19000,19971.82898891645,264.2747499921825,63376.7161249998,372.02733485193625
1777186907,0,GET,trips_per_route,11.400000,0.000000,0,0,0,0,0,0,0,0,0,0,0,3073,0,19000,19971.82898891645,264.2747499921825,63376.7161249998,372.02733485193625
1777186907,0,,Aggregated,11.400000,0.000000,0,0,0,0,0,0,0,0,0,0,0,3073,0,19000,19971.82898891645,264.2747499921825,63376.7161249998,372.02733485193625
1777186908,0,GET,trips_per_route,11.400000,0.000000,0,0,0,0,0,0,0,0,0,0,0,3073,0,19000,19971.82898891645,264.2747499921825,63376.7161249998,372.02733485193625
1777186908,0,,Aggregated,11.400000,0.000000,0,0,0,0,0,0,0,0,0,0,0,3073,0,19000,19971.82898891645,264.2747499921825,63376.7161249998,372.02733485193625
1777186910,0,GET,trips_per_route,11.400000,0.000000,0,0,0,0,0,0,0,0,0,0,0,3073,0,19000,19971.82898891645,264.2747499921825,63376.7161249998,372.02733485193625
1777186910,0,,Aggregated,11.400000,0.000000,0,0,0,0,0,0,0,0,0,0,0,3073,0,19000,19971.82898891645,264.2747499921825,63376.7161249998,372.02733485193625
1777186911,0,GET,trips_per_route,11.400000,0.000000,0,0,0,0,0,0,0,0,0,0,0,3073,0,19000,19971.82898891645,264.2747499921825,63376.7161249998,372.02733485193625
1777186911,0,,Aggregated,11.400000,0.000000,0,0,0,0,0,0,0,0,0,0,0,3073,0,19000,19971.82898891645,264.2747499921825,63376.7161249998,372.02733485193625
1777186912,0,GET,trips_per_route,11.400000,0.000000,0,0,0,0,0,0,0,0,0,0,0,3073,0,19000,19971.82898891645,264.2747499921825,63376.7161249998,372.02733485193625
1777186912,0,,Aggregated,11.400000,0.000000,0,0,0,0,0,0,0,0,0,0,0,3073,0,19000,19971.82898891645,264.2747499921825,63376.7161249998,372.02733485193625
1777186913,0,GET,trips_per_route,11.400000,0.000000,0,0,0,0,0,0,0,0,0,0,0,3073,0,19000,19971.82898891645,264.2747499921825,63376.7161249998,372.02733485193625
1777186913,0,,Aggregated,11.400000,0.000000,0,0,0,0,0,0,0,0,0,0,0,3073,0,19000,19971.82898891645,264.2747499921825,63376.7161249998,372.02733485193625
1777186914,0,GET,trips_per_route,11.400000,0.000000,0,0,0,0,0,0,0,0,0,0,0,3073,0,19000,19971.82898891645,264.2747499921825,63376.7161249998,372.02733485193625
1777186914,0,,Aggregated,11.400000,0.000000,0,0,0,0,0,0,0,0,0,0,0,3073,0,19000,19971.82898891645,264.2747499921825,63376.7161249998,372.02733485193625
1777186915,0,GET,trips_per_route,11.400000,0.000000,0,0,0,0,0,0,0,0,0,0,0,3073,0,19000,19971.82898891645,264.2747499921825,63376.7161249998,372.02733485193625
1777186915,0,,Aggregated,11.400000,0.000000,0,0,0,0,0,0,0,0,0,0,0,3073,0,19000,19971.82898891645,264.2747499921825,63376.7161249998,372.02733485193625
1777186916,0,GET,trips_per_route,11.400000,0.000000,0,0,0,0,0,0,0,0,0,0,0,3073,0,19000,19971.82898891645,264.2747499921825,63376.7161249998,372.02733485193625
1777186916,0,,Aggregated,11.400000,0.000000,0,0,0,0,0,0,0,0,0,0,0,3073,0,19000,19971.82898891645,264.2747499921825,63376.7161249998,372.02733485193625
1777186917,0,GET,trips_per_route,11.400000,0.000000,0,0,0,0,0,0,0,0,0,0,0,3073,0,19000,19971.82898891645,264.2747499921825,63376.7161249998,372.02733485193625
1777186917,0,,Aggregated,11.400000,0.000000,0,0,0,0,0,0,0,0,0,0,0,3073,0,19000,19971.82898891645,264.2747499921825,63376.7161249998,372.02733485193625
1777186918,0,GET,trips_per_route,11.400000,0.000000,0,0,0,0,0,0,0,0,0,0,0,3073,0,19000,19971.82898891645,264.2747499921825,63376.7161249998,372.02733485193625
1777186918,0,,Aggregated,11.400000,0.000000,0,0,0,0,0,0,0,0,0,0,0,3073,0,19000,19971.82898891645,264.2747499921825,63376.7161249998,372.02733485193625
1777186919,0,GET,trips_per_route,11.400000,0.000000,0,0,0,0,0,0,0,0,0,0,0,3073,0,19000,19971.82898891645,264.2747499921825,63376.7161249998,372.02733485193625
1777186919,0,,Aggregated,11.400000,0.000000,0,0,0,0,0,0,0,0,0,0,0,3073,0,19000,19971.82898891645,264.2747499921825,63376.7161249998,372.02733485193625
1777186920,0,GET,trips_per_route,11.400000,0.000000,0,0,0,0,0,0,0,0,0,0,0,3073,0,19000,19971.82898891645,264.2747499921825,63376.7161249998,372.02733485193625
1777186920,0,,Aggregated,11.400000,0.000000,0,0,0,0,0,0,0,0,0,0,0,3073,0,19000,19971.82898891645,264.2747499921825,63376.7161249998,372.02733485193625
1777186921,0,GET,trips_per_route,11.400000,0.000000,0,0,0,0,0,0,0,0,0,0,0,3073,0,19000,19971.82898891645,264.2747499921825,63376.7161249998,372.02733485193625
1777186921,0,,Aggregated,11.400000,0.000000,0,0,0,0,0,0,0,0,0,0,0,3073,0,19000,19971.82898891645,264.2747499921825,63376.7161249998,372.02733485193625
1777186922,0,GET,trips_per_route,11.400000,0.000000,0,0,0,0,0,0,0,0,0,0,0,3073,0,19000,19971.82898891645,264.2747499921825,63376.7161249998,372.02733485193625
1777186922,0,,Aggregated,11.400000,0.000000,0,0,0,0,0,0,0,0,0,0,0,3073,0,19000,19971.82898891645,264.2747499921825,63376.7161249998,372.02733485193625
1777186923,0,GET,trips_per_route,11.400000,0.000000,0,0,0,0,0,0,0,0,0,0,0,3073,0,19000,19971.82898891645,264.2747499921825,63376.7161249998,372.02733485193625
1777186923,0,,Aggregated,11.400000,0.000000,0,0,0,0,0,0,0,0,0,0,0,3073,0,19000,19971.82898891645,264.2747499921825,63376.7161249998,372.02733485193625
1777186924,0,GET,trips_per_route,11.400000,0.000000,0,0,0,0,0,0,0,0,0,0,0,3073,0,19000,19971.82898891645,264.2747499921825,63376.7161249998,372.02733485193625
1777186924,0,,Aggregated,11.400000,0.000000,0,0,0,0,0,0,0,0,0,0,0,3073,0,19000,19971.82898891645,264.2747499921825,63376.7161249998,372.02733485193625
1777186925,0,GET,trips_per_route,11.400000,0.000000,0,0,0,0,0,0,0,0,0,0,0,3073,0,19000,19971.82898891645,264.2747499921825,63376.7161249998,372.02733485193625
1777186925,0,,Aggregated,11.400000,0.000000,0,0,0,0,0,0,0,0,0,0,0,3073,0,19000,19971.82898891645,264.2747499921825,63376.7161249998,372.02733485193625
1777186926,0,GET,trips_per_route,11.400000,0.000000,0,0,0,0,0,0,0,0,0,0,0,3073,0,19000,19971.82898891645,264.2747499921825,63376.7161249998,372.02733485193625
1777186926,0,,Aggregated,11.400000,0.000000,0,0,0,0,0,0,0,0,0,0,0,3073,0,19000,19971.82898891645,264.2747499921825,63376.7161249998,372.02733485193625
1777186927,0,GET,trips_per_route,11.400000,0.000000,0,0,0,0,0,0,0,0,0,0,0,3073,0,19000,19971.82898891645,264.2747499921825,63376.7161249998,372.02733485193625
1777186927,0,,Aggregated,11.400000,0.000000,0,0,0,0,0,0,0,0,0,0,0,3073,0,19000,19971.82898891645,264.2747499921825,63376.7161249998,372.02733485193625
1777186928,0,GET,trips_per_route,11.400000,0.000000,0,0,0,0,0,0,0,0,0,0,0,3073,0,19000,19971.82898891645,264.2747499921825,63376.7161249998,372.02733485193625
1777186928,0,,Aggregated,11.400000,0.000000,0,0,0,0,0,0,0,0,0,0,0,3073,0,19000,19971.82898891645,264.2747499921825,63376.7161249998,372.02733485193625
1777186929,0,GET,trips_per_route,11.400000,0.000000,0,0,0,0,0,0,0,0,0,0,0,3073,0,19000,19971.82898891645,264.2747499921825,63376.7161249998,372.02733485193625
1777186929,0,,Aggregated,11.400000,0.000000,0,0,0,0,0,0,0,0,0,0,0,3073,0,19000,19971.82898891645,264.2747499921825,63376.7161249998,372.02733485193625
1777186930,0,GET,trips_per_route,11.400000,0.000000,0,0,0,0,0,0,0,0,0,0,0,3073,0,19000,19971.82898891645,264.2747499921825,63376.7161249998,372.02733485193625
1777186930,0,,Aggregated,11.400000,0.000000,0,0,0,0,0,0,0,0,0,0,0,3073,0,19000,19971.82898891645,264.2747499921825,63376.7161249998,372.02733485193625
1777186931,0,GET,trips_per_route,11.400000,0.000000,0,0,0,0,0,0,0,0,0,0,0,3073,0,19000,19971.82898891645,264.2747499921825,63376.7161249998,372.02733485193625
1777186931,0,,Aggregated,11.400000,0.000000,0,0,0,0,0,0,0,0,0,0,0,3073,0,19000,19971.82898891645,264.2747499921825,63376.7161249998,372.02733485193625
1777186932,0,GET,trips_per_route,11.400000,0.000000,0,0,0,0,0,0,0,0,0,0,0,3073,0,19000,19971.82898891645,264.2747499921825,63376.7161249998,372.02733485193625
1777186932,0,,Aggregated,11.400000,0.000000,0,0,0,0,0,0,0,0,0,0,0,3073,0,19000,19971.82898891645,264.2747499921825,63376.7161249998,372.02733485193625
1777186933,0,GET,trips_per_route,11.400000,0.000000,0,0,0,0,0,0,0,0,0,0,0,3073,0,19000,19971.82898891645,264.2747499921825,63376.7161249998,372.02733485193625
1777186933,0,,Aggregated,11.400000,0.000000,0,0,0,0,0,0,0,0,0,0,0,3073,0,19000,19971.82898891645,264.2747499921825,63376.7161249998,372.02733485193625
1777186934,0,GET,trips_per_route,11.400000,0.000000,0,0,0,0,0,0,0,0,0,0,0,3073,0,19000,19971.82898891645,264.2747499921825,63376.7161249998,372.02733485193625
1777186934,0,,Aggregated,11.400000,0.000000,0,0,0,0,0,0,0,0,0,0,0,3073,0,19000,19971.82898891645,264.2747499921825,63376.7161249998,372.02733485193625
1777186935,0,GET,trips_per_route,11.400000,0.000000,0,0,0,0,0,0,0,0,0,0,0,3073,0,19000,19971.82898891645,264.2747499921825,63376.7161249998,372.02733485193625
1777186935,0,,Aggregated,11.400000,0.000000,0,0,0,0,0,0,0,0,0,0,0,3073,0,19000,19971.82898891645,264.2747499921825,63376.7161249998,372.02733485193625
1777186936,0,GET,trips_per_route,11.400000,0.000000,0,0,0,0,0,0,0,0,0,0,0,3073,0,19000,19971.82898891645,264.2747499921825,63376.7161249998,372.02733485193625
1777186936,0,,Aggregated,11.400000,0.000000,0,0,0,0,0,0,0,0,0,0,0,3073,0,19000,19971.82898891645,264.2747499921825,63376.7161249998,372.02733485193625
1777186937,0,GET,trips_per_route,11.400000,0.000000,0,0,0,0,0,0,0,0,0,0,0,3073,0,19000,19971.82898891645,264.2747499921825,63376.7161249998,372.02733485193625
1777186937,0,,Aggregated,11.400000,0.000000,0,0,0,0,0,0,0,0,0,0,0,3073,0,19000,19971.82898891645,264.2747499921825,63376.7161249998,372.02733485193625
1777186938,0,GET,trips_per_route,11.400000,0.000000,0,0,0,0,0,0,0,0,0,0,0,3073,0,19000,19971.82898891645,264.2747499921825,63376.7161249998,372.02733485193625
1777186938,0,,Aggregated,11.400000,0.000000,0,0,0,0,0,0,0,0,0,0,0,3073,0,19000,19971.82898891645,264.2747499921825,63376.7161249998,372.02733485193625
1777186939,0,GET,trips_per_route,11.400000,0.000000,0,0,0,0,0,0,0,0,0,0,0,3073,0,19000,19971.82898891645,264.2747499921825,63376.7161249998,372.02733485193625
1777186939,0,,Aggregated,11.400000,0.000000,0,0,0,0,0,0,0,0,0,0,0,3073,0,19000,19971.82898891645,264.2747499921825,63376.7161249998,372.02733485193625
1777186940,0,GET,trips_per_route,11.400000,0.000000,0,0,0,0,0,0,0,0,0,0,0,3073,0,19000,19971.82898891645,264.2747499921825,63376.7161249998,372.02733485193625
1777186940,0,,Aggregated,11.400000,0.000000,0,0,0,0,0,0,0,0,0,0,0,3073,0,19000,19971.82898891645,264.2747499921825,63376.7161249998,372.02733485193625
1777186941,0,GET,trips_per_route,11.400000,0.000000,0,0,0,0,0,0,0,0,0,0,0,3073,0,19000,19971.82898891645,264.2747499921825,63376.7161249998,372.02733485193625
1777186941,0,,Aggregated,11.400000,0.000000,0,0,0,0,0,0,0,0,0,0,0,3073,0,19000,19971.82898891645,264.2747499921825,63376.7161249998,372.02733485193625
1777186942,0,GET,trips_per_route,11.400000,0.000000,0,0,0,0,0,0,0,0,0,0,0,3073,0,19000,19971.82898891645,264.2747499921825,63376.7161249998,372.02733485193625
1777186942,0,,Aggregated,11.400000,0.000000,0,0,0,0,0,0,0,0,0,0,0,3073,0,19000,19971.82898891645,264.2747499921825,63376.7161249998,372.02733485193625
1777186943,0,GET,trips_per_route,11.400000,0.000000,0,0,0,0,0,0,0,0,0,0,0,3073,0,19000,19971.82898891645,264.2747499921825,63376.7161249998,372.02733485193625
1777186943,0,,Aggregated,11.400000,0.000000,0,0,0,0,0,0,0,0,0,0,0,3073,0,19000,19971.82898891645,264.2747499921825,63376.7161249998,372.02733485193625
1777186944,0,GET,trips_per_route,11.400000,0.000000,0,0,0,0,0,0,0,0,0,0,0,3073,0,19000,19971.82898891645,264.2747499921825,63376.7161249998,372.02733485193625
1777186944,0,,Aggregated,11.400000,0.000000,0,0,0,0,0,0,0,0,0,0,0,3073,0,19000,19971.82898891645,264.2747499921825,63376.7161249998,372.02733485193625
1777186945,0,GET,trips_per_route,11.400000,0.000000,0,0,0,0,0,0,0,0,0,0,0,3073,0,19000,19971.82898891645,264.2747499921825,63376.7161249998,372.02733485193625
1777186945,0,,Aggregated,11.400000,0.000000,0,0,0,0,0,0,0,0,0,0,0,3073,0,19000,19971.82898891645,264.2747499921825,63376.7161249998,372.02733485193625
1777186946,0,GET,trips_per_route,11.400000,0.000000,0,0,0,0,0,0,0,0,0,0,0,3073,0,19000,19971.82898891645,264.2747499921825,63376.7161249998,372.02733485193625
1777186946,0,,Aggregated,11.400000,0.000000,0,0,0,0,0,0,0,0,0,0,0,3073,0,19000,19971.82898891645,264.2747499921825,63376.7161249998,372.02733485193625
1777186947,0,GET,trips_per_route,11.400000,0.000000,0,0,0,0,0,0,0,0,0,0,0,3073,0,19000,19971.82898891645,264.2747499921825,63376.7161249998,372.02733485193625
1777186947,0,,Aggregated,11.400000,0.000000,0,0,0,0,0,0,0,0,0,0,0,3073,0,19000,19971.82898891645,264.2747499921825,63376.7161249998,372.02733485193625
1777186948,0,GET,trips_per_route,11.400000,0.000000,0,0,0,0,0,0,0,0,0,0,0,3073,0,19000,19971.82898891645,264.2747499921825,63376.7161249998,372.02733485193625
1777186948,0,,Aggregated,11.400000,0.000000,0,0,0,0,0,0,0,0,0,0,0,3073,0,19000,19971.82898891645,264.2747499921825,63376.7161249998,372.02733485193625
1777186949,0,GET,trips_per_route,11.400000,0.000000,0,0,0,0,0,0,0,0,0,0,0,3073,0,19000,19971.82898891645,264.2747499921825,63376.7161249998,372.02733485193625
1777186949,0,,Aggregated,11.400000,0.000000,0,0,0,0,0,0,0,0,0,0,0,3073,0,19000,19971.82898891645,264.2747499921825,63376.7161249998,372.02733485193625
1777186950,0,GET,trips_per_route,11.400000,0.000000,0,0,0,0,0,0,0,0,0,0,0,3073,0,19000,19971.82898891645,264.2747499921825,63376.7161249998,372.02733485193625
1777186950,0,,Aggregated,11.400000,0.000000,0,0,0,0,0,0,0,0,0,0,0,3073,0,19000,19971.82898891645,264.2747499921825,63376.7161249998,372.02733485193625
1777186951,0,GET,trips_per_route,11.400000,0.000000,0,0,0,0,0,0,0,0,0,0,0,3073,0,19000,19971.82898891645,264.2747499921825,63376.7161249998,372.02733485193625
1777186951,0,,Aggregated,11.400000,0.000000,0,0,0,0,0,0,0,0,0,0,0,3073,0,19000,19971.82898891645,264.2747499921825,63376.7161249998,372.02733485193625
1777186952,0,GET,trips_per_route,11.400000,0.000000,0,0,0,0,0,0,0,0,0,0,0,3073,0,19000,19971.82898891645,264.2747499921825,63376.7161249998,372.02733485193625
1777186952,0,,Aggregated,11.400000,0.000000,0,0,0,0,0,0,0,0,0,0,0,3073,0,19000,19971.82898891645,264.2747499921825,63376.7161249998,372.02733485193625
1777186953,0,GET,trips_per_route,11.400000,0.000000,0,0,0,0,0,0,0,0,0,0,0,3073,0,19000,19971.82898891645,264.2747499921825,63376.7161249998,372.02733485193625
1777186953,0,,Aggregated,11.400000,0.000000,0,0,0,0,0,0,0,0,0,0,0,3073,0,19000,19971.82898891645,264.2747499921825,63376.7161249998,372.02733485193625
1777186954,0,GET,trips_per_route,11.400000,0.000000,0,0,0,0,0,0,0,0,0,0,0,3073,0,19000,19971.82898891645,264.2747499921825,63376.7161249998,372.02733485193625
1777186954,0,,Aggregated,11.400000,0.000000,0,0,0,0,0,0,0,0,0,0,0,3073,0,19000,19971.82898891645,264.2747499921825,63376.7161249998,372.02733485193625
1777186955,0,GET,trips_per_route,11.400000,0.000000,0,0,0,0,0,0,0,0,0,0,0,3073,0,19000,19971.82898891645,264.2747499921825,63376.7161249998,372.02733485193625
1777186955,0,,Aggregated,11.400000,0.000000,0,0,0,0,0,0,0,0,0,0,0,3073,0,19000,19971.82898891645,264.2747499921825,63376.7161249998,372.02733485193625
1777186956,0,GET,trips_per_route,11.400000,0.000000,0,0,0,0,0,0,0,0,0,0,0,3073,0,19000,19971.82898891645,264.2747499921825,63376.7161249998,372.02733485193625
1777186956,0,,Aggregated,11.400000,0.000000,0,0,0,0,0,0,0,0,0,0,0,3073,0,19000,19971.82898891645,264.2747499921825,63376.7161249998,372.02733485193625
1777186957,0,GET,trips_per_route,11.400000,0.000000,0,0,0,0,0,0,0,0,0,0,0,3073,0,19000,19971.82898891645,264.2747499921825,63376.7161249998,372.02733485193625
1777186957,0,,Aggregated,11.400000,0.000000,0,0,0,0,0,0,0,0,0,0,0,3073,0,19000,19971.82898891645,264.2747499921825,63376.7161249998,372.02733485193625
1777186958,0,GET,trips_per_route,11.400000,0.000000,0,0,0,0,0,0,0,0,0,0,0,3073,0,19000,19971.82898891645,264.2747499921825,63376.7161249998,372.02733485193625
1777186958,0,,Aggregated,11.400000,0.000000,0,0,0,0,0,0,0,0,0,0,0,3073,0,19000,19971.82898891645,264.2747499921825,63376.7161249998,372.02733485193625
1777186959,10,GET,trips_per_route,11.400000,0.000000,0,0,0,0,0,0,0,0,0,0,0,3073,0,19000,19971.82898891645,264.2747499921825,63376.7161249998,372.02733485193625
1777186959,10,,Aggregated,11.400000,0.000000,0,0,0,0,0,0,0,0,0,0,0,3073,0,19000,19971.82898891645,264.2747499921825,63376.7161249998,372.02733485193625
1777186960,20,GET,trips_per_route,0.000000,0.000000,1700,1700,1800,1800,1900,1900,1900,1900,1900,1900,1900,3083,0,19000,19912.661662024737,264.2747499921825,63376.7161249998,372.02692182938694
1777186960,20,,Aggregated,0.000000,0.000000,1700,1700,1800,1800,1900,1900,1900,1900,1900,1900,1900,3083,0,19000,19912.661662024737,264.2747499921825,63376.7161249998,372.02692182938694
1777186961,30,GET,trips_per_route,0.000000,0.000000,1700,1700,1700,1700,1800,1900,1900,1900,1900,1900,1900,3089,0,19000,19876.43459611438,264.2747499921825,63376.7161249998,372.02654580770474
1777186961,30,,Aggregated,0.000000,0.000000,1700,1700,1700,1700,1800,1900,1900,1900,1900,1900,1900,3089,0,19000,19876.43459611438,264.2747499921825,63376.7161249998,372.02654580770474
1777186962,40,GET,trips_per_route,0.000000,0.000000,1700,1700,1700,1700,1800,1900,1900,1900,1900,1900,1900,3089,0,19000,19876.43459611438,264.2747499921825,63376.7161249998,372.02654580770474
1777186962,40,,Aggregated,0.000000,0.000000,1700,1700,1700,1700,1800,1900,1900,1900,1900,1900,1900,3089,0,19000,19876.43459611438,264.2747499921825,63376.7161249998,372.02654580770474
1777186963,50,GET,trips_per_route,1.300000,0.000000,1700,1800,1900,3300,3600,3800,3900,3900,3900,3900,3900,3095,0,19000,19844.188230621094,264.2747499921825,63376.7161249998,372.0274636510501
1777186963,50,,Aggregated,1.300000,0.000000,1700,1800,1900,3300,3600,3800,3900,3900,3900,3900,3900,3095,0,19000,19844.188230621094,264.2747499921825,63376.7161249998,372.0274636510501
1777186964,60,GET,trips_per_route,1.600000,0.000000,2100,3300,3600,3600,3900,4200,4300,4300,4300,4300,4300,3108,0,19000,19774.969576932537,264.2747499921825,63376.7161249998,372.03024453024454
1777186964,60,,Aggregated,1.600000,0.000000,2100,3300,3600,3600,3900,4200,4300,4300,4300,4300,4300,3108,0,19000,19774.969576932537,264.2747499921825,63376.7161249998,372.03024453024454
1777186965,70,GET,trips_per_route,1.600000,0.000000,2700,3500,3600,3700,4000,4200,4300,4300,4300,4300,4300,3110,0,19000,19764.851479240933,264.2747499921825,63376.7161249998,372.03022508038583
1777186965,70,,Aggregated,1.600000,0.000000,2700,3500,3600,3700,4000,4200,4300,4300,4300,4300,4300,3110,0,19000,19764.851479240933,264.2747499921825,63376.7161249998,372.03022508038583
1777186966,80,GET,trips_per_route,3.000000,0.000000,2800,3600,3800,3900,4300,5400,5900,5900,5900,5900,5900,3114,0,19000,19746.549261406955,264.2747499921825,63376.7161249998,372.03018625561975
1777186966,80,,Aggregated,3.000000,0.000000,2800,3600,3800,3900,4300,5400,5900,5900,5900,5900,5900,3114,0,19000,19746.549261406955,264.2747499921825,63376.7161249998,372.03018625561975
1777186967,90,GET,trips_per_route,3.700000,0.000000,3600,3900,4200,4500,5700,6100,6300,6900,6900,6900,6900,3130,0,19000,19670.060858313846,264.2747499921825,63376.7161249998,372.03035143769966
1777186967,90,,Aggregated,3.700000,0.000000,3600,3900,4200,4500,5700,6100,6300,6900,6900,6900,6900,3130,0,19000,19670.060858313846,264.2747499921825,63376.7161249998,372.03035143769966
1777186968,100,GET,trips_per_route,4.000000,0.000000,3700,4000,5400,5700,6300,6300,6900,7100,7100,7100,7100,3137,0,19000,19639.499203081075,264.2747499921825,63376.7161249998,372.03060248645204
1777186968,100,,Aggregated,4.000000,0.000000,3700,4000,5400,5700,6300,6300,6900,7100,7100,7100,7100,3137,0,19000,19639.499203081075,264.2747499921825,63376.7161249998,372.03060248645204
1777186969,110,GET,trips_per_route,5.300000,0.000000,3800,4500,5700,5900,6300,6900,7100,7300,7300,7300,7300,3143,0,19000,19611.457536424525,264.2747499921825,63376.7161249998,372.0314985682469
1777186969,110,,Aggregated,5.300000,0.000000,3800,4500,5700,5900,6300,6900,7100,7300,7300,7300,7300,3143,0,19000,19611.457536424525,264.2747499921825,63376.7161249998,372.0314985682469
1777186970,120,GET,trips_per_route,6.200000,0.000000,3900,5000,5700,6000,6300,7000,7300,7800,7800,7800,7800,3149,0,19000,19582.199813585685,264.2747499921825,63376.7161249998,372.0323912353128
1777186970,120,,Aggregated,6.200000,0.000000,3900,5000,5700,6000,6300,7000,7300,7800,7800,7800,7800,3149,0,19000,19582.199813585685,264.2747499921825,63376.7161249998,372.0323912353128
1777186971,130,GET,trips_per_route,6.800000,0.000000,4300,5700,6300,6300,7300,8000,8600,8800,8800,8800,8800,3157,0,19000,19550.4964836013,264.2747499921825,63376.7161249998,372.03230915426036
1777186971,130,,Aggregated,6.800000,0.000000,4300,5700,6300,6300,7300,8000,8600,8800,8800,8800,8800,3157,0,19000,19550.4964836013,264.2747499921825,63376.7161249998,372.03230915426036
1777186972,140,GET,trips_per_route,6.500000,0.000000,4800,6000,6300,7100,8400,8800,9400,9700,9700,9700,9700,3162,0,19000,19533.621592551022,264.2747499921825,63376.7161249998,372.03036053130927
1777186972,140,,Aggregated,6.500000,0.000000,4800,6000,6300,7100,8400,8800,9400,9700,9700,9700,9700,3162,0,19000,19533.621592551022,264.2747499921825,63376.7161249998,372.03036053130927
1777186973,150,GET,trips_per_route,6.800000,0.000000,5700,6300,7300,8100,8800,9400,9800,10000,10000,10000,10000,3168,0,19000,19512.778772931608,264.2747499921825,63376.7161249998,372.030303030303
1777186973,150,,Aggregated,6.800000,0.000000,5700,6300,7300,8100,8800,9400,9800,10000,10000,10000,10000,3168,0,19000,19512.778772931608,264.2747499921825,63376.7161249998,372.030303030303
1777186974,160,GET,trips_per_route,7.200000,0.000000,6300,7800,8600,9100,9800,10000,10000,11000,11000,11000,11000,3179,0,19000,19477.724336066763,264.2747499921825,63376.7161249998,372.0298836111985
1777186974,160,,Aggregated,7.200000,0.000000,6300,7800,8600,9100,9800,10000,10000,11000,11000,11000,11000,3179,0,19000,19477.724336066763,264.2747499921825,63376.7161249998,372.0298836111985
1777186975,170,GET,trips_per_route,7.200000,0.000000,7000,8400,9000,9400,10000,10000,11000,12000,12000,12000,12000,3183,0,19000,19465.82834547541,264.2747499921825,63376.7161249998,372.03047439522464
1777186975,170,,Aggregated,7.200000,0.000000,7000,8400,9000,9400,10000,10000,11000,12000,12000,12000,12000,3183,0,19000,19465.82834547541,264.2747499921825,63376.7161249998,372.03047439522464
1777186976,180,GET,trips_per_route,6.900000,0.000000,8100,9100,9400,10000,11000,11000,12000,12000,12000,12000,12000,3191,0,19000,19442.376031149855,264.2747499921825,63376.7161249998,372.03039799435913
1777186976,180,,Aggregated,6.900000,0.000000,8100,9100,9400,10000,11000,11000,12000,12000,12000,12000,12000,3191,0,19000,19442.376031149855,264.2747499921825,63376.7161249998,372.03039799435913
1777186977,190,GET,trips_per_route,7.200000,0.000000,9000,9700,10000,11000,12000,13000,13000,13000,13000,13000,13000,3205,0,19000,19402.403731456197,264.2747499921825,63376.7161249998,372.0315132605304
1777186977,190,,Aggregated,7.200000,0.000000,9000,9700,10000,11000,12000,13000,13000,13000,13000,13000,13000,3205,0,19000,19402.403731456197,264.2747499921825,63376.7161249998,372.0315132605304
1777186978,200,GET,trips_per_route,7.600000,0.000000,9300,10000,11000,11000,12000,13000,13000,14000,14000,14000,14000,3213,0,19000,19383.089367733297,264.2747499921825,63376.7161249998,372.0326797385621
1777186978,200,,Aggregated,7.600000,0.000000,9300,10000,11000,11000,12000,13000,13000,14000,14000,14000,14000,3213,0,19000,19383.089367733297,264.2747499921825,63376.7161249998,372.0326797385621
1777186979,200,GET,trips_per_route,7.400000,0.000000,9800,11000,11000,12000,12000,13000,14000,14000,14000,14000,14000,3232,0,19000,19330.043779247237,264.2747499921825,63376.7161249998,372.03465346534654
1777186979,200,,Aggregated,7.400000,0.000000,9800,11000,11000,12000,12000,13000,14000,14000,14000,14000,14000,3232,0,19000,19330.043779247237,264.2747499921825,63376.7161249998,372.03465346534654
1777186980,200,GET,trips_per_route,7.700000,0.000000,10000,11000,11000,12000,12000,13000,14000,14000,14000,14000,14000,3245,0,19000,19287.236658174766,264.2747499921825,63376.7161249998,372.03297380585514
1777186980,200,,Aggregated,7.700000,0.000000,10000,11000,11000,12000,12000,13000,14000,14000,14000,14000,14000,3245,0,19000,19287.236658174766,264.2747499921825,63376.7161249998,372.03297380585514
1777186981,200,GET,trips_per_route,8.300000,0.000000,10000,11000,12000,12000,13000,13000,14000,15000,15000,15000,15000,3251,0,19000,19267.93396587792,264.2747499921825,63376.7161249998,372.03383574284834
1777186981,200,,Aggregated,8.300000,0.000000,10000,11000,12000,12000,13000,13000,14000,15000,15000,15000,15000,3251,0,19000,19267.93396587792,264.2747499921825,63376.7161249998,372.03383574284834
1777186982,200,GET,trips_per_route,9.800000,0.000000,11000,11000,12000,12000,13000,15000,16000,16000,16000,16000,16000,3265,0,19000,19234.449342147695,264.2747499921825,63376.7161249998,372.03522205206735
1777186982,200,,Aggregated,9.800000,0.000000,11000,11000,12000,12000,13000,15000,16000,16000,16000,16000,16000,3265,0,19000,19234.449342147695,264.2747499921825,63376.7161249998,372.03522205206735
1777186983,200,GET,trips_per_route,9.500000,0.000000,11000,11000,12000,12000,14000,15000,16000,17000,17000,17000,17000,3270,0,19000,19225.27836003676,264.2747499921825,63376.7161249998,372.03639143730885
1777186983,200,,Aggregated,9.500000,0.000000,11000,11000,12000,12000,14000,15000,16000,17000,17000,17000,17000,3270,0,19000,19225.27836003676,264.2747499921825,63376.7161249998,372.03639143730885
1777186984,200,GET,trips_per_route,10.100000,0.000000,11000,12000,12000,12000,14000,15000,17000,17000,17000,17000,17000,3273,0,19000,19219.82762908286,264.2747499921825,63376.7161249998,372.03544149098684
1777186984,200,,Aggregated,10.100000,0.000000,11000,12000,12000,12000,14000,15000,17000,17000,17000,17000,17000,3273,0,19000,19219.82762908286,264.2747499921825,63376.7161249998,372.03544149098684
1777186985,200,GET,trips_per_route,10.300000,0.000000,11000,12000,13000,13000,15000,17000,18000,18000,18000,18000,18000,3284,0,19000,19204.53172294615,264.2747499921825,63376.7161249998,372.03775883069426
1777186985,200,,Aggregated,10.300000,0.000000,11000,12000,13000,13000,15000,17000,18000,18000,18000,18000,18000,3284,0,19000,19204.53172294615,264.2747499921825,63376.7161249998,372.03775883069426
1777186986,200,GET,trips_per_route,9.900000,0.000000,12000,12000,13000,14000,15000,17000,18000,18000,18000,18000,18000,3290,0,19000,19190.02551811982,264.2747499921825,63376.7161249998,372.03860182370823
1777186986,200,,Aggregated,9.900000,0.000000,12000,12000,13000,14000,15000,17000,18000,18000,18000,18000,18000,3290,0,19000,19190.02551811982,264.2747499921825,63376.7161249998,372.03860182370823
1777186987,200,GET,trips_per_route,10.100000,0.000000,11000,12000,13000,14000,16000,17000,18000,18000,18000,18000,18000,3301,0,19000,19161.87526900702,264.2747499921825,63376.7161249998,372.03817025143894
1777186987,200,,Aggregated,10.100000,0.000000,11000,12000,13000,14000,16000,17000,18000,18000,18000,18000,18000,3301,0,19000,19161.87526900702,264.2747499921825,63376.7161249998,372.03817025143894
1777186988,200,GET,trips_per_route,9.900000,0.000000,11000,12000,13000,13000,16000,17000,18000,18000,18000,18000,18000,3312,0,19000,19134.601623223778,264.2747499921825,63376.7161249998,372.0404589371981
1777186988,200,,Aggregated,9.900000,0.000000,11000,12000,13000,13000,16000,17000,18000,18000,18000,18000,18000,3312,0,19000,19134.601623223778,264.2747499921825,63376.7161249998,372.0404589371981
1777186989,200,GET,trips_per_route,9.600000,0.000000,11000,12000,13000,14000,16000,18000,18000,18000,18000,18000,18000,3321,0,19000,19112.721226936806,264.2747499921825,63376.7161249998,372.0415537488708
1777186989,200,,Aggregated,9.600000,0.000000,11000,12000,13000,14000,16000,18000,18000,18000,18000,18000,18000,3321,0,19000,19112.721226936806,264.2747499921825,63376.7161249998,372.0415537488708
1777186990,200,GET,trips_per_route,9.400000,0.000000,11000,12000,13000,13000,16000,17000,18000,18000,18000,18000,18000,3333,0,19000,19084.6359545425,264.2747499921825,63376.7161249998,372.04170417041706
1777186990,200,,Aggregated,9.400000,0.000000,11000,12000,13000,13000,16000,17000,18000,18000,18000,18000,18000,3333,0,19000,19084.6359545425,264.2747499921825,63376.7161249998,372.04170417041706
1777186991,200,GET,trips_per_route,9.200000,0.000000,11000,12000,13000,13000,16000,18000,18000,18000,18000,18000,18000,3338,0,19000,19071.09922989998,264.2747499921825,63376.7161249998,372.0419412822049
1777186991,200,,Aggregated,9.200000,0.000000,11000,12000,13000,13000,16000,18000,18000,18000,18000,18000,18000,3338,0,19000,19071.09922989998,264.2747499921825,63376.7161249998,372.0419412822049
1777186992,200,GET,trips_per_route,8.600000,0.000000,12000,12000,13000,13000,17000,18000,23000,23000,23000,23000,23000,3351,0,19000,19051.638012269814,264.2747499921825,63376.7161249998,372.0444643390033
1777186992,200,,Aggregated,8.600000,0.000000,12000,12000,13000,13000,17000,18000,23000,23000,23000,23000,23000,3351,0,19000,19051.638012269814,264.2747499921825,63376.7161249998,372.0444643390033
1777186993,200,GET,trips_per_route,8.600000,0.000000,12000,13000,13000,13000,17000,18000,23000,24000,24000,24000,24000,3358,0,19000,19040.301081581343,264.2747499921825,63376.7161249998,372.04556283502086
1777186993,200,,Aggregated,8.600000,0.000000,12000,13000,13000,13000,17000,18000,23000,24000,24000,24000,24000,3358,0,19000,19040.301081581343,264.2747499921825,63376.7161249998,372.04556283502086
1777186994,200,GET,trips_per_route,8.600000,0.000000,12000,12000,13000,13000,14000,18000,23000,24000,24000,24000,24000,3359,0,19000,19038.015297593378,264.2747499921825,63376.7161249998,372.0458469782673
1777186994,200,,Aggregated,8.600000,0.000000,12000,12000,13000,13000,14000,18000,23000,24000,24000,24000,24000,3359,0,19000,19038.015297593378,264.2747499921825,63376.7161249998,372.0458469782673
1777186995,200,GET,trips_per_route,8.800000,0.000000,12000,12000,13000,13000,15000,23000,24000,24000,24000,24000,24000,3367,0,19000,19029.191604516825,264.2747499921825,63376.7161249998,372.04752004752004
1777186995,200,,Aggregated,8.800000,0.000000,12000,12000,13000,13000,15000,23000,24000,24000,24000,24000,24000,3367,0,19000,19029.191604516825,264.2747499921825,63376.7161249998,372.04752004752004
1777186996,200,GET,trips_per_route,8.800000,0.000000,12000,13000,13000,13000,16000,24000,27000,28000,28000,28000,28000,3373,0,19000,19024.535576956765,264.2747499921825,63376.7161249998,372.0465461013934
1777186996,200,,Aggregated,8.800000,0.000000,12000,13000,13000,13000,16000,24000,27000,28000,28000,28000,28000,3373,0,19000,19024.535576956765,264.2747499921825,63376.7161249998,372.0465461013934
1777186997,200,GET,trips_per_route,8.100000,0.000000,12000,13000,14000,15000,24000,27000,28000,28000,28000,28000,28000,3384,0,19000,19024.342939591053,264.2747499921825,63376.7161249998,372.0455082742317
1777186997,200,,Aggregated,8.100000,0.000000,12000,13000,14000,15000,24000,27000,28000,28000,28000,28000,28000,3384,0,19000,19024.342939591053,264.2747499921825,63376.7161249998,372.0455082742317
1777186998,200,GET,trips_per_route,8.100000,0.000000,13000,14000,15000,16000,27000,28000,28000,28000,28000,28000,28000,3395,0,19000,19016.6920008822,264.2747499921825,63376.7161249998,372.0480117820324
1777186998,200,,Aggregated,8.100000,0.000000,13000,14000,15000,16000,27000,28000,28000,28000,28000,28000,28000,3395,0,19000,19016.6920008822,264.2747499921825,63376.7161249998,372.0480117820324
1777186999,200,GET,trips_per_route,8.600000,0.000000,14000,15000,23000,24000,28000,28000,29000,30000,30000,30000,30000,3411,0,19000,19021.787646399607,264.2747499921825,63376.7161249998,372.04778657285254
1777186999,200,,Aggregated,8.600000,0.000000,14000,15000,23000,24000,28000,28000,29000,30000,30000,30000,30000,3411,0,19000,19021.787646399607,264.2747499921825,63376.7161249998,372.04778657285254
1777187000,200,GET,trips_per_route,8.200000,0.000000,14000,16000,27000,28000,29000,30000,31000,31000,31000,31000,31000,3425,0,19000,19037.250716238857,264.2747499921825,63376.7161249998,372.04759124087593
1777187000,200,,Aggregated,8.200000,0.000000,14000,16000,27000,28000,29000,30000,31000,31000,31000,31000,31000,3425,0,19000,19037.250716238857,264.2747499921825,63376.7161249998,372.04759124087593
1777187001,200,GET,trips_per_route,9.000000,0.000000,15000,23000,27000,28000,29000,30000,31000,31000,31000,31000,31000,3435,0,19000,19042.405153018677,264.2747499921825,63376.7161249998,372.0503639010189
1777187001,200,,Aggregated,9.000000,0.000000,15000,23000,27000,28000,29000,30000,31000,31000,31000,31000,31000,3435,0,19000,19042.405153018677,264.2747499921825,63376.7161249998,372.0503639010189
1777187002,200,GET,trips_per_route,8.600000,0.000000,16000,27000,28000,28000,30000,31000,31000,32000,32000,32000,32000,3442,0,19000,19055.487704748448,264.2747499921825,63376.7161249998,372.04851830331205
1777187002,200,,Aggregated,8.600000,0.000000,16000,27000,28000,28000,30000,31000,31000,32000,32000,32000,32000,3442,0,19000,19055.487704748448,264.2747499921825,63376.7161249998,372.04851830331205
1777187003,200,GET,trips_per_route,9.700000,0.000000,16000,27000,28000,28000,30000,31000,32000,32000,32000,32000,32000,3454,0,19000,19053.198172926233,264.2747499921825,63376.7161249998,372.0515344528083
1777187003,200,,Aggregated,9.700000,0.000000,16000,27000,28000,28000,30000,31000,32000,32000,32000,32000,32000,3454,0,19000,19053.198172926233,264.2747499921825,63376.7161249998,372.0515344528083
1777187004,200,GET,trips_per_route,9.700000,0.000000,16000,27000,28000,29000,31000,31000,33000,33000,34000,34000,34000,3466,0,19000,19054.38870711834,264.2747499921825,63376.7161249998,372.04904789382573
1777187004,200,,Aggregated,9.700000,0.000000,16000,27000,28000,29000,31000,31000,33000,33000,34000,34000,34000,3466,0,19000,19054.38870711834,264.2747499921825,63376.7161249998,372.04904789382573
1777187005,200,GET,trips_per_route,9.600000,0.000000,17000,27000,28000,29000,31000,32000,34000,34000,34000,34000,34000,3478,0,19000,19057.745202138638,264.2747499921825,63376.7161249998,372.046578493387
1777187005,200,,Aggregated,9.600000,0.000000,17000,27000,28000,29000,31000,32000,34000,34000,34000,34000,34000,3478,0,19000,19057.745202138638,264.2747499921825,63376.7161249998,372.046578493387
1777187006,200,GET,trips_per_route,10.100000,0.000000,17000,27000,28000,29000,31000,33000,34000,34000,34000,34000,34000,3485,0,19000,19054.853344714847,264.2747499921825,63376.7161249998,372.04763271162125
1777187006,200,,Aggregated,10.100000,0.000000,17000,27000,28000,29000,31000,33000,34000,34000,34000,34000,34000,3485,0,19000,19054.853344714847,264.2747499921825,63376.7161249998,372.04763271162125
1777187007,200,GET,trips_per_route,10.800000,0.000000,17000,27000,29000,29000,31000,33000,34000,35000,35000,35000,35000,3494,0,19000,19057.71147061511,264.2747499921825,63376.7161249998,372.04607899255865
1777187007,200,,Aggregated,10.800000,0.000000,17000,27000,29000,29000,31000,33000,34000,35000,35000,35000,35000,3494,0,19000,19057.71147061511,264.2747499921825,63376.7161249998,372.04607899255865
1777187008,200,GET,trips_per_route,11.300000,0.000000,17000,27000,29000,30000,32000,34000,35000,35000,35000,35000,35000,3498,0,19000,19055.499536138424,264.2747499921825,63376.7161249998,372.0451686678102
1777187008,200,,Aggregated,11.300000,0.000000,17000,27000,29000,30000,32000,34000,35000,35000,35000,35000,35000,3498,0,19000,19055.499536138424,264.2747499921825,63376.7161249998,372.0451686678102
1777187009,200,GET,trips_per_route,10.900000,0.000000,17000,27000,29000,31000,34000,35000,36000,37000,37000,37000,37000,3509,0,19000,19076.92954309097,264.2747499921825,63376.7161249998,372.0441721288116
1777187009,200,,Aggregated,10.900000,0.000000,17000,27000,29000,31000,34000,35000,36000,37000,37000,37000,37000,3509,0,19000,19076.92954309097,264.2747499921825,63376.7161249998,372.0441721288116
1777187010,200,GET,trips_per_route,10.900000,0.000000,17000,19000,31000,33000,34000,35000,36000,37000,37000,37000,37000,3524,0,19000,19085.204519898758,264.2747499921825,63376.7161249998,372.0454029511918
1777187010,200,,Aggregated,10.900000,0.000000,17000,19000,31000,33000,34000,35000,36000,37000,37000,37000,37000,3524,0,19000,19085.204519898758,264.2747499921825,63376.7161249998,372.0454029511918
1777187011,200,GET,trips_per_route,9.700000,0.000000,17000,19000,31000,33000,34000,35000,36000,37000,37000,37000,37000,3533,0,19000,19088.264987026956,264.2747499921825,63376.7161249998,372.0452872912539
1777187011,200,,Aggregated,9.700000,0.000000,17000,19000,31000,33000,34000,35000,36000,37000,37000,37000,37000,3533,0,19000,19088.264987026956,264.2747499921825,63376.7161249998,372.0452872912539
1777187012,200,GET,trips_per_route,10.000000,0.000000,17000,18000,33000,34000,35000,36000,37000,38000,38000,38000,38000,3544,0,19000,19085.875332521795,264.2747499921825,63376.7161249998,372.04176072234765
1777187012,200,,Aggregated,10.000000,0.000000,17000,18000,33000,34000,35000,36000,37000,38000,38000,38000,38000,3544,0,19000,19085.875332521795,264.2747499921825,63376.7161249998,372.04176072234765
1777187013,200,GET,trips_per_route,9.600000,0.000000,17000,18000,33000,34000,35000,36000,38000,38000,38000,38000,38000,3555,0,19000,19075.15811557589,264.2747499921825,63376.7161249998,372.04135021097045
1777187013,200,,Aggregated,9.600000,0.000000,17000,18000,33000,34000,35000,36000,38000,38000,38000,38000,38000,3555,0,19000,19075.15811557589,264.2747499921825,63376.7161249998,372.04135021097045
1777187014,200,GET,trips_per_route,10.000000,0.000000,17000,20000,33000,34000,35000,38000,39000,40000,40000,40000,40000,3568,0,19000,19089.53048265759,264.2747499921825,63376.7161249998,372.0406390134529
1777187014,200,,Aggregated,10.000000,0.000000,17000,20000,33000,34000,35000,38000,39000,40000,40000,40000,40000,3568,0,19000,19089.53048265759,264.2747499921825,63376.7161249998,372.0406390134529
1777187015,200,GET,trips_per_route,10.000000,0.000000,18000,21000,34000,35000,38000,39000,40000,40000,41000,41000,41000,3583,0,19000,19131.061831180923,264.2747499921825,63376.7161249998,372.04130616801564
1777187015,200,,Aggregated,10.000000,0.000000,18000,21000,34000,35000,38000,39000,40000,40000,41000,41000,41000,3583,0,19000,19131.061831180923,264.2747499921825,63376.7161249998,372.04130616801564
1777187016,200,GET,trips_per_route,9.900000,0.000000,17000,21000,34000,35000,38000,39000,40000,40000,41000,41000,41000,3594,0,19000,19124.725048284716,264.2747499921825,63376.7161249998,372.0417362270451
1777187016,200,,Aggregated,9.900000,0.000000,17000,21000,34000,35000,38000,39000,40000,40000,41000,41000,41000,3594,0,19000,19124.725048284716,264.2747499921825,63376.7161249998,372.0417362270451
1777187017,200,GET,trips_per_route,10.000000,0.000000,17000,21000,34000,35000,39000,40000,41000,42000,43000,43000,43000,3604,0,19000,19123.044746367992,264.2747499921825,63376.7161249998,372.0391231964484
1777187017,200,,Aggregated,10.000000,0.000000,17000,21000,34000,35000,39000,40000,41000,42000,43000,43000,43000,3604,0,19000,19123.044746367992,264.2747499921825,63376.7161249998,372.0391231964484
1777187018,200,GET,trips_per_route,10.800000,0.000000,18000,22000,34000,35000,39000,40000,43000,43000,43000,43000,43000,3617,0,19000,19122.354595553847,264.2747499921825,63376.7161249998,372.0364943323196
1777187018,200,,Aggregated,10.800000,0.000000,18000,22000,34000,35000,39000,40000,43000,43000,43000,43000,43000,3617,0,19000,19122.354595553847,264.2747499921825,63376.7161249998,372.0364943323196
1777187019,200,GET,trips_per_route,11.000000,0.000000,18000,21000,23000,35000,39000,41000,43000,43000,43000,43000,43000,3632,0,19000,19119.545538062306,264.2747499921825,63376.7161249998,372.03166299559473
1777187019,200,,Aggregated,11.000000,0.000000,18000,21000,23000,35000,39000,41000,43000,43000,43000,43000,43000,3632,0,19000,19119.545538062306,264.2747499921825,63376.7161249998,372.03166299559473
1777187020,200,GET,trips_per_route,11.400000,0.000000,18000,21000,22000,28000,39000,41000,43000,43000,43000,43000,43000,3640,0,19000,19121.318191653118,264.2747499921825,63376.7161249998,372.0318681318681
1777187020,200,,Aggregated,11.400000,0.000000,18000,21000,22000,28000,39000,41000,43000,43000,43000,43000,43000,3640,0,19000,19121.318191653118,264.2747499921825,63376.7161249998,372.0318681318681
1777187021,200,GET,trips_per_route,12.000000,0.000000,19000,21000,22000,35000,40000,42000,43000,44000,44000,44000,44000,3651,0,19000,19138.616009424346,264.2747499921825,63376.7161249998,372.03231991235276
1777187021,200,,Aggregated,12.000000,0.000000,19000,21000,22000,35000,40000,42000,43000,44000,44000,44000,44000,3651,0,19000,19138.616009424346,264.2747499921825,63376.7161249998,372.03231991235276
1777187022,200,GET,trips_per_route,11.900000,0.000000,19000,21000,22000,38000,41000,43000,44000,44000,45000,45000,45000,3662,0,19000,19153.516193506082,264.2747499921825,63376.7161249998,372.03140360458764
1777187022,200,,Aggregated,11.900000,0.000000,19000,21000,22000,38000,41000,43000,44000,44000,45000,45000,45000,3662,0,19000,19153.516193506082,264.2747499921825,63376.7161249998,372.03140360458764
1777187023,200,GET,trips_per_route,11.800000,0.000000,19000,21000,23000,24000,41000,43000,44000,45000,46000,46000,46000,3679,0,19000,19145.843919699983,264.2747499921825,63376.7161249998,372.03397662408264
1777187023,200,,Aggregated,11.800000,0.000000,19000,21000,23000,24000,41000,43000,44000,45000,46000,46000,46000,3679,0,19000,19145.843919699983,264.2747499921825,63376.7161249998,372.03397662408264
1777187024,200,GET,trips_per_route,11.900000,0.000000,19000,21000,22000,23000,41000,43000,45000,46000,46000,46000,46000,3693,0,19000,19145.4526095408,264.2747499921825,63376.7161249998,372.03411860276196
1777187024,200,,Aggregated,11.900000,0.000000,19000,21000,22000,23000,41000,43000,45000,46000,46000,46000,46000,3693,0,19000,19145.4526095408,264.2747499921825,63376.7161249998,372.03411860276196
1777187025,200,GET,trips_per_route,12.400000,0.000000,19000,21000,22000,23000,42000,44000,46000,46000,47000,47000,47000,3702,0,19000,19148.144818137025,264.2747499921825,63376.7161249998,372.03646677471636
1777187025,200,,Aggregated,12.400000,0.000000,19000,21000,22000,23000,42000,44000,46000,46000,47000,47000,47000,3702,0,19000,19148.144818137025,264.2747499921825,63376.7161249998,372.03646677471636
1777187026,200,GET,trips_per_route,12.900000,0.000000,19000,21000,22000,23000,42000,44000,46000,47000,48000,48000,48000,3721,0,19000,19144.29411587159,264.2747499921825,63376.7161249998,372.03762429454446
1777187026,200,,Aggregated,12.900000,0.000000,19000,21000,22000,23000,42000,44000,46000,47000,48000,48000,48000,3721,0,19000,19144.29411587159,264.2747499921825,63376.7161249998,372.03762429454446
1777187027,200,GET,trips_per_route,12.300000,0.000000,18000,21000,22000,23000,25000,44000,46000,47000,48000,48000,48000,3734,0,19000,19140.86978336212,264.2747499921825,63376.7161249998,372.0372254954472
1777187027,200,,Aggregated,12.300000,0.000000,18000,21000,22000,23000,25000,44000,46000,47000,48000,48000,48000,3734,0,19000,19140.86978336212,264.2747499921825,63376.7161249998,372.0372254954472
1777187028,200,GET,trips_per_route,12.500000,0.000000,18000,21000,22000,23000,25000,44000,46000,47000,48000,48000,48000,3739,0,19000,19138.8651488345,264.2747499921825,63376.7161249998,372.03824552019256
1777187028,200,,Aggregated,12.500000,0.000000,18000,21000,22000,23000,25000,44000,46000,47000,48000,48000,48000,3739,0,19000,19138.8651488345,264.2747499921825,63376.7161249998,372.03824552019256
1777187029,200,GET,trips_per_route,12.600000,0.000000,18000,21000,22000,23000,26000,44000,46000,47000,48000,48000,48000,3745,0,19000,19138.392731005915,264.2747499921825,63376.7161249998,372.0379172229639
1777187029,200,,Aggregated,12.600000,0.000000,18000,21000,22000,23000,26000,44000,46000,47000,48000,48000,48000,3745,0,19000,19138.392731005915,264.2747499921825,63376.7161249998,372.0379172229639
1777187030,200,GET,trips_per_route,12.400000,0.000000,18000,20000,22000,23000,24000,44000,46000,47000,48000,48000,48000,3756,0,19000,19137.406788802753,264.2747499921825,63376.7161249998,372.0404685835996
1777187030,200,,Aggregated,12.400000,0.000000,18000,20000,22000,23000,24000,44000,46000,47000,48000,48000,48000,3756,0,19000,19137.406788802753,264.2747499921825,63376.7161249998,372.0404685835996
1777187031,200,GET,trips_per_route,11.800000,0.000000,18000,21000,22000,23000,24000,42000,46000,47000,48000,48000,48000,3768,0,19000,19136.770160151325,264.2747499921825,63376.7161249998,372.04272823779195
1777187031,200,,Aggregated,11.800000,0.000000,18000,21000,22000,23000,24000,42000,46000,47000,48000,48000,48000,3768,0,19000,19136.770160151325,264.2747499921825,63376.7161249998,372.04272823779195
1777187032,200,GET,trips_per_route,11.300000,0.000000,18000,21000,22000,23000,24000,26000,47000,48000,48000,48000,48000,3775,0,19000,19128.89718175236,264.2747499921825,63376.7161249998,372.0434437086093
1777187032,200,,Aggregated,11.300000,0.000000,18000,21000,22000,23000,24000,26000,47000,48000,48000,48000,48000,3775,0,19000,19128.89718175236,264.2747499921825,63376.7161249998,372.0434437086093
1777187033,200,GET,trips_per_route,11.700000,0.000000,17000,19000,22000,22000,24000,24000,47000,48000,48000,48000,48000,3786,0,19000,19117.142716695216,264.2747499921825,63376.7161249998,372.0456946645536
1777187033,200,,Aggregated,11.700000,0.000000,17000,19000,22000,22000,24000,24000,47000,48000,48000,48000,48000,3786,0,19000,19117.142716695216,264.2747499921825,63376.7161249998,372.0456946645536
1777187034,200,GET,trips_per_route,11.600000,0.000000,16000,19000,22000,22000,24000,24000,26000,47000,48000,48000,48000,3800,0,19000,19107.999970797904,264.2747499921825,63376.7161249998,372.0442105263158
1777187034,200,,Aggregated,11.600000,0.000000,16000,19000,22000,22000,24000,24000,26000,47000,48000,48000,48000,3800,0,19000,19107.999970797904,264.2747499921825,63376.7161249998,372.0442105263158
1777187035,200,GET,trips_per_route,10.000000,0.000000,17000,19000,21000,22000,24000,24000,25000,26000,26000,26000,26000,3813,0,19000,19094.456047729338,264.2747499921825,63376.7161249998,372.04353527406244
1777187035,200,,Aggregated,10.000000,0.000000,17000,19000,21000,22000,24000,24000,25000,26000,26000,26000,26000,3813,0,19000,19094.456047729338,264.2747499921825,63376.7161249998,372.04353527406244
1777187036,200,GET,trips_per_route,10.600000,0.000000,18000,20000,21000,22000,24000,24000,25000,26000,26000,26000,26000,3819,0,19000,19093.18398379601,264.2747499921825,63376.7161249998,372.0418957842367
1777187036,200,,Aggregated,10.600000,0.000000,18000,20000,21000,22000,24000,24000,25000,26000,26000,26000,26000,3819,0,19000,19093.18398379601,264.2747499921825,63376.7161249998,372.0418957842367
1777187037,200,GET,trips_per_route,11.000000,0.000000,18000,20000,21000,22000,23000,24000,25000,26000,26000,26000,26000,3827,0,19000,19094.130839972808,264.2747499921825,63376.7161249998,372.0420695061406
1777187037,200,,Aggregated,11.000000,0.000000,18000,20000,21000,22000,23000,24000,25000,26000,26000,26000,26000,3827,0,19000,19094.130839972808,264.2747499921825,63376.7161249998,372.0420695061406
1777187038,200,GET,trips_per_route,10.000000,0.000000,18000,20000,21000,21000,23000,24000,24000,25000,25000,25000,25000,3838,0,19000,19090.26647003465,264.2747499921825,63376.7161249998,372.0406461698801
1777187038,200,,Aggregated,10.000000,0.000000,18000,20000,21000,21000,23000,24000,24000,25000,25000,25000,25000,3838,0,19000,19090.26647003465,264.2747499921825,63376.7161249998,372.0406461698801
1777187039,200,GET,trips_per_route,9.200000,0.000000,18000,19000,20000,21000,22000,23000,24000,24000,25000,25000,25000,3852,0,19000,19082.97615665941,264.2747499921825,63376.7161249998,372.0420560747664
1777187039,200,,Aggregated,9.200000,0.000000,18000,19000,20000,21000,22000,23000,24000,24000,25000,25000,25000,3852,0,19000,19082.97615665941,264.2747499921825,63376.7161249998,372.0420560747664
1777187040,200,GET,trips_per_route,9.600000,0.000000,18000,20000,21000,21000,22000,23000,24000,24000,25000,25000,25000,3869,0,19000,19083.04061510185,264.2747499921825,63376.7161249998,372.04419746704576
1777187040,200,,Aggregated,9.600000,0.000000,18000,20000,21000,21000,22000,23000,24000,24000,25000,25000,25000,3869,0,19000,19083.04061510185,264.2747499921825,63376.7161249998,372.04419746704576
1777187041,200,GET,trips_per_route,10.400000,0.000000,18000,20000,21000,21000,22000,23000,23000,24000,25000,25000,25000,3884,0,19000,19077.592574750284,264.2747499921825,63376.7161249998,372.04248197734296
1777187041,200,,Aggregated,10.400000,0.000000,18000,20000,21000,21000,22000,23000,23000,24000,25000,25000,25000,3884,0,19000,19077.592574750284,264.2747499921825,63376.7161249998,372.04248197734296
1777187042,200,GET,trips_per_route,11.300000,0.000000,18000,20000,21000,21000,22000,23000,23000,24000,25000,25000,25000,3897,0,19000,19069.30670443036,264.2747499921825,63376.7161249998,372.0449063382089
1777187042,200,,Aggregated,11.300000,0.000000,18000,20000,21000,21000,22000,23000,23000,24000,25000,25000,25000,3897,0,19000,19069.30670443036,264.2747499921825,63376.7161249998,372.0449063382089
1777187043,200,GET,trips_per_route,11.200000,0.000000,18000,20000,21000,21000,22000,23000,23000,24000,25000,25000,25000,3912,0,19000,19064.436724437663,264.2747499921825,63376.7161249998,372.04754601226995
1777187043,200,,Aggregated,11.200000,0.000000,18000,20000,21000,21000,22000,23000,23000,24000,25000,25000,25000,3912,0,19000,19064.436724437663,264.2747499921825,63376.7161249998,372.04754601226995
1777187044,200,GET,trips_per_route,11.500000,0.000000,19000,20000,21000,21000,22000,23000,23000,23000,23000,23000,23000,3923,0,19000,19060.883605521572,264.2747499921825,63376.7161249998,372.0479225082845
1777187044,200,,Aggregated,11.500000,0.000000,19000,20000,21000,21000,22000,23000,23000,23000,23000,23000,23000,3923,0,19000,19060.883605521572,264.2747499921825,63376.7161249998,372.0479225082845
1777187045,200,GET,trips_per_route,12.700000,0.000000,19000,20000,21000,21000,22000,23000,23000,23000,23000,23000,23000,3935,0,19000,19052.970011743364,264.2747499921825,63376.7161249998,372.04879288437104
1777187045,200,,Aggregated,12.700000,0.000000,19000,20000,21000,21000,22000,23000,23000,23000,23000,23000,23000,3935,0,19000,19052.970011743364,264.2747499921825,63376.7161249998,372.04879288437104
1777187046,200,GET,trips_per_route,12.200000,0.000000,19000,20000,20000,21000,22000,23000,23000,23000,23000,23000,23000,3948,0,19000,19042.58410121205,264.2747499921825,63376.7161249998,372.04559270516717
1777187046,200,,Aggregated,12.200000,0.000000,19000,20000,20000,21000,22000,23000,23000,23000,23000,23000,23000,3948,0,19000,19042.58410121205,264.2747499921825,63376.7161249998,372.04559270516717
1777187047,200,GET,trips_per_route,12.300000,0.000000,19000,20000,20000,21000,22000,22000,23000,23000,23000,23000,23000,3958,0,19000,19039.619919888366,264.2747499921825,63376.7161249998,372.0464881253158
1777187047,200,,Aggregated,12.300000,0.000000,19000,20000,20000,21000,22000,22000,23000,23000,23000,23000,23000,3958,0,19000,19039.619919888366,264.2747499921825,63376.7161249998,372.0464881253158
1777187048,200,GET,trips_per_route,12.700000,0.000000,19000,20000,20000,21000,21000,22000,23000,23000,23000,23000,23000,3969,0,19000,19030.50528967175,264.2747499921825,63376.7161249998,372.04509952129
1777187048,200,,Aggregated,12.700000,0.000000,19000,20000,20000,21000,21000,22000,23000,23000,23000,23000,23000,3969,0,19000,19030.50528967175,264.2747499921825,63376.7161249998,372.04509952129
1777187049,200,GET,trips_per_route,13.300000,0.000000,18000,19000,20000,20000,21000,22000,22000,23000,23000,23000,23000,3974,0,19000,19025.53379610145,264.2747499921825,63376.7161249998,372.04428787116257
1777187049,200,,Aggregated,13.300000,0.000000,18000,19000,20000,20000,21000,22000,22000,23000,23000,23000,23000,3974,0,19000,19025.53379610145,264.2747499921825,63376.7161249998,372.04428787116257
1777187050,200,GET,trips_per_route,12.900000,0.000000,18000,19000,20000,20000,21000,21000,22000,23000,23000,23000,23000,3987,0,19000,19001.777235400088,264.2747499921825,63376.7161249998,372.0451467268623
1777187050,200,,Aggregated,12.900000,0.000000,18000,19000,20000,20000,21000,21000,22000,23000,23000,23000,23000,3987,0,19000,19001.777235400088,264.2747499921825,63376.7161249998,372.0451467268623
1777187051,200,GET,trips_per_route,12.500000,0.000000,18000,19000,20000,20000,21000,21000,22000,23000,23000,23000,23000,3993,0,19000,18993.933731790676,264.2747499921825,63376.7161249998,372.0465815176559
1777187051,200,,Aggregated,12.500000,0.000000,18000,19000,20000,20000,21000,21000,22000,23000,23000,23000,23000,3993,0,19000,18993.933731790676,264.2747499921825,63376.7161249998,372.0465815176559
1777187052,200,GET,trips_per_route,11.800000,0.000000,18000,19000,20000,20000,21000,22000,22000,22000,23000,23000,23000,4007,0,19000,18991.298729743707,264.2747499921825,63376.7161249998,372.04542051410033
1777187052,200,,Aggregated,11.800000,0.000000,18000,19000,20000,20000,21000,22000,22000,22000,23000,23000,23000,4007,0,19000,18991.298729743707,264.2747499921825,63376.7161249998,372.04542051410033
1777187053,200,GET,trips_per_route,11.500000,0.000000,18000,19000,20000,20000,21000,22000,22000,22000,23000,23000,23000,4020,0,19000,18978.023331924385,264.2747499921825,63376.7161249998,372.0457711442786
1777187053,200,,Aggregated,11.500000,0.000000,18000,19000,20000,20000,21000,22000,22000,22000,23000,23000,23000,4020,0,19000,18978.023331924385,264.2747499921825,63376.7161249998,372.0457711442786
1777187054,200,GET,trips_per_route,10.800000,0.000000,18000,19000,20000,20000,21000,22000,22000,22000,23000,23000,23000,4035,0,19000,18945.537279110536,264.2747499921825,63376.7161249998,372.0460966542751
1777187054,200,,Aggregated,10.800000,0.000000,18000,19000,20000,20000,21000,22000,22000,22000,23000,23000,23000,4035,0,19000,18945.537279110536,264.2747499921825,63376.7161249998,372.0460966542751
1777187055,200,GET,trips_per_route,10.800000,0.000000,18000,19000,20000,20000,21000,22000,22000,23000,23000,23000,23000,4044,0,19000,18931.921426713652,264.2747499921825,63376.7161249998,372.045746785361
1777187055,200,,Aggregated,10.800000,0.000000,18000,19000,20000,20000,21000,22000,22000,23000,23000,23000,23000,4044,0,19000,18931.921426713652,264.2747499921825,63376.7161249998,372.045746785361
1777187056,200,GET,trips_per_route,10.700000,0.000000,18000,19000,20000,20000,21000,22000,22000,23000,23000,23000,23000,4055,0,19000,18932.744061119596,264.2747499921825,63376.7161249998,372.04611590628855
1777187056,200,,Aggregated,10.700000,0.000000,18000,19000,20000,20000,21000,22000,22000,23000,23000,23000,23000,4055,0,19000,18932.744061119596,264.2747499921825,63376.7161249998,372.04611590628855
1777187057,200,GET,trips_per_route,11.100000,0.000000,18000,19000,20000,20000,21000,22000,23000,23000,24000,24000,24000,4071,0,19000,18930.757631327404,264.2747499921825,63376.7161249998,372.04740849914026
1777187057,200,,Aggregated,11.100000,0.000000,18000,19000,20000,20000,21000,22000,23000,23000,24000,24000,24000,4071,0,19000,18930.757631327404,264.2747499921825,63376.7161249998,372.04740849914026
1777187058,200,GET,trips_per_route,10.600000,0.000000,18000,19000,20000,20000,21000,22000,23000,23000,24000,24000,24000,4083,0,19000,18931.1133013328,264.2747499921825,63376.7161249998,372.04604457506736
1777187058,200,,Aggregated,10.600000,0.000000,18000,19000,20000,20000,21000,22000,23000,23000,24000,24000,24000,4083,0,19000,18931.1133013328,264.2747499921825,63376.7161249998,372.04604457506736
1777187059,200,GET,trips_per_route,10.700000,0.000000,18000,19000,20000,20000,21000,22000,23000,23000,24000,24000,24000,4101,0,19000,18928.461822728816,264.2747499921825,63376.7161249998,372.0451109485491
1777187059,200,,Aggregated,10.700000,0.000000,18000,19000,20000,20000,21000,22000,23000,23000,24000,24000,24000,4101,0,19000,18928.461822728816,264.2747499921825,63376.7161249998,372.0451109485491
1777187060,200,GET,trips_per_route,11.700000,0.000000,18000,19000,20000,20000,21000,22000,23000,23000,24000,24000,24000,4121,0,19000,18920.6644986275,264.2747499921825,63376.7161249998,372.0487745692793
1777187060,200,,Aggregated,11.700000,0.000000,18000,19000,20000,20000,21000,22000,23000,23000,24000,24000,24000,4121,0,19000,18920.6644986275,264.2747499921825,63376.7161249998,372.0487745692793
1777187061,200,GET,trips_per_route,11.800000,0.000000,18000,19000,20000,20000,21000,22000,23000,23000,24000,24000,24000,4132,0,19000,18911.02542317352,264.2747499921825,63376.7161249998,372.04791868344626
1777187061,200,,Aggregated,11.800000,0.000000,18000,19000,20000,20000,21000,22000,23000,23000,24000,24000,24000,4132,0,19000,18911.02542317352,264.2747499921825,63376.7161249998,372.04791868344626
1777187062,200,GET,trips_per_route,12.600000,0.000000,18000,19000,20000,20000,21000,22000,22000,23000,24000,24000,24000,4138,0,19000,18907.672668320927,264.2747499921825,63376.7161249998,372.0476075398743
1777187062,200,,Aggregated,12.600000,0.000000,18000,19000,20000,20000,21000,22000,22000,23000,24000,24000,24000,4138,0,19000,18907.672668320927,264.2747499921825,63376.7161249998,372.0476075398743
1777187063,200,GET,trips_per_route,13.400000,0.000000,18000,19000,20000,20000,21000,22000,23000,23000,24000,24000,24000,4149,0,19000,18906.19140846468,264.2747499921825,63376.7161249998,372.04940949626416
1777187063,200,,Aggregated,13.400000,0.000000,18000,19000,20000,20000,21000,22000,23000,23000,24000,24000,24000,4149,0,19000,18906.19140846468,264.2747499921825,63376.7161249998,372.04940949626416
1777187064,200,GET,trips_per_route,13.700000,0.000000,19000,19000,20000,20000,21000,22000,23000,23000,24000,24000,24000,4165,0,19000,18898.655324612217,264.2747499921825,63376.7161249998,372.0470588235294
1777187064,200,,Aggregated,13.700000,0.000000,19000,19000,20000,20000,21000,22000,23000,23000,24000,24000,24000,4165,0,19000,18898.655324612217,264.2747499921825,63376.7161249998,372.0470588235294
1777187065,200,GET,trips_per_route,12.900000,0.000000,19000,19000,20000,20000,21000,22000,23000,23000,24000,24000,24000,4178,0,19000,18893.84458634821,264.2747499921825,63376.7161249998,372.0454763044519
1777187065,200,,Aggregated,12.900000,0.000000,19000,19000,20000,20000,21000,22000,23000,23000,24000,24000,24000,4178,0,19000,18893.84458634821,264.2747499921825,63376.7161249998,372.0454763044519
1777187066,200,GET,trips_per_route,13.000000,0.000000,19000,19000,20000,20000,21000,22000,23000,23000,24000,24000,24000,4188,0,19000,18894.262078073483,264.2747499921825,63376.7161249998,372.0446513849093
1777187066,200,,Aggregated,13.000000,0.000000,19000,19000,20000,20000,21000,22000,23000,23000,24000,24000,24000,4188,0,19000,18894.262078073483,264.2747499921825,63376.7161249998,372.0446513849093
1777187067,200,GET,trips_per_route,12.700000,0.000000,19000,19000,20000,20000,21000,21000,22000,23000,23000,23000,23000,4193,0,19000,18889.639314286607,264.2747499921825,63376.7161249998,372.04507512520865
1777187067,200,,Aggregated,12.700000,0.000000,19000,19000,20000,20000,21000,21000,22000,23000,23000,23000,23000,4193,0,19000,18889.639314286607,264.2747499921825,63376.7161249998,372.04507512520865
1777187068,200,GET,trips_per_route,13.500000,0.000000,18000,19000,20000,20000,21000,21000,22000,23000,23000,23000,23000,4205,0,19000,18873.033288379007,264.2747499921825,63376.7161249998,372.0444708680143
1777187068,200,,Aggregated,13.500000,0.000000,18000,19000,20000,20000,21000,21000,22000,23000,23000,23000,23000,4205,0,19000,18873.033288379007,264.2747499921825,63376.7161249998,372.0444708680143
1777187069,200,GET,trips_per_route,13.000000,0.000000,18000,19000,20000,20000,21000,21000,22000,23000,23000,23000,23000,4216,0,19000,18864.410076486183,264.2747499921825,63376.7161249998,372.0457779886148
1777187069,200,,Aggregated,13.000000,0.000000,18000,19000,20000,20000,21000,21000,22000,23000,23000,23000,23000,4216,0,19000,18864.410076486183,264.2747499921825,63376.7161249998,372.0457779886148
1777187070,200,GET,trips_per_route,11.800000,0.000000,18000,19000,19000,20000,21000,21000,22000,23000,23000,23000,23000,4228,0,19000,18843.131532898016,264.2747499921825,63376.7161249998,372.0461210974456
1777187070,200,,Aggregated,11.800000,0.000000,18000,19000,19000,20000,21000,21000,22000,23000,23000,23000,23000,4228,0,19000,18843.131532898016,264.2747499921825,63376.7161249998,372.0461210974456
1777187071,200,GET,trips_per_route,11.800000,0.000000,18000,19000,20000,20000,21000,21000,23000,23000,23000,23000,23000,4240,0,19000,18843.64318507472,264.2747499921825,63376.7161249998,372.04622641509434
1777187071,200,,Aggregated,11.800000,0.000000,18000,19000,20000,20000,21000,21000,23000,23000,23000,23000,23000,4240,0,19000,18843.64318507472,264.2747499921825,63376.7161249998,372.04622641509434
1777187072,200,GET,trips_per_route,11.200000,0.000000,18000,19000,20000,20000,21000,21000,23000,23000,23000,23000,23000,4250,0,19000,18834.754505766537,264.2747499921825,63376.7161249998,372.04823529411766
1777187072,200,,Aggregated,11.200000,0.000000,18000,19000,20000,20000,21000,21000,23000,23000,23000,23000,23000,4250,0,19000,18834.754505766537,264.2747499921825,63376.7161249998,372.04823529411766
1777187073,200,GET,trips_per_route,10.900000,0.000000,18000,19000,20000,20000,21000,21000,22000,22000,23000,23000,23000,4262,0,19000,18833.913921937998,264.2747499921825,63376.7161249998,372.05091506335054
1777187073,200,,Aggregated,10.900000,0.000000,18000,19000,20000,20000,21000,21000,22000,22000,23000,23000,23000,4262,0,19000,18833.913921937998,264.2747499921825,63376.7161249998,372.05091506335054
1777187074,200,GET,trips_per_route,10.800000,0.000000,18000,19000,20000,20000,21000,21000,22000,22000,23000,23000,23000,4271,0,19000,18831.781599519723,264.2747499921825,63376.7161249998,372.0526808709904
1777187074,200,,Aggregated,10.800000,0.000000,18000,19000,20000,20000,21000,21000,22000,22000,23000,23000,23000,4271,0,19000,18831.781599519723,264.2747499921825,63376.7161249998,372.0526808709904
1777187075,200,GET,trips_per_route,11.500000,0.000000,18000,18000,19000,20000,21000,21000,22000,23000,23000,23000,23000,4282,0,19000,18827.530782278303,264.2747499921825,63376.7161249998,372.0548808967772
1777187075,200,,Aggregated,11.500000,0.000000,18000,18000,19000,20000,21000,21000,22000,23000,23000,23000,23000,4282,0,19000,18827.530782278303,264.2747499921825,63376.7161249998,372.0548808967772
1777187076,200,GET,trips_per_route,11.100000,0.000000,18000,18000,19000,20000,21000,21000,21000,22000,23000,23000,23000,4294,0,19000,18825.701145427975,264.2747499921825,63376.7161249998,372.05565905915233
1777187076,200,,Aggregated,11.100000,0.000000,18000,18000,19000,20000,21000,21000,21000,22000,23000,23000,23000,4294,0,19000,18825.701145427975,264.2747499921825,63376.7161249998,372.05565905915233
1777187077,200,GET,trips_per_route,10.500000,0.000000,18000,19000,20000,20000,21000,21000,21000,22000,23000,23000,23000,4309,0,19000,18825.214447959777,264.2747499921825,63376.7161249998,372.05430494314226
1777187077,200,,Aggregated,10.500000,0.000000,18000,19000,20000,20000,21000,21000,21000,22000,23000,23000,23000,4309,0,19000,18825.214447959777,264.2747499921825,63376.7161249998,372.05430494314226
1777187078,200,GET,trips_per_route,10.200000,0.000000,18000,19000,20000,20000,21000,21000,21000,22000,23000,23000,23000,4325,0,19000,18822.045006909517,264.2747499921825,63376.7161249998,372.0543352601156
1777187078,200,,Aggregated,10.200000,0.000000,18000,19000,20000,20000,21000,21000,21000,22000,23000,23000,23000,4325,0,19000,18822.045006909517,264.2747499921825,63376.7161249998,372.0543352601156
1777187079,200,GET,trips_per_route,10.700000,0.000000,18000,19000,20000,20000,21000,21000,22000,22000,23000,23000,23000,4338,0,19000,18819.69829636599,264.2747499921825,63376.7161249998,372.0560165975104
1777187079,200,,Aggregated,10.700000,0.000000,18000,19000,20000,20000,21000,21000,22000,22000,23000,23000,23000,4338,0,19000,18819.69829636599,264.2747499921825,63376.7161249998,372.0560165975104
1777187080,200,GET,trips_per_route,11.800000,0.000000,18000,19000,20000,20000,21000,21000,22000,22000,23000,23000,23000,4351,0,19000,18816.40076258645,264.2747499921825,63376.7161249998,372.0581475522868
1777187080,200,,Aggregated,11.800000,0.000000,18000,19000,20000,20000,21000,21000,22000,22000,23000,23000,23000,4351,0,19000,18816.40076258645,264.2747499921825,63376.7161249998,372.0581475522868
1777187081,200,GET,trips_per_route,12.200000,0.000000,18000,19000,20000,20000,20000,21000,21000,21000,22000,22000,22000,4360,0,19000,18812.987285888452,264.2747499921825,63376.7161249998,372.06009174311924
1777187081,200,,Aggregated,12.200000,0.000000,18000,19000,20000,20000,20000,21000,21000,21000,22000,22000,22000,4360,0,19000,18812.987285888452,264.2747499921825,63376.7161249998,372.06009174311924
1777187082,200,GET,trips_per_route,12.300000,0.000000,18000,19000,19000,20000,20000,21000,21000,21000,22000,22000,22000,4374,0,18000,18804.088248593678,264.2747499921825,63376.7161249998,372.06081390032006
1777187082,200,,Aggregated,12.300000,0.000000,18000,19000,19000,20000,20000,21000,21000,21000,22000,22000,22000,4374,0,18000,18804.088248593678,264.2747499921825,63376.7161249998,372.06081390032006
1777187083,200,GET,trips_per_route,11.900000,0.000000,18000,19000,19000,20000,20000,21000,21000,21000,22000,22000,22000,4386,0,18000,18797.241273895976,264.2747499921825,63376.7161249998,372.05882352941177
1777187083,200,,Aggregated,11.900000,0.000000,18000,19000,19000,20000,20000,21000,21000,21000,22000,22000,22000,4386,0,18000,18797.241273895976,264.2747499921825,63376.7161249998,372.05882352941177
1777187084,200,GET,trips_per_route,12.000000,0.000000,18000,19000,19000,20000,20000,21000,21000,21000,22000,22000,22000,4399,0,18000,18791.748210354115,264.2747499921825,63376.7161249998,372.0597863150716
1777187084,200,,Aggregated,12.000000,0.000000,18000,19000,19000,20000,20000,21000,21000,21000,22000,22000,22000,4399,0,18000,18791.748210354115,264.2747499921825,63376.7161249998,372.0597863150716
1777187085,200,GET,trips_per_route,12.200000,0.000000,18000,19000,19000,20000,20000,21000,21000,21000,22000,22000,22000,4412,0,18000,18781.8038806219,264.2747499921825,63376.7161249998,372.05915684496824
1777187085,200,,Aggregated,12.200000,0.000000,18000,19000,19000,20000,20000,21000,21000,21000,22000,22000,22000,4412,0,18000,18781.8038806219,264.2747499921825,63376.7161249998,372.05915684496824
1777187086,200,GET,trips_per_route,12.700000,0.000000,17000,19000,19000,20000,20000,21000,21000,22000,24000,24000,24000,4422,0,18000,18779.21063570689,264.2747499921825,63376.7161249998,372.0599276345545
1777187086,200,,Aggregated,12.700000,0.000000,17000,19000,19000,20000,20000,21000,21000,22000,24000,24000,24000,4422,0,18000,18779.21063570689,264.2747499921825,63376.7161249998,372.0599276345545
1777187087,200,GET,trips_per_route,13.500000,0.000000,17000,19000,19000,20000,20000,21000,21000,22000,24000,24000,24000,4429,0,18000,18777.773353826124,264.2747499921825,63376.7161249998,372.0609618424023
1777187087,200,,Aggregated,13.500000,0.000000,17000,19000,19000,20000,20000,21000,21000,22000,24000,24000,24000,4429,0,18000,18777.773353826124,264.2747499921825,63376.7161249998,372.0609618424023
1777187088,200,GET,trips_per_route,12.900000,0.000000,17000,18000,19000,19000,20000,21000,21000,22000,24000,24000,24000,4444,0,18000,18768.676452813885,264.2747499921825,63376.7161249998,372.06165616561657
1777187088,200,,Aggregated,12.900000,0.000000,17000,18000,19000,19000,20000,21000,21000,22000,24000,24000,24000,4444,0,18000,18768.676452813885,264.2747499921825,63376.7161249998,372.06165616561657
1777187089,200,GET,trips_per_route,12.800000,0.000000,16000,18000,19000,19000,20000,21000,21000,21000,24000,24000,24000,4459,0,18000,18750.406407820556,264.2747499921825,63376.7161249998,372.06391567616055
1777187089,200,,Aggregated,12.800000,0.000000,16000,18000,19000,19000,20000,21000,21000,21000,24000,24000,24000,4459,0,18000,18750.406407820556,264.2747499921825,63376.7161249998,372.06391567616055
1777187090,200,GET,trips_per_route,11.900000,0.000000,16000,17000,18000,19000,20000,21000,21000,21000,24000,24000,24000,4470,0,18000,18742.077398763045,264.2747499921825,63376.7161249998,372.0635346756152
1777187090,200,,Aggregated,11.900000,0.000000,16000,17000,18000,19000,20000,21000,21000,21000,24000,24000,24000,4470,0,18000,18742.077398763045,264.2747499921825,63376.7161249998,372.0635346756152
1777187091,200,GET,trips_per_route,11.700000,0.000000,16000,17000,18000,19000,20000,21000,21000,21000,24000,24000,24000,4479,0,18000,18731.187343048405,264.2747499921825,63376.7161249998,372.06430006697923
1777187091,200,,Aggregated,11.700000,0.000000,16000,17000,18000,19000,20000,21000,21000,21000,24000,24000,24000,4479,0,18000,18731.187343048405,264.2747499921825,63376.7161249998,372.06430006697923
1777187092,200,GET,trips_per_route,12.000000,0.000000,16000,18000,19000,19000,20000,21000,21000,21000,24000,24000,24000,4485,0,18000,18730.313782324156,264.2747499921825,63376.7161249998,372.063768115942
1777187092,200,,Aggregated,12.000000,0.000000,16000,18000,19000,19000,20000,21000,21000,21000,24000,24000,24000,4485,0,18000,18730.313782324156,264.2747499921825,63376.7161249998,372.063768115942
1777187093,200,GET,trips_per_route,11.800000,0.000000,16000,18000,19000,19000,20000,21000,21000,21000,24000,24000,24000,4495,0,18000,18724.49892903578,264.2747499921825,63376.7161249998,372.06273637374863
1777187093,200,,Aggregated,11.800000,0.000000,16000,18000,19000,19000,20000,21000,21000,21000,24000,24000,24000,4495,0,18000,18724.49892903578,264.2747499921825,63376.7161249998,372.06273637374863
1777187094,200,GET,trips_per_route,11.900000,0.000000,17000,18000,19000,19000,20000,20000,21000,21000,24000,24000,24000,4511,0,18000,18719.296966594728,264.2747499921825,63376.7161249998,372.0647306583906
1777187094,200,,Aggregated,11.900000,0.000000,17000,18000,19000,19000,20000,20000,21000,21000,24000,24000,24000,4511,0,18000,18719.296966594728,264.2747499921825,63376.7161249998,372.0647306583906
1777187095,200,GET,trips_per_route,10.900000,0.000000,17000,18000,19000,19000,20000,20000,21000,21000,24000,24000,24000,4523,0,18000,18717.829785774647,264.2747499921825,63376.7161249998,372.06632765863367
1777187095,200,,Aggregated,10.900000,0.000000,17000,18000,19000,19000,20000,20000,21000,21000,24000,24000,24000,4523,0,18000,18717.829785774647,264.2747499921825,63376.7161249998,372.06632765863367
1777187096,200,GET,trips_per_route,11.000000,0.000000,17000,18000,19000,19000,20000,20000,21000,21000,21000,21000,21000,4534,0,18000,18714.253884588168,264.2747499921825,63376.7161249998,372.06815174239085
1777187096,200,,Aggregated,11.000000,0.000000,17000,18000,19000,19000,20000,20000,21000,21000,21000,21000,21000,4534,0,18000,18714.253884588168,264.2747499921825,63376.7161249998,372.06815174239085
1777187097,200,GET,trips_per_route,10.800000,0.000000,17000,18000,19000,19000,19000,20000,20000,21000,21000,21000,21000,4545,0,18000,18709.521570309294,264.2747499921825,63376.7161249998,372.07018701870186
1777187097,200,,Aggregated,10.800000,0.000000,17000,18000,19000,19000,19000,20000,20000,21000,21000,21000,21000,4545,0,18000,18709.521570309294,264.2747499921825,63376.7161249998,372.07018701870186
1777187098,200,GET,trips_per_route,11.600000,0.000000,18000,18000,19000,19000,19000,20000,21000,21000,21000,21000,21000,4561,0,18000,18702.228915929332,264.2747499921825,63376.7161249998,372.06950230212675
1777187098,200,,Aggregated,11.600000,0.000000,18000,18000,19000,19000,19000,20000,21000,21000,21000,21000,21000,4561,0,18000,18702.228915929332,264.2747499921825,63376.7161249998,372.06950230212675
1777187099,200,GET,trips_per_route,11.300000,0.000000,18000,18000,19000,19000,20000,21000,21000,21000,21000,21000,21000,4568,0,18000,18702.345966763933,264.2747499921825,63376.7161249998,372.069176882662
1777187099,200,,Aggregated,11.300000,0.000000,18000,18000,19000,19000,20000,21000,21000,21000,21000,21000,21000,4568,0,18000,18702.345966763933,264.2747499921825,63376.7161249998,372.069176882662
1777187100,200,GET,trips_per_route,11.500000,0.000000,18000,18000,19000,19000,20000,21000,21000,21000,21000,21000,21000,4584,0,18000,18692.50451632715,264.2747499921825,63376.7161249998,372.07177137870855
1777187100,200,,Aggregated,11.500000,0.000000,18000,18000,19000,19000,20000,21000,21000,21000,21000,21000,21000,4584,0,18000,18692.50451632715,264.2747499921825,63376.7161249998,372.07177137870855
1777187101,200,GET,trips_per_route,11.700000,0.000000,18000,19000,19000,19000,20000,21000,21000,21000,22000,22000,22000,4592,0,18000,18691.861937066336,264.2747499921825,63376.7161249998,372.07186411149826
1777187101,200,,Aggregated,11.700000,0.000000,18000,19000,19000,19000,20000,21000,21000,21000,22000,22000,22000,4592,0,18000,18691.861937066336,264.2747499921825,63376.7161249998,372.07186411149826
1777187102,200,GET,trips_per_route,11.100000,0.000000,18000,19000,19000,20000,20000,21000,21000,21000,22000,22000,22000,4606,0,18000,18689.538512838815,264.2747499921825,63376.7161249998,372.0716456795484
1777187102,200,,Aggregated,11.100000,0.000000,18000,19000,19000,20000,20000,21000,21000,21000,22000,22000,22000,4606,0,18000,18689.538512838815,264.2747499921825,63376.7161249998,372.0716456795484
1777187103,200,GET,trips_per_route,11.600000,0.000000,18000,19000,19000,20000,20000,21000,21000,21000,22000,22000,22000,4617,0,18000,18687.95771648485,264.2747499921825,63376.7161249998,372.07299111977477
1777187103,200,,Aggregated,11.600000,0.000000,18000,19000,19000,20000,20000,21000,21000,21000,22000,22000,22000,4617,0,18000,18687.95771648485,264.2747499921825,63376.7161249998,372.07299111977477
1777187104,200,GET,trips_per_route,11.700000,0.000000,18000,19000,19000,19000,20000,21000,21000,21000,22000,22000,22000,4638,0,18000,18679.871278768118,264.2747499921825,63376.7161249998,372.0722294092281
1777187104,200,,Aggregated,11.700000,0.000000,18000,19000,19000,19000,20000,21000,21000,21000,22000,22000,22000,4638,0,18000,18679.871278768118,264.2747499921825,63376.7161249998,372.0722294092281
1777187105,200,GET,trips_per_route,12.200000,0.000000,18000,19000,19000,20000,20000,21000,21000,21000,22000,22000,22000,4645,0,18000,18678.179863968675,264.2747499921825,63376.7161249998,372.0729817007535
1777187105,200,,Aggregated,12.200000,0.000000,18000,19000,19000,20000,20000,21000,21000,21000,22000,22000,22000,4645,0,18000,18678.179863968675,264.2747499921825,63376.7161249998,372.0729817007535
1777187106,200,GET,trips_per_route,12.300000,0.000000,18000,19000,19000,20000,21000,21000,21000,21000,22000,22000,22000,4653,0,18000,18676.722580648937,264.2747499921825,63376.7161249998,372.0728562217924
1777187106,200,,Aggregated,12.300000,0.000000,18000,19000,19000,20000,21000,21000,21000,21000,22000,22000,22000,4653,0,18000,18676.722580648937,264.2747499921825,63376.7161249998,372.0728562217924
1777187107,200,GET,trips_per_route,12.500000,0.000000,17000,18000,19000,20000,21000,21000,21000,21000,22000,22000,22000,4662,0,18000,18671.899797379345,264.2747499921825,63376.7161249998,372.0742170742171
1777187107,200,,Aggregated,12.500000,0.000000,17000,18000,19000,20000,21000,21000,21000,21000,22000,22000,22000,4662,0,18000,18671.899797379345,264.2747499921825,63376.7161249998,372.0742170742171
1777187108,200,GET,trips_per_route,11.500000,0.000000,17000,18000,19000,20000,20000,21000,21000,21000,22000,22000,22000,4668,0,18000,18668.76834601896,264.2747499921825,63376.7161249998,372.0754070265638
1777187108,200,,Aggregated,11.500000,0.000000,17000,18000,19000,20000,20000,21000,21000,21000,22000,22000,22000,4668,0,18000,18668.76834601896,264.2747499921825,63376.7161249998,372.0754070265638
1777187109,200,GET,trips_per_route,11.700000,0.000000,17000,18000,19000,20000,20000,21000,21000,21000,22000,22000,22000,4685,0,18000,18664.667180088465,264.2747499921825,63376.7161249998,372.07641408751334
1777187109,200,,Aggregated,11.700000,0.000000,17000,18000,19000,20000,20000,21000,21000,21000,22000,22000,22000,4685,0,18000,18664.667180088465,264.2747499921825,63376.7161249998,372.07641408751334
1777187110,200,GET,trips_per_route,11.600000,0.000000,18000,18000,19000,19000,20000,21000,21000,21000,22000,22000,22000,4693,0,18000,18661.42225887097,264.2747499921825,63376.7161249998,372.07649691029195
1777187110,200,,Aggregated,11.600000,0.000000,18000,18000,19000,19000,20000,21000,21000,21000,22000,22000,22000,4693,0,18000,18661.42225887097,264.2747499921825,63376.7161249998,372.07649691029195
1777187111,200,GET,trips_per_route,10.900000,0.000000,17000,18000,19000,19000,20000,20000,21000,21000,21000,21000,21000,4707,0,18000,18654.545290702892,264.2747499921825,63376.7161249998,372.0769067346505
1777187111,200,,Aggregated,10.900000,0.000000,17000,18000,19000,19000,20000,20000,21000,21000,21000,21000,21000,4707,0,18000,18654.545290702892,264.2747499921825,63376.7161249998,372.0769067346505
1777187112,200,GET,trips_per_route,11.500000,0.000000,17000,18000,19000,19000,19000,20000,21000,21000,21000,21000,21000,4716,0,18000,18653.422480581325,264.2747499921825,63376.7161249998,372.0778201865988
1777187112,200,,Aggregated,11.500000,0.000000,17000,18000,19000,19000,19000,20000,21000,21000,21000,21000,21000,4716,0,18000,18653.422480581325,264.2747499921825,63376.7161249998,372.0778201865988
1777187113,200,GET,trips_per_route,10.900000,0.000000,17000,18000,18000,19000,19000,20000,21000,21000,21000,21000,21000,4737,0,18000,18643.54948543458,264.2747499921825,63376.7161249998,372.0791640278657
1777187113,200,,Aggregated,10.900000,0.000000,17000,18000,18000,19000,19000,20000,21000,21000,21000,21000,21000,4737,0,18000,18643.54948543458,264.2747499921825,63376.7161249998,372.0791640278657
1777187114,200,GET,trips_per_route,11.000000,0.000000,17000,18000,18000,19000,20000,20000,21000,21000,21000,21000,21000,4748,0,18000,18641.31130453236,264.2747499921825,63376.7161249998,372.07982308340354
1777187114,200,,Aggregated,11.000000,0.000000,17000,18000,18000,19000,20000,20000,21000,21000,21000,21000,21000,4748,0,18000,18641.31130453236,264.2747499921825,63376.7161249998,372.07982308340354
1777187115,200,GET,trips_per_route,10.900000,0.000000,17000,18000,18000,19000,19000,20000,20000,21000,21000,21000,21000,4757,0,18000,18635.90186628499,264.2747499921825,63376.7161249998,372.08030271179314
1777187115,200,,Aggregated,10.900000,0.000000,17000,18000,18000,19000,19000,20000,20000,21000,21000,21000,21000,4757,0,18000,18635.90186628499,264.2747499921825,63376.7161249998,372.08030271179314
1777187116,200,GET,trips_per_route,11.600000,0.000000,17000,18000,18000,19000,20000,20000,20000,21000,21000,21000,21000,4780,0,18000,18628.217145196995,264.2747499921825,63376.7161249998,372.0826359832636
1777187116,200,,Aggregated,11.600000,0.000000,17000,18000,18000,19000,20000,20000,20000,21000,21000,21000,21000,4780,0,18000,18628.217145196995,264.2747499921825,63376.7161249998,372.0826359832636
1777187117,200,GET,trips_per_route,11.200000,0.000000,17000,18000,18000,19000,20000,20000,20000,21000,21000,21000,21000,4789,0,18000,18622.285687504413,264.2747499921825,63376.7161249998,372.08435999164755
1777187117,200,,Aggregated,11.200000,0.000000,17000,18000,18000,19000,20000,20000,20000,21000,21000,21000,21000,4789,0,18000,18622.285687504413,264.2747499921825,63376.7161249998,372.08435999164755
1777187118,200,GET,trips_per_route,11.600000,0.000000,17000,18000,18000,19000,19000,20000,20000,21000,21000,21000,21000,4803,0,18000,18612.754791840027,264.2747499921825,63376.7161249998,372.08494690818236
1777187118,200,,Aggregated,11.600000,0.000000,17000,18000,18000,19000,19000,20000,20000,21000,21000,21000,21000,4803,0,18000,18612.754791840027,264.2747499921825,63376.7161249998,372.08494690818236
1777187119,200,GET,trips_per_route,12.700000,0.000000,17000,17000,18000,19000,19000,20000,20000,21000,21000,21000,21000,4812,0,18000,18609.97388555458,264.2747499921825,63376.7161249998,372.0860349127182
1777187119,200,,Aggregated,12.700000,0.000000,17000,17000,18000,19000,19000,20000,20000,21000,21000,21000,21000,4812,0,18000,18609.97388555458,264.2747499921825,63376.7161249998,372.0860349127182
1777187120,200,GET,trips_per_route,12.900000,0.000000,17000,17000,18000,18000,19000,20000,20000,21000,21000,21000,21000,4827,0,18000,18602.558609488013,264.2747499921825,63376.7161249998,372.0882535736482
1777187120,200,,Aggregated,12.900000,0.000000,17000,17000,18000,18000,19000,20000,20000,21000,21000,21000,21000,4827,0,18000,18602.558609488013,264.2747499921825,63376.7161249998,372.0882535736482
1777187121,200,GET,trips_per_route,13.200000,0.000000,17000,17000,18000,18000,19000,20000,20000,21000,21000,21000,21000,4836,0,18000,18598.74275121478,264.2747499921825,63376.7161249998,372.0880893300248
1777187121,200,,Aggregated,13.200000,0.000000,17000,17000,18000,18000,19000,20000,20000,21000,21000,21000,21000,4836,0,18000,18598.74275121478,264.2747499921825,63376.7161249998,372.0880893300248
1777187122,200,GET,trips_per_route,12.600000,0.000000,16000,17000,18000,18000,19000,20000,20000,21000,21000,21000,21000,4844,0,18000,18594.398902774716,264.2747499921825,63376.7161249998,372.08794384805947
1777187122,200,,Aggregated,12.600000,0.000000,16000,17000,18000,18000,19000,20000,20000,21000,21000,21000,21000,4844,0,18000,18594.398902774716,264.2747499921825,63376.7161249998,372.08794384805947
1777187123,200,GET,trips_per_route,13.300000,0.000000,16000,17000,18000,18000,19000,19000,20000,21000,21000,21000,21000,4855,0,18000,18589.334600188387,264.2747499921825,63376.7161249998,372.0863027806385
1777187123,200,,Aggregated,13.300000,0.000000,16000,17000,18000,18000,19000,19000,20000,21000,21000,21000,21000,4855,0,18000,18589.334600188387,264.2747499921825,63376.7161249998,372.0863027806385
1777187124,200,GET,trips_per_route,12.900000,0.000000,16000,17000,18000,18000,19000,19000,20000,20000,21000,21000,21000,4864,0,18000,18585.848440917893,264.2747499921825,63376.7161249998,372.0842927631579
1777187124,200,,Aggregated,12.900000,0.000000,16000,17000,18000,18000,19000,19000,20000,20000,21000,21000,21000,4864,0,18000,18585.848440917893,264.2747499921825,63376.7161249998,372.0842927631579
1777187125,200,GET,trips_per_route,12.700000,0.000000,16000,17000,18000,18000,19000,19000,19000,20000,21000,21000,21000,4878,0,18000,18578.342381679737,264.2747499921825,63376.7161249998,372.08589585895857
1777187125,200,,Aggregated,12.700000,0.000000,16000,17000,18000,18000,19000,19000,19000,20000,21000,21000,21000,4878,0,18000,18578.342381679737,264.2747499921825,63376.7161249998,372.08589585895857
1777187126,200,GET,trips_per_route,11.500000,0.000000,16000,17000,18000,18000,19000,19000,19000,19000,19000,19000,19000,4885,0,18000,18573.81226825318,264.2747499921825,63376.7161249998,372.0857727737973
1777187126,200,,Aggregated,11.500000,0.000000,16000,17000,18000,18000,19000,19000,19000,19000,19000,19000,19000,4885,0,18000,18573.81226825318,264.2747499921825,63376.7161249998,372.0857727737973
1777187127,200,GET,trips_per_route,11.700000,0.000000,16000,17000,18000,18000,19000,19000,19000,19000,19000,19000,19000,4894,0,18000,18566.50233155432,264.2747499921825,63376.7161249998,372.08602370249287
1777187127,200,,Aggregated,11.700000,0.000000,16000,17000,18000,18000,19000,19000,19000,19000,19000,19000,19000,4894,0,18000,18566.50233155432,264.2747499921825,63376.7161249998,372.08602370249287
1777187128,200,GET,trips_per_route,11.800000,0.000000,17000,17000,18000,18000,19000,19000,19000,19000,20000,20000,20000,4905,0,18000,18562.324389653983,264.2747499921825,63376.7161249998,372.0860346585117
1777187128,200,,Aggregated,11.800000,0.000000,17000,17000,18000,18000,19000,19000,19000,19000,20000,20000,20000,4905,0,18000,18562.324389653983,264.2747499921825,63376.7161249998,372.0860346585117
1777187129,200,GET,trips_per_route,10.400000,0.000000,16000,17000,18000,18000,19000,19000,20000,20000,20000,20000,20000,4918,0,18000,18555.918111106294,264.2747499921825,63376.7161249998,372.0878405856039
1777187129,200,,Aggregated,10.400000,0.000000,16000,17000,18000,18000,19000,19000,20000,20000,20000,20000,20000,4918,0,18000,18555.918111106294,264.2747499921825,63376.7161249998,372.0878405856039
1777187130,200,GET,trips_per_route,10.200000,0.000000,16000,17000,18000,18000,19000,20000,20000,20000,21000,21000,21000,4939,0,18000,18545.35077378229,264.2747499921825,63376.7161249998,372.09090909090907
1777187130,200,,Aggregated,10.200000,0.000000,16000,17000,18000,18000,19000,20000,20000,20000,21000,21000,21000,4939,0,18000,18545.35077378229,264.2747499921825,63376.7161249998,372.09090909090907
1777187131,200,GET,trips_per_route,10.400000,0.000000,16000,18000,18000,19000,19000,20000,20000,20000,21000,21000,21000,4946,0,18000,18542.03973569606,264.2747499921825,63376.7161249998,372.09199353012536
1777187131,200,,Aggregated,10.400000,0.000000,16000,18000,18000,19000,19000,20000,20000,20000,21000,21000,21000,4946,0,18000,18542.03973569606,264.2747499921825,63376.7161249998,372.09199353012536
1777187132,200,GET,trips_per_route,10.900000,0.000000,16000,18000,18000,19000,19000,20000,21000,21000,21000,21000,21000,4963,0,18000,18538.856477173238,264.2747499921825,63376.7161249998,372.09308885754587
1777187132,200,,Aggregated,10.900000,0.000000,16000,18000,18000,19000,19000,20000,21000,21000,21000,21000,21000,4963,0,18000,18538.856477173238,264.2747499921825,63376.7161249998,372.09308885754587
1777187133,200,GET,trips_per_route,11.100000,0.000000,17000,18000,18000,19000,19000,20000,21000,21000,22000,22000,22000,4981,0,18000,18534.304931104958,264.2747499921825,63376.7161249998,372.09335474804254
1777187133,200,,Aggregated,11.100000,0.000000,17000,18000,18000,19000,19000,20000,21000,21000,22000,22000,22000,4981,0,18000,18534.304931104958,264.2747499921825,63376.7161249998,372.09335474804254
1777187134,200,GET,trips_per_route,11.100000,0.000000,17000,18000,18000,19000,20000,20000,21000,21000,22000,22000,22000,4990,0,18000,18528.675651987334,264.2747499921825,63376.7161249998,372.0921843687375
1777187134,200,,Aggregated,11.100000,0.000000,17000,18000,18000,19000,20000,20000,21000,21000,22000,22000,22000,4990,0,18000,18528.675651987334,264.2747499921825,63376.7161249998,372.0921843687375
1777187135,200,GET,trips_per_route,12.000000,0.000000,17000,18000,19000,19000,20000,20000,21000,21000,22000,22000,22000,4995,0,18000,18526.550253094858,264.2747499921825,63376.7161249998,372.09149149149147
1777187135,200,,Aggregated,12.000000,0.000000,17000,18000,19000,19000,20000,20000,21000,21000,22000,22000,22000,4995,0,18000,18526.550253094858,264.2747499921825,63376.7161249998,372.09149149149147
1777187136,200,GET,trips_per_route,12.800000,0.000000,17000,18000,19000,19000,20000,20000,21000,21000,22000,22000,22000,5008,0,18000,18523.901684921486,264.2747499921825,63376.7161249998,372.09285143769966
1777187136,200,,Aggregated,12.800000,0.000000,17000,18000,19000,19000,20000,20000,21000,21000,22000,22000,22000,5008,0,18000,18523.901684921486,264.2747499921825,63376.7161249998,372.09285143769966
1777187137,200,GET,trips_per_route,12.400000,0.000000,17000,18000,19000,19000,20000,20000,21000,21000,22000,22000,22000,5020,0,18000,18520.06580360274,264.2747499921825,63376.7161249998,372.09282868525895
1777187137,200,,Aggregated,12.400000,0.000000,17000,18000,19000,19000,20000,20000,21000,21000,22000,22000,22000,5020,0,18000,18520.06580360274,264.2747499921825,63376.7161249998,372.09282868525895
1777187138,200,GET,trips_per_route,11.700000,0.000000,17000,18000,19000,19000,20000,20000,21000,21000,22000,22000,22000,5030,0,18000,18517.032506793013,264.2747499921825,63376.7161249998,372.09423459244533
1777187138,200,,Aggregated,11.700000,0.000000,17000,18000,19000,19000,20000,20000,21000,21000,22000,22000,22000,5030,0,18000,18517.032506793013,264.2747499921825,63376.7161249998,372.09423459244533
1777187139,200,GET,trips_per_route,12.300000,0.000000,17000,18000,19000,19000,20000,21000,21000,22000,22000,22000,22000,5042,0,18000,18513.510258892493,264.2747499921825,63376.7161249998,372.09579531931774
1777187139,200,,Aggregated,12.300000,0.000000,17000,18000,19000,19000,20000,21000,21000,22000,22000,22000,22000,5042,0,18000,18513.510258892493,264.2747499921825,63376.7161249998,372.09579531931774
1777187140,200,GET,trips_per_route,12.600000,0.000000,17000,18000,19000,19000,20000,21000,21000,22000,22000,22000,22000,5055,0,18000,18506.909742780215,264.2747499921825,63376.7161249998,372.0973293768546
1777187140,200,,Aggregated,12.600000,0.000000,17000,18000,19000,19000,20000,21000,21000,22000,22000,22000,22000,5055,0,18000,18506.909742780215,264.2747499921825,63376.7161249998,372.0973293768546
1777187141,200,GET,trips_per_route,12.400000,0.000000,17000,18000,19000,20000,20000,21000,21000,22000,22000,22000,22000,5058,0,18000,18503.826758040934,264.2747499921825,63376.7161249998,372.09727164887306
1777187141,200,,Aggregated,12.400000,0.000000,17000,18000,19000,20000,20000,21000,21000,22000,22000,22000,22000,5058,0,18000,18503.826758040934,264.2747499921825,63376.7161249998,372.09727164887306
1777187142,200,GET,trips_per_route,12.100000,0.000000,17000,18000,19000,20000,20000,21000,21000,22000,22000,22000,22000,5078,0,18000,18494.047439150672,264.2747499921825,63376.7161249998,372.09944860181173
1777187142,200,,Aggregated,12.100000,0.000000,17000,18000,19000,20000,20000,21000,21000,22000,22000,22000,22000,5078,0,18000,18494.047439150672,264.2747499921825,63376.7161249998,372.09944860181173
1777187143,200,GET,trips_per_route,11.600000,0.000000,17000,18000,19000,20000,20000,21000,21000,21000,22000,22000,22000,5087,0,18000,18485.269361945757,264.2747499921825,63376.7161249998,372.10045213288777
1777187143,200,,Aggregated,11.600000,0.000000,17000,18000,19000,20000,20000,21000,21000,21000,22000,22000,22000,5087,0,18000,18485.269361945757,264.2747499921825,63376.7161249998,372.10045213288777
1777187144,200,GET,trips_per_route,11.100000,0.000000,17000,18000,19000,20000,20000,21000,21000,22000,22000,22000,22000,5100,0,18000,18476.731297330203,264.2747499921825,63376.7161249998,372.09980392156865
1777187144,200,,Aggregated,11.100000,0.000000,17000,18000,19000,20000,20000,21000,21000,22000,22000,22000,22000,5100,0,18000,18476.731297330203,264.2747499921825,63376.7161249998,372.09980392156865
1777187145,200,GET,trips_per_route,11.400000,0.000000,17000,18000,19000,20000,20000,21000,21000,22000,22000,22000,22000,5112,0,18000,18469.983147188188,264.2747499921825,63376.7161249998,372.10093896713613
1777187145,200,,Aggregated,11.400000,0.000000,17000,18000,19000,20000,20000,21000,21000,22000,22000,22000,22000,5112,0,18000,18469.983147188188,264.2747499921825,63376.7161249998,372.10093896713613
1777187146,200,GET,trips_per_route,10.400000,0.000000,17000,19000,19000,20000,21000,21000,22000,22000,22000,22000,22000,5126,0,18000,18469.11348350937,264.2747499921825,63376.7161249998,372.1014436207569
1777187146,200,,Aggregated,10.400000,0.000000,17000,19000,19000,20000,21000,21000,22000,22000,22000,22000,22000,5126,0,18000,18469.11348350937,264.2747499921825,63376.7161249998,372.1014436207569
1777187148,200,GET,trips_per_route,10.800000,0.000000,17000,19000,19000,20000,21000,21000,22000,22000,22000,22000,22000,5139,0,18000,18465.354822713954,264.2747499921825,63376.7161249998,372.1031329052345
1777187148,200,,Aggregated,10.800000,0.000000,17000,19000,19000,20000,21000,21000,22000,22000,22000,22000,22000,5139,0,18000,18465.354822713954,264.2747499921825,63376.7161249998,372.1031329052345
1777187149,200,GET,trips_per_route,11.600000,0.000000,17000,18000,19000,20000,21000,21000,22000,22000,22000,22000,22000,5153,0,18000,18458.320001877943,264.2747499921825,63376.7161249998,372.1045992625655
1777187149,200,,Aggregated,11.600000,0.000000,17000,18000,19000,20000,21000,21000,22000,22000,22000,22000,22000,5153,0,18000,18458.320001877943,264.2747499921825,63376.7161249998,372.1045992625655
1777187150,200,GET,trips_per_route,11.800000,0.000000,17000,19000,19000,20000,21000,21000,22000,22000,22000,22000,22000,5161,0,18000,18454.42250312615,264.2747499921825,63376.7161249998,372.1046308854873
1777187150,200,,Aggregated,11.800000,0.000000,17000,19000,19000,20000,21000,21000,22000,22000,22000,22000,22000,5161,0,18000,18454.42250312615,264.2747499921825,63376.7161249998,372.1046308854873
1777187151,200,GET,trips_per_route,11.900000,0.000000,17000,19000,19000,20000,21000,21000,22000,22000,22000,22000,22000,5174,0,18000,18443.217111553553,264.2747499921825,63376.7161249998,372.10610746037884
1777187151,200,,Aggregated,11.900000,0.000000,17000,19000,19000,20000,21000,21000,22000,22000,22000,22000,22000,5174,0,18000,18443.217111553553,264.2747499921825,63376.7161249998,372.10610746037884
1777187152,200,GET,trips_per_route,12.200000,0.000000,17000,19000,20000,20000,21000,21000,22000,22000,22000,22000,22000,5186,0,18000,18437.62055307753,264.2747499921825,63376.7161249998,372.10759737755495
1777187152,200,,Aggregated,12.200000,0.000000,17000,19000,20000,20000,21000,21000,22000,22000,22000,22000,22000,5186,0,18000,18437.62055307753,264.2747499921825,63376.7161249998,372.10759737755495
1777187153,200,GET,trips_per_route,11.900000,0.000000,17000,19000,20000,20000,21000,21000,22000,22000,22000,22000,22000,5195,0,18000,18431.79404139578,264.2747499921825,63376.7161249998,372.10721847930705
1777187153,200,,Aggregated,11.900000,0.000000,17000,19000,20000,20000,21000,21000,22000,22000,22000,22000,22000,5195,0,18000,18431.79404139578,264.2747499921825,63376.7161249998,372.10721847930705
1777187154,200,GET,trips_per_route,11.900000,0.000000,17000,19000,20000,20000,21000,21000,22000,22000,22000,22000,22000,5210,0,18000,18407.01999982535,264.2747499921825,63376.7161249998,372.1090211132438
1777187154,200,,Aggregated,11.900000,0.000000,17000,19000,20000,20000,21000,21000,22000,22000,22000,22000,22000,5210,0,18000,18407.01999982535,264.2747499921825,63376.7161249998,372.1090211132438
1777187155,200,GET,trips_per_route,12.700000,0.000000,17000,19000,20000,20000,21000,22000,22000,22000,23000,23000,23000,5227,0,18000,18391.71224150373,264.2747499921825,63376.7161249998,372.109623110771
1777187155,200,,Aggregated,12.700000,0.000000,17000,19000,20000,20000,21000,22000,22000,22000,23000,23000,23000,5227,0,18000,18391.71224150373,264.2747499921825,63376.7161249998,372.109623110771
1777187156,200,GET,trips_per_route,11.700000,0.000000,17000,19000,20000,20000,21000,22000,22000,22000,23000,23000,23000,5242,0,18000,18392.87764884702,264.2747499921825,63376.7161249998,372.1114078595956
1777187156,200,,Aggregated,11.700000,0.000000,17000,19000,20000,20000,21000,22000,22000,22000,23000,23000,23000,5242,0,18000,18392.87764884702,264.2747499921825,63376.7161249998,372.1114078595956
1777187157,200,GET,trips_per_route,12.300000,0.000000,18000,19000,20000,21000,22000,22000,23000,23000,24000,24000,24000,5247,0,18000,18395.531028152487,264.2747499921825,63376.7161249998,372.11206403659236
1777187157,200,,Aggregated,12.300000,0.000000,18000,19000,20000,21000,22000,22000,23000,23000,24000,24000,24000,5247,0,18000,18395.531028152487,264.2747499921825,63376.7161249998,372.11206403659236
1777187158,200,GET,trips_per_route,13.000000,0.000000,19000,20000,20000,21000,22000,22000,23000,23000,24000,24000,24000,5254,0,18000,18395.25354201714,264.2747499921825,63376.7161249998,372.1113437381043
1777187158,200,,Aggregated,13.000000,0.000000,19000,20000,20000,21000,22000,22000,23000,23000,24000,24000,24000,5254,0,18000,18395.25354201714,264.2747499921825,63376.7161249998,372.1113437381043
1777187159,200,GET,trips_per_route,12.100000,0.000000,19000,20000,20000,21000,22000,22000,23000,23000,24000,24000,24000,5265,0,18000,18393.690124621844,264.2747499921825,63376.7161249998,372.1128205128205
1777187159,200,,Aggregated,12.100000,0.000000,19000,20000,20000,21000,22000,22000,23000,23000,24000,24000,24000,5265,0,18000,18393.690124621844,264.2747499921825,63376.7161249998,372.1128205128205
1777187160,200,GET,trips_per_route,12.100000,0.000000,19000,20000,21000,21000,22000,22000,23000,24000,24000,24000,24000,5270,0,18000,18395.05428120057,264.2747499921825,63376.7161249998,372.11309297912715
1777187160,200,,Aggregated,12.100000,0.000000,19000,20000,21000,21000,22000,22000,23000,24000,24000,24000,24000,5270,0,18000,18395.05428120057,264.2747499921825,63376.7161249998,372.11309297912715
1777187161,200,GET,trips_per_route,11.100000,0.000000,19000,20000,21000,22000,22000,23000,24000,24000,24000,24000,24000,5280,0,18000,18398.23136016629,264.2747499921825,63376.7161249998,372.11306818181816
1777187161,200,,Aggregated,11.100000,0.000000,19000,20000,21000,22000,22000,23000,24000,24000,24000,24000,24000,5280,0,18000,18398.23136016629,264.2747499921825,63376.7161249998,372.11306818181816
1777187162,200,GET,trips_per_route,11.100000,0.000000,19000,20000,21000,21000,22000,23000,23000,24000,24000,24000,24000,5298,0,18000,18396.930600197444,264.2747499921825,63376.7161249998,372.1147602869007
1777187162,200,,Aggregated,11.100000,0.000000,19000,20000,21000,21000,22000,23000,23000,24000,24000,24000,24000,5298,0,18000,18396.930600197444,264.2747499921825,63376.7161249998,372.1147602869007
1777187163,200,GET,trips_per_route,10.400000,0.000000,19000,21000,21000,22000,22000,23000,24000,24000,24000,24000,24000,5307,0,18000,18396.825320553628,264.2747499921825,63376.7161249998,372.1136235161108
1777187163,200,,Aggregated,10.400000,0.000000,19000,21000,21000,22000,22000,23000,24000,24000,24000,24000,24000,5307,0,18000,18396.825320553628,264.2747499921825,63376.7161249998,372.1136235161108
1777187164,200,GET,trips_per_route,10.400000,0.000000,19000,21000,21000,22000,22000,23000,24000,24000,24000,24000,24000,5319,0,18000,18394.424270784944,264.2747499921825,63376.7161249998,372.1150592216582
1777187164,200,,Aggregated,10.400000,0.000000,19000,21000,21000,22000,22000,23000,24000,24000,24000,24000,24000,5319,0,18000,18394.424270784944,264.2747499921825,63376.7161249998,372.1150592216582
1777187165,200,GET,trips_per_route,11.200000,0.000000,19000,20000,21000,22000,22000,23000,24000,24000,24000,24000,24000,5330,0,18000,18391.78582343097,264.2747499921825,63376.7161249998,372.11519699812385
1777187165,200,,Aggregated,11.200000,0.000000,19000,20000,21000,22000,22000,23000,24000,24000,24000,24000,24000,5330,0,18000,18391.78582343097,264.2747499921825,63376.7161249998,372.11519699812385
1777187166,200,GET,trips_per_route,10.900000,0.000000,19000,21000,21000,22000,22000,23000,23000,24000,24000,24000,24000,5346,0,18000,18392.984227329427,264.2747499921825,63376.7161249998,372.115974560419
1777187166,200,,Aggregated,10.900000,0.000000,19000,21000,21000,22000,22000,23000,23000,24000,24000,24000,24000,5346,0,18000,18392.984227329427,264.2747499921825,63376.7161249998,372.115974560419
1777187167,200,GET,trips_per_route,10.300000,0.000000,18000,21000,21000,22000,22000,23000,23000,24000,24000,24000,24000,5357,0,18000,18389.39663645101,264.2747499921825,63376.7161249998,372.1162964345716
1777187167,200,,Aggregated,10.300000,0.000000,18000,21000,21000,22000,22000,23000,23000,24000,24000,24000,24000,5357,0,18000,18389.39663645101,264.2747499921825,63376.7161249998,372.1162964345716
1777187168,200,GET,trips_per_route,10.300000,0.000000,18000,21000,21000,22000,22000,23000,23000,24000,24000,24000,24000,5366,0,18000,18384.63638858256,264.2747499921825,63376.7161249998,372.1172195303764
1777187168,200,,Aggregated,10.300000,0.000000,18000,21000,21000,22000,22000,23000,23000,24000,24000,24000,24000,5366,0,18000,18384.63638858256,264.2747499921825,63376.7161249998,372.1172195303764
1777187169,200,GET,trips_per_route,10.900000,0.000000,18000,21000,21000,22000,22000,23000,24000,24000,24000,24000,24000,5378,0,18000,18380.758477843654,264.2747499921825,63376.7161249998,372.1182595760506
1777187169,200,,Aggregated,10.900000,0.000000,18000,21000,21000,22000,22000,23000,24000,24000,24000,24000,24000,5378,0,18000,18380.758477843654,264.2747499921825,63376.7161249998,372.1182595760506
1777187170,200,GET,trips_per_route,11.300000,0.000000,18000,21000,21000,22000,22000,23000,23000,24000,24000,24000,24000,5398,0,18000,18373.731252363883,264.2747499921825,63376.7161249998,372.1193034457206
1777187170,200,,Aggregated,11.300000,0.000000,18000,21000,21000,22000,22000,23000,23000,24000,24000,24000,24000,5398,0,18000,18373.731252363883,264.2747499921825,63376.7161249998,372.1193034457206
1777187171,200,GET,trips_per_route,11.100000,0.000000,17000,20000,21000,22000,23000,23000,23000,24000,24000,24000,24000,5413,0,18000,18366.549301429015,264.2747499921825,63376.7161249998,372.1208202475522
1777187171,200,,Aggregated,11.100000,0.000000,17000,20000,21000,22000,23000,23000,23000,24000,24000,24000,24000,5413,0,18000,18366.549301429015,264.2747499921825,63376.7161249998,372.1208202475522
1777187172,200,GET,trips_per_route,12.500000,0.000000,17000,20000,22000,22000,23000,23000,24000,24000,24000,24000,24000,5425,0,18000,18363.828199425676,264.2747499921825,63376.7161249998,372.1222119815668
1777187172,200,,Aggregated,12.500000,0.000000,17000,20000,22000,22000,23000,23000,24000,24000,24000,24000,24000,5425,0,18000,18363.828199425676,264.2747499921825,63376.7161249998,372.1222119815668
1777187173,200,GET,trips_per_route,13.400000,0.000000,17000,20000,22000,22000,23000,23000,24000,24000,24000,24000,24000,5443,0,18000,18359.776780713826,264.2747499921825,63376.7161249998,372.1227264376263
1777187173,200,,Aggregated,13.400000,0.000000,17000,20000,22000,22000,23000,23000,24000,24000,24000,24000,24000,5443,0,18000,18359.776780713826,264.2747499921825,63376.7161249998,372.1227264376263
1777187174,200,GET,trips_per_route,13.400000,0.000000,17000,21000,22000,22000,23000,23000,24000,24000,25000,25000,25000,5456,0,18000,18354.745264183348,264.2747499921825,63376.7161249998,372.1233504398827
1777187174,200,,Aggregated,13.400000,0.000000,17000,21000,22000,22000,23000,23000,24000,24000,25000,25000,25000,5456,0,18000,18354.745264183348,264.2747499921825,63376.7161249998,372.1233504398827
1777187175,200,GET,trips_per_route,13.600000,0.000000,17000,20000,21000,22000,23000,23000,24000,24000,25000,25000,25000,5462,0,18000,18352.413400213718,264.2747499921825,63376.7161249998,372.12413035518125
1777187175,200,,Aggregated,13.600000,0.000000,17000,20000,21000,22000,23000,23000,24000,24000,25000,25000,25000,5462,0,18000,18352.413400213718,264.2747499921825,63376.7161249998,372.12413035518125
1777187176,200,GET,trips_per_route,13.700000,0.000000,17000,21000,21000,22000,23000,23000,24000,24000,25000,25000,25000,5473,0,18000,18344.24217163171,264.2747499921825,63376.7161249998,372.12479444545954
1777187176,200,,Aggregated,13.700000,0.000000,17000,21000,21000,22000,23000,23000,24000,24000,25000,25000,25000,5473,0,18000,18344.24217163171,264.2747499921825,63376.7161249998,372.12479444545954
1777187177,200,GET,trips_per_route,13.000000,0.000000,18000,21000,21000,22000,23000,23000,24000,24000,25000,25000,25000,5488,0,18000,18344.059892607394,264.2747499921825,63376.7161249998,372.1253644314869
1777187177,200,,Aggregated,13.000000,0.000000,18000,21000,21000,22000,23000,23000,24000,24000,25000,25000,25000,5488,0,18000,18344.059892607394,264.2747499921825,63376.7161249998,372.1253644314869
1777187178,200,GET,trips_per_route,12.500000,0.000000,18000,21000,21000,22000,23000,23000,24000,24000,25000,25000,25000,5497,0,18000,18339.498066279488,264.2747499921825,63376.7161249998,372.1253410951428
1777187178,200,,Aggregated,12.500000,0.000000,18000,21000,21000,22000,23000,23000,24000,24000,25000,25000,25000,5497,0,18000,18339.498066279488,264.2747499921825,63376.7161249998,372.1253410951428
1777187179,200,GET,trips_per_route,13.100000,0.000000,17000,21000,21000,21000,23000,23000,24000,24000,25000,25000,25000,5512,0,18000,18339.61733938161,264.2747499921825,63376.7161249998,372.1244557329463
1777187179,200,,Aggregated,13.100000,0.000000,17000,21000,21000,21000,23000,23000,24000,24000,25000,25000,25000,5512,0,18000,18339.61733938161,264.2747499921825,63376.7161249998,372.1244557329463
1777187180,200,GET,trips_per_route,13.100000,0.000000,18000,21000,21000,21000,22000,23000,24000,24000,25000,25000,25000,5517,0,18000,18335.773282113554,264.2747499921825,63376.7161249998,372.12506797172375
1777187180,200,,Aggregated,13.100000,0.000000,18000,21000,21000,21000,22000,23000,24000,24000,25000,25000,25000,5517,0,18000,18335.773282113554,264.2747499921825,63376.7161249998,372.12506797172375
1777187181,200,GET,trips_per_route,13.600000,0.000000,17000,19000,21000,21000,22000,23000,24000,24000,25000,25000,25000,5528,0,18000,18331.493523494468,264.2747499921825,63376.7161249998,372.1264471780029
1777187181,200,,Aggregated,13.600000,0.000000,17000,19000,21000,21000,22000,23000,24000,24000,25000,25000,25000,5528,0,18000,18331.493523494468,264.2747499921825,63376.7161249998,372.1264471780029
1777187182,200,GET,trips_per_route,12.200000,0.000000,17000,19000,21000,21000,22000,23000,24000,25000,25000,25000,25000,5537,0,18000,18326.908901142753,264.2747499921825,63376.7161249998,372.1275058696045
1777187182,200,,Aggregated,12.200000,0.000000,17000,19000,21000,21000,22000,23000,24000,25000,25000,25000,25000,5537,0,18000,18326.908901142753,264.2747499921825,63376.7161249998,372.1275058696045
1777187183,200,GET,trips_per_route,11.500000,0.000000,17000,19000,21000,21000,22000,23000,23000,24000,24000,24000,24000,5551,0,18000,18326.914434704096,264.2747499921825,63376.7161249998,372.1286254728878
1777187183,200,,Aggregated,11.500000,0.000000,17000,19000,21000,21000,22000,23000,23000,24000,24000,24000,24000,5551,0,18000,18326.914434704096,264.2747499921825,63376.7161249998,372.1286254728878
1777187184,200,GET,trips_per_route,11.300000,0.000000,17000,18000,20000,21000,22000,22000,23000,23000,24000,24000,24000,5562,0,18000,18321.557511551317,264.2747499921825,63376.7161249998,372.1296296296296
1777187184,200,,Aggregated,11.300000,0.000000,17000,18000,20000,21000,22000,22000,23000,23000,24000,24000,24000,5562,0,18000,18321.557511551317,264.2747499921825,63376.7161249998,372.1296296296296
1777187185,200,GET,trips_per_route,10.500000,0.000000,17000,18000,19000,21000,22000,22000,23000,23000,24000,24000,24000,5582,0,18000,18315.211896811077,264.2747499921825,63376.7161249998,372.1305983518452
1777187185,200,,Aggregated,10.500000,0.000000,17000,18000,19000,21000,22000,22000,23000,23000,24000,24000,24000,5582,0,18000,18315.211896811077,264.2747499921825,63376.7161249998,372.1305983518452
1777187186,200,GET,trips_per_route,10.500000,0.000000,16000,17000,18000,19000,21000,22000,23000,23000,24000,24000,24000,5594,0,18000,18309.855350501864,264.2747499921825,63376.7161249998,372.12996067214874
1777187186,200,,Aggregated,10.500000,0.000000,16000,17000,18000,19000,21000,22000,23000,23000,24000,24000,24000,5594,0,18000,18309.855350501864,264.2747499921825,63376.7161249998,372.12996067214874
1777187187,200,GET,trips_per_route,10.400000,0.000000,16000,17000,18000,19000,21000,22000,22000,23000,24000,24000,24000,5602,0,18000,18306.52014652524,264.2747499921825,63376.7161249998,372.1288825419493
1777187187,200,,Aggregated,10.400000,0.000000,16000,17000,18000,19000,21000,22000,22000,23000,24000,24000,24000,5602,0,18000,18306.52014652524,264.2747499921825,63376.7161249998,372.1288825419493
1777187188,200,GET,trips_per_route,12.500000,0.000000,16000,17000,18000,18000,21000,22000,22000,24000,24000,24000,24000,5611,0,18000,18306.55116143154,264.2747499921825,63376.7161249998,372.1297451434682
1777187188,200,,Aggregated,12.500000,0.000000,16000,17000,18000,18000,21000,22000,22000,24000,24000,24000,24000,5611,0,18000,18306.55116143154,264.2747499921825,63376.7161249998,372.1297451434682
1777187189,200,GET,trips_per_route,11.500000,0.000000,16000,17000,18000,18000,21000,22000,22000,23000,24000,24000,24000,5623,0,18000,18302.73210144361,264.2747499921825,63376.7161249998,372.1310688244709
1777187189,200,,Aggregated,11.500000,0.000000,16000,17000,18000,18000,21000,22000,22000,23000,24000,24000,24000,5623,0,18000,18302.73210144361,264.2747499921825,63376.7161249998,372.1310688244709
1777187190,200,GET,trips_per_route,11.500000,0.000000,16000,17000,18000,18000,21000,22000,22000,22000,23000,23000,23000,5629,0,18000,18301.348998468013,264.2747499921825,63376.7161249998,372.13199502575947
1777187190,200,,Aggregated,11.500000,0.000000,16000,17000,18000,18000,21000,22000,22000,22000,23000,23000,23000,5629,0,18000,18301.348998468013,264.2747499921825,63376.7161249998,372.13199502575947
1777187191,200,GET,trips_per_route,11.400000,0.000000,17000,18000,18000,19000,21000,22000,22000,22000,23000,23000,23000,5641,0,18000,18296.037421985362,264.2747499921825,63376.7161249998,372.1310051409325
1777187191,200,,Aggregated,11.400000,0.000000,17000,18000,18000,19000,21000,22000,22000,22000,23000,23000,23000,5641,0,18000,18296.037421985362,264.2747499921825,63376.7161249998,372.1310051409325
1777187192,200,GET,trips_per_route,11.200000,0.000000,16000,18000,18000,18000,20000,21000,22000,22000,23000,23000,23000,5648,0,18000,18290.076209971387,264.2747499921825,63376.7161249998,372.1315509915014
1777187192,200,,Aggregated,11.200000,0.000000,16000,18000,18000,18000,20000,21000,22000,22000,23000,23000,23000,5648,0,18000,18290.076209971387,264.2747499921825,63376.7161249998,372.1315509915014
1777187193,200,GET,trips_per_route,11.400000,0.000000,16000,18000,18000,19000,20000,22000,22000,23000,23000,23000,23000,5659,0,18000,18287.932892730416,264.2747499921825,63376.7161249998,372.13253224951404
1777187193,200,,Aggregated,11.400000,0.000000,16000,18000,18000,19000,20000,22000,22000,23000,23000,23000,23000,5659,0,18000,18287.932892730416,264.2747499921825,63376.7161249998,372.13253224951404
1777187194,200,GET,trips_per_route,11.000000,0.000000,17000,18000,19000,20000,21000,21000,22000,22000,23000,23000,23000,5682,0,18000,18286.043971826715,264.2747499921825,63376.7161249998,372.1323477648715
1777187194,200,,Aggregated,11.000000,0.000000,17000,18000,19000,20000,21000,21000,22000,22000,23000,23000,23000,5682,0,18000,18286.043971826715,264.2747499921825,63376.7161249998,372.1323477648715
1777187195,200,GET,trips_per_route,11.100000,0.000000,18000,18000,19000,20000,21000,21000,22000,22000,23000,23000,23000,5698,0,18000,18275.96753416433,264.2747499921825,63376.7161249998,372.13197613197616
1777187195,200,,Aggregated,11.100000,0.000000,18000,18000,19000,20000,21000,21000,22000,22000,23000,23000,23000,5698,0,18000,18275.96753416433,264.2747499921825,63376.7161249998,372.13197613197616
1777187196,200,GET,trips_per_route,11.300000,0.000000,18000,18000,20000,20000,21000,21000,22000,22000,23000,23000,23000,5716,0,18000,18266.12859992448,264.2747499921825,63376.7161249998,372.13365990202936
1777187196,200,,Aggregated,11.300000,0.000000,18000,18000,20000,20000,21000,21000,22000,22000,23000,23000,23000,5716,0,18000,18266.12859992448,264.2747499921825,63376.7161249998,372.13365990202936
1777187197,200,GET,trips_per_route,11.600000,0.000000,18000,18000,20000,20000,21000,21000,22000,22000,23000,23000,23000,5726,0,18000,18264.257029325596,264.2747499921825,63376.7161249998,372.13447432762837
1777187197,200,,Aggregated,11.600000,0.000000,18000,18000,20000,20000,21000,21000,22000,22000,23000,23000,23000,5726,0,18000,18264.257029325596,264.2747499921825,63376.7161249998,372.13447432762837
1777187198,200,GET,trips_per_route,12.000000,0.000000,18000,19000,20000,20000,21000,21000,22000,22000,22000,22000,22000,5735,0,18000,18265.809643918976,264.2747499921825,63376.7161249998,372.1353095030514
1777187198,200,,Aggregated,12.000000,0.000000,18000,19000,20000,20000,21000,21000,22000,22000,22000,22000,22000,5735,0,18000,18265.809643918976,264.2747499921825,63376.7161249998,372.1353095030514
1777187199,200,GET,trips_per_route,12.100000,0.000000,18000,19000,20000,20000,21000,21000,22000,22000,22000,22000,22000,5749,0,18000,18260.47335688108,264.2747499921825,63376.7161249998,372.13602365628805
1777187199,200,,Aggregated,12.100000,0.000000,18000,19000,20000,20000,21000,21000,22000,22000,22000,22000,22000,5749,0,18000,18260.47335688108,264.2747499921825,63376.7161249998,372.13602365628805
1777187200,200,GET,trips_per_route,12.400000,0.000000,18000,19000,20000,20000,21000,21000,22000,22000,23000,23000,23000,5761,0,18000,18258.57904335173,264.2747499921825,63376.7161249998,372.13730255164035
1777187200,200,,Aggregated,12.400000,0.000000,18000,19000,20000,20000,21000,21000,22000,22000,23000,23000,23000,5761,0,18000,18258.57904335173,264.2747499921825,63376.7161249998,372.13730255164035
1777187201,200,GET,trips_per_route,12.500000,0.000000,18000,19000,20000,20000,21000,21000,22000,22000,23000,23000,23000,5775,0,18000,18244.881378492,264.2747499921825,63376.7161249998,372.13541125541127
1777187201,200,,Aggregated,12.500000,0.000000,18000,19000,20000,20000,21000,21000,22000,22000,23000,23000,23000,5775,0,18000,18244.881378492,264.2747499921825,63376.7161249998,372.13541125541127
1777187202,200,GET,trips_per_route,12.500000,0.000000,18000,19000,20000,20000,21000,21000,22000,22000,23000,23000,23000,5781,0,18000,18234.244376895746,264.2747499921825,63376.7161249998,372.1357896557689
1777187202,200,,Aggregated,12.500000,0.000000,18000,19000,20000,20000,21000,21000,22000,22000,23000,23000,23000,5781,0,18000,18234.244376895746,264.2747499921825,63376.7161249998,372.1357896557689
1777187203,200,GET,trips_per_route,13.100000,0.000000,18000,19000,20000,20000,21000,21000,22000,23000,24000,24000,24000,5794,0,18000,18226.71180543118,264.2747499921825,63376.7161249998,372.1358301691405
1777187203,200,,Aggregated,13.100000,0.000000,18000,19000,20000,20000,21000,21000,22000,23000,24000,24000,24000,5794,0,18000,18226.71180543118,264.2747499921825,63376.7161249998,372.1358301691405
1777187204,200,GET,trips_per_route,13.500000,0.000000,18000,19000,20000,20000,21000,22000,22000,23000,24000,24000,24000,5805,0,18000,18224.52605019401,264.2747499921825,63376.7161249998,372.1372954349699
1777187204,200,,Aggregated,13.500000,0.000000,18000,19000,20000,20000,21000,22000,22000,23000,24000,24000,24000,5805,0,18000,18224.52605019401,264.2747499921825,63376.7161249998,372.1372954349699
1777187205,200,GET,trips_per_route,13.400000,0.000000,18000,19000,20000,20000,21000,22000,23000,24000,24000,24000,24000,5813,0,18000,18223.765418107556,264.2747499921825,63376.7161249998,372.1372785136762
1777187205,200,,Aggregated,13.400000,0.000000,18000,19000,20000,20000,21000,22000,23000,24000,24000,24000,24000,5813,0,18000,18223.765418107556,264.2747499921825,63376.7161249998,372.1372785136762
1777187206,200,GET,trips_per_route,12.900000,0.000000,18000,19000,20000,20000,21000,22000,23000,24000,24000,24000,24000,5820,0,18000,18224.35865006447,264.2747499921825,63376.7161249998,372.13676975945015
1777187206,200,,Aggregated,12.900000,0.000000,18000,19000,20000,20000,21000,22000,23000,24000,24000,24000,24000,5820,0,18000,18224.35865006447,264.2747499921825,63376.7161249998,372.13676975945015
1777187207,200,GET,trips_per_route,11.600000,0.000000,17000,19000,20000,21000,22000,22000,24000,24000,24000,24000,24000,5832,0,18000,18224.562065715232,264.2747499921825,63376.7161249998,372.1361454046639
1777187207,200,,Aggregated,11.600000,0.000000,17000,19000,20000,21000,22000,22000,24000,24000,24000,24000,24000,5832,0,18000,18224.562065715232,264.2747499921825,63376.7161249998,372.1361454046639
1777187208,200,GET,trips_per_route,10.300000,0.000000,17000,19000,20000,21000,22000,23000,23000,24000,24000,24000,24000,5847,0,18000,18219.41306680079,264.2747499921825,63376.7161249998,372.13648024628014
1777187208,200,,Aggregated,10.300000,0.000000,17000,19000,20000,21000,22000,23000,23000,24000,24000,24000,24000,5847,0,18000,18219.41306680079,264.2747499921825,63376.7161249998,372.13648024628014
1777187209,200,GET,trips_per_route,10.700000,0.000000,16000,19000,20000,21000,22000,22000,23000,24000,24000,24000,24000,5861,0,18000,18206.36902326807,264.2747499921825,63376.7161249998,372.1361542398908
1777187209,200,,Aggregated,10.700000,0.000000,16000,19000,20000,21000,22000,22000,23000,24000,24000,24000,24000,5861,0,18000,18206.36902326807,264.2747499921825,63376.7161249998,372.1361542398908
1777187210,200,GET,trips_per_route,10.800000,0.000000,16000,19000,20000,21000,22000,23000,23000,24000,24000,24000,24000,5876,0,18000,18204.18480980534,264.2747499921825,63376.7161249998,372.1380190605854
1777187210,200,,Aggregated,10.800000,0.000000,16000,19000,20000,21000,22000,23000,23000,24000,24000,24000,24000,5876,0,18000,18204.18480980534,264.2747499921825,63376.7161249998,372.1380190605854
1777187211,200,GET,trips_per_route,10.800000,0.000000,17000,19000,20000,21000,22000,23000,23000,24000,24000,24000,24000,5884,0,18000,18203.1535559781,264.2747499921825,63376.7161249998,372.13783140720597
1777187211,200,,Aggregated,10.800000,0.000000,17000,19000,20000,21000,22000,23000,23000,24000,24000,24000,24000,5884,0,18000,18203.1535559781,264.2747499921825,63376.7161249998,372.13783140720597
1777187212,200,GET,trips_per_route,11.500000,0.000000,17000,19000,20000,21000,22000,23000,24000,24000,24000,24000,24000,5891,0,18000,18200.721608852695,264.2747499921825,63376.7161249998,372.137667628586
1777187212,200,,Aggregated,11.500000,0.000000,17000,19000,20000,21000,22000,23000,24000,24000,24000,24000,24000,5891,0,18000,18200.721608852695,264.2747499921825,63376.7161249998,372.137667628586
1777187213,200,GET,trips_per_route,11.200000,0.000000,17000,19000,20000,21000,22000,23000,23000,24000,24000,24000,24000,5907,0,18000,18195.502637351496,264.2747499921825,63376.7161249998,372.1372947350601
1777187213,200,,Aggregated,11.200000,0.000000,17000,19000,20000,21000,22000,23000,23000,24000,24000,24000,24000,5907,0,18000,18195.502637351496,264.2747499921825,63376.7161249998,372.1372947350601
1777187214,200,GET,trips_per_route,10.600000,0.000000,17000,18000,20000,21000,22000,23000,23000,24000,24000,24000,24000,5917,0,18000,18194.24408948119,264.2747499921825,63376.7161249998,372.1374007098192
1777187214,200,,Aggregated,10.600000,0.000000,17000,18000,20000,21000,22000,23000,23000,24000,24000,24000,24000,5917,0,18000,18194.24408948119,264.2747499921825,63376.7161249998,372.1374007098192
1777187215,200,GET,trips_per_route,10.900000,0.000000,17000,19000,20000,21000,23000,23000,24000,24000,24000,24000,24000,5936,0,18000,18198.35344922965,264.2747499921825,63376.7161249998,372.13864555256066
1777187215,200,,Aggregated,10.900000,0.000000,17000,19000,20000,21000,23000,23000,24000,24000,24000,24000,24000,5936,0,18000,18198.35344922965,264.2747499921825,63376.7161249998,372.13864555256066
1777187216,200,GET,trips_per_route,11.000000,0.000000,17000,19000,20000,21000,22000,23000,23000,24000,24000,24000,24000,5950,0,18000,18194.35645813734,264.2747499921825,63376.7161249998,372.13848739495796
1777187216,200,,Aggregated,11.000000,0.000000,17000,19000,20000,21000,22000,23000,23000,24000,24000,24000,24000,5950,0,18000,18194.35645813734,264.2747499921825,63376.7161249998,372.13848739495796
1777187217,200,GET,trips_per_route,12.200000,0.000000,18000,19000,20000,21000,22000,23000,23000,24000,24000,24000,24000,5959,0,18000,18193.824479429128,264.2747499921825,63376.7161249998,372.13928511495214
1777187217,200,,Aggregated,12.200000,0.000000,18000,19000,20000,21000,22000,23000,23000,24000,24000,24000,24000,5959,0,18000,18193.824479429128,264.2747499921825,63376.7161249998,372.13928511495214
1777187218,200,GET,trips_per_route,12.800000,0.000000,18000,19000,20000,21000,22000,23000,23000,24000,24000,24000,24000,5963,0,18000,18192.392301980573,264.2747499921825,63376.7161249998,372.13969478450446
1777187218,200,,Aggregated,12.800000,0.000000,18000,19000,20000,21000,22000,23000,23000,24000,24000,24000,24000,5963,0,18000,18192.392301980573,264.2747499921825,63376.7161249998,372.13969478450446
1777187219,200,GET,trips_per_route,12.600000,0.000000,18000,20000,21000,21000,23000,23000,24000,24000,25000,25000,25000,5978,0,18000,18192.020918053884,264.2747499921825,63376.7161249998,372.14151890264304
1777187219,200,,Aggregated,12.600000,0.000000,18000,20000,21000,21000,23000,23000,24000,24000,25000,25000,25000,5978,0,18000,18192.020918053884,264.2747499921825,63376.7161249998,372.14151890264304
1777187220,200,GET,trips_per_route,12.000000,0.000000,18000,20000,21000,22000,23000,23000,24000,24000,25000,25000,25000,5989,0,18000,18191.52328943347,264.2747499921825,63376.7161249998,372.1419268659209
1777187220,200,,Aggregated,12.000000,0.000000,18000,20000,21000,22000,23000,23000,24000,24000,25000,25000,25000,5989,0,18000,18191.52328943347,264.2747499921825,63376.7161249998,372.1419268659209
1777187221,200,GET,trips_per_route,11.400000,0.000000,18000,20000,21000,22000,23000,23000,24000,24000,25000,25000,25000,6001,0,18000,18188.988513657565,264.2747499921825,63376.7161249998,372.14197633727713
1777187221,200,,Aggregated,11.400000,0.000000,18000,20000,21000,22000,23000,23000,24000,24000,25000,25000,25000,6001,0,18000,18188.988513657565,264.2747499921825,63376.7161249998,372.14197633727713
1777187222,200,GET,trips_per_route,11.100000,0.000000,18000,20000,21000,22000,23000,23000,24000,24000,25000,25000,25000,6015,0,18000,18185.860841694437,264.2747499921825,63376.7161249998,372.14197838736493
1777187222,200,,Aggregated,11.100000,0.000000,18000,20000,21000,22000,23000,23000,24000,24000,25000,25000,25000,6015,0,18000,18185.860841694437,264.2747499921825,63376.7161249998,372.14197838736493
1777187223,200,GET,trips_per_route,11.500000,0.000000,19000,20000,21000,22000,23000,23000,24000,24000,25000,25000,25000,6026,0,18000,18183.002308227024,264.2747499921825,63376.7161249998,372.14288084965153
1777187223,200,,Aggregated,11.500000,0.000000,19000,20000,21000,22000,23000,23000,24000,24000,25000,25000,25000,6026,0,18000,18183.002308227024,264.2747499921825,63376.7161249998,372.14288084965153
1777187224,200,GET,trips_per_route,12.200000,0.000000,18000,20000,21000,22000,23000,23000,24000,24000,25000,25000,25000,6033,0,18000,18181.429028337643,264.2747499921825,63376.7161249998,372.14304657715894
1777187224,200,,Aggregated,12.200000,0.000000,18000,20000,21000,22000,23000,23000,24000,24000,25000,25000,25000,6033,0,18000,18181.429028337643,264.2747499921825,63376.7161249998,372.14304657715894
1777187225,200,GET,trips_per_route,12.100000,0.000000,18000,20000,21000,22000,23000,23000,24000,24000,25000,25000,25000,6051,0,18000,18177.22126667856,264.2747499921825,63376.7161249998,372.1437778879524
1777187225,200,,Aggregated,12.100000,0.000000,18000,20000,21000,22000,23000,23000,24000,24000,25000,25000,25000,6051,0,18000,18177.22126667856,264.2747499921825,63376.7161249998,372.1437778879524
1777187226,200,GET,trips_per_route,11.700000,0.000000,17000,20000,21000,22000,23000,23000,24000,24000,25000,25000,25000,6060,0,18000,18178.18114280213,264.2747499921825,63376.7161249998,372.14389438943897
1777187226,200,,Aggregated,11.700000,0.000000,17000,20000,21000,22000,23000,23000,24000,24000,25000,25000,25000,6060,0,18000,18178.18114280213,264.2747499921825,63376.7161249998,372.14389438943897
1777187227,200,GET,trips_per_route,11.300000,0.000000,17000,20000,21000,22000,23000,23000,24000,24000,25000,25000,25000,6076,0,18000,18173.019731067456,264.2747499921825,63376.7161249998,372.14499670836074
1777187227,200,,Aggregated,11.300000,0.000000,17000,20000,21000,22000,23000,23000,24000,24000,25000,25000,25000,6076,0,18000,18173.019731067456,264.2747499921825,63376.7161249998,372.14499670836074
1777187228,200,GET,trips_per_route,11.200000,0.000000,17000,20000,21000,22000,22000,23000,24000,24000,24000,24000,24000,6085,0,18000,18170.79285371254,264.2747499921825,63376.7161249998,372.14511092851274
1777187228,200,,Aggregated,11.200000,0.000000,17000,20000,21000,22000,22000,23000,24000,24000,24000,24000,24000,6085,0,18000,18170.79285371254,264.2747499921825,63376.7161249998,372.14511092851274
1777187229,200,GET,trips_per_route,11.600000,0.000000,17000,19000,20000,21000,22000,23000,24000,24000,24000,24000,24000,6094,0,18000,18168.89128332669,264.2747499921825,63376.7161249998,372.14604529044965
1777187229,200,,Aggregated,11.600000,0.000000,17000,19000,20000,21000,22000,23000,24000,24000,24000,24000,24000,6094,0,18000,18168.89128332669,264.2747499921825,63376.7161249998,372.14604529044965
1777187230,200,GET,trips_per_route,12.100000,0.000000,17000,19000,20000,21000,22000,22000,23000,24000,24000,24000,24000,6109,0,18000,18163.155950388922,264.2747499921825,63376.7161249998,372.14666884923884
1777187230,200,,Aggregated,12.100000,0.000000,17000,19000,20000,21000,22000,22000,23000,24000,24000,24000,24000,6109,0,18000,18163.155950388922,264.2747499921825,63376.7161249998,372.14666884923884
1777187231,200,GET,trips_per_route,12.100000,0.000000,17000,19000,20000,21000,22000,22000,23000,24000,24000,24000,24000,6119,0,18000,18163.594302004884,264.2747499921825,63376.7161249998,372.14757313286486
1777187231,200,,Aggregated,12.100000,0.000000,17000,19000,20000,21000,22000,22000,23000,24000,24000,24000,24000,6119,0,18000,18163.594302004884,264.2747499921825,63376.7161249998,372.14757313286486
1777187232,200,GET,trips_per_route,11.600000,0.000000,17000,19000,20000,21000,22000,22000,23000,24000,24000,24000,24000,6127,0,18000,18157.06633979547,264.2747499921825,63376.7161249998,372.1468908111637
1777187232,200,,Aggregated,11.600000,0.000000,17000,19000,20000,21000,22000,22000,23000,24000,24000,24000,24000,6127,0,18000,18157.06633979547,264.2747499921825,63376.7161249998,372.1468908111637
1777187233,200,GET,trips_per_route,11.800000,0.000000,18000,19000,20000,21000,22000,22000,23000,24000,24000,24000,24000,6140,0,18000,18153.865293127317,264.2747499921825,63376.7161249998,372.14837133550486
1777187233,200,,Aggregated,11.800000,0.000000,18000,19000,20000,21000,22000,22000,23000,24000,24000,24000,24000,6140,0,18000,18153.865293127317,264.2747499921825,63376.7161249998,372.14837133550486
1777187234,200,GET,trips_per_route,11.500000,0.000000,17000,19000,20000,20000,22000,22000,22000,23000,23000,23000,23000,6160,0,18000,18142.421279351263,264.2747499921825,63376.7161249998,372.150487012987
1777187234,200,,Aggregated,11.500000,0.000000,17000,19000,20000,20000,22000,22000,22000,23000,23000,23000,23000,6160,0,18000,18142.421279351263,264.2747499921825,63376.7161249998,372.150487012987
1777187235,200,GET,trips_per_route,11.300000,0.000000,17000,19000,20000,20000,22000,22000,22000,23000,23000,23000,23000,6172,0,18000,18140.545671778964,264.2747499921825,63376.7161249998,372.151328580687
1777187235,200,,Aggregated,11.300000,0.000000,17000,19000,20000,20000,22000,22000,22000,23000,23000,23000,23000,6172,0,18000,18140.545671778964,264.2747499921825,63376.7161249998,372.151328580687
1777187236,200,GET,trips_per_route,12.500000,0.000000,18000,19000,20000,20000,21000,22000,22000,23000,23000,23000,23000,6186,0,18000,18138.703903574336,264.2747499921825,63376.7161249998,372.1519560297446
1777187236,200,,Aggregated,12.500000,0.000000,18000,19000,20000,20000,21000,22000,22000,23000,23000,23000,23000,6186,0,18000,18138.703903574336,264.2747499921825,63376.7161249998,372.1519560297446
1777187237,200,GET,trips_per_route,12.100000,0.000000,18000,19000,20000,20000,21000,22000,22000,23000,23000,23000,23000,6199,0,18000,18137.151243623295,264.2747499921825,63376.7161249998,372.1530892079368
1777187237,200,,Aggregated,12.100000,0.000000,18000,19000,20000,20000,21000,22000,22000,23000,23000,23000,23000,6199,0,18000,18137.151243623295,264.2747499921825,63376.7161249998,372.1530892079368
1777187238,200,GET,trips_per_route,12.400000,0.000000,18000,19000,20000,20000,21000,22000,22000,23000,23000,23000,23000,6213,0,18000,18134.67099771507,264.2747499921825,63376.7161249998,372.1541928215033
1777187238,200,,Aggregated,12.400000,0.000000,18000,19000,20000,20000,21000,22000,22000,23000,23000,23000,23000,6213,0,18000,18134.67099771507,264.2747499921825,63376.7161249998,372.1541928215033
1777187239,200,GET,trips_per_route,12.000000,0.000000,18000,19000,19000,20000,21000,22000,22000,23000,23000,23000,23000,6224,0,18000,18130.230727682483,264.2747499921825,63376.7161249998,372.1539203084833
1777187239,200,,Aggregated,12.000000,0.000000,18000,19000,19000,20000,21000,22000,22000,23000,23000,23000,23000,6224,0,18000,18130.230727682483,264.2747499921825,63376.7161249998,372.1539203084833
1777187240,200,GET,trips_per_route,12.600000,0.000000,17000,19000,19000,19000,21000,22000,22000,22000,23000,23000,23000,6233,0,18000,18121.18293800013,264.2747499921825,63376.7161249998,372.1538584951067
1777187240,200,,Aggregated,12.600000,0.000000,17000,19000,19000,19000,21000,22000,22000,22000,23000,23000,23000,6233,0,18000,18121.18293800013,264.2747499921825,63376.7161249998,372.1538584951067
1777187241,200,GET,trips_per_route,12.600000,0.000000,17000,19000,19000,19000,20000,21000,22000,22000,23000,23000,23000,6247,0,18000,18107.811930634994,264.2747499921825,63376.7161249998,372.1541539939171
1777187241,200,,Aggregated,12.600000,0.000000,17000,19000,19000,19000,20000,21000,22000,22000,23000,23000,23000,6247,0,18000,18107.811930634994,264.2747499921825,63376.7161249998,372.1541539939171
1777187242,200,GET,trips_per_route,12.800000,0.000000,17000,19000,19000,20000,21000,21000,22000,22000,23000,23000,23000,6258,0,18000,18104.631497198436,264.2747499921825,63376.7161249998,372.15388302972195
1777187242,200,,Aggregated,12.800000,0.000000,17000,19000,19000,20000,21000,21000,22000,22000,23000,23000,23000,6258,0,18000,18104.631497198436,264.2747499921825,63376.7161249998,372.15388302972195
1777187243,200,GET,trips_per_route,12.700000,0.000000,17000,19000,19000,20000,21000,21000,22000,22000,22000,22000,22000,6269,0,18000,18091.789865543757,264.2747499921825,63376.7161249998,372.1544105918009
1777187243,200,,Aggregated,12.700000,0.000000,17000,19000,19000,20000,21000,21000,22000,22000,22000,22000,22000,6269,0,18000,18091.789865543757,264.2747499921825,63376.7161249998,372.1544105918009
1777187244,200,GET,trips_per_route,12.600000,0.000000,17000,19000,19000,20000,21000,21000,22000,22000,22000,22000,22000,6279,0,18000,18078.610473584464,264.2747499921825,63376.7161249998,372.15512024207675
1777187244,200,,Aggregated,12.600000,0.000000,17000,19000,19000,20000,21000,21000,22000,22000,22000,22000,22000,6279,0,18000,18078.610473584464,264.2747499921825,63376.7161249998,372.15512024207675
1777187245,200,GET,trips_per_route,12.600000,0.000000,17000,19000,19000,19000,20000,21000,21000,22000,22000,22000,22000,6296,0,18000,18073.218262152295,264.2747499921825,63376.7161249998,372.1543837357052
1777187245,200,,Aggregated,12.600000,0.000000,17000,19000,19000,19000,20000,21000,21000,22000,22000,22000,22000,6296,0,18000,18073.218262152295,264.2747499921825,63376.7161249998,372.1543837357052
1777187246,200,GET,trips_per_route,11.900000,0.000000,17000,19000,19000,19000,21000,21000,22000,22000,22000,22000,22000,6307,0,18000,18072.224034500217,264.2747499921825,63376.7161249998,372.1552243538925
1777187246,200,,Aggregated,11.900000,0.000000,17000,19000,19000,19000,21000,21000,22000,22000,22000,22000,22000,6307,0,18000,18072.224034500217,264.2747499921825,63376.7161249998,372.1552243538925
1777187247,200,GET,trips_per_route,12.200000,0.000000,18000,19000,19000,20000,21000,22000,22000,22000,22000,22000,22000,6317,0,18000,18071.516645099236,264.2747499921825,63376.7161249998,372.1549786290961
1777187247,200,,Aggregated,12.200000,0.000000,18000,19000,19000,20000,21000,22000,22000,22000,22000,22000,22000,6317,0,18000,18071.516645099236,264.2747499921825,63376.7161249998,372.1549786290961
1777187248,200,GET,trips_per_route,12.000000,0.000000,18000,19000,20000,20000,21000,22000,22000,22000,22000,22000,22000,6326,0,18000,18071.34129949918,264.2747499921825,63376.7161249998,372.155706607651
1777187248,200,,Aggregated,12.000000,0.000000,18000,19000,20000,20000,21000,22000,22000,22000,22000,22000,22000,6326,0,18000,18071.34129949918,264.2747499921825,63376.7161249998,372.155706607651
1777187249,200,GET,trips_per_route,12.300000,0.000000,18000,19000,20000,21000,21000,22000,22000,22000,22000,22000,22000,6338,0,18000,18072.081863956893,264.2747499921825,63376.7161249998,372.1554118018302
1777187249,200,,Aggregated,12.300000,0.000000,18000,19000,20000,21000,21000,22000,22000,22000,22000,22000,22000,6338,0,18000,18072.081863956893,264.2747499921825,63376.7161249998,372.1554118018302
1777187250,200,GET,trips_per_route,11.100000,0.000000,19000,19000,20000,21000,21000,22000,22000,22000,22000,22000,22000,6351,0,18000,18069.458735469332,264.2747499921825,63376.7161249998,372.15635333018423
1777187250,200,,Aggregated,11.100000,0.000000,19000,19000,20000,21000,21000,22000,22000,22000,22000,22000,22000,6351,0,18000,18069.458735469332,264.2747499921825,63376.7161249998,372.15635333018423
1777187251,200,GET,trips_per_route,11.700000,0.000000,19000,19000,20000,21000,21000,22000,22000,22000,22000,22000,22000,6358,0,18000,18070.93587328416,264.2747499921825,63376.7161249998,372.1569675998742
1777187251,200,,Aggregated,11.700000,0.000000,19000,19000,20000,21000,21000,22000,22000,22000,22000,22000,22000,6358,0,18000,18070.93587328416,264.2747499921825,63376.7161249998,372.1569675998742
1777187252,200,GET,trips_per_route,11.600000,0.000000,19000,20000,20000,21000,21000,22000,22000,22000,22000,22000,22000,6366,0,18000,18071.66506009263,264.2747499921825,63376.7161249998,372.1575557650016
1777187252,200,,Aggregated,11.600000,0.000000,19000,20000,20000,21000,21000,22000,22000,22000,22000,22000,22000,6366,0,18000,18071.66506009263,264.2747499921825,63376.7161249998,372.1575557650016
1777187253,200,GET,trips_per_route,11.100000,0.000000,19000,20000,21000,21000,21000,22000,22000,22000,22000,22000,22000,6385,0,18000,18072.99610342674,264.2747499921825,63376.7161249998,372.1572435395458
1777187253,200,,Aggregated,11.100000,0.000000,19000,20000,21000,21000,21000,22000,22000,22000,22000,22000,22000,6385,0,18000,18072.99610342674,264.2747499921825,63376.7161249998,372.1572435395458
1777187254,200,GET,trips_per_route,10.900000,0.000000,19000,20000,21000,21000,22000,22000,22000,22000,22000,22000,22000,6399,0,18000,18073.266173309064,264.2747499921825,63376.7161249998,372.1565869667136
1777187254,200,,Aggregated,10.900000,0.000000,19000,20000,21000,21000,22000,22000,22000,22000,22000,22000,22000,6399,0,18000,18073.266173309064,264.2747499921825,63376.7161249998,372.1565869667136
1777187255,200,GET,trips_per_route,11.200000,0.000000,19000,20000,20000,21000,22000,22000,22000,22000,22000,22000,22000,6415,0,18000,18072.018749630188,264.2747499921825,63376.7161249998,372.15791114575217
1777187255,200,,Aggregated,11.200000,0.000000,19000,20000,20000,21000,22000,22000,22000,22000,22000,22000,22000,6415,0,18000,18072.018749630188,264.2747499921825,63376.7161249998,372.15791114575217
1777187256,200,GET,trips_per_route,12.300000,0.000000,18000,19000,20000,21000,21000,22000,22000,22000,22000,22000,22000,6419,0,18000,18072.013413797886,264.2747499921825,63376.7161249998,372.15812431842966
1777187256,200,,Aggregated,12.300000,0.000000,18000,19000,20000,21000,21000,22000,22000,22000,22000,22000,22000,6419,0,18000,18072.013413797886,264.2747499921825,63376.7161249998,372.15812431842966
1777187257,200,GET,trips_per_route,12.100000,0.000000,18000,19000,20000,21000,21000,22000,22000,22000,22000,22000,22000,6437,0,18000,18069.792051809785,264.2747499921825,63376.7161249998,372.15892496504586
1777187257,200,,Aggregated,12.100000,0.000000,18000,19000,20000,21000,21000,22000,22000,22000,22000,22000,22000,6437,0,18000,18069.792051809785,264.2747499921825,63376.7161249998,372.15892496504586
1777187258,200,GET,trips_per_route,11.500000,0.000000,18000,19000,20000,20000,21000,22000,22000,22000,22000,22000,22000,6449,0,18000,18064.720073053897,264.2747499921825,63376.7161249998,372.15769886804156
1777187258,200,,Aggregated,11.500000,0.000000,18000,19000,20000,20000,21000,22000,22000,22000,22000,22000,22000,6449,0,18000,18064.720073053897,264.2747499921825,63376.7161249998,372.15769886804156
1777187259,200,GET,trips_per_route,11.300000,0.000000,18000,19000,20000,20000,22000,22000,22000,22000,22000,22000,22000,6459,0,18000,18057.980981802084,264.2747499921825,63376.7161249998,372.158074005264
1777187259,200,,Aggregated,11.300000,0.000000,18000,19000,20000,20000,22000,22000,22000,22000,22000,22000,22000,6459,0,18000,18057.980981802084,264.2747499921825,63376.7161249998,372.158074005264
1777187260,200,GET,trips_per_route,12.400000,0.000000,18000,19000,20000,20000,22000,22000,22000,22000,22000,22000,22000,6473,0,18000,18051.820136355258,264.2747499921825,63376.7161249998,372.1588135331377
1777187260,200,,Aggregated,12.400000,0.000000,18000,19000,20000,20000,22000,22000,22000,22000,22000,22000,22000,6473,0,18000,18051.820136355258,264.2747499921825,63376.7161249998,372.1588135331377
1777187261,200,GET,trips_per_route,11.800000,0.000000,18000,19000,20000,20000,22000,22000,22000,22000,23000,23000,23000,6487,0,18000,18051.501648952468,264.2747499921825,63376.7161249998,372.16032064128257
1777187261,200,,Aggregated,11.800000,0.000000,18000,19000,20000,20000,22000,22000,22000,22000,23000,23000,23000,6487,0,18000,18051.501648952468,264.2747499921825,63376.7161249998,372.16032064128257
1777187262,200,GET,trips_per_route,12.100000,0.000000,18000,19000,20000,20000,22000,22000,22000,22000,23000,23000,23000,6495,0,18000,18049.976271382544,264.2747499921825,63376.7161249998,372.1613548883757
1777187262,200,,Aggregated,12.100000,0.000000,18000,19000,20000,20000,22000,22000,22000,22000,23000,23000,23000,6495,0,18000,18049.976271382544,264.2747499921825,63376.7161249998,372.1613548883757
1777187263,200,GET,trips_per_route,12.500000,0.000000,17000,19000,20000,20000,21000,22000,22000,22000,23000,23000,23000,6507,0,18000,18045.652805601138,264.2747499921825,63376.7161249998,372.1619794067927
1777187263,200,,Aggregated,12.500000,0.000000,17000,19000,20000,20000,21000,22000,22000,22000,23000,23000,23000,6507,0,18000,18045.652805601138,264.2747499921825,63376.7161249998,372.1619794067927
1777187264,200,GET,trips_per_route,12.900000,0.000000,18000,19000,20000,20000,21000,22000,22000,22000,23000,23000,23000,6522,0,18000,18045.80814537375,264.2747499921825,63376.7161249998,372.1622201778595
1777187264,200,,Aggregated,12.900000,0.000000,18000,19000,20000,20000,21000,22000,22000,22000,23000,23000,23000,6522,0,18000,18045.80814537375,264.2747499921825,63376.7161249998,372.1622201778595
1777187265,200,GET,trips_per_route,12.600000,0.000000,18000,19000,20000,20000,21000,22000,22000,22000,23000,23000,23000,6531,0,18000,18044.778200492823,264.2747499921825,63376.7161249998,372.1616903996325
1777187265,200,,Aggregated,12.600000,0.000000,18000,19000,20000,20000,21000,22000,22000,22000,23000,23000,23000,6531,0,18000,18044.778200492823,264.2747499921825,63376.7161249998,372.1616903996325
1777187266,200,GET,trips_per_route,11.900000,0.000000,18000,19000,20000,20000,21000,22000,22000,22000,23000,23000,23000,6543,0,18000,18041.05887792352,264.2747499921825,63376.7161249998,372.1627693718478
1777187266,200,,Aggregated,11.900000,0.000000,18000,19000,20000,20000,21000,22000,22000,22000,23000,23000,23000,6543,0,18000,18041.05887792352,264.2747499921825,63376.7161249998,372.1627693718478
1777187267,200,GET,trips_per_route,11.700000,0.000000,17000,19000,20000,20000,20000,22000,22000,22000,23000,23000,23000,6558,0,18000,18030.54181568994,264.2747499921825,63376.7161249998,372.163769441903
1777187267,200,,Aggregated,11.700000,0.000000,17000,19000,20000,20000,20000,22000,22000,22000,23000,23000,23000,6558,0,18000,18030.54181568994,264.2747499921825,63376.7161249998,372.163769441903
1777187268,200,GET,trips_per_route,12.000000,0.000000,17000,19000,20000,20000,21000,22000,22000,23000,23000,23000,23000,6569,0,18000,18023.742211562425,264.2747499921825,63376.7161249998,372.1634952047496
1777187268,200,,Aggregated,12.000000,0.000000,17000,19000,20000,20000,21000,22000,22000,23000,23000,23000,23000,6569,0,18000,18023.742211562425,264.2747499921825,63376.7161249998,372.1634952047496
1777187269,200,GET,trips_per_route,12.000000,0.000000,17000,19000,20000,20000,20000,22000,23000,23000,23000,23000,23000,6583,0,18000,18021.49564428628,264.2747499921825,63376.7161249998,372.16436275254443
1777187269,200,,Aggregated,12.000000,0.000000,17000,19000,20000,20000,20000,22000,23000,23000,23000,23000,23000,6583,0,18000,18021.49564428628,264.2747499921825,63376.7161249998,372.16436275254443
1777187270,200,GET,trips_per_route,11.800000,0.000000,17000,19000,20000,20000,20000,22000,23000,23000,23000,23000,23000,6592,0,18000,18021.68275981031,264.2747499921825,63376.7161249998,372.16520024271847
1777187270,200,,Aggregated,11.800000,0.000000,17000,19000,20000,20000,20000,22000,23000,23000,23000,23000,23000,6592,0,18000,18021.68275981031,264.2747499921825,63376.7161249998,372.16520024271847
1777187271,200,GET,trips_per_route,12.400000,0.000000,17000,19000,20000,20000,20000,22000,22000,23000,23000,23000,23000,6602,0,18000,18018.68622319032,264.2747499921825,63376.7161249998,372.1649500151469
1777187271,200,,Aggregated,12.400000,0.000000,17000,19000,20000,20000,20000,22000,22000,23000,23000,23000,23000,6602,0,18000,18018.68622319032,264.2747499921825,63376.7161249998,372.1649500151469
1777187272,200,GET,trips_per_route,12.000000,0.000000,18000,19000,20000,20000,20000,22000,22000,23000,23000,23000,23000,6616,0,18000,18017.294074680398,264.2747499921825,63376.7161249998,372.1644498186215
1777187272,200,,Aggregated,12.000000,0.000000,18000,19000,20000,20000,20000,22000,22000,23000,23000,23000,23000,6616,0,18000,18017.294074680398,264.2747499921825,63376.7161249998,372.1644498186215
1777187273,200,GET,trips_per_route,11.600000,0.000000,18000,19000,20000,20000,21000,22000,22000,23000,23000,23000,23000,6628,0,18000,18015.07835602784,264.2747499921825,63376.7161249998,372.165509957755
1777187273,200,,Aggregated,11.600000,0.000000,18000,19000,20000,20000,21000,22000,22000,23000,23000,23000,23000,6628,0,18000,18015.07835602784,264.2747499921825,63376.7161249998,372.165509957755
1777187274,200,GET,trips_per_route,12.000000,0.000000,17000,19000,20000,20000,21000,22000,23000,23000,23000,23000,23000,6640,0,18000,18010.744944440437,264.2747499921825,63376.7161249998,372.1644578313253
1777187274,200,,Aggregated,12.000000,0.000000,17000,19000,20000,20000,21000,22000,23000,23000,23000,23000,23000,6640,0,18000,18010.744944440437,264.2747499921825,63376.7161249998,372.1644578313253
1777187275,200,GET,trips_per_route,12.200000,0.000000,17000,19000,20000,20000,21000,22000,23000,23000,23000,23000,23000,6649,0,18000,18011.494743370065,264.2747499921825,63376.7161249998,372.164385621898
1777187275,200,,Aggregated,12.200000,0.000000,17000,19000,20000,20000,21000,22000,23000,23000,23000,23000,23000,6649,0,18000,18011.494743370065,264.2747499921825,63376.7161249998,372.164385621898
1777187276,200,GET,trips_per_route,11.700000,0.000000,17000,19000,20000,20000,21000,22000,23000,23000,23000,23000,23000,6657,0,18000,18009.514109615233,264.2747499921825,63376.7161249998,372.16388763707374
1777187276,200,,Aggregated,11.700000,0.000000,17000,19000,20000,20000,21000,22000,23000,23000,23000,23000,23000,6657,0,18000,18009.514109615233,264.2747499921825,63376.7161249998,372.16388763707374
1777187277,200,GET,trips_per_route,11.900000,0.000000,18000,20000,20000,20000,21000,22000,23000,23000,23000,23000,23000,6668,0,18000,18008.407600979994,264.2747499921825,63376.7161249998,372.16496700659866
1777187277,200,,Aggregated,11.900000,0.000000,18000,20000,20000,20000,21000,22000,23000,23000,23000,23000,23000,6668,0,18000,18008.407600979994,264.2747499921825,63376.7161249998,372.16496700659866
1777187278,200,GET,trips_per_route,11.800000,0.000000,18000,20000,20000,21000,21000,22000,22000,23000,23000,23000,23000,6679,0,18000,18007.692288142032,264.2747499921825,63376.7161249998,372.1658930977691
1777187278,200,,Aggregated,11.800000,0.000000,18000,20000,20000,21000,21000,22000,22000,23000,23000,23000,23000,6679,0,18000,18007.692288142032,264.2747499921825,63376.7161249998,372.1658930977691
1777187279,200,GET,trips_per_route,11.400000,0.000000,18000,20000,20000,21000,21000,22000,22000,23000,23000,23000,23000,6685,0,18000,18007.49055575926,264.2747499921825,63376.7161249998,372.1666417352281
1777187279,200,,Aggregated,11.400000,0.000000,18000,20000,20000,21000,21000,22000,22000,23000,23000,23000,23000,6685,0,18000,18007.49055575926,264.2747499921825,63376.7161249998,372.1666417352281
1777187280,200,GET,trips_per_route,11.000000,0.000000,18000,20000,20000,20000,21000,22000,22000,22000,23000,23000,23000,6698,0,18000,17998.545774957864,264.2747499921825,63376.7161249998,372.16721409375936
1777187280,200,,Aggregated,11.000000,0.000000,18000,20000,20000,20000,21000,22000,22000,22000,23000,23000,23000,6698,0,18000,17998.545774957864,264.2747499921825,63376.7161249998,372.16721409375936
1777187281,200,GET,trips_per_route,10.300000,0.000000,18000,20000,20000,21000,21000,22000,22000,23000,23000,23000,23000,6714,0,18000,18001.404328728593,264.2747499921825,63376.7161249998,372.1681560917486
1777187281,200,,Aggregated,10.300000,0.000000,18000,20000,20000,21000,21000,22000,22000,23000,23000,23000,23000,6714,0,18000,18001.404328728593,264.2747499921825,63376.7161249998,372.1681560917486
1777187282,200,GET,trips_per_route,10.400000,0.000000,18000,20000,21000,21000,21000,22000,22000,23000,23000,23000,23000,6727,0,18000,18000.743500953748,264.2747499921825,63376.7161249998,372.1688717110153
1777187282,200,,Aggregated,10.400000,0.000000,18000,20000,21000,21000,21000,22000,22000,23000,23000,23000,23000,6727,0,18000,18000.743500953748,264.2747499921825,63376.7161249998,372.1688717110153
1777187283,200,GET,trips_per_route,11.100000,0.000000,18000,20000,20000,21000,21000,21000,22000,22000,23000,23000,23000,6739,0,18000,18001.191487096,264.2747499921825,63376.7161249998,372.16871939456894
1777187283,200,,Aggregated,11.100000,0.000000,18000,20000,20000,21000,21000,21000,22000,22000,23000,23000,23000,6739,0,18000,18001.191487096,264.2747499921825,63376.7161249998,372.16871939456894
1777187284,200,GET,trips_per_route,10.900000,0.000000,19000,20000,20000,21000,21000,22000,22000,22000,23000,23000,23000,6750,0,18000,18001.991613320744,264.2747499921825,63376.7161249998,372.16948148148145
1777187284,200,,Aggregated,10.900000,0.000000,19000,20000,20000,21000,21000,22000,22000,22000,23000,23000,23000,6750,0,18000,18001.991613320744,264.2747499921825,63376.7161249998,372.16948148148145
1777187285,200,GET,trips_per_route,11.000000,0.000000,18000,19000,20000,21000,21000,22000,22000,22000,23000,23000,23000,6765,0,18000,17997.620382717225,264.2747499921825,63376.7161249998,372.1707317073171
1777187285,200,,Aggregated,11.000000,0.000000,18000,19000,20000,21000,21000,22000,22000,22000,23000,23000,23000,6765,0,18000,17997.620382717225,264.2747499921825,63376.7161249998,372.1707317073171
1777187286,200,GET,trips_per_route,11.000000,0.000000,18000,19000,20000,21000,21000,22000,22000,22000,23000,23000,23000,6779,0,18000,17996.39976434608,264.2747499921825,63376.7161249998,372.17023159758077
1777187286,200,,Aggregated,11.000000,0.000000,18000,19000,20000,21000,21000,22000,22000,22000,23000,23000,23000,6779,0,18000,17996.39976434608,264.2747499921825,63376.7161249998,372.17023159758077
