Timestamp,User Count,Type,Name,Requests/s,Failures/s,50%,66%,75%,80%,90%,95%,98%,99%,99.9%,99.99%,100%,Total Request Count,Total Failure Count,Total Median Response Time,Total Average Response Time,Total Min Response Time,Total Max Response Time,Total Average Content Size
1777158885,0,,Aggregated,0.000000,0.000000,N/A,N/A,N/A,N/A,N/A,N/A,N/A,N/A,N/A,N/A,N/A,0,0,0,0.0,0,0,0
1777158886,20,GET,point_read,0.000000,0.000000,0,0,0,0,0,0,0,0,0,0,0,11,0,370,408.66821581783535,57.12887499248609,694.2227910039946,81.45454545454545
1777158886,20,,Aggregated,0.000000,0.000000,0,0,0,0,0,0,0,0,0,0,0,11,0,370,408.66821581783535,57.12887499248609,694.2227910039946,81.45454545454545
1777158887,40,GET,point_read,0.000000,0.000000,310,430,650,650,900,960,1100,1100,1100,1100,1100,30,0,290,382.77274159578764,57.12887499248609,1093.2769999781158,81.13333333333334
1777158887,40,,Aggregated,0.000000,0.000000,310,430,650,650,900,960,1100,1100,1100,1100,1100,30,0,290,382.77274159578764,57.12887499248609,1093.2769999781158,81.13333333333334
1777158888,60,GET,point_read,3.000000,0.000000,190,300,370,450,780,960,1100,1100,1100,1100,1100,52,0,200,307.81883409508737,56.0693749866914,1093.2769999781158,81.1923076923077
1777158888,60,,Aggregated,3.000000,0.000000,190,300,370,450,780,960,1100,1100,1100,1100,1100,52,0,200,307.81883409508737,56.0693749866914,1093.2769999781158,81.1923076923077
1777158889,80,GET,point_read,9.500000,0.000000,190,280,350,430,780,1100,1100,1600,1600,1600,1600,62,0,200,314.2172614025185,56.0693749866914,1616.5758339921013,81.2258064516129
1777158889,80,,Aggregated,9.500000,0.000000,190,280,350,430,780,1100,1100,1600,1600,1600,1600,62,0,200,314.2172614025185,56.0693749866914,1616.5758339921013,81.2258064516129
1777158890,100,GET,point_read,14.000000,0.000000,250,370,560,560,740,960,1100,1600,1600,1600,1600,77,0,270,360.75539123259375,56.0693749866914,1616.5758339921013,81.14285714285714
1777158890,100,,Aggregated,14.000000,0.000000,250,370,560,560,740,960,1100,1600,1600,1600,1600,77,0,270,360.75539123259375,56.0693749866914,1616.5758339921013,81.14285714285714
1777158891,120,GET,point_read,14.000000,0.000000,250,370,560,560,740,960,1100,1600,1600,1600,1600,77,0,270,360.75539123259375,56.0693749866914,1616.5758339921013,81.14285714285714
1777158891,120,,Aggregated,14.000000,0.000000,250,370,560,560,740,960,1100,1600,1600,1600,1600,77,0,270,360.75539123259375,56.0693749866914,1616.5758339921013,81.14285714285714
1777158892,140,GET,point_read,14.000000,0.000000,250,370,560,560,740,960,1100,1600,1600,1600,1600,77,0,270,360.75539123259375,56.0693749866914,1616.5758339921013,81.14285714285714
1777158892,140,,Aggregated,14.000000,0.000000,250,370,560,560,740,960,1100,1600,1600,1600,1600,77,0,270,360.75539123259375,56.0693749866914,1616.5758339921013,81.14285714285714
1777158893,160,GET,point_read,12.833333,0.000000,280,460,560,650,960,2000,5000,5000,5000,5000,5000,82,0,280,526.7486539506069,56.0693749866914,4983.00875001587,81.15853658536585
1777158893,160,,Aggregated,12.833333,0.000000,280,460,560,650,960,2000,5000,5000,5000,5000,5000,82,0,280,526.7486539506069,56.0693749866914,4983.00875001587,81.15853658536585
1777158894,180,GET,point_read,11.000000,0.000000,280,460,560,690,960,1600,5000,5000,5000,5000,5000,87,0,280,524.0037983672121,56.0693749866914,4983.00875001587,81.13793103448276
1777158894,180,,Aggregated,11.000000,0.000000,280,460,560,690,960,1600,5000,5000,5000,5000,5000,87,0,280,524.0037983672121,56.0693749866914,4983.00875001587,81.13793103448276
1777158895,200,GET,point_read,9.750000,0.000000,300,560,650,740,1600,5000,6200,6500,6500,6500,6500,93,0,290,739.0834990962688,56.0693749866914,6472.33645900269,81.12903225806451
1777158895,200,,Aggregated,9.750000,0.000000,300,560,650,740,1600,5000,6200,6500,6500,6500,6500,93,0,290,739.0834990962688,56.0693749866914,6472.33645900269,81.12903225806451
1777158896,220,GET,point_read,9.750000,0.000000,290,560,740,770,2000,5000,6200,6500,6500,6500,6500,94,0,290,734.3247442334726,56.0693749866914,6472.33645900269,81.13829787234043
1777158896,220,,Aggregated,9.750000,0.000000,290,560,740,770,2000,5000,6200,6500,6500,6500,6500,94,0,290,734.3247442334726,56.0693749866914,6472.33645900269,81.13829787234043
1777158897,240,GET,point_read,9.750000,0.000000,350,560,740,770,4400,5000,6200,6500,6500,6500,6500,94,0,290,734.3247442334726,56.0693749866914,6472.33645900269,81.13829787234043
1777158897,240,,Aggregated,9.750000,0.000000,350,560,740,770,4400,5000,6200,6500,6500,6500,6500,94,0,290,734.3247442334726,56.0693749866914,6472.33645900269,81.13829787234043
1777158898,260,GET,point_read,9.750000,0.000000,560,740,1200,2000,5000,6200,6500,6500,6500,6500,6500,94,0,290,734.3247442334726,56.0693749866914,6472.33645900269,81.13829787234043
1777158898,260,,Aggregated,9.750000,0.000000,560,740,1200,2000,5000,6200,6500,6500,6500,6500,6500,94,0,290,734.3247442334726,56.0693749866914,6472.33645900269,81.13829787234043
1777158899,280,GET,point_read,9.750000,0.000000,620,750,2000,2900,5000,6200,6500,6500,6500,6500,6500,94,0,290,734.3247442334726,56.0693749866914,6472.33645900269,81.13829787234043
1777158899,280,,Aggregated,9.750000,0.000000,620,750,2000,2900,5000,6200,6500,6500,6500,6500,6500,94,0,290,734.3247442334726,56.0693749866914,6472.33645900269,81.13829787234043
1777158900,300,GET,point_read,5.200000,0.000000,550,620,740,1200,5000,5000,6500,6500,6500,6500,6500,108,0,240,664.9864243978906,56.0693749866914,6472.33645900269,81.13888888888889
1777158900,300,,Aggregated,5.200000,0.000000,550,620,740,1200,5000,5000,6500,6500,6500,6500,6500,108,0,240,664.9864243978906,56.0693749866914,6472.33645900269,81.13888888888889
1777158901,320,GET,point_read,3.700000,0.000000,290,560,750,1200,5000,5000,6500,6500,6500,6500,6500,120,0,270,649.8701350751313,56.0693749866914,6472.33645900269,81.14166666666667
1777158901,320,,Aggregated,3.700000,0.000000,290,560,750,1200,5000,5000,6500,6500,6500,6500,6500,120,0,270,649.8701350751313,56.0693749866914,6472.33645900269,81.14166666666667
1777158902,340,GET,point_read,3.900000,0.000000,290,560,630,740,4400,5000,6200,6500,6500,6500,6500,130,0,280,628.6077112237064,56.0693749866914,6472.33645900269,81.16153846153846
1777158902,340,,Aggregated,3.900000,0.000000,290,560,630,740,4400,5000,6200,6500,6500,6500,6500,130,0,280,628.6077112237064,56.0693749866914,6472.33645900269,81.16153846153846
1777158903,360,GET,point_read,3.100000,0.000000,280,560,630,630,1500,5000,6500,6500,6500,6500,6500,133,0,280,629.5981707447033,56.0693749866914,6472.33645900269,81.18045112781955
1777158903,360,,Aggregated,3.100000,0.000000,280,560,630,630,1500,5000,6500,6500,6500,6500,6500,133,0,280,629.5981707447033,56.0693749866914,6472.33645900269,81.18045112781955
1777158904,380,GET,point_read,3.100000,0.000000,280,560,560,630,800,4400,6500,6500,6500,6500,6500,133,0,280,629.5981707447033,56.0693749866914,6472.33645900269,81.18045112781955
1777158904,380,,Aggregated,3.100000,0.000000,280,560,560,630,800,4400,6500,6500,6500,6500,6500,133,0,280,629.5981707447033,56.0693749866914,6472.33645900269,81.18045112781955
1777158905,400,GET,point_read,3.100000,0.000000,280,560,560,630,800,4400,6500,6500,6500,6500,6500,133,0,280,629.5981707447033,56.0693749866914,6472.33645900269,81.18045112781955
1777158905,400,,Aggregated,3.100000,0.000000,280,560,560,630,800,4400,6500,6500,6500,6500,6500,133,0,280,629.5981707447033,56.0693749866914,6472.33645900269,81.18045112781955
1777158906,420,GET,point_read,4.700000,0.000000,280,560,560,630,940,4400,6500,6500,6500,6500,6500,135,0,280,629.4575645114054,56.0693749866914,6472.33645900269,81.18518518518519
1777158906,420,,Aggregated,4.700000,0.000000,280,560,560,630,940,4400,6500,6500,6500,6500,6500,135,0,280,629.4575645114054,56.0693749866914,6472.33645900269,81.18518518518519
1777158907,440,GET,point_read,4.500000,0.000000,280,480,560,560,750,940,1900,1900,1900,1900,1900,143,0,280,622.9723382804713,56.0693749866914,6472.33645900269,81.2027972027972
1777158907,440,,Aggregated,4.500000,0.000000,280,480,560,560,750,940,1900,1900,1900,1900,1900,143,0,280,622.9723382804713,56.0693749866914,6472.33645900269,81.2027972027972
1777158908,460,GET,point_read,4.500000,0.000000,280,450,560,560,740,940,1500,1900,1900,1900,1900,145,0,280,617.1218192489849,56.0693749866914,6472.33645900269,81.20689655172414
1777158908,460,,Aggregated,4.500000,0.000000,280,450,560,560,740,940,1500,1900,1900,1900,1900,145,0,280,617.1218192489849,56.0693749866914,6472.33645900269,81.20689655172414
1777158909,480,GET,point_read,4.100000,0.000000,290,560,560,630,880,940,1900,1900,1900,1900,1900,149,0,280,614.8066851214721,56.0693749866914,6472.33645900269,81.19463087248322
1777158909,480,,Aggregated,4.100000,0.000000,290,560,560,630,880,940,1900,1900,1900,1900,1900,149,0,280,614.8066851214721,56.0693749866914,6472.33645900269,81.19463087248322
1777158910,500,GET,point_read,4.100000,0.000000,360,560,630,630,880,940,1900,1900,1900,1900,1900,149,0,280,614.8066851214721,56.0693749866914,6472.33645900269,81.19463087248322
1777158910,500,,Aggregated,4.100000,0.000000,360,560,630,630,880,940,1900,1900,1900,1900,1900,149,0,280,614.8066851214721,56.0693749866914,6472.33645900269,81.19463087248322
1777158911,512,GET,point_read,5.300000,0.000000,360,630,630,880,940,1500,1900,1900,1900,1900,1900,150,0,280,613.3300222206162,56.0693749866914,6472.33645900269,81.2
1777158911,512,,Aggregated,5.300000,0.000000,360,630,630,880,940,1500,1900,1900,1900,1900,1900,150,0,280,613.3300222206162,56.0693749866914,6472.33645900269,81.2
1777158912,512,GET,point_read,5.300000,0.000000,360,450,880,890,1500,1900,1900,1900,1900,1900,1900,150,0,280,613.3300222206162,56.0693749866914,6472.33645900269,81.2
1777158912,512,,Aggregated,5.300000,0.000000,360,450,880,890,1500,1900,1900,1900,1900,1900,1900,150,0,280,613.3300222206162,56.0693749866914,6472.33645900269,81.2
1777158913,512,GET,point_read,5.300000,0.000000,360,450,880,890,1500,1900,1900,1900,1900,1900,1900,150,0,280,613.3300222206162,56.0693749866914,6472.33645900269,81.2
1777158913,512,,Aggregated,5.300000,0.000000,360,450,880,890,1500,1900,1900,1900,1900,1900,1900,150,0,280,613.3300222206162,56.0693749866914,6472.33645900269,81.2
1777158914,512,GET,point_read,5.300000,0.000000,300,390,750,880,940,1900,1900,1900,1900,1900,1900,150,0,280,613.3300222206162,56.0693749866914,6472.33645900269,81.2
1777158914,512,,Aggregated,5.300000,0.000000,300,390,750,880,940,1900,1900,1900,1900,1900,1900,150,0,280,613.3300222206162,56.0693749866914,6472.33645900269,81.2
1777158915,512,GET,point_read,5.300000,0.000000,300,390,750,880,940,1900,1900,1900,1900,1900,1900,150,0,280,613.3300222206162,56.0693749866914,6472.33645900269,81.2
1777158915,512,,Aggregated,5.300000,0.000000,300,390,750,880,940,1900,1900,1900,1900,1900,1900,150,0,280,613.3300222206162,56.0693749866914,6472.33645900269,81.2
1777158916,512,GET,point_read,5.300000,0.000000,280,360,750,880,890,1900,1900,1900,1900,1900,1900,150,0,280,613.3300222206162,56.0693749866914,6472.33645900269,81.2
1777158916,512,,Aggregated,5.300000,0.000000,280,360,750,880,890,1900,1900,1900,1900,1900,1900,150,0,280,613.3300222206162,56.0693749866914,6472.33645900269,81.2
1777158917,512,GET,point_read,5.300000,0.000000,390,880,880,890,890,890,890,890,890,890,890,150,0,280,613.3300222206162,56.0693749866914,6472.33645900269,81.2
1777158917,512,,Aggregated,5.300000,0.000000,390,880,880,890,890,890,890,890,890,890,890,150,0,280,613.3300222206162,56.0693749866914,6472.33645900269,81.2
1777158918,512,GET,point_read,5.300000,0.000000,880,880,890,890,890,890,890,890,890,890,890,150,0,280,613.3300222206162,56.0693749866914,6472.33645900269,81.2
1777158918,512,,Aggregated,5.300000,0.000000,880,880,890,890,890,890,890,890,890,890,890,150,0,280,613.3300222206162,56.0693749866914,6472.33645900269,81.2
1777158919,512,GET,point_read,5.300000,0.000000,880,880,890,890,890,890,890,890,890,890,890,150,0,280,613.3300222206162,56.0693749866914,6472.33645900269,81.2
1777158919,512,,Aggregated,5.300000,0.000000,880,880,890,890,890,890,890,890,890,890,890,150,0,280,613.3300222206162,56.0693749866914,6472.33645900269,81.2
1777158920,512,GET,point_read,5.300000,0.000000,390,390,390,390,390,390,390,390,390,390,390,150,0,280,613.3300222206162,56.0693749866914,6472.33645900269,81.2
1777158920,512,,Aggregated,5.300000,0.000000,390,390,390,390,390,390,390,390,390,390,390,150,0,280,613.3300222206162,56.0693749866914,6472.33645900269,81.2
1777158921,512,GET,point_read,5.300000,0.000000,390,390,390,390,390,390,390,390,390,390,390,150,0,280,613.3300222206162,56.0693749866914,6472.33645900269,81.2
1777158921,512,,Aggregated,5.300000,0.000000,390,390,390,390,390,390,390,390,390,390,390,150,0,280,613.3300222206162,56.0693749866914,6472.33645900269,81.2
1777158922,512,GET,point_read,0.100000,0.000000,390,390,390,390,390,390,390,390,390,390,390,150,0,280,613.3300222206162,56.0693749866914,6472.33645900269,81.2
1777158922,512,GET,trips_per_route,0.000000,0.000000,0,0,0,0,0,0,0,0,0,0,0,1,0,21636.257709003985,21636.257709003985,21636.257709003985,21636.257709003985,373.0
1777158922,512,,Aggregated,0.100000,0.000000,22000,22000,22000,22000,22000,22000,22000,22000,22000,22000,22000,151,0,280,752.5547088880558,56.0693749866914,21636.257709003985,83.13245033112582
1777158923,512,GET,point_read,0.100000,0.000000,390,390,390,390,390,390,390,390,390,390,390,150,0,280,613.3300222206162,56.0693749866914,6472.33645900269,81.2
1777158923,512,GET,trips_per_route,0.000000,0.000000,0,0,0,0,0,0,0,0,0,0,0,1,0,21636.257709003985,21636.257709003985,21636.257709003985,21636.257709003985,373.0
1777158923,512,,Aggregated,0.100000,0.000000,22000,22000,22000,22000,22000,22000,22000,22000,22000,22000,22000,151,0,280,752.5547088880558,56.0693749866914,21636.257709003985,83.13245033112582
1777158924,512,GET,point_read,0.000000,0.000000,390,390,390,390,390,390,390,390,390,390,390,151,0,280,610.3957113647981,56.0693749866914,6472.33645900269,81.19867549668874
1777158924,512,GET,trips_per_route,0.000000,0.000000,35000,35000,35000,35000,35000,35000,35000,35000,35000,35000,35000,3,0,30000,29114.604916995933,21636.257709003985,35438.02549998509,370.6666666666667
1777158924,512,,Aggregated,0.000000,0.000000,22000,30000,30000,35000,35000,35000,35000,35000,35000,35000,35000,154,0,280,1165.6725140718981,56.0693749866914,35438.02549998509,86.83766233766234
1777158925,512,GET,point_read,0.000000,0.000000,410,410,2300,2300,2300,2300,2300,2300,2300,2300,2300,153,0,280,620.3333690071637,56.0693749866914,6472.33645900269,81.19607843137256
1777158925,512,GET,trips_per_route,0.100000,0.000000,36000,36000,38000,38000,38000,38000,38000,38000,38000,38000,38000,5,0,35000,32148.67939199903,21636.257709003985,37538.1465840037,371.4
1777158925,512,,Aggregated,0.100000,0.000000,22000,30000,35000,36000,38000,38000,38000,38000,38000,38000,38000,158,0,290,1618.0658380891848,56.0693749866914,37538.1465840037,90.37974683544304
1777158926,512,GET,point_read,0.000000,0.000000,410,580,580,2300,2300,2300,2300,2300,2300,2300,2300,154,0,280,620.0725349031432,56.0693749866914,6472.33645900269,81.1948051948052
1777158926,512,GET,trips_per_route,0.200000,0.000000,36000,36000,38000,38000,38000,38000,38000,38000,38000,38000,38000,5,0,35000,32148.67939199903,21636.257709003985,37538.1465840037,371.4
1777158926,512,,Aggregated,0.200000,0.000000,22000,30000,35000,36000,38000,38000,38000,38000,38000,38000,38000,159,0,290,1611.5381593401207,56.0693749866914,37538.1465840037,90.32075471698113
1777158927,512,GET,point_read,0.000000,0.000000,580,580,2300,2300,2300,2300,2300,2300,2300,2300,2300,154,0,280,620.0725349031432,56.0693749866914,6472.33645900269,81.1948051948052
1777158927,512,GET,trips_per_route,0.200000,0.000000,35000,36000,36000,38000,38000,38000,38000,38000,38000,38000,38000,6,0,30000,30993.71188216416,21636.257709003985,37538.1465840037,371.5
1777158927,512,,Aggregated,0.200000,0.000000,25000,30000,35000,36000,38000,38000,38000,38000,38000,38000,38000,160,0,290,1759.0840104254312,56.0693749866914,37538.1465840037,92.08125
1777158928,512,GET,point_read,0.000000,0.000000,580,580,2300,2300,2300,2300,2300,2300,2300,2300,2300,154,0,280,620.0725349031432,56.0693749866914,6472.33645900269,81.1948051948052
1777158928,512,GET,trips_per_route,0.200000,0.000000,35000,36000,36000,38000,38000,38000,38000,38000,38000,38000,38000,6,0,30000,30993.71188216416,21636.257709003985,37538.1465840037,371.5
1777158928,512,,Aggregated,0.200000,0.000000,25000,30000,35000,36000,38000,38000,38000,38000,38000,38000,38000,160,0,290,1759.0840104254312,56.0693749866914,37538.1465840037,92.08125
1777158929,512,GET,point_read,0.300000,0.000000,580,580,2300,2300,2300,2300,2300,2300,2300,2300,2300,154,0,280,620.0725349031432,56.0693749866914,6472.33645900269,81.1948051948052
1777158929,512,GET,trips_per_route,0.500000,0.000000,35000,35000,36000,36000,38000,38000,38000,38000,38000,38000,38000,7,0,30000,26966.248303714176,2801.466833014274,37538.1465840037,371.7142857142857
1777158929,512,,Aggregated,0.800000,0.000000,22000,30000,35000,35000,36000,38000,38000,38000,38000,38000,38000,161,0,290,1765.558437894927,56.0693749866914,37538.1465840037,93.82608695652173
1777158930,512,GET,point_read,0.300000,0.000000,580,580,2300,2300,2300,2300,2300,2300,2300,2300,2300,154,0,280,620.0725349031432,56.0693749866914,6472.33645900269,81.1948051948052
1777158930,512,GET,trips_per_route,0.500000,0.000000,35000,35000,36000,36000,38000,38000,38000,38000,38000,38000,38000,7,0,30000,26966.248303714176,2801.466833014274,37538.1465840037,371.7142857142857
1777158930,512,,Aggregated,0.800000,0.000000,22000,30000,35000,35000,36000,38000,38000,38000,38000,38000,38000,161,0,290,1765.558437894927,56.0693749866914,37538.1465840037,93.82608695652173
1777158931,512,GET,point_read,0.300000,0.000000,580,580,2300,2300,2300,2300,2300,2300,2300,2300,2300,154,0,280,620.0725349031432,56.0693749866914,6472.33645900269,81.1948051948052
1777158931,512,GET,trips_per_route,0.500000,0.000000,35000,35000,36000,36000,38000,38000,38000,38000,38000,38000,38000,7,0,30000,26966.248303714176,2801.466833014274,37538.1465840037,371.7142857142857
1777158931,512,,Aggregated,0.800000,0.000000,22000,30000,35000,35000,36000,38000,38000,38000,38000,38000,38000,161,0,290,1765.558437894927,56.0693749866914,37538.1465840037,93.82608695652173
1777158932,512,GET,large_scan,0.000000,0.000000,0,0,0,0,0,0,0,0,0,0,0,1,0,27706.795666977996,27706.795666977996,27706.795666977996,27706.795666977996,332473.0
1777158932,512,GET,point_read,0.400000,0.000000,580,580,2300,2300,2300,2300,2300,2300,2300,2300,2300,154,0,280,620.0725349031432,56.0693749866914,6472.33645900269,81.1948051948052
1777158932,512,GET,trips_per_route,0.700000,0.000000,35000,35000,36000,36000,38000,38000,38000,38000,38000,38000,38000,7,0,30000,26966.248303714176,2801.466833014274,37538.1465840037,371.7142857142857
1777158932,512,,Aggregated,1.100000,0.000000,25000,30000,35000,35000,36000,38000,38000,38000,38000,38000,38000,162,0,290,1925.6895319016128,56.0693749866914,37538.1465840037,2145.5493827160494
1777158933,512,GET,large_scan,0.000000,0.000000,0,0,0,0,0,0,0,0,0,0,0,1,0,27706.795666977996,27706.795666977996,27706.795666977996,27706.795666977996,332473.0
1777158933,512,GET,point_read,0.400000,0.000000,410,580,580,2300,2300,2300,2300,2300,2300,2300,2300,155,0,280,617.2555682844587,56.0693749866914,6472.33645900269,81.18709677419355
1777158933,512,GET,trips_per_route,0.700000,0.000000,35000,36000,36000,38000,38000,38000,38000,38000,38000,38000,38000,7,0,30000,26966.248303714176,2801.466833014274,37538.1465840037,371.7142857142857
1777158933,512,,Aggregated,1.100000,0.000000,2800,28000,35000,35000,36000,38000,38000,38000,38000,38000,38000,163,0,290,1915.0009010863087,56.0693749866914,37538.1465840037,2132.877300613497
1777158934,512,GET,large_scan,0.000000,0.000000,28000,28000,28000,28000,28000,28000,28000,28000,28000,28000,28000,1,0,27706.795666977996,27706.795666977996,27706.795666977996,27706.795666977996,332473.0
1777158934,512,GET,point_read,0.400000,0.000000,580,580,2300,2300,2300,2300,2300,2300,2300,2300,2300,155,0,280,617.2555682844587,56.0693749866914,6472.33645900269,81.18709677419355
1777158934,512,GET,trips_per_route,0.700000,0.000000,33000,36000,36000,38000,38000,38000,38000,38000,38000,38000,38000,8,0,30000,27757.861547001085,2801.466833014274,37538.1465840037,371.875
1777158934,512,,Aggregated,1.100000,0.000000,25000,28000,33000,36000,38000,38000,38000,38000,38000,38000,38000,164,0,290,2106.3676897992545,56.0693749866914,37538.1465840037,2122.1463414634145
1777158935,512,GET,bulk_update_departures,0.000000,0.000000,0,0,0,0,0,0,0,0,0,0,0,1,0,46881.65466598002,46881.65466598002,46881.65466598002,46881.65466598002,109.0
1777158935,512,GET,large_scan,0.100000,0.000000,28000,28000,28000,28000,28000,28000,28000,28000,28000,28000,28000,1,0,27706.795666977996,27706.795666977996,27706.795666977996,27706.795666977996,332473.0
1777158935,512,GET,point_read,0.500000,0.000000,580,580,580,580,580,580,580,580,580,580,580,155,0,280,617.2555682844587,56.0693749866914,6472.33645900269,81.18709677419355
1777158935,512,GET,trips_per_route,0.600000,0.000000,29000,29000,33000,33000,33000,33000,33000,33000,33000,33000,33000,9,0,30000,27930.05793989222,2801.466833014274,37538.1465840037,372.0
1777158935,512,,Aggregated,1.200000,0.000000,28000,29000,33000,33000,47000,47000,47000,47000,47000,47000,47000,166,0,290,2539.9613546751752,56.0693749866914,46881.65466598002,2099.4819277108436
1777158936,512,GET,bulk_update_departures,0.000000,0.000000,0,0,0,0,0,0,0,0,0,0,0,1,0,46881.65466598002,46881.65466598002,46881.65466598002,46881.65466598002,109.0
1777158936,512,GET,large_scan,0.100000,0.000000,28000,28000,28000,28000,28000,28000,28000,28000,28000,28000,28000,1,0,27706.795666977996,27706.795666977996,27706.795666977996,27706.795666977996,332473.0
1777158936,512,GET,point_read,0.500000,0.000000,580,580,580,580,580,580,580,580,580,580,580,155,0,280,617.2555682844587,56.0693749866914,6472.33645900269,81.18709677419355
1777158936,512,GET,trips_per_route,0.500000,0.000000,29000,33000,33000,46000,46000,46000,46000,46000,46000,46000,46000,10,0,30000,29694.98070430418,2801.466833014274,45579.28558401181,372.0
1777158936,512,,Aggregated,1.100000,0.000000,28000,29000,33000,46000,47000,47000,47000,47000,47000,47000,47000,167,0,300,2797.6818590424605,56.0693749866914,46881.65466598002,2089.1377245508984
1777158937,512,GET,bulk_update_departures,0.000000,0.000000,47000,47000,47000,47000,47000,47000,47000,47000,47000,47000,47000,1,0,46881.65466598002,46881.65466598002,46881.65466598002,46881.65466598002,109.0
1777158937,512,GET,large_scan,0.100000,0.000000,52000,52000,52000,52000,52000,52000,52000,52000,52000,52000,52000,2,0,28000,39864.49733348854,27706.795666977996,52022.19899999909,332473.0
1777158937,512,GET,point_read,0.400000,0.000000,580,580,580,580,580,580,580,580,580,580,580,155,0,280,617.2555682844587,56.0693749866914,6472.33645900269,81.18709677419355
1777158937,512,GET,trips_per_route,0.500000,0.000000,33000,33000,46000,46000,46000,46000,46000,46000,46000,46000,46000,10,0,30000,29694.98070430418,2801.466833014274,45579.28558401181,372.0
1777158937,512,,Aggregated,1.000000,0.000000,33000,46000,47000,47000,52000,52000,52000,52000,52000,52000,52000,168,0,300,3090.6849372624406,56.0693749866914,52022.19899999909,4055.7083333333335
1777158938,512,GET,bulk_update_departures,0.100000,0.000000,47000,47000,47000,47000,47000,47000,47000,47000,47000,47000,47000,2,0,47000,47012.35531248676,46881.65466598002,47143.0559589935,106.0
1777158938,512,GET,large_scan,0.100000,0.000000,52000,52000,52000,52000,52000,52000,52000,52000,52000,52000,52000,2,0,28000,39864.49733348854,27706.795666977996,52022.19899999909,332473.0
1777158938,512,GET,point_read,0.200000,0.000000,420,420,580,580,580,580,580,580,580,580,580,157,0,280,612.7681982554095,56.0693749866914,6472.33645900269,81.18471337579618
1777158938,512,GET,trips_per_route,0.400000,0.000000,33000,33000,46000,46000,46000,46000,46000,46000,46000,46000,46000,10,0,30000,29694.98070430418,2801.466833014274,45579.28558401181,372.0
1777158938,512,,Aggregated,0.800000,0.000000,29000,46000,47000,47000,47000,52000,52000,52000,52000,52000,52000,171,0,300,3315.2521605911797,56.0693749866914,52022.19899999909,3986.1052631578946
1777158939,512,GET,bulk_update_departures,0.100000,0.000000,47000,47000,47000,47000,47000,47000,47000,47000,47000,47000,47000,2,0,47000,47012.35531248676,46881.65466598002,47143.0559589935,106.0
1777158939,512,GET,large_scan,0.100000,0.000000,52000,52000,52000,52000,52000,52000,52000,52000,52000,52000,52000,2,0,28000,39864.49733348854,27706.795666977996,52022.19899999909,332473.0
1777158939,512,GET,point_read,0.100000,0.000000,180,180,420,420,3800,3800,3800,3800,3800,3800,3800,160,0,280,626.055893494231,56.0693749866914,6472.33645900269,81.18125
1777158939,512,GET,trips_per_route,0.400000,0.000000,33000,33000,46000,46000,46000,46000,46000,46000,46000,46000,46000,10,0,30000,29694.98070430418,2801.466833014274,45579.28558401181,372.0
1777158939,512,,Aggregated,0.700000,0.000000,28000,33000,46000,47000,47000,52000,52000,52000,52000,52000,52000,174,0,300,3280.8761798509736,56.0693749866914,52022.19899999909,3918.7758620689656
1777158940,512,GET,bulk_update_departures,0.200000,0.000000,47000,47000,47000,47000,47000,47000,47000,47000,47000,47000,47000,2,0,47000,47012.35531248676,46881.65466598002,47143.0559589935,106.0
1777158940,512,GET,large_scan,0.200000,0.000000,52000,52000,52000,52000,52000,52000,52000,52000,52000,52000,52000,2,0,28000,39864.49733348854,27706.795666977996,52022.19899999909,332473.0
1777158940,512,GET,next_departures,0.000000,0.000000,0,0,0,0,0,0,0,0,0,0,0,1,0,51073.36533398484,51073.36533398484,51073.36533398484,51073.36533398484,86.0
1777158940,512,GET,point_read,0.100000,0.000000,110,180,420,420,3800,3800,3800,3800,3800,3800,3800,161,0,280,622.5700851494406,56.0693749866914,6472.33645900269,81.1863354037267
1777158940,512,GET,trips_per_route,0.400000,0.000000,33000,33000,46000,46000,46000,46000,46000,46000,46000,46000,46000,10,0,30000,29694.98070430418,2801.466833014274,45579.28558401181,372.0
1777158940,512,,Aggregated,0.900000,0.000000,28000,33000,47000,47000,51000,52000,52000,52000,52000,52000,52000,176,0,300,3534.151485102484,56.0693749866914,52022.19899999909,3875.1988636363635
1777158941,512,GET,bulk_update_departures,0.200000,0.000000,47000,47000,47000,47000,47000,47000,47000,47000,47000,47000,47000,2,0,47000,47012.35531248676,46881.65466598002,47143.0559589935,106.0
1777158941,512,GET,large_scan,0.200000,0.000000,52000,52000,52000,52000,52000,52000,52000,52000,52000,52000,52000,2,0,28000,39864.49733348854,27706.795666977996,52022.19899999909,332473.0
1777158941,512,GET,next_departures,0.000000,0.000000,0,0,0,0,0,0,0,0,0,0,0,1,0,51073.36533398484,51073.36533398484,51073.36533398484,51073.36533398484,86.0
1777158941,512,GET,point_read,0.400000,0.000000,180,420,630,630,3800,3800,3800,3800,3800,3800,3800,162,0,280,622.6235745930297,56.0693749866914,6472.33645900269,81.18518518518519
1777158941,512,GET,trips_per_route,0.300000,0.000000,33000,33000,46000,46000,46000,46000,46000,46000,46000,46000,46000,10,0,30000,29694.98070430418,2801.466833014274,45579.28558401181,372.0
1777158941,512,,Aggregated,1.100000,0.000000,28000,33000,47000,47000,51000,52000,52000,52000,52000,52000,52000,177,0,300,3517.750829113266,56.0693749866914,52022.19899999909,3853.762711864407
1777158942,512,GET,bulk_update_departures,0.200000,0.000000,47000,47000,47000,47000,47000,47000,47000,47000,47000,47000,47000,2,0,47000,47012.35531248676,46881.65466598002,47143.0559589935,106.0
1777158942,512,GET,large_scan,0.200000,0.000000,52000,52000,52000,52000,52000,52000,52000,52000,52000,52000,52000,2,0,28000,39864.49733348854,27706.795666977996,52022.19899999909,332473.0
1777158942,512,GET,next_departures,0.000000,0.000000,51000,51000,51000,51000,51000,51000,51000,51000,51000,51000,51000,1,0,51073.36533398484,51073.36533398484,51073.36533398484,51073.36533398484,86.0
1777158942,512,GET,point_read,0.600000,0.000000,110,180,420,630,3800,3800,3800,3800,3800,3800,3800,163,0,280,619.2968376875396,56.0693749866914,6472.33645900269,81.19018404907976
1777158942,512,GET,trips_per_route,0.300000,0.000000,33000,33000,46000,46000,46000,46000,46000,46000,46000,46000,46000,10,0,30000,29694.98070430418,2801.466833014274,45579.28558401181,372.0
1777158942,512,,Aggregated,1.300000,0.000000,3800,33000,46000,47000,51000,52000,52000,52000,52000,52000,52000,178,0,300,3498.439675348574,56.0693749866914,52022.19899999909,3832.5730337078653
1777158943,512,GET,bulk_update_departures,0.200000,0.000000,47000,47000,47000,47000,47000,47000,47000,47000,47000,47000,47000,2,0,47000,47012.35531248676,46881.65466598002,47143.0559589935,106.0
1777158943,512,GET,large_scan,0.200000,0.000000,52000,52000,57000,57000,57000,57000,57000,57000,57000,57000,57000,3,0,52000,45457.21384732557,27706.795666977996,56642.64687499963,332471.3333333333
1777158943,512,GET,next_departures,0.100000,0.000000,51000,51000,51000,51000,51000,51000,51000,51000,51000,51000,51000,1,0,51073.36533398484,51073.36533398484,51073.36533398484,51073.36533398484,86.0
1777158943,512,GET,point_read,0.700000,0.000000,110,180,420,630,3800,3800,3800,3800,3800,3800,3800,163,0,280,619.2968376875396,56.0693749866914,6472.33645900269,81.19018404907976
1777158943,512,GET,trips_per_route,0.300000,0.000000,33000,33000,46000,46000,46000,46000,46000,46000,46000,46000,46000,10,0,30000,29694.98070430418,2801.466833014274,45579.28558401181,372.0
1777158943,512,,Aggregated,1.500000,0.000000,29000,46000,47000,47000,52000,57000,57000,57000,57000,57000,57000,179,0,300,3795.3346876371274,56.0693749866914,56642.64687499963,5668.525139664805
1777158944,512,GET,bulk_update_departures,0.200000,0.000000,47000,47000,47000,47000,47000,47000,47000,47000,47000,47000,47000,2,0,47000,47012.35531248676,46881.65466598002,47143.0559589935,106.0
1777158944,512,GET,large_scan,0.200000,0.000000,52000,52000,57000,57000,57000,57000,57000,57000,57000,57000,57000,3,0,52000,45457.21384732557,27706.795666977996,56642.64687499963,332471.3333333333
1777158944,512,GET,next_departures,0.100000,0.000000,51000,51000,51000,51000,51000,51000,51000,51000,51000,51000,51000,1,0,51073.36533398484,51073.36533398484,51073.36533398484,51073.36533398484,86.0
1777158944,512,GET,point_read,0.700000,0.000000,110,180,420,630,3800,3800,3800,3800,3800,3800,3800,163,0,280,619.2968376875396,56.0693749866914,6472.33645900269,81.19018404907976
1777158944,512,GET,trips_per_route,0.300000,0.000000,46000,46000,46000,46000,46000,46000,46000,46000,46000,46000,46000,10,0,30000,29694.98070430418,2801.466833014274,45579.28558401181,372.0
1777158944,512,,Aggregated,1.500000,0.000000,3800,46000,47000,51000,52000,57000,57000,57000,57000,57000,57000,179,0,300,3795.3346876371274,56.0693749866914,56642.64687499963,5668.525139664805
1777158945,512,GET,bulk_update_departures,0.200000,0.000000,47000,47000,47000,47000,47000,47000,47000,47000,47000,47000,47000,2,0,47000,47012.35531248676,46881.65466598002,47143.0559589935,106.0
1777158945,512,GET,large_scan,0.200000,0.000000,57000,57000,57000,57000,57000,57000,57000,57000,57000,57000,57000,3,0,52000,45457.21384732557,27706.795666977996,56642.64687499963,332471.3333333333
1777158945,512,GET,next_departures,0.100000,0.000000,51000,51000,51000,51000,51000,51000,51000,51000,51000,51000,51000,1,0,51073.36533398484,51073.36533398484,51073.36533398484,51073.36533398484,86.0
1777158945,512,GET,point_read,0.700000,0.000000,110,420,630,630,3800,3800,3800,3800,3800,3800,3800,163,0,280,619.2968376875396,56.0693749866914,6472.33645900269,81.19018404907976
1777158945,512,GET,trips_per_route,0.300000,0.000000,46000,46000,46000,46000,46000,46000,46000,46000,46000,46000,46000,10,0,30000,29694.98070430418,2801.466833014274,45579.28558401181,372.0
1777158945,512,,Aggregated,1.500000,0.000000,630,46000,47000,51000,52000,57000,57000,57000,57000,57000,57000,179,0,300,3795.3346876371274,56.0693749866914,56642.64687499963,5668.525139664805
1777158946,512,GET,bulk_update_departures,0.200000,0.000000,47000,47000,47000,47000,47000,47000,47000,47000,47000,47000,47000,2,0,47000,47012.35531248676,46881.65466598002,47143.0559589935,106.0
1777158946,512,GET,large_scan,0.200000,0.000000,57000,57000,57000,57000,57000,57000,57000,57000,57000,57000,57000,3,0,52000,45457.21384732557,27706.795666977996,56642.64687499963,332471.3333333333
1777158946,512,GET,next_departures,0.100000,0.000000,51000,51000,51000,51000,51000,51000,51000,51000,51000,51000,51000,1,0,51073.36533398484,51073.36533398484,51073.36533398484,51073.36533398484,86.0
1777158946,512,GET,point_read,0.700000,0.000000,110,420,630,630,3800,3800,3800,3800,3800,3800,3800,163,0,280,619.2968376875396,56.0693749866914,6472.33645900269,81.19018404907976
1777158946,512,GET,trips_per_route,0.300000,0.000000,46000,46000,46000,46000,46000,46000,46000,46000,46000,46000,46000,10,0,30000,29694.98070430418,2801.466833014274,45579.28558401181,372.0
1777158946,512,,Aggregated,1.500000,0.000000,630,3800,51000,51000,52000,57000,57000,57000,57000,57000,57000,179,0,300,3795.3346876371274,56.0693749866914,56642.64687499963,5668.525139664805
1777158947,512,GET,bulk_update_departures,0.200000,0.000000,47000,47000,47000,47000,47000,47000,47000,47000,47000,47000,47000,2,0,47000,47012.35531248676,46881.65466598002,47143.0559589935,106.0
1777158947,512,GET,large_scan,0.200000,0.000000,57000,57000,60000,60000,60000,60000,60000,60000,60000,60000,60000,4,0,52000,48999.146708491025,27706.795666977996,59624.94529198739,332471.75
1777158947,512,GET,next_departures,0.100000,0.000000,61000,61000,62000,62000,62000,62000,62000,62000,62000,62000,62000,3,0,61000,57890.09997232157,51073.36533398484,61693.960999982664,86.0
1777158947,512,GET,point_read,0.800000,0.000000,210,260,420,630,3800,3800,3800,3800,3800,3800,3800,165,0,280,614.6563785457561,56.0693749866914,6472.33645900269,81.18787878787879
1777158947,512,GET,trips_per_route,0.200000,0.000000,46000,46000,46000,46000,46000,46000,46000,46000,46000,46000,46000,10,0,30000,29694.98070430418,2801.466833014274,45579.28558401181,372.0
1777158947,512,,Aggregated,1.500000,0.000000,420,3800,57000,60000,61000,62000,62000,62000,62000,62000,62000,184,0,300,4685.107102603228,56.0693749866914,61693.960999982664,7323.222826086957
1777158948,512,GET,bulk_update_departures,0.100000,0.000000,47000,47000,47000,47000,47000,47000,47000,47000,47000,47000,47000,2,0,47000,47012.35531248676,46881.65466598002,47143.0559589935,106.0
1777158948,512,GET,large_scan,0.200000,0.000000,58000,58000,60000,60000,60000,60000,60000,60000,60000,60000,60000,5,0,57000,50883.622216794174,27706.795666977996,59624.94529198739,332472.0
1777158948,512,GET,next_departures,0.100000,0.000000,61000,61000,62000,62000,62000,62000,62000,62000,62000,62000,62000,3,0,61000,57890.09997232157,51073.36533398484,61693.960999982664,86.0
1777158948,512,GET,point_read,0.800000,0.000000,220,260,310,630,3800,3800,3800,3800,3800,3800,3800,167,0,280,610.4483565451189,56.0693749866914,6472.33645900269,81.18562874251496
1777158948,512,GET,trips_per_route,0.100000,0.000000,46000,46000,46000,46000,46000,46000,46000,46000,46000,46000,46000,10,0,30000,29694.98070430418,2801.466833014274,45579.28558401181,372.0
1777158948,512,,Aggregated,1.300000,0.000000,630,51000,58000,60000,61000,62000,62000,62000,62000,62000,62000,187,0,300,4925.175423593507,56.0693749866914,61693.960999982664,8984.534759358288
1777158949,512,GET,bulk_update_departures,0.100000,0.000000,47000,47000,47000,47000,47000,47000,47000,47000,47000,47000,47000,2,0,47000,47012.35531248676,46881.65466598002,47143.0559589935,106.0
1777158949,512,GET,large_scan,0.200000,0.000000,58000,58000,60000,60000,60000,60000,60000,60000,60000,60000,60000,5,0,57000,50883.622216794174,27706.795666977996,59624.94529198739,332472.0
1777158949,512,GET,next_departures,0.100000,0.000000,61000,61000,62000,62000,62000,62000,62000,62000,62000,62000,62000,4,0,61000,58583.2556252426,51073.36533398484,61693.960999982664,86.0
1777158949,512,GET,point_read,0.800000,0.000000,220,260,310,310,630,630,630,630,630,630,630,167,0,280,610.4483565451189,56.0693749866914,6472.33645900269,81.18562874251496
1777158949,512,GET,trips_per_route,0.000000,0.000000,46000,46000,46000,46000,46000,46000,46000,46000,46000,46000,46000,10,0,30000,29694.98070430418,2801.466833014274,45579.28558401181,372.0
1777158949,512,,Aggregated,1.200000,0.000000,51000,58000,60000,61000,61000,62000,62000,62000,62000,62000,62000,188,0,300,5221.6517382765505,56.0693749866914,61693.960999982664,8937.202127659575
1777158950,512,GET,bulk_update_departures,0.000000,0.000000,47000,47000,47000,47000,47000,47000,47000,47000,47000,47000,47000,2,0,47000,47012.35531248676,46881.65466598002,47143.0559589935,106.0
1777158950,512,GET,large_scan,0.200000,0.000000,58000,58000,60000,60000,60000,60000,60000,60000,60000,60000,60000,5,0,57000,50883.622216794174,27706.795666977996,59624.94529198739,332472.0
1777158950,512,GET,next_departures,0.300000,0.000000,61000,61000,62000,62000,62000,62000,62000,62000,62000,62000,62000,4,0,61000,58583.2556252426,51073.36533398484,61693.960999982664,86.0
1777158950,512,GET,point_read,1.000000,0.000000,220,260,310,310,630,630,630,630,630,630,630,168,0,280,607.5961428692348,56.0693749866914,6472.33645900269,81.18452380952381
1777158950,512,GET,trips_per_route,0.000000,0.000000,62000,62000,62000,62000,62000,62000,62000,62000,62000,62000,62000,11,0,33000,32653.20550391334,2801.466833014274,62235.45350000495,372.0
1777158950,512,,Aggregated,1.500000,0.000000,57000,60000,61000,61000,62000,62000,62000,62000,62000,62000,62000,190,0,300,5494.932930289437,56.0693749866914,62235.45350000495,8845.51052631579
1777158951,512,GET,bulk_update_departures,0.000000,0.000000,47000,47000,47000,47000,47000,47000,47000,47000,47000,47000,47000,3,0,47000,46447.070194320986,45316.499957989436,47143.0559589935,106.66666666666667
1777158951,512,GET,large_scan,0.300000,0.000000,58000,58000,60000,60000,60000,60000,60000,60000,60000,60000,60000,5,0,57000,50883.622216794174,27706.795666977996,59624.94529198739,332472.0
1777158951,512,GET,next_departures,0.300000,0.000000,61000,61000,62000,62000,62000,62000,62000,62000,62000,62000,62000,4,0,61000,58583.2556252426,51073.36533398484,61693.960999982664,86.0
1777158951,512,GET,point_read,0.900000,0.000000,220,220,260,260,310,310,310,310,310,310,310,168,0,280,607.5961428692348,56.0693749866914,6472.33645900269,81.18452380952381
1777158951,512,GET,trips_per_route,0.000000,0.000000,62000,62000,62000,62000,62000,62000,62000,62000,62000,62000,62000,11,0,33000,32653.20550391334,2801.466833014274,62235.45350000495,372.0
1777158951,512,,Aggregated,1.500000,0.000000,57000,60000,61000,61000,62000,62000,62000,62000,62000,62000,62000,191,0,310,5703.422810015615,56.0693749866914,62235.45350000495,8799.76439790576
1777158952,512,GET,bulk_update_departures,0.000000,0.000000,47000,47000,47000,47000,47000,47000,47000,47000,47000,47000,47000,3,0,47000,46447.070194320986,45316.499957989436,47143.0559589935,106.66666666666667
1777158952,512,GET,large_scan,0.300000,0.000000,58000,58000,60000,60000,60000,60000,60000,60000,60000,60000,60000,5,0,57000,50883.622216794174,27706.795666977996,59624.94529198739,332472.0
1777158952,512,GET,next_departures,0.300000,0.000000,61000,61000,62000,62000,62000,62000,62000,62000,62000,62000,62000,4,0,61000,58583.2556252426,51073.36533398484,61693.960999982664,86.0
1777158952,512,GET,point_read,0.900000,0.000000,220,220,260,260,310,310,310,310,310,310,310,168,0,280,607.5961428692348,56.0693749866914,6472.33645900269,81.18452380952381
1777158952,512,GET,trips_per_route,0.000000,0.000000,62000,62000,62000,62000,62000,62000,62000,62000,62000,62000,62000,11,0,33000,32653.20550391334,2801.466833014274,62235.45350000495,372.0
1777158952,512,,Aggregated,1.500000,0.000000,57000,60000,61000,61000,62000,62000,62000,62000,62000,62000,62000,191,0,310,5703.422810015615,56.0693749866914,62235.45350000495,8799.76439790576
1777158953,512,GET,bulk_update_departures,0.000000,0.000000,47000,47000,47000,47000,47000,47000,47000,47000,47000,47000,47000,3,0,47000,46447.070194320986,45316.499957989436,47143.0559589935,106.66666666666667
1777158953,512,GET,large_scan,0.300000,0.000000,58000,58000,60000,60000,60000,60000,60000,60000,60000,60000,60000,5,0,57000,50883.622216794174,27706.795666977996,59624.94529198739,332472.0
1777158953,512,GET,next_departures,0.300000,0.000000,61000,61000,62000,62000,62000,62000,62000,62000,62000,62000,62000,4,0,61000,58583.2556252426,51073.36533398484,61693.960999982664,86.0
1777158953,512,GET,point_read,0.900000,0.000000,220,220,260,260,310,310,310,310,310,310,310,168,0,280,607.5961428692348,56.0693749866914,6472.33645900269,81.18452380952381
1777158953,512,GET,trips_per_route,0.000000,0.000000,62000,62000,62000,62000,62000,62000,62000,62000,62000,62000,62000,11,0,33000,32653.20550391334,2801.466833014274,62235.45350000495,372.0
1777158953,512,,Aggregated,1.500000,0.000000,57000,60000,61000,61000,62000,62000,62000,62000,62000,62000,62000,191,0,310,5703.422810015615,56.0693749866914,62235.45350000495,8799.76439790576
1777158954,512,GET,bulk_update_departures,0.100000,0.000000,45000,45000,45000,45000,45000,45000,45000,45000,45000,45000,45000,3,0,47000,46447.070194320986,45316.499957989436,47143.0559589935,106.66666666666667
1777158954,512,GET,large_scan,0.300000,0.000000,58000,58000,60000,60000,60000,60000,60000,60000,60000,60000,60000,6,0,55000,51528.56406949771,27706.795666977996,59624.94529198739,332472.1666666667
1777158954,512,GET,next_departures,0.300000,0.000000,61000,61000,62000,62000,62000,62000,62000,62000,62000,62000,62000,4,0,61000,58583.2556252426,51073.36533398484,61693.960999982664,86.0
1777158954,512,GET,point_read,0.600000,0.000000,220,260,260,310,310,310,310,310,310,310,310,168,0,280,607.5961428692348,56.0693749866914,6472.33645900269,81.18452380952381
1777158954,512,GET,trips_per_route,0.100000,0.000000,62000,62000,62000,62000,62000,62000,62000,62000,62000,62000,62000,11,0,33000,32653.20550391334,2801.466833014274,62235.45350000495,372.0
1777158954,512,,Aggregated,1.400000,0.000000,57000,60000,61000,61000,62000,62000,62000,62000,62000,62000,62000,192,0,310,5958.890781489572,56.0693749866914,62235.45350000495,10485.5625
1777158955,512,GET,bulk_update_departures,0.100000,0.000000,68000,68000,68000,68000,68000,68000,68000,68000,68000,68000,68000,4,0,47000,51957.02603124664,45316.499957989436,68486.89354202361,105.75
1777158955,512,GET,large_scan,0.300000,0.000000,58000,58000,60000,60000,60000,60000,60000,60000,60000,60000,60000,6,0,55000,51528.56406949771,27706.795666977996,59624.94529198739,332472.1666666667
1777158955,512,GET,next_departures,0.300000,0.000000,62000,62000,69000,69000,69000,69000,69000,69000,69000,69000,69000,5,0,61000,60637.59575019358,51073.36533398484,68854.95624999749,86.0
1777158955,512,GET,point_read,0.500000,0.000000,220,240,260,260,310,310,310,310,310,310,310,170,0,280,602.2180943766965,56.0693749866914,6472.33645900269,81.19411764705882
1777158955,512,GET,trips_per_route,0.100000,0.000000,62000,62000,62000,62000,62000,62000,62000,62000,62000,62000,62000,11,0,33000,32653.20550391334,2801.466833014274,62235.45350000495,372.0
1777158955,512,,Aggregated,1.300000,0.000000,55000,61000,61000,62000,68000,69000,69000,69000,69000,69000,69000,196,0,310,6539.539815714417,56.0693749866914,68854.95624999749,10273.372448979591
1777158956,512,GET,bulk_update_departures,0.100000,0.000000,68000,68000,68000,68000,68000,68000,68000,68000,68000,68000,68000,4,0,47000,51957.02603124664,45316.499957989436,68486.89354202361,105.75
1777158956,512,GET,large_scan,0.200000,0.000000,60000,60000,68000,68000,68000,68000,68000,68000,68000,68000,68000,7,0,57000,53952.51632142962,27706.795666977996,68496.22983302106,332472.28571428574
1777158956,512,GET,next_departures,0.300000,0.000000,62000,68000,68000,69000,69000,69000,69000,69000,69000,69000,69000,6,0,61000,61900.64559749347,51073.36533398484,68854.95624999749,85.16666666666667
1777158956,512,GET,point_read,0.500000,0.000000,220,240,260,260,310,310,310,310,310,310,310,171,0,280,599.0921795909084,56.0693749866914,6472.33645900269,81.19883040935673
1777158956,512,GET,trips_per_route,0.100000,0.000000,62000,62000,62000,62000,62000,62000,62000,62000,62000,62000,62000,11,0,33000,32653.20550391334,2801.466833014274,62235.45350000495,372.0
1777158956,512,,Aggregated,1.200000,0.000000,58000,61000,62000,68000,68000,69000,69000,69000,69000,69000,69000,199,0,310,7128.289523683652,56.0693749866914,68854.95624999749,11790.035175879397
1777158957,512,GET,bulk_update_departures,0.100000,0.000000,69000,69000,72000,72000,72000,72000,72000,72000,72000,72000,72000,6,0,47000,58101.36817366098,45316.499957989436,71979.87224999815,104.83333333333333
1777158957,512,GET,large_scan,0.300000,0.000000,58000,58000,68000,68000,68000,68000,68000,68000,68000,68000,68000,7,0,57000,53952.51632142962,27706.795666977996,68496.22983302106,332472.28571428574
1777158957,512,GET,next_departures,0.300000,0.000000,62000,68000,68000,69000,69000,69000,69000,69000,69000,69000,69000,6,0,61000,61900.64559749347,51073.36533398484,68854.95624999749,85.16666666666667
1777158957,512,GET,point_read,0.500000,0.000000,220,220,240,240,310,310,310,310,310,310,310,171,0,280,599.0921795909084,56.0693749866914,6472.33645900269,81.19883040935673
1777158957,512,GET,trips_per_route,0.100000,0.000000,62000,62000,62000,62000,62000,62000,62000,62000,62000,62000,62000,11,0,33000,32653.20550391334,2801.466833014274,62235.45350000495,372.0
1777158957,512,,Aggregated,1.300000,0.000000,58000,68000,68000,68000,69000,72000,72000,72000,72000,72000,72000,201,0,310,7757.759801641921,56.0693749866914,71979.87224999815,11673.746268656716
1777158958,512,GET,bulk_update_departures,0.200000,0.000000,70000,71000,72000,72000,72000,72000,72000,72000,72000,72000,72000,9,0,69000,62397.67040743674,45316.499957989436,72237.10462500458,104.77777777777777
1777158958,512,GET,large_scan,0.300000,0.000000,58000,58000,68000,68000,68000,68000,68000,68000,68000,68000,68000,7,0,57000,53952.51632142962,27706.795666977996,68496.22983302106,332472.28571428574
1777158958,512,GET,next_departures,0.400000,0.000000,68000,68000,69000,69000,69000,69000,69000,69000,69000,69000,69000,7,0,62000,62296.944137134626,51073.36533398484,68854.95624999749,85.42857142857143
1777158958,512,GET,point_read,0.700000,0.000000,220,240,260,260,310,310,310,310,310,310,310,173,0,270,594.5841030927975,56.0693749866914,6472.33645900269,81.19653179190752
1777158958,512,GET,trips_per_route,0.100000,0.000000,62000,62000,62000,62000,62000,62000,62000,62000,62000,62000,62000,11,0,33000,32653.20550391334,2801.466833014274,62235.45350000495,372.0
1777158958,512,,Aggregated,1.700000,0.000000,65000,68000,69000,70000,72000,72000,72000,72000,72000,72000,72000,207,0,310,8876.200807995077,56.0693749866914,72237.10462500458,11338.096618357487
1777158959,512,GET,bulk_update_departures,0.200000,0.000000,71000,72000,72000,72000,72000,72000,72000,72000,72000,72000,72000,10,0,69000,63309.59708339069,45316.499957989436,72237.10462500458,105.1
1777158959,512,GET,large_scan,0.400000,0.000000,58000,58000,68000,68000,68000,68000,68000,68000,68000,68000,68000,7,0,57000,53952.51632142962,27706.795666977996,68496.22983302106,332472.28571428574
1777158959,512,GET,next_departures,0.500000,0.000000,69000,69000,70000,70000,70000,70000,70000,70000,70000,70000,70000,9,0,65000,64003.51202788362,51073.36533398484,70403.95845801686,85.0
1777158959,512,GET,point_read,0.800000,0.000000,160,240,260,260,260,260,260,260,260,260,260,174,0,270,592.6598481898833,56.0693749866914,6472.33645900269,81.20114942528735
1777158959,512,GET,trips_per_route,0.100000,0.000000,62000,62000,62000,62000,62000,62000,62000,62000,62000,62000,62000,11,0,33000,32653.20550391334,2801.466833014274,62235.45350000495,372.0
1777158959,512,,Aggregated,2.000000,0.000000,68000,69000,70000,70000,72000,72000,72000,72000,72000,72000,72000,211,0,340,9711.389893189351,56.0693749866914,72237.10462500458,11124.848341232228
1777158960,512,GET,bulk_update_departures,0.400000,0.000000,71000,72000,72000,72000,72000,72000,72000,72000,72000,72000,72000,10,0,69000,63309.59708339069,45316.499957989436,72237.10462500458,105.1
1777158960,512,GET,large_scan,0.300000,0.000000,58000,58000,68000,68000,68000,68000,68000,68000,68000,68000,68000,7,0,57000,53952.51632142962,27706.795666977996,68496.22983302106,332472.28571428574
1777158960,512,GET,next_departures,0.300000,0.000000,69000,69000,70000,70000,70000,70000,70000,70000,70000,70000,70000,9,0,65000,64003.51202788362,51073.36533398484,70403.95845801686,85.0
1777158960,512,GET,point_read,0.600000,0.000000,260,790,2400,3500,67000,71000,71000,71000,71000,71000,71000,182,0,280,1369.7058937749327,56.0693749866914,71456.21833301266,81.21428571428571
1777158960,512,GET,trips_per_route,0.100000,0.000000,62000,62000,62000,62000,62000,62000,62000,62000,62000,62000,62000,11,0,33000,32653.20550391334,2801.466833014274,62235.45350000495,372.0
1777158960,512,,Aggregated,1.700000,0.000000,65000,69000,70000,70000,72000,72000,72000,72000,72000,72000,72000,219,0,360,10024.04989289932,56.0693749866914,72237.10462500458,10721.438356164384
1777158961,512,GET,bulk_update_departures,0.700000,0.000000,71000,71000,72000,72000,72000,72000,72000,72000,72000,72000,72000,11,0,70000,64016.445458356015,45316.499957989436,72237.10462500458,104.9090909090909
1777158961,512,GET,large_scan,0.200000,0.000000,68000,68000,68000,68000,68000,68000,68000,68000,68000,68000,68000,7,0,57000,53952.51632142962,27706.795666977996,68496.22983302106,332472.28571428574
1777158961,512,GET,next_departures,0.400000,0.000000,69000,69000,70000,70000,70000,70000,70000,70000,70000,70000,70000,9,0,65000,64003.51202788362,51073.36533398484,70403.95845801686,85.0
1777158961,512,GET,point_read,0.600000,0.000000,240,790,1100,2400,67000,71000,71000,71000,71000,71000,71000,184,0,270,1356.1191200220176,56.0693749866914,71456.21833301266,81.21739130434783
1777158961,512,GET,trips_per_route,0.100000,0.000000,62000,62000,62000,62000,62000,62000,62000,62000,62000,62000,62000,11,0,33000,32653.20550391334,2801.466833014274,62235.45350000495,372.0
1777158961,512,,Aggregated,2.000000,0.000000,65000,69000,70000,70000,71000,72000,72000,72000,72000,72000,72000,222,0,350,10209.870725990873,56.0693749866914,72237.10462500458,10577.752252252252
1777158962,512,GET,bulk_update_departures,0.800000,0.000000,71000,71000,72000,72000,72000,72000,72000,72000,72000,72000,72000,12,0,69000,64441.61545141105,45316.499957989436,72237.10462500458,104.75
1777158962,512,GET,large_scan,0.200000,0.000000,68000,68000,76000,76000,76000,76000,76000,76000,76000,76000,76000,8,0,57000,56675.420880252204,27706.795666977996,75735.75279201032,332472.375
1777158962,512,GET,next_departures,0.500000,0.000000,70000,70000,75000,75000,77000,77000,77000,77000,77000,77000,77000,12,0,65000,65917.56046541559,51073.36533398484,77286.24350001337,84.33333333333333
1777158962,512,GET,point_read,0.700000,0.000000,260,790,2400,2400,67000,71000,71000,71000,71000,71000,71000,184,0,270,1356.1191200220176,56.0693749866914,71456.21833301266,81.21739130434783
1777158962,512,GET,trips_per_route,0.100000,0.000000,62000,62000,62000,62000,62000,62000,62000,62000,62000,62000,62000,12,0,30000,32338.98283342084,2801.466833014274,62235.45350000495,372.0833333333333
1777158962,512,,Aggregated,2.300000,0.000000,67000,69000,70000,71000,72000,76000,77000,77000,77000,77000,77000,228,0,370,11646.084167232624,56.0693749866914,77286.24350001337,11760.776315789473
1777158963,512,GET,bulk_update_departures,0.800000,0.000000,71000,72000,72000,72000,73000,73000,73000,73000,73000,73000,73000,13,0,70000,65095.514810917215,45316.499957989436,72942.3071249912,104.61538461538461
1777158963,512,GET,large_scan,0.200000,0.000000,68000,68000,76000,76000,76000,76000,76000,76000,76000,76000,76000,8,0,57000,56675.420880252204,27706.795666977996,75735.75279201032,332472.375
1777158963,512,GET,next_departures,0.500000,0.000000,70000,75000,75000,75000,76000,77000,77000,77000,77000,77000,77000,15,0,69000,67566.69016119947,51073.36533398484,77286.24350001337,84.33333333333333
1777158963,512,GET,point_read,1.400000,0.000000,260,750,1100,2400,67000,71000,71000,71000,71000,71000,71000,188,0,270,1334.5567143195249,56.0693749866914,71456.21833301266,81.2127659574468
1777158963,512,GET,trips_per_route,0.000000,0.000000,62000,62000,62000,62000,62000,62000,62000,62000,62000,62000,62000,12,0,30000,32338.98283342084,2801.466833014274,62235.45350000495,372.0833333333333
1777158963,512,,Aggregated,2.900000,0.000000,68000,70000,71000,72000,75000,76000,77000,77000,77000,77000,77000,236,0,370,12508.940119894292,56.0693749866914,77286.24350001337,11364.987288135593
1777158965,512,GET,bulk_update_departures,0.800000,0.000000,71000,72000,72000,72000,73000,73000,73000,73000,73000,73000,73000,13,0,70000,65095.514810917215,45316.499957989436,72942.3071249912,104.61538461538461
1777158965,512,GET,large_scan,0.200000,0.000000,76000,76000,76000,76000,76000,76000,76000,76000,76000,76000,76000,8,0,57000,56675.420880252204,27706.795666977996,75735.75279201032,332472.375
1777158965,512,GET,next_departures,0.500000,0.000000,75000,75000,76000,76000,77000,79000,79000,79000,79000,79000,79000,17,0,70000,68751.46099764456,51073.36533398484,78891.56779198674,84.52941176470588
1777158965,512,GET,point_read,1.600000,0.000000,260,750,1100,2400,67000,71000,71000,71000,71000,71000,71000,189,0,280,1331.2700255772422,56.0693749866914,71456.21833301266,81.2063492063492
1777158965,512,GET,trips_per_route,0.000000,0.000000,62000,62000,62000,62000,62000,62000,62000,62000,62000,62000,62000,12,0,30000,32338.98283342084,2801.466833014274,62235.45350000495,372.0833333333333
1777158965,512,,Aggregated,3.100000,0.000000,68000,71000,72000,72000,76000,76000,79000,79000,79000,79000,79000,239,0,410,13004.59299321777,56.0693749866914,78891.56779198674,11223.384937238494
1777158966,512,GET,bulk_update_departures,0.900000,0.000000,71000,72000,72000,72000,73000,73000,73000,73000,73000,73000,73000,13,0,70000,65095.514810917215,45316.499957989436,72942.3071249912,104.61538461538461
1777158966,512,GET,large_scan,0.300000,0.000000,70000,70000,76000,76000,76000,76000,76000,76000,76000,76000,76000,9,0,58000,58112.85200922349,27706.795666977996,75735.75279201032,332472.44444444444
1777158966,512,GET,next_departures,0.800000,0.000000,75000,76000,79000,79000,79000,79000,79000,79000,79000,79000,79000,20,0,70000,70281.97535834624,51073.36533398484,79383.70358297834,84.75
1777158966,512,GET,point_read,1.600000,0.000000,260,710,790,1100,3500,67000,71000,71000,71000,71000,71000,191,0,270,1317.999212477077,56.0693749866914,71456.21833301266,81.20942408376963
1777158966,512,GET,trips_per_route,0.100000,0.000000,29000,29000,29000,29000,29000,29000,29000,29000,29000,29000,29000,12,0,30000,32338.98283342084,2801.466833014274,62235.45350000495,372.0833333333333
1777158966,512,,Aggregated,3.700000,0.000000,69000,71000,72000,75000,77000,79000,79000,79000,79000,79000,79000,245,0,420,13937.561270922575,56.0693749866914,79383.70358297834,12307.277551020408
1777158967,512,GET,bulk_update_departures,1.000000,0.000000,72000,72000,73000,73000,77000,77000,77000,77000,77000,77000,77000,14,0,70000,65973.9666726382,45316.499957989436,77393.84087501094,104.85714285714286
1777158967,512,GET,large_scan,0.300000,0.000000,70000,76000,76000,78000,78000,78000,78000,78000,78000,78000,78000,11,0,60000,60648.47380309419,27706.795666977996,78234.56741700647,332472.63636363635
1777158967,512,GET,next_departures,1.100000,0.000000,76000,77000,79000,79000,79000,79000,79000,79000,79000,79000,79000,22,0,70000,70469.58823104134,51073.36533398484,79383.70358297834,84.63636363636364
1777158967,512,GET,point_read,2.000000,0.000000,260,710,790,1100,3500,67000,71000,71000,71000,71000,71000,192,0,270,1311.4713218340814,56.0693749866914,71456.21833301266,81.20833333333333
1777158967,512,GET,trips_per_route,0.100000,0.000000,29000,29000,29000,29000,29000,29000,29000,29000,29000,29000,29000,12,0,30000,32338.98283342084,2801.466833014274,62235.45350000495,372.0833333333333
1777158967,512,,Aggregated,4.500000,0.000000,69000,72000,75000,76000,78000,79000,79000,79000,79000,79000,79000,251,0,450,15063.625394928576,56.0693749866914,79383.70358297834,14663.689243027888
1777158968,512,GET,bulk_update_departures,1.000000,0.000000,72000,73000,73000,77000,77000,77000,77000,77000,77000,77000,77000,14,0,70000,65973.9666726382,45316.499957989436,77393.84087501094,104.85714285714286
1777158968,512,GET,large_scan,0.200000,0.000000,68000,70000,76000,76000,78000,78000,78000,78000,78000,78000,78000,13,0,66000,61588.43778215501,27706.795666977996,78234.56741700647,332472.3076923077
1777158968,512,GET,next_departures,1.300000,0.000000,76000,78000,79000,79000,79000,80000,81000,81000,81000,81000,81000,29,0,72000,71173.87995686069,51073.36533398484,80580.3635000193,84.65517241379311
1777158968,512,GET,point_read,2.100000,0.000000,340,750,1100,2400,9300,67000,71000,71000,71000,71000,71000,195,0,270,1342.253060682635,56.0693749866914,71456.21833301266,81.2
1777158968,512,GET,trips_per_route,0.100000,0.000000,29000,29000,29000,29000,29000,29000,29000,29000,29000,29000,29000,12,0,30000,32338.98283342084,2801.466833014274,62235.45350000495,372.0833333333333
1777158968,512,,Aggregated,4.700000,0.000000,67000,72000,76000,77000,79000,79000,80000,81000,81000,81000,81000,263,0,550,16875.037582388108,56.0693749866914,80580.3635000193,16526.091254752853
1777158969,512,GET,bulk_update_departures,0.900000,0.000000,72000,72000,73000,73000,77000,77000,77000,77000,77000,77000,77000,15,0,70000,66069.51714726358,45316.499957989436,77393.84087501094,104.73333333333333
1777158969,512,GET,large_scan,0.300000,0.000000,70000,76000,78000,78000,82000,82000,82000,82000,82000,82000,82000,14,0,66000,63017.34267864335,27706.795666977996,81593.10633299174,332472.35714285716
1777158969,512,GET,next_departures,1.500000,0.000000,76000,78000,79000,79000,79000,80000,81000,81000,81000,81000,81000,30,0,72000,71282.47173189884,51073.36533398484,80580.3635000193,84.7
1777158969,512,GET,point_read,2.100000,0.000000,250,570,790,1100,9300,67000,71000,71000,71000,71000,71000,201,0,260,1309.2220364883021,56.0693749866914,71456.21833301266,81.19900497512438
1777158969,512,GET,trips_per_route,0.100000,0.000000,29000,29000,29000,29000,29000,29000,29000,29000,29000,29000,29000,12,0,30000,32338.98283342084,2801.466833014274,62235.45350000495,372.0833333333333
1777158969,512,,Aggregated,4.900000,0.000000,66000,72000,76000,77000,79000,79000,81000,82000,82000,82000,82000,272,0,480,17143.31297794899,56.0693749866914,81593.10633299174,17204.084558823528
1777158970,512,GET,bulk_update_departures,1.000000,0.000000,69000,71000,73000,73000,77000,77000,77000,77000,77000,77000,77000,17,0,69000,66273.31779417342,45316.499957989436,77393.84087501094,105.11764705882354
1777158970,512,GET,large_scan,0.400000,0.000000,70000,76000,78000,78000,82000,82000,82000,82000,82000,82000,82000,14,0,66000,63017.34267864335,27706.795666977996,81593.10633299174,332472.35714285716
1777158970,512,GET,next_departures,1.600000,0.000000,76000,78000,79000,79000,79000,80000,81000,81000,81000,81000,81000,30,0,72000,71282.47173189884,51073.36533398484,80580.3635000193,84.7
1777158970,512,GET,point_read,2.100000,0.000000,250,260,340,460,710,750,9300,9300,9300,9300,9300,206,0,260,1284.3370592724295,56.0693749866914,71456.21833301266,81.20873786407768
1777158970,512,GET,trips_per_route,0.100000,0.000000,29000,29000,29000,29000,29000,29000,29000,29000,29000,29000,29000,12,0,30000,32338.98283342084,2801.466833014274,62235.45350000495,372.0833333333333
1777158970,512,,Aggregated,5.200000,0.000000,66000,72000,76000,77000,79000,80000,81000,82000,82000,82000,82000,279,0,460,17204.31749164907,56.0693749866914,81593.10633299174,16774.677419354837
1777158971,512,GET,bulk_update_departures,0.600000,0.000000,69000,69000,73000,73000,77000,77000,77000,77000,77000,77000,77000,17,0,69000,66273.31779417342,45316.499957989436,77393.84087501094,105.11764705882354
1777158971,512,GET,large_scan,0.700000,0.000000,70000,76000,78000,78000,82000,82000,82000,82000,82000,82000,82000,14,0,66000,63017.34267864335,27706.795666977996,81593.10633299174,332472.35714285716
1777158971,512,GET,next_departures,2.300000,0.000000,77000,79000,79000,80000,83000,83000,84000,84000,84000,84000,84000,37,0,75000,72658.48467680877,51073.36533398484,84407.41745798732,84.67567567567568
1777158971,512,GET,point_read,2.800000,0.000000,250,260,290,340,710,750,9300,9300,9300,9300,9300,208,0,260,1274.410754813009,56.0693749866914,71456.21833301266,81.20673076923077
1777158971,512,GET,trips_per_route,0.100000,0.000000,29000,29000,29000,29000,29000,29000,29000,29000,29000,29000,29000,12,0,30000,32338.98283342084,2801.466833014274,62235.45350000495,372.0833333333333
1777158971,512,,Aggregated,6.500000,0.000000,67000,75000,77000,78000,80000,83000,83000,84000,84000,84000,84000,288,0,520,18577.77209738207,56.0693749866914,84407.41745798732,16253.086805555555
1777158972,512,GET,bulk_update_departures,0.600000,0.000000,69000,73000,73000,77000,77000,77000,77000,77000,77000,77000,77000,17,0,69000,66273.31779417342,45316.499957989436,77393.84087501094,105.11764705882354
1777158972,512,GET,large_scan,0.700000,0.000000,78000,82000,83000,84000,84000,86000,86000,86000,86000,86000,86000,20,0,67000,68248.10017095151,27706.795666977996,85909.6641659853,332472.05
1777158972,512,GET,next_departures,2.300000,0.000000,77000,79000,79000,81000,83000,83000,84000,84000,84000,84000,84000,37,0,75000,72658.48467680877,51073.36533398484,84407.41745798732,84.67567567567568
1777158972,512,GET,point_read,2.800000,0.000000,240,260,340,350,710,1400,9300,9300,9300,9300,9300,216,0,260,1239.753504449591,56.0693749866914,71456.21833301266,81.2175925925926
1777158972,512,GET,trips_per_route,0.100000,0.000000,29000,29000,29000,29000,29000,29000,29000,29000,29000,29000,29000,12,0,30000,32338.98283342084,2801.466833014274,62235.45350000495,372.0833333333333
1777158972,512,,Aggregated,6.500000,0.000000,66000,74000,78000,79000,83000,84000,84000,86000,86000,86000,86000,302,0,520,19323.930099086305,56.0693749866914,85909.6641659853,22107.1821192053
1777158973,512,GET,bulk_update_departures,0.700000,0.000000,69000,73000,73000,77000,77000,77000,77000,77000,77000,77000,77000,17,0,69000,66273.31779417342,45316.499957989436,77393.84087501094,105.11764705882354
1777158973,512,GET,large_scan,0.700000,0.000000,82000,83000,84000,84000,86000,86000,86000,86000,86000,86000,86000,21,0,68000,69083.41986919238,27706.795666977996,85909.6641659853,332472.09523809527
1777158973,512,GET,next_departures,2.100000,0.000000,78000,79000,81000,83000,84000,86000,86000,86000,86000,86000,86000,44,0,75000,73484.28018842968,51073.36533398484,86415.13824998401,84.43181818181819
1777158973,512,GET,point_read,3.200000,0.000000,210,250,260,290,570,1400,9300,9300,9300,9300,9300,221,0,250,1213.6633373034183,56.0693749866914,71456.21833301266,81.22171945701358
1777158973,512,GET,trips_per_route,0.100000,0.000000,30000,30000,30000,30000,30000,30000,30000,30000,30000,30000,30000,13,0,30000,32176.846798157876,2801.466833014274,62235.45350000495,372.15384615384613
1777158973,512,,Aggregated,6.800000,0.000000,66000,76000,79000,80000,83000,86000,86000,86000,86000,86000,86000,316,0,560,20560.839094825955,56.0693749866914,86415.13824998401,22184.189873417723
1777158974,512,GET,bulk_update_departures,0.700000,0.000000,67000,69000,69000,77000,77000,77000,77000,77000,77000,77000,77000,18,0,69000,66275.49972227523,45316.499957989436,77393.84087501094,105.27777777777777
1777158974,512,GET,large_scan,0.700000,0.000000,82000,83000,84000,84000,86000,86000,86000,86000,86000,86000,86000,22,0,68000,69478.84500963846,27706.795666977996,85909.6641659853,332471.9090909091
1777158974,512,GET,next_departures,2.700000,0.000000,79000,80000,83000,83000,85000,86000,86000,86000,86000,86000,86000,47,0,75000,73925.81550884889,51073.36533398484,86415.13824998401,84.53191489361703
1777158974,512,GET,point_read,2.500000,0.000000,190,250,260,290,570,1400,83000,83000,83000,83000,83000,230,0,250,1533.4590882262842,56.0693749866914,83059.34441601858,81.22608695652174
1777158974,512,GET,trips_per_route,0.100000,0.000000,29000,29000,30000,30000,30000,30000,30000,30000,30000,30000,30000,14,0,30000,30927.479631003476,2801.466833014274,62235.45350000495,372.2142857142857
1777158974,512,,Aggregated,6.700000,0.000000,66000,73000,79000,80000,83000,85000,86000,86000,86000,86000,86000,331,0,560,21092.710632190312,56.0693749866914,86415.13824998401,22187.743202416917
1777158975,512,GET,bulk_update_departures,0.600000,0.000000,67000,69000,69000,77000,77000,77000,77000,77000,77000,77000,77000,18,0,69000,66275.49972227523,45316.499957989436,77393.84087501094,105.27777777777777
1777158975,512,GET,large_scan,1.300000,0.000000,82000,83000,84000,84000,86000,86000,86000,86000,86000,86000,86000,23,0,70000,69626.73186430703,27706.795666977996,85909.6641659853,332471.95652173914
1777158975,512,GET,next_departures,2.800000,0.000000,77000,81000,83000,83000,85000,86000,86000,86000,86000,86000,86000,51,0,75000,73952.54249999802,51073.36533398484,86415.13824998401,84.3529411764706
1777158975,512,GET,point_read,3.200000,0.000000,190,250,260,290,570,1400,83000,83000,83000,83000,83000,233,0,250,1515.1484066525788,55.75429101008922,83059.34441601858,81.23175965665236
1777158975,512,GET,trips_per_route,0.100000,0.000000,29000,29000,30000,30000,30000,30000,30000,30000,30000,30000,30000,14,0,30000,30927.479631003476,2801.466833014274,62235.45350000495,372.2142857142857
1777158975,512,,Aggregated,8.000000,0.000000,66000,73000,78000,81000,84000,86000,86000,86000,86000,86000,86000,339,0,560,21687.220616413026,55.75429101008922,86415.13824998401,22646.578171091445
1777158976,512,GET,bulk_update_departures,0.500000,0.000000,67000,69000,69000,77000,77000,77000,77000,77000,77000,77000,77000,18,0,69000,66275.49972227523,45316.499957989436,77393.84087501094,105.27777777777777
1777158976,512,GET,large_scan,1.300000,0.000000,82000,83000,84000,84000,86000,86000,86000,86000,86000,86000,86000,24,0,70000,69842.73608525352,27706.795666977996,85909.6641659853,332472.0
1777158976,512,GET,next_departures,3.200000,0.000000,78000,83000,83000,84000,86000,86000,90000,90000,90000,90000,90000,57,0,75000,74217.46431505143,49060.80854102038,89584.48458299972,84.43859649122807
1777158976,512,GET,point_read,3.700000,0.000000,150,210,250,260,460,1400,9300,83000,83000,83000,83000,243,0,240,1456.545344312913,53.27708402182907,83059.34441601858,81.24691358024691
1777158976,512,GET,trips_per_route,0.100000,0.000000,29000,29000,30000,30000,30000,30000,30000,30000,30000,30000,30000,14,0,30000,30927.479631003476,2801.466833014274,62235.45350000495,372.2142857142857
1777158976,512,,Aggregated,8.800000,0.000000,49000,73000,78000,81000,84000,86000,86000,86000,90000,90000,90000,356,0,560,22153.104945244544,53.27708402182907,89584.48458299972,22502.780898876405
1777158977,512,GET,bulk_update_departures,0.500000,0.000000,67000,67000,69000,69000,69000,69000,69000,69000,69000,69000,69000,18,0,69000,66275.49972227523,45316.499957989436,77393.84087501094,105.27777777777777
1777158977,512,GET,large_scan,1.500000,0.000000,83000,84000,86000,86000,86000,87000,87000,87000,87000,87000,87000,25,0,73000,70509.21608184348,27706.795666977996,86504.7360000026,332471.84
1777158977,512,GET,next_departures,3.400000,0.000000,79000,83000,84000,86000,88000,90000,91000,91000,91000,91000,91000,64,0,76000,74602.7465045613,49060.80854102038,90828.71858400176,84.453125
1777158977,512,GET,point_read,4.400000,0.000000,150,210,250,260,460,1400,83000,83000,83000,83000,83000,245,0,240,1454.6891518777036,52.87924999720417,83059.34441601858,81.24897959183673
1777158977,512,GET,trips_per_route,0.200000,0.000000,30000,30000,30000,30000,30000,30000,30000,30000,30000,30000,30000,14,0,30000,30927.479631003476,2801.466833014274,62235.45350000495,372.2142857142857
1777158977,512,,Aggregated,10.000000,0.000000,49000,73000,80000,83000,85000,86000,90000,90000,91000,91000,91000,366,0,560,23277.728771538394,52.87924999720417,90828.71858400176,22798.39617486339
1777158978,512,GET,bulk_update_departures,0.500000,0.000000,66000,66000,69000,69000,69000,69000,69000,69000,69000,69000,69000,18,0,69000,66275.49972227523,45316.499957989436,77393.84087501094,105.27777777777777
1777158978,512,GET,large_scan,1.500000,0.000000,83000,84000,86000,86000,87000,90000,90000,90000,90000,90000,90000,26,0,73000,71256.52338796554,27706.795666977996,89939.20604101731,332471.6923076923
1777158978,512,GET,next_departures,3.700000,0.000000,80000,83000,85000,86000,88000,90000,91000,91000,91000,91000,91000,65,0,76000,74784.57415449127,49060.80854102038,90828.71858400176,84.47692307692307
1777158978,512,GET,point_read,5.200000,0.000000,140,190,240,260,600,1500,83000,83000,83000,83000,83000,250,0,240,1433.4440768361092,48.85208301129751,83059.34441601858,81.26
1777158978,512,GET,trips_per_route,0.200000,0.000000,16000,16000,30000,30000,30000,30000,30000,30000,30000,30000,30000,15,0,30000,29930.685333403137,2801.466833014274,62235.45350000495,372.26666666666665
1777158978,512,,Aggregated,11.100000,0.000000,49000,74000,81000,83000,86000,87000,90000,90000,91000,91000,91000,374,0,560,23299.324123903923,48.85208301129751,90828.71858400176,23202.002673796793
1777158979,512,GET,bulk_update_departures,0.500000,0.000000,66000,66000,69000,69000,69000,69000,69000,69000,69000,69000,69000,18,0,69000,66275.49972227523,45316.499957989436,77393.84087501094,105.27777777777777
1777158979,512,GET,large_scan,1.500000,0.000000,84000,84000,86000,86000,87000,90000,90000,90000,90000,90000,90000,26,0,73000,71256.52338796554,27706.795666977996,89939.20604101731,332471.6923076923
1777158979,512,GET,next_departures,3.700000,0.000000,80000,84000,85000,86000,88000,90000,91000,91000,91000,91000,91000,65,0,76000,74784.57415449127,49060.80854102038,90828.71858400176,84.47692307692307
1777158979,512,GET,point_read,5.200000,0.000000,120,180,220,290,1300,1500,83000,83000,83000,83000,83000,253,0,240,1422.9956946641496,48.85208301129751,83059.34441601858,81.26482213438736
1777158979,512,GET,trips_per_route,0.200000,0.000000,16000,16000,30000,30000,30000,30000,30000,30000,30000,30000,30000,15,0,30000,29930.685333403137,2801.466833014274,62235.45350000495,372.26666666666665
1777158979,512,,Aggregated,11.100000,0.000000,49000,74000,82000,83000,86000,88000,90000,91000,91000,91000,91000,377,0,560,23118.313299419286,48.85208301129751,90828.71858400176,23018.02122015915
1777158980,512,GET,bulk_update_departures,0.400000,0.000000,66000,66000,69000,69000,69000,69000,69000,69000,69000,69000,69000,18,0,69000,66275.49972227523,45316.499957989436,77393.84087501094,105.27777777777777
1777158980,512,GET,large_scan,1.400000,0.000000,84000,84000,86000,86000,87000,90000,90000,90000,90000,90000,90000,26,0,73000,71256.52338796554,27706.795666977996,89939.20604101731,332471.6923076923
1777158980,512,GET,next_departures,4.000000,0.000000,80000,84000,86000,86000,90000,91000,91000,91000,91000,91000,91000,73,0,77000,75575.85607194349,49060.80854102038,90881.23537498177,84.5068493150685
1777158980,512,GET,point_read,5.300000,0.000000,120,180,240,300,1300,1500,83000,83000,83000,83000,83000,255,0,240,1415.5423674863698,48.85208301129751,83059.34441601858,81.26274509803922
1777158980,512,GET,trips_per_route,0.200000,0.000000,16000,16000,30000,30000,30000,30000,30000,30000,30000,30000,30000,16,0,29000,28765.674935004427,2801.466833014274,62235.45350000495,372.3125
1777158980,512,,Aggregated,11.300000,0.000000,49000,77000,81000,83000,86000,90000,91000,91000,91000,91000,91000,388,0,560,24185.258244868637,48.85208301129751,90881.23537498177,22368.57474226804
1777158981,512,GET,bulk_update_departures,0.300000,0.000000,66000,66000,66000,66000,66000,66000,66000,66000,66000,66000,66000,18,0,69000,66275.49972227523,45316.499957989436,77393.84087501094,105.27777777777777
1777158981,512,GET,large_scan,1.200000,0.000000,86000,86000,87000,87000,90000,90000,90000,90000,90000,90000,90000,26,0,73000,71256.52338796554,27706.795666977996,89939.20604101731,332471.6923076923
1777158981,512,GET,next_departures,3.500000,0.000000,80000,86000,86000,89000,91000,91000,94000,94000,94000,94000,94000,84,0,78000,76513.70308730837,49060.80854102038,94045.64129101345,84.51190476190476
1777158981,512,GET,point_read,5.200000,0.000000,120,210,290,300,1300,2400,83000,83000,83000,83000,83000,260,0,240,1406.343786542689,48.85208301129751,83059.34441601858,81.26923076923077
1777158981,512,GET,trips_per_route,0.300000,0.000000,16000,16000,30000,30000,30000,30000,30000,30000,30000,30000,30000,16,0,29000,28765.674935004427,2801.466833014274,62235.45350000495,372.3125
1777158981,512,,Aggregated,10.500000,0.000000,65000,78000,81000,85000,89000,90000,91000,93000,94000,94000,94000,404,0,560,25491.781796740423,48.85208301129751,94045.64129101345,21486.002475247526
1777158982,512,GET,bulk_update_departures,0.100000,0.000000,66000,66000,66000,66000,66000,66000,66000,66000,66000,66000,66000,18,0,69000,66275.49972227523,45316.499957989436,77393.84087501094,105.27777777777777
1777158982,512,GET,large_scan,1.200000,0.000000,78000,87000,87000,90000,90000,90000,90000,90000,90000,90000,90000,26,0,73000,71256.52338796554,27706.795666977996,89939.20604101731,332471.6923076923
1777158982,512,GET,next_departures,4.300000,0.000000,80000,86000,89000,90000,91000,91000,94000,94000,94000,94000,94000,87,0,78000,76760.20262404457,49060.80854102038,94045.64129101345,84.50574712643679
1777158982,512,GET,point_read,4.900000,0.000000,190,280,310,460,1500,2400,83000,83000,83000,83000,83000,267,0,240,1384.9854761277227,48.85208301129751,83059.34441601858,81.26966292134831
1777158982,512,GET,trips_per_route,0.400000,0.000000,15000,15000,16000,16000,16000,16000,16000,16000,16000,16000,16000,16,0,29000,28765.674935004427,2801.466833014274,62235.45350000495,372.3125
1777158982,512,,Aggregated,10.900000,0.000000,52000,78000,80000,84000,90000,91000,93000,94000,94000,94000,94000,414,0,560,25492.29022334809,48.85208301129751,94045.64129101345,20969.002415458937
1777158983,512,GET,bulk_update_departures,0.100000,0.000000,66000,66000,66000,66000,66000,66000,66000,66000,66000,66000,66000,18,0,69000,66275.49972227523,45316.499957989436,77393.84087501094,105.27777777777777
1777158983,512,GET,large_scan,1.200000,0.000000,82000,87000,87000,90000,90000,90000,90000,90000,90000,90000,90000,27,0,75000,71657.27971618914,27706.795666977996,89939.20604101731,332471.74074074073
1777158983,512,GET,next_departures,4.700000,0.000000,80000,86000,90000,90000,91000,92000,94000,94000,94000,94000,94000,88,0,78000,76932.99646590788,49060.80854102038,94045.64129101345,84.52272727272727
1777158983,512,GET,point_read,5.100000,0.000000,190,280,300,320,1300,2100,3700,3700,3700,3700,3700,271,0,240,1367.3861482181944,48.85208301129751,83059.34441601858,81.26937269372694
1777158983,512,GET,trips_per_route,0.400000,0.000000,15000,15000,16000,16000,16000,16000,16000,16000,16000,16000,16000,16,0,29000,28765.674935004427,2801.466833014274,62235.45350000495,372.3125
1777158983,512,,Aggregated,11.500000,0.000000,52000,78000,81000,86000,90000,91000,93000,94000,94000,94000,94000,420,0,560,25544.337336821798,48.85208301129751,94045.64129101345,21462.02619047619
1777158984,512,GET,bulk_update_departures,0.100000,0.000000,66000,66000,66000,66000,66000,66000,66000,66000,66000,66000,66000,18,0,69000,66275.49972227523,45316.499957989436,77393.84087501094,105.27777777777777
1777158984,512,GET,large_scan,0.600000,0.000000,87000,87000,90000,90000,90000,90000,90000,90000,90000,90000,90000,27,0,75000,71657.27971618914,27706.795666977996,89939.20604101731,332471.74074074073
1777158984,512,GET,next_departures,4.900000,0.000000,81000,86000,90000,90000,91000,92000,94000,94000,94000,94000,94000,93,0,79000,77224.82784051525,49060.80854102038,94045.64129101345,84.49462365591398
1777158984,512,GET,point_read,5.000000,0.000000,190,280,310,460,1500,2100,3700,3700,3700,3700,3700,276,0,240,1351.800290007858,48.85208301129751,83059.34441601858,81.27536231884058
1777158984,512,GET,trips_per_route,0.400000,0.000000,15000,15000,16000,16000,16000,16000,16000,16000,16000,16000,16000,16,0,29000,28765.674935004427,2801.466833014274,62235.45350000495,372.3125
1777158984,512,,Aggregated,11.000000,0.000000,49000,80000,82000,85000,90000,91000,93000,94000,94000,94000,94000,430,0,560,25913.865617460964,48.85208301129751,94045.64129101345,20964.83488372093
1777158985,512,GET,bulk_update_departures,0.100000,0.000000,66000,66000,66000,66000,66000,66000,66000,66000,66000,66000,66000,18,0,69000,66275.49972227523,45316.499957989436,77393.84087501094,105.27777777777777
1777158985,512,GET,large_scan,0.600000,0.000000,87000,87000,90000,90000,90000,90000,90000,90000,90000,90000,90000,28,0,75000,72050.86642571716,27706.795666977996,89939.20604101731,332471.78571428574
1777158985,512,GET,next_departures,4.900000,0.000000,85000,90000,91000,91000,94000,97000,97000,97000,97000,97000,97000,102,0,79000,78411.39478963634,49060.80854102038,97496.45183299435,84.52941176470588
1777158985,512,GET,point_read,5.000000,0.000000,230,300,460,630,2000,2400,3700,3700,3700,3700,3700,277,0,240,1347.275048888659,48.85208301129751,83059.34441601858,81.27436823104694
1777158985,512,GET,trips_per_route,0.400000,0.000000,16000,16000,16000,16000,16000,16000,16000,16000,16000,16000,16000,16,0,29000,28765.674935004427,2801.466833014274,62235.45350000495,372.3125
1777158985,512,,Aggregated,11.000000,0.000000,77000,82000,86000,90000,91000,94000,97000,97000,97000,97000,97000,441,0,630,27305.64968473054,48.85208301129751,97496.45183299435,21197.725623582766
1777158986,512,GET,bulk_update_departures,0.100000,0.000000,66000,66000,66000,66000,66000,66000,66000,66000,66000,66000,66000,18,0,69000,66275.49972227523,45316.499957989436,77393.84087501094,105.27777777777777
1777158986,512,GET,large_scan,0.600000,0.000000,83000,83000,90000,90000,90000,90000,90000,90000,90000,90000,90000,28,0,75000,72050.86642571716,27706.795666977996,89939.20604101731,332471.78571428574
1777158986,512,GET,next_departures,4.400000,0.000000,83000,90000,91000,91000,94000,97000,97000,97000,97000,97000,97000,103,0,79000,78399.6921488826,49060.80854102038,97496.45183299435,84.54368932038835
1777158986,512,GET,point_read,4.900000,0.000000,220,300,320,630,1500,2100,3700,3700,3700,3700,3700,280,0,240,1333.8058924149664,48.85208301129751,83059.34441601858,81.27142857142857
1777158986,512,GET,trips_per_route,0.300000,0.000000,16000,16000,16000,16000,16000,16000,16000,16000,16000,16000,16000,16,0,29000,28765.674935004427,2801.466833014274,62235.45350000495,372.3125
1777158986,512,,Aggregated,10.300000,0.000000,77000,81000,85000,86000,91000,94000,97000,97000,97000,97000,97000,445,0,620,27234.310101330786,48.85208301129751,97496.45183299435,21007.923595505617
1777158987,512,GET,bulk_update_departures,0.000000,0.000000,66000,66000,66000,66000,66000,66000,66000,66000,66000,66000,66000,18,0,69000,66275.49972227523,45316.499957989436,77393.84087501094,105.27777777777777
1777158987,512,GET,large_scan,0.500000,0.000000,83000,83000,90000,90000,90000,90000,90000,90000,90000,90000,90000,28,0,75000,72050.86642571716,27706.795666977996,89939.20604101731,332471.78571428574
1777158987,512,GET,next_departures,5.100000,0.000000,85000,90000,91000,93000,97000,97000,98000,98000,98000,98000,98000,114,0,80000,79378.80141996441,49060.80854102038,98277.63070899528,84.64035087719299
1777158987,512,GET,point_read,4.400000,0.000000,210,300,310,460,1300,2100,3700,3700,3700,3700,3700,282,0,230,1324.865394653253,48.85208301129751,83059.34441601858,81.26950354609929
1777158987,512,GET,trips_per_route,0.200000,0.000000,16000,16000,18000,18000,18000,18000,18000,18000,18000,18000,18000,17,0,29000,28152.564848122624,2801.466833014274,62235.45350000495,372.3529411764706
1777158987,512,,Aggregated,10.200000,0.000000,79000,83000,86000,90000,94000,97000,98000,98000,98000,98000,98000,459,0,630,28565.952637270748,48.85208301129751,98277.63070899528,20370.374727668845
1777158988,512,GET,bulk_update_departures,0.000000,0.000000,66000,66000,66000,66000,66000,66000,66000,66000,66000,66000,66000,18,0,69000,66275.49972227523,45316.499957989436,77393.84087501094,105.27777777777777
1777158988,512,GET,large_scan,0.400000,0.000000,83000,83000,90000,90000,90000,90000,90000,90000,90000,90000,90000,28,0,75000,72050.86642571716,27706.795666977996,89939.20604101731,332471.78571428574
1777158988,512,GET,next_departures,4.600000,0.000000,85000,90000,93000,94000,97000,98000,98000,98000,98000,98000,98000,117,0,80000,79543.4594950166,49060.80854102038,98396.14962498308,84.63247863247864
1777158988,512,GET,point_read,3.700000,0.000000,190,280,310,320,630,2100,3700,3700,3700,3700,3700,285,0,230,1311.6074124288853,48.85208301129751,83059.34441601858,81.27368421052631
1777158988,512,GET,trips_per_route,0.200000,0.000000,18000,18000,25000,25000,25000,25000,25000,25000,25000,25000,25000,18,0,29000,28002.43387972619,2801.466833014274,62235.45350000495,372.3888888888889
1777158988,512,,Aggregated,8.900000,0.000000,79000,83000,86000,90000,96000,97000,98000,98000,98000,98000,98000,466,0,630,28744.24879445338,48.85208301129751,98396.14962498308,20066.251072961375
1777158989,512,GET,bulk_update_departures,0.000000,0.000000,66000,66000,66000,66000,66000,66000,66000,66000,66000,66000,66000,18,0,69000,66275.49972227523,45316.499957989436,77393.84087501094,105.27777777777777
1777158989,512,GET,large_scan,0.400000,0.000000,83000,83000,83000,83000,83000,83000,83000,83000,83000,83000,83000,28,0,75000,72050.86642571716,27706.795666977996,89939.20604101731,332471.78571428574
1777158989,512,GET,next_departures,4.600000,0.000000,85000,90000,93000,96000,97000,98000,98000,98000,98000,98000,98000,118,0,80000,79612.48984357581,49060.80854102038,98396.14962498308,84.64406779661017
1777158989,512,GET,point_read,3.700000,0.000000,180,230,300,300,630,2100,3700,3700,3700,3700,3700,287,0,230,1302.9302080426137,48.85208301129751,83059.34441601858,81.27526132404181
1777158989,512,GET,trips_per_route,0.200000,0.000000,18000,18000,25000,25000,25000,25000,25000,25000,25000,25000,25000,18,0,29000,28002.43387972619,2801.466833014274,62235.45350000495,372.3888888888889
1777158989,512,,Aggregated,8.900000,0.000000,79000,83000,86000,90000,96000,97000,98000,98000,98000,98000,98000,469,0,630,28747.63717698566,48.85208301129751,98396.14962498308,19938.426439232408
1777158990,512,GET,bulk_update_departures,0.000000,0.000000,66000,66000,66000,66000,66000,66000,66000,66000,66000,66000,66000,18,0,69000,66275.49972227523,45316.499957989436,77393.84087501094,105.27777777777777
1777158990,512,GET,large_scan,0.300000,0.000000,83000,83000,102000,102000,102000,102000,102000,102000,102000,102000,102000,29,0,76000,73093.75269838172,27706.795666977996,102294.568332989,332471.8620689655
1777158990,512,GET,next_departures,5.100000,0.000000,86000,91000,96000,97000,97000,98000,98000,98000,98000,98000,98000,119,0,80000,79679.86501505825,49060.80854102038,98396.14962498308,84.65546218487395
1777158990,512,GET,point_read,3.700000,0.000000,170,220,280,310,2000,2100,3700,3700,3700,3700,3700,287,0,230,1302.9302080426137,48.85208301129751,83059.34441601858,81.27526132404181
1777158990,512,GET,trips_per_route,0.300000,0.000000,18000,18000,25000,25000,25000,25000,25000,25000,25000,25000,25000,19,0,29000,27354.300114160746,2801.466833014274,62235.45350000495,372.42105263157896
1777158990,512,,Aggregated,9.400000,0.000000,79000,83000,86000,90000,97000,98000,98000,102000,102000,102000,102000,472,0,630,29000.539050684816,48.85208301129751,102294.568332989,20517.0656779661
1777158991,512,GET,bulk_update_departures,0.000000,0.000000,0,0,0,0,0,0,0,0,0,0,0,18,0,69000,66275.49972227523,45316.499957989436,77393.84087501094,105.27777777777777
1777158991,512,GET,large_scan,0.200000,0.000000,83000,83000,102000,102000,102000,102000,102000,102000,102000,102000,102000,30,0,75000,72826.5131917695,27706.795666977996,102294.568332989,332471.9
1777158991,512,GET,next_departures,5.200000,0.000000,86000,92000,96000,97000,97000,98000,98000,98000,98000,98000,98000,120,0,80000,79709.67520069946,49060.80854102038,98396.14962498308,84.66666666666667
1777158991,512,GET,point_read,3.600000,0.000000,91,150,170,180,300,2000,2100,2100,2100,2100,2100,287,0,230,1302.9302080426137,48.85208301129751,83059.34441601858,81.27526132404181
1777158991,512,GET,trips_per_route,0.200000,0.000000,18000,19000,19000,25000,25000,25000,25000,25000,25000,25000,25000,20,0,25000,26922.631900102715,2801.466833014274,62235.45350000495,372.45
1777158991,512,,Aggregated,9.200000,0.000000,80000,85000,88000,92000,97000,98000,98000,102000,102000,102000,102000,475,0,650,29169.07162641737,48.85208301129751,102294.568332989,21088.393684210525
1777158992,512,GET,bulk_update_departures,0.000000,0.000000,0,0,0,0,0,0,0,0,0,0,0,18,0,69000,66275.49972227523,45316.499957989436,77393.84087501094,105.27777777777777
1777158992,512,GET,large_scan,0.300000,0.000000,83000,83000,102000,102000,102000,102000,102000,102000,102000,102000,102000,30,0,75000,72826.5131917695,27706.795666977996,102294.568332989,332471.9
1777158992,512,GET,next_departures,4.600000,0.000000,85000,90000,96000,97000,97000,98000,98000,98000,98000,98000,98000,121,0,80000,79722.80559263579,49060.80854102038,98396.14962498308,84.63636363636364
1777158992,512,GET,point_read,3.200000,0.000000,82,98,170,170,280,2000,2000,2000,2000,2000,2000,288,0,230,1299.362452979949,48.85208301129751,83059.34441601858,81.27430555555556
1777158992,512,GET,trips_per_route,0.300000,0.000000,19000,19000,25000,25000,25000,25000,25000,25000,25000,25000,25000,20,0,25000,26922.631900102715,2801.466833014274,62235.45350000495,372.45
1777158992,512,,Aggregated,8.400000,0.000000,81000,85000,88000,93000,97000,98000,98000,102000,102000,102000,102000,477,0,650,29217.783840509936,48.85208301129751,102294.568332989,21000.312368972747
1777158993,512,GET,bulk_update_departures,0.000000,0.000000,0,0,0,0,0,0,0,0,0,0,0,18,0,69000,66275.49972227523,45316.499957989436,77393.84087501094,105.27777777777777
1777158993,512,GET,large_scan,0.400000,0.000000,83000,83000,102000,102000,102000,102000,102000,102000,102000,102000,102000,30,0,75000,72826.5131917695,27706.795666977996,102294.568332989,332471.9
1777158993,512,GET,next_departures,3.700000,0.000000,86000,93000,97000,97000,98000,98000,98000,98000,98000,98000,98000,121,0,80000,79722.80559263579,49060.80854102038,98396.14962498308,84.63636363636364
1777158993,512,GET,point_read,2.900000,0.000000,76,81,98,98,150,280,280,280,280,280,280,288,0,230,1299.362452979949,48.85208301129751,83059.34441601858,81.27430555555556
1777158993,512,GET,trips_per_route,0.400000,0.000000,19000,25000,25000,104000,104000,104000,104000,104000,104000,104000,104000,21,0,29000,30613.273184621772,2801.466833014274,104426.09887500294,372.42857142857144
1777158993,512,,Aggregated,7.400000,0.000000,83000,86000,93000,97000,98000,98000,104000,104000,104000,104000,104000,478,0,650,29375.123411711804,48.85208301129751,104426.09887500294,20957.156903765692
1777158994,512,GET,bulk_update_departures,0.000000,0.000000,0,0,0,0,0,0,0,0,0,0,0,18,0,69000,66275.49972227523,45316.499957989436,77393.84087501094,105.27777777777777
1777158994,512,GET,large_scan,0.400000,0.000000,83000,83000,102000,102000,102000,102000,102000,102000,102000,102000,102000,30,0,75000,72826.5131917695,27706.795666977996,102294.568332989,332471.9
1777158994,512,GET,next_departures,3.700000,0.000000,86000,88000,97000,97000,98000,98000,98000,98000,98000,98000,98000,122,0,80000,79753.90411236827,49060.80854102038,98396.14962498308,84.64754098360656
1777158994,512,GET,point_read,2.900000,0.000000,65,81,82,82,150,280,280,280,280,280,280,288,0,230,1299.362452979949,48.85208301129751,83059.34441601858,81.27430555555556
1777158994,512,GET,trips_per_route,0.400000,0.000000,22000,23000,25000,25000,104000,104000,104000,104000,104000,104000,104000,24,0,25000,29323.431204918354,2801.466833014274,104426.09887500294,372.4166666666667
1777158994,512,,Aggregated,7.400000,0.000000,77000,85000,86000,88000,98000,98000,104000,104000,104000,104000,104000,482,0,710,29430.932422902955,48.85208301129751,104426.09887500294,20785.734439834025
1777158995,512,GET,bulk_update_departures,0.000000,0.000000,0,0,0,0,0,0,0,0,0,0,0,18,0,69000,66275.49972227523,45316.499957989436,77393.84087501094,105.27777777777777
1777158995,512,GET,large_scan,0.400000,0.000000,83000,83000,102000,102000,102000,102000,102000,102000,102000,102000,102000,30,0,75000,72826.5131917695,27706.795666977996,102294.568332989,332471.9
1777158995,512,GET,next_departures,3.400000,0.000000,86000,88000,97000,97000,98000,98000,98000,98000,98000,98000,98000,122,0,80000,79753.90411236827,49060.80854102038,98396.14962498308,84.64754098360656
1777158995,512,GET,point_read,2.200000,0.000000,81,82,100,150,280,280,280,280,280,280,280,290,0,230,1291.26975431111,48.85208301129751,83059.34441601858,81.27586206896552
1777158995,512,GET,trips_per_route,0.400000,0.000000,22000,23000,25000,25000,104000,104000,104000,104000,104000,104000,104000,24,0,25000,29323.431204918354,2801.466833014274,104426.09887500294,372.4166666666667
1777158995,512,,Aggregated,6.400000,0.000000,79000,85000,88000,96000,98000,102000,104000,104000,104000,104000,104000,484,0,690,29309.83733498186,48.85208301129751,104426.09887500294,20700.179752066117
1777158996,512,GET,bulk_update_departures,0.000000,0.000000,0,0,0,0,0,0,0,0,0,0,0,18,0,69000,66275.49972227523,45316.499957989436,77393.84087501094,105.27777777777777
1777158996,512,GET,large_scan,0.300000,0.000000,102000,102000,102000,102000,102000,102000,102000,102000,102000,102000,102000,30,0,75000,72826.5131917695,27706.795666977996,102294.568332989,332471.9
1777158996,512,GET,next_departures,3.300000,0.000000,86000,88000,88000,97000,98000,98000,98000,98000,98000,98000,98000,122,0,80000,79753.90411236827,49060.80854102038,98396.14962498308,84.64754098360656
1777158996,512,GET,point_read,1.800000,0.000000,280,9400,11000,11000,12000,12000,12000,12000,12000,12000,12000,297,0,240,1505.025928734895,48.85208301129751,83059.34441601858,81.27272727272727
1777158996,512,GET,trips_per_route,0.400000,0.000000,22000,23000,25000,25000,104000,104000,104000,104000,104000,104000,104000,24,0,25000,29323.431204918354,2801.466833014274,104426.09887500294,372.4166666666667
1777158996,512,,Aggregated,5.800000,0.000000,16000,62000,83000,86000,97000,102000,104000,104000,104000,104000,104000,491,0,740,29039.685829358983,48.85208301129751,104426.09887500294,20406.22199592668
1777158997,512,GET,bulk_update_departures,0.000000,0.000000,0,0,0,0,0,0,0,0,0,0,0,20,0,69000,62999.24898754689,20861.737625004025,77393.84087501094,105.55
1777158997,512,GET,large_scan,0.200000,0.000000,102000,102000,102000,102000,102000,102000,102000,102000,102000,102000,102000,30,0,75000,72826.5131917695,27706.795666977996,102294.568332989,332471.9
1777158997,512,GET,next_departures,2.000000,0.000000,84000,88000,88000,88000,88000,88000,88000,88000,88000,88000,88000,122,0,80000,79753.90411236827,49060.80854102038,98396.14962498308,84.64754098360656
1777158997,512,GET,point_read,1.300000,0.000000,8000,9500,11000,11000,12000,12000,12000,12000,12000,12000,12000,298,0,230,1500.510268041086,48.85208301129751,83059.34441601858,81.2751677852349
1777158997,512,GET,trips_per_route,0.800000,0.000000,22000,23000,25000,25000,104000,104000,104000,104000,104000,104000,104000,24,0,25000,29323.431204918354,2801.466833014274,104426.09887500294,372.4166666666667
1777158997,512,,Aggregated,4.300000,0.000000,16000,25000,65000,83000,88000,102000,104000,104000,104000,104000,104000,494,0,740,28999.33418220086,48.85208301129751,104426.09887500294,20282.9008097166
1777158998,512,GET,bulk_update_departures,0.000000,0.000000,46000,46000,46000,46000,46000,46000,46000,46000,46000,46000,46000,20,0,69000,62999.24898754689,20861.737625004025,77393.84087501094,105.55
1777158998,512,GET,large_scan,0.200000,0.000000,102000,102000,102000,102000,102000,102000,102000,102000,102000,102000,102000,30,0,75000,72826.5131917695,27706.795666977996,102294.568332989,332471.9
1777158998,512,GET,next_departures,1.900000,0.000000,83000,84000,84000,88000,88000,88000,88000,88000,88000,88000,88000,123,0,80000,79664.70094444657,49060.80854102038,98396.14962498308,84.65853658536585
1777158998,512,GET,point_read,1.700000,0.000000,4300,9500,10000,11000,12000,12000,12000,12000,12000,12000,12000,302,0,240,1533.7309530969526,48.85208301129751,83059.34441601858,81.2748344370861
1777158998,512,GET,trips_per_route,0.800000,0.000000,20000,22000,23000,23000,104000,104000,104000,104000,104000,104000,104000,25,0,25000,28936.289900041884,2801.466833014274,104426.09887500294,372.4
1777158998,512,,Aggregated,4.600000,0.000000,16000,22000,65000,69000,84000,102000,104000,104000,104000,104000,104000,500,0,740,28860.26517401453,48.85208301129751,104426.09887500294,20041.072
1777158999,512,GET,bulk_update_departures,0.000000,0.000000,31000,31000,46000,46000,46000,46000,46000,46000,46000,46000,46000,21,0,69000,61458.45486114073,20861.737625004025,77393.84087501094,105.71428571428571
1777158999,512,GET,large_scan,0.200000,0.000000,65000,65000,65000,65000,65000,65000,65000,65000,65000,65000,65000,30,0,75000,72826.5131917695,27706.795666977996,102294.568332989,332471.9
1777158999,512,GET,next_departures,0.900000,0.000000,81000,83000,83000,84000,84000,84000,84000,84000,84000,84000,84000,124,0,80000,79499.64282459617,49060.80854102038,98396.14962498308,84.66935483870968
1777158999,512,GET,point_read,1.600000,0.000000,1600,9400,10000,11000,12000,12000,12000,12000,12000,12000,12000,307,0,230,1510.1082016882094,48.85208301129751,83059.34441601858,81.27687296416939
1777158999,512,GET,trips_per_route,0.700000,0.000000,20000,22000,23000,23000,104000,104000,104000,104000,104000,104000,104000,26,0,23000,28441.55143592574,2801.466833014274,104426.09887500294,372.4230769230769
1777158999,512,,Aggregated,3.400000,0.000000,12000,20000,31000,46000,81000,84000,104000,104000,104000,104000,104000,508,0,740,28615.083097124607,48.85208301129751,104426.09887500294,19727.383858267716
1777159000,512,GET,bulk_update_departures,0.200000,0.000000,31000,31000,46000,46000,46000,46000,46000,46000,46000,46000,46000,21,0,69000,61458.45486114073,20861.737625004025,77393.84087501094,105.71428571428571
1777159000,512,GET,large_scan,0.200000,0.000000,65000,65000,65000,65000,65000,65000,65000,65000,65000,65000,65000,30,0,75000,72826.5131917695,27706.795666977996,102294.568332989,332471.9
1777159000,512,GET,next_departures,0.500000,0.000000,69000,81000,83000,83000,84000,84000,84000,84000,84000,84000,84000,126,0,80000,79230.14977744376,49060.80854102038,98396.14962498308,84.69047619047619
1777159000,512,GET,point_read,1.500000,0.000000,280,8000,9500,10000,11000,12000,12000,12000,12000,12000,12000,308,0,230,1505.3693300917973,48.85208301129751,83059.34441601858,81.27597402597402
1777159000,512,GET,trips_per_route,0.700000,0.000000,20000,22000,23000,23000,104000,104000,104000,104000,104000,104000,104000,27,0,23000,27995.159152817603,2801.466833014274,104426.09887500294,372.44444444444446
1777159000,512,,Aggregated,3.100000,0.000000,11000,20000,23000,46000,69000,84000,104000,104000,104000,104000,104000,512,0,740,28667.861075369707,48.85208301129751,104426.09887500294,19574.486328125
1777159001,512,GET,bulk_update_departures,0.300000,0.000000,31000,31000,46000,46000,46000,46000,46000,46000,46000,46000,46000,21,0,69000,61458.45486114073,20861.737625004025,77393.84087501094,105.71428571428571
1777159001,512,GET,large_scan,0.200000,0.000000,65000,65000,65000,65000,65000,65000,65000,65000,65000,65000,65000,30,0,75000,72826.5131917695,27706.795666977996,102294.568332989,332471.9
1777159001,512,GET,next_departures,0.600000,0.000000,69000,69000,81000,81000,84000,84000,84000,84000,84000,84000,84000,126,0,80000,79230.14977744376,49060.80854102038,98396.14962498308,84.69047619047619
1777159001,512,GET,point_read,1.900000,0.000000,150,4300,9400,9500,11000,12000,12000,12000,12000,12000,12000,313,0,220,1482.628578812493,48.85208301129751,83059.34441601858,81.27476038338658
1777159001,512,GET,trips_per_route,0.800000,0.000000,20000,22000,23000,23000,104000,104000,104000,104000,104000,104000,104000,27,0,23000,27995.159152817603,2801.466833014274,104426.09887500294,372.44444444444446
1777159001,512,,Aggregated,3.800000,0.000000,10000,16000,22000,31000,64000,81000,104000,104000,104000,104000,104000,517,0,740,28391.40012009541,48.85208301129751,104426.09887500294,19385.96324951644
1777159002,512,GET,bulk_update_departures,0.300000,0.000000,31000,31000,46000,46000,46000,46000,46000,46000,46000,46000,46000,21,0,69000,61458.45486114073,20861.737625004025,77393.84087501094,105.71428571428571
1777159002,512,GET,large_scan,0.100000,0.000000,65000,65000,65000,65000,65000,65000,65000,65000,65000,65000,65000,30,0,75000,72826.5131917695,27706.795666977996,102294.568332989,332471.9
1777159002,512,GET,next_departures,0.600000,0.000000,65000,65000,69000,69000,84000,84000,84000,84000,84000,84000,84000,127,0,80000,79119.49835531437,49060.80854102038,98396.14962498308,84.7007874015748
1777159002,512,GET,point_read,2.100000,0.000000,140,4300,9400,9500,11000,12000,12000,12000,12000,12000,12000,314,0,220,1478.210153800319,48.85208301129751,83059.34441601858,81.27707006369427
1777159002,512,GET,trips_per_route,0.800000,0.000000,20000,22000,23000,23000,104000,104000,104000,104000,104000,104000,104000,28,0,22000,27204.094729216846,2801.466833014274,104426.09887500294,372.42857142857144
1777159002,512,,Aggregated,3.900000,0.000000,9500,16000,22000,31000,64000,69000,104000,104000,104000,104000,104000,520,0,740,28364.36899937178,48.85208301129751,104426.09887500294,19275.159615384615
1777159003,512,GET,bulk_update_departures,0.300000,0.000000,31000,31000,46000,46000,46000,46000,46000,46000,46000,46000,46000,21,0,69000,61458.45486114073,20861.737625004025,77393.84087501094,105.71428571428571
1777159003,512,GET,large_scan,0.000000,0.000000,65000,65000,65000,65000,65000,65000,65000,65000,65000,65000,65000,30,0,75000,72826.5131917695,27706.795666977996,102294.568332989,332471.9
1777159003,512,GET,next_departures,0.600000,0.000000,61000,64000,65000,69000,84000,84000,84000,84000,84000,84000,84000,130,0,80000,78569.30352981504,49060.80854102038,98396.14962498308,84.70769230769231
1777159003,512,GET,point_read,2.500000,0.000000,150,1600,9400,9500,11000,12000,12000,12000,12000,12000,12000,316,0,220,1472.0283449408075,48.85208301129751,83059.34441601858,81.2753164556962
1777159003,512,GET,trips_per_route,0.700000,0.000000,18000,20000,22000,23000,104000,104000,104000,104000,104000,104000,104000,30,0,22000,26564.168748635955,2801.466833014274,104426.09887500294,372.46666666666664
1777159003,512,,Aggregated,4.100000,0.000000,9400,16000,20000,46000,59000,64000,69000,69000,69000,69000,69000,527,0,740,28371.0027062113,48.85208301129751,104426.09887500294,19021.339658444023
1777159004,512,GET,bulk_update_departures,0.300000,0.000000,41000,41000,41000,41000,46000,46000,46000,46000,46000,46000,46000,24,0,67000,57845.378987874334,16310.721708025085,77393.84087501094,106.125
1777159004,512,GET,large_scan,0.000000,0.000000,65000,65000,65000,65000,65000,65000,65000,65000,65000,65000,65000,31,0,75000,71541.76406864822,27706.795666977996,102294.568332989,332471.96774193546
1777159004,512,GET,next_departures,0.700000,0.000000,61000,64000,65000,69000,84000,84000,84000,84000,84000,84000,84000,130,0,80000,78569.30352981504,49060.80854102038,98396.14962498308,84.70769230769231
1777159004,512,GET,point_read,2.600000,0.000000,160,710,8000,9400,11000,12000,12000,12000,12000,12000,12000,322,0,220,1449.6357107990723,48.85208301129751,83059.34441601858,81.27329192546584
1777159004,512,GET,trips_per_route,0.700000,0.000000,18000,22000,23000,23000,28000,104000,104000,104000,104000,104000,104000,31,0,22000,26606.752732550845,2801.466833014274,104426.09887500294,372.48387096774195
1777159004,512,,Aggregated,4.300000,0.000000,9500,16000,28000,41000,59000,64000,65000,69000,69000,69000,69000,538,0,740,28088.634338846467,48.85208301129751,104426.09887500294,19252.61524163569
1777159005,512,GET,bulk_update_departures,0.300000,0.000000,41000,41000,41000,41000,46000,46000,46000,46000,46000,46000,46000,24,0,67000,57845.378987874334,16310.721708025085,77393.84087501094,106.125
1777159005,512,GET,large_scan,0.000000,0.000000,65000,65000,65000,65000,65000,65000,65000,65000,65000,65000,65000,31,0,75000,71541.76406864822,27706.795666977996,102294.568332989,332471.96774193546
1777159005,512,GET,next_departures,0.600000,0.000000,61000,64000,65000,65000,69000,69000,69000,69000,69000,69000,69000,130,0,80000,78569.30352981504,49060.80854102038,98396.14962498308,84.70769230769231
1777159005,512,GET,point_read,2.800000,0.000000,150,170,350,640,4300,10000,115000,115000,115000,115000,115000,324,0,220,1795.092570605953,48.85208301129751,114514.13516601315,81.27777777777777
1777159005,512,GET,trips_per_route,1.000000,0.000000,17000,18000,20000,20000,28000,28000,28000,28000,28000,28000,28000,31,0,22000,26606.752732550845,2801.466833014274,104426.09887500294,372.48387096774195
1777159005,512,,Aggregated,4.700000,0.000000,4300,20000,33000,46000,61000,65000,115000,115000,115000,115000,115000,540,0,740,28197.24549684894,48.85208301129751,114514.13516601315,19181.61296296296
1777159006,512,GET,bulk_update_departures,0.300000,0.000000,41000,41000,41000,41000,46000,46000,46000,46000,46000,46000,46000,24,0,67000,57845.378987874334,16310.721708025085,77393.84087501094,106.125
1777159006,512,GET,large_scan,0.000000,0.000000,57000,57000,57000,57000,57000,57000,57000,57000,57000,57000,57000,32,0,73000,71072.3808646908,27706.795666977996,102294.568332989,332472.03125
1777159006,512,GET,next_departures,0.600000,0.000000,61000,64000,65000,65000,69000,69000,69000,69000,69000,69000,69000,130,0,80000,78569.30352981504,49060.80854102038,98396.14962498308,84.70769230769231
1777159006,512,GET,point_read,2.800000,0.000000,150,290,350,710,4300,10000,115000,115000,115000,115000,115000,327,0,220,1782.723130484091,48.85208301129751,114514.13516601315,81.2782874617737
1777159006,512,GET,trips_per_route,1.000000,0.000000,17000,18000,20000,20000,28000,28000,28000,28000,28000,28000,28000,31,0,22000,26606.752732550845,2801.466833014274,104426.09887500294,372.48387096774195
1777159006,512,,Aggregated,4.700000,0.000000,4300,20000,41000,46000,59000,65000,69000,115000,115000,115000,115000,544,0,740,28096.276729103687,48.85208301129751,114514.13516601315,19652.185661764706
1777159007,512,GET,bulk_update_departures,0.300000,0.000000,41000,41000,41000,41000,41000,41000,41000,41000,41000,41000,41000,24,0,67000,57845.378987874334,16310.721708025085,77393.84087501094,106.125
1777159007,512,GET,large_scan,0.000000,0.000000,57000,57000,57000,57000,57000,57000,57000,57000,57000,57000,57000,32,0,73000,71072.3808646908,27706.795666977996,102294.568332989,332472.03125
1777159007,512,GET,next_departures,0.600000,0.000000,61000,64000,65000,65000,69000,69000,69000,69000,69000,69000,69000,130,0,80000,78569.30352981504,49060.80854102038,98396.14962498308,84.70769230769231
1777159007,512,GET,point_read,2.800000,0.000000,150,170,350,640,4300,10000,115000,115000,115000,115000,115000,327,0,220,1782.723130484091,48.85208301129751,114514.13516601315,81.2782874617737
1777159007,512,GET,trips_per_route,1.000000,0.000000,17000,18000,20000,20000,28000,28000,28000,28000,28000,28000,28000,31,0,22000,26606.752732550845,2801.466833014274,104426.09887500294,372.48387096774195
1777159007,512,,Aggregated,4.700000,0.000000,4300,18000,41000,52000,61000,65000,115000,115000,115000,115000,115000,544,0,740,28096.276729103687,48.85208301129751,114514.13516601315,19652.185661764706
1777159008,512,GET,bulk_update_departures,0.600000,0.000000,41000,41000,41000,41000,41000,41000,41000,41000,41000,41000,41000,24,0,67000,57845.378987874334,16310.721708025085,77393.84087501094,106.125
1777159008,512,GET,large_scan,0.200000,0.000000,57000,57000,59000,59000,59000,59000,59000,59000,59000,59000,59000,34,0,70000,69794.16829791444,27706.795666977996,102294.568332989,332472.1176470588
1777159008,512,GET,next_departures,0.800000,0.000000,61000,61000,64000,64000,65000,65000,65000,65000,65000,65000,65000,130,0,80000,78569.30352981504,49060.80854102038,98396.14962498308,84.70769230769231
1777159008,512,GET,point_read,3.000000,0.000000,150,170,310,350,710,1100,115000,115000,115000,115000,115000,327,0,220,1782.723130484091,48.85208301129751,114514.13516601315,81.2782874617737
1777159008,512,GET,trips_per_route,0.700000,0.000000,17000,17000,18000,18000,28000,28000,28000,28000,28000,28000,28000,32,0,22000,25786.66845706448,364.0559169871267,104426.09887500294,372.46875
1777159008,512,,Aggregated,5.300000,0.000000,1100,28000,41000,55000,61000,65000,115000,115000,115000,115000,115000,547,0,740,28123.261665463215,48.85208301129751,114514.13516601315,20760.70932358318
1777159009,512,GET,bulk_update_departures,0.600000,0.000000,41000,41000,41000,46000,46000,46000,46000,46000,46000,46000,46000,25,0,67000,57372.28260503849,16310.721708025085,77393.84087501094,106.2
1777159009,512,GET,large_scan,0.200000,0.000000,57000,57000,59000,59000,59000,59000,59000,59000,59000,59000,59000,34,0,70000,69794.16829791444,27706.795666977996,102294.568332989,332472.1176470588
1777159009,512,GET,next_departures,0.800000,0.000000,58000,59000,64000,64000,65000,65000,65000,65000,65000,65000,65000,132,0,79000,78030.95613542378,28274.583916005213,98396.14962498308,84.72727272727273
1777159009,512,GET,point_read,2.900000,0.000000,150,290,350,640,1100,115000,115000,115000,115000,115000,115000,328,0,220,1777.554619796652,48.85208301129751,114514.13516601315,81.27743902439025
1777159009,512,GET,trips_per_route,0.700000,0.000000,17000,17000,18000,18000,28000,28000,28000,28000,28000,28000,28000,32,0,22000,25786.66845706448,364.0559169871267,104426.09887500294,372.46875
1777159009,512,,Aggregated,5.200000,0.000000,5800,33000,46000,55000,59000,65000,115000,115000,115000,115000,115000,551,0,750,28158.99510535453,48.85208301129751,114514.13516601315,20610.651542649728
1777159010,512,GET,bulk_update_departures,0.400000,0.000000,41000,41000,46000,46000,46000,46000,46000,46000,46000,46000,46000,25,0,67000,57372.28260503849,16310.721708025085,77393.84087501094,106.2
1777159010,512,GET,large_scan,0.400000,0.000000,57000,57000,59000,59000,59000,59000,59000,59000,59000,59000,59000,34,0,70000,69794.16829791444,27706.795666977996,102294.568332989,332472.1176470588
1777159010,512,GET,next_departures,0.800000,0.000000,58000,59000,65000,65000,120000,120000,120000,120000,120000,120000,120000,133,1,80000,78349.80706140553,28274.583916005213,120438.12929099659,84.24812030075188
1777159010,512,GET,point_read,2.700000,0.000000,270,310,640,710,1100,115000,115000,115000,115000,115000,115000,330,0,220,1769.8029830857802,48.85208301129751,114514.13516601315,81.27575757575758
1777159010,512,GET,trips_per_route,0.700000,0.000000,17000,18000,18000,28000,28000,28000,28000,28000,28000,28000,28000,32,0,22000,25786.66845706448,364.0559169871267,104426.09887500294,372.46875
1777159010,512,,Aggregated,5.000000,0.000000,16000,39000,46000,55000,59000,115000,120000,120000,120000,120000,120000,554,1,740,28225.7066813472,48.85208301129751,120438.12929099659,20499.371841155236
1777159011,512,GET,bulk_update_departures,0.300000,0.000000,41000,41000,41000,46000,46000,46000,46000,46000,46000,46000,46000,26,0,66000,56140.35970195926,16310.721708025085,77393.84087501094,106.3076923076923
1777159011,512,GET,large_scan,0.400000,0.000000,39000,57000,57000,59000,59000,59000,59000,59000,59000,59000,59000,35,0,70000,68784.62796320258,27706.795666977996,102294.568332989,332472.14285714284
1777159011,512,GET,next_departures,0.700000,0.000000,58000,59000,65000,65000,120000,120000,120000,120000,120000,120000,120000,133,1,80000,78349.80706140553,28274.583916005213,120438.12929099659,84.24812030075188
1777159011,512,GET,point_read,2.200000,0.000000,270,350,710,730,1300,115000,115000,115000,115000,115000,115000,333,0,220,1758.2311476524862,48.85208301129751,114514.13516601315,81.27627627627628
1777159011,512,GET,trips_per_route,0.600000,0.000000,17000,18000,18000,28000,28000,28000,28000,28000,28000,28000,28000,32,0,22000,25786.66845706448,364.0559169871267,104426.09887500294,372.46875
1777159011,512,,Aggregated,4.200000,0.000000,16000,33000,41000,52000,59000,115000,120000,120000,120000,120000,120000,559,1,750,28082.826534748296,48.85208301129751,120438.12929099659,20911.409660107336
1777159012,512,GET,bulk_update_departures,0.400000,0.000000,41000,41000,41000,46000,46000,46000,46000,46000,46000,46000,46000,26,0,66000,56140.35970195926,16310.721708025085,77393.84087501094,106.3076923076923
1777159012,512,GET,large_scan,0.400000,0.000000,39000,57000,57000,59000,59000,59000,59000,59000,59000,59000,59000,35,0,70000,68784.62796320258,27706.795666977996,102294.568332989,332472.14285714284
1777159012,512,GET,next_departures,0.700000,0.000000,58000,58000,59000,59000,120000,120000,120000,120000,120000,120000,120000,133,1,80000,78349.80706140553,28274.583916005213,120438.12929099659,84.24812030075188
1777159012,512,GET,point_read,2.100000,0.000000,170,350,730,990,1300,115000,115000,115000,115000,115000,115000,335,0,220,1750.8800870694615,48.85208301129751,114514.13516601315,81.27462686567164
1777159012,512,GET,trips_per_route,0.500000,0.000000,17000,18000,18000,28000,28000,28000,28000,28000,28000,28000,28000,32,0,22000,25786.66845706448,364.0559169871267,104426.09887500294,372.46875
1777159012,512,,Aggregated,4.100000,0.000000,1300,34000,41000,52000,59000,115000,120000,120000,120000,120000,120000,561,1,750,27984.58803908073,48.85208301129751,120438.12929099659,20837.147950089126
1777159013,512,GET,bulk_update_departures,0.400000,0.000000,41000,41000,46000,46000,46000,46000,46000,46000,46000,46000,46000,27,0,66000,55530.41274851636,16310.721708025085,77393.84087501094,106.37037037037037
1777159013,512,GET,large_scan,0.500000,0.000000,57000,59000,122000,122000,122000,122000,122000,122000,122000,122000,122000,37,2,73000,71670.28057892142,27706.795666977996,122171.47595799179,314501.8108108108
1777159013,512,GET,next_departures,0.700000,0.100000,120000,122000,122000,122000,122000,122000,122000,122000,122000,122000,122000,139,6,80000,79704.53698620813,28274.583916005213,122325.0356669887,81.98561151079137
1777159013,512,GET,point_read,2.000000,0.000000,730,115000,122000,122000,122000,122000,122000,122000,122000,122000,122000,344,8,230,4549.555471544303,48.85208301129751,122485.52687501069,79.87209302325581
1777159013,512,GET,trips_per_route,0.500000,0.000000,28000,28000,28000,28000,28000,28000,28000,28000,28000,28000,28000,32,0,22000,25786.66845706448,364.0559169871267,104426.09887500294,372.46875
1777159013,512,,Aggregated,4.100000,0.100000,41000,120000,122000,122000,122000,122000,122000,122000,122000,122000,122000,579,16,890,30432.249809240515,48.85208301129751,122485.52687501069,20190.379965457687
1777159014,512,GET,bulk_update_departures,0.500000,0.000000,41000,46000,46000,122000,122000,122000,122000,122000,122000,122000,122000,28,1,66000,57914.10421135515,16310.721708025085,122273.77370800241,103.32142857142857
1777159014,512,GET,large_scan,0.500000,0.000000,120000,122000,122000,122000,122000,122000,122000,122000,122000,122000,122000,39,4,75000,74213.72767854168,27706.795666977996,122265.18945902353,298374.58974358975
1777159014,512,GET,next_departures,0.600000,0.100000,122000,122000,122000,122000,122000,122000,122000,122000,122000,122000,122000,144,11,80000,81182.46791405483,28274.583916005213,122446.6080830025,79.86805555555556
1777159014,512,GET,point_read,2.000000,0.000000,122000,122000,122000,122000,122000,122000,122000,122000,122000,122000,122000,356,20,240,8517.853497315307,48.85208301129751,122485.52687501069,77.88764044943821
1777159014,512,GET,trips_per_route,0.500000,0.000000,28000,28000,28000,28000,28000,28000,28000,28000,28000,28000,28000,32,0,22000,25786.66845706448,364.0559169871267,104426.09887500294,372.46875
1777159014,512,,Aggregated,4.100000,0.100000,122000,122000,122000,122000,122000,122000,122000,122000,122000,122000,122000,599,36,1300,33495.38382750463,48.85208301129751,122485.52687501069,19516.9449081803
1777159015,512,GET,bulk_update_departures,0.500000,0.000000,46000,46000,122000,122000,122000,122000,122000,122000,122000,122000,122000,29,2,67000,60135.68059344583,16310.721708025085,122339.8192919849,100.48275862068965
1777159015,512,GET,large_scan,0.700000,0.200000,122000,122000,122000,122000,122000,122000,122000,122000,122000,122000,122000,41,6,76000,76540.14006210065,27706.795666977996,122265.18945902353,283820.756097561
1777159015,512,GET,next_departures,1.200000,0.600000,122000,122000,122000,122000,122000,122000,122000,122000,122000,122000,122000,150,15,80000,81888.9079813857,28274.583916005213,122446.6080830025,78.38
1777159015,512,GET,point_read,2.600000,0.600000,122000,122000,122000,122000,122000,122000,122000,122000,122000,122000,122000,369,32,250,12188.87316814162,48.85208301129751,122485.52687501069,76.04607046070461
1777159015,512,GET,trips_per_route,0.200000,0.000000,28000,28000,122000,122000,122000,122000,122000,122000,122000,122000,122000,33,1,22000,28701.721476061997,364.0559169871267,121983.41808398254,361.8181818181818
1777159015,512,,Aggregated,5.200000,1.400000,122000,122000,122000,122000,122000,122000,122000,122000,122000,122000,122000,622,56,2100,36350.912676395834,48.85208301129751,122485.52687501069,18796.33922829582
1777159016,512,GET,bulk_update_departures,0.500000,0.100000,122000,122000,122000,122000,122000,122000,122000,122000,122000,122000,122000,30,3,67000,62191.815544498,16310.721708025085,122339.8192919849,97.83333333333333
1777159016,512,GET,large_scan,0.800000,0.400000,122000,122000,122000,122000,122000,122000,122000,122000,122000,122000,122000,43,8,78000,78648.80055146899,27706.795666977996,122265.18945902353,270620.76744186046
1777159016,512,GET,next_departures,1.200000,0.900000,122000,122000,122000,122000,122000,122000,122000,122000,122000,122000,122000,157,19,80000,82379.18224097393,28274.583916005213,122446.6080830025,77.06369426751593
1777159016,512,GET,point_read,3.600000,1.900000,122000,122000,122000,122000,122000,122000,122000,122000,122000,122000,122000,374,36,250,13330.736143166438,48.85208301129751,122485.52687501069,75.47326203208556
1777159016,512,GET,trips_per_route,0.200000,0.000000,122000,122000,122000,122000,122000,122000,122000,122000,122000,122000,122000,34,2,22000,31441.08197797237,364.0559169871267,121983.41808398254,351.79411764705884
1777159016,512,,Aggregated,6.300000,3.300000,122000,122000,122000,122000,122000,122000,122000,122000,122000,122000,122000,638,68,3700,37987.26740858356,48.85208301129751,122485.52687501069,18325.885579937305
1777159017,512,GET,bulk_update_departures,0.400000,0.100000,122000,122000,122000,122000,122000,122000,122000,122000,122000,122000,122000,32,5,68000,65916.36259771622,16310.721708025085,122339.8192919849,93.03125
1777159017,512,GET,large_scan,1.000000,0.600000,122000,122000,122000,122000,122000,122000,122000,122000,122000,122000,122000,46,9,76000,78582.03433432904,27706.795666977996,122265.18945902353,267427.3043478261
1777159017,512,GET,next_departures,1.900000,1.500000,122000,122000,122000,122000,122000,122000,122000,122000,122000,122000,122000,171,28,81000,83390.58108869562,28274.583916005213,122446.6080830025,74.37426900584795
1777159017,512,GET,point_read,4.400000,3.000000,122000,122000,122000,122000,122000,122000,122000,122000,122000,122000,122000,390,46,260,15909.766133013487,48.85208301129751,122485.52687501069,74.16666666666667
1777159017,512,GET,trips_per_route,0.200000,0.100000,15000,122000,122000,122000,122000,122000,122000,122000,122000,122000,122000,36,2,22000,30504.44701855708,364.0559169871267,121983.41808398254,352.94444444444446
1777159017,512,,Aggregated,7.900000,5.300000,122000,122000,122000,122000,122000,122000,122000,122000,122000,122000,122000,675,90,9500,40424.97101217231,48.85208301129751,122485.52687501069,18309.602962962963
1777159018,512,GET,bulk_update_departures,0.500000,0.200000,122000,122000,122000,122000,122000,122000,122000,122000,122000,122000,122000,34,7,69000,69208.67900126305,16310.721708025085,122339.8192919849,88.79411764705883
1777159018,512,GET,large_scan,1.100000,0.800000,122000,122000,122000,122000,122000,122000,122000,122000,122000,122000,122000,49,10,76000,78064.0272084102,27706.795666977996,122265.18945902353,264624.85714285716
1777159018,512,GET,next_departures,2.500000,1.800000,122000,122000,122000,122000,122000,122000,122000,122000,122000,122000,122000,182,35,81000,84044.55725962578,28274.583916005213,122446.6080830025,72.54945054945055
1777159018,512,GET,point_read,4.700000,3.600000,122000,122000,122000,122000,122000,122000,122000,122000,122000,122000,122000,402,55,260,18163.74723269714,48.85208301129751,122485.52687501069,73.0223880597015
1777159018,512,GET,trips_per_route,0.300000,0.200000,15000,122000,122000,122000,122000,122000,122000,122000,122000,122000,122000,36,2,22000,30504.44701855708,364.0559169871267,121983.41808398254,352.94444444444446
1777159018,512,,Aggregated,9.100000,6.600000,122000,122000,122000,122000,122000,122000,122000,122000,122000,122000,122000,703,109,16000,42495.48836517674,48.85208301129751,122485.52687501069,18527.598862019913
1777159019,512,GET,bulk_update_departures,0.800000,0.500000,122000,122000,122000,122000,122000,122000,122000,122000,122000,122000,122000,36,8,69000,70020.955459526,16310.721708025085,122339.8192919849,87.44444444444444
1777159019,512,GET,large_scan,1.200000,0.900000,122000,122000,122000,122000,122000,122000,122000,122000,122000,122000,122000,55,15,78000,81581.7063288742,27706.795666977996,122265.18945902353,241803.56363636363
1777159019,512,GET,next_departures,4.000000,2.700000,122000,122000,122000,122000,122000,122000,122000,122000,122000,122000,122000,194,42,81000,84764.79554790181,28274.583916005213,122446.6080830025,71.01546391752578
1777159019,512,GET,point_read,6.000000,4.600000,122000,122000,122000,122000,122000,122000,122000,122000,122000,122000,122000,413,62,260,19746.102778659064,48.85208301129751,122485.52687501069,72.22033898305085
1777159019,512,GET,trips_per_route,0.500000,0.200000,15000,122000,122000,122000,122000,122000,122000,122000,122000,122000,122000,36,2,22000,30504.44701855708,364.0559169871267,121983.41808398254,352.94444444444446
1777159019,512,,Aggregated,12.500000,8.900000,122000,122000,122000,122000,122000,122000,122000,122000,122000,122000,122000,734,129,22000,44557.791718226465,48.85208301129751,122485.52687501069,18199.801089918255
1777159020,512,GET,bulk_update_departures,1.000000,0.700000,122000,122000,122000,122000,122000,122000,122000,122000,122000,122000,122000,38,9,69000,70468.9624002617,16310.721708025085,122339.8192919849,86.26315789473684
1777159020,512,GET,large_scan,1.500000,1.000000,122000,122000,122000,122000,122000,122000,122000,122000,122000,122000,122000,57,16,78000,81882.21145110724,27706.795666977996,122265.18945902353,239152.45614035087
1777159020,512,GET,next_departures,5.100000,3.500000,122000,122000,122000,122000,122000,122000,122000,122000,122000,122000,122000,205,50,82000,85756.48663294099,28274.583916005213,122446.6080830025,69.28780487804877
1777159020,512,GET,point_read,7.400000,5.500000,122000,122000,122000,122000,122000,122000,122000,122000,122000,122000,122000,423,72,280,22160.350859343256,48.85208301129751,122485.52687501069,71.00945626477541
1777159020,512,GET,trips_per_route,0.500000,0.200000,15000,122000,122000,122000,122000,122000,122000,122000,122000,122000,122000,36,2,22000,30504.44701855708,364.0559169871267,121983.41808398254,352.94444444444446
1777159020,512,,Aggregated,15.500000,10.900000,122000,122000,122000,122000,122000,122000,122000,122000,122000,122000,122000,759,149,31000,46636.594057768394,48.85208301129751,122485.52687501069,18039.413702239788
1777159021,512,GET,bulk_update_departures,1.200000,0.800000,122000,122000,122000,122000,122000,122000,122000,122000,122000,122000,122000,40,10,69000,71174.2302396233,16310.721708025085,122339.8192919849,85.175
1777159021,512,GET,large_scan,2.000000,1.500000,122000,122000,122000,122000,122000,122000,122000,122000,122000,122000,122000,59,18,82000,83238.23342452681,27706.795666977996,122265.18945902353,231046.30508474575
1777159021,512,GET,next_departures,6.300000,4.200000,122000,122000,122000,122000,122000,122000,122000,122000,122000,122000,122000,213,55,83000,86246.68929324829,28274.583916005213,122446.6080830025,68.37089201877934
1777159021,512,GET,point_read,8.400000,6.200000,122000,122000,122000,122000,122000,122000,122000,122000,122000,122000,122000,434,82,280,24411.102434339216,48.85208301129751,122485.52687501069,69.88018433179724
1777159021,512,GET,trips_per_route,0.400000,0.200000,122000,122000,122000,122000,122000,122000,122000,122000,122000,122000,122000,39,4,22000,34827.87663679576,364.0559169871267,122165.53320898674,336.43589743589746
1777159021,512,,Aggregated,18.300000,12.900000,122000,122000,122000,122000,122000,122000,122000,122000,122000,122000,122000,785,169,40000,48511.17891265243,48.85208301129751,122485.52687501069,17443.504458598727
1777159022,512,GET,bulk_update_departures,1.300000,0.900000,122000,122000,122000,122000,122000,122000,122000,122000,122000,122000,122000,41,10,69000,70526.36378358344,16310.721708025085,122339.8192919849,85.73170731707317
1777159022,512,GET,large_scan,2.300000,1.600000,122000,122000,122000,122000,122000,122000,122000,122000,122000,122000,122000,59,18,82000,83238.23342452681,27706.795666977996,122265.18945902353,231046.30508474575
1777159022,512,GET,next_departures,7.200000,4.900000,122000,122000,122000,122000,122000,122000,122000,122000,122000,122000,122000,215,55,82000,85923.76604788333,28274.583916005213,122446.6080830025,68.53953488372093
1777159022,512,GET,point_read,9.400000,7.200000,122000,122000,122000,122000,122000,122000,122000,122000,122000,122000,122000,435,82,280,24355.116750775225,48.85208301129751,122485.52687501069,69.9080459770115
1777159022,512,GET,trips_per_route,0.400000,0.200000,122000,122000,122000,122000,122000,122000,122000,122000,122000,122000,122000,39,4,22000,34827.87663679576,364.0559169871267,122165.53320898674,336.43589743589746
1777159022,512,,Aggregated,20.600000,14.800000,122000,122000,122000,122000,122000,122000,122000,122000,122000,122000,122000,789,169,41000,48452.483349671966,48.85208301129751,122485.52687501069,17355.531051964514
1777159023,512,GET,bulk_update_departures,1.400000,1.000000,122000,122000,122000,122000,122000,122000,122000,122000,122000,122000,122000,42,10,68000,69990.58016868851,16310.721708025085,122339.8192919849,86.14285714285714
1777159023,512,GET,large_scan,2.400000,1.800000,122000,122000,122000,122000,122000,122000,122000,122000,122000,122000,122000,61,18,78000,82141.9548853291,27706.795666977996,122265.18945902353,234371.77049180327
1777159023,512,GET,next_departures,7.700000,5.400000,122000,122000,122000,122000,122000,122000,122000,122000,122000,122000,122000,216,55,82000,85777.13919696721,28274.583916005213,122446.6080830025,68.62037037037037
1777159023,512,GET,point_read,10.200000,8.200000,122000,122000,122000,122000,122000,122000,122000,122000,122000,122000,122000,435,82,280,24355.116750775225,48.85208301129751,122485.52687501069,69.9080459770115
1777159023,512,GET,trips_per_route,0.700000,0.400000,122000,122000,122000,122000,122000,122000,122000,122000,122000,122000,122000,39,4,22000,34827.87663679576,364.0559169871267,122165.53320898674,336.43589743589746
1777159023,512,,Aggregated,22.400000,16.800000,122000,122000,122000,122000,122000,122000,122000,122000,122000,122000,122000,793,169,43000,48462.65908834448,48.85208301129751,122485.52687501069,18106.74527112232
1777159024,512,GET,bulk_update_departures,1.500000,1.000000,122000,122000,122000,122000,122000,122000,122000,122000,122000,122000,122000,44,10,67000,68419.35395363411,16310.721708025085,122339.8192919849,87.13636363636364
1777159024,512,GET,large_scan,2.400000,1.800000,122000,122000,122000,122000,122000,122000,122000,122000,122000,122000,122000,62,19,78000,82780.31308543653,27706.795666977996,122265.18945902353,230591.9193548387
1777159024,512,GET,next_departures,8.000000,5.400000,122000,122000,122000,122000,122000,122000,122000,122000,122000,122000,122000,220,58,82000,86170.90985399505,28274.583916005213,122446.6080830025,68.05
1777159024,512,GET,point_read,10.000000,8.200000,122000,122000,122000,122000,122000,122000,122000,122000,122000,122000,122000,436,83,280,24577.51668789276,48.85208301129751,122485.52687501069,69.79587155963303
1777159024,512,GET,trips_per_route,0.700000,0.400000,21000,122000,122000,122000,122000,122000,122000,122000,122000,122000,122000,40,4,22000,34469.8538823257,364.0559169871267,122165.53320898674,337.35
1777159024,512,,Aggregated,22.600000,16.800000,122000,122000,122000,122000,122000,122000,122000,122000,122000,122000,122000,802,174,44000,48871.59923235679,48.85208301129751,122485.52687501069,17904.52493765586
1777159025,512,GET,bulk_update_departures,1.600000,1.000000,122000,122000,122000,122000,122000,122000,122000,122000,122000,122000,122000,45,10,67000,67897.06864726484,16310.721708025085,122339.8192919849,87.62222222222222
1777159025,512,GET,large_scan,2.300000,1.600000,122000,122000,122000,122000,122000,122000,122000,122000,122000,122000,122000,63,19,78000,82235.52588633419,27706.795666977996,122265.18945902353,232209.07936507938
1777159025,512,GET,next_departures,7.700000,4.900000,122000,122000,122000,122000,122000,122000,122000,122000,122000,122000,122000,235,65,82000,86141.37461614027,28274.583916005213,122446.6080830025,67.2468085106383
1777159025,512,GET,point_read,9.300000,7.600000,122000,122000,122000,122000,122000,122000,122000,123000,123000,123000,123000,451,98,290,27824.074945501627,48.85208301129751,122558.45308298012,68.1729490022173
1777159025,512,GET,trips_per_route,0.700000,0.400000,21000,21000,122000,122000,122000,122000,122000,122000,122000,122000,122000,40,4,22000,34469.8538823257,364.0559169871267,122165.53320898674,337.35
1777159025,512,,Aggregated,21.600000,15.500000,122000,122000,122000,122000,122000,122000,122000,122000,123000,123000,123000,834,196,47000,50847.5793890566,48.85208301129751,122558.45308298012,17617.695443645083
1777159026,512,GET,bulk_update_departures,1.500000,0.900000,47000,122000,122000,122000,122000,122000,122000,122000,122000,122000,122000,45,10,67000,67897.06864726484,16310.721708025085,122339.8192919849,87.62222222222222
1777159026,512,GET,large_scan,2.200000,1.400000,58000,122000,122000,122000,122000,122000,122000,122000,122000,122000,122000,67,20,78000,81474.91027307593,27706.795666977996,122265.18945902353,233233.02985074627
1777159026,512,GET,next_departures,7.700000,4.800000,122000,122000,122000,122000,122000,122000,122000,122000,122000,122000,122000,251,74,83000,86251.92079964097,22910.75162499328,122455.49225001014,66.11952191235059
1777159026,512,GET,point_read,8.100000,6.400000,122000,122000,122000,122000,122000,122000,122000,123000,123000,123000,123000,464,108,300,29678.22286530865,48.85208301129751,122558.45308298012,67.24137931034483
1777159026,512,GET,trips_per_route,0.800000,0.400000,21000,21000,122000,122000,122000,122000,122000,122000,122000,122000,122000,40,4,22000,34469.8538823257,364.0559169871267,122165.53320898674,337.35
1777159026,512,,Aggregated,20.300000,13.900000,122000,122000,122000,122000,122000,122000,122000,122000,123000,123000,123000,867,216,50000,52264.02394801515,48.85208301129751,122558.45308298012,18099.014994232988
1777159027,512,GET,bulk_update_departures,1.700000,0.900000,46000,48000,122000,122000,122000,122000,122000,122000,122000,122000,122000,45,10,67000,67897.06864726484,16310.721708025085,122339.8192919849,87.62222222222222
1777159027,512,GET,large_scan,2.100000,1.300000,122000,122000,122000,122000,122000,122000,122000,122000,122000,122000,122000,71,23,78000,82781.41344666341,27706.795666977996,122265.18945902353,224776.74647887325
1777159027,512,GET,next_departures,8.600000,5.000000,122000,122000,122000,122000,122000,122000,122000,122000,122000,122000,122000,260,80,83000,86725.52890961885,22910.75162499328,122455.49225001014,65.31538461538462
1777159027,512,GET,point_read,7.700000,6.100000,122000,122000,122000,122000,122000,122000,122000,123000,123000,123000,123000,476,118,310,31494.65046140589,48.85208301129751,122558.45308298012,66.3298319327731
1777159027,512,GET,trips_per_route,0.700000,0.300000,21000,122000,122000,122000,122000,122000,122000,122000,122000,122000,122000,41,5,22000,36599.253419756875,364.0559169871267,122165.53320898674,329.6341463414634
1777159027,512,,Aggregated,20.800000,13.600000,122000,122000,122000,122000,122000,122000,122000,122000,123000,123000,123000,893,236,53000,53721.734569070744,48.85208301129751,122558.45308298012,17945.310190369542
1777159028,512,GET,bulk_update_departures,1.700000,0.900000,46000,47000,48000,122000,122000,122000,122000,122000,122000,122000,122000,46,10,66000,67418.37481615062,16310.721708025085,122339.8192919849,87.95652173913044
1777159028,512,GET,large_scan,2.100000,1.300000,122000,122000,122000,122000,122000,122000,122000,122000,122000,122000,122000,75,27,82000,84869.91010173457,27706.795666977996,122265.18945902353,212789.77333333335
1777159028,512,GET,next_departures,8.600000,5.000000,122000,122000,122000,122000,122000,122000,122000,122000,122000,122000,122000,264,83,83000,87013.6046635185,22910.75162499328,122455.49225001014,64.89015151515152
1777159028,512,GET,point_read,7.700000,6.100000,122000,122000,122000,122000,122000,122000,122000,123000,123000,123000,123000,482,124,320,32620.030578500347,48.85208301129751,122558.45308298012,65.7655601659751
1777159028,512,GET,trips_per_route,0.700000,0.300000,122000,122000,122000,122000,122000,122000,122000,122000,122000,122000,122000,41,5,22000,36599.253419756875,364.0559169871267,122165.53320898674,329.6341463414634
1777159028,512,,Aggregated,20.800000,13.600000,122000,122000,122000,122000,122000,122000,122000,122000,123000,123000,123000,908,249,53000,54693.286629283175,48.85208301129751,122558.45308298012,17649.36563876652
1777159029,512,GET,bulk_update_departures,1.300000,0.500000,45000,46000,47000,48000,122000,122000,122000,122000,122000,122000,122000,47,10,66000,66807.57953638169,16310.721708025085,122339.8192919849,88.38297872340425
1777159029,512,GET,large_scan,2.700000,1.400000,122000,122000,122000,122000,122000,122000,122000,122000,122000,122000,122000,78,28,82000,84328.82124633425,27706.795666977996,122265.18945902353,213130.78205128206
1777159029,512,GET,next_departures,8.700000,5.300000,122000,122000,122000,122000,122000,122000,122000,122000,122000,122000,122000,275,89,83000,87141.9180363671,22910.75162499328,122455.49225001014,64.32
1777159029,512,GET,point_read,8.800000,7.100000,122000,122000,122000,122000,122000,122000,122000,123000,123000,123000,123000,494,133,340,34049.36256706318,48.85208301129751,122558.45308298012,65.04858299595142
1777159029,512,GET,trips_per_route,0.500000,0.300000,122000,122000,122000,122000,122000,122000,122000,122000,122000,122000,122000,42,6,22000,38628.87577881061,364.0559169871267,122165.53320898674,322.2857142857143
1777159029,512,,Aggregated,22.000000,14.600000,122000,122000,122000,122000,122000,122000,122000,122000,123000,123000,123000,936,266,54000,55688.49321182079,48.85208301129751,122558.45308298012,17833.02670940171
1777159030,512,GET,bulk_update_departures,1.200000,0.300000,46000,47000,48000,48000,121000,122000,122000,122000,122000,122000,122000,50,12,66000,68608.43405835914,16310.721708025085,122339.8192919849,85.98
1777159030,512,GET,large_scan,2.600000,1.700000,122000,122000,122000,122000,122000,122000,122000,122000,122000,122000,122000,81,31,82000,85716.0397392725,27706.795666977996,122265.18945902353,205237.82716049382
1777159030,512,GET,next_departures,8.300000,4.800000,122000,122000,122000,122000,122000,122000,122000,122000,122000,122000,122000,286,96,83000,87451.40878569565,22910.75162499328,122455.49225001014,63.54895104895105
1777159030,512,GET,point_read,8.100000,6.900000,122000,122000,122000,122000,122000,122000,122000,123000,123000,123000,123000,501,138,350,34790.02359207428,48.85208301129751,122558.45308298012,64.67465069860279
1777159030,512,GET,trips_per_route,0.500000,0.300000,122000,122000,122000,122000,122000,122000,122000,122000,122000,122000,122000,43,7,23000,40570.13017639686,364.0559169871267,122165.53320898674,315.27906976744185
1777159030,512,,Aggregated,20.700000,14.000000,122000,122000,122000,122000,122000,122000,122000,122000,123000,123000,123000,961,284,56000,56772.98777494516,48.85208301129751,122558.45308298012,17370.13215400624
1777159031,512,GET,bulk_update_departures,1.100000,0.200000,46000,47000,48000,121000,122000,122000,122000,122000,122000,122000,122000,51,12,66000,68136.33535786158,16310.721708025085,122339.8192919849,86.43137254901961
1777159031,512,GET,large_scan,2.300000,1.300000,122000,122000,122000,122000,122000,122000,122000,122000,122000,122000,122000,84,34,83000,87006.86290135767,27706.795666977996,122265.18945902353,197908.65476190476
1777159031,512,GET,next_departures,8.000000,4.700000,122000,122000,122000,122000,122000,122000,122000,122000,122000,122000,122000,296,103,83000,87973.01217455727,22910.75162499328,122455.49225001014,62.773648648648646
1777159031,512,GET,point_read,7.900000,7.100000,122000,122000,122000,122000,122000,122000,122000,123000,123000,123000,123000,523,145,410,35139.495193128474,48.85208301129751,122558.45308298012,64.5717017208413
1777159031,512,GET,trips_per_route,0.600000,0.400000,122000,122000,122000,122000,122000,122000,122000,122000,122000,122000,122000,43,7,23000,40570.13017639686,364.0559169871267,122165.53320898674,315.27906976744185
1777159031,512,,Aggregated,19.900000,13.700000,122000,122000,122000,122000,122000,122000,122000,122000,123000,123000,123000,997,301,56000,57117.36486883175,48.85208301129751,122558.45308298012,16744.878635907724
