Timestamp,User Count,Type,Name,Requests/s,Failures/s,50%,66%,75%,80%,90%,95%,98%,99%,99.9%,99.99%,100%,Total Request Count,Total Failure Count,Total Median Response Time,Total Average Response Time,Total Min Response Time,Total Max Response Time,Total Average Content Size
1777158434,0,,Aggregated,0.000000,0.000000,N/A,N/A,N/A,N/A,N/A,N/A,N/A,N/A,N/A,N/A,N/A,0,0,0,0.0,0,0,0
1777158435,20,GET,point_read,0.000000,0.000000,0,0,0,0,0,0,0,0,0,0,0,9,0,300,271.52034255818256,61.91362498793751,365.8655410108622,81.33333333333333
1777158435,20,,Aggregated,0.000000,0.000000,0,0,0,0,0,0,0,0,0,0,0,9,0,300,271.52034255818256,61.91362498793751,365.8655410108622,81.33333333333333
1777158436,40,GET,point_read,0.000000,0.000000,0,0,0,0,0,0,0,0,0,0,0,10,0,290,263.15427490335423,61.91362498793751,365.8655410108622,81.3
1777158436,40,GET,trips_per_route,0.000000,0.000000,0,0,0,0,0,0,0,0,0,0,0,1,0,1983.5966250102501,1983.5966250102501,1983.5966250102501,1983.5966250102501,373.0
1777158436,40,,Aggregated,0.000000,0.000000,300,350,360,360,370,2000,2000,2000,2000,2000,2000,11,0,300,419.55812491307205,61.91362498793751,1983.5966250102501,107.81818181818181
1777158437,60,GET,large_scan,0.000000,0.000000,0,0,0,0,0,0,0,0,0,0,0,1,0,2474.440082994988,2474.440082994988,2474.440082994988,2474.440082994988,332473.0
1777158437,60,GET,next_departures,0.000000,0.000000,0,0,0,0,0,0,0,0,0,0,0,2,0,2300,2297.176062493236,2250.7503330125473,2343.6017919739243,86.5
1777158437,60,GET,point_read,0.000000,0.000000,300,340,350,350,360,370,370,370,370,370,370,12,0,290,253.32914925093064,61.91362498793751,365.8655410108622,81.41666666666667
1777158437,60,GET,trips_per_route,0.000000,0.000000,0,0,0,0,0,0,0,0,0,0,0,1,0,1983.5966250102501,1983.5966250102501,1983.5966250102501,1983.5966250102501,373.0
1777158437,60,,Aggregated,0.000000,0.000000,340,360,2000,2000,2300,2500,2500,2500,2500,2500,2500,16,0,340,755.7711640001799,61.91362498793751,2474.440082994988,20874.75
1777158438,64,GET,large_scan,0.000000,0.000000,0,0,0,0,0,0,0,0,0,0,0,1,0,2474.440082994988,2474.440082994988,2474.440082994988,2474.440082994988,332473.0
1777158438,64,GET,next_departures,0.000000,0.000000,0,0,0,0,0,0,0,0,0,0,0,2,0,2300,2297.176062493236,2250.7503330125473,2343.6017919739243,86.5
1777158438,64,GET,point_read,5.000000,0.000000,290,340,340,350,360,370,370,370,370,370,370,13,0,290,239.11767300048197,61.91362498793751,365.8655410108622,81.3076923076923
1777158438,64,GET,trips_per_route,0.000000,0.000000,2300,2300,2300,2300,2300,2300,2300,2300,2300,2300,2300,2,0,2000,2134.9483750091167,1983.5966250102501,2286.3001250079833,372.5
1777158438,64,,Aggregated,5.000000,0.000000,340,360,2000,2300,2300,2500,2500,2500,2500,2500,2500,18,0,340,802.6232615003311,61.91362498793751,2474.440082994988,18580.444444444445
1777158439,64,GET,large_scan,0.000000,0.000000,2500,2500,2600,2600,2600,2600,2600,2600,2600,2600,2600,3,0,2500,2416.0301109950524,2154.7012079972774,2618.9490419928916,332473.3333333333
1777158439,64,GET,next_departures,0.000000,0.000000,2200,2200,2200,2200,2200,2200,2200,2200,2200,2200,2200,3,0,2300,2269.960583333159,2215.529625013005,2343.6017919739243,86.66666666666667
1777158439,64,GET,point_read,3.333333,0.000000,310,340,360,360,4800,5000,5000,5000,5000,5000,5000,16,0,300,823.0681900622585,61.91362498793751,4962.270957999863,81.3125
1777158439,64,GET,trips_per_route,0.333333,0.000000,2300,2300,2300,2300,2300,2300,2300,2300,2300,2300,2300,3,0,2286.3001250079833,2177.6574306713883,1983.5966250102501,2286.3001250079833,372.6666666666667
1777158439,64,,Aggregated,3.666667,0.000000,360,2200,2300,2300,2600,4800,5000,5000,5000,5000,5000,25,0,360,1350.4014166397974,61.91362498793751,4962.270957999863,40003.96
1777158440,64,GET,bulk_update_departures,0.000000,0.000000,0,0,0,0,0,0,0,0,0,0,0,1,0,5854.916624986799,5854.916624986799,5854.916624986799,5854.916624986799,108.0
1777158440,64,GET,large_scan,0.250000,0.000000,2500,2500,2600,2600,2600,2600,2600,2600,2600,2600,2600,3,0,2500,2416.0301109950524,2154.7012079972774,2618.9490419928916,332473.3333333333
1777158440,64,GET,next_departures,0.500000,0.000000,2200,2200,5700,5700,5700,5700,5700,5700,5700,5700,5700,5,0,2300,2861.4244918047916,1812.4043749994598,5684.836334025022,85.4
1777158440,64,GET,point_read,3.000000,0.000000,300,340,360,370,4800,4900,5000,5000,5000,5000,5000,21,0,300,1105.9062618573773,61.91362498793751,4962.270957999863,81.38095238095238
1777158440,64,GET,trips_per_route,0.250000,0.000000,2300,2300,2300,2300,2300,2300,2300,2300,2300,2300,2300,3,0,2286.3001250079833,2177.6574306713883,1983.5966250102501,2286.3001250079833,372.6666666666667
1777158440,64,,Aggregated,4.000000,0.000000,370,2300,2300,2600,4900,5700,5900,5900,5900,5900,5900,33,0,370,1732.3373699398485,61.91362498793751,5854.916624986799,30326.727272727272
1777158441,64,GET,bulk_update_departures,0.000000,0.000000,0,0,0,0,0,0,0,0,0,0,0,1,0,5854.916624986799,5854.916624986799,5854.916624986799,5854.916624986799,108.0
1777158441,64,GET,large_scan,0.200000,0.000000,2500,2500,2600,2600,2600,2600,2600,2600,2600,2600,2600,3,0,2500,2416.0301109950524,2154.7012079972774,2618.9490419928916,332473.3333333333
1777158441,64,GET,next_departures,0.600000,0.000000,2200,2200,5700,5700,5700,5700,5700,5700,5700,5700,5700,5,0,2300,2861.4244918047916,1812.4043749994598,5684.836334025022,85.4
1777158441,64,GET,point_read,2.600000,0.000000,310,350,4500,4800,5200,5400,5600,5600,5600,5600,5600,30,0,300,1504.9544207004753,61.91362498793751,5565.908165997826,81.4
1777158441,64,GET,trips_per_route,0.400000,0.000000,2300,2300,2300,2300,2300,2300,2300,2300,2300,2300,2300,3,0,2286.3001250079833,2177.6574306713883,1983.5966250102501,2286.3001250079833,372.6666666666667
1777158441,64,,Aggregated,3.800000,0.000000,370,2300,2600,4600,5200,5600,5900,5900,5900,5900,5900,42,0,360,1883.1365316672461,61.91362498793751,5854.916624986799,23845.595238095237
1777158442,64,GET,bulk_update_departures,0.000000,0.000000,5900,5900,5900,5900,5900,5900,5900,5900,5900,5900,5900,1,0,5854.916624986799,5854.916624986799,5854.916624986799,5854.916624986799,108.0
1777158442,64,GET,large_scan,0.500000,0.000000,2500,2500,2600,2600,2600,2600,2600,2600,2600,2600,2600,3,0,2500,2416.0301109950524,2154.7012079972774,2618.9490419928916,332473.3333333333
1777158442,64,GET,next_departures,0.500000,0.000000,5700,7100,7100,7800,7800,7800,7800,7800,7800,7800,7800,7,0,2300,4175.076982143634,1812.4043749994598,7838.415874983184,85.71428571428571
1777158442,64,GET,point_read,2.666667,0.000000,320,4500,4900,5200,5600,5600,5700,5700,5700,5700,5700,37,0,320,1991.9867149461375,61.91362498793751,5719.884791993536,81.45945945945945
1777158442,64,GET,trips_per_route,0.500000,0.000000,2300,2300,2300,2300,2300,2300,2300,2300,2300,2300,2300,3,0,2286.3001250079833,2177.6574306713883,1983.5966250102501,2286.3001250079833,372.6666666666667
1777158442,64,,Aggregated,4.166667,0.000000,2000,2600,5000,5400,5600,5900,7100,7800,7800,7800,7800,51,0,2000,2403.2358152548754,61.91362498793751,7838.415874983184,19652.156862745098
1777158443,64,GET,bulk_update_departures,0.142857,0.000000,5900,5900,5900,5900,5900,5900,5900,5900,5900,5900,5900,1,0,5854.916624986799,5854.916624986799,5854.916624986799,5854.916624986799,108.0
1777158443,64,GET,large_scan,0.428571,0.000000,2500,2500,2600,2600,2600,2600,2600,2600,2600,2600,2600,3,0,2500,2416.0301109950524,2154.7012079972774,2618.9490419928916,332473.3333333333
1777158443,64,GET,next_departures,0.714286,0.000000,5900,5900,7100,7100,7800,7800,7800,7800,7800,7800,7800,8,0,2300,4394.199567752366,1812.4043749994598,7838.415874983184,85.875
1777158443,64,GET,point_read,3.428571,0.000000,310,4500,4900,5100,5600,5600,5700,5700,5700,5700,5700,41,0,310,1928.611108608737,52.625416981754825,5719.884791993536,81.46341463414635
1777158443,64,GET,trips_per_route,0.428571,0.000000,2300,2300,2300,2300,2300,2300,2300,2300,2300,2300,2300,3,0,2286.3001250079833,2177.6574306713883,1983.5966250102501,2286.3001250079833,372.6666666666667
1777158443,64,,Aggregated,5.142857,0.000000,2000,2600,5100,5400,5700,5900,7100,7800,7800,7800,7800,56,0,1800,2390.404129374344,52.625416981754825,7838.415874983184,17904.875
1777158444,64,GET,bulk_update_departures,0.125000,0.000000,5900,5900,5900,5900,5900,5900,5900,5900,5900,5900,5900,1,0,5854.916624986799,5854.916624986799,5854.916624986799,5854.916624986799,108.0
1777158444,64,GET,large_scan,0.375000,0.000000,2500,2500,2600,2600,2600,2600,2600,2600,2600,2600,2600,3,0,2500,2416.0301109950524,2154.7012079972774,2618.9490419928916,332473.3333333333
1777158444,64,GET,next_departures,0.750000,0.000000,5900,5900,7100,7100,7800,7800,7800,7800,7800,7800,7800,8,0,2300,4394.199567752366,1812.4043749994598,7838.415874983184,85.875
1777158444,64,GET,point_read,4.000000,0.000000,300,360,4800,5000,5600,5600,5700,5700,5700,5700,5700,46,0,300,1727.2546602167574,52.625416981754825,5719.884791993536,81.45652173913044
1777158444,64,GET,trips_per_route,0.375000,0.000000,2300,8400,8400,9300,9300,9300,9300,9300,9300,9300,9300,5,0,2300,4848.359733406687,1983.5966250102501,9276.592542009894,372.4
1777158444,64,,Aggregated,5.625000,0.000000,370,2600,5100,5600,5700,7100,8400,9300,9300,9300,9300,63,0,370,2411.938357730082,52.625416981754825,9276.592542009894,15933.714285714286
1777158445,64,GET,bulk_update_departures,0.111111,0.000000,5900,5900,5900,5900,5900,5900,5900,5900,5900,5900,5900,1,0,5854.916624986799,5854.916624986799,5854.916624986799,5854.916624986799,108.0
1777158445,64,GET,large_scan,0.333333,0.000000,2600,2600,5800,5800,5800,5800,5800,5800,5800,5800,5800,4,0,2500,3252.2688539975206,2154.7012079972774,5760.985083004925,332473.25
1777158445,64,GET,next_departures,0.777778,0.000000,5900,6700,7100,7100,7800,7800,7800,7800,7800,7800,7800,9,0,5700,4651.410226891231,1812.4043749994598,7838.415874983184,85.88888888888889
1777158445,64,GET,point_read,4.333333,0.000000,300,360,4800,5000,5600,5600,5700,5700,5700,5700,5700,47,0,300,1692.2663474248652,52.625416981754825,5719.884791993536,81.46808510638297
1777158445,64,GET,trips_per_route,0.333333,0.000000,2300,8400,8400,9300,9300,9300,9300,9300,9300,9300,9300,5,0,2300,4848.359733406687,1983.5966250102501,9276.592542009894,372.4
1777158445,64,,Aggregated,5.888889,0.000000,2300,4900,5600,5600,5900,7800,8400,9300,9300,9300,9300,66,0,370,2492.500016348486,52.625416981754825,9276.592542009894,20249.469696969696
1777158446,64,GET,bulk_update_departures,0.100000,0.000000,5900,5900,5900,5900,5900,5900,5900,5900,5900,5900,5900,1,0,5854.916624986799,5854.916624986799,5854.916624986799,5854.916624986799,108.0
1777158446,64,GET,large_scan,0.300000,0.000000,2600,2600,5800,5800,5800,5800,5800,5800,5800,5800,5800,4,0,2500,3252.2688539975206,2154.7012079972774,5760.985083004925,332473.25
1777158446,64,GET,next_departures,0.800000,0.000000,5900,6700,7100,7800,10000,10000,10000,10000,10000,10000,10000,11,0,5700,4980.6443447305355,1812.4043749994598,10370.63262501033,85.9090909090909
1777158446,64,GET,point_read,4.300000,0.000000,300,4600,5000,5200,5600,5600,5700,5700,5700,5700,5700,48,0,290,1658.1502299371398,52.625416981754825,5719.884791993536,81.47916666666667
1777158446,64,GET,trips_per_route,0.400000,0.000000,2300,8400,8400,9300,9300,9300,9300,9300,9300,9300,9300,5,0,2300,4848.359733406687,1983.5966250102501,9276.592542009894,372.4
1777158446,64,,Aggregated,5.900000,0.000000,2300,5000,5600,5600,6700,8400,9300,10000,10000,10000,10000,69,0,1800,2572.2331816960714,52.625416981754825,10370.63262501033,19372.739130434784
1777158447,64,GET,bulk_update_departures,0.100000,0.000000,5900,5900,5900,5900,5900,5900,5900,5900,5900,5900,5900,1,0,5854.916624986799,5854.916624986799,5854.916624986799,5854.916624986799,108.0
1777158447,64,GET,large_scan,0.300000,0.000000,2600,2900,2900,5800,5800,5800,5800,5800,5800,5800,5800,5,0,2600,3174.3717915960588,2154.7012079972774,5760.985083004925,332473.2
1777158447,64,GET,next_departures,0.800000,0.000000,6300,6700,7800,7800,10000,12000,12000,12000,12000,12000,12000,14,0,5900,5628.519979218254,1812.4043749994598,11702.044792007655,85.92857142857143
1777158447,64,GET,point_read,4.600000,0.000000,270,4600,5000,5200,5600,5600,5700,5700,5700,5700,5700,49,0,290,1626.1496827337767,52.625416981754825,5719.884791993536,81.46938775510205
1777158447,64,GET,trips_per_route,0.500000,0.000000,8400,8400,9300,9300,9300,9300,9300,9300,9300,9300,9300,5,0,2300,4848.359733406687,1983.5966250102501,9276.592542009894,372.4
1777158447,64,,Aggregated,6.300000,0.000000,2600,5400,5600,5800,7100,9300,10000,12000,12000,12000,12000,74,0,2000,2762.8268704460966,52.625416981754825,11702.044792007655,22561.22972972973
1777158448,64,GET,bulk_update_departures,0.100000,0.000000,5900,5900,5900,5900,5900,5900,5900,5900,5900,5900,5900,1,0,5854.916624986799,5854.916624986799,5854.916624986799,5854.916624986799,108.0
1777158448,64,GET,large_scan,0.400000,0.000000,2900,2900,5800,5800,5800,5800,5800,5800,5800,5800,5800,5,0,2600,3174.3717915960588,2154.7012079972774,5760.985083004925,332473.2
1777158448,64,GET,next_departures,1.000000,0.000000,6000,6700,7100,7800,10000,12000,12000,12000,12000,12000,12000,15,0,5900,5447.557830602939,1812.4043749994598,11702.044792007655,86.0
1777158448,64,GET,point_read,3.700000,0.000000,240,4500,5000,5200,5600,5600,5700,5700,5700,5700,5700,52,0,260,1536.2851000760343,52.625416981754825,5719.884791993536,81.46153846153847
1777158448,64,GET,trips_per_route,0.500000,0.000000,8400,8400,9300,9300,9300,9300,9300,9300,9300,9300,9300,5,0,2300,4848.359733406687,1983.5966250102501,9276.592542009894,372.4
1777158448,64,,Aggregated,5.700000,0.000000,2600,5200,5600,5800,7100,9300,10000,12000,12000,12000,12000,78,0,1800,2661.1380373461334,52.625416981754825,11702.044792007655,21408.48717948718
1777158449,64,GET,bulk_update_departures,0.100000,0.000000,5900,5900,5900,5900,5900,5900,5900,5900,5900,5900,5900,1,0,5854.916624986799,5854.916624986799,5854.916624986799,5854.916624986799,108.0
1777158449,64,GET,large_scan,0.400000,0.000000,2900,2900,5800,5800,5800,5800,5800,5800,5800,5800,5800,5,0,2600,3174.3717915960588,2154.7012079972774,5760.985083004925,332473.2
1777158449,64,GET,next_departures,1.100000,0.000000,6700,7800,10000,12000,13000,15000,15000,15000,15000,15000,15000,17,0,6000,6460.809843179852,1812.4043749994598,14875.684375001583,85.29411764705883
1777158449,64,GET,point_read,3.800000,0.000000,230,380,4900,5200,5600,5600,5700,5700,5700,5700,5700,54,0,260,1489.7539304618947,52.625416981754825,5719.884791993536,81.48148148148148
1777158449,64,GET,trips_per_route,0.400000,0.000000,9300,9300,12000,12000,12000,12000,12000,12000,12000,12000,12000,6,0,2300,6082.223187506315,1983.5966250102501,12251.540458004456,371.3333333333333
1777158449,64,,Aggregated,5.800000,0.000000,2900,5600,5800,6000,9300,12000,13000,15000,15000,15000,15000,83,0,2000,2993.9830636988527,52.625416981754825,14875.684375001583,20127.13253012048
1777158450,64,GET,bulk_update_departures,0.100000,0.000000,5900,5900,5900,5900,5900,5900,5900,5900,5900,5900,5900,1,0,5854.916624986799,5854.916624986799,5854.916624986799,5854.916624986799,108.0
1777158450,64,GET,large_scan,0.400000,0.000000,2900,2900,5800,5800,5800,5800,5800,5800,5800,5800,5800,5,0,2600,3174.3717915960588,2154.7012079972774,5760.985083004925,332473.2
1777158450,64,GET,next_departures,1.200000,0.000000,7100,10000,12000,13000,14000,15000,15000,15000,15000,15000,15000,18,0,6000,6882.319636615446,1812.4043749994598,14875.684375001583,85.38888888888889
1777158450,64,GET,point_read,3.700000,0.000000,180,320,5100,5600,5600,5600,5700,5700,5700,5700,5700,54,0,260,1489.7539304618947,52.625416981754825,5719.884791993536,81.48148148148148
1777158450,64,GET,trips_per_route,0.400000,0.000000,8400,9300,9300,12000,12000,12000,12000,12000,12000,12000,12000,7,0,7400,6266.78888686417,1983.5966250102501,12251.540458004456,371.2857142857143
1777158450,64,,Aggregated,5.800000,0.000000,4600,5700,6300,7400,12000,13000,15000,15000,15000,15000,15000,85,0,2200,3175.5619234710193,52.625416981754825,14875.684375001583,19658.941176470587
1777158451,64,GET,bulk_update_departures,0.100000,0.000000,5900,5900,5900,5900,5900,5900,5900,5900,5900,5900,5900,1,0,5854.916624986799,5854.916624986799,5854.916624986799,5854.916624986799,108.0
1777158451,64,GET,large_scan,0.400000,0.000000,2900,2900,5800,5800,5800,5800,5800,5800,5800,5800,5800,5,0,2600,3174.3717915960588,2154.7012079972774,5760.985083004925,332473.2
1777158451,64,GET,next_departures,1.200000,0.000000,7800,10000,13000,13000,14000,15000,15000,15000,15000,15000,15000,18,0,6000,6882.319636615446,1812.4043749994598,14875.684375001583,85.38888888888889
1777158451,64,GET,point_read,3.700000,0.000000,90,180,5100,5600,5600,5600,5700,5700,5700,5700,5700,54,0,260,1489.7539304618947,52.625416981754825,5719.884791993536,81.48148148148148
1777158451,64,GET,trips_per_route,0.400000,0.000000,9300,9300,12000,12000,12000,12000,12000,12000,12000,12000,12000,7,0,7400,6266.78888686417,1983.5966250102501,12251.540458004456,371.2857142857143
1777158451,64,,Aggregated,5.800000,0.000000,5600,5900,7400,8400,12000,14000,15000,15000,15000,15000,15000,85,0,2200,3175.5619234710193,52.625416981754825,14875.684375001583,19658.941176470587
1777158452,64,GET,bulk_update_departures,0.100000,0.000000,5900,5900,5900,5900,5900,5900,5900,5900,5900,5900,5900,1,0,5854.916624986799,5854.916624986799,5854.916624986799,5854.916624986799,108.0
1777158452,64,GET,large_scan,0.400000,0.000000,5800,5800,5800,5800,5800,5800,5800,5800,5800,5800,5800,5,0,2600,3174.3717915960588,2154.7012079972774,5760.985083004925,332473.2
1777158452,64,GET,next_departures,1.200000,0.000000,6700,12000,13000,13000,14000,15000,15000,15000,15000,15000,15000,18,0,6000,6882.319636615446,1812.4043749994598,14875.684375001583,85.38888888888889
1777158452,64,GET,point_read,3.700000,0.000000,83,90,100,110,180,380,380,380,380,380,380,54,0,260,1489.7539304618947,52.625416981754825,5719.884791993536,81.48148148148148
1777158452,64,GET,trips_per_route,0.400000,0.000000,9300,9300,12000,12000,12000,12000,12000,12000,12000,12000,12000,7,0,7400,6266.78888686417,1983.5966250102501,12251.540458004456,371.2857142857143
1777158452,64,,Aggregated,5.800000,0.000000,2900,6300,8400,9300,12000,14000,15000,15000,15000,15000,15000,85,0,2200,3175.5619234710193,52.625416981754825,14875.684375001583,19658.941176470587
1777158453,64,GET,bulk_update_departures,0.000000,0.000000,5900,5900,5900,5900,5900,5900,5900,5900,5900,5900,5900,1,0,5854.916624986799,5854.916624986799,5854.916624986799,5854.916624986799,108.0
1777158453,64,GET,large_scan,0.200000,0.000000,5800,5800,5800,5800,5800,5800,5800,5800,5800,5800,5800,5,0,2600,3174.3717915960588,2154.7012079972774,5760.985083004925,332473.2
1777158453,64,GET,next_departures,1.300000,0.000000,6700,10000,13000,13000,14000,15000,15000,15000,15000,15000,15000,19,0,6100,6841.186666688085,1812.4043749994598,14875.684375001583,85.42105263157895
1777158453,64,GET,point_read,3.000000,0.000000,83,90,90,90,180,380,380,380,380,380,380,54,0,260,1489.7539304618947,52.625416981754825,5719.884791993536,81.48148148148148
1777158453,64,GET,trips_per_route,0.400000,0.000000,9300,9300,12000,12000,12000,12000,12000,12000,12000,12000,12000,8,0,5800,6204.6930365067965,1983.5966250102501,12251.540458004456,371.375
1777158453,64,,Aggregated,4.900000,0.000000,5800,6300,9300,10000,13000,14000,15000,15000,15000,15000,15000,87,0,2200,3239.006652724568,52.625416981754825,14875.684375001583,19212.275862068964
1777158454,64,GET,bulk_update_departures,0.000000,0.000000,5900,5900,5900,5900,5900,5900,5900,5900,5900,5900,5900,1,0,5854.916624986799,5854.916624986799,5854.916624986799,5854.916624986799,108.0
1777158454,64,GET,large_scan,0.200000,0.000000,5800,5800,5800,5800,5800,5800,5800,5800,5800,5800,5800,5,0,2600,3174.3717915960588,2154.7012079972774,5760.985083004925,332473.2
1777158454,64,GET,next_departures,1.200000,0.000000,6700,12000,13000,14000,15000,17000,17000,17000,17000,17000,17000,21,0,6300,7291.414341290614,1812.4043749994598,16694.676333019743,85.52380952380952
1777158454,64,GET,point_read,2.200000,0.000000,89,90,140,180,380,380,380,380,380,380,380,55,0,260,1465.197163544574,52.625416981754825,5719.884791993536,81.45454545454545
1777158454,64,GET,trips_per_route,0.400000,0.000000,9300,9300,12000,12000,12000,12000,12000,12000,12000,12000,12000,8,0,5800,6204.6930365067965,1983.5966250102501,12251.540458004456,371.375
1777158454,64,,Aggregated,4.000000,0.000000,5800,6400,10000,12000,14000,15000,17000,17000,17000,17000,17000,90,0,2200,3389.6651670786214,52.625416981754825,16694.676333019743,18574.67777777778
1777158455,64,GET,bulk_update_departures,0.000000,0.000000,5900,5900,5900,5900,5900,5900,5900,5900,5900,5900,5900,1,0,5854.916624986799,5854.916624986799,5854.916624986799,5854.916624986799,108.0
1777158455,64,GET,large_scan,0.200000,0.000000,5800,5800,5800,5800,5800,5800,5800,5800,5800,5800,5800,5,0,2600,3174.3717915960588,2154.7012079972774,5760.985083004925,332473.2
1777158455,64,GET,next_departures,1.200000,0.000000,6400,13000,14000,14000,15000,17000,17000,17000,17000,17000,17000,21,0,6300,7291.414341290614,1812.4043749994598,16694.676333019743,85.52380952380952
1777158455,64,GET,point_read,2.200000,0.000000,90,140,180,180,380,380,380,380,380,380,380,55,0,260,1465.197163544574,52.625416981754825,5719.884791993536,81.45454545454545
1777158455,64,GET,trips_per_route,0.400000,0.000000,9300,9300,12000,12000,12000,12000,12000,12000,12000,12000,12000,8,0,5800,6204.6930365067965,1983.5966250102501,12251.540458004456,371.375
1777158455,64,,Aggregated,4.000000,0.000000,5800,6400,12000,12000,14000,15000,17000,17000,17000,17000,17000,90,0,2200,3389.6651670786214,52.625416981754825,16694.676333019743,18574.67777777778
1777158456,64,GET,bulk_update_departures,0.000000,0.000000,5900,5900,5900,5900,5900,5900,5900,5900,5900,5900,5900,1,0,5854.916624986799,5854.916624986799,5854.916624986799,5854.916624986799,108.0
1777158456,64,GET,large_scan,0.200000,0.000000,2900,2900,2900,2900,2900,2900,2900,2900,2900,2900,2900,5,0,2600,3174.3717915960588,2154.7012079972774,5760.985083004925,332473.2
1777158456,64,GET,next_departures,1.200000,0.000000,12000,13000,14000,15000,17000,17000,17000,17000,17000,17000,17000,21,0,6300,7291.414341290614,1812.4043749994598,16694.676333019743,85.52380952380952
1777158456,64,GET,point_read,2.200000,0.000000,90,140,180,180,380,380,380,380,380,380,380,55,0,260,1465.197163544574,52.625416981754825,5719.884791993536,81.45454545454545
1777158456,64,GET,trips_per_route,0.400000,0.000000,7400,7400,12000,12000,12000,12000,12000,12000,12000,12000,12000,8,0,5800,6204.6930365067965,1983.5966250102501,12251.540458004456,371.375
1777158456,64,,Aggregated,4.000000,0.000000,6000,6400,12000,12000,14000,15000,17000,17000,17000,17000,17000,90,0,2200,3389.6651670786214,52.625416981754825,16694.676333019743,18574.67777777778
1777158457,64,GET,bulk_update_departures,0.000000,0.000000,17000,17000,17000,17000,17000,17000,17000,17000,17000,17000,17000,2,0,5900,11429.915250002523,5854.916624986799,17004.913875018246,105.5
1777158457,64,GET,large_scan,0.200000,0.000000,2900,2900,2900,2900,2900,2900,2900,2900,2900,2900,2900,5,0,2600,3174.3717915960588,2154.7012079972774,5760.985083004925,332473.2
1777158457,64,GET,next_departures,1.300000,0.000000,13000,14000,15000,15000,17000,17000,17000,17000,17000,17000,17000,22,0,6300,7548.963744322959,1812.4043749994598,16694.676333019743,85.5909090909091
1777158457,64,GET,point_read,0.900000,0.000000,140,140,180,180,380,380,380,380,380,380,380,55,0,260,1465.197163544574,52.625416981754825,5719.884791993536,81.45454545454545
1777158457,64,GET,trips_per_route,0.300000,0.000000,7400,7400,12000,12000,12000,12000,12000,12000,12000,12000,12000,8,0,5800,6204.6930365067965,1983.5966250102501,12251.540458004456,371.375
1777158457,64,,Aggregated,2.700000,0.000000,6400,12000,13000,14000,17000,17000,17000,17000,17000,17000,17000,92,0,2300,3641.6552186967,52.625416981754825,17004.913875018246,18172.945652173912
1777158458,64,GET,bulk_update_departures,0.000000,0.000000,17000,17000,23000,23000,23000,23000,23000,23000,23000,23000,23000,3,0,17000,15285.044888665047,5854.916624986799,22995.304165990092,106.66666666666667
1777158458,64,GET,large_scan,0.100000,0.000000,23000,23000,23000,23000,23000,23000,23000,23000,23000,23000,23000,6,0,2600,6425.737992996194,2154.7012079972774,22682.568999996874,332473.3333333333
1777158458,64,GET,next_departures,1.100000,0.000000,13000,14000,15000,15000,17000,17000,17000,17000,17000,17000,17000,22,0,6300,7548.963744322959,1812.4043749994598,16694.676333019743,85.5909090909091
1777158458,64,GET,point_read,0.800000,0.000000,180,180,380,380,380,380,380,380,380,380,380,55,0,260,1465.197163544574,52.625416981754825,5719.884791993536,81.45454545454545
1777158458,64,GET,trips_per_route,0.300000,0.000000,7400,7400,12000,12000,12000,12000,12000,12000,12000,12000,12000,8,0,5800,6204.6930365067965,1983.5966250102501,12251.540458004456,371.375
1777158458,64,,Aggregated,2.300000,0.000000,13000,14000,17000,17000,23000,23000,23000,23000,23000,23000,23000,94,0,2300,4050.108013681738,52.625416981754825,22995.304165990092,21324.40425531915
1777158459,64,GET,bulk_update_departures,0.000000,0.000000,23000,23000,23000,23000,23000,23000,23000,23000,23000,23000,23000,3,0,17000,15285.044888665047,5854.916624986799,22995.304165990092,106.66666666666667
1777158459,64,GET,large_scan,0.100000,0.000000,23000,23000,24000,24000,24000,24000,24000,24000,24000,24000,24000,7,0,2900,8924.98025585415,2154.7012079972774,23920.43383300188,332472.5714285714
1777158459,64,GET,next_departures,1.100000,0.000000,13000,14000,15000,15000,17000,17000,17000,17000,17000,17000,17000,23,0,6400,7684.007058004879,1812.4043749994598,16694.676333019743,85.65217391304348
1777158459,64,GET,point_read,0.700000,0.000000,160,180,180,380,380,380,380,380,380,380,380,57,0,240,1418.9393617541596,52.625416981754825,5719.884791993536,81.43859649122807
1777158459,64,GET,trips_per_route,0.300000,0.000000,7400,7400,7400,7400,7400,7400,7400,7400,7400,7400,7400,8,0,5800,6204.6930365067965,1983.5966250102501,12251.540458004456,371.375
1777158459,64,,Aggregated,2.200000,0.000000,11000,17000,17000,23000,23000,24000,24000,24000,24000,24000,24000,98,0,2300,4240.604558195182,52.625416981754825,23920.43383300188,23849.091836734693
1777158460,64,GET,bulk_update_departures,0.100000,0.000000,23000,23000,23000,23000,23000,23000,23000,23000,23000,23000,23000,3,0,17000,15285.044888665047,5854.916624986799,22995.304165990092,106.66666666666667
1777158460,64,GET,large_scan,0.000000,0.000000,24000,24000,24000,24000,24000,24000,24000,24000,24000,24000,24000,8,0,2900,10860.8646353714,2154.7012079972774,24412.055291992147,332472.0
1777158460,64,GET,next_departures,0.800000,0.000000,13000,14000,15000,17000,26000,26000,26000,26000,26000,26000,26000,24,0,6400,8445.904843754155,1812.4043749994598,25969.55391598749,85.70833333333333
1777158460,64,GET,point_read,0.600000,0.000000,160,160,180,180,380,380,380,380,380,380,380,58,0,230,1395.5616313790508,52.625416981754825,5719.884791993536,81.43103448275862
1777158460,64,GET,trips_per_route,0.300000,0.000000,7400,7400,7400,7400,7400,7400,7400,7400,7400,7400,7400,8,0,5800,6204.6930365067965,1983.5966250102501,12251.540458004456,371.375
1777158460,64,,Aggregated,1.800000,0.000000,11000,17000,23000,23000,24000,26000,26000,26000,26000,26000,26000,101,0,2300,4614.097890208964,52.625416981754825,25969.55391598749,26434.128712871287
1777158461,64,GET,bulk_update_departures,0.200000,0.000000,20000,20000,23000,23000,23000,23000,23000,23000,23000,23000,23000,4,0,17000,16394.048353999096,5854.916624986799,22995.304165990092,107.25
1777158461,64,GET,large_scan,0.100000,0.000000,24000,24000,24000,25000,25000,25000,25000,25000,25000,25000,25000,9,0,5800,12386.411935107188,2154.7012079972774,24590.790332993492,332472.22222222225
1777158461,64,GET,next_departures,0.700000,0.000000,21000,25000,26000,26000,26000,27000,27000,27000,27000,27000,27000,30,0,7800,11328.395286068553,1812.4043749994598,27043.206083006226,85.73333333333333
1777158461,64,GET,point_read,0.300000,0.000000,130,130,140,140,160,160,160,160,160,160,160,60,0,220,1351.8462790831109,52.625416981754825,5719.884791993536,81.43333333333334
1777158461,64,GET,trips_per_route,0.300000,0.000000,5800,5800,5800,5800,5800,5800,5800,5800,5800,5800,5800,8,0,5800,6204.6930365067965,1983.5966250102501,12251.540458004456,371.375
1777158461,64,,Aggregated,1.600000,0.000000,17000,23000,24000,25000,26000,26000,27000,27000,27000,27000,27000,111,0,2600,5834.721445505033,52.625416981754825,27043.206083006226,27055.027027027027
1777158462,64,GET,bulk_update_departures,0.200000,0.000000,20000,20000,23000,23000,23000,23000,23000,23000,23000,23000,23000,4,0,17000,16394.048353999096,5854.916624986799,22995.304165990092,107.25
1777158462,64,GET,large_scan,0.200000,0.000000,24000,24000,25000,25000,26000,26000,26000,26000,26000,26000,26000,13,0,20000,15134.127849379393,2154.7012079972774,25843.451583990827,332472.23076923075
1777158462,64,GET,next_departures,0.500000,0.000000,22000,26000,27000,27000,27000,27000,27000,27000,27000,27000,27000,43,0,13000,14527.838132720506,1812.4043749994598,27043.206083006226,85.74418604651163
1777158462,64,GET,point_read,0.300000,0.000000,230,230,310,320,330,340,340,340,340,340,340,69,0,230,1211.9320597106496,52.625416981754825,5719.884791993536,81.40579710144928
1777158462,64,GET,trips_per_route,0.200000,0.000000,5800,5800,5800,5800,5800,5800,5800,5800,5800,5800,5800,8,0,5800,6204.6930365067965,1983.5966250102501,12251.540458004456,371.375
1777158462,64,,Aggregated,1.400000,0.000000,19000,23000,25000,26000,27000,27000,27000,27000,27000,27000,27000,137,0,4500,7447.282858226274,52.625416981754825,27043.206083006226,31641.189781021898
1777158463,64,GET,bulk_update_departures,0.200000,0.000000,20000,20000,23000,23000,23000,23000,23000,23000,23000,23000,23000,4,0,17000,16394.048353999096,5854.916624986799,22995.304165990092,107.25
1777158463,64,GET,large_scan,0.300000,0.000000,24000,24000,25000,25000,26000,26000,26000,26000,26000,26000,26000,13,0,20000,15134.127849379393,2154.7012079972774,25843.451583990827,332472.23076923075
1777158463,64,GET,next_departures,0.800000,0.000000,25000,27000,27000,27000,27000,27000,27000,27000,27000,27000,27000,54,0,17000,16537.745822518547,1812.4043749994598,27372.871625004336,85.88888888888889
1777158463,64,GET,point_read,0.500000,0.000000,230,230,290,310,320,330,340,340,340,340,340,78,0,230,1097.868830577518,52.625416981754825,5719.884791993536,81.37179487179488
1777158463,64,GET,trips_per_route,0.100000,0.000000,5800,5800,5800,5800,5800,5800,5800,5800,5800,5800,5800,8,0,5800,6204.6930365067965,1983.5966250102501,12251.540458004456,371.375
1777158463,64,,Aggregated,1.900000,0.000000,20000,23000,26000,26000,27000,27000,27000,27000,27000,27000,27000,157,0,4600,8220.569700325037,52.625416981754825,27372.871625004336,27621.171974522294
1777158464,64,GET,bulk_update_departures,0.300000,0.000000,20000,20000,23000,23000,23000,23000,23000,23000,23000,23000,23000,4,0,17000,16394.048353999096,5854.916624986799,22995.304165990092,107.25
1777158464,64,GET,large_scan,0.400000,0.000000,24000,24000,25000,25000,26000,26000,26000,26000,26000,26000,26000,13,0,20000,15134.127849379393,2154.7012079972774,25843.451583990827,332472.23076923075
1777158464,64,GET,next_departures,1.200000,0.000000,25000,27000,27000,27000,27000,27000,27000,27000,27000,27000,27000,59,0,21000,17266.481309304887,1812.4043749994598,27428.357416007202,85.98305084745763
1777158464,64,GET,point_read,0.600000,0.000000,230,240,280,290,320,330,340,340,340,340,340,84,0,230,1036.866658166608,52.625416981754825,5719.884791993536,81.26190476190476
1777158464,64,GET,trips_per_route,0.100000,0.000000,5800,5800,5800,5800,5800,5800,5800,5800,5800,5800,5800,8,0,5800,6204.6930365067965,1983.5966250102501,12251.540458004456,371.375
1777158464,64,,Aggregated,2.600000,0.000000,20000,23000,26000,26000,27000,27000,27000,27000,27000,27000,27000,168,0,4500,8439.146406458132,52.625416981754825,27428.357416007202,25818.083333333332
1777158465,64,GET,bulk_update_departures,0.300000,0.000000,20000,20000,23000,23000,23000,23000,23000,23000,23000,23000,23000,4,0,17000,16394.048353999096,5854.916624986799,22995.304165990092,107.25
1777158465,64,GET,large_scan,0.800000,0.000000,24000,24000,25000,25000,26000,26000,26000,26000,26000,26000,26000,13,0,20000,15134.127849379393,2154.7012079972774,25843.451583990827,332472.23076923075
1777158465,64,GET,next_departures,2.600000,0.000000,26000,27000,27000,27000,27000,27000,29000,29000,29000,29000,29000,61,0,22000,17543.221521835876,1812.4043749994598,28743.830624996917,85.91803278688525
1777158465,64,GET,point_read,1.800000,0.000000,220,240,270,290,320,330,340,340,340,340,340,89,0,230,988.3146736070414,52.625416981754825,5719.884791993536,81.28089887640449
1777158465,64,GET,trips_per_route,0.100000,0.000000,5800,5800,5800,5800,5800,5800,5800,5800,5800,5800,5800,8,0,5800,6204.6930365067965,1983.5966250102501,12251.540458004456,371.375
1777158465,64,,Aggregated,5.600000,0.000000,20000,23000,25000,26000,27000,27000,27000,29000,29000,29000,29000,175,0,2900,8400.308105902846,52.625416981754825,28743.830624996917,24788.65142857143
1777158466,64,GET,bulk_update_departures,0.300000,0.000000,20000,20000,23000,23000,23000,23000,23000,23000,23000,23000,23000,4,0,17000,16394.048353999096,5854.916624986799,22995.304165990092,107.25
1777158466,64,GET,large_scan,0.800000,0.000000,24000,24000,25000,25000,26000,26000,26000,26000,26000,26000,26000,13,0,20000,15134.127849379393,2154.7012079972774,25843.451583990827,332472.23076923075
1777158466,64,GET,next_departures,3.400000,0.000000,26000,27000,27000,27000,27000,29000,29000,29000,29000,29000,29000,64,0,22000,17871.072063124302,1812.4043749994598,29145.854457980022,85.96875
1777158466,64,GET,point_read,2.300000,0.000000,220,240,280,290,320,340,370,370,370,370,370,90,0,230,981.4972925113075,52.625416981754825,5719.884791993536,81.27777777777777
1777158466,64,GET,trips_per_route,0.000000,0.000000,5800,5800,5800,5800,5800,5800,5800,5800,5800,5800,5800,9,0,5800,5786.722157451247,1983.5966250102501,12251.540458004456,371.55555555555554
1777158466,64,,Aggregated,6.800000,0.000000,20000,23000,26000,27000,27000,27000,29000,29000,29000,29000,29000,180,0,2900,8591.57624022757,52.625416981754825,29145.854457980022,24104.05
1777158467,64,GET,bulk_update_departures,0.300000,0.000000,23000,23000,23000,23000,23000,23000,23000,23000,23000,23000,23000,4,0,17000,16394.048353999096,5854.916624986799,22995.304165990092,107.25
1777158467,64,GET,large_scan,0.800000,0.000000,24000,24000,25000,25000,26000,26000,26000,26000,26000,26000,26000,13,0,20000,15134.127849379393,2154.7012079972774,25843.451583990827,332472.23076923075
1777158467,64,GET,next_departures,3.800000,0.000000,26000,27000,27000,27000,27000,29000,29000,29000,29000,29000,29000,66,0,22000,17765.79445325699,1812.4043749994598,29145.854457980022,85.96969696969697
1777158467,64,GET,point_read,2.900000,0.000000,220,240,280,290,320,340,370,370,370,370,370,90,0,230,981.4972925113075,52.625416981754825,5719.884791993536,81.27777777777777
1777158467,64,GET,trips_per_route,0.000000,0.000000,5800,5800,5800,5800,5800,5800,5800,5800,5800,5800,5800,9,0,5800,5786.722157451247,1983.5966250102501,12251.540458004456,371.55555555555554
1777158467,64,,Aggregated,7.800000,0.000000,20000,23000,26000,27000,27000,27000,29000,29000,29000,29000,29000,182,0,4500,8655.371127010816,52.625416981754825,29145.854457980022,23840.115384615383
1777158468,64,GET,bulk_update_departures,0.300000,0.000000,23000,23000,23000,23000,23000,23000,23000,23000,23000,23000,23000,4,0,17000,16394.048353999096,5854.916624986799,22995.304165990092,107.25
1777158468,64,GET,large_scan,0.800000,0.000000,24000,24000,25000,25000,26000,26000,26000,26000,26000,26000,26000,13,0,20000,15134.127849379393,2154.7012079972774,25843.451583990827,332472.23076923075
1777158468,64,GET,next_departures,4.100000,0.000000,25000,27000,27000,27000,27000,29000,29000,29000,29000,29000,29000,67,0,22000,17834.750172238164,1812.4043749994598,29145.854457980022,85.98507462686567
1777158468,64,GET,point_read,3.400000,0.000000,220,240,280,290,320,340,370,370,370,370,370,91,0,230,972.3766331540442,52.625416981754825,5719.884791993536,81.27472527472527
1777158468,64,GET,trips_per_route,0.000000,0.000000,5800,5800,5800,5800,5800,5800,5800,5800,5800,5800,5800,9,0,5800,5786.722157451247,1983.5966250102501,12251.540458004456,371.55555555555554
1777158468,64,,Aggregated,8.600000,0.000000,20000,22000,26000,27000,27000,27000,29000,29000,29000,29000,29000,184,0,4500,8683.776576260678,52.625416981754825,29145.854457980022,23581.896739130436
1777158469,64,GET,bulk_update_departures,0.300000,0.000000,20000,20000,20000,20000,20000,20000,20000,20000,20000,20000,20000,4,0,17000,16394.048353999096,5854.916624986799,22995.304165990092,107.25
1777158469,64,GET,large_scan,0.800000,0.000000,24000,24000,25000,25000,26000,26000,26000,26000,26000,26000,26000,13,0,20000,15134.127849379393,2154.7012079972774,25843.451583990827,332472.23076923075
1777158469,64,GET,next_departures,4.200000,0.000000,25000,27000,27000,27000,27000,29000,29000,29000,29000,29000,29000,70,0,22000,17853.7001797418,1812.4043749994598,29145.854457980022,85.85714285714286
1777158469,64,GET,point_read,3.500000,0.000000,220,240,280,290,320,340,370,370,370,370,370,92,0,230,962.5157327068534,52.625416981754825,5719.884791993536,81.27173913043478
1777158469,64,GET,trips_per_route,0.100000,0.000000,6900,6900,7000,7000,7000,7000,7000,7000,7000,7000,7000,11,0,6900,5998.9661931864575,1983.5966250102501,12251.540458004456,371.6363636363636
1777158469,64,,Aggregated,8.900000,0.000000,20000,22000,26000,26000,27000,27000,29000,29000,29000,29000,29000,190,0,4800,8771.678650389138,52.625416981754825,29145.854457980022,22842.85789473684
1777158470,64,GET,bulk_update_departures,0.200000,0.000000,20000,20000,20000,20000,20000,20000,20000,20000,20000,20000,20000,4,0,17000,16394.048353999096,5854.916624986799,22995.304165990092,107.25
1777158470,64,GET,large_scan,0.800000,0.000000,20000,20000,25000,25000,26000,26000,26000,26000,26000,26000,26000,14,0,19000,14614.74028871037,2154.7012079972774,25843.451583990827,332472.28571428574
1777158470,64,GET,next_departures,4.500000,0.000000,22000,27000,27000,27000,27000,29000,29000,29000,29000,29000,29000,73,0,21000,17842.508745410047,1812.4043749994598,29145.854457980022,85.72602739726027
1777158470,64,GET,point_read,3.500000,0.000000,220,240,270,290,320,340,370,370,370,370,370,96,0,220,926.9753775209514,52.625416981754825,5719.884791993536,81.29166666666667
1777158470,64,GET,trips_per_route,0.100000,0.000000,6900,6900,7000,7000,7000,7000,7000,7000,7000,7000,7000,11,0,6900,5998.9661931864575,1983.5966250102501,12251.540458004456,371.6363636363636
1777158470,64,,Aggregated,9.100000,0.000000,16000,22000,23000,26000,27000,27000,29000,29000,29000,29000,29000,198,0,4800,8725.57555676736,52.625416981754825,29145.854457980022,23601.97474747475
1777158471,64,GET,bulk_update_departures,0.100000,0.000000,20000,20000,20000,20000,20000,20000,20000,20000,20000,20000,20000,4,0,17000,16394.048353999096,5854.916624986799,22995.304165990092,107.25
1777158471,64,GET,large_scan,0.700000,0.000000,20000,20000,20000,26000,26000,26000,26000,26000,26000,26000,26000,14,0,19000,14614.74028871037,2154.7012079972774,25843.451583990827,332472.28571428574
1777158471,64,GET,next_departures,4.500000,0.000000,22000,27000,27000,27000,27000,29000,29000,29000,29000,29000,29000,73,0,21000,17842.508745410047,1812.4043749994598,29145.854457980022,85.72602739726027
1777158471,64,GET,point_read,3.600000,0.000000,220,230,270,290,320,340,370,370,370,370,370,99,0,220,901.1236388183956,52.625416981754825,5719.884791993536,81.31313131313131
1777158471,64,GET,trips_per_route,0.100000,0.000000,6900,6900,7000,7000,7000,7000,7000,7000,7000,7000,7000,11,0,6900,5998.9661931864575,1983.5966250102501,12251.540458004456,371.6363636363636
1777158471,64,,Aggregated,9.000000,0.000000,8000,22000,22000,26000,27000,27000,29000,29000,29000,29000,29000,201,0,4600,8596.445593238543,52.625416981754825,29145.854457980022,23250.930348258706
1777158472,64,GET,bulk_update_departures,0.100000,0.000000,20000,20000,20000,20000,20000,20000,20000,20000,20000,20000,20000,4,0,17000,16394.048353999096,5854.916624986799,22995.304165990092,107.25
1777158472,64,GET,large_scan,0.600000,0.000000,20000,20000,20000,26000,26000,26000,26000,26000,26000,26000,26000,14,0,19000,14614.74028871037,2154.7012079972774,25843.451583990827,332472.28571428574
1777158472,64,GET,next_departures,4.700000,0.000000,22000,27000,27000,27000,29000,29000,29000,29000,29000,29000,29000,73,0,21000,17842.508745410047,1812.4043749994598,29145.854457980022,85.72602739726027
1777158472,64,GET,point_read,3.600000,0.000000,190,220,240,250,290,320,370,370,370,370,370,99,0,220,901.1236388183956,52.625416981754825,5719.884791993536,81.31313131313131
1777158472,64,GET,trips_per_route,0.300000,0.000000,7000,7000,9000,9000,9000,9000,9000,9000,9000,9000,9000,12,0,6900,6250.180968752829,1983.5966250102501,12251.540458004456,371.6666666666667
1777158472,64,,Aggregated,9.300000,0.000000,7000,21000,22000,23000,27000,27000,29000,29000,29000,29000,29000,202,0,4600,8598.51043436104,52.625416981754825,29145.854457980022,23137.668316831685
1777158473,64,GET,bulk_update_departures,0.100000,0.000000,20000,20000,20000,20000,20000,20000,20000,20000,20000,20000,20000,4,0,17000,16394.048353999096,5854.916624986799,22995.304165990092,107.25
1777158473,64,GET,large_scan,0.600000,0.000000,20000,20000,20000,26000,26000,26000,26000,26000,26000,26000,26000,14,0,19000,14614.74028871037,2154.7012079972774,25843.451583990827,332472.28571428574
1777158473,64,GET,next_departures,4.700000,0.000000,22000,23000,26000,27000,29000,29000,29000,29000,29000,29000,29000,75,0,22000,17991.240735532094,1812.4043749994598,29145.854457980022,85.68
1777158473,64,GET,point_read,3.700000,0.000000,170,220,230,240,270,290,370,370,370,370,370,99,0,220,901.1236388183956,52.625416981754825,5719.884791993536,81.31313131313131
1777158473,64,GET,trips_per_route,0.300000,0.000000,7000,7000,9000,9000,9000,9000,9000,9000,9000,9000,9000,12,0,6900,6250.180968752829,1983.5966250102501,12251.540458004456,371.6666666666667
1777158473,64,,Aggregated,9.400000,0.000000,6900,21000,22000,23000,27000,29000,29000,29000,29000,29000,29000,204,0,4800,8743.81874750443,52.625416981754825,29145.854457980022,22911.651960784315
1777158474,64,GET,bulk_update_departures,0.000000,0.000000,20000,20000,20000,20000,20000,20000,20000,20000,20000,20000,20000,5,0,17000,15314.876033196924,5854.916624986799,22995.304165990092,107.6
1777158474,64,GET,large_scan,0.500000,0.000000,20000,20000,20000,26000,26000,26000,26000,26000,26000,26000,26000,14,0,19000,14614.74028871037,2154.7012079972774,25843.451583990827,332472.28571428574
1777158474,64,GET,next_departures,4.300000,0.000000,22000,23000,23000,24000,29000,29000,29000,29000,29000,29000,29000,77,0,21000,17881.09852325862,1812.4043749994598,29145.854457980022,85.68831168831169
1777158474,64,GET,point_read,3.900000,0.000000,150,200,220,230,290,370,370,370,370,370,370,101,0,220,888.4456220499613,52.625416981754825,5719.884791993536,81.31683168316832
1777158474,64,GET,trips_per_route,0.300000,0.000000,7000,7000,9000,9000,9000,9000,9000,9000,9000,9000,9000,12,0,6900,6250.180968752829,1983.5966250102501,12251.540458004456,371.6666666666667
1777158474,64,,Aggregated,9.000000,0.000000,7000,16000,21000,22000,23000,29000,29000,29000,29000,29000,29000,209,0,4900,8721.342152875233,52.625416981754825,29145.854457980022,22365.65071770335
1777158475,64,GET,bulk_update_departures,0.000000,0.000000,20000,20000,20000,20000,20000,20000,20000,20000,20000,20000,20000,5,0,17000,15314.876033196924,5854.916624986799,22995.304165990092,107.6
1777158475,64,GET,large_scan,0.100000,0.000000,20000,20000,20000,20000,26000,26000,26000,26000,26000,26000,26000,15,0,19000,14263.139058329398,2154.7012079972774,25843.451583990827,332472.3333333333
1777158475,64,GET,next_departures,2.900000,0.000000,21000,22000,23000,23000,24000,29000,29000,29000,29000,29000,29000,77,0,21000,17881.09852325862,1812.4043749994598,29145.854457980022,85.68831168831169
1777158475,64,GET,point_read,2.700000,0.000000,97,160,230,230,290,370,370,370,370,370,370,102,0,220,881.3022924219052,52.625416981754825,5719.884791993536,81.31372549019608
1777158475,64,GET,trips_per_route,0.400000,0.000000,7000,7000,9000,9000,9000,9000,9000,9000,9000,9000,9000,12,0,6900,6250.180968752829,1983.5966250102501,12251.540458004456,371.6666666666667
1777158475,64,,Aggregated,6.100000,0.000000,7400,12000,20000,21000,23000,24000,29000,29000,29000,29000,29000,211,0,4900,8683.70169565833,52.625416981754825,29145.854457980022,23729.73933649289
1777158476,64,GET,bulk_update_departures,0.000000,0.000000,16000,16000,20000,20000,20000,20000,20000,20000,20000,20000,20000,7,0,16000,15122.85726771058,5854.916624986799,22995.304165990092,108.0
1777158476,64,GET,large_scan,0.100000,0.000000,9300,9300,15000,15000,15000,15000,15000,15000,15000,15000,15000,17,0,15000,13866.524328465697,2154.7012079972774,25843.451583990827,332472.5294117647
1777158476,64,GET,next_departures,2.100000,0.000000,20000,21000,22000,23000,23000,24000,24000,24000,24000,24000,24000,79,0,21000,17777.852665593913,1812.4043749994598,29145.854457980022,85.64556962025317
1777158476,64,GET,point_read,2.200000,0.000000,97,160,230,230,290,370,370,370,370,370,370,102,0,220,881.3022924219052,52.625416981754825,5719.884791993536,81.31372549019608
1777158476,64,GET,trips_per_route,0.400000,0.000000,7000,7000,9000,9000,9000,9000,9000,9000,9000,9000,9000,12,0,6900,6250.180968752829,1983.5966250102501,12251.540458004456,371.6666666666667
1777158476,64,,Aggregated,4.800000,0.000000,9000,13000,16000,20000,22000,23000,24000,24000,24000,24000,24000,217,0,5200,8806.15797461695,52.625416981754825,29145.854457980022,26139.672811059907
1777158477,64,GET,bulk_update_departures,0.100000,0.000000,13000,13000,16000,16000,16000,16000,16000,16000,16000,16000,16000,8,0,13000,14893.196270746557,5854.916624986799,22995.304165990092,108.125
1777158477,64,GET,large_scan,0.100000,0.000000,9300,9300,15000,15000,15000,15000,15000,15000,15000,15000,15000,17,0,15000,13866.524328465697,2154.7012079972774,25843.451583990827,332472.5294117647
1777158477,64,GET,next_departures,1.800000,0.000000,20000,21000,22000,22000,23000,24000,24000,24000,24000,24000,24000,81,0,21000,17624.74243156684,1812.4043749994598,29145.854457980022,85.66666666666667
1777158477,64,GET,point_read,1.700000,0.000000,95,120,160,230,230,290,290,290,290,290,290,105,0,220,858.5374201814245,52.625416981754825,5719.884791993536,81.3047619047619
1777158477,64,GET,trips_per_route,0.400000,0.000000,7200,7200,9000,9000,9000,9000,9000,9000,9000,9000,9000,13,0,7000,6319.422932695418,1983.5966250102501,12251.540458004456,371.6923076923077
1777158477,64,,Aggregated,4.100000,0.000000,7900,12000,14000,16000,21000,22000,24000,24000,24000,24000,24000,224,0,5200,8726.694410495058,52.625416981754825,29145.854457980022,25326.8125
1777158478,64,GET,bulk_update_departures,0.100000,0.000000,13000,13000,16000,16000,16000,16000,16000,16000,16000,16000,16000,8,0,13000,14893.196270746557,5854.916624986799,22995.304165990092,108.125
1777158478,64,GET,large_scan,0.200000,0.000000,9300,9300,15000,15000,15000,15000,15000,15000,15000,15000,15000,17,0,15000,13866.524328465697,2154.7012079972774,25843.451583990827,332472.5294117647
1777158478,64,GET,next_departures,1.600000,0.000000,20000,21000,21000,22000,23000,24000,24000,24000,24000,24000,24000,85,0,21000,17637.958929387114,1812.4043749994598,29145.854457980022,85.5764705882353
1777158478,64,GET,point_read,1.300000,0.000000,85,97,160,230,230,290,290,290,290,290,290,106,0,220,851.2445537929142,52.625416981754825,5719.884791993536,81.30188679245283
1777158478,64,GET,trips_per_route,0.400000,0.000000,7200,7500,7500,9000,9000,9000,9000,9000,9000,9000,9000,14,0,7000,6400.536815502814,1983.5966250102501,12251.540458004456,371.7857142857143
1777158478,64,,Aggregated,3.600000,0.000000,9000,13000,16000,19000,21000,23000,24000,24000,24000,24000,24000,230,0,5600,8843.227960290793,52.625416981754825,29145.854457980022,24669.543478260868
1777158479,64,GET,bulk_update_departures,0.300000,0.000000,16000,16000,16000,16000,17000,17000,17000,17000,17000,17000,17000,10,0,16000,15225.187620695215,5854.916624986799,22995.304165990092,107.7
1777158479,64,GET,large_scan,0.400000,0.000000,9300,9300,15000,15000,15000,15000,15000,15000,15000,15000,15000,17,0,15000,13866.524328465697,2154.7012079972774,25843.451583990827,332472.5294117647
1777158479,64,GET,next_departures,1.600000,0.000000,19000,20000,21000,23000,23000,24000,24000,24000,24000,24000,24000,85,0,21000,17637.958929387114,1812.4043749994598,29145.854457980022,85.5764705882353
1777158479,64,GET,point_read,1.200000,0.000000,85,96,120,120,230,290,290,290,290,290,290,109,0,210,829.7060592022058,52.04929198953323,5719.884791993536,81.30275229357798
1777158479,64,GET,trips_per_route,0.300000,0.000000,7500,7500,7600,7600,9000,9000,9000,9000,9000,9000,9000,15,0,7200,6482.877783401636,1983.5966250102501,12251.540458004456,371.8
1777158479,64,,Aggregated,3.800000,0.000000,8000,13000,16000,17000,21000,23000,24000,24000,24000,24000,24000,236,0,5600,8791.908584715418,52.04929198953323,29145.854457980022,24045.860169491527
1777158480,64,GET,bulk_update_departures,0.400000,0.000000,16000,16000,16000,16000,17000,17000,17000,17000,17000,17000,17000,10,0,16000,15225.187620695215,5854.916624986799,22995.304165990092,107.7
1777158480,64,GET,large_scan,0.400000,0.000000,9300,9300,15000,15000,15000,15000,15000,15000,15000,15000,15000,17,0,15000,13866.524328465697,2154.7012079972774,25843.451583990827,332472.5294117647
1777158480,64,GET,next_departures,1.400000,0.000000,17000,20000,21000,21000,23000,24000,24000,24000,24000,24000,24000,88,0,21000,17480.035115510294,1812.4043749994598,29145.854457980022,85.47727272727273
1777158480,64,GET,point_read,1.500000,0.000000,85,96,120,160,230,290,290,290,290,290,290,110,0,210,822.6376817638414,52.04929198953323,5719.884791993536,81.3
1777158480,64,GET,trips_per_route,0.400000,0.000000,7600,7600,9000,9000,9000,9000,9000,9000,9000,9000,9000,15,0,7200,6482.877783401636,1983.5966250102501,12251.540458004456,371.8
1777158480,64,,Aggregated,4.100000,0.000000,9000,13000,16000,17000,20000,23000,24000,24000,24000,24000,24000,240,0,5600,8808.163298753423,52.04929198953323,29145.854457980022,23646.466666666667
1777158481,64,GET,bulk_update_departures,0.500000,0.000000,16000,16000,16000,16000,17000,17000,17000,17000,17000,17000,17000,10,0,16000,15225.187620695215,5854.916624986799,22995.304165990092,107.7
1777158481,64,GET,large_scan,0.400000,0.000000,9300,9300,15000,15000,15000,15000,15000,15000,15000,15000,15000,17,0,15000,13866.524328465697,2154.7012079972774,25843.451583990827,332472.5294117647
1777158481,64,GET,next_departures,1.800000,0.000000,17000,18000,20000,21000,23000,24000,24000,24000,24000,24000,24000,92,0,20000,17452.543646716273,1812.4043749994598,29145.854457980022,85.45652173913044
1777158481,64,GET,point_read,1.500000,0.000000,85,96,120,120,230,290,290,290,290,290,290,113,0,200,803.2746430178919,52.04929198953323,5719.884791993536,81.29203539823008
1777158481,64,GET,trips_per_route,0.500000,0.000000,7600,7600,9000,9000,9000,9000,9000,9000,9000,9000,9000,15,0,7200,6482.877783401636,1983.5966250102501,12251.540458004456,371.8
1777158481,64,,Aggregated,4.700000,0.000000,9300,15000,17000,17000,20000,23000,24000,24000,24000,24000,24000,247,0,5600,8832.510148586285,52.04929198953323,29145.854457980022,22978.684210526317
1777158482,64,GET,bulk_update_departures,0.600000,0.000000,16000,16000,17000,17000,20000,20000,20000,20000,20000,20000,20000,11,0,16000,15654.267268813617,5854.916624986799,22995.304165990092,107.81818181818181
1777158482,64,GET,large_scan,0.400000,0.000000,15000,15000,19000,19000,19000,19000,19000,19000,19000,19000,19000,18,0,15000,14131.730506940383,2154.7012079972774,25843.451583990827,332472.6111111111
1777158482,64,GET,next_departures,1.500000,0.000000,17000,18000,19000,20000,23000,23000,24000,24000,24000,24000,24000,95,0,19000,17452.66055173553,1812.4043749994598,29145.854457980022,85.49473684210527
1777158482,64,GET,point_read,1.600000,0.000000,91,120,120,160,230,290,290,290,290,290,290,116,0,190,785.6730901122351,52.04929198953323,5719.884791993536,81.29310344827586
1777158482,64,GET,trips_per_route,0.400000,0.000000,7600,7600,9000,9000,9000,9000,9000,9000,9000,9000,9000,15,0,7200,6482.877783401636,1983.5966250102501,12251.540458004456,371.8
1777158482,64,,Aggregated,4.500000,0.000000,11000,16000,17000,18000,20000,23000,23000,24000,24000,24000,24000,255,0,5600,8913.53759490508,52.04929198953323,29145.854457980022,23564.007843137257
1777158483,64,GET,bulk_update_departures,0.600000,0.000000,16000,16000,17000,17000,20000,20000,20000,20000,20000,20000,20000,11,0,16000,15654.267268813617,5854.916624986799,22995.304165990092,107.81818181818181
1777158483,64,GET,large_scan,0.300000,0.000000,15000,15000,19000,19000,19000,19000,19000,19000,19000,19000,19000,18,0,15000,14131.730506940383,2154.7012079972774,25843.451583990827,332472.6111111111
1777158483,64,GET,next_departures,1.500000,0.000000,17000,18000,20000,20000,22000,22000,23000,23000,23000,23000,23000,99,0,20000,17526.096170008797,1812.4043749994598,29145.854457980022,85.4949494949495
1777158483,64,GET,point_read,1.400000,0.000000,91,120,120,120,210,290,290,290,290,290,290,117,0,190,779.9832734618133,52.04929198953323,5719.884791993536,81.28205128205128
1777158483,64,GET,trips_per_route,0.400000,0.000000,7500,7600,7600,9000,9000,9000,9000,9000,9000,9000,9000,16,0,7000,6487.163411562506,1983.5966250102501,12251.540458004456,371.8125
1777158483,64,,Aggregated,4.200000,0.000000,12000,16000,17000,18000,20000,22000,22000,23000,23000,23000,23000,261,0,5600,9029.518266255856,52.04929198953323,29145.854457980022,23025.34865900383
1777158484,64,GET,bulk_update_departures,0.600000,0.000000,16000,16000,17000,17000,20000,20000,20000,20000,20000,20000,20000,11,0,16000,15654.267268813617,5854.916624986799,22995.304165990092,107.81818181818181
1777158484,64,GET,large_scan,0.400000,0.000000,9300,15000,15000,19000,19000,19000,19000,19000,19000,19000,19000,19,0,15000,13821.615394733319,2154.7012079972774,25843.451583990827,332472.63157894736
1777158484,64,GET,next_departures,1.900000,0.000000,17000,19000,20000,21000,22000,22000,23000,23000,23000,23000,23000,103,0,20000,17524.30815895052,1812.4043749994598,29145.854457980022,85.47572815533981
1777158484,64,GET,point_read,1.400000,0.000000,96,120,120,160,220,260,260,260,260,260,260,119,0,200,770.8756382608426,52.04929198953323,5719.884791993536,81.27731092436974
1777158484,64,GET,trips_per_route,0.400000,0.000000,7500,7500,7600,7600,7600,7600,7600,7600,7600,7600,7600,16,0,7000,6487.163411562506,1983.5966250102501,12251.540458004456,371.8125
1777158484,64,,Aggregated,4.700000,0.000000,12000,16000,17000,19000,21000,22000,22000,23000,23000,23000,23000,268,0,5700,9087.090255100096,52.04929198953323,29145.854457980022,23666.38432835821
1777158485,64,GET,bulk_update_departures,0.700000,0.000000,16000,16000,17000,17000,20000,20000,20000,20000,20000,20000,20000,11,0,16000,15654.267268813617,5854.916624986799,22995.304165990092,107.81818181818181
1777158485,64,GET,large_scan,0.400000,0.000000,15000,15000,19000,19000,19000,19000,19000,19000,19000,19000,19000,19,0,15000,13821.615394733319,2154.7012079972774,25843.451583990827,332472.63157894736
1777158485,64,GET,next_departures,2.200000,0.000000,18000,19000,21000,22000,22000,22000,23000,23000,23000,23000,23000,105,0,20000,17611.05566702761,1812.4043749994598,29145.854457980022,85.44761904761904
1777158485,64,GET,point_read,1.700000,0.000000,96,120,160,160,220,260,260,260,260,260,260,120,0,190,765.7996700921407,52.04929198953323,5719.884791993536,81.275
1777158485,64,GET,trips_per_route,0.300000,0.000000,7500,7500,7600,7600,7600,7600,7600,7600,7600,7600,7600,16,0,7000,6487.163411562506,1983.5966250102501,12251.540458004456,371.8125
1777158485,64,,Aggregated,5.300000,0.000000,13000,17000,18000,19000,22000,22000,22000,23000,23000,23000,23000,271,0,5700,9150.033404025233,52.04929198953323,29145.854457980022,23405.31365313653
1777158486,64,GET,bulk_update_departures,0.700000,0.000000,17000,17000,20000,20000,20000,20000,20000,20000,20000,20000,20000,11,0,16000,15654.267268813617,5854.916624986799,22995.304165990092,107.81818181818181
1777158486,64,GET,large_scan,0.400000,0.000000,15000,15000,19000,19000,19000,19000,19000,19000,19000,19000,19000,19,0,15000,13821.615394733319,2154.7012079972774,25843.451583990827,332472.63157894736
1777158486,64,GET,next_departures,2.400000,0.000000,19000,21000,22000,22000,22000,23000,23000,23000,23000,23000,23000,106,0,20000,17661.11430303657,1812.4043749994598,29145.854457980022,85.39622641509433
1777158486,64,GET,point_read,1.700000,0.000000,96,120,120,160,220,260,260,260,260,260,260,120,0,190,765.7996700921407,52.04929198953323,5719.884791993536,81.275
1777158486,64,GET,trips_per_route,0.400000,0.000000,7500,7500,7600,7600,7600,7600,7600,7600,7600,7600,7600,16,0,7000,6487.163411562506,1983.5966250102501,12251.540458004456,371.8125
1777158486,64,,Aggregated,5.600000,0.000000,12000,17000,19000,20000,22000,22000,23000,23000,23000,23000,23000,272,0,5700,9200.64824843682,52.04929198953323,29145.854457980022,23319.558823529413
1777158487,64,GET,bulk_update_departures,0.600000,0.000000,17000,17000,20000,20000,20000,20000,20000,20000,20000,20000,20000,11,0,16000,15654.267268813617,5854.916624986799,22995.304165990092,107.81818181818181
1777158487,64,GET,large_scan,0.500000,0.000000,15000,19000,19000,22000,22000,22000,22000,22000,22000,22000,22000,20,0,15000,14211.700256245967,2154.7012079972774,25843.451583990827,332472.7
1777158487,64,GET,next_departures,2.600000,0.000000,19000,21000,22000,22000,23000,23000,23000,23000,23000,23000,23000,109,0,21000,17777.25235356788,1812.4043749994598,29145.854457980022,85.43119266055047
1777158487,64,GET,point_read,1.800000,0.000000,96,120,160,210,220,260,260,260,260,260,260,120,0,190,765.7996700921407,52.04929198953323,5719.884791993536,81.275
1777158487,64,GET,trips_per_route,0.400000,0.000000,7500,7500,7600,7600,7600,7600,7600,7600,7600,7600,7600,16,0,7000,6487.163411562506,1983.5966250102501,12251.540458004456,371.8125
1777158487,64,,Aggregated,5.900000,0.000000,17000,19000,21000,21000,22000,23000,23000,23000,23000,23000,23000,276,0,5800,9383.485603684145,52.04929198953323,29145.854457980022,24187.152173913044
1777158488,64,GET,bulk_update_departures,0.600000,0.000000,20000,20000,20000,20000,20000,20000,20000,20000,20000,20000,20000,11,0,16000,15654.267268813617,5854.916624986799,22995.304165990092,107.81818181818181
1777158488,64,GET,large_scan,0.400000,0.000000,22000,22000,22000,22000,22000,22000,22000,22000,22000,22000,22000,21,0,19000,14602.510624996197,2154.7012079972774,25843.451583990827,332472.7619047619
1777158488,64,GET,next_departures,2.700000,0.000000,20000,22000,22000,22000,23000,23000,25000,25000,25000,25000,25000,113,0,21000,17835.58415299059,1812.4043749994598,29145.854457980022,85.48672566371681
1777158488,64,GET,point_read,1.800000,0.000000,110,140,160,210,220,260,260,260,260,260,260,125,0,190,740.4303106165025,52.04929198953323,5719.884791993536,81.272
1777158488,64,GET,trips_per_route,0.400000,0.000000,7600,7600,7600,7600,7600,7600,7600,7600,7600,7600,7600,16,0,7000,6487.163411562506,1983.5966250102501,12251.540458004456,371.8125
1777158488,64,,Aggregated,5.900000,0.000000,16000,19000,21000,22000,22000,23000,23000,25000,25000,25000,25000,286,0,5800,9407.759006230308,52.04929198953323,29145.854457980022,24506.58041958042
1777158489,64,GET,bulk_update_departures,0.400000,0.000000,20000,20000,20000,20000,20000,20000,20000,20000,20000,20000,20000,11,0,16000,15654.267268813617,5854.916624986799,22995.304165990092,107.81818181818181
1777158489,64,GET,large_scan,0.200000,0.000000,22000,22000,22000,22000,22000,22000,22000,22000,22000,22000,22000,21,0,19000,14602.510624996197,2154.7012079972774,25843.451583990827,332472.7619047619
1777158489,64,GET,next_departures,2.600000,0.000000,20000,22000,22000,23000,26000,27000,27000,27000,27000,27000,27000,118,0,21000,18145.943128143514,1812.4043749994598,29145.854457980022,85.55084745762711
1777158489,64,GET,point_read,1.800000,0.000000,110,140,150,160,210,220,260,260,260,260,260,131,0,180,711.0403654203778,52.04929198953323,5719.884791993536,81.25190839694656
1777158489,64,GET,trips_per_route,0.400000,0.000000,7600,7600,7600,7600,7600,7600,7600,7600,7600,7600,7600,16,0,7000,6487.163411562506,1983.5966250102501,12251.540458004456,371.8125
1777158489,64,,Aggregated,5.400000,0.000000,17000,20000,22000,22000,23000,26000,27000,27000,27000,27000,27000,297,0,5800,9484.888399521456,52.04929198953323,29145.854457980022,23602.026936026938
1777158490,64,GET,bulk_update_departures,0.300000,0.000000,20000,20000,20000,20000,20000,20000,20000,20000,20000,20000,20000,11,0,16000,15654.267268813617,5854.916624986799,22995.304165990092,107.81818181818181
1777158490,64,GET,large_scan,0.300000,0.000000,22000,22000,22000,22000,22000,22000,22000,22000,22000,22000,22000,21,0,19000,14602.510624996197,2154.7012079972774,25843.451583990827,332472.7619047619
1777158490,64,GET,next_departures,2.800000,0.000000,21000,22000,23000,25000,26000,27000,27000,27000,27000,27000,27000,122,0,21000,18231.751019450247,1812.4043749994598,29145.854457980022,85.54918032786885
1777158490,64,GET,point_read,1.500000,0.000000,110,120,150,160,210,220,260,260,260,260,260,134,0,170,696.4777431202316,52.04929198953323,5719.884791993536,81.25373134328358
1777158490,64,GET,trips_per_route,0.300000,0.000000,7600,7600,7600,7600,7600,7600,7600,7600,7600,7600,7600,16,0,7000,6487.163411562506,1983.5966250102501,12251.540458004456,371.8125
1777158490,64,,Aggregated,5.200000,0.000000,17000,20000,22000,22000,25000,26000,27000,27000,27000,27000,27000,304,0,5800,9540.282630322072,52.04929198953323,29145.854457980022,23060.486842105263
1777158491,64,GET,bulk_update_departures,0.200000,0.000000,21000,21000,21000,21000,21000,21000,21000,21000,21000,21000,21000,12,0,16000,16067.881402663867,5854.916624986799,22995.304165990092,107.91666666666667
1777158491,64,GET,large_scan,0.400000,0.000000,22000,22000,22000,22000,22000,22000,22000,22000,22000,22000,22000,21,0,19000,14602.510624996197,2154.7012079972774,25843.451583990827,332472.7619047619
1777158491,64,GET,next_departures,2.800000,0.000000,22000,22000,23000,25000,26000,27000,27000,27000,27000,27000,27000,122,0,21000,18231.751019450247,1812.4043749994598,29145.854457980022,85.54918032786885
1777158491,64,GET,point_read,1.900000,0.000000,110,140,150,160,210,220,260,260,260,260,260,135,0,170,692.0512953341973,52.04929198953323,5719.884791993536,81.25185185185185
1777158491,64,GET,trips_per_route,0.200000,0.000000,6600,6600,6600,6600,6600,6600,6600,6600,6600,6600,6600,16,0,7000,6487.163411562506,1983.5966250102501,12251.540458004456,371.8125
1777158491,64,,Aggregated,5.500000,0.000000,18000,21000,22000,22000,25000,26000,27000,27000,27000,27000,27000,306,0,5800,9545.628966617425,52.04929198953323,29145.854457980022,22910.385620915033
1777158492,64,GET,bulk_update_departures,0.100000,0.000000,21000,21000,21000,21000,21000,21000,21000,21000,21000,21000,21000,12,0,16000,16067.881402663867,5854.916624986799,22995.304165990092,107.91666666666667
1777158492,64,GET,large_scan,0.400000,0.000000,22000,22000,22000,22000,22000,22000,22000,22000,22000,22000,22000,21,0,19000,14602.510624996197,2154.7012079972774,25843.451583990827,332472.7619047619
1777158492,64,GET,next_departures,3.300000,0.000000,22000,22000,23000,25000,26000,27000,27000,27000,27000,27000,27000,124,0,21000,18202.45860919315,1812.4043749994598,29145.854457980022,85.56451612903226
1777158492,64,GET,point_read,2.200000,0.000000,110,140,150,160,220,260,260,260,260,260,260,136,0,170,687.3352619124275,50.670749973505735,5719.884791993536,81.25
1777158492,64,GET,trips_per_route,0.100000,0.000000,6600,6600,6600,6600,6600,6600,6600,6600,6600,6600,6600,16,0,7000,6487.163411562506,1983.5966250102501,12251.540458004456,371.8125
1777158492,64,,Aggregated,6.100000,0.000000,19000,21000,22000,22000,25000,26000,27000,27000,27000,27000,27000,309,0,5900,9559.36691812921,50.670749973505735,29145.854457980022,22688.776699029127
1777158493,64,GET,bulk_update_departures,0.100000,0.000000,20000,20000,21000,21000,21000,21000,21000,21000,21000,21000,21000,13,0,16000,15940.275378075266,5854.916624986799,22995.304165990092,108.0
1777158493,64,GET,large_scan,0.400000,0.000000,20000,20000,22000,22000,22000,22000,22000,22000,22000,22000,22000,24,0,16000,14736.91328991481,2154.7012079972774,25843.451583990827,332472.625
1777158493,64,GET,next_departures,3.400000,0.000000,22000,22000,25000,25000,26000,27000,27000,27000,27000,27000,27000,126,0,21000,18132.63105455507,1812.4043749994598,29145.854457980022,85.57936507936508
1777158493,64,GET,point_read,2.400000,0.000000,98,110,140,150,210,220,260,260,260,260,260,138,0,170,678.3201279860172,50.670749973505735,5719.884791993536,81.2536231884058
1777158493,64,GET,trips_per_route,0.100000,0.000000,6600,6600,6600,6600,6600,6600,6600,6600,6600,6600,6600,16,0,7000,6487.163411562506,1983.5966250102501,12251.540458004456,371.8125
1777158493,64,,Aggregated,6.400000,0.000000,14000,21000,22000,22000,25000,26000,27000,27000,27000,27000,27000,317,0,5900,9599.444176637042,50.670749973505735,29145.854457980022,25264.01261829653
1777158494,64,GET,bulk_update_departures,0.200000,0.000000,20000,20000,21000,21000,21000,21000,21000,21000,21000,21000,21000,13,0,16000,15940.275378075266,5854.916624986799,22995.304165990092,108.0
1777158494,64,GET,large_scan,0.300000,0.000000,17000,20000,20000,22000,22000,22000,22000,22000,22000,22000,22000,27,0,17000,14849.977307071202,2154.7012079972774,25843.451583990827,332472.77777777775
1777158494,64,GET,next_departures,3.000000,0.000000,22000,23000,25000,26000,26000,27000,27000,27000,27000,27000,27000,127,0,21000,18139.193956023148,1812.4043749994598,29145.854457980022,85.59055118110236
1777158494,64,GET,point_read,2.200000,0.000000,86,99,110,140,150,160,210,210,210,210,210,142,0,160,661.2650882963068,50.670749973505735,5719.884791993536,81.2605633802817
1777158494,64,GET,trips_per_route,0.100000,0.000000,6600,6600,6600,6600,6600,6600,6600,6600,6600,6600,6600,17,0,7000,6391.3165441772435,1983.5966250102501,12251.540458004456,371.8235294117647
1777158494,64,,Aggregated,5.800000,0.000000,12000,20000,22000,22000,25000,26000,27000,27000,27000,27000,27000,326,0,5900,9553.382280398551,50.670749973505735,29145.854457980022,27628.5245398773
1777158496,64,GET,bulk_update_departures,0.100000,0.000000,18000,18000,21000,21000,21000,21000,21000,21000,21000,21000,21000,14,0,16000,16091.981008854678,5854.916624986799,22995.304165990092,108.07142857142857
1777158496,64,GET,large_scan,0.300000,0.000000,20000,20000,22000,22000,22000,22000,22000,22000,22000,22000,22000,27,0,17000,14849.977307071202,2154.7012079972774,25843.451583990827,332472.77777777775
1777158496,64,GET,next_departures,2.900000,0.000000,21000,23000,25000,26000,26000,27000,27000,27000,27000,27000,27000,127,0,21000,18139.193956023148,1812.4043749994598,29145.854457980022,85.59055118110236
1777158496,64,GET,point_read,2.000000,0.000000,86,99,110,140,150,200,210,210,210,210,210,143,0,160,658.0649585950748,50.670749973505735,5719.884791993536,81.26573426573427
1777158496,64,GET,trips_per_route,0.100000,0.000000,6600,6600,7200,7200,7200,7200,7200,7200,7200,7200,7200,18,0,7000,6437.169032501212,1983.5966250102501,12251.540458004456,371.8333333333333
1777158496,64,,Aggregated,5.400000,0.000000,11000,20000,21000,22000,25000,26000,27000,27000,27000,27000,27000,329,0,5900,9543.729743142685,50.670749973505735,29145.854457980022,27378.30395136778
1777158497,64,GET,bulk_update_departures,0.200000,0.000000,18000,18000,21000,21000,21000,21000,21000,21000,21000,21000,21000,14,0,16000,16091.981008854678,5854.916624986799,22995.304165990092,108.07142857142857
1777158497,64,GET,large_scan,0.600000,0.000000,17000,20000,20000,20000,22000,22000,22000,22000,22000,22000,22000,27,0,17000,14849.977307071202,2154.7012079972774,25843.451583990827,332472.77777777775
1777158497,64,GET,next_departures,2.700000,0.000000,21000,25000,26000,26000,27000,27000,27000,27000,27000,27000,27000,127,0,21000,18139.193956023148,1812.4043749994598,29145.854457980022,85.59055118110236
1777158497,64,GET,point_read,2.100000,0.000000,88,99,140,140,200,210,360,360,360,360,360,144,0,160,655.9789056395352,50.670749973505735,5719.884791993536,81.27083333333333
1777158497,64,GET,trips_per_route,0.000000,0.000000,6600,7200,7200,7400,7400,7400,7400,7400,7400,7400,7400,20,0,7000,6445.755981349794,1983.5966250102501,12251.540458004456,371.85
1777158497,64,,Aggregated,5.600000,0.000000,8700,17000,20000,21000,25000,26000,27000,27000,27000,27000,27000,332,0,5900,9497.86396346059,50.670749973505735,29145.854457980022,27133.397590361445
1777158498,64,GET,bulk_update_departures,0.200000,0.000000,18000,18000,21000,21000,21000,21000,21000,21000,21000,21000,21000,15,0,16000,16040.986430464545,5854.916624986799,22995.304165990092,108.13333333333334
1777158498,64,GET,large_scan,0.800000,0.000000,17000,18000,20000,20000,22000,22000,22000,22000,22000,22000,22000,29,0,17000,15014.44941806579,2154.7012079972774,25843.451583990827,332472.8620689655
1777158498,64,GET,next_departures,2.400000,0.000000,21000,24000,26000,26000,27000,27000,27000,27000,27000,27000,27000,131,0,21000,18213.028435098797,1812.4043749994598,29145.854457980022,85.58778625954199
1777158498,64,GET,point_read,2.300000,0.000000,86,99,110,140,320,360,460,460,460,460,460,146,0,170,652.3944874047318,50.670749973505735,5719.884791993536,81.28082191780823
1777158498,64,GET,trips_per_route,0.100000,0.000000,7200,7200,7400,7400,7400,7400,7400,7400,7400,7400,7400,20,0,7000,6445.755981349794,1983.5966250102501,12251.540458004456,371.85
1777158498,64,,Aggregated,5.800000,0.000000,11000,18000,20000,20000,25000,26000,27000,27000,27000,27000,27000,341,0,6100,9636.672344184466,50.670749973505735,29145.854457980022,28369.064516129034
1777158499,64,GET,bulk_update_departures,0.300000,0.000000,18000,18000,21000,21000,21000,21000,21000,21000,21000,21000,21000,15,0,16000,16040.986430464545,5854.916624986799,22995.304165990092,108.13333333333334
1777158499,64,GET,large_scan,0.800000,0.000000,17000,18000,20000,20000,22000,22000,22000,22000,22000,22000,22000,29,0,17000,15014.44941806579,2154.7012079972774,25843.451583990827,332472.8620689655
1777158499,64,GET,next_departures,2.200000,0.000000,19000,21000,21000,24000,25000,26000,26000,26000,26000,26000,26000,132,0,20000,18145.470068795094,1812.4043749994598,29145.854457980022,85.54545454545455
1777158499,64,GET,point_read,2.300000,0.000000,99,150,200,220,360,460,460,460,460,460,460,151,0,160,635.7921887025706,50.670749973505735,5719.884791993536,81.27152317880795
1777158499,64,GET,trips_per_route,0.200000,0.000000,7200,7200,7400,7400,7400,7400,7400,7400,7400,7400,7400,20,0,7000,6445.755981349794,1983.5966250102501,12251.540458004456,371.85
1777158499,64,,Aggregated,5.800000,0.000000,9300,17000,19000,19000,21000,24000,26000,26000,26000,26000,26000,347,0,5900,9499.007546924815,50.670749973505735,29145.854457980022,27879.93083573487
1777158500,64,GET,bulk_update_departures,0.300000,0.000000,18000,19000,19000,21000,21000,21000,21000,21000,21000,21000,21000,16,0,16000,16204.602838435676,5854.916624986799,22995.304165990092,108.1875
1777158500,64,GET,large_scan,0.800000,0.000000,17000,18000,20000,20000,20000,20000,20000,20000,20000,20000,20000,31,0,17000,15242.947120932982,2154.7012079972774,25843.451583990827,332472.7419354839
1777158500,64,GET,next_departures,2.100000,0.000000,19000,21000,21000,24000,25000,26000,26000,26000,26000,26000,26000,135,0,20000,18192.879770044026,1812.4043749994598,29145.854457980022,85.4888888888889
1777158500,64,GET,point_read,2.400000,0.000000,100,150,200,220,360,460,460,460,460,460,460,153,0,160,629.1657850921255,50.670749973505735,5719.884791993536,81.25490196078431
1777158500,64,GET,trips_per_route,0.400000,0.000000,5900,7200,7200,7400,7400,7400,7400,7400,7400,7400,7400,21,0,7000,6418.698321523455,1983.5966250102501,12251.540458004456,371.85714285714283
1777158500,64,,Aggregated,6.000000,0.000000,11000,17000,19000,19000,20000,21000,24000,24000,24000,24000,24000,356,0,6000,9603.648328626186,50.670749973505735,29145.854457980022,29045.415730337078
1777158501,64,GET,bulk_update_departures,0.400000,0.000000,18000,18000,19000,19000,21000,21000,21000,21000,21000,21000,21000,17,0,17000,16330.88330870412,5854.916624986799,22995.304165990092,108.23529411764706
1777158501,64,GET,large_scan,0.900000,0.000000,17000,18000,20000,20000,20000,20000,20000,20000,20000,20000,20000,31,0,17000,15242.947120932982,2154.7012079972774,25843.451583990827,332472.7419354839
1777158501,64,GET,next_departures,2.200000,0.000000,19000,20000,20000,21000,24000,24000,24000,24000,24000,24000,24000,136,0,20000,18194.08348252161,1812.4043749994598,29145.854457980022,85.49264705882354
1777158501,64,GET,point_read,2.600000,0.000000,100,150,200,220,360,460,480,480,480,480,480,158,0,160,614.4645785514259,50.670749973505735,5719.884791993536,81.25949367088607
1777158501,64,GET,trips_per_route,0.400000,0.000000,6200,6400,7200,7200,7400,7400,7400,7400,7400,7400,7400,23,0,6900,6407.741913173358,1983.5966250102501,12251.540458004456,371.8695652173913
1777158501,64,,Aggregated,6.500000,0.000000,7400,17000,18000,19000,20000,21000,24000,24000,24000,24000,24000,365,0,6000,9504.151227490252,50.670749973505735,29145.854457980022,28332.915068493152
1777158502,64,GET,bulk_update_departures,0.400000,0.000000,18000,18000,18000,19000,19000,19000,19000,19000,19000,19000,19000,17,0,17000,16330.88330870412,5854.916624986799,22995.304165990092,108.23529411764706
1777158502,64,GET,large_scan,0.800000,0.000000,17000,18000,20000,20000,20000,20000,20000,20000,20000,20000,20000,32,0,17000,14870.587389278626,2154.7012079972774,25843.451583990827,332472.78125
1777158502,64,GET,next_departures,1.900000,0.000000,19000,19000,20000,20000,24000,24000,24000,24000,24000,24000,24000,140,0,20000,18100.419891356854,1812.4043749994598,29145.854457980022,85.47857142857143
1777158502,64,GET,point_read,2.600000,0.000000,99,150,200,200,360,460,480,480,480,480,480,162,0,150,600.9491033648014,50.670749973505735,5719.884791993536,81.25925925925925
1777158502,64,GET,trips_per_route,0.400000,0.000000,6200,6400,7200,7200,7400,7400,7400,7400,7400,7400,7400,23,0,6900,6407.741913173358,1983.5966250102501,12251.540458004456,371.8695652173913
1777158502,64,,Aggregated,6.100000,0.000000,7200,16000,18000,19000,20000,20000,24000,24000,24000,24000,24000,374,0,5900,9444.58400064954,50.670749973505735,29145.854457980022,28541.852941176472
1777158503,64,GET,bulk_update_departures,0.500000,0.000000,18000,18000,18000,19000,19000,19000,19000,19000,19000,19000,19000,17,0,17000,16330.88330870412,5854.916624986799,22995.304165990092,108.23529411764706
1777158503,64,GET,large_scan,1.000000,0.000000,17000,17000,18000,20000,20000,20000,20000,20000,20000,20000,20000,33,0,17000,14547.357305513067,2154.7012079972774,25843.451583990827,332472.8181818182
1777158503,64,GET,next_departures,1.700000,0.000000,19000,20000,20000,22000,24000,24000,24000,24000,24000,24000,24000,143,0,20000,18099.047575167537,1812.4043749994598,29145.854457980022,85.45454545454545
1777158503,64,GET,point_read,2.200000,0.000000,100,150,200,220,360,460,480,480,480,480,480,163,0,150,598.0014398964007,50.670749973505735,5719.884791993536,81.25766871165644
1777158503,64,GET,trips_per_route,0.500000,0.000000,6200,6400,7200,7200,7400,7400,7400,7400,7400,7400,7400,23,0,6900,6407.741913173358,1983.5966250102501,12251.540458004456,371.8695652173913
1777158503,64,,Aggregated,5.900000,0.000000,6400,17000,18000,19000,20000,22000,24000,24000,24000,24000,24000,379,0,6000,9474.152794947118,50.670749973505735,29145.854457980022,29043.4327176781
1777158504,64,GET,bulk_update_departures,0.600000,0.000000,18000,18000,19000,19000,19000,19000,19000,19000,19000,19000,19000,17,0,17000,16330.88330870412,5854.916624986799,22995.304165990092,108.23529411764706
1777158504,64,GET,large_scan,1.000000,0.000000,17000,17000,18000,20000,20000,20000,20000,20000,20000,20000,20000,34,0,17000,14501.385245056179,2154.7012079972774,25843.451583990827,332472.85294117645
1777158504,64,GET,next_departures,1.400000,0.000000,19000,20000,20000,22000,24000,24000,24000,24000,24000,24000,24000,144,0,20000,18112.089964694154,1812.4043749994598,29145.854457980022,85.46527777777777
1777158504,64,GET,point_read,2.400000,0.000000,120,150,200,220,360,460,480,480,480,480,480,166,0,150,588.7321134282666,50.670749973505735,5719.884791993536,81.26506024096386
1777158504,64,GET,trips_per_route,0.700000,0.000000,6400,6500,7200,7200,7400,7400,7400,7400,7400,7400,7400,24,0,6600,6411.9981060406035,1983.5966250102501,12251.540458004456,371.875
1777158504,64,,Aggregated,6.100000,0.000000,6400,15000,18000,19000,20000,23000,24000,24000,24000,24000,24000,385,0,6000,9429.68975290884,50.670749973505735,29145.854457980022,29456.205194805196
1777158505,64,GET,bulk_update_departures,0.500000,0.000000,18000,18000,19000,19000,19000,19000,19000,19000,19000,19000,19000,17,0,17000,16330.88330870412,5854.916624986799,22995.304165990092,108.23529411764706
1777158505,64,GET,large_scan,1.200000,0.000000,17000,18000,19000,20000,20000,20000,20000,20000,20000,20000,20000,37,0,17000,14632.939626078116,2154.7012079972774,25843.451583990827,332472.91891891893
1777158505,64,GET,next_departures,1.900000,0.000000,19000,20000,20000,22000,24000,24000,24000,24000,24000,24000,24000,146,0,20000,17987.642539383236,1812.4043749994598,29145.854457980022,85.47945205479452
1777158505,64,GET,point_read,2.700000,0.000000,100,140,150,220,360,460,480,480,480,480,480,168,0,150,582.5389749233658,50.670749973505735,5719.884791993536,81.26785714285714
1777158505,64,GET,trips_per_route,0.700000,0.000000,6400,6500,6800,6800,7400,7400,7400,7400,7400,7400,7400,25,0,6800,6426.964548439719,1983.5966250102501,12251.540458004456,371.88
1777158505,64,,Aggregated,7.000000,0.000000,6500,15000,18000,19000,20000,22000,24000,24000,24000,24000,24000,393,0,6200,9424.377238322975,50.670749973505735,29145.854457980022,31396.356234096693
1777158506,64,GET,bulk_update_departures,0.500000,0.000000,18000,18000,19000,19000,19000,19000,19000,19000,19000,19000,19000,17,0,17000,16330.88330870412,5854.916624986799,22995.304165990092,108.23529411764706
1777158506,64,GET,large_scan,1.200000,0.000000,17000,18000,19000,20000,20000,20000,20000,20000,20000,20000,20000,37,0,17000,14632.939626078116,2154.7012079972774,25843.451583990827,332472.91891891893
1777158506,64,GET,next_departures,1.900000,0.000000,20000,20000,22000,22000,23000,24000,24000,24000,24000,24000,24000,150,0,20000,18087.04253471923,1812.4043749994598,29145.854457980022,85.48
1777158506,64,GET,point_read,2.700000,0.000000,100,140,150,170,320,460,480,480,480,480,480,170,0,150,577.0124747243244,50.670749973505735,5719.884791993536,81.2764705882353
1777158506,64,GET,trips_per_route,0.700000,0.000000,6400,6500,6800,6800,7400,7400,7400,7400,7400,7400,7400,25,0,6800,6426.964548439719,1983.5966250102501,12251.540458004456,371.88
1777158506,64,,Aggregated,7.000000,0.000000,6800,17000,19000,20000,22000,23000,24000,24000,24000,24000,24000,399,0,6300,9500.918288307943,50.670749973505735,29145.854457980022,30925.498746867168
1777158507,64,GET,bulk_update_departures,0.400000,0.000000,18000,18000,19000,19000,19000,19000,19000,19000,19000,19000,19000,18,0,16000,16336.11208322044,5854.916624986799,22995.304165990092,108.27777777777777
1777158507,64,GET,large_scan,1.000000,0.000000,17000,18000,19000,20000,20000,20000,20000,20000,20000,20000,20000,37,0,17000,14632.939626078116,2154.7012079972774,25843.451583990827,332472.91891891893
1777158507,64,GET,next_departures,1.800000,0.000000,20000,21000,22000,22000,23000,23000,24000,24000,24000,24000,24000,154,0,20000,18145.92609848649,1812.4043749994598,29145.854457980022,85.51298701298701
1777158507,64,GET,point_read,2.800000,0.000000,98,130,150,170,200,220,480,480,480,480,480,171,0,150,574.7467682464388,50.670749973505735,5719.884791993536,81.27485380116958
1777158507,64,GET,trips_per_route,0.800000,0.000000,6400,6500,6500,6800,6800,6800,6800,6800,6800,6800,6800,25,0,6800,6426.964548439719,1983.5966250102501,12251.540458004456,371.88
1777158507,64,,Aggregated,6.800000,0.000000,6800,17000,19000,20000,22000,23000,23000,24000,24000,24000,24000,405,0,6400,9602.215342989897,50.670749973505735,29145.854457980022,30468.66913580247
1777158508,64,GET,bulk_update_departures,0.400000,0.000000,18000,18000,19000,19000,19000,19000,19000,19000,19000,19000,19000,18,0,16000,16336.11208322044,5854.916624986799,22995.304165990092,108.27777777777777
1777158508,64,GET,large_scan,1.000000,0.000000,17000,19000,19000,20000,20000,20000,20000,20000,20000,20000,20000,38,0,17000,14742.61817757552,2154.7012079972774,25843.451583990827,332472.9210526316
1777158508,64,GET,next_departures,1.900000,0.000000,20000,22000,23000,23000,23000,23000,24000,24000,24000,24000,24000,156,0,20000,18204.319340281738,1812.4043749994598,29145.854457980022,85.53205128205128
1777158508,64,GET,point_read,2.600000,0.000000,98,140,190,200,280,300,480,480,480,480,480,175,0,150,567.2644594981933,50.670749973505735,5719.884791993536,81.26857142857143
1777158508,64,GET,trips_per_route,0.700000,0.000000,6400,6500,6500,6800,6800,6800,6800,6800,6800,6800,6800,25,0,6800,6426.964548439719,1983.5966250102501,12251.540458004456,371.88
1777158508,64,,Aggregated,6.600000,0.000000,7500,18000,20000,20000,22000,23000,23000,24000,24000,24000,24000,412,0,6400,9597.30271711884,50.670749973505735,29145.854457980022,30759.179611650485
1777158509,64,GET,bulk_update_departures,0.300000,0.000000,18000,18000,18000,18000,18000,18000,18000,18000,18000,18000,18000,18,0,16000,16336.11208322044,5854.916624986799,22995.304165990092,108.27777777777777
1777158509,64,GET,large_scan,1.000000,0.000000,17000,19000,19000,20000,20000,20000,20000,20000,20000,20000,20000,38,0,17000,14742.61817757552,2154.7012079972774,25843.451583990827,332472.9210526316
1777158509,64,GET,next_departures,2.300000,0.000000,20000,22000,22000,23000,23000,23000,24000,24000,24000,24000,24000,161,0,20000,18200.52391304332,1812.4043749994598,29145.854457980022,85.55900621118012
1777158509,64,GET,point_read,2.700000,0.000000,140,170,230,240,290,300,480,480,480,480,480,181,0,160,555.6650727193608,50.670749973505735,5719.884791993536,81.26519337016575
1777158509,64,GET,trips_per_route,0.700000,0.000000,6500,6500,6800,6800,6800,6800,6800,6800,6800,6800,6800,25,0,6800,6426.964548439719,1983.5966250102501,12251.540458004456,371.88
1777158509,64,,Aggregated,7.000000,0.000000,6500,18000,20000,20000,22000,23000,23000,24000,24000,24000,24000,423,0,6400,9564.546926995286,50.670749973505735,29145.854457980022,29961.468085106382
1777158510,64,GET,bulk_update_departures,0.400000,0.000000,16000,16000,18000,18000,18000,18000,18000,18000,18000,18000,18000,19,0,16000,16293.364050314076,5854.916624986799,22995.304165990092,108.26315789473684
1777158510,64,GET,large_scan,1.000000,0.000000,15000,19000,19000,19000,20000,20000,20000,20000,20000,20000,20000,39,0,17000,14750.669715765607,2154.7012079972774,25843.451583990827,332472.9487179487
1777158510,64,GET,next_departures,2.700000,0.000000,20000,21000,22000,23000,23000,23000,24000,24000,24000,24000,24000,163,0,20000,18157.17967075441,1812.4043749994598,29145.854457980022,85.57668711656441
1777158510,64,GET,point_read,2.700000,0.000000,150,190,230,240,280,290,300,300,300,300,300,183,0,160,551.2135512032673,50.670749973505735,5719.884791993536,81.26775956284153
1777158510,64,GET,trips_per_route,0.500000,0.000000,6500,6500,6800,6800,6800,6800,6800,6800,6800,6800,6800,25,0,6800,6426.964548439719,1983.5966250102501,12251.540458004456,371.88
1777158510,64,,Aggregated,7.300000,0.000000,9800,19000,20000,20000,22000,23000,23000,24000,24000,24000,24000,429,0,6400,9571.134069428863,50.670749973505735,29145.854457980022,30318.46153846154
1777158511,64,GET,bulk_update_departures,0.300000,0.000000,16000,16000,18000,18000,18000,18000,18000,18000,18000,18000,18000,19,0,16000,16293.364050314076,5854.916624986799,22995.304165990092,108.26315789473684
1777158511,64,GET,large_scan,0.900000,0.000000,15000,16000,19000,19000,20000,20000,20000,20000,20000,20000,20000,41,0,17000,14628.973806898746,2154.7012079972774,25843.451583990827,332472.8292682927
1777158511,64,GET,next_departures,2.500000,0.000000,20000,21000,22000,23000,23000,23000,24000,24000,24000,24000,24000,168,0,20000,18098.61162375577,1812.4043749994598,29145.854457980022,85.53571428571429
1777158511,64,GET,point_read,2.900000,0.000000,170,230,240,240,280,290,300,300,300,300,300,185,0,160,546.569616871263,50.670749973505735,5719.884791993536,81.26486486486486
1777158511,64,GET,trips_per_route,0.500000,0.000000,6500,6500,6800,6800,6800,6800,6800,6800,6800,6800,6800,26,0,6600,6401.044974461771,1983.5966250102501,12251.540458004456,371.88461538461536
1777158511,64,,Aggregated,7.100000,0.000000,10000,19000,20000,20000,22000,23000,23000,24000,24000,24000,24000,439,0,6500,9606.995772863262,50.670749973505735,29145.854457980022,31144.683371298404
1777158512,64,GET,bulk_update_departures,0.300000,0.000000,16000,16000,18000,18000,18000,18000,18000,18000,18000,18000,18000,19,0,16000,16293.364050314076,5854.916624986799,22995.304165990092,108.26315789473684
1777158512,64,GET,large_scan,0.800000,0.000000,16000,19000,19000,19000,20000,20000,20000,20000,20000,20000,20000,41,0,17000,14628.973806898746,2154.7012079972774,25843.451583990827,332472.8292682927
1777158512,64,GET,next_departures,2.800000,0.000000,20000,21000,22000,22000,23000,23000,24000,24000,24000,24000,24000,169,0,20000,18067.519332840046,1812.4043749994598,29145.854457980022,85.50887573964496
1777158512,64,GET,point_read,3.000000,0.000000,170,190,240,240,280,290,300,300,300,300,300,187,0,150,541.5465619206805,50.670749973505735,5719.884791993536,81.27272727272727
1777158512,64,GET,trips_per_route,0.400000,0.000000,6500,6500,6800,6800,6800,6800,6800,6800,6800,6800,6800,27,0,6600,6371.872683741256,1983.5966250102501,12251.540458004456,371.8888888888889
1777158512,64,,Aggregated,7.300000,0.000000,9800,17000,20000,20000,22000,23000,23000,24000,24000,24000,24000,443,0,6500,9562.262708417518,50.670749973505735,29145.854457980022,30864.86004514673
1777158513,64,GET,bulk_update_departures,0.300000,0.000000,16000,16000,16000,16000,16000,16000,16000,16000,16000,16000,16000,19,0,16000,16293.364050314076,5854.916624986799,22995.304165990092,108.26315789473684
1777158513,64,GET,large_scan,0.800000,0.000000,16000,19000,19000,19000,20000,20000,20000,20000,20000,20000,20000,41,0,17000,14628.973806898746,2154.7012079972774,25843.451583990827,332472.8292682927
1777158513,64,GET,next_departures,2.800000,0.000000,20000,21000,22000,22000,23000,23000,24000,24000,24000,24000,24000,171,0,20000,18074.920990982417,1812.4043749994598,29145.854457980022,85.52046783625731
1777158513,64,GET,point_read,3.000000,0.000000,170,230,240,240,280,290,300,300,300,300,300,188,0,150,539.0905903997841,50.670749973505735,5719.884791993536,81.27127659574468
1777158513,64,GET,trips_per_route,0.400000,0.000000,6000,6500,6500,6800,6800,6800,6800,6800,6800,6800,6800,28,0,6500,6360.362270929078,1983.5966250102501,12251.540458004456,371.89285714285717
1777158513,64,,Aggregated,7.300000,0.000000,10000,17000,20000,20000,22000,23000,23000,24000,24000,24000,24000,447,0,6500,9574.077197042458,50.670749973505735,29145.854457980022,30590.064876957495
1777158514,64,GET,bulk_update_departures,0.200000,0.000000,16000,16000,16000,16000,16000,16000,16000,16000,16000,16000,16000,19,0,16000,16293.364050314076,5854.916624986799,22995.304165990092,108.26315789473684
1777158514,64,GET,large_scan,1.000000,0.000000,16000,19000,19000,19000,20000,20000,20000,20000,20000,20000,20000,41,0,17000,14628.973806898746,2154.7012079972774,25843.451583990827,332472.8292682927
1777158514,64,GET,next_departures,3.200000,0.000000,20000,21000,22000,22000,23000,23000,24000,24000,24000,24000,24000,172,0,20000,18025.763801110374,1812.4043749994598,29145.854457980022,85.52325581395348
1777158514,64,GET,point_read,2.700000,0.000000,170,230,240,240,280,290,300,300,300,300,300,191,0,150,531.9854364928811,50.670749973505735,5719.884791993536,81.26178010471205
1777158514,64,GET,trips_per_route,0.300000,0.000000,6000,6300,6300,6800,6800,6800,6800,6800,6800,6800,6800,29,0,6500,6359.786544655498,1983.5966250102501,12251.540458004456,371.9310344827586
1777158514,64,,Aggregated,7.400000,0.000000,9600,17000,20000,20000,22000,23000,23000,24000,24000,24000,24000,452,0,6400,9504.062488926873,50.670749973505735,29145.854457980022,30253.230088495577
1777158515,64,GET,bulk_update_departures,0.200000,0.000000,16000,16000,16000,16000,16000,16000,16000,16000,16000,16000,16000,19,0,16000,16293.364050314076,5854.916624986799,22995.304165990092,108.26315789473684
1777158515,64,GET,large_scan,0.900000,0.000000,15000,16000,16000,19000,19000,19000,19000,19000,19000,19000,19000,42,0,16000,14428.340236115868,2154.7012079972774,25843.451583990827,332472.8333333333
1777158515,64,GET,next_departures,2.900000,0.000000,20000,21000,21000,21000,23000,23000,24000,24000,24000,24000,24000,173,0,20000,17982.01261102872,1812.4043749994598,29145.854457980022,85.52601156069365
1777158515,64,GET,point_read,2.500000,0.000000,170,230,240,240,280,290,300,300,300,300,300,192,0,150,529.620927709099,50.670749973505735,5719.884791993536,81.265625
1777158515,64,GET,trips_per_route,0.300000,0.000000,6000,6300,6300,6800,6800,6800,6800,6800,6800,6800,6800,29,0,6500,6359.786544655498,1983.5966250102501,12251.540458004456,371.9310344827586
1777158515,64,,Aggregated,6.800000,0.000000,8700,16000,19000,20000,21000,23000,23000,24000,24000,24000,24000,455,0,6400,9478.183332958144,50.670749973505735,29145.854457980022,30784.83736263736
1777158516,64,GET,bulk_update_departures,0.200000,0.000000,16000,16000,16000,16000,16000,16000,16000,16000,16000,16000,16000,19,0,16000,16293.364050314076,5854.916624986799,22995.304165990092,108.26315789473684
1777158516,64,GET,large_scan,0.800000,0.000000,16000,16000,18000,18000,19000,19000,19000,19000,19000,19000,19000,43,0,17000,14507.81814341547,2154.7012079972774,25843.451583990827,332472.8604651163
1777158516,64,GET,next_departures,2.800000,0.000000,20000,20000,21000,21000,23000,24000,24000,24000,24000,24000,24000,174,0,20000,17994.72327490208,1812.4043749994598,29145.854457980022,85.53448275862068
1777158516,64,GET,point_read,2.500000,0.000000,160,230,240,240,280,290,300,300,300,300,300,192,0,150,529.620927709099,50.670749973505735,5719.884791993536,81.265625
1777158516,64,GET,trips_per_route,0.500000,0.000000,6000,6300,6300,6800,6800,6800,6800,6800,6800,6800,6800,29,0,6500,6359.786544655498,1983.5966250102501,12251.540458004456,371.9310344827586
1777158516,64,,Aggregated,6.800000,0.000000,7200,15000,19000,19000,21000,23000,23000,24000,24000,24000,24000,457,0,6400,9519.940864050215,50.670749973505735,29145.854457980022,31377.816192560174
1777158517,64,GET,bulk_update_departures,0.200000,0.000000,16000,16000,16000,16000,16000,16000,16000,16000,16000,16000,16000,19,0,16000,16293.364050314076,5854.916624986799,22995.304165990092,108.26315789473684
1777158517,64,GET,large_scan,0.700000,0.000000,16000,16000,18000,18000,19000,19000,19000,19000,19000,19000,19000,43,0,17000,14507.81814341547,2154.7012079972774,25843.451583990827,332472.8604651163
1777158517,64,GET,next_departures,2.800000,0.000000,20000,20000,21000,21000,22000,22000,24000,24000,24000,24000,24000,177,0,20000,18059.03891807355,1812.4043749994598,29145.854457980022,85.52542372881356
1777158517,64,GET,point_read,2.500000,0.000000,100,160,230,230,240,290,290,290,290,290,290,194,0,150,525.3404711966328,50.670749973505735,5719.884791993536,81.26804123711341
1777158517,64,GET,trips_per_route,0.500000,0.000000,5900,6000,6000,6300,6300,6300,6300,6300,6300,6300,6300,30,0,6400,6343.443950100725,1983.5966250102501,12251.540458004456,371.93333333333334
1777158517,64,,Aggregated,6.700000,0.000000,7200,15000,19000,20000,21000,22000,22000,24000,24000,24000,24000,463,0,6400,9550.927333773254,50.670749973505735,29145.854457980022,30972.89848812095
1777158518,64,GET,bulk_update_departures,0.200000,0.000000,16000,16000,16000,16000,16000,16000,16000,16000,16000,16000,16000,19,0,16000,16293.364050314076,5854.916624986799,22995.304165990092,108.26315789473684
1777158518,64,GET,large_scan,0.500000,0.000000,15000,16000,16000,18000,18000,18000,18000,18000,18000,18000,18000,43,0,17000,14507.81814341547,2154.7012079972774,25843.451583990827,332472.8604651163
1777158518,64,GET,next_departures,2.700000,0.000000,19000,20000,21000,21000,22000,22000,22000,22000,22000,22000,22000,178,0,20000,18050.671236179816,1812.4043749994598,29145.854457980022,85.52808988764045
1777158518,64,GET,point_read,2.400000,0.000000,80,86,100,160,180,240,240,240,240,240,240,195,0,150,523.04724270854,50.670749973505735,5719.884791993536,81.26666666666667
1777158518,64,GET,trips_per_route,0.500000,0.000000,5900,6000,6000,6300,6300,6300,6300,6300,6300,6300,6300,30,0,6400,6343.443950100725,1983.5966250102501,12251.540458004456,371.93333333333334
1777158518,64,,Aggregated,6.300000,0.000000,9600,15000,17000,19000,21000,22000,22000,22000,22000,22000,22000,465,0,6400,9545.649694610804,50.670749973505735,29145.854457980022,30840.040860215053
1777158519,64,GET,bulk_update_departures,0.200000,0.000000,16000,16000,16000,16000,16000,16000,16000,16000,16000,16000,16000,19,0,16000,16293.364050314076,5854.916624986799,22995.304165990092,108.26315789473684
1777158519,64,GET,large_scan,0.600000,0.000000,16000,16000,18000,18000,18000,18000,18000,18000,18000,18000,18000,43,0,17000,14507.81814341547,2154.7012079972774,25843.451583990827,332472.8604651163
1777158519,64,GET,next_departures,2.400000,0.000000,20000,20000,21000,21000,22000,22000,22000,22000,22000,22000,22000,179,0,20000,17994.547159676044,1812.4043749994598,29145.854457980022,85.53072625698324
1777158519,64,GET,point_read,2.200000,0.000000,80,85,100,100,160,180,180,180,180,180,180,195,0,150,523.04724270854,50.670749973505735,5719.884791993536,81.26666666666667
1777158519,64,GET,trips_per_route,0.400000,0.000000,6000,6300,7000,7000,7200,7200,7200,7200,7200,7200,7200,32,0,6500,6390.178533969447,1983.5966250102501,12251.540458004456,371.9375
1777158519,64,,Aggregated,5.800000,0.000000,7200,10000,17000,20000,21000,22000,22000,22000,22000,22000,22000,468,0,6500,9531.867444700916,50.670749973505735,29145.854457980022,30644.121794871793
1777158520,64,GET,bulk_update_departures,0.100000,0.000000,16000,16000,16000,16000,16000,16000,16000,16000,16000,16000,16000,19,0,16000,16293.364050314076,5854.916624986799,22995.304165990092,108.26315789473684
1777158520,64,GET,large_scan,0.600000,0.000000,16000,17000,17000,18000,18000,18000,18000,18000,18000,18000,18000,44,0,17000,14567.73568940579,2154.7012079972774,25843.451583990827,332472.88636363635
1777158520,64,GET,next_departures,2.300000,0.000000,20000,21000,22000,22000,22000,23000,23000,23000,23000,23000,23000,180,0,20000,18024.500315733418,1812.4043749994598,29145.854457980022,85.50555555555556
1777158520,64,GET,point_read,2.300000,0.000000,80,85,86,100,160,160,160,160,160,160,160,195,0,150,523.04724270854,50.670749973505735,5719.884791993536,81.26666666666667
1777158520,64,GET,trips_per_route,0.500000,0.000000,6000,6300,7000,7000,7200,7200,7200,7200,7200,7200,7200,32,0,6500,6390.178533969447,1983.5966250102501,12251.540458004456,371.9375
1777158520,64,,Aggregated,5.800000,0.000000,7000,13000,17000,18000,22000,22000,23000,23000,23000,23000,23000,470,0,6500,9577.540999014936,50.670749973505735,29145.854457980022,31221.28510638298
1777158521,64,GET,bulk_update_departures,0.100000,0.000000,16000,16000,16000,16000,16000,16000,16000,16000,16000,16000,16000,19,0,16000,16293.364050314076,5854.916624986799,22995.304165990092,108.26315789473684
1777158521,64,GET,large_scan,0.500000,0.000000,16000,17000,17000,18000,18000,18000,18000,18000,18000,18000,18000,44,0,17000,14567.73568940579,2154.7012079972774,25843.451583990827,332472.88636363635
1777158521,64,GET,next_departures,2.200000,0.000000,21000,21000,22000,22000,22000,23000,23000,23000,23000,23000,23000,185,0,20000,18097.663773859487,1812.4043749994598,29145.854457980022,85.47027027027028
1777158521,64,GET,point_read,2.000000,0.000000,80,85,100,100,160,160,160,160,160,160,160,195,0,150,523.04724270854,50.670749973505735,5719.884791993536,81.26666666666667
1777158521,64,GET,trips_per_route,0.500000,0.000000,6300,6300,7000,7000,7200,7200,7200,7200,7200,7200,7200,32,0,6500,6390.178533969447,1983.5966250102501,12251.540458004456,371.9375
1777158521,64,,Aggregated,5.300000,0.000000,9600,18000,21000,21000,22000,22000,23000,23000,23000,23000,23000,475,0,6700,9694.951601829494,50.670749973505735,29145.854457980022,30893.526315789473
1777158522,64,GET,bulk_update_departures,0.000000,0.000000,19000,19000,19000,19000,19000,19000,19000,19000,19000,19000,19000,20,0,16000,16408.184639448882,5854.916624986799,22995.304165990092,108.0
1777158522,64,GET,large_scan,0.500000,0.000000,17000,18000,18000,18000,18000,18000,18000,18000,18000,18000,18000,46,0,17000,14672.905674823003,2154.7012079972774,25843.451583990827,332472.9130434783
1777158522,64,GET,next_departures,1.700000,0.000000,21000,21000,22000,22000,23000,23000,23000,23000,23000,23000,23000,190,0,20000,18066.16386446312,1812.4043749994598,29145.854457980022,85.43684210526315
1777158522,64,GET,point_read,1.200000,0.000000,78,85,110,110,120,160,160,160,160,160,160,200,0,150,511.95900330567383,50.670749973505735,5719.884791993536,81.28
1777158522,64,GET,trips_per_route,0.700000,0.000000,7000,7000,7200,7200,7200,7200,7200,7200,7200,7200,7200,32,0,6500,6390.178533969447,1983.5966250102501,12251.540458004456,371.9375
1777158522,64,,Aggregated,4.100000,0.000000,10000,19000,21000,21000,22000,22000,23000,23000,23000,23000,23000,488,0,6800,9718.372954563485,50.670749973505735,29145.854457980022,31435.051229508197
1777158523,64,GET,bulk_update_departures,0.000000,0.000000,19000,19000,19000,19000,19000,19000,19000,19000,19000,19000,19000,20,0,16000,16408.184639448882,5854.916624986799,22995.304165990092,108.0
1777158523,64,GET,large_scan,0.300000,0.000000,17000,17000,18000,18000,18000,18000,18000,18000,18000,18000,18000,47,0,17000,14529.021839550547,2154.7012079972774,25843.451583990827,332472.91489361704
1777158523,64,GET,next_departures,1.700000,0.000000,21000,21000,21000,22000,22000,23000,23000,23000,23000,23000,23000,196,0,20000,18142.60424593879,1812.4043749994598,29145.854457980022,85.41836734693878
1777158523,64,GET,point_read,1.000000,0.000000,75,92,110,120,160,240,240,240,240,240,240,208,0,140,495.9767435677629,50.670749973505735,5719.884791993536,81.27403846153847
1777158523,64,GET,trips_per_route,0.600000,0.000000,7000,7000,7200,7200,7200,7200,7200,7200,7200,7200,7200,32,0,6500,6390.178533969447,1983.5966250102501,12251.540458004456,371.9375
1777158523,64,,Aggregated,3.600000,0.000000,12000,20000,21000,21000,21000,22000,23000,23000,23000,23000,23000,503,0,6800,9691.107409942284,50.670749973505735,29145.854457980022,31160.906560636184
1777158524,64,GET,bulk_update_departures,0.000000,0.000000,19000,19000,19000,19000,19000,19000,19000,19000,19000,19000,19000,20,0,16000,16408.184639448882,5854.916624986799,22995.304165990092,108.0
1777158524,64,GET,large_scan,0.300000,0.000000,17000,17000,18000,18000,18000,18000,18000,18000,18000,18000,18000,48,0,16000,14414.382232642916,2154.7012079972774,25843.451583990827,332472.9166666667
1777158524,64,GET,next_departures,1.700000,0.000000,21000,21000,21000,22000,22000,23000,23000,23000,23000,23000,23000,196,0,20000,18142.60424593879,1812.4043749994598,29145.854457980022,85.41836734693878
1777158524,64,GET,point_read,1.000000,0.000000,78,92,110,120,160,240,240,240,240,240,240,209,0,140,494.0449302013725,50.670749973505735,5719.884791993536,81.27751196172248
1777158524,64,GET,trips_per_route,0.600000,0.000000,7000,7000,7200,7200,7200,7200,7200,7200,7200,7200,7200,32,0,6500,6390.178533969447,1983.5966250102501,12251.540458004456,371.9375
1777158524,64,,Aggregated,3.600000,0.000000,16000,20000,21000,21000,22000,22000,23000,23000,23000,23000,23000,505,0,6800,9670.783318136526,50.670749973505735,29145.854457980022,31696.021782178217
1777158525,64,GET,bulk_update_departures,0.100000,0.000000,19000,19000,19000,19000,19000,19000,19000,19000,19000,19000,19000,20,0,16000,16408.184639448882,5854.916624986799,22995.304165990092,108.0
1777158525,64,GET,large_scan,0.600000,0.000000,17000,17000,18000,18000,18000,18000,18000,18000,18000,18000,18000,48,0,16000,14414.382232642916,2154.7012079972774,25843.451583990827,332472.9166666667
1777158525,64,GET,next_departures,2.500000,0.000000,21000,21000,21000,22000,22000,23000,23000,23000,23000,23000,23000,197,0,20000,18150.198903111635,1812.4043749994598,29145.854457980022,85.42639593908629
1777158525,64,GET,point_read,1.900000,0.000000,75,92,110,120,160,240,240,240,240,240,240,209,0,140,494.0449302013725,50.670749973505735,5719.884791993536,81.27751196172248
1777158525,64,GET,trips_per_route,0.400000,0.000000,7000,7000,7200,7200,7200,7200,7200,7200,7200,7200,7200,32,0,6500,6390.178533969447,1983.5966250102501,12251.540458004456,371.9375
1777158525,64,,Aggregated,5.500000,0.000000,12000,20000,21000,21000,22000,22000,23000,23000,23000,23000,23000,506,0,6800,9690.482860410939,50.670749973505735,29145.854457980022,31633.553359683796
1777158526,64,GET,bulk_update_departures,0.100000,0.000000,19000,19000,19000,19000,19000,19000,19000,19000,19000,19000,19000,20,0,16000,16408.184639448882,5854.916624986799,22995.304165990092,108.0
1777158526,64,GET,large_scan,0.600000,0.000000,17000,17000,18000,18000,18000,18000,18000,18000,18000,18000,18000,49,0,17000,14465.911432834015,2154.7012079972774,25843.451583990827,332472.9387755102
1777158526,64,GET,next_departures,2.500000,0.000000,21000,21000,21000,21000,21000,23000,23000,23000,23000,23000,23000,201,0,20000,18153.17502609439,1812.4043749994598,29145.854457980022,85.42786069651741
1777158526,64,GET,point_read,1.900000,0.000000,75,92,110,120,120,240,240,240,240,240,240,209,0,140,494.0449302013725,50.670749973505735,5719.884791993536,81.27751196172248
1777158526,64,GET,trips_per_route,0.400000,0.000000,7000,7000,7200,7200,7200,7200,7200,7200,7200,7200,7200,32,0,6500,6390.178533969447,1983.5966250102501,12251.540458004456,371.9375
1777158526,64,,Aggregated,5.500000,0.000000,17000,20000,21000,21000,21000,21000,23000,23000,23000,23000,23000,511,0,7000,9772.059954485168,50.670749973505735,29145.854457980022,31975.33072407045
1777158527,64,GET,bulk_update_departures,0.100000,0.000000,19000,19000,19000,19000,19000,19000,19000,19000,19000,19000,19000,20,0,16000,16408.184639448882,5854.916624986799,22995.304165990092,108.0
1777158527,64,GET,large_scan,0.700000,0.000000,17000,17000,18000,18000,18000,18000,18000,18000,18000,18000,18000,50,0,17000,14530.490735017229,2154.7012079972774,25843.451583990827,332472.96
1777158527,64,GET,next_departures,2.400000,0.000000,21000,21000,21000,21000,22000,23000,23000,23000,23000,23000,23000,203,0,20000,18176.723367172297,1812.4043749994598,29145.854457980022,85.4384236453202
1777158527,64,GET,point_read,1.800000,0.000000,75,92,110,120,170,240,240,240,240,240,240,213,0,140,486.62138006613293,50.670749973505735,5719.884791993536,81.28169014084507
1777158527,64,GET,trips_per_route,0.300000,0.000000,7200,7200,7200,7200,7200,7200,7200,7200,7200,7200,7200,32,0,6500,6390.178533969447,1983.5966250102501,12251.540458004456,371.9375
1777158527,64,,Aggregated,5.300000,0.000000,16000,19000,21000,21000,21000,22000,23000,23000,23000,23000,23000,518,0,7000,9754.245444241156,50.670749973505735,29145.854457980022,32186.03667953668
1777158528,64,GET,bulk_update_departures,0.100000,0.000000,19000,19000,19000,19000,19000,19000,19000,19000,19000,19000,19000,21,0,16000,16234.294920475111,5854.916624986799,22995.304165990092,107.76190476190476
1777158528,64,GET,large_scan,0.600000,0.000000,17000,17000,18000,18000,18000,18000,18000,18000,18000,18000,18000,51,0,17000,14549.818457526557,2154.7012079972774,25843.451583990827,332472.98039215687
1777158528,64,GET,next_departures,2.700000,0.000000,21000,21000,21000,21000,22000,23000,23000,23000,23000,23000,23000,207,0,20000,18216.012291845193,1812.4043749994598,29145.854457980022,85.41062801932367
1777158528,64,GET,point_read,1.700000,0.000000,78,92,99,110,120,170,240,240,240,240,240,215,0,130,482.9764445585762,50.670749973505735,5719.884791993536,81.27906976744185
1777158528,64,GET,trips_per_route,0.300000,0.000000,7000,7000,7200,7200,7200,7200,7200,7200,7200,7200,7200,33,0,6500,6311.404040516319,1983.5966250102501,12251.540458004456,371.93939393939394
1777158528,64,,Aggregated,5.400000,0.000000,17000,20000,21000,21000,21000,22000,23000,23000,23000,23000,23000,527,0,7100,9802.261381390728,50.670749973505735,29145.854457980022,32269.09677419355
1777158529,64,GET,bulk_update_departures,0.100000,0.000000,19000,19000,19000,19000,19000,19000,19000,19000,19000,19000,19000,21,0,16000,16234.294920475111,5854.916624986799,22995.304165990092,107.76190476190476
1777158529,64,GET,large_scan,0.600000,0.000000,17000,17000,18000,18000,18000,18000,18000,18000,18000,18000,18000,51,0,17000,14549.818457526557,2154.7012079972774,25843.451583990827,332472.98039215687
1777158529,64,GET,next_departures,2.700000,0.000000,21000,21000,21000,21000,22000,22000,23000,23000,23000,23000,23000,208,0,20000,18162.2436001393,1812.4043749994598,29145.854457980022,85.41346153846153
1777158529,64,GET,point_read,1.700000,0.000000,92,99,120,140,170,200,240,240,240,240,240,219,0,140,476.6438555850309,50.670749973505735,5719.884791993536,81.28310502283105
1777158529,64,GET,trips_per_route,0.300000,0.000000,7100,7100,7200,7200,7200,7200,7200,7200,7200,7200,7200,34,0,6500,6335.219025854124,1983.5966250102501,12251.540458004456,371.94117647058823
1777158529,64,,Aggregated,5.400000,0.000000,13000,19000,21000,21000,21000,22000,22000,23000,23000,23000,23000,533,0,7000,9719.493536106871,50.670749973505735,29145.854457980022,31907.313320825517
1777158530,64,GET,bulk_update_departures,0.100000,0.000000,19000,19000,19000,19000,19000,19000,19000,19000,19000,19000,19000,21,0,16000,16234.294920475111,5854.916624986799,22995.304165990092,107.76190476190476
1777158530,64,GET,large_scan,0.700000,0.000000,16000,17000,18000,18000,18000,18000,18000,18000,18000,18000,18000,51,0,17000,14549.818457526557,2154.7012079972774,25843.451583990827,332472.98039215687
1777158530,64,GET,next_departures,2.600000,0.000000,20000,21000,21000,21000,22000,22000,23000,23000,23000,23000,23000,211,0,20000,18191.024801521315,1812.4043749994598,29145.854457980022,85.42654028436019
1777158530,64,GET,point_read,1.900000,0.000000,92,120,150,160,240,240,270,270,270,270,270,222,0,140,473.22660134287196,50.670749973505735,5719.884791993536,81.2927927927928
1777158530,64,GET,trips_per_route,0.200000,0.000000,7100,7100,7200,7200,7200,7200,7200,7200,7200,7200,7200,34,0,6500,6335.219025854124,1983.5966250102501,12251.540458004456,371.94117647058823
1777158530,64,,Aggregated,5.500000,0.000000,10000,19000,20000,20000,21000,22000,22000,23000,23000,23000,23000,539,0,7000,9724.89966634876,50.670749973505735,29145.854457980022,31553.066790352506
1777158531,64,GET,bulk_update_departures,0.200000,0.000000,19000,19000,19000,19000,19000,19000,19000,19000,19000,19000,19000,21,0,16000,16234.294920475111,5854.916624986799,22995.304165990092,107.76190476190476
1777158531,64,GET,large_scan,0.800000,0.000000,17000,17000,18000,18000,18000,18000,18000,18000,18000,18000,18000,51,0,17000,14549.818457526557,2154.7012079972774,25843.451583990827,332472.98039215687
1777158531,64,GET,next_departures,2.900000,0.000000,20000,21000,21000,22000,22000,22000,22000,22000,22000,22000,22000,215,0,20000,18170.400738734956,1812.4043749994598,29145.854457980022,85.42325581395349
1777158531,64,GET,point_read,2.400000,0.000000,120,170,200,240,270,770,820,820,820,820,820,226,0,140,473.9612798501152,50.670749973505735,5719.884791993536,81.28761061946902
1777158531,64,GET,trips_per_route,0.200000,0.000000,7100,7200,7200,7500,7500,7500,7500,7500,7500,7500,7500,35,0,6600,6369.365256058518,1983.5966250102501,12251.540458004456,371.9428571428571
1777158531,64,,Aggregated,6.500000,0.000000,7900,18000,20000,20000,21000,22000,22000,22000,22000,22000,22000,548,0,7000,9707.37249397813,50.670749973505735,29145.854457980022,31036.75182481752
1777158532,64,GET,bulk_update_departures,0.200000,0.000000,19000,19000,19000,19000,19000,19000,19000,19000,19000,19000,19000,21,0,16000,16234.294920475111,5854.916624986799,22995.304165990092,107.76190476190476
1777158532,64,GET,large_scan,0.800000,0.000000,16000,17000,17000,18000,18000,18000,18000,18000,18000,18000,18000,52,0,16000,14552.238470362612,2154.7012079972774,25843.451583990827,332473.0
1777158532,64,GET,next_departures,2.900000,0.000000,20000,21000,21000,21000,22000,22000,22000,22000,22000,22000,22000,218,0,20000,18167.417525018365,1812.4043749994598,29145.854457980022,85.41284403669725
1777158532,64,GET,point_read,2.400000,0.000000,200,220,260,270,320,770,820,820,820,820,820,231,0,150,469.08705806545106,50.670749973505735,5719.884791993536,81.2987012987013
1777158532,64,GET,trips_per_route,0.200000,0.000000,7500,7500,7800,7800,7800,7800,7800,7800,7800,7800,7800,36,0,6600,6409.585079946231,1983.5966250102501,12251.540458004456,371.94444444444446
1777158532,64,,Aggregated,6.500000,0.000000,7800,16000,20000,20000,21000,22000,22000,22000,22000,22000,22000,558,0,7000,9672.46915328676,50.670749973505735,29145.854457980022,31078.224014336916
1777158533,64,GET,bulk_update_departures,0.200000,0.000000,19000,19000,19000,19000,19000,19000,19000,19000,19000,19000,19000,22,0,16000,16379.995050953848,5854.916624986799,22995.304165990092,107.77272727272727
1777158533,64,GET,large_scan,0.700000,0.000000,16000,16000,17000,17000,18000,18000,18000,18000,18000,18000,18000,53,0,16000,14491.360908827222,2154.7012079972774,25843.451583990827,332473.0188679245
1777158533,64,GET,next_departures,3.000000,0.000000,20000,21000,22000,22000,22000,23000,23000,23000,23000,23000,23000,221,0,20000,18194.456920425324,1812.4043749994598,29145.854457980022,85.42986425339366
1777158533,64,GET,point_read,2.900000,0.000000,170,210,230,260,320,770,820,820,820,820,820,236,0,150,462.09514317432246,50.670749973505735,5719.884791993536,81.30084745762711
1777158533,64,GET,trips_per_route,0.300000,0.000000,7500,7500,7800,7800,7800,7800,7800,7800,7800,7800,7800,36,0,6600,6409.585079946231,1983.5966250102501,12251.540458004456,371.94444444444446
1777158533,64,,Aggregated,7.100000,0.000000,7800,16000,19000,20000,22000,22000,23000,23000,23000,23000,23000,568,0,7000,9664.043160862713,50.670749973505735,29145.854457980022,31117.778169014084
1777158534,64,GET,bulk_update_departures,0.100000,0.000000,13000,13000,19000,19000,19000,19000,19000,19000,19000,19000,19000,23,0,16000,16122.72718821718,5854.916624986799,22995.304165990092,107.82608695652173
1777158534,64,GET,large_scan,0.700000,0.000000,16000,16000,17000,17000,18000,18000,18000,18000,18000,18000,18000,54,0,16000,14399.600160515682,2154.7012079972774,25843.451583990827,332473.01851851854
1777158534,64,GET,next_departures,2.800000,0.000000,20000,21000,22000,22000,23000,23000,24000,24000,24000,24000,24000,224,0,20000,18193.850002223127,1812.4043749994598,29145.854457980022,85.44642857142857
1777158534,64,GET,point_read,3.100000,0.000000,160,200,230,240,270,770,820,820,820,820,820,240,0,140,455.7743605839884,50.670749973505735,5719.884791993536,81.30416666666666
1777158534,64,GET,trips_per_route,0.400000,0.000000,7100,7500,7500,7800,7800,7800,7800,7800,7800,7800,7800,37,0,6600,6400.448206163993,1983.5966250102501,12251.540458004456,371.94594594594594
1777158534,64,,Aggregated,7.100000,0.000000,7800,16000,19000,20000,22000,22000,23000,24000,24000,24000,24000,578,0,7000,9636.723122254394,50.670749973505735,29145.854457980022,31156.46712802768
1777158535,64,GET,bulk_update_departures,0.200000,0.000000,13000,13000,19000,19000,19000,19000,19000,19000,19000,19000,19000,23,0,16000,16122.72718821718,5854.916624986799,22995.304165990092,107.82608695652173
1777158535,64,GET,large_scan,0.600000,0.000000,15000,16000,16000,18000,18000,18000,18000,18000,18000,18000,18000,54,0,16000,14399.600160515682,2154.7012079972774,25843.451583990827,332473.01851851854
1777158535,64,GET,next_departures,2.400000,0.000000,20000,21000,22000,22000,23000,23000,24000,24000,24000,24000,24000,226,0,20000,18153.137729159134,1812.4043749994598,29145.854457980022,85.45132743362832
1777158535,64,GET,point_read,2.900000,0.000000,160,200,230,260,320,770,820,820,820,820,820,243,0,140,452.5435732105323,50.670749973505735,5719.884791993536,81.3127572016461
1777158535,64,GET,trips_per_route,0.400000,0.000000,7300,7300,7500,7500,7800,7800,7800,7800,7800,7800,7800,38,0,6600,6423.170955106463,1983.5966250102501,12251.540458004456,371.94736842105266
1777158535,64,,Aggregated,6.500000,0.000000,7000,13000,17000,19000,22000,22000,23000,24000,24000,24000,24000,584,0,7000,9597.70350234761,50.670749973505735,29145.854457980022,30837.719178082192
1777158536,64,GET,bulk_update_departures,0.200000,0.000000,13000,13000,19000,19000,19000,19000,19000,19000,19000,19000,19000,23,0,16000,16122.72718821718,5854.916624986799,22995.304165990092,107.82608695652173
1777158536,64,GET,large_scan,0.600000,0.000000,15000,15000,16000,16000,16000,16000,16000,16000,16000,16000,16000,54,0,16000,14399.600160515682,2154.7012079972774,25843.451583990827,332473.01851851854
1777158536,64,GET,next_departures,2.400000,0.000000,20000,21000,22000,22000,23000,24000,24000,24000,24000,24000,24000,227,0,20000,18179.6608133214,1812.4043749994598,29145.854457980022,85.45814977973568
1777158536,64,GET,point_read,2.900000,0.000000,150,200,230,260,320,770,820,820,820,820,820,246,0,140,447.900171240468,50.670749973505735,5719.884791993536,81.3170731707317
1777158536,64,GET,trips_per_route,0.400000,0.000000,7300,7300,7500,7500,7800,7800,7800,7800,7800,7800,7800,38,0,6600,6423.170955106463,1983.5966250102501,12251.540458004456,371.94736842105266
1777158536,64,,Aggregated,6.500000,0.000000,7000,13000,17000,20000,22000,23000,24000,24000,24000,24000,24000,588,0,7000,9573.89128748298,50.670749973505735,29145.854457980022,30628.503401360544
1777158537,64,GET,bulk_update_departures,0.300000,0.000000,13000,13000,19000,19000,19000,19000,19000,19000,19000,19000,19000,23,0,16000,16122.72718821718,5854.916624986799,22995.304165990092,107.82608695652173
1777158537,64,GET,large_scan,0.600000,0.000000,15000,15000,16000,16000,16000,16000,16000,16000,16000,16000,16000,54,0,16000,14399.600160515682,2154.7012079972774,25843.451583990827,332473.01851851854
1777158537,64,GET,next_departures,3.000000,0.000000,20000,22000,22000,23000,24000,24000,24000,24000,24000,24000,24000,231,0,20000,18205.117208692554,1812.4043749994598,29145.854457980022,85.48051948051948
1777158537,64,GET,point_read,3.400000,0.000000,140,200,230,260,320,770,820,820,820,820,820,249,0,140,443.29160090008037,50.670749973505735,5719.884791993536,81.30923694779116
1777158537,64,GET,trips_per_route,0.500000,0.000000,7300,7500,7500,7800,7800,7800,7800,7800,7800,7800,7800,38,0,6600,6423.170955106463,1983.5966250102501,12251.540458004456,371.94736842105266
1777158537,64,,Aggregated,7.800000,0.000000,6100,11000,17000,20000,22000,24000,24000,24000,24000,24000,24000,595,0,7000,9593.686242223497,50.670749973505735,29145.854457980022,30269.157983193276
1777158538,64,GET,bulk_update_departures,0.300000,0.000000,13000,13000,19000,19000,19000,19000,19000,19000,19000,19000,19000,23,0,16000,16122.72718821718,5854.916624986799,22995.304165990092,107.82608695652173
1777158538,64,GET,large_scan,0.600000,0.000000,15000,15000,16000,16000,16000,16000,16000,16000,16000,16000,16000,54,0,16000,14399.600160515682,2154.7012079972774,25843.451583990827,332473.01851851854
1777158538,64,GET,next_departures,3.000000,0.000000,20000,22000,22000,23000,24000,24000,24000,24000,24000,24000,24000,233,0,20000,18199.32632743347,1812.4043749994598,29145.854457980022,85.49356223175965
1777158538,64,GET,point_read,3.400000,0.000000,140,210,240,260,320,770,820,820,820,820,820,250,0,140,441.8154763284838,50.670749973505735,5719.884791993536,81.312
1777158538,64,GET,trips_per_route,0.500000,0.000000,7300,7500,7500,7800,7800,7800,7800,7800,7800,7800,7800,38,0,6600,6423.170955106463,1983.5966250102501,12251.540458004456,371.94736842105266
1777158538,64,,Aggregated,7.800000,0.000000,7300,13000,18000,20000,22000,24000,24000,24000,24000,24000,24000,598,0,7000,9604.311929205685,50.670749973505735,29145.854457980022,30117.734113712373
1777158539,64,GET,bulk_update_departures,0.300000,0.000000,19000,19000,19000,19000,19000,19000,19000,19000,19000,19000,19000,23,0,16000,16122.72718821718,5854.916624986799,22995.304165990092,107.82608695652173
1777158539,64,GET,large_scan,0.500000,0.000000,11000,11000,15000,15000,15000,15000,15000,15000,15000,15000,15000,54,0,16000,14399.600160515682,2154.7012079972774,25843.451583990827,332473.01851851854
1777158539,64,GET,next_departures,2.600000,0.000000,19000,22000,23000,23000,24000,24000,24000,24000,24000,24000,24000,234,0,20000,18163.598406876095,1812.4043749994598,29145.854457980022,85.4957264957265
1777158539,64,GET,point_read,3.700000,0.000000,110,200,220,260,480,770,820,820,820,820,820,251,0,140,440.3263911001006,50.670749973505735,5719.884791993536,81.31474103585657
1777158539,64,GET,trips_per_route,0.600000,0.000000,7500,7500,7800,7800,7800,7800,7800,7800,7800,7800,7800,38,0,6600,6423.170955106463,1983.5966250102501,12251.540458004456,371.94736842105266
1777158539,64,,Aggregated,7.700000,0.000000,7300,13000,16000,19000,22000,24000,24000,24000,24000,24000,24000,600,0,7000,9588.809302776686,50.670749973505735,29145.854457980022,30017.621666666666
1777158540,64,GET,bulk_update_departures,0.200000,0.000000,19000,19000,19000,19000,19000,19000,19000,19000,19000,19000,19000,23,0,16000,16122.72718821718,5854.916624986799,22995.304165990092,107.82608695652173
1777158540,64,GET,large_scan,0.300000,0.000000,12000,12000,15000,15000,15000,15000,15000,15000,15000,15000,15000,55,0,16000,14362.840092451503,2154.7012079972774,25843.451583990827,332473.0363636364
1777158540,64,GET,next_departures,2.700000,0.000000,19000,21000,23000,23000,24000,24000,24000,24000,24000,24000,24000,237,0,20000,18139.87608105061,1812.4043749994598,29145.854457980022,85.50210970464136
1777158540,64,GET,point_read,3.600000,0.000000,110,170,220,230,320,480,820,820,820,820,820,252,0,140,439.06745336957215,50.670749973505735,5719.884791993536,81.31349206349206
1777158540,64,GET,trips_per_route,0.500000,0.000000,7300,7300,7800,7800,7800,7800,7800,7800,7800,7800,7800,39,0,6600,6427.075151770483,1983.5966250102501,12251.540458004456,371.94871794871796
1777158540,64,,Aggregated,7.300000,0.000000,7300,12000,17000,19000,23000,24000,24000,24000,24000,24000,24000,606,0,7000,9605.990908896032,50.670749973505735,29145.854457980022,30270.227722772277
1777158541,64,GET,bulk_update_departures,0.200000,0.000000,18000,18000,19000,19000,19000,19000,19000,19000,19000,19000,19000,24,0,16000,16204.929624833312,5854.916624986799,22995.304165990092,107.875
1777158541,64,GET,large_scan,0.300000,0.000000,11000,11000,12000,12000,12000,12000,12000,12000,12000,12000,12000,55,0,16000,14362.840092451503,2154.7012079972774,25843.451583990827,332473.0363636364
1777158541,64,GET,next_departures,2.600000,0.000000,18000,22000,23000,23000,24000,24000,24000,24000,24000,24000,24000,242,0,20000,18134.90114393797,1812.4043749994598,29145.854457980022,85.52892561983471
1777158541,64,GET,point_read,3.200000,0.000000,87,120,170,190,280,480,690,690,690,690,690,255,0,140,438.5729905182505,50.670749973505735,5719.884791993536,81.31764705882352
1777158541,64,GET,trips_per_route,0.400000,0.000000,7300,7300,7800,7800,7800,7800,7800,7800,7800,7800,7800,39,0,6600,6427.075151770483,1983.5966250102501,12251.540458004456,371.94871794871796
1777158541,64,,Aggregated,6.700000,0.000000,8900,14000,18000,19000,23000,24000,24000,24000,24000,24000,24000,615,0,7100,9642.296969780513,50.670749973505735,29145.854457980022,29828.530081300814
1777158542,64,GET,bulk_update_departures,0.200000,0.000000,18000,18000,18000,18000,18000,18000,18000,18000,18000,18000,18000,24,0,16000,16204.929624833312,5854.916624986799,22995.304165990092,107.875
1777158542,64,GET,large_scan,0.400000,0.000000,12000,12000,19000,19000,19000,19000,19000,19000,19000,19000,19000,56,0,16000,14440.825782015183,2154.7012079972774,25843.451583990827,332473.0535714286
1777158542,64,GET,next_departures,2.600000,0.000000,18000,22000,23000,24000,24000,24000,24000,24000,24000,24000,24000,243,0,20000,18160.54840792183,1812.4043749994598,29145.854457980022,85.53086419753086
1777158542,64,GET,point_read,3.000000,0.000000,89,150,280,300,310,480,690,690,690,690,690,261,0,140,434.1991403222867,50.670749973505735,5719.884791993536,81.32567049808429
1777158542,64,GET,trips_per_route,0.400000,0.000000,6600,6600,7300,7300,7300,7300,7300,7300,7300,7300,7300,39,0,6600,6427.075151770483,1983.5966250102501,12251.540458004456,371.94871794871796
1777158542,64,,Aggregated,6.600000,0.000000,8100,13000,18000,18000,23000,24000,24000,24000,24000,24000,24000,623,0,7000,9590.047711809011,50.670749973505735,29145.854457980022,29980.08988764045
1777158543,64,GET,bulk_update_departures,0.300000,0.000000,18000,18000,18000,18000,18000,18000,18000,18000,18000,18000,18000,24,0,16000,16204.929624833312,5854.916624986799,22995.304165990092,107.875
1777158543,64,GET,large_scan,0.400000,0.000000,12000,12000,19000,19000,19000,19000,19000,19000,19000,19000,19000,56,0,16000,14440.825782015183,2154.7012079972774,25843.451583990827,332473.0535714286
1777158543,64,GET,next_departures,2.600000,0.000000,20000,23000,23000,24000,24000,24000,24000,24000,24000,24000,24000,246,0,20000,18194.353508300916,1812.4043749994598,29145.854457980022,85.54878048780488
1777158543,64,GET,point_read,3.100000,0.000000,120,150,280,300,310,480,690,690,690,690,690,263,0,140,431.61703358221087,50.670749973505735,5719.884791993536,81.32319391634981
1777158543,64,GET,trips_per_route,0.400000,0.000000,6600,6600,7300,7300,7300,7300,7300,7300,7300,7300,7300,39,0,6600,6427.075151770483,1983.5966250102501,12251.540458004456,371.94871794871796
1777158543,64,,Aggregated,6.800000,0.000000,8100,18000,19000,21000,23000,24000,24000,24000,24000,24000,24000,628,0,7000,9613.991606022357,50.670749973505735,29145.854457980022,29742.06847133758
1777158544,64,GET,bulk_update_departures,0.300000,0.000000,10000,10000,18000,18000,18000,18000,18000,18000,18000,18000,18000,25,0,16000,15969.614428200293,5854.916624986799,22995.304165990092,107.92
1777158544,64,GET,large_scan,0.400000,0.000000,12000,12000,19000,19000,19000,19000,19000,19000,19000,19000,19000,56,0,16000,14440.825782015183,2154.7012079972774,25843.451583990827,332473.0535714286
1777158544,64,GET,next_departures,2.500000,0.000000,20000,22000,23000,23000,24000,24000,24000,24000,24000,24000,24000,249,0,20000,18150.930396586376,1812.4043749994598,29145.854457980022,85.53815261044177
1777158544,64,GET,point_read,2.900000,0.000000,120,150,280,280,300,310,690,690,690,690,690,265,0,140,429.15114024203746,50.670749973505735,5719.884791993536,81.32452830188679
1777158544,64,GET,trips_per_route,0.300000,0.000000,7300,7300,7300,7300,7300,7300,7300,7300,7300,7300,7300,39,0,6600,6427.075151770483,1983.5966250102501,12251.540458004456,371.94871794871796
1777158544,64,,Aggregated,6.400000,0.000000,9500,16000,19000,21000,23000,24000,24000,24000,24000,24000,24000,634,0,7100,9608.658133014273,50.670749973505735,29145.854457980022,29461.427444794954
1777158545,64,GET,bulk_update_departures,0.300000,0.000000,10000,10000,18000,18000,18000,18000,18000,18000,18000,18000,18000,25,0,16000,15969.614428200293,5854.916624986799,22995.304165990092,107.92
1777158545,64,GET,large_scan,0.400000,0.000000,12000,12000,19000,19000,19000,19000,19000,19000,19000,19000,19000,56,0,16000,14440.825782015183,2154.7012079972774,25843.451583990827,332473.0535714286
1777158545,64,GET,next_departures,2.500000,0.000000,20000,22000,23000,23000,24000,24000,24000,24000,24000,24000,24000,251,0,20000,18125.381463318743,1812.4043749994598,29145.854457980022,85.54183266932272
1777158545,64,GET,point_read,2.900000,0.000000,120,150,280,280,300,310,690,690,690,690,690,268,0,140,425.29337623197006,50.670749973505735,5719.884791993536,81.32089552238806
1777158545,64,GET,trips_per_route,0.300000,0.000000,7300,7300,7300,7300,7300,7300,7300,7300,7300,7300,7300,39,0,6600,6427.075151770483,1983.5966250102501,12251.540458004456,371.94871794871796
1777158545,64,,Aggregated,6.400000,0.000000,9500,16000,19000,21000,23000,24000,24000,24000,24000,24000,24000,639,0,7000,9580.644612738772,50.670749973505735,29145.854457980022,29231.549295774646
1777158546,64,GET,bulk_update_departures,0.100000,0.000000,18000,18000,18000,18000,18000,18000,18000,18000,18000,18000,18000,25,0,16000,15969.614428200293,5854.916624986799,22995.304165990092,107.92
1777158546,64,GET,large_scan,0.200000,0.000000,17000,19000,19000,19000,19000,19000,19000,19000,19000,19000,19000,59,0,16000,14509.596411760805,2154.7012079972774,25843.451583990827,332473.0847457627
1777158546,64,GET,next_departures,2.500000,0.000000,18000,21000,22000,23000,23000,23000,24000,24000,24000,24000,24000,253,0,20000,18070.493223324145,1812.4043749994598,29145.854457980022,85.5494071146245
1777158546,64,GET,point_read,2.500000,0.000000,100,140,220,280,300,310,690,690,690,690,690,274,0,130,417.376266413217,50.670749973505735,5719.884791993536,81.32846715328468
1777158546,64,GET,trips_per_route,0.200000,0.000000,7300,7300,7300,7300,7300,7300,7300,7300,7300,7300,7300,39,0,6600,6427.075151770483,1983.5966250102501,12251.540458004456,371.94871794871796
1777158546,64,,Aggregated,5.500000,0.000000,8500,12000,18000,19000,22000,23000,23000,24000,24000,24000,24000,650,0,7000,9526.397480640264,50.670749973505735,29145.854457980022,30272.375384615385
1777158547,64,GET,bulk_update_departures,0.200000,0.000000,18000,18000,18000,18000,18000,18000,18000,18000,18000,18000,18000,25,0,16000,15969.614428200293,5854.916624986799,22995.304165990092,107.92
1777158547,64,GET,large_scan,0.200000,0.000000,19000,19000,19000,19000,19000,19000,19000,19000,19000,19000,19000,60,0,16000,14588.925022948146,2154.7012079972774,25843.451583990827,332473.0833333333
1777158547,64,GET,next_departures,2.500000,0.000000,20000,22000,23000,23000,24000,24000,24000,24000,24000,24000,24000,259,0,20000,18102.363582532726,1812.4043749994598,29145.854457980022,85.55598455598455
1777158547,64,GET,point_read,2.500000,0.000000,100,120,220,280,300,310,690,690,690,690,690,277,0,130,413.618346856422,50.670749973505735,5719.884791993536,81.32490974729242
1777158547,64,GET,trips_per_route,0.200000,0.000000,6600,6600,6600,6600,6600,6600,6600,6600,6600,6600,6600,39,0,6600,6427.075151770483,1983.5966250102501,12251.540458004456,371.94871794871796
1777158547,64,,Aggregated,5.600000,0.000000,9800,15000,19000,20000,23000,23000,24000,24000,24000,24000,24000,660,0,7100,9588.35794387295,50.670749973505735,29145.854457980022,30318.598484848484
1777158548,64,GET,bulk_update_departures,0.200000,0.000000,18000,18000,18000,18000,18000,18000,18000,18000,18000,18000,18000,25,0,16000,15969.614428200293,5854.916624986799,22995.304165990092,107.92
1777158548,64,GET,large_scan,0.400000,0.000000,17000,19000,19000,19000,19000,19000,19000,19000,19000,19000,19000,61,0,16000,14483.066640063818,2154.7012079972774,25843.451583990827,332473.08196721313
1777158548,64,GET,next_departures,2.600000,0.000000,20000,22000,23000,23000,24000,24000,24000,24000,24000,24000,24000,261,0,20000,18081.058413474966,1812.4043749994598,29145.854457980022,85.5632183908046
1777158548,64,GET,point_read,2.600000,0.000000,98,120,150,220,300,310,690,690,690,690,690,282,0,120,407.7122254548545,50.670749973505735,5719.884791993536,81.31560283687944
1777158548,64,GET,trips_per_route,0.100000,0.000000,6600,6600,6600,6600,6600,6600,6600,6600,6600,6600,6600,39,0,6600,6427.075151770483,1983.5966250102501,12251.540458004456,371.94871794871796
1777158548,64,,Aggregated,5.900000,0.000000,8500,14000,19000,20000,23000,23000,24000,24000,24000,24000,24000,668,0,7000,9532.177320603565,50.670749973505735,29145.854457980022,30454.079341317367
1777158549,64,GET,bulk_update_departures,0.200000,0.000000,18000,18000,18000,18000,18000,18000,18000,18000,18000,18000,18000,25,0,16000,15969.614428200293,5854.916624986799,22995.304165990092,107.92
1777158549,64,GET,large_scan,0.500000,0.000000,17000,19000,19000,19000,20000,20000,20000,20000,20000,20000,20000,63,0,17000,14616.575712982532,2154.7012079972774,25843.451583990827,332473.0
1777158549,64,GET,next_departures,2.800000,0.000000,20000,22000,23000,23000,24000,24000,24000,24000,24000,24000,24000,264,0,20000,18092.517967174048,1812.4043749994598,29145.854457980022,85.54924242424242
1777158549,64,GET,point_read,2.900000,0.000000,86,100,140,220,300,310,690,690,690,690,690,285,0,120,404.26476562544786,50.670749973505735,5719.884791993536,81.31929824561404
1777158549,64,GET,trips_per_route,0.100000,0.000000,6600,6600,6600,6600,6600,6600,6600,6600,6600,6600,6600,39,0,6600,6427.075151770483,1983.5966250102501,12251.540458004456,371.94871794871796
1777158549,64,,Aggregated,6.500000,0.000000,8100,15000,19000,20000,23000,23000,24000,24000,24000,24000,24000,676,0,7100,9559.734856625966,50.670749973505735,29145.854457980022,31078.05325443787
1777158550,64,GET,bulk_update_departures,0.200000,0.000000,18000,18000,18000,18000,18000,18000,18000,18000,18000,18000,18000,25,0,16000,15969.614428200293,5854.916624986799,22995.304165990092,107.92
1777158550,64,GET,large_scan,0.600000,0.000000,19000,19000,19000,19000,20000,20000,20000,20000,20000,20000,20000,65,0,17000,14738.52987567527,2154.7012079972774,25843.451583990827,332473.0307692308
1777158550,64,GET,next_departures,2.800000,0.000000,20000,22000,23000,23000,24000,24000,24000,24000,24000,24000,24000,266,0,20000,18118.385890037367,1812.4043749994598,29145.854457980022,85.53383458646617
1777158550,64,GET,point_read,3.100000,0.000000,85,100,110,120,280,300,310,310,310,310,310,289,0,120,399.729283284545,50.670749973505735,5719.884791993536,81.31487889273356
1777158550,64,GET,trips_per_route,0.100000,0.000000,6600,6600,6600,6600,6600,6600,6600,6600,6600,6600,6600,39,0,6600,6427.075151770483,1983.5966250102501,12251.540458004456,371.94871794871796
1777158550,64,,Aggregated,6.800000,0.000000,8100,15000,19000,20000,23000,23000,24000,24000,24000,24000,24000,684,0,7100,9565.662490003097,50.670749973505735,29145.854457980022,31687.43128654971
1777158551,64,GET,bulk_update_departures,0.200000,0.000000,17000,17000,18000,18000,18000,18000,18000,18000,18000,18000,18000,27,0,17000,16037.65588877852,5854.916624986799,22995.304165990092,107.44444444444444
1777158551,64,GET,large_scan,0.700000,0.000000,19000,19000,19000,19000,20000,20000,20000,20000,20000,20000,20000,65,0,17000,14738.52987567527,2154.7012079972774,25843.451583990827,332473.0307692308
1777158551,64,GET,next_departures,3.000000,0.000000,20000,22000,23000,23000,23000,24000,24000,24000,24000,24000,24000,267,0,20000,18088.77239731439,1812.4043749994598,29145.854457980022,85.53932584269663
1777158551,64,GET,point_read,3.400000,0.000000,74,86,100,100,120,210,300,300,300,300,300,290,0,120,399.08517038014094,50.670749973505735,5719.884791993536,81.31379310344828
1777158551,64,GET,trips_per_route,0.100000,0.000000,6600,6600,6600,6600,6600,6600,6600,6600,6600,6600,6600,39,0,6600,6427.075151770483,1983.5966250102501,12251.540458004456,371.94871794871796
1777158551,64,,Aggregated,7.400000,0.000000,8700,17000,19000,20000,22000,23000,24000,24000,24000,24000,24000,688,0,7100,9574.293621116483,50.670749973505735,29145.854457980022,31503.741279069767
1777158552,64,GET,bulk_update_departures,0.200000,0.000000,17000,17000,17000,17000,17000,17000,17000,17000,17000,17000,17000,27,0,17000,16037.65588877852,5854.916624986799,22995.304165990092,107.44444444444444
1777158552,64,GET,large_scan,0.700000,0.000000,19000,19000,19000,19000,20000,20000,20000,20000,20000,20000,20000,65,0,17000,14738.52987567527,2154.7012079972774,25843.451583990827,332473.0307692308
1777158552,64,GET,next_departures,3.000000,0.000000,20000,22000,22000,23000,23000,24000,24000,24000,24000,24000,24000,268,0,20000,18095.43644029827,1812.4043749994598,29145.854457980022,85.54477611940298
1777158552,64,GET,point_read,3.400000,0.000000,74,86,100,100,120,120,210,210,210,210,210,290,0,120,399.08517038014094,50.670749973505735,5719.884791993536,81.31379310344828
1777158552,64,GET,trips_per_route,0.100000,0.000000,6600,6600,6600,6600,6600,6600,6600,6600,6600,6600,6600,39,0,6600,6427.075151770483,1983.5966250102501,12251.540458004456,371.94871794871796
1777158552,64,,Aggregated,7.400000,0.000000,8700,17000,19000,20000,22000,23000,24000,24000,24000,24000,24000,689,0,7200,9589.243464797,50.670749973505735,29145.854457980022,31458.14368650218
1777158553,64,GET,bulk_update_departures,0.300000,0.000000,17000,17000,17000,17000,17000,17000,17000,17000,17000,17000,17000,28,0,16000,15905.226809430003,5854.916624986799,22995.304165990092,107.5
1777158553,64,GET,large_scan,1.000000,0.000000,19000,19000,19000,19000,20000,20000,20000,20000,20000,20000,20000,66,0,17000,14807.893954574176,2154.7012079972774,25843.451583990827,332473.04545454547
1777158553,64,GET,next_departures,2.500000,0.000000,20000,22000,22000,23000,23000,24000,24000,24000,24000,24000,24000,270,0,20000,18076.098327003463,1812.4043749994598,29145.854457980022,85.55185185185185
1777158553,64,GET,point_read,3.400000,0.000000,74,86,100,100,120,210,290,290,290,290,290,291,0,120,398.7070095712956,50.670749973505735,5719.884791993536,81.3127147766323
1777158553,64,GET,trips_per_route,0.000000,0.000000,6600,6600,6600,6600,6600,6600,6600,6600,6600,6600,6600,39,0,6600,6427.075151770483,1983.5966250102501,12251.540458004456,371.94871794871796
1777158553,64,,Aggregated,7.200000,0.000000,8700,17000,19000,20000,22000,23000,24000,24000,24000,24000,24000,694,0,7200,9610.797652249516,50.670749973505735,29145.854457980022,31711.092219020175
1777158554,64,GET,bulk_update_departures,0.300000,0.000000,17000,17000,17000,17000,17000,17000,17000,17000,17000,17000,17000,28,0,16000,15905.226809430003,5854.916624986799,22995.304165990092,107.5
1777158554,64,GET,large_scan,0.900000,0.000000,19000,19000,19000,19000,20000,20000,20000,20000,20000,20000,20000,66,0,17000,14807.893954574176,2154.7012079972774,25843.451583990827,332473.04545454547
1777158554,64,GET,next_departures,2.500000,0.000000,20000,21000,22000,22000,23000,24000,24000,24000,24000,24000,24000,272,0,20000,18037.11840057697,1812.4043749994598,29145.854457980022,85.53676470588235
1777158554,64,GET,point_read,3.000000,0.000000,71,86,98,100,120,210,290,290,290,290,290,291,0,120,398.7070095712956,50.670749973505735,5719.884791993536,81.3127147766323
1777158554,64,GET,trips_per_route,0.000000,0.000000,6600,6600,6600,6600,6600,6600,6600,6600,6600,6600,6600,39,0,6600,6427.075151770483,1983.5966250102501,12251.540458004456,371.94871794871796
1777158554,64,,Aggregated,6.700000,0.000000,10000,17000,19000,20000,22000,23000,24000,24000,24000,24000,24000,696,0,7200,9619.88969443558,50.670749973505735,29145.854457980022,31620.208333333332
1777158555,64,GET,bulk_update_departures,0.400000,0.000000,17000,17000,17000,17000,17000,17000,17000,17000,17000,17000,17000,28,0,16000,15905.226809430003,5854.916624986799,22995.304165990092,107.5
1777158555,64,GET,large_scan,1.000000,0.000000,19000,19000,19000,19000,20000,20000,20000,20000,20000,20000,20000,66,0,17000,14807.893954574176,2154.7012079972774,25843.451583990827,332473.04545454547
1777158555,64,GET,next_departures,2.400000,0.000000,20000,22000,23000,23000,23000,24000,24000,24000,24000,24000,24000,276,0,20000,18081.740144923548,1812.4043749994598,29145.854457980022,85.51086956521739
1777158555,64,GET,point_read,2.800000,0.000000,74,98,100,100,190,210,290,290,290,290,290,293,0,120,396.95889730459004,50.670749973505735,5719.884791993536,81.31399317406144
1777158555,64,GET,trips_per_route,0.000000,0.000000,6600,6600,7800,7800,7800,7800,7800,7800,7800,7800,7800,41,0,6600,6456.542038659724,1983.5966250102501,12251.540458004456,371.9512195121951
1777158555,64,,Aggregated,6.600000,0.000000,12000,18000,20000,20000,23000,23000,24000,24000,24000,24000,24000,704,0,7200,9650.93013090927,50.670749973505735,29145.854457980022,31262.651988636364
1777158556,64,GET,bulk_update_departures,0.400000,0.000000,17000,17000,17000,19000,19000,19000,19000,19000,19000,19000,19000,29,0,17000,16013.722518588424,5854.916624986799,22995.304165990092,107.34482758620689
1777158556,64,GET,large_scan,1.000000,0.000000,19000,19000,19000,19000,20000,20000,20000,20000,20000,20000,20000,66,0,17000,14807.893954574176,2154.7012079972774,25843.451583990827,332473.04545454547
1777158556,64,GET,next_departures,2.300000,0.000000,20000,22000,22000,23000,23000,23000,23000,23000,23000,23000,23000,277,0,20000,18098.56643064943,1812.4043749994598,29145.854457980022,85.49458483754513
1777158556,64,GET,point_read,2.700000,0.000000,91,100,120,130,190,210,290,290,290,290,290,299,0,120,390.8375169775047,50.670749973505735,5719.884791993536,81.32107023411372
1777158556,64,GET,trips_per_route,0.000000,0.000000,7500,7500,7800,7800,7800,7800,7800,7800,7800,7800,7800,42,0,6600,6481.021242096349,1983.5966250102501,12251.540458004456,371.9761904761905
1777158556,64,,Aggregated,6.400000,0.000000,8500,18000,19000,20000,22000,23000,23000,23000,23000,23000,23000,713,0,7200,9598.99742647289,50.670749973505735,29145.854457980022,30869.500701262274
1777158557,64,GET,bulk_update_departures,0.300000,0.000000,19000,19000,19000,19000,19000,19000,19000,19000,19000,19000,19000,31,0,17000,16197.871845356383,5854.916624986799,22995.304165990092,107.45161290322581
1777158557,64,GET,large_scan,1.000000,0.000000,18000,19000,19000,19000,20000,20000,20000,20000,20000,20000,20000,67,0,17000,14834.356686595129,2154.7012079972774,25843.451583990827,332473.05970149254
1777158557,64,GET,next_departures,2.500000,0.000000,21000,22000,23000,23000,23000,23000,23000,23000,23000,23000,23000,279,0,20000,18129.925039569527,1812.4043749994598,29145.854457980022,85.50537634408602
1777158557,64,GET,point_read,2.400000,0.000000,91,100,130,130,210,290,290,290,290,290,290,301,0,120,388.6391145956124,50.670749973505735,5719.884791993536,81.31893687707641
1777158557,64,GET,trips_per_route,0.200000,0.000000,7500,7500,7800,7800,7800,7800,7800,7800,7800,7800,7800,42,0,6600,6481.021242096349,1983.5966250102501,12251.540458004456,371.9761904761905
1777158557,64,,Aggregated,6.400000,0.000000,12000,18000,19000,20000,22000,23000,23000,23000,23000,23000,23000,720,0,7200,9643.705940151587,50.670749973505735,29145.854457980022,31031.919444444444
1777158558,64,GET,bulk_update_departures,0.400000,0.000000,19000,19000,19000,19000,19000,19000,19000,19000,19000,19000,19000,31,0,17000,16197.871845356383,5854.916624986799,22995.304165990092,107.45161290322581
1777158558,64,GET,large_scan,0.800000,0.000000,19000,19000,20000,20000,20000,20000,20000,20000,20000,20000,20000,69,0,17000,14930.699731302582,2154.7012079972774,25843.451583990827,332473.0
1777158558,64,GET,next_departures,2.300000,0.000000,20000,23000,23000,23000,23000,23000,23000,23000,23000,23000,23000,281,0,20000,18113.401615800372,1812.4043749994598,29145.854457980022,85.51245551601423
1777158558,64,GET,point_read,2.600000,0.000000,91,120,130,170,210,290,290,290,290,290,290,303,0,120,386.9043641163516,50.670749973505735,5719.884791993536,81.32343234323433
1777158558,64,GET,trips_per_route,0.200000,0.000000,7500,7500,7800,7800,7800,7800,7800,7800,7800,7800,7800,42,0,6600,6481.021242096349,1983.5966250102501,12251.540458004456,371.9761904761905
1777158558,64,,Aggregated,6.300000,0.000000,17000,19000,20000,20000,23000,23000,23000,23000,23000,23000,23000,726,0,7300,9657.924348761888,50.670749973505735,29145.854457980022,31691.81955922865
1777158559,64,GET,bulk_update_departures,0.500000,0.000000,19000,19000,19000,19000,19000,19000,19000,19000,19000,19000,19000,31,0,17000,16197.871845356383,5854.916624986799,22995.304165990092,107.45161290322581
1777158559,64,GET,large_scan,0.700000,0.000000,19000,19000,20000,20000,20000,20000,20000,20000,20000,20000,20000,69,0,17000,14930.699731302582,2154.7012079972774,25843.451583990827,332473.0
1777158559,64,GET,next_departures,2.000000,0.000000,20000,22000,23000,23000,23000,23000,23000,23000,23000,23000,23000,283,0,20000,18064.894917688634,1812.4043749994598,29145.854457980022,85.51590106007068
1777158559,64,GET,point_read,2.400000,0.000000,91,120,130,170,210,290,290,290,290,290,290,303,0,120,386.9043641163516,50.670749973505735,5719.884791993536,81.32343234323433
1777158559,64,GET,trips_per_route,0.300000,0.000000,7500,7500,7800,7800,7800,7800,7800,7800,7800,7800,7800,43,0,6800,6499.810401210155,1983.5966250102501,12251.540458004456,371.9767441860465
1777158559,64,,Aggregated,5.900000,0.000000,12000,18000,19000,20000,23000,23000,23000,23000,23000,23000,23000,729,0,7300,9659.041755762824,50.670749973505735,29145.854457980022,31562.146776406036
1777158560,64,GET,bulk_update_departures,0.600000,0.000000,17000,19000,19000,19000,19000,19000,19000,19000,19000,19000,19000,32,0,17000,16187.589358001787,5854.916624986799,22995.304165990092,107.5
1777158560,64,GET,large_scan,0.900000,0.000000,19000,19000,20000,20000,20000,20000,20000,20000,20000,20000,20000,69,0,17000,14930.699731302582,2154.7012079972774,25843.451583990827,332473.0
1777158560,64,GET,next_departures,1.900000,0.000000,20000,22000,23000,23000,23000,24000,24000,24000,24000,24000,24000,286,0,20000,18075.11143923737,1812.4043749994598,29145.854457980022,85.52447552447552
1777158560,64,GET,point_read,2.100000,0.000000,77,99,130,170,210,290,290,290,290,290,290,307,0,120,382.63766312126467,50.670749973505735,5719.884791993536,81.32247557003258
1777158560,64,GET,trips_per_route,0.300000,0.000000,7500,7500,7800,7800,7800,7800,7800,7800,7800,7800,7800,43,0,6800,6499.810401210155,1983.5966250102501,12251.540458004456,371.9767441860465
1777158560,64,,Aggregated,5.800000,0.000000,8700,18000,19000,20000,23000,23000,23000,24000,24000,24000,24000,737,0,7300,9653.547655859003,50.670749973505735,29145.854457980022,31220.48575305292
1777158561,64,GET,bulk_update_departures,0.600000,0.000000,19000,19000,19000,19000,19000,19000,19000,19000,19000,19000,19000,32,0,17000,16187.589358001787,5854.916624986799,22995.304165990092,107.5
1777158561,64,GET,large_scan,0.800000,0.000000,19000,19000,20000,20000,20000,20000,20000,20000,20000,20000,20000,69,0,17000,14930.699731302582,2154.7012079972774,25843.451583990827,332473.0
1777158561,64,GET,next_departures,1.800000,0.000000,18000,22000,23000,23000,23000,24000,24000,24000,24000,24000,24000,288,0,20000,18034.067849527477,1812.4043749994598,29145.854457980022,85.53472222222223
1777158561,64,GET,point_read,1.800000,0.000000,72,93,130,130,190,210,290,290,290,290,290,312,0,110,377.57617252944516,50.670749973505735,5719.884791993536,81.32371794871794
1777158561,64,GET,trips_per_route,0.400000,0.000000,7500,7500,7800,7800,7800,7800,7800,7800,7800,7800,7800,43,0,6800,6499.810401210155,1983.5966250102501,12251.540458004456,371.9767441860465
1777158561,64,,Aggregated,5.400000,0.000000,7800,17000,19000,19000,23000,23000,23000,24000,24000,24000,24000,744,0,7200,9595.871363791759,50.670749973505735,29145.854457980022,30927.52553763441
1777158562,64,GET,bulk_update_departures,0.700000,0.000000,19000,19000,19000,19000,19000,19000,19000,19000,19000,19000,19000,33,0,17000,16107.424159031572,5854.916624986799,22995.304165990092,107.54545454545455
1777158562,64,GET,large_scan,0.400000,0.000000,17000,19000,19000,20000,20000,20000,20000,20000,20000,20000,20000,70,0,17000,14839.478873841083,2154.7012079972774,25843.451583990827,332473.0
1777158562,64,GET,next_departures,2.000000,0.000000,18000,22000,23000,23000,23000,24000,24000,24000,24000,24000,24000,289,0,20000,18033.994531709,1812.4043749994598,29145.854457980022,85.5363321799308
1777158562,64,GET,point_read,1.800000,0.000000,72,91,99,130,170,190,290,290,290,290,290,313,0,110,376.61811247341166,50.670749973505735,5719.884791993536,81.3258785942492
1777158562,64,GET,trips_per_route,0.400000,0.000000,7500,7500,7800,7800,7800,7800,7800,7800,7800,7800,7800,43,0,6800,6499.810401210155,1983.5966250102501,12251.540458004456,371.9767441860465
1777158562,64,,Aggregated,5.300000,0.000000,7800,16000,18000,19000,23000,23000,23000,24000,24000,24000,24000,748,0,7300,9598.270393766083,50.670749973505735,29145.854457980022,31206.99064171123
1777158563,64,GET,bulk_update_departures,0.500000,0.000000,19000,19000,19000,19000,19000,19000,19000,19000,19000,19000,19000,34,0,16000,16100.386584501179,5854.916624986799,22995.304165990092,107.58823529411765
1777158563,64,GET,large_scan,0.400000,0.000000,17000,19000,19000,20000,20000,20000,20000,20000,20000,20000,20000,70,0,17000,14839.478873841083,2154.7012079972774,25843.451583990827,332473.0
1777158563,64,GET,next_departures,2.200000,0.000000,18000,21000,23000,23000,23000,23000,24000,24000,24000,24000,24000,295,0,20000,18001.12143148446,1812.4043749994598,29145.854457980022,85.53220338983051
1777158563,64,GET,point_read,2.200000,0.000000,72,91,99,130,160,170,190,190,190,190,190,314,0,110,375.9157347267087,50.670749973505735,5719.884791993536,81.328025477707
1777158563,64,GET,trips_per_route,0.400000,0.000000,7500,7500,7800,7800,7800,7800,7800,7800,7800,7800,7800,43,0,6800,6499.810401210155,1983.5966250102501,12251.540458004456,371.9767441860465
1777158563,64,,Aggregated,5.700000,0.000000,9800,17000,18000,19000,22000,23000,23000,24000,24000,24000,24000,756,0,7400,9648.196924981548,50.670749973505735,29145.854457980022,30877.68783068783
1777158564,64,GET,bulk_update_departures,0.600000,0.000000,19000,19000,19000,19000,19000,19000,19000,19000,19000,19000,19000,34,0,16000,16100.386584501179,5854.916624986799,22995.304165990092,107.58823529411765
1777158564,64,GET,large_scan,0.500000,0.000000,17000,17000,20000,20000,20000,20000,20000,20000,20000,20000,20000,70,0,17000,14839.478873841083,2154.7012079972774,25843.451583990827,332473.0
1777158564,64,GET,next_departures,2.000000,0.000000,18000,22000,23000,23000,23000,23000,24000,24000,24000,24000,24000,297,0,20000,18023.282864460984,1812.4043749994598,29145.854457980022,85.54208754208754
1777158564,64,GET,point_read,2.300000,0.000000,77,99,130,160,280,280,290,290,290,290,290,318,0,120,374.60662001012105,50.670749973505735,5719.884791993536,81.32389937106919
1777158564,64,GET,trips_per_route,0.400000,0.000000,7500,7500,7800,7800,7800,7800,7800,7800,7800,7800,7800,43,0,6800,6499.810401210155,1983.5966250102501,12251.540458004456,371.9767441860465
1777158564,64,,Aggregated,5.800000,0.000000,8500,16000,18000,19000,22000,23000,23000,24000,24000,24000,24000,762,0,7400,9629.538619687768,50.670749973505735,29145.854457980022,30635.20997375328
1777158565,64,GET,bulk_update_departures,0.600000,0.000000,16000,19000,19000,19000,19000,19000,19000,19000,19000,19000,19000,34,0,16000,16100.386584501179,5854.916624986799,22995.304165990092,107.58823529411765
1777158565,64,GET,large_scan,0.400000,0.000000,17000,17000,20000,20000,20000,20000,20000,20000,20000,20000,20000,70,0,17000,14839.478873841083,2154.7012079972774,25843.451583990827,332473.0
1777158565,64,GET,next_departures,2.400000,0.000000,18000,22000,22000,23000,23000,23000,24000,24000,24000,24000,24000,299,0,20000,17992.934372892705,1812.4043749994598,29145.854457980022,85.54515050167224
1777158565,64,GET,point_read,2.400000,0.000000,130,170,250,280,290,310,450,450,450,450,450,325,0,120,372.1455799852713,50.670749973505735,5719.884791993536,81.32615384615384
1777158565,64,GET,trips_per_route,0.400000,0.000000,7500,7500,7500,7500,7500,7500,7500,7500,7500,7500,7500,43,0,6800,6499.810401210155,1983.5966250102501,12251.540458004456,371.9767441860465
1777158565,64,,Aggregated,6.200000,0.000000,7500,16000,18000,19000,22000,23000,23000,24000,24000,24000,24000,771,0,7200,9554.47886288467,50.670749973505735,29145.854457980022,30278.56290531777
1777158566,64,GET,bulk_update_departures,0.600000,0.000000,16000,16000,16000,16000,19000,19000,19000,19000,19000,19000,19000,36,0,16000,16006.272354112298,5854.916624986799,22995.304165990092,107.66666666666667
1777158566,64,GET,large_scan,0.400000,0.000000,17000,17000,20000,20000,20000,20000,20000,20000,20000,20000,20000,70,0,17000,14839.478873841083,2154.7012079972774,25843.451583990827,332473.0
1777158566,64,GET,next_departures,2.500000,0.000000,18000,19000,22000,22000,23000,24000,24000,24000,24000,24000,24000,301,0,20000,18017.407676893385,1812.4043749994598,29145.854457980022,85.5514950166113
1777158566,64,GET,point_read,2.700000,0.000000,160,200,280,280,310,320,450,450,450,450,450,328,0,120,370.76880613481416,50.670749973505735,5719.884791993536,81.32926829268293
1777158566,64,GET,trips_per_route,0.400000,0.000000,7300,7300,7500,7500,7500,7500,7500,7500,7500,7500,7500,44,0,6600,6403.730919546268,1983.5966250102501,12251.540458004456,372.0
1777158566,64,,Aggregated,6.600000,0.000000,7300,16000,17000,18000,21000,23000,24000,24000,24000,24000,24000,779,0,7200,9552.766836372373,50.670749973505735,29145.854457980022,29968.910141206674
1777158567,64,GET,bulk_update_departures,0.600000,0.000000,16000,16000,16000,16000,19000,19000,19000,19000,19000,19000,19000,36,0,16000,16006.272354112298,5854.916624986799,22995.304165990092,107.66666666666667
1777158567,64,GET,large_scan,0.400000,0.000000,17000,17000,20000,20000,20000,20000,20000,20000,20000,20000,20000,70,0,17000,14839.478873841083,2154.7012079972774,25843.451583990827,332473.0
1777158567,64,GET,next_departures,2.300000,0.000000,18000,21000,22000,22000,23000,24000,24000,24000,24000,24000,24000,303,0,20000,18035.36740523407,1812.4043749994598,29145.854457980022,85.54125412541254
1777158567,64,GET,point_read,2.900000,0.000000,150,190,250,280,290,320,450,450,450,450,450,333,0,120,366.50694443305184,50.670749973505735,5719.884791993536,81.32432432432432
1777158567,64,GET,trips_per_route,0.200000,0.000000,7300,7300,7300,7300,7300,7300,7300,7300,7300,7300,7300,44,0,6600,6403.730919546268,1983.5966250102501,12251.540458004456,372.0
1777158567,64,,Aggregated,6.400000,0.000000,2300,13000,16000,18000,21000,23000,24000,24000,24000,24000,24000,786,0,7200,9521.013514833434,50.670749973505735,29145.854457980022,29702.74045801527
1777158568,64,GET,bulk_update_departures,0.700000,0.000000,16000,16000,16000,16000,16000,16000,16000,16000,16000,16000,16000,36,0,16000,16006.272354112298,5854.916624986799,22995.304165990092,107.66666666666667
1777158568,64,GET,large_scan,0.400000,0.000000,17000,17000,20000,20000,20000,20000,20000,20000,20000,20000,20000,70,0,17000,14839.478873841083,2154.7012079972774,25843.451583990827,332473.0
1777158568,64,GET,next_departures,2.400000,0.000000,19000,21000,22000,23000,24000,25000,26000,26000,26000,26000,26000,306,0,20000,18092.6561267548,1812.4043749994598,29145.854457980022,85.55555555555556
1777158568,64,GET,point_read,3.000000,0.000000,150,180,240,280,290,320,450,450,450,450,450,336,0,120,364.1778091404419,50.670749973505735,5719.884791993536,81.32440476190476
1777158568,64,GET,trips_per_route,0.200000,0.000000,7300,7300,7300,7300,7300,7300,7300,7300,7300,7300,7300,44,0,6600,6403.730919546268,1983.5966250102501,12251.540458004456,372.0
1777158568,64,,Aggregated,6.700000,0.000000,450,14000,18000,19000,22000,24000,25000,26000,26000,26000,26000,792,0,7200,9539.734854842309,50.670749973505735,29145.854457980022,29478.35732323232
1777158569,64,GET,bulk_update_departures,0.600000,0.000000,16000,16000,16000,16000,16000,16000,16000,16000,16000,16000,16000,37,0,16000,15870.2231440819,5854.916624986799,22995.304165990092,107.70270270270271
1777158569,64,GET,large_scan,0.400000,0.000000,12000,12000,19000,19000,19000,19000,19000,19000,19000,19000,19000,72,0,17000,14862.746012178832,2154.7012079972774,25843.451583990827,332472.94444444444
1777158569,64,GET,next_departures,2.400000,0.000000,19000,21000,22000,22000,24000,25000,26000,26000,26000,26000,26000,310,0,20000,18047.419583457886,1812.4043749994598,29145.854457980022,85.54838709677419
1777158569,64,GET,point_read,3.100000,0.000000,160,190,250,280,290,320,450,450,450,450,450,339,0,120,361.5901865639276,50.670749973505735,5719.884791993536,81.32743362831859
1777158569,64,GET,trips_per_route,0.200000,0.000000,7300,7300,7900,7900,7900,7900,7900,7900,7900,7900,7900,45,0,6800,6437.091116689327,1983.5966250102501,12251.540458004456,372.0
1777158569,64,,Aggregated,6.700000,0.000000,5200,13000,18000,19000,22000,23000,25000,26000,26000,26000,26000,803,0,7300,9544.538248538032,50.670749973505735,29145.854457980022,29903.94396014944
1777158570,64,GET,bulk_update_departures,0.600000,0.000000,14000,14000,16000,16000,16000,16000,16000,16000,16000,16000,16000,38,0,16000,15805.125584369403,5854.916624986799,22995.304165990092,107.73684210526316
1777158570,64,GET,large_scan,0.400000,0.000000,12000,12000,19000,19000,19000,19000,19000,19000,19000,19000,19000,72,0,17000,14862.746012178832,2154.7012079972774,25843.451583990827,332472.94444444444
1777158570,64,GET,next_departures,2.400000,0.000000,19000,21000,22000,22000,24000,25000,26000,26000,26000,26000,26000,310,0,20000,18047.419583457886,1812.4043749994598,29145.854457980022,85.54838709677419
1777158570,64,GET,point_read,3.100000,0.000000,150,180,240,280,290,320,450,450,450,450,450,344,0,110,357.2713244772553,50.670749973505735,5719.884791993536,81.32848837209302
1777158570,64,GET,trips_per_route,0.200000,0.000000,7300,7300,7900,7900,7900,7900,7900,7900,7900,7900,7900,45,0,6800,6437.091116689327,1983.5966250102501,12251.540458004456,372.0
1777158570,64,,Aggregated,6.700000,0.000000,2300,13000,18000,19000,22000,23000,25000,26000,26000,26000,26000,809,0,7200,9490.708271725653,50.670749973505735,29145.854457980022,29682.797280593324
1777158571,64,GET,bulk_update_departures,0.500000,0.000000,13000,16000,16000,16000,16000,16000,16000,16000,16000,16000,16000,38,0,16000,15805.125584369403,5854.916624986799,22995.304165990092,107.73684210526316
1777158571,64,GET,large_scan,0.200000,0.000000,12000,12000,19000,19000,19000,19000,19000,19000,19000,19000,19000,72,0,17000,14862.746012178832,2154.7012079972774,25843.451583990827,332472.94444444444
1777158571,64,GET,next_departures,2.500000,0.000000,21000,21000,22000,22000,24000,25000,26000,26000,26000,26000,26000,314,0,20000,18064.45896615259,1812.4043749994598,29145.854457980022,85.55732484076434
1777158571,64,GET,point_read,3.500000,0.000000,160,190,250,280,290,320,450,450,450,450,450,345,0,110,356.4082613396222,50.670749973505735,5719.884791993536,81.32753623188405
1777158571,64,GET,trips_per_route,0.100000,0.000000,7300,7300,7900,7900,7900,7900,7900,7900,7900,7900,7900,45,0,6800,6437.091116689327,1983.5966250102501,12251.540458004456,372.0
1777158571,64,,Aggregated,6.800000,0.000000,5200,16000,19000,20000,22000,24000,25000,26000,26000,26000,26000,814,0,7200,9527.742691484047,50.670749973505735,29145.854457980022,29500.993857493857
1777158572,64,GET,bulk_update_departures,0.600000,0.000000,13000,16000,16000,16000,16000,16000,16000,16000,16000,16000,16000,38,0,16000,15805.125584369403,5854.916624986799,22995.304165990092,107.73684210526316
1777158572,64,GET,large_scan,0.300000,0.000000,12000,12000,19000,19000,19000,19000,19000,19000,19000,19000,19000,72,0,17000,14862.746012178832,2154.7012079972774,25843.451583990827,332472.94444444444
1777158572,64,GET,next_departures,2.500000,0.000000,21000,22000,22000,23000,25000,25000,26000,26000,26000,26000,26000,319,0,20000,18057.36991822217,1812.4043749994598,29145.854457980022,85.57366771159874
1777158572,64,GET,point_read,3.700000,0.000000,150,190,250,280,290,320,450,450,450,450,450,346,0,110,355.7195593560057,50.670749973505735,5719.884791993536,81.32658959537572
1777158572,64,GET,trips_per_route,0.200000,0.000000,7900,7900,7900,7900,7900,7900,7900,7900,7900,7900,7900,45,0,6800,6437.091116689327,1983.5966250102501,12251.540458004456,372.0
1777158572,64,,Aggregated,7.300000,0.000000,5200,13000,19000,21000,22000,24000,25000,26000,26000,26000,26000,820,0,7300,9565.562874126808,50.670749973505735,29145.854457980022,29285.759756097563
1777158573,64,GET,bulk_update_departures,0.600000,0.000000,13000,13000,16000,16000,16000,16000,16000,16000,16000,16000,16000,38,0,16000,15805.125584369403,5854.916624986799,22995.304165990092,107.73684210526316
1777158573,64,GET,large_scan,0.300000,0.000000,12000,12000,19000,19000,19000,19000,19000,19000,19000,19000,19000,72,0,17000,14862.746012178832,2154.7012079972774,25843.451583990827,332472.94444444444
1777158573,64,GET,next_departures,2.600000,0.000000,21000,21000,22000,24000,25000,25000,26000,26000,26000,26000,26000,323,0,20000,18057.207724318454,1812.4043749994598,29145.854457980022,85.56656346749226
1777158573,64,GET,point_read,3.300000,0.000000,92,160,180,190,290,320,450,450,450,450,450,349,0,110,353.37256696318707,50.670749973505735,5719.884791993536,81.32664756446991
1777158573,64,GET,trips_per_route,0.200000,0.000000,7900,7900,7900,7900,7900,7900,7900,7900,7900,7900,7900,45,0,6800,6437.091116689327,1983.5966250102501,12251.540458004456,372.0
1777158573,64,,Aggregated,7.000000,0.000000,7900,13000,19000,21000,22000,25000,25000,26000,26000,26000,26000,827,0,7400,9572.172558837901,50.670749973505735,29145.854457980022,29038.581620314388
1777158574,64,GET,bulk_update_departures,0.500000,0.000000,13000,16000,16000,19000,19000,19000,19000,19000,19000,19000,19000,39,0,16000,15886.526077923825,5854.916624986799,22995.304165990092,107.58974358974359
1777158574,64,GET,large_scan,0.200000,0.000000,19000,19000,19000,19000,19000,19000,19000,19000,19000,19000,19000,72,0,17000,14862.746012178832,2154.7012079972774,25843.451583990827,332472.94444444444
1777158574,64,GET,next_departures,2.800000,0.000000,20000,21000,24000,24000,25000,25000,26000,26000,26000,26000,26000,330,0,20000,18023.712579666368,1812.4043749994598,29145.854457980022,85.5878787878788
1777158574,64,GET,point_read,3.200000,0.000000,90,160,160,180,290,310,320,320,320,320,320,350,0,110,352.8184384404449,50.670749973505735,5719.884791993536,81.32571428571428
1777158574,64,GET,trips_per_route,0.200000,0.000000,7900,7900,8300,8300,8300,8300,8300,8300,8300,8300,8300,46,0,6800,6476.5946576308515,1983.5966250102501,12251.540458004456,372.0
1777158574,64,,Aggregated,6.900000,0.000000,9700,16000,19000,21000,24000,25000,25000,26000,26000,26000,26000,837,0,7500,9628.347895950992,50.670749973505735,29145.854457980022,28693.032258064515
1777158575,64,GET,bulk_update_departures,0.500000,0.000000,13000,16000,16000,19000,19000,19000,19000,19000,19000,19000,19000,39,0,16000,15886.526077923825,5854.916624986799,22995.304165990092,107.58974358974359
1777158575,64,GET,large_scan,0.200000,0.000000,19000,19000,19000,19000,19000,19000,19000,19000,19000,19000,19000,72,0,17000,14862.746012178832,2154.7012079972774,25843.451583990827,332472.94444444444
1777158575,64,GET,next_departures,2.800000,0.000000,20000,21000,22000,24000,25000,25000,26000,26000,26000,26000,26000,331,0,20000,18019.12172242867,1812.4043749994598,29145.854457980022,85.59214501510574
1777158575,64,GET,point_read,3.200000,0.000000,84,93,160,160,260,280,300,300,300,300,300,354,0,120,351.858605568213,50.670749973505735,5719.884791993536,81.32485875706215
1777158575,64,GET,trips_per_route,0.200000,0.000000,7900,7900,8300,8300,8300,8300,8300,8300,8300,8300,8300,46,0,6800,6476.5946576308515,1983.5966250102501,12251.540458004456,372.0
1777158575,64,,Aggregated,6.900000,0.000000,9700,16000,19000,21000,24000,25000,25000,26000,26000,26000,26000,842,0,7400,9592.04610529924,50.670749973505735,29145.854457980022,28523.135391923992
1777158576,64,GET,bulk_update_departures,0.500000,0.000000,16000,16000,19000,19000,20000,20000,20000,20000,20000,20000,20000,40,0,16000,15980.6180520005,5854.916624986799,22995.304165990092,107.6
1777158576,64,GET,large_scan,0.200000,0.000000,19000,19000,19000,19000,19000,19000,19000,19000,19000,19000,19000,72,0,17000,14862.746012178832,2154.7012079972774,25843.451583990827,332472.94444444444
1777158576,64,GET,next_departures,3.100000,0.000000,19000,21000,22000,24000,25000,25000,26000,26000,26000,26000,26000,335,0,20000,17997.04126952505,1812.4043749994598,29145.854457980022,85.58507462686568
1777158576,64,GET,point_read,3.100000,0.000000,92,180,200,230,280,300,320,320,320,320,320,358,0,120,350.68423264561085,50.670749973505735,5719.884791993536,81.32960893854748
1777158576,64,GET,trips_per_route,0.300000,0.000000,7900,7900,8300,8300,8300,8300,8300,8300,8300,8300,8300,46,0,6800,6476.5946576308515,1983.5966250102501,12251.540458004456,372.0
1777158576,64,,Aggregated,7.200000,0.000000,9900,16000,19000,20000,24000,25000,25000,26000,26000,26000,26000,851,0,7400,9590.85730879663,50.670749973505735,29145.854457980022,28222.391304347828
1777158577,64,GET,bulk_update_departures,0.500000,0.000000,19000,19000,20000,20000,20000,20000,20000,20000,20000,20000,20000,40,0,16000,15980.6180520005,5854.916624986799,22995.304165990092,107.6
1777158577,64,GET,large_scan,0.200000,0.000000,19000,19000,19000,19000,19000,19000,19000,19000,19000,19000,19000,72,0,17000,14862.746012178832,2154.7012079972774,25843.451583990827,332472.94444444444
1777158577,64,GET,next_departures,3.200000,0.000000,17000,20000,22000,22000,24000,25000,26000,26000,26000,26000,26000,337,0,20000,17937.092038079787,1812.4043749994598,29145.854457980022,85.58753709198812
1777158577,64,GET,point_read,3.300000,0.000000,160,210,260,270,300,300,320,320,320,320,320,361,0,120,349.92525229405305,50.670749973505735,5719.884791993536,81.32963988919667
1777158577,64,GET,trips_per_route,0.300000,0.000000,8300,8300,8300,8300,8300,8300,8300,8300,8300,8300,8300,46,0,6800,6476.5946576308515,1983.5966250102501,12251.540458004456,372.0
1777158577,64,,Aggregated,7.500000,0.000000,9700,16000,19000,20000,22000,24000,25000,26000,26000,26000,26000,856,0,7400,9554.192549204385,50.670749973505735,29145.854457980022,28058.02686915888
1777158578,64,GET,bulk_update_departures,0.400000,0.000000,19000,19000,19000,20000,20000,20000,20000,20000,20000,20000,20000,41,0,16000,16060.501120853942,5854.916624986799,22995.304165990092,107.48780487804878
1777158578,64,GET,large_scan,0.200000,0.000000,12000,12000,12000,12000,12000,12000,12000,12000,12000,12000,12000,72,0,17000,14862.746012178832,2154.7012079972774,25843.451583990827,332472.94444444444
1777158578,64,GET,next_departures,3.500000,0.000000,19000,21000,22000,24000,24000,25000,25000,25000,25000,25000,25000,339,0,20000,17972.80311086102,1812.4043749994598,29145.854457980022,85.56047197640117
1777158578,64,GET,point_read,2.900000,0.000000,160,230,270,270,300,300,320,320,320,320,320,364,0,120,348.4303130552999,50.670749973505735,5719.884791993536,81.32967032967034
1777158578,64,GET,trips_per_route,0.300000,0.000000,8300,8300,8300,8300,8300,8300,8300,8300,8300,8300,8300,46,0,6800,6476.5946576308515,1983.5966250102501,12251.540458004456,372.0
1777158578,64,,Aggregated,7.300000,0.000000,9900,16000,19000,20000,24000,24000,25000,25000,25000,25000,25000,862,0,7400,9566.276684010347,50.670749973505735,29145.854457980022,27863.317865429235
1777158579,64,GET,bulk_update_departures,0.400000,0.000000,19000,19000,19000,20000,20000,20000,20000,20000,20000,20000,20000,41,0,16000,16060.501120853942,5854.916624986799,22995.304165990092,107.48780487804878
1777158579,64,GET,large_scan,0.200000,0.000000,21000,21000,23000,23000,23000,23000,23000,23000,23000,23000,23000,74,0,17000,15055.707327173976,2154.7012079972774,25843.451583990827,332472.95945945947
1777158579,64,GET,next_departures,3.300000,0.000000,17000,21000,22000,24000,24000,25000,25000,25000,25000,25000,25000,339,0,20000,17972.80311086102,1812.4043749994598,29145.854457980022,85.56047197640117
1777158579,64,GET,point_read,2.900000,0.000000,130,210,270,270,300,320,320,320,320,320,320,369,0,120,345.4530540733695,50.670749973505735,5719.884791993536,81.33062330623306
1777158579,64,GET,trips_per_route,0.200000,0.000000,7900,7900,8300,8300,8300,8300,8300,8300,8300,8300,8300,47,0,6800,6447.600648957651,1983.5966250102501,12251.540458004456,372.0
1777158579,64,,Aggregated,7.000000,0.000000,9700,17000,19000,20000,24000,24000,25000,25000,25000,25000,25000,870,0,7300,9535.508678392933,50.670749973505735,29145.854457980022,28372.305747126436
1777158580,64,GET,bulk_update_departures,0.400000,0.000000,19000,19000,19000,20000,20000,20000,20000,20000,20000,20000,20000,41,0,16000,16060.501120853942,5854.916624986799,22995.304165990092,107.48780487804878
1777158580,64,GET,large_scan,0.200000,0.000000,21000,21000,23000,23000,23000,23000,23000,23000,23000,23000,23000,74,0,17000,15055.707327173976,2154.7012079972774,25843.451583990827,332472.95945945947
1777158580,64,GET,next_departures,3.300000,0.000000,17000,20000,22000,24000,24000,25000,25000,25000,25000,25000,25000,339,0,20000,17972.80311086102,1812.4043749994598,29145.854457980022,85.56047197640117
1777158580,64,GET,point_read,2.900000,0.000000,190,260,270,280,300,320,320,320,320,320,320,370,0,120,344.73543252994153,50.670749973505735,5719.884791993536,81.32972972972973
1777158580,64,GET,trips_per_route,0.200000,0.000000,7900,7900,8300,8300,8300,8300,8300,8300,8300,8300,8300,47,0,6800,6447.600648957651,1983.5966250102501,12251.540458004456,372.0
1777158580,64,,Aggregated,7.000000,0.000000,8300,16000,19000,20000,24000,24000,25000,25000,25000,25000,25000,871,0,7300,9524.65267885747,50.670749973505735,29145.854457980022,28339.824339839266
