Timestamp,User Count,Type,Name,Requests/s,Failures/s,50%,66%,75%,80%,90%,95%,98%,99%,99.9%,99.99%,100%,Total Request Count,Total Failure Count,Total Median Response Time,Total Average Response Time,Total Min Response Time,Total Max Response Time,Total Average Content Size
1777158585,0,,Aggregated,0.000000,0.000000,N/A,N/A,N/A,N/A,N/A,N/A,N/A,N/A,N/A,N/A,N/A,0,0,0,0.0,0,0,0
1777158586,20,GET,point_read,0.000000,0.000000,0,0,0,0,0,0,0,0,0,0,0,10,0,650,650.5796626006486,646.3183749874588,655.0381669949275,81.8
1777158586,20,,Aggregated,0.000000,0.000000,0,0,0,0,0,0,0,0,0,0,0,10,0,650,650.5796626006486,646.3183749874588,655.0381669949275,81.8
1777158587,40,GET,point_read,0.000000,0.000000,540,540,540,540,540,540,540,540,540,540,540,14,0,650,578.7341845737371,208.5208330245223,655.0381669949275,81.64285714285714
1777158587,40,,Aggregated,0.000000,0.000000,540,540,540,540,540,540,540,540,540,540,540,14,0,650,578.7341845737371,208.5208330245223,655.0381669949275,81.64285714285714
1777158588,60,GET,point_read,0.000000,0.000000,540,540,540,590,590,590,590,590,590,590,590,15,0,650,579.3758944685882,208.5208330245223,655.0381669949275,81.6
1777158588,60,,Aggregated,0.000000,0.000000,540,540,540,590,590,590,590,590,590,590,590,15,0,650,579.3758944685882,208.5208330245223,655.0381669949275,81.6
1777158589,80,GET,point_read,10.000000,0.000000,540,540,590,590,670,670,670,670,670,670,670,16,0,650,585.2255338777468,208.5208330245223,672.9701250151265,81.5625
1777158589,80,,Aggregated,10.000000,0.000000,540,540,590,590,670,670,670,670,670,670,670,16,0,650,585.2255338777468,208.5208330245223,672.9701250151265,81.5625
1777158590,100,GET,point_read,10.000000,0.000000,540,540,590,590,670,670,670,670,670,670,670,16,0,650,585.2255338777468,208.5208330245223,672.9701250151265,81.5625
1777158590,100,,Aggregated,10.000000,0.000000,540,540,590,590,670,670,670,670,670,670,670,16,0,650,585.2255338777468,208.5208330245223,672.9701250151265,81.5625
1777158591,120,GET,point_read,4.000000,0.000000,540,870,4000,4200,4800,4900,4900,4900,4900,4900,4900,27,0,650,1235.8408148564329,80.5457920068875,4859.918375004781,81.4074074074074
1777158591,120,,Aggregated,4.000000,0.000000,540,870,4000,4200,4800,4900,4900,4900,4900,4900,4900,27,0,650,1235.8408148564329,80.5457920068875,4859.918375004781,81.4074074074074
1777158592,128,GET,point_read,3.200000,0.000000,280,590,4200,4400,5500,5700,5700,5700,5700,5700,5700,46,0,540,1370.050670307651,52.716458012582734,5684.643249987857,81.34782608695652
1777158592,128,,Aggregated,3.200000,0.000000,280,590,4200,4400,5500,5700,5700,5700,5700,5700,5700,46,0,540,1370.050670307651,52.716458012582734,5684.643249987857,81.34782608695652
1777158593,128,GET,point_read,4.333333,0.000000,210,290,670,4000,5100,5600,5700,5700,5700,5700,5700,58,0,250,1103.3438563307723,52.716458012582734,5684.643249987857,81.32758620689656
1777158593,128,,Aggregated,4.333333,0.000000,210,290,670,4000,5100,5600,5700,5700,5700,5700,5700,58,0,250,1103.3438563307723,52.716458012582734,5684.643249987857,81.32758620689656
1777158594,128,GET,large_scan,0.000000,0.000000,0,0,0,0,0,0,0,0,0,0,0,1,0,4054.162999993423,4054.162999993423,4054.162999993423,4054.162999993423,332473.0
1777158594,128,GET,point_read,6.428571,0.000000,210,290,870,4200,5600,6400,6700,6700,6700,6700,6700,66,0,230,1274.537784715049,52.67204201663844,6743.065082991961,81.28787878787878
1777158594,128,,Aggregated,6.428571,0.000000,210,310,870,4200,5600,6400,6700,6700,6700,6700,6700,67,0,250,1316.0247282266666,52.67204201663844,6743.065082991961,5042.358208955224
1777158595,128,GET,large_scan,0.000000,0.000000,4100,4100,4100,4100,4100,4100,4100,4100,4100,4100,4100,1,0,4054.162999993423,4054.162999993423,4054.162999993423,4054.162999993423,332473.0
1777158595,128,GET,next_departures,0.000000,0.000000,0,0,0,0,0,0,0,0,0,0,0,1,0,4237.405457999557,4237.405457999557,4237.405457999557,4237.405457999557,86.0
1777158595,128,GET,point_read,6.428571,0.000000,180,290,870,4400,5700,6700,6700,7800,7800,7800,7800,69,0,230,1334.1218967271625,52.67204201663844,7760.598624998238,81.31884057971014
1777158595,128,,Aggregated,6.428571,0.000000,210,540,4000,4200,5600,6400,6700,7800,7800,7800,7800,71,0,250,1413.323652565735,52.67204201663844,7760.598624998238,4762.957746478874
1777158596,128,GET,large_scan,0.000000,0.000000,4100,4100,4100,4100,4100,4100,4100,4100,4100,4100,4100,1,0,4054.162999993423,4054.162999993423,4054.162999993423,4054.162999993423,332473.0
1777158596,128,GET,next_departures,0.000000,0.000000,4200,4200,4200,4200,4200,4200,4200,4200,4200,4200,4200,1,0,4237.405457999557,4237.405457999557,4237.405457999557,4237.405457999557,86.0
1777158596,128,GET,point_read,7.125000,0.000000,180,590,4800,5500,6700,8600,8700,8800,8800,8800,8800,73,0,250,1724.0785873169718,52.67204201663844,8777.25370801636,81.32876712328768
1777158596,128,,Aggregated,7.125000,0.000000,210,870,4400,5100,6700,7800,8700,8800,8800,8800,8800,75,0,280,1788.6574044284255,52.67204201663844,8777.25370801636,4513.28
1777158597,128,GET,large_scan,0.100000,0.000000,4100,4100,4100,4100,4100,4100,4100,4100,4100,4100,4100,1,0,4054.162999993423,4054.162999993423,4054.162999993423,4054.162999993423,332473.0
1777158597,128,GET,next_departures,0.100000,0.000000,12000,12000,12000,12000,12000,12000,12000,12000,12000,12000,12000,2,0,4237.405457999557,8123.960291501135,4237.405457999557,12010.515125002712,86.5
1777158597,128,GET,point_read,6.900000,0.000000,200,670,4800,5500,6700,8600,8800,8800,8800,8800,8800,76,0,250,1777.4943366070818,52.67204201663844,8816.667624982074,81.3157894736842
1777158597,128,,Aggregated,7.100000,0.000000,220,4000,4900,5600,7700,8700,8800,12000,12000,12000,12000,79,0,280,1966.9829514573912,52.67204201663844,12010.515125002712,4288.93670886076
1777158598,128,GET,large_scan,0.100000,0.000000,4100,4100,4100,4100,4100,4100,4100,4100,4100,4100,4100,1,0,4054.162999993423,4054.162999993423,4054.162999993423,4054.162999993423,332473.0
1777158598,128,GET,next_departures,0.100000,0.000000,12000,12000,12000,12000,12000,12000,12000,12000,12000,12000,12000,2,0,4237.405457999557,8123.960291501135,4237.405457999557,12010.515125002712,86.5
1777158598,128,GET,point_read,6.900000,0.000000,210,300,4800,5500,6700,8600,8800,8800,8800,8800,8800,79,0,250,1718.9937473559912,52.67204201663844,8816.667624982074,81.30379746835443
1777158598,128,GET,trips_per_route,0.000000,0.000000,0,0,0,0,0,0,0,0,0,0,0,1,0,11278.814874996897,11278.814874996897,11278.814874996897,11278.814874996897,367.0
1777158598,128,,Aggregated,7.100000,0.000000,220,870,4900,5600,7800,8800,11000,12000,12000,12000,12000,83,0,280,2016.6434277001915,52.67204201663844,12010.515125002712,4089.590361445783
1777158599,128,GET,large_scan,0.100000,0.000000,8000,8000,8000,8000,8000,8000,8000,8000,8000,8000,8000,2,0,4100,6002.5550205027685,4054.162999993423,7950.947041012114,332473.0
1777158599,128,GET,next_departures,0.100000,0.000000,12000,12000,12000,12000,12000,12000,12000,12000,12000,12000,12000,2,0,4237.405457999557,8123.960291501135,4237.405457999557,12010.515125002712,86.5
1777158599,128,GET,point_read,6.100000,0.000000,220,4000,5600,6700,8800,10000,10000,11000,11000,11000,11000,90,0,290,2318.6521675786935,52.67204201663844,10596.510833012871,81.31111111111112
1777158599,128,GET,trips_per_route,0.000000,0.000000,11000,11000,11000,11000,11000,11000,11000,11000,11000,11000,11000,1,0,11278.814874996897,11278.814874996897,11278.814874996897,11278.814874996897,367.0
1777158599,128,,Aggregated,6.300000,0.000000,230,4400,5700,7700,10000,10000,11000,12000,12000,12000,12000,95,0,310,2612.742532432496,52.67204201663844,12010.515125002712,7082.147368421052
1777158600,128,GET,large_scan,0.100000,0.000000,8000,8000,8000,8000,8000,8000,8000,8000,8000,8000,8000,2,0,4100,6002.5550205027685,4054.162999993423,7950.947041012114,332473.0
1777158600,128,GET,next_departures,0.200000,0.000000,12000,12000,14000,14000,14000,14000,14000,14000,14000,14000,14000,3,0,12000,10127.668833330972,4237.405457999557,14135.085916990647,86.33333333333333
1777158600,128,GET,point_read,6.400000,0.000000,200,5100,6700,8600,10000,11000,11000,11000,11000,11000,11000,99,0,290,2559.6332790105453,52.67204201663844,11359.90695800865,81.31313131313131
1777158600,128,GET,trips_per_route,0.100000,0.000000,11000,11000,11000,11000,11000,11000,11000,11000,11000,11000,11000,1,0,11278.814874996897,11278.814874996897,11278.814874996897,11278.814874996897,367.0
1777158600,128,,Aggregated,6.800000,0.000000,220,5600,7800,8800,10000,11000,12000,14000,14000,14000,14000,105,0,310,2924.482152743232,52.67204201663844,14135.085916990647,6415.447619047619
1777158601,128,GET,large_scan,0.100000,0.000000,8000,8000,8000,8000,8000,8000,8000,8000,8000,8000,8000,2,0,4100,6002.5550205027685,4054.162999993423,7950.947041012114,332473.0
1777158601,128,GET,next_departures,0.200000,0.000000,14000,14000,16000,16000,16000,16000,16000,16000,16000,16000,16000,4,0,12000,11554.12985424482,4237.405457999557,15833.512916986365,86.5
1777158601,128,GET,point_read,6.400000,0.000000,180,6700,8700,10000,10000,11000,11000,12000,12000,12000,12000,106,0,280,2631.992260170145,52.67204201663844,11758.257540990598,81.34905660377359
1777158601,128,GET,trips_per_route,0.100000,0.000000,11000,11000,12000,12000,12000,12000,12000,12000,12000,12000,12000,3,0,11000,11255.033069338728,10021.795458014822,12464.488875004463,370.6666666666667
1777158601,128,,Aggregated,6.800000,0.000000,300,8000,10000,10000,11000,12000,14000,16000,16000,16000,16000,115,0,460,3225.8948542959683,52.67204201663844,15833.512916986365,5869.8
1777158602,128,GET,large_scan,0.100000,0.000000,8000,8000,8000,8000,8000,8000,8000,8000,8000,8000,8000,2,0,4100,6002.5550205027685,4054.162999993423,7950.947041012114,332473.0
1777158602,128,GET,next_departures,0.200000,0.000000,14000,14000,16000,16000,16000,16000,16000,16000,16000,16000,16000,4,0,12000,11554.12985424482,4237.405457999557,15833.512916986365,86.5
1777158602,128,GET,point_read,7.300000,0.000000,310,8600,10000,10000,11000,12000,12000,12000,12000,12000,12000,113,0,280,2801.7417731678393,52.67204201663844,12459.3234169879,81.35398230088495
1777158602,128,GET,trips_per_route,0.100000,0.000000,11000,11000,12000,12000,12000,12000,12000,12000,12000,12000,12000,3,0,11000,11255.033069338728,10021.795458014822,12464.488875004463,370.6666666666667
1777158602,128,,Aggregated,7.700000,0.000000,4200,8800,10000,11000,12000,12000,14000,16000,16000,16000,16000,122,0,310,3349.045483884974,52.67204201663844,15833.512916986365,5537.680327868852
1777158603,128,GET,large_scan,0.200000,0.000000,8000,8000,8000,8000,8000,8000,8000,8000,8000,8000,8000,2,0,4100,6002.5550205027685,4054.162999993423,7950.947041012114,332473.0
1777158603,128,GET,next_departures,0.300000,0.000000,14000,16000,16000,17000,17000,17000,17000,17000,17000,17000,17000,5,0,14000,12577.094174997183,4237.405457999557,16668.95145800663,86.6
1777158603,128,GET,point_read,8.000000,0.000000,460,10000,10000,11000,12000,12000,13000,13000,13000,13000,13000,116,0,280,2955.1342998702553,52.67204201663844,13248.332249990199,81.36206896551724
1777158603,128,GET,trips_per_route,0.100000,0.000000,12000,12000,12000,12000,12000,12000,12000,12000,12000,12000,12000,4,0,11000,11462.391698005376,10021.795458014822,12464.488875004463,371.25
1777158603,128,,Aggregated,8.600000,0.000000,8000,10000,11000,11000,12000,13000,16000,17000,17000,17000,17000,127,0,540,3649.8876101808078,52.67204201663844,16668.95145800663,5325.212598425197
1777158604,128,GET,large_scan,0.200000,0.000000,8000,8000,8000,8000,8000,8000,8000,8000,8000,8000,8000,2,0,4100,6002.5550205027685,4054.162999993423,7950.947041012114,332473.0
1777158604,128,GET,next_departures,0.400000,0.000000,14000,16000,16000,17000,17000,17000,17000,17000,17000,17000,17000,5,0,14000,12577.094174997183,4237.405457999557,16668.95145800663,86.6
1777158604,128,GET,point_read,8.000000,0.000000,1800,10000,11000,11000,12000,13000,13000,13000,13000,13000,13000,120,0,280,3078.4094464746886,52.67204201663844,13279.170916997828,81.35833333333333
1777158604,128,GET,trips_per_route,0.300000,0.000000,12000,12000,12000,12000,12000,12000,12000,12000,12000,12000,12000,4,0,11000,11462.391698005376,10021.795458014822,12464.488875004463,371.25
1777158604,128,,Aggregated,8.900000,0.000000,8800,10000,11000,12000,13000,14000,16000,17000,17000,17000,17000,131,0,540,3741.5975670608823,52.67204201663844,16668.95145800663,5165.091603053435
1777158605,128,GET,bulk_update_departures,0.000000,0.000000,0,0,0,0,0,0,0,0,0,0,0,1,0,18371.793250000337,18371.793250000337,18371.793250000337,18371.793250000337,109.0
1777158605,128,GET,large_scan,0.200000,0.000000,8000,8000,8000,8000,8000,8000,8000,8000,8000,8000,8000,2,0,4100,6002.5550205027685,4054.162999993423,7950.947041012114,332473.0
1777158605,128,GET,next_departures,0.500000,0.000000,14000,14000,16000,16000,17000,17000,17000,17000,17000,17000,17000,6,0,12000,12288.564527829294,4237.405457999557,16668.95145800663,86.66666666666667
1777158605,128,GET,point_read,5.900000,0.000000,310,10000,11000,11000,12000,13000,13000,14000,14000,14000,14000,125,0,280,3165.4478526155,52.67204201663844,13677.885374985635,81.368
1777158605,128,GET,trips_per_route,0.400000,0.000000,12000,12000,12000,19000,19000,19000,19000,19000,19000,19000,19000,5,0,12000,12899.98584180721,10021.795458014822,18650.36241701455,371.6
1777158605,128,,Aggregated,7.000000,0.000000,10000,11000,12000,12000,13000,16000,18000,19000,19000,19000,19000,139,0,540,4059.6345413234185,52.67204201663844,18650.36241701455,4874.848920863309
1777158606,128,GET,bulk_update_departures,0.000000,0.000000,18000,18000,18000,18000,18000,18000,18000,18000,18000,18000,18000,1,0,18371.793250000337,18371.793250000337,18371.793250000337,18371.793250000337,109.0
1777158606,128,GET,large_scan,0.100000,0.000000,8000,8000,8000,8000,8000,8000,8000,8000,8000,8000,8000,2,0,4100,6002.5550205027685,4054.162999993423,7950.947041012114,332473.0
1777158606,128,GET,next_departures,0.500000,0.000000,14000,16000,16000,17000,17000,17000,17000,17000,17000,17000,17000,6,0,12000,12288.564527829294,4237.405457999557,16668.95145800663,86.66666666666667
1777158606,128,GET,point_read,5.500000,0.000000,260,10000,11000,11000,12000,13000,13000,14000,14000,14000,14000,130,0,250,3053.0023855304953,52.67204201663844,13677.885374985635,81.36153846153846
1777158606,128,GET,trips_per_route,0.400000,0.000000,12000,12000,12000,12000,19000,19000,19000,19000,19000,19000,19000,6,0,11000,12545.37763200157,10021.795458014822,18650.36241701455,371.8333333333333
1777158606,128,,Aggregated,6.500000,0.000000,10000,11000,12000,12000,13000,16000,18000,19000,19000,19000,19000,145,0,540,3974.281837027279,52.67204201663844,18650.36241701455,4678.503448275862
1777158607,128,GET,bulk_update_departures,0.000000,0.000000,18000,18000,18000,18000,18000,18000,18000,18000,18000,18000,18000,1,0,18371.793250000337,18371.793250000337,18371.793250000337,18371.793250000337,109.0
1777158607,128,GET,large_scan,0.100000,0.000000,8000,8000,8000,8000,8000,8000,8000,8000,8000,8000,8000,2,0,4100,6002.5550205027685,4054.162999993423,7950.947041012114,332473.0
1777158607,128,GET,next_departures,0.500000,0.000000,14000,16000,16000,17000,17000,17000,17000,17000,17000,17000,17000,6,0,12000,12288.564527829294,4237.405457999557,16668.95145800663,86.66666666666667
1777158607,128,GET,point_read,5.500000,0.000000,260,10000,11000,11000,12000,13000,13000,14000,14000,14000,14000,132,0,250,3007.942533416402,52.67204201663844,13677.885374985635,81.35606060606061
1777158607,128,GET,trips_per_route,0.400000,0.000000,12000,12000,12000,12000,19000,19000,19000,19000,19000,19000,19000,6,0,11000,12545.37763200157,10021.795458014822,18650.36241701455,371.8333333333333
1777158607,128,,Aggregated,6.500000,0.000000,10000,11000,12000,12000,13000,16000,18000,19000,19000,19000,19000,147,0,460,3921.2855147003816,52.67204201663844,18650.36241701455,4615.952380952381
1777158608,128,GET,bulk_update_departures,0.000000,0.000000,18000,18000,18000,18000,18000,18000,18000,18000,18000,18000,18000,1,0,18371.793250000337,18371.793250000337,18371.793250000337,18371.793250000337,109.0
1777158608,128,GET,large_scan,0.100000,0.000000,8000,8000,8000,8000,8000,8000,8000,8000,8000,8000,8000,2,0,4100,6002.5550205027685,4054.162999993423,7950.947041012114,332473.0
1777158608,128,GET,next_departures,0.500000,0.000000,16000,16000,17000,17000,17000,17000,17000,17000,17000,17000,17000,6,0,12000,12288.564527829294,4237.405457999557,16668.95145800663,86.66666666666667
1777158608,128,GET,point_read,5.500000,0.000000,180,10000,11000,12000,13000,13000,14000,14000,14000,14000,14000,132,0,250,3007.942533416402,52.67204201663844,13677.885374985635,81.35606060606061
1777158608,128,GET,trips_per_route,0.400000,0.000000,12000,12000,12000,12000,19000,19000,19000,19000,19000,19000,19000,6,0,11000,12545.37763200157,10021.795458014822,18650.36241701455,371.8333333333333
1777158608,128,,Aggregated,6.500000,0.000000,1800,11000,12000,12000,14000,17000,18000,19000,19000,19000,19000,147,0,460,3921.2855147003816,52.67204201663844,18650.36241701455,4615.952380952381
1777158609,128,GET,bulk_update_departures,0.100000,0.000000,18000,18000,18000,18000,18000,18000,18000,18000,18000,18000,18000,1,0,18371.793250000337,18371.793250000337,18371.793250000337,18371.793250000337,109.0
1777158609,128,GET,large_scan,0.100000,0.000000,8000,8000,8000,8000,8000,8000,8000,8000,8000,8000,8000,2,0,4100,6002.5550205027685,4054.162999993423,7950.947041012114,332473.0
1777158609,128,GET,next_departures,0.500000,0.000000,16000,16000,17000,17000,17000,17000,17000,17000,17000,17000,17000,6,0,12000,12288.564527829294,4237.405457999557,16668.95145800663,86.66666666666667
1777158609,128,GET,point_read,5.600000,0.000000,170,1800,12000,12000,13000,13000,14000,14000,14000,14000,14000,132,0,250,3007.942533416402,52.67204201663844,13677.885374985635,81.35606060606061
1777158609,128,GET,trips_per_route,0.600000,0.000000,12000,12000,15000,15000,19000,19000,19000,19000,19000,19000,19000,7,0,12000,12839.871714286606,10021.795458014822,18650.36241701455,372.0
1777158609,128,,Aggregated,6.900000,0.000000,1800,12000,12000,13000,15000,17000,19000,19000,19000,19000,19000,148,0,460,3993.485181546979,52.67204201663844,18650.36241701455,4587.283783783784
1777158610,128,GET,bulk_update_departures,0.100000,0.000000,18000,18000,18000,18000,18000,18000,18000,18000,18000,18000,18000,1,0,18371.793250000337,18371.793250000337,18371.793250000337,18371.793250000337,109.0
1777158610,128,GET,large_scan,0.100000,0.000000,8000,8000,8000,8000,8000,8000,8000,8000,8000,8000,8000,2,0,4100,6002.5550205027685,4054.162999993423,7950.947041012114,332473.0
1777158610,128,GET,next_departures,0.500000,0.000000,16000,16000,17000,17000,17000,17000,17000,17000,17000,17000,17000,6,0,12000,12288.564527829294,4237.405457999557,16668.95145800663,86.66666666666667
1777158610,128,GET,point_read,5.700000,0.000000,110,12000,12000,12000,13000,13000,14000,14000,14000,14000,14000,132,0,250,3007.942533416402,52.67204201663844,13677.885374985635,81.35606060606061
1777158610,128,GET,trips_per_route,0.600000,0.000000,12000,15000,19000,19000,21000,21000,21000,21000,21000,21000,21000,8,0,12000,13894.0837500013,10021.795458014822,21273.56800000416,371.375
1777158610,128,,Aggregated,7.000000,0.000000,11000,12000,13000,13000,17000,19000,21000,21000,21000,21000,21000,149,0,540,4109.458891737967,52.67204201663844,21273.56800000416,4558.959731543624
1777158611,128,GET,bulk_update_departures,0.100000,0.000000,18000,18000,18000,18000,18000,18000,18000,18000,18000,18000,18000,1,0,18371.793250000337,18371.793250000337,18371.793250000337,18371.793250000337,109.0
1777158611,128,GET,large_scan,0.100000,0.000000,8000,8000,8000,8000,8000,8000,8000,8000,8000,8000,8000,2,0,4100,6002.5550205027685,4054.162999993423,7950.947041012114,332473.0
1777158611,128,GET,next_departures,0.400000,0.000000,17000,17000,17000,17000,17000,17000,17000,17000,17000,17000,17000,6,0,12000,12288.564527829294,4237.405457999557,16668.95145800663,86.66666666666667
1777158611,128,GET,point_read,5.300000,0.000000,110,770,13000,13000,13000,14000,14000,14000,14000,14000,14000,132,0,250,3007.942533416402,52.67204201663844,13677.885374985635,81.35606060606061
1777158611,128,GET,trips_per_route,0.500000,0.000000,15000,19000,21000,21000,23000,23000,23000,23000,23000,23000,23000,10,0,12000,14885.532379199867,10021.795458014822,23490.14095799066,371.7
1777158611,128,,Aggregated,6.400000,0.000000,11000,13000,14000,15000,19000,21000,23000,23000,23000,23000,23000,151,0,540,4304.715421595664,52.67204201663844,23490.14095799066,4503.516556291391
1777158612,128,GET,bulk_update_departures,0.100000,0.000000,18000,18000,18000,18000,18000,18000,18000,18000,18000,18000,18000,1,0,18371.793250000337,18371.793250000337,18371.793250000337,18371.793250000337,109.0
1777158612,128,GET,large_scan,0.100000,0.000000,8000,8000,8000,8000,8000,8000,8000,8000,8000,8000,8000,2,0,4100,6002.5550205027685,4054.162999993423,7950.947041012114,332473.0
1777158612,128,GET,next_departures,0.400000,0.000000,17000,17000,17000,17000,17000,17000,17000,17000,17000,17000,17000,6,0,12000,12288.564527829294,4237.405457999557,16668.95145800663,86.66666666666667
1777158612,128,GET,point_read,4.300000,0.000000,110,260,770,12000,13000,14000,14000,14000,14000,14000,14000,133,0,250,2986.197448270378,52.67204201663844,13677.885374985635,81.35338345864662
1777158612,128,GET,trips_per_route,0.600000,0.000000,19000,21000,21000,21000,23000,23000,23000,23000,23000,23000,23000,11,0,14000,15396.105090997562,10021.795458014822,23490.14095799066,371.72727272727275
1777158612,128,,Aggregated,5.500000,0.000000,11000,13000,14000,15000,21000,21000,23000,23000,23000,23000,23000,153,0,540,4383.20069986219,52.67204201663844,23490.14095799066,4447.607843137255
1777158613,128,GET,bulk_update_departures,0.100000,0.000000,18000,18000,18000,18000,18000,18000,18000,18000,18000,18000,18000,1,0,18371.793250000337,18371.793250000337,18371.793250000337,18371.793250000337,109.0
1777158613,128,GET,large_scan,0.000000,0.000000,8000,8000,8000,8000,8000,8000,8000,8000,8000,8000,8000,2,0,4100,6002.5550205027685,4054.162999993423,7950.947041012114,332473.0
1777158613,128,GET,next_departures,0.300000,0.000000,25000,25000,25000,25000,25000,25000,25000,25000,25000,25000,25000,7,0,14000,14041.419553566291,4237.405457999557,24558.549707988277,86.71428571428571
1777158613,128,GET,point_read,3.600000,0.000000,120,220,260,770,12000,14000,14000,14000,14000,14000,14000,134,0,230,2965.03891352214,52.67204201663844,13677.885374985635,81.35074626865672
1777158613,128,GET,trips_per_route,0.700000,0.000000,19000,21000,21000,21000,23000,23000,23000,23000,23000,23000,23000,11,0,14000,15396.105090997562,10021.795458014822,23490.14095799066,371.72727272727275
1777158613,128,,Aggregated,4.700000,0.000000,11000,14000,18000,19000,21000,23000,25000,25000,25000,25000,25000,155,0,540,4486.059423089741,52.67204201663844,24558.549707988277,4391.303225806451
1777158614,128,GET,bulk_update_departures,0.100000,0.000000,18000,18000,18000,18000,18000,18000,18000,18000,18000,18000,18000,1,0,18371.793250000337,18371.793250000337,18371.793250000337,18371.793250000337,109.0
1777158614,128,GET,large_scan,0.000000,0.000000,8000,8000,8000,8000,8000,8000,8000,8000,8000,8000,8000,2,0,4100,6002.5550205027685,4054.162999993423,7950.947041012114,332473.0
1777158614,128,GET,next_departures,0.200000,0.000000,25000,25000,25000,25000,25000,25000,25000,25000,25000,25000,25000,7,0,14000,14041.419553566291,4237.405457999557,24558.549707988277,86.71428571428571
1777158614,128,GET,point_read,2.600000,0.000000,120,150,220,260,770,770,770,770,770,770,770,134,0,230,2965.03891352214,52.67204201663844,13677.885374985635,81.35074626865672
1777158614,128,GET,trips_per_route,0.700000,0.000000,21000,21000,23000,25000,26000,26000,26000,26000,26000,26000,26000,15,0,15000,16562.332427934354,10021.795458014822,25786.96612501517,372.0
1777158614,128,,Aggregated,3.600000,0.000000,11000,15000,21000,21000,25000,25000,26000,26000,26000,26000,26000,159,0,650,4870.547427653786,52.67204201663844,25786.96612501517,4290.207547169812
1777158615,128,GET,bulk_update_departures,0.100000,0.000000,18000,18000,18000,18000,18000,18000,18000,18000,18000,18000,18000,1,0,18371.793250000337,18371.793250000337,18371.793250000337,18371.793250000337,109.0
1777158615,128,GET,large_scan,0.000000,0.000000,8000,8000,8000,8000,8000,8000,8000,8000,8000,8000,8000,2,0,4100,6002.5550205027685,4054.162999993423,7950.947041012114,332473.0
1777158615,128,GET,next_departures,0.200000,0.000000,24000,24000,25000,25000,25000,25000,25000,25000,25000,25000,25000,8,0,14000,15304.198025994992,4237.405457999557,24558.549707988277,86.0
1777158615,128,GET,point_read,2.000000,0.000000,110,120,120,150,150,150,150,150,150,150,150,134,0,230,2965.03891352214,52.67204201663844,13677.885374985635,81.35074626865672
1777158615,128,GET,trips_per_route,0.800000,0.000000,21000,21000,23000,25000,26000,26000,26000,26000,26000,26000,26000,15,0,15000,16562.332427934354,10021.795458014822,25786.96612501517,372.0
1777158615,128,,Aggregated,3.100000,0.000000,16000,21000,24000,24000,25000,26000,26000,26000,26000,26000,26000,160,0,650,4991.004302062174,52.67204201663844,25786.96612501517,4263.9
1777158616,128,GET,bulk_update_departures,0.100000,0.000000,29000,29000,29000,29000,29000,29000,29000,29000,29000,29000,29000,2,0,18371.793250000337,23800.742542007356,18371.793250000337,29229.691834014375,109.0
1777158616,128,GET,large_scan,0.000000,0.000000,8000,8000,8000,8000,8000,8000,8000,8000,8000,8000,8000,2,0,4100,6002.5550205027685,4054.162999993423,7950.947041012114,332473.0
1777158616,128,GET,next_departures,0.200000,0.000000,24000,24000,25000,25000,25000,25000,25000,25000,25000,25000,25000,8,0,14000,15304.198025994992,4237.405457999557,24558.549707988277,86.0
1777158616,128,GET,point_read,1.800000,0.000000,110,120,120,150,150,150,150,150,150,150,150,134,0,230,2965.03891352214,52.67204201663844,13677.885374985635,81.35074626865672
1777158616,128,GET,trips_per_route,0.700000,0.000000,21000,21000,23000,25000,26000,26000,26000,26000,26000,26000,26000,15,0,15000,16562.332427934354,10021.795458014822,25786.96612501517,372.0
1777158616,128,,Aggregated,2.800000,0.000000,16000,23000,24000,25000,26000,29000,29000,29000,29000,29000,29000,161,0,650,5141.555156297903,52.67204201663844,29229.691834014375,4238.093167701863
1777158617,128,GET,bulk_update_departures,0.000000,0.000000,29000,29000,29000,29000,29000,29000,29000,29000,29000,29000,29000,2,0,18371.793250000337,23800.742542007356,18371.793250000337,29229.691834014375,109.0
1777158617,128,GET,large_scan,0.000000,0.000000,25000,25000,25000,25000,25000,25000,25000,25000,25000,25000,25000,3,0,8000,12250.135527661769,4054.162999993423,24745.29654197977,332471.3333333333
1777158617,128,GET,next_departures,0.200000,0.000000,25000,25000,28000,28000,28000,28000,28000,28000,28000,28000,28000,9,0,16000,16712.104333328574,4237.405457999557,27975.354791997233,86.0
1777158617,128,GET,point_read,1.000000,0.000000,120,120,150,150,280,280,280,280,280,280,280,135,0,250,2945.137813859145,52.67204201663844,13677.885374985635,81.34814814814816
1777158617,128,GET,trips_per_route,1.000000,0.000000,21000,21000,23000,25000,26000,26000,26000,26000,26000,26000,26000,15,0,15000,16562.332427934354,10021.795458014822,25786.96612501517,372.0
1777158617,128,,Aggregated,2.200000,0.000000,21000,25000,25000,25000,28000,29000,29000,29000,29000,29000,29000,164,0,650,5370.6672070546165,52.67204201663844,29229.691834014375,6188.829268292683
1777158618,128,GET,bulk_update_departures,0.100000,0.000000,29000,29000,29000,29000,29000,29000,29000,29000,29000,29000,29000,2,0,18371.793250000337,23800.742542007356,18371.793250000337,29229.691834014375,109.0
1777158618,128,GET,large_scan,0.000000,0.000000,33000,33000,33000,33000,33000,33000,33000,33000,33000,33000,33000,5,0,25000,20474.88168339478,4054.162999993423,32951.0881669994,332472.4
1777158618,128,GET,next_departures,0.200000,0.000000,25000,25000,28000,28000,28000,28000,28000,28000,28000,28000,28000,9,0,16000,16712.104333328574,4237.405457999557,27975.354791997233,86.0
1777158618,128,GET,point_read,0.500000,0.000000,150,150,150,150,280,280,280,280,280,280,280,138,0,230,2883.0767822754738,52.67204201663844,13677.885374985635,81.35507246376811
1777158618,128,GET,trips_per_route,0.900000,0.000000,21000,21000,23000,25000,26000,26000,26000,26000,26000,26000,26000,16,0,15000,16507.19893243877,10021.795458014822,25786.96612501517,371.6875
1777158618,128,,Aggregated,1.700000,0.000000,21000,25000,25000,26000,29000,33000,33000,33000,33000,33000,33000,170,0,650,5660.968302199891,52.67204201663844,32951.0881669994,9885.458823529412
1777158619,128,GET,bulk_update_departures,0.100000,0.000000,29000,29000,29000,29000,29000,29000,29000,29000,29000,29000,29000,2,0,18371.793250000337,23800.742542007356,18371.793250000337,29229.691834014375,109.0
1777158619,128,GET,large_scan,0.000000,0.000000,33000,33000,33000,33000,33000,33000,33000,33000,33000,33000,33000,5,0,25000,20474.88168339478,4054.162999993423,32951.0881669994,332472.4
1777158619,128,GET,next_departures,0.200000,0.000000,25000,25000,28000,28000,28000,28000,28000,28000,28000,28000,28000,9,0,16000,16712.104333328574,4237.405457999557,27975.354791997233,86.0
1777158619,128,GET,point_read,0.500000,0.000000,120,150,150,150,280,280,280,280,280,280,280,140,0,220,2842.8751130642404,52.67204201663844,13677.885374985635,81.35714285714286
1777158619,128,GET,trips_per_route,0.900000,0.000000,21000,23000,25000,25000,26000,26000,26000,26000,26000,26000,26000,16,0,15000,16507.19893243877,10021.795458014822,25786.96612501517,371.6875
1777158619,128,,Aggregated,1.700000,0.000000,16000,25000,25000,26000,29000,33000,33000,33000,33000,33000,33000,172,0,650,5595.944949121858,52.67204201663844,32951.0881669994,9771.459302325582
1777158620,128,GET,bulk_update_departures,0.100000,0.000000,29000,29000,29000,29000,29000,29000,29000,29000,29000,29000,29000,2,0,18371.793250000337,23800.742542007356,18371.793250000337,29229.691834014375,109.0
1777158620,128,GET,large_scan,0.200000,0.000000,33000,33000,33000,33000,33000,33000,33000,33000,33000,33000,33000,6,0,25000,21911.327972329065,4054.162999993423,32951.0881669994,332472.6666666667
1777158620,128,GET,next_departures,0.300000,0.000000,28000,28000,32000,32000,32000,32000,32000,32000,32000,32000,32000,10,0,16000,18225.63421249506,4237.405457999557,31847.403124993434,86.1
1777158620,128,GET,point_read,0.500000,0.000000,150,150,150,280,390,390,390,390,390,390,390,142,0,220,2806.6559632886347,52.67204201663844,13677.885374985635,81.35211267605634
1777158620,128,GET,trips_per_route,1.000000,0.000000,21000,21000,25000,25000,26000,26000,26000,26000,26000,26000,26000,16,0,15000,16507.19893243877,10021.795458014822,25786.96612501517,371.6875
1777158620,128,,Aggregated,2.100000,0.000000,16000,25000,26000,29000,32000,33000,33000,33000,33000,33000,33000,176,0,650,5818.102981528104,52.67204201663844,32951.0881669994,11439.852272727272
1777158621,128,GET,bulk_update_departures,0.100000,0.000000,29000,29000,29000,29000,29000,29000,29000,29000,29000,29000,29000,2,0,18371.793250000337,23800.742542007356,18371.793250000337,29229.691834014375,109.0
1777158621,128,GET,large_scan,0.200000,0.000000,33000,33000,33000,33000,33000,33000,33000,33000,33000,33000,33000,6,0,25000,21911.327972329065,4054.162999993423,32951.0881669994,332472.6666666667
1777158621,128,GET,next_departures,0.300000,0.000000,28000,28000,32000,32000,32000,32000,32000,32000,32000,32000,32000,10,0,16000,18225.63421249506,4237.405457999557,31847.403124993434,86.1
1777158621,128,GET,point_read,0.500000,0.000000,150,150,230,280,390,390,390,390,390,390,390,143,0,230,2788.6353799229864,52.67204201663844,13677.885374985635,81.34965034965035
1777158621,128,GET,trips_per_route,1.000000,0.000000,21000,21000,25000,25000,26000,26000,26000,26000,26000,26000,26000,16,0,15000,16507.19893243877,10021.795458014822,25786.96612501517,371.6875
1777158621,128,,Aggregated,2.100000,0.000000,16000,25000,28000,29000,32000,33000,33000,33000,33000,33000,33000,177,0,650,5786.530154186142,52.67204201663844,32951.0881669994,11375.677966101695
1777158622,128,GET,bulk_update_departures,0.100000,0.000000,29000,29000,29000,29000,29000,29000,29000,29000,29000,29000,29000,2,0,18371.793250000337,23800.742542007356,18371.793250000337,29229.691834014375,109.0
1777158622,128,GET,large_scan,0.200000,0.000000,33000,33000,33000,33000,33000,33000,33000,33000,33000,33000,33000,6,0,25000,21911.327972329065,4054.162999993423,32951.0881669994,332472.6666666667
1777158622,128,GET,next_departures,0.300000,0.000000,28000,28000,32000,32000,32000,32000,32000,32000,32000,32000,32000,10,0,16000,18225.63421249506,4237.405457999557,31847.403124993434,86.1
1777158622,128,GET,point_read,0.500000,0.000000,150,150,230,280,390,390,390,390,390,390,390,143,0,230,2788.6353799229864,52.67204201663844,13677.885374985635,81.34965034965035
1777158622,128,GET,trips_per_route,1.000000,0.000000,16000,25000,25000,26000,26000,26000,26000,26000,26000,26000,26000,16,0,15000,16507.19893243877,10021.795458014822,25786.96612501517,371.6875
1777158622,128,,Aggregated,2.100000,0.000000,16000,25000,28000,29000,32000,33000,33000,33000,33000,33000,33000,177,0,650,5786.530154186142,52.67204201663844,32951.0881669994,11375.677966101695
1777158623,128,GET,bulk_update_departures,0.100000,0.000000,29000,29000,29000,29000,29000,29000,29000,29000,29000,29000,29000,2,0,18371.793250000337,23800.742542007356,18371.793250000337,29229.691834014375,109.0
1777158623,128,GET,large_scan,0.400000,0.000000,33000,33000,36000,36000,37000,37000,37000,37000,37000,37000,37000,8,0,29000,25600.946104375907,4054.162999993423,37455.06720902631,332472.75
1777158623,128,GET,next_departures,0.400000,0.000000,32000,32000,34000,34000,34000,34000,34000,34000,34000,34000,34000,11,0,17000,19675.279310631926,4237.405457999557,34171.730292000575,85.63636363636364
1777158623,128,GET,point_read,0.900000,0.000000,150,150,230,230,280,390,390,390,390,390,390,145,0,220,2751.84626635164,52.67204201663844,13677.885374985635,81.34482758620689
1777158623,128,GET,trips_per_route,0.800000,0.000000,16000,16000,25000,25000,26000,26000,26000,26000,26000,26000,26000,17,0,15000,16219.494581001687,10021.795458014822,25786.96612501517,371.7647058823529
1777158623,128,,Aggregated,2.600000,0.000000,16000,28000,32000,33000,34000,36000,37000,37000,37000,37000,37000,183,0,650,6249.105152098305,52.67204201663844,37455.06720902631,14639.655737704918
1777158624,128,GET,bulk_update_departures,0.100000,0.000000,29000,29000,29000,29000,29000,29000,29000,29000,29000,29000,29000,2,0,18371.793250000337,23800.742542007356,18371.793250000337,29229.691834014375,109.0
1777158624,128,GET,large_scan,0.400000,0.000000,34000,36000,37000,37000,38000,38000,38000,38000,38000,38000,38000,10,0,33000,27688.31535439822,4054.162999993423,37981.60620898125,332472.8
1777158624,128,GET,next_departures,0.400000,0.000000,32000,34000,34000,37000,37000,37000,37000,37000,37000,37000,37000,12,0,17000,21148.20558333061,4237.405457999557,37350.39458301617,85.66666666666667
1777158624,128,GET,point_read,1.000000,0.000000,120,150,150,230,280,390,390,390,390,390,390,147,0,220,2715.3719512177126,52.67204201663844,13677.885374985635,81.3265306122449
1777158624,128,GET,trips_per_route,0.500000,0.000000,16000,16000,25000,25000,26000,26000,26000,26000,26000,26000,26000,17,0,15000,16219.494581001687,10021.795458014822,25786.96612501517,371.7647058823529
1777158624,128,,Aggregated,2.400000,0.000000,16000,29000,33000,34000,37000,37000,38000,38000,38000,38000,38000,188,0,650,6665.713778372323,52.67204201663844,37981.60620898125,17788.558510638297
1777158625,128,GET,bulk_update_departures,0.100000,0.000000,38000,38000,38000,38000,38000,38000,38000,38000,38000,38000,38000,3,0,29000,28395.360764339177,18371.793250000337,37584.59720900282,109.0
1777158625,128,GET,large_scan,0.400000,0.000000,34000,36000,37000,37000,38000,38000,38000,38000,38000,38000,38000,10,0,33000,27688.31535439822,4054.162999993423,37981.60620898125,332472.8
1777158625,128,GET,next_departures,0.400000,0.000000,37000,39000,39000,39000,40000,40000,40000,40000,40000,40000,40000,15,0,25000,24770.99965273131,4237.405457999557,39762.65049999347,85.8
1777158625,128,GET,point_read,1.000000,0.000000,120,150,150,230,280,390,390,390,390,390,390,148,0,220,2697.43615931755,52.67204201663844,13677.885374985635,81.32432432432432
1777158625,128,GET,trips_per_route,0.500000,0.000000,16000,16000,16000,16000,16000,16000,16000,16000,16000,16000,16000,17,0,15000,16219.494581001687,10021.795458014822,25786.96612501517,371.7647058823529
1777158625,128,,Aggregated,2.400000,0.000000,25000,33000,36000,37000,38000,39000,40000,40000,40000,40000,40000,193,0,650,7298.374041885987,52.67204201663844,39762.65049999347,17330.041450777204
1777158626,128,GET,bulk_update_departures,0.100000,0.000000,38000,38000,39000,39000,39000,39000,39000,39000,39000,39000,39000,4,0,29000,31115.240292005183,18371.793250000337,39274.878875003196,109.0
1777158626,128,GET,large_scan,0.600000,0.000000,36000,37000,38000,38000,38000,38000,38000,38000,38000,38000,38000,11,0,33000,28659.126178178914,4054.162999993423,38367.23441598588,332472.9090909091
1777158626,128,GET,next_departures,0.500000,0.000000,39000,40000,40000,40000,40000,41000,41000,41000,41000,41000,41000,19,0,28000,26544.623030577848,4237.405457999557,40547.198666026816,85.63157894736842
1777158626,128,GET,point_read,1.300000,0.000000,74,120,150,150,280,390,390,390,390,390,390,154,0,210,2594.870664474332,52.67204201663844,13677.885374985635,81.33116883116882
1777158626,128,GET,trips_per_route,0.200000,0.000000,12000,12000,16000,16000,16000,16000,16000,16000,16000,16000,16000,18,0,14000,15987.664525557193,10021.795458014822,25786.96612501517,371.5
1777158626,128,,Aggregated,2.700000,0.000000,13000,34000,37000,38000,39000,40000,41000,41000,41000,41000,41000,206,0,650,7919.6467499905075,52.67204201663844,40547.198666026816,17856.68446601942
1777158627,128,GET,bulk_update_departures,0.200000,0.000000,35000,38000,38000,39000,39000,39000,39000,39000,39000,39000,39000,6,0,29000,31476.090590508345,18371.793250000337,39274.878875003196,108.0
1777158627,128,GET,large_scan,0.800000,0.000000,36000,37000,38000,38000,38000,39000,39000,39000,39000,39000,39000,15,0,34000,30612.528713930322,4054.162999993423,39183.63445799332,332472.6666666667
1777158627,128,GET,next_departures,0.700000,0.000000,39000,40000,40000,40000,40000,41000,41000,41000,41000,41000,41000,20,0,28000,27195.75844984938,4237.405457999557,40547.198666026816,85.65
1777158627,128,GET,point_read,1.400000,0.000000,79,100,120,120,150,230,390,390,390,390,390,160,0,180,2501.0939661191514,52.67204201663844,13677.885374985635,81.33125
1777158627,128,GET,trips_per_route,0.200000,0.000000,12000,12000,16000,16000,16000,16000,16000,16000,16000,16000,16000,18,0,14000,15987.664525557193,10021.795458014822,25786.96612501517,371.5
1777158627,128,,Aggregated,3.300000,0.000000,13000,35000,37000,38000,39000,40000,40000,41000,41000,41000,41000,219,0,650,8584.075978484412,52.67204201663844,40547.198666026816,22872.835616438355
1777158628,128,GET,bulk_update_departures,0.200000,0.000000,35000,38000,38000,39000,39000,39000,39000,39000,39000,39000,39000,6,0,29000,31476.090590508345,18371.793250000337,39274.878875003196,108.0
1777158628,128,GET,large_scan,0.900000,0.000000,37000,37000,38000,38000,39000,39000,39000,39000,39000,39000,39000,15,0,34000,30612.528713930322,4054.162999993423,39183.63445799332,332472.6666666667
1777158628,128,GET,next_departures,1.100000,0.000000,39000,40000,40000,40000,41000,42000,42000,42000,42000,42000,42000,22,0,32000,28327.353721454114,4237.405457999557,41646.8401250022,85.5
1777158628,128,GET,point_read,1.800000,0.000000,79,100,110,120,150,230,390,390,390,390,390,166,0,180,2413.436580807881,52.67204201663844,13677.885374985635,81.3433734939759
1777158628,128,GET,trips_per_route,0.200000,0.000000,12000,12000,16000,16000,16000,16000,16000,16000,16000,16000,16000,18,0,14000,15987.664525557193,10021.795458014822,25786.96612501517,371.5
1777158628,128,,Aggregated,4.200000,0.000000,12000,35000,38000,38000,40000,40000,41000,42000,42000,42000,42000,227,0,650,8632.840044044638,52.67204201663844,41646.8401250022,22069.64317180617
1777158629,128,GET,bulk_update_departures,0.300000,0.000000,35000,38000,38000,39000,39000,39000,39000,39000,39000,39000,39000,7,0,29000,31176.716363290325,18371.793250000337,39274.878875003196,108.14285714285714
1777158629,128,GET,large_scan,1.000000,0.000000,37000,38000,38000,38000,39000,41000,41000,41000,41000,41000,41000,16,0,34000,31277.982690184217,4054.162999993423,41259.792333992664,332472.375
1777158629,128,GET,next_departures,1.200000,0.000000,40000,40000,41000,42000,43000,44000,44000,44000,44000,44000,44000,27,0,37000,30453.50891188826,4237.405457999557,43530.591499991715,85.48148148148148
1777158629,128,GET,point_read,2.600000,0.000000,77,91,100,100,120,150,230,230,230,230,230,172,0,170,2331.793854884339,50.48712500138208,13677.885374985635,81.3546511627907
1777158629,128,GET,trips_per_route,0.300000,0.000000,12000,12000,12000,12000,12000,12000,12000,12000,12000,12000,12000,18,0,14000,15987.664525557193,10021.795458014822,25786.96612501517,371.5
1777158629,128,,Aggregated,5.400000,0.000000,12000,36000,38000,39000,40000,42000,43000,44000,44000,44000,44000,240,0,650,9290.733261279576,50.48712500138208,43530.591499991715,22263.7625
1777158630,128,GET,bulk_update_departures,0.400000,0.000000,38000,38000,39000,39000,43000,43000,43000,43000,43000,43000,43000,8,0,29000,32677.122916877124,18371.793250000337,43179.96879198472,107.375
1777158630,128,GET,large_scan,1.100000,0.000000,37000,37000,38000,38000,39000,41000,41000,41000,41000,41000,41000,18,0,33000,30228.219273220424,4054.162999993423,41259.792333992664,332472.55555555556
1777158630,128,GET,next_departures,1.300000,0.000000,40000,40000,42000,42000,43000,44000,44000,44000,44000,44000,44000,28,0,37000,30917.685775142414,4237.405457999557,43530.591499991715,85.5
1777158630,128,GET,point_read,2.700000,0.000000,79,91,100,100,130,180,230,230,230,230,230,177,0,170,2268.6961054524713,50.48712500138208,13677.885374985635,81.35593220338983
1777158630,128,GET,trips_per_route,0.200000,0.000000,12000,12000,12000,12000,12000,12000,12000,12000,12000,12000,12000,18,0,14000,15987.664525557193,10021.795458014822,25786.96612501517,371.5
1777158630,128,,Aggregated,5.700000,0.000000,12000,35000,38000,39000,41000,43000,43000,44000,44000,44000,44000,249,0,650,9480.149815590721,50.48712500138208,43530.591499991715,24131.911646586344
1777158631,128,GET,bulk_update_departures,0.400000,0.000000,38000,38000,39000,39000,43000,43000,43000,43000,43000,43000,43000,8,0,29000,32677.122916877124,18371.793250000337,43179.96879198472,107.375
1777158631,128,GET,large_scan,1.100000,0.000000,37000,37000,38000,38000,39000,41000,41000,41000,41000,41000,41000,18,0,33000,30228.219273220424,4054.162999993423,41259.792333992664,332472.55555555556
1777158631,128,GET,next_departures,1.300000,0.000000,40000,40000,42000,42000,43000,44000,44000,44000,44000,44000,44000,29,0,37000,31119.683965378248,4237.405457999557,43530.591499991715,85.51724137931035
1777158631,128,GET,point_read,2.700000,0.000000,77,91,98,100,120,180,690,690,690,690,690,178,0,170,2259.8099679217853,50.48712500138208,13677.885374985635,81.34831460674157
1777158631,128,GET,trips_per_route,0.200000,0.000000,12000,12000,12000,12000,12000,12000,12000,12000,12000,12000,12000,18,0,14000,15987.664525557193,10021.795458014822,25786.96612501517,371.5
1777158631,128,,Aggregated,5.700000,0.000000,13000,36000,38000,39000,41000,43000,43000,44000,44000,44000,44000,251,0,650,9553.864147406619,50.48712500138208,43530.591499991715,23940.28685258964
1777158632,128,GET,bulk_update_departures,0.500000,0.000000,38000,38000,39000,39000,43000,43000,43000,43000,43000,43000,43000,8,0,29000,32677.122916877124,18371.793250000337,43179.96879198472,107.375
1777158632,128,GET,large_scan,1.100000,0.000000,37000,38000,38000,39000,41000,43000,43000,43000,43000,43000,43000,19,0,34000,30889.581311471135,4054.162999993423,42794.09799998393,332472.3157894737
1777158632,128,GET,next_departures,1.800000,0.000000,40000,40000,42000,42000,43000,44000,44000,44000,44000,44000,44000,29,0,37000,31119.683965378248,4237.405457999557,43530.591499991715,85.51724137931035
1777158632,128,GET,point_read,2.900000,0.000000,76,83,91,98,110,180,690,690,690,690,690,178,0,170,2259.8099679217853,50.48712500138208,13677.885374985635,81.34831460674157
1777158632,128,GET,trips_per_route,0.200000,0.000000,12000,12000,12000,12000,12000,12000,12000,12000,12000,12000,12000,18,0,14000,15987.664525557193,10021.795458014822,25786.96612501517,371.5
1777158632,128,,Aggregated,6.500000,0.000000,13000,37000,38000,39000,42000,43000,43000,44000,44000,44000,44000,252,0,650,9685.7698372978,50.48712500138208,43530.591499991715,25164.603174603173
1777158633,128,GET,bulk_update_departures,0.600000,0.000000,37000,38000,39000,39000,43000,43000,43000,43000,43000,43000,43000,9,0,35000,33115.35479644792,18371.793250000337,43179.96879198472,106.88888888888889
1777158633,128,GET,large_scan,1.200000,0.000000,37000,38000,39000,39000,41000,43000,43000,43000,43000,43000,43000,19,0,34000,30889.581311471135,4054.162999993423,42794.09799998393,332472.3157894737
1777158633,128,GET,next_departures,1.800000,0.000000,40000,41000,42000,43000,44000,44000,44000,44000,44000,44000,44000,30,0,37000,31554.408998498304,4237.405457999557,44161.43495897995,85.36666666666666
1777158633,128,GET,point_read,3.500000,0.000000,77,91,98,100,180,330,690,690,690,690,690,180,0,170,2238.0507805447755,50.48712500138208,13677.885374985635,81.35555555555555
1777158633,128,GET,trips_per_route,0.200000,0.000000,12000,12000,12000,12000,12000,12000,12000,12000,12000,12000,12000,18,0,14000,15987.664525557193,10021.795458014822,25786.96612501517,371.5
1777158633,128,,Aggregated,7.300000,0.000000,15000,37000,39000,40000,42000,43000,44000,44000,44000,44000,44000,256,0,650,9852.342226558678,50.48712500138208,44161.43495897995,24772.765625
1777158634,128,GET,bulk_update_departures,0.600000,0.000000,37000,37000,39000,39000,43000,43000,43000,43000,43000,43000,43000,9,0,35000,33115.35479644792,18371.793250000337,43179.96879198472,106.88888888888889
1777158634,128,GET,large_scan,1.300000,0.000000,38000,39000,41000,43000,47000,47000,47000,47000,47000,47000,47000,20,0,34000,31694.729758397443,4054.162999993423,46992.55024999729,332472.35
1777158634,128,GET,next_departures,1.900000,0.000000,40000,42000,43000,43000,44000,44000,44000,44000,44000,44000,44000,30,0,37000,31554.408998498304,4237.405457999557,44161.43495897995,85.36666666666666
1777158634,128,GET,point_read,3.500000,0.000000,80,98,100,130,270,330,690,690,690,690,690,183,0,170,2204.7947998526965,50.48712500138208,13677.885374985635,81.36612021857924
1777158634,128,GET,trips_per_route,0.200000,0.000000,12000,12000,12000,12000,12000,12000,12000,12000,12000,12000,12000,18,0,14000,15987.664525557193,10021.795458014822,25786.96612501517,371.5
1777158634,128,,Aggregated,7.500000,0.000000,330,35000,38000,40000,43000,43000,44000,47000,47000,47000,47000,260,0,650,9883.924877400012,50.48712500138208,46992.55024999729,25671.334615384614
1777158635,128,GET,bulk_update_departures,0.700000,0.000000,35000,37000,37000,43000,43000,43000,43000,43000,43000,43000,43000,9,0,35000,33115.35479644792,18371.793250000337,43179.96879198472,106.88888888888889
1777158635,128,GET,large_scan,1.100000,0.000000,37000,39000,41000,43000,47000,47000,47000,47000,47000,47000,47000,20,0,34000,31694.729758397443,4054.162999993423,46992.55024999729,332472.35
1777158635,128,GET,next_departures,1.900000,0.000000,42000,43000,43000,44000,44000,45000,45000,45000,45000,45000,45000,34,0,38000,32819.5791592349,4237.405457999557,44750.02570901415,85.3529411764706
1777158635,128,GET,point_read,3.500000,0.000000,81,98,110,130,270,330,690,690,690,690,690,184,0,170,2193.181871364251,50.48712500138208,13677.885374985635,81.36413043478261
1777158635,128,GET,trips_per_route,0.100000,0.000000,12000,12000,12000,12000,12000,12000,12000,12000,12000,12000,12000,18,0,14000,15987.664525557193,10021.795458014822,25786.96612501517,371.5
1777158635,128,,Aggregated,7.300000,0.000000,690,35000,39000,41000,43000,44000,45000,47000,47000,47000,47000,265,0,650,10336.309077513277,50.48712500138208,46992.55024999729,25188.562264150944
1777158636,128,GET,bulk_update_departures,0.700000,0.000000,37000,43000,43000,46000,46000,46000,46000,46000,46000,46000,46000,10,0,35000,34451.07068340294,18371.793250000337,46472.51366599812,107.1
1777158636,128,GET,large_scan,1.100000,0.000000,41000,43000,47000,47000,47000,47000,47000,47000,47000,47000,47000,21,0,35000,32423.841240140886,4054.162999993423,47006.070875009755,332472.14285714284
1777158636,128,GET,next_departures,1.800000,0.000000,43000,43000,44000,45000,47000,47000,47000,47000,47000,47000,47000,39,0,39000,34152.71698712679,4237.405457999557,47152.45608400437,85.2051282051282
1777158636,128,GET,point_read,3.600000,0.000000,81,100,120,180,310,330,690,690,690,690,690,186,0,170,2170.510199806598,50.48712500138208,13677.885374985635,81.36559139784946
1777158636,128,GET,trips_per_route,0.100000,0.000000,12000,12000,12000,12000,12000,12000,12000,12000,12000,12000,12000,18,0,14000,15987.664525557193,10021.795458014822,25786.96612501517,371.5
1777158636,128,,Aggregated,7.300000,0.000000,29000,39000,43000,43000,45000,47000,47000,47000,47000,47000,47000,274,0,650,11127.226985397772,50.48712500138208,47152.45608400437,25577.116788321167
1777158637,128,GET,bulk_update_departures,0.600000,0.000000,37000,43000,43000,46000,46000,46000,46000,46000,46000,46000,46000,11,0,35000,34527.44051900332,18371.793250000337,46472.51366599812,107.27272727272727
1777158637,128,GET,large_scan,1.000000,0.000000,43000,47000,47000,47000,48000,48000,48000,48000,48000,48000,48000,23,0,36000,33263.43227904189,4054.162999993423,47771.134125010576,332472.3043478261
1777158637,128,GET,next_departures,1.900000,0.000000,43000,44000,45000,45000,50000,50000,51000,51000,51000,51000,51000,48,0,40000,35756.03310064495,4237.405457999557,50568.65687499521,84.77083333333333
1777158637,128,GET,point_read,3.500000,0.000000,91,110,180,210,310,330,690,690,690,690,690,188,0,170,2148.7729962234957,50.48712500138208,13677.885374985635,81.36170212765957
1777158637,128,GET,trips_per_route,0.100000,0.000000,12000,12000,12000,12000,12000,12000,12000,12000,12000,12000,12000,18,0,14000,15987.664525557193,10021.795458014822,25786.96612501517,371.5
1777158637,128,,Aggregated,7.100000,0.000000,36000,43000,43000,44000,47000,48000,50000,51000,51000,51000,51000,288,0,690,12336.450214263907,50.48712500138208,50568.65687499521,26646.163194444445
1777158638,128,GET,bulk_update_departures,0.600000,0.000000,37000,43000,43000,46000,46000,46000,46000,46000,46000,46000,46000,12,0,35000,34552.336201420985,18371.793250000337,46472.51366599812,106.91666666666667
1777158638,128,GET,large_scan,0.900000,0.000000,40000,43000,47000,47000,48000,48000,48000,48000,48000,48000,48000,26,0,36000,33800.39032696088,4054.162999993423,47771.134125010576,332472.0
1777158638,128,GET,next_departures,1.500000,0.000000,44000,45000,47000,49000,50000,51000,51000,51000,51000,51000,51000,51,0,40000,35788.30890352815,4237.405457999557,50670.698332978645,84.86274509803921
1777158638,128,GET,point_read,3.400000,0.000000,100,180,210,270,330,690,780,780,780,780,780,193,0,170,2099.4808279326817,50.48712500138208,13677.885374985635,81.3678756476684
1777158638,128,GET,trips_per_route,0.100000,0.000000,12000,12000,12000,12000,12000,12000,12000,12000,12000,12000,12000,18,0,14000,15987.664525557193,10021.795458014822,25786.96612501517,371.5
1777158638,128,,Aggregated,6.500000,0.000000,36000,43000,44000,45000,47000,50000,51000,51000,51000,51000,51000,300,0,780,12705.39899416336,50.48712500138208,50670.698332978645,28907.58
1777158639,128,GET,bulk_update_departures,0.500000,0.000000,37000,37000,43000,43000,46000,46000,46000,46000,46000,46000,46000,13,0,35000,34720.94984615866,18371.793250000337,46472.51366599812,106.61538461538461
1777158639,128,GET,large_scan,0.900000,0.000000,40000,43000,47000,47000,48000,48000,48000,48000,48000,48000,48000,26,0,36000,33800.39032696088,4054.162999993423,47771.134125010576,332472.0
1777158639,128,GET,next_departures,2.800000,0.000000,44000,47000,48000,49000,51000,51000,51000,51000,51000,51000,51000,54,0,40000,36455.62083403584,4237.405457999557,50861.96183299762,84.75925925925925
1777158639,128,GET,point_read,2.700000,0.000000,120,180,270,310,690,780,910,910,910,910,910,197,0,170,2062.6394583249457,50.48712500138208,13677.885374985635,81.35532994923858
1777158639,128,GET,trips_per_route,0.000000,0.000000,13000,13000,13000,13000,13000,13000,13000,13000,13000,13000,13000,19,0,14000,15821.784100950217,10021.795458014822,25786.96612501517,371.57894736842104
1777158639,128,,Aggregated,6.900000,0.000000,37000,43000,44000,46000,48000,50000,51000,51000,51000,51000,51000,309,0,910,12963.559523453237,50.48712500138208,50861.96183299762,28069.003236245953
1777158640,128,GET,bulk_update_departures,0.600000,0.000000,37000,37000,37000,46000,46000,46000,46000,46000,46000,46000,46000,13,0,35000,34720.94984615866,18371.793250000337,46472.51366599812,106.61538461538461
1777158640,128,GET,large_scan,1.000000,0.000000,43000,47000,47000,47000,48000,48000,48000,48000,48000,48000,48000,26,0,36000,33800.39032696088,4054.162999993423,47771.134125010576,332472.0
1777158640,128,GET,next_departures,2.900000,0.000000,44000,47000,49000,50000,51000,51000,54000,54000,54000,54000,54000,55,0,40000,36768.841180235504,4237.405457999557,53682.73987501743,84.8
1777158640,128,GET,point_read,2.900000,0.000000,120,190,290,310,780,910,1300,1300,1300,1300,1300,204,0,160,2001.8751094658178,50.48712500138208,13677.885374985635,81.37254901960785
1777158640,128,GET,trips_per_route,0.000000,0.000000,13000,13000,13000,13000,13000,13000,13000,13000,13000,13000,13000,19,0,14000,15821.784100950217,10021.795458014822,25786.96612501517,371.57894736842104
1777158640,128,,Aggregated,7.400000,0.000000,36000,43000,44000,46000,49000,51000,51000,54000,54000,54000,54000,317,0,780,12812.19300209174,50.48712500138208,53682.73987501743,27362.719242902207
1777158641,128,GET,bulk_update_departures,0.600000,0.000000,37000,37000,37000,46000,46000,46000,46000,46000,46000,46000,46000,13,0,35000,34720.94984615866,18371.793250000337,46472.51366599812,106.61538461538461
1777158641,128,GET,large_scan,1.000000,0.000000,40000,43000,47000,47000,48000,48000,48000,48000,48000,48000,48000,27,0,36000,33936.44835959249,4054.162999993423,47771.134125010576,332472.0740740741
1777158641,128,GET,next_departures,2.700000,0.000000,44000,48000,50000,51000,54000,54000,54000,54000,54000,54000,54000,58,0,41000,37444.521634274955,4237.405457999557,53883.82499999716,84.79310344827586
1777158641,128,GET,point_read,2.600000,0.000000,100,180,270,290,780,910,1300,1300,1300,1300,1300,205,0,160,1992.7959284439921,50.48712500138208,13677.885374985635,81.37073170731708
1777158641,128,GET,trips_per_route,0.100000,0.000000,13000,13000,14000,14000,14000,14000,14000,14000,14000,14000,14000,20,0,14000,15744.872356302221,10021.795458014822,25786.96612501517,371.65
1777158641,128,,Aggregated,7.000000,0.000000,36000,43000,45000,47000,50000,51000,54000,54000,54000,54000,54000,323,0,910,13197.706876018803,50.48712500138208,53883.82499999716,27885.95665634675
1777158642,128,GET,bulk_update_departures,0.500000,0.000000,37000,37000,37000,46000,46000,46000,46000,46000,46000,46000,46000,13,0,35000,34720.94984615866,18371.793250000337,46472.51366599812,106.61538461538461
1777158642,128,GET,large_scan,0.800000,0.000000,40000,47000,47000,47000,48000,48000,48000,48000,48000,48000,48000,27,0,36000,33936.44835959249,4054.162999993423,47771.134125010576,332472.0740740741
1777158642,128,GET,next_departures,2.700000,0.000000,44000,47000,50000,50000,51000,54000,54000,54000,54000,54000,54000,60,0,41000,37245.57424091568,4237.405457999557,53883.82499999716,84.83333333333333
1777158642,128,GET,point_read,2.700000,0.000000,120,200,220,290,780,910,1300,1300,1300,1300,1300,209,0,170,1959.257953932969,50.48712500138208,13677.885374985635,81.36363636363636
1777158642,128,GET,trips_per_route,0.100000,0.000000,14000,14000,14000,14000,14000,14000,14000,14000,14000,14000,14000,20,0,14000,15744.872356302221,10021.795458014822,25786.96612501517,371.65
1777158642,128,,Aggregated,6.800000,0.000000,35000,42000,44000,47000,50000,51000,54000,54000,54000,54000,54000,329,0,870,13151.286527848142,50.48712500138208,53883.82499999716,27378.90577507599
1777158643,128,GET,bulk_update_departures,0.500000,0.000000,37000,37000,46000,46000,46000,46000,46000,46000,46000,46000,46000,13,0,35000,34720.94984615866,18371.793250000337,46472.51366599812,106.61538461538461
1777158643,128,GET,large_scan,0.900000,0.000000,40000,40000,47000,47000,48000,48000,48000,48000,48000,48000,48000,29,0,37000,34345.64753882748,4054.162999993423,47771.134125010576,332472.1379310345
1777158643,128,GET,next_departures,2.900000,0.000000,44000,48000,50000,51000,54000,54000,55000,55000,55000,55000,55000,61,0,41000,37536.090997900785,4237.405457999557,54967.09641700727,84.77049180327869
1777158643,128,GET,point_read,2.600000,0.000000,120,200,220,290,780,910,1300,1300,1300,1300,1300,209,0,170,1959.257953932969,50.48712500138208,13677.885374985635,81.36363636363636
1777158643,128,GET,trips_per_route,0.200000,0.000000,14000,14000,14000,14000,14000,14000,14000,14000,14000,14000,14000,20,0,14000,15744.872356302221,10021.795458014822,25786.96612501517,371.65
1777158643,128,,Aggregated,7.100000,0.000000,37000,43000,45000,47000,50000,54000,54000,55000,55000,55000,55000,332,0,910,13438.192882518208,50.48712500138208,54967.09641700727,29134.599397590362
1777158644,128,GET,bulk_update_departures,0.500000,0.000000,37000,37000,46000,46000,46000,46000,46000,46000,46000,46000,46000,13,0,35000,34720.94984615866,18371.793250000337,46472.51366599812,106.61538461538461
1777158644,128,GET,large_scan,0.800000,0.000000,40000,40000,47000,47000,48000,48000,48000,48000,48000,48000,48000,29,0,37000,34345.64753882748,4054.162999993423,47771.134125010576,332472.1379310345
1777158644,128,GET,next_departures,3.000000,0.000000,45000,49000,51000,51000,54000,55000,57000,57000,57000,57000,57000,64,0,41000,38122.83199540569,4237.405457999557,56646.515125001315,84.75
1777158644,128,GET,point_read,3.000000,0.000000,140,180,220,290,780,910,1300,1300,1300,1300,1300,213,0,170,1926.1407642675829,50.48712500138208,13677.885374985635,81.35211267605634
1777158644,128,GET,trips_per_route,0.200000,0.000000,14000,14000,14000,14000,14000,14000,14000,14000,14000,14000,14000,20,0,14000,15744.872356302221,10021.795458014822,25786.96612501517,371.65
1777158644,128,,Aggregated,7.500000,0.000000,35000,42000,45000,47000,51000,54000,55000,57000,57000,57000,57000,339,0,910,13605.966974180132,50.48712500138208,56646.515125001315,28534.699115044248
1777158645,128,GET,bulk_update_departures,0.400000,0.000000,37000,37000,46000,46000,46000,46000,46000,46000,46000,46000,46000,13,0,35000,34720.94984615866,18371.793250000337,46472.51366599812,106.61538461538461
1777158645,128,GET,large_scan,1.000000,0.000000,40000,40000,47000,48000,52000,52000,52000,52000,52000,52000,52000,30,0,37000,34945.01623336595,4054.162999993423,52326.708374981536,332472.1666666667
1777158645,128,GET,next_departures,3.000000,0.000000,45000,50000,51000,54000,55000,55000,57000,57000,57000,57000,57000,71,0,41000,37561.76588552082,4237.405457999557,56646.515125001315,84.69014084507042
1777158645,128,GET,point_read,2.900000,0.000000,170,200,230,290,780,910,1300,1300,1300,1300,1300,215,0,170,1910.2023881674625,50.48712500138208,13677.885374985635,81.35813953488372
1777158645,128,GET,trips_per_route,0.200000,0.000000,14000,14000,14000,14000,14000,14000,14000,14000,14000,14000,14000,20,0,14000,15744.872356302221,10021.795458014822,25786.96612501517,371.65
1777158645,128,,Aggregated,7.500000,0.000000,35000,42000,45000,48000,52000,55000,55000,57000,57000,57000,57000,349,0,4000,14017.762674656358,50.48712500138208,56646.515125001315,28671.888252148998
1777158646,128,GET,bulk_update_departures,0.400000,0.000000,35000,35000,37000,37000,37000,37000,37000,37000,37000,37000,37000,13,0,35000,34720.94984615866,18371.793250000337,46472.51366599812,106.61538461538461
1777158646,128,GET,large_scan,1.000000,0.000000,37000,39000,40000,40000,52000,52000,52000,52000,52000,52000,52000,31,0,37000,34469.1619543216,4054.162999993423,52326.708374981536,332472.1935483871
1777158646,128,GET,next_departures,3.300000,0.000000,46000,51000,54000,54000,55000,55000,57000,57000,57000,57000,57000,75,0,42000,37456.10619718596,4237.405457999557,56646.515125001315,84.70666666666666
1777158646,128,GET,point_read,2.800000,0.000000,140,190,230,290,380,910,1300,1300,1300,1300,1300,221,0,170,1862.7067271718013,50.48712500138208,13677.885374985635,81.3710407239819
1777158646,128,GET,trips_per_route,0.200000,0.000000,14000,14000,14000,14000,14000,14000,14000,14000,14000,14000,14000,20,0,14000,15744.872356302221,10021.795458014822,25786.96612501517,371.65
1777158646,128,,Aggregated,7.700000,0.000000,14000,37000,42000,46000,54000,55000,55000,57000,57000,57000,57000,360,0,1800,14043.555464455538,50.48712500138208,56646.515125001315,28721.647222222222
1777158647,128,GET,bulk_update_departures,0.400000,0.000000,37000,37000,37000,37000,37000,37000,37000,37000,37000,37000,37000,13,0,35000,34720.94984615866,18371.793250000337,46472.51366599812,106.61538461538461
1777158647,128,GET,large_scan,1.000000,0.000000,39000,40000,40000,40000,52000,52000,52000,52000,52000,52000,52000,32,0,37000,34575.50967968655,4054.162999993423,52326.708374981536,332472.0625
1777158647,128,GET,next_departures,3.500000,0.000000,47000,54000,55000,55000,56000,57000,57000,57000,57000,57000,57000,79,0,42000,37832.4329656957,4237.405457999557,57474.73587500281,84.72151898734177
1777158647,128,GET,point_read,3.200000,0.000000,170,200,230,290,380,910,1300,1300,1300,1300,1300,222,0,170,1855.0673427025113,50.48712500138208,13677.885374985635,81.37387387387388
1777158647,128,GET,trips_per_route,0.200000,0.000000,14000,14000,14000,14000,14000,14000,14000,14000,14000,14000,14000,20,0,14000,15744.872356302221,10021.795458014822,25786.96612501517,371.65
1777158647,128,,Aggregated,8.300000,0.000000,17000,40000,45000,48000,55000,55000,57000,57000,57000,57000,57000,366,0,4100,14407.850435098348,50.48712500138208,57474.73587500281,29160.33606557377
1777158648,128,GET,bulk_update_departures,0.300000,0.000000,37000,37000,37000,37000,37000,37000,37000,37000,37000,37000,37000,13,0,35000,34720.94984615866,18371.793250000337,46472.51366599812,106.61538461538461
1777158648,128,GET,large_scan,1.100000,0.000000,39000,40000,40000,40000,52000,52000,52000,52000,52000,52000,52000,33,0,37000,34586.80960351502,4054.162999993423,52326.708374981536,332472.0909090909
1777158648,128,GET,next_departures,4.100000,0.000000,46000,54000,55000,55000,57000,57000,58000,58000,58000,58000,58000,81,0,42000,38180.493566345205,4237.405457999557,57686.350792006124,84.69135802469135
1777158648,128,GET,point_read,3.400000,0.000000,140,190,230,290,310,460,1300,1300,1300,1300,1300,226,0,170,1825.4300591679325,50.48712500138208,13677.885374985635,81.37610619469027
1777158648,128,GET,trips_per_route,0.200000,0.000000,14000,14000,14000,14000,14000,14000,14000,14000,14000,14000,14000,20,0,14000,15744.872356302221,10021.795458014822,25786.96612501517,371.65
1777158648,128,,Aggregated,9.100000,0.000000,16000,39000,45000,47000,55000,56000,57000,58000,58000,58000,58000,373,0,4100,14511.532665651524,50.48712500138208,57686.350792006124,29505.761394101875
1777158649,128,GET,bulk_update_departures,0.300000,0.000000,37000,37000,37000,37000,37000,37000,37000,37000,37000,37000,37000,13,0,35000,34720.94984615866,18371.793250000337,46472.51366599812,106.61538461538461
1777158649,128,GET,large_scan,1.000000,0.000000,38000,39000,40000,40000,52000,52000,52000,52000,52000,52000,52000,34,0,36000,33668.275056352926,3356.6350000037346,52326.708374981536,332472.14705882355
1777158649,128,GET,next_departures,3.000000,0.000000,46000,54000,55000,55000,57000,58000,60000,60000,60000,60000,60000,87,0,42000,38345.06453831023,4237.405457999557,59755.75212499825,84.74712643678161
1777158649,128,GET,point_read,3.500000,0.000000,140,190,220,230,310,380,460,460,460,460,460,229,0,160,1802.2599723315889,50.48712500138208,13677.885374985635,81.37554585152839
1777158649,128,GET,trips_per_route,0.200000,0.000000,14000,14000,14000,14000,14000,14000,14000,14000,14000,14000,14000,20,0,14000,15744.872356302221,10021.795458014822,25786.96612501517,371.65
1777158649,128,,Aggregated,8.000000,0.000000,20000,42000,46000,48000,55000,57000,58000,60000,60000,60000,60000,383,0,4200,14777.361084958306,50.48712500138208,59755.75212499825,29605.430809399477
1777158650,128,GET,bulk_update_departures,0.300000,0.000000,37000,37000,37000,37000,37000,37000,37000,37000,37000,37000,37000,13,0,35000,34720.94984615866,18371.793250000337,46472.51366599812,106.61538461538461
1777158650,128,GET,large_scan,1.000000,0.000000,38000,39000,40000,40000,52000,52000,52000,52000,52000,52000,52000,34,0,36000,33668.275056352926,3356.6350000037346,52326.708374981536,332472.14705882355
1777158650,128,GET,next_departures,3.000000,0.000000,46000,48000,55000,55000,57000,58000,60000,60000,60000,60000,60000,88,0,42000,38431.583880204445,4237.405457999557,59755.75212499825,84.76136363636364
1777158650,128,GET,point_read,3.500000,0.000000,140,190,220,230,310,380,460,460,460,460,460,230,0,150,1794.8125454606034,50.48712500138208,13677.885374985635,81.37826086956522
1777158650,128,GET,trips_per_route,0.200000,0.000000,14000,14000,14000,14000,14000,14000,14000,14000,14000,14000,14000,21,0,14000,15575.77175600177,10021.795458014822,25786.96612501517,371.7142857142857
1777158650,128,,Aggregated,8.000000,0.000000,18000,40000,46000,47000,55000,57000,58000,60000,60000,60000,60000,386,0,4200,14813.396823072615,50.48712500138208,59755.75212499825,29376.73834196891
1777158651,128,GET,bulk_update_departures,0.000000,0.000000,37000,37000,37000,37000,37000,37000,37000,37000,37000,37000,37000,13,0,35000,34720.94984615866,18371.793250000337,46472.51366599812,106.61538461538461
1777158651,128,GET,large_scan,0.800000,0.000000,38000,39000,40000,40000,52000,52000,52000,52000,52000,52000,52000,34,0,36000,33668.275056352926,3356.6350000037346,52326.708374981536,332472.14705882355
1777158651,128,GET,next_departures,3.200000,0.000000,46000,55000,55000,57000,58000,61000,61000,61000,61000,61000,61000,94,0,42000,39345.1780305638,4237.405457999557,61082.431415998144,84.75531914893617
1777158651,128,GET,point_read,3.200000,0.000000,120,170,190,200,300,380,460,460,460,460,460,231,0,150,1787.4711038872601,50.48712500138208,13677.885374985635,81.37662337662337
1777158651,128,GET,trips_per_route,0.100000,0.000000,12000,12000,14000,14000,14000,14000,14000,14000,14000,14000,14000,22,0,13000,15405.476284137958,10021.795458014822,25786.96612501517,371.72727272727275
1777158651,128,,Aggregated,7.300000,0.000000,22000,45000,47000,50000,57000,58000,61000,61000,61000,61000,61000,394,0,4800,15346.108472177799,50.48712500138208,61082.431415998144,28782.695431472082
1777158652,128,GET,bulk_update_departures,0.000000,0.000000,37000,37000,37000,37000,37000,37000,37000,37000,37000,37000,37000,13,0,35000,34720.94984615866,18371.793250000337,46472.51366599812,106.61538461538461
1777158652,128,GET,large_scan,0.800000,0.000000,38000,39000,40000,40000,52000,52000,52000,52000,52000,52000,52000,34,0,36000,33668.275056352926,3356.6350000037346,52326.708374981536,332472.14705882355
1777158652,128,GET,next_departures,3.300000,0.000000,46000,50000,55000,56000,58000,61000,61000,61000,61000,61000,61000,97,0,43000,39549.33385349471,4237.405457999557,61082.431415998144,84.75257731958763
1777158652,128,GET,point_read,2.700000,0.000000,110,140,170,190,300,380,460,460,460,460,460,234,0,150,1765.713185888718,50.48712500138208,13677.885374985635,81.38034188034187
1777158652,128,GET,trips_per_route,0.200000,0.000000,12000,12000,14000,14000,14000,14000,14000,14000,14000,14000,14000,22,0,13000,15405.476284137958,10021.795458014822,25786.96612501517,371.72727272727275
1777158652,128,,Aggregated,7.000000,0.000000,22000,45000,47000,50000,57000,58000,61000,61000,61000,61000,61000,400,0,4800,15461.191118635115,50.48712500138208,61082.431415998144,28352.2025
1777158653,128,GET,bulk_update_departures,0.000000,0.000000,37000,37000,37000,37000,37000,37000,37000,37000,37000,37000,37000,13,0,35000,34720.94984615866,18371.793250000337,46472.51366599812,106.61538461538461
1777158653,128,GET,large_scan,0.800000,0.000000,35000,38000,38000,52000,52000,52000,52000,52000,52000,52000,52000,34,0,36000,33668.275056352926,3356.6350000037346,52326.708374981536,332472.14705882355
1777158653,128,GET,next_departures,3.300000,0.000000,46000,48000,55000,56000,58000,61000,61000,61000,61000,61000,61000,97,0,43000,39549.33385349471,4237.405457999557,61082.431415998144,84.75257731958763
1777158653,128,GET,point_read,2.700000,0.000000,110,130,170,210,300,380,460,460,460,460,460,236,0,150,1752.0719184277539,50.48712500138208,13677.885374985635,81.38135593220339
1777158653,128,GET,trips_per_route,0.200000,0.000000,12000,12000,14000,14000,14000,14000,14000,14000,14000,14000,14000,22,0,13000,15405.476284137958,10021.795458014822,25786.96612501517,371.72727272727275
1777158653,128,,Aggregated,7.000000,0.000000,20000,45000,46000,47000,56000,58000,61000,61000,61000,61000,61000,402,0,4400,15385.046106231433,50.48712500138208,61082.431415998144,28211.55223880597
1777158654,128,GET,bulk_update_departures,0.000000,0.000000,37000,37000,37000,37000,37000,37000,37000,37000,37000,37000,37000,13,0,35000,34720.94984615866,18371.793250000337,46472.51366599812,106.61538461538461
1777158654,128,GET,large_scan,0.700000,0.000000,30000,35000,35000,38000,38000,38000,38000,38000,38000,38000,38000,35,0,36000,33575.0038428573,3356.6350000037346,52326.708374981536,332472.17142857146
1777158654,128,GET,next_departures,3.400000,0.000000,46000,48000,55000,57000,60000,61000,61000,61000,61000,61000,61000,99,0,43000,39653.42719232309,4237.405457999557,61082.431415998144,84.73737373737374
1777158654,128,GET,point_read,2.600000,0.000000,110,110,170,190,310,380,460,460,460,460,460,237,0,150,1745.990413847848,50.48712500138208,13677.885374985635,81.37974683544304
1777158654,128,GET,trips_per_route,0.200000,0.000000,12000,12000,12000,12000,12000,12000,12000,12000,12000,12000,12000,22,0,13000,15405.476284137958,10021.795458014822,25786.96612501517,371.72727272727275
1777158654,128,,Aggregated,6.900000,0.000000,23000,45000,46000,47000,57000,60000,61000,61000,61000,61000,61000,406,0,4800,15529.327539096137,50.48712500138208,61082.431415998144,28753.118226600986
1777158655,128,GET,bulk_update_departures,0.000000,0.000000,37000,37000,37000,37000,37000,37000,37000,37000,37000,37000,37000,13,0,35000,34720.94984615866,18371.793250000337,46472.51366599812,106.61538461538461
1777158655,128,GET,large_scan,0.500000,0.000000,30000,30000,35000,35000,38000,38000,38000,38000,38000,38000,38000,37,0,36000,32796.930252243226,3356.6350000037346,52326.708374981536,332472.2162162162
1777158655,128,GET,next_departures,3.700000,0.000000,46000,49000,56000,58000,60000,61000,61000,61000,61000,61000,61000,100,0,43000,39512.03692247977,4237.405457999557,61082.431415998144,84.7
1777158655,128,GET,point_read,2.700000,0.000000,110,140,210,230,380,460,460,460,460,460,460,239,0,150,1732.932617326114,50.48712500138208,13677.885374985635,81.38075313807532
1777158655,128,GET,trips_per_route,0.200000,0.000000,12000,12000,12000,12000,12000,12000,12000,12000,12000,12000,12000,22,0,13000,15405.476284137958,10021.795458014822,25786.96612501517,371.72727272727275
1777158655,128,,Aggregated,7.100000,0.000000,23000,45000,46000,47000,57000,60000,61000,61000,61000,61000,61000,411,0,4900,15496.724655408801,50.48712500138208,61082.431415998144,30021.79075425791
1777158656,128,GET,bulk_update_departures,0.000000,0.000000,0,0,0,0,0,0,0,0,0,0,0,13,0,35000,34720.94984615866,18371.793250000337,46472.51366599812,106.61538461538461
1777158656,128,GET,large_scan,0.600000,0.000000,21000,30000,30000,35000,35000,35000,35000,35000,35000,35000,35000,37,0,36000,32796.930252243226,3356.6350000037346,52326.708374981536,332472.2162162162
1777158656,128,GET,next_departures,3.600000,0.000000,46000,47000,50000,58000,60000,61000,61000,61000,61000,61000,61000,101,0,43000,39384.41737952453,4237.405457999557,61082.431415998144,84.72277227722772
1777158656,128,GET,point_read,2.600000,0.000000,110,120,190,210,310,460,460,460,460,460,460,240,0,150,1726.4849677080445,50.48712500138208,13677.885374985635,81.37916666666666
1777158656,128,GET,trips_per_route,0.200000,0.000000,12000,12000,12000,12000,12000,12000,12000,12000,12000,12000,12000,22,0,13000,15405.476284137958,10021.795458014822,25786.96612501517,371.72727272727275
1777158656,128,,Aggregated,7.000000,0.000000,22000,42000,46000,46000,58000,60000,61000,61000,61000,61000,61000,413,0,4900,15486.59029822278,50.48712500138208,61082.431415998144,29876.813559322032
1777158657,128,GET,bulk_update_departures,0.000000,0.000000,0,0,0,0,0,0,0,0,0,0,0,13,0,35000,34720.94984615866,18371.793250000337,46472.51366599812,106.61538461538461
1777158657,128,GET,large_scan,0.600000,0.000000,21000,21000,30000,30000,30000,30000,30000,30000,30000,30000,30000,37,0,36000,32796.930252243226,3356.6350000037346,52326.708374981536,332472.2162162162
1777158657,128,GET,next_departures,3.000000,0.000000,46000,47000,49000,50000,60000,61000,61000,61000,61000,61000,61000,102,0,42000,39412.78149876443,4237.405457999557,61082.431415998144,84.73529411764706
1777158657,128,GET,point_read,2.300000,0.000000,89,110,140,190,230,310,310,310,310,310,310,242,0,150,1712.7858114666699,50.48712500138208,13677.885374985635,81.3801652892562
1777158657,128,GET,trips_per_route,0.200000,0.000000,12000,12000,12000,12000,12000,12000,12000,12000,12000,12000,12000,22,0,13000,15405.476284137958,10021.795458014822,25786.96612501517,371.72727272727275
1777158657,128,,Aggregated,6.100000,0.000000,22000,42000,46000,46000,50000,60000,61000,61000,61000,61000,61000,416,0,4800,15476.86808854088,50.48712500138208,61082.431415998144,29661.954326923078
1777158658,128,GET,bulk_update_departures,0.000000,0.000000,37000,37000,37000,37000,37000,37000,37000,37000,37000,37000,37000,15,0,35000,34530.214233337516,18371.793250000337,46472.51366599812,106.53333333333333
1777158658,128,GET,large_scan,0.600000,0.000000,21000,21000,30000,30000,30000,30000,30000,30000,30000,30000,30000,37,0,36000,32796.930252243226,3356.6350000037346,52326.708374981536,332472.2162162162
1777158658,128,GET,next_departures,2.500000,0.000000,45000,46000,47000,50000,61000,61000,61000,61000,61000,61000,61000,104,0,42000,39195.43718468218,4237.405457999557,61082.431415998144,84.75961538461539
1777158658,128,GET,point_read,2.000000,0.000000,99,140,190,210,310,530,530,530,530,530,530,244,0,150,1701.130725413663,50.48712500138208,13677.885374985635,81.37704918032787
1777158658,128,GET,trips_per_route,0.200000,0.000000,12000,12000,12000,12000,12000,12000,12000,12000,12000,12000,12000,22,0,13000,15405.476284137958,10021.795458014822,25786.96612501517,371.72727272727275
1777158658,128,,Aggregated,5.300000,0.000000,21000,42000,43000,45000,47000,58000,61000,61000,61000,61000,61000,422,0,4900,15549.197808748766,50.48712500138208,61082.431415998144,29241.514218009477
1777158659,128,GET,bulk_update_departures,0.000000,0.000000,37000,37000,37000,37000,37000,37000,37000,37000,37000,37000,37000,15,0,35000,34530.214233337516,18371.793250000337,46472.51366599812,106.53333333333333
1777158659,128,GET,large_scan,0.600000,0.000000,21000,21000,30000,30000,30000,30000,30000,30000,30000,30000,30000,37,0,36000,32796.930252243226,3356.6350000037346,52326.708374981536,332472.2162162162
1777158659,128,GET,next_departures,2.500000,0.000000,45000,47000,47000,50000,61000,61000,61000,61000,61000,61000,61000,105,0,42000,39243.97292617084,4237.405457999557,61082.431415998144,84.72380952380952
1777158659,128,GET,point_read,2.000000,0.000000,99,110,190,210,310,530,530,530,530,530,530,245,0,150,1694.497251705794,50.48712500138208,13677.885374985635,81.37959183673469
1777158659,128,GET,trips_per_route,0.200000,0.000000,12000,12000,12000,12000,12000,12000,12000,12000,12000,12000,12000,22,0,13000,15405.476284137958,10021.795458014822,25786.96612501517,371.72727272727275
1777158659,128,,Aggregated,5.300000,0.000000,26000,42000,44000,45000,50000,61000,61000,61000,61000,61000,61000,424,0,4900,15580.493148584801,50.48712500138208,61082.431415998144,29103.966981132075
1777158660,128,GET,bulk_update_departures,0.200000,0.000000,37000,37000,37000,37000,37000,37000,37000,37000,37000,37000,37000,15,0,35000,34530.214233337516,18371.793250000337,46472.51366599812,106.53333333333333
1777158660,128,GET,large_scan,0.400000,0.000000,21000,21000,30000,30000,30000,30000,30000,30000,30000,30000,30000,37,0,36000,32796.930252243226,3356.6350000037346,52326.708374981536,332472.2162162162
1777158660,128,GET,next_departures,2.300000,0.000000,42000,45000,46000,47000,47000,61000,61000,61000,61000,61000,61000,106,0,42000,39088.68951846178,4237.405457999557,61082.431415998144,84.73584905660377
1777158660,128,GET,point_read,1.700000,0.000000,110,150,210,210,310,530,530,530,530,530,530,246,0,150,1688.238025751775,50.48712500138208,13677.885374985635,81.3821138211382
1777158660,128,GET,trips_per_route,0.200000,0.000000,12000,12000,12000,12000,12000,12000,12000,12000,12000,12000,12000,22,0,13000,15405.476284137958,10021.795458014822,25786.96612501517,371.72727272727275
1777158660,128,,Aggregated,4.800000,0.000000,18000,30000,42000,42000,46000,47000,61000,61000,61000,61000,61000,426,0,4900,15561.191911680713,50.48712500138208,61082.431415998144,28967.723004694835
1777158661,128,GET,bulk_update_departures,0.200000,0.000000,37000,37000,37000,37000,37000,37000,37000,37000,37000,37000,37000,15,0,35000,34530.214233337516,18371.793250000337,46472.51366599812,106.53333333333333
1777158661,128,GET,large_scan,0.300000,0.000000,30000,30000,37000,37000,37000,37000,37000,37000,37000,37000,37000,38,0,36000,32898.260838815506,3356.6350000037346,52326.708374981536,332472.1052631579
1777158661,128,GET,next_departures,1.900000,0.000000,42000,44000,46000,46000,47000,61000,61000,61000,61000,61000,61000,108,0,42000,38890.58072875845,4237.405457999557,61082.431415998144,84.76851851851852
1777158661,128,GET,point_read,1.800000,0.000000,140,190,210,230,310,530,530,530,530,530,530,247,0,150,1681.7869382670294,50.48712500138208,13677.885374985635,81.38461538461539
1777158661,128,GET,trips_per_route,0.200000,0.000000,12000,12000,12000,12000,12000,12000,12000,12000,12000,12000,12000,22,0,13000,15405.476284137958,10021.795458014822,25786.96612501517,371.72727272727275
1777158661,128,,Aggregated,4.400000,0.000000,14000,27000,37000,37000,42000,44000,47000,47000,47000,47000,47000,430,0,5100,15633.934176939434,50.48712500138208,61082.431415998144,29472.03023255814
1777158662,128,GET,bulk_update_departures,0.200000,0.000000,37000,37000,37000,37000,37000,37000,37000,37000,37000,37000,37000,15,0,35000,34530.214233337516,18371.793250000337,46472.51366599812,106.53333333333333
1777158662,128,GET,large_scan,0.300000,0.000000,30000,30000,37000,37000,37000,37000,37000,37000,37000,37000,37000,38,0,36000,32898.260838815506,3356.6350000037346,52326.708374981536,332472.1052631579
1777158662,128,GET,next_departures,1.800000,0.000000,42000,43000,44000,44000,44000,47000,47000,47000,47000,47000,47000,112,0,42000,38959.939692320426,4237.405457999557,61082.431415998144,84.83928571428571
1777158662,128,GET,point_read,1.500000,0.000000,140,150,230,230,310,530,530,530,530,530,530,248,0,150,1675.2157698345752,50.48712500138208,13677.885374985635,81.38306451612904
1777158662,128,GET,trips_per_route,0.100000,0.000000,12000,12000,12000,12000,12000,12000,12000,12000,12000,12000,12000,22,0,13000,15405.476284137958,10021.795458014822,25786.96612501517,371.72727272727275
1777158662,128,,Aggregated,3.900000,0.000000,23000,32000,42000,42000,44000,44000,47000,47000,47000,47000,47000,435,0,5600,15829.826115137817,50.48712500138208,61082.431415998144,29134.255172413792
1777158663,128,GET,bulk_update_departures,0.200000,0.000000,37000,37000,37000,37000,37000,37000,37000,37000,37000,37000,37000,15,0,35000,34530.214233337516,18371.793250000337,46472.51366599812,106.53333333333333
1777158663,128,GET,large_scan,0.400000,0.000000,21000,21000,37000,37000,37000,37000,37000,37000,37000,37000,37000,38,0,36000,32898.260838815506,3356.6350000037346,52326.708374981536,332472.1052631579
1777158663,128,GET,next_departures,1.500000,0.000000,42000,42000,43000,44000,44000,47000,47000,47000,47000,47000,47000,115,0,42000,38711.41461374685,4237.405457999557,61082.431415998144,84.89565217391305
1777158663,128,GET,point_read,1.700000,0.000000,76,140,150,190,230,530,530,530,530,530,530,250,0,150,1662.2955311757978,50.48712500138208,13677.885374985635,81.38
1777158663,128,GET,trips_per_route,0.000000,0.000000,15000,15000,15000,15000,15000,15000,15000,15000,15000,15000,15000,23,0,14000,15371.685154045143,10021.795458014822,25786.96612501517,371.7826086956522
1777158663,128,,Aggregated,3.800000,0.000000,21000,29000,37000,42000,43000,44000,44000,44000,44000,44000,44000,441,0,5700,15848.12346324927,50.48712500138208,61082.431415998144,28739.67573696145
1777158664,128,GET,bulk_update_departures,0.200000,0.000000,37000,37000,37000,37000,37000,37000,37000,37000,37000,37000,37000,15,0,35000,34530.214233337516,18371.793250000337,46472.51366599812,106.53333333333333
1777158664,128,GET,large_scan,0.400000,0.000000,37000,37000,37000,37000,37000,37000,37000,37000,37000,37000,37000,38,0,36000,32898.260838815506,3356.6350000037346,52326.708374981536,332472.1052631579
1777158664,128,GET,next_departures,1.400000,0.000000,32000,42000,43000,43000,44000,44000,44000,44000,44000,44000,44000,116,0,42000,38631.85857433515,4237.405457999557,61082.431415998144,84.86206896551724
1777158664,128,GET,point_read,1.500000,0.000000,76,140,150,190,230,530,530,530,530,530,530,252,0,150,1650.245770015837,50.48712500138208,13677.885374985635,81.38095238095238
1777158664,128,GET,trips_per_route,0.000000,0.000000,15000,15000,15000,15000,15000,15000,15000,15000,15000,15000,15000,23,0,14000,15371.685154045143,10021.795458014822,25786.96612501517,371.7826086956522
1777158664,128,,Aggregated,3.500000,0.000000,23000,29000,37000,42000,43000,44000,44000,44000,44000,44000,44000,444,0,5600,15808.093271587746,50.48712500138208,61082.431415998144,28546.038288288288
1777158665,128,GET,bulk_update_departures,0.200000,0.000000,37000,37000,38000,38000,38000,38000,38000,38000,38000,38000,38000,16,0,35000,34742.48466150493,18371.793250000337,46472.51366599812,106.625
1777158665,128,GET,large_scan,0.400000,0.000000,27000,27000,37000,37000,37000,37000,37000,37000,37000,37000,37000,39,0,36000,32735.24366666709,3356.6350000037346,52326.708374981536,332472.1538461539
1777158665,128,GET,next_departures,1.700000,0.000000,35000,42000,43000,43000,44000,44000,44000,44000,44000,44000,44000,118,0,42000,38404.45189828709,4237.405457999557,61082.431415998144,84.89830508474576
1777158665,128,GET,point_read,1.300000,0.000000,76,140,230,280,530,640,640,640,640,640,640,255,0,150,1635.0269411843472,50.48712500138208,13677.885374985635,81.38039215686274
1777158665,128,GET,trips_per_route,0.000000,0.000000,14000,14000,15000,15000,15000,15000,15000,15000,15000,15000,15000,25,0,14000,15257.027298362227,10021.795458014822,25786.96612501517,371.84
1777158665,128,,Aggregated,3.600000,0.000000,15000,29000,37000,38000,43000,44000,44000,44000,44000,44000,44000,453,0,5700,15811.561002302511,50.48712500138208,61082.431415998144,28715.64238410596
1777158666,128,GET,bulk_update_departures,0.200000,0.000000,37000,37000,38000,38000,38000,38000,38000,38000,38000,38000,38000,16,0,35000,34742.48466150493,18371.793250000337,46472.51366599812,106.625
1777158666,128,GET,large_scan,0.300000,0.000000,27000,27000,37000,37000,37000,37000,37000,37000,37000,37000,37000,39,0,36000,32735.24366666709,3356.6350000037346,52326.708374981536,332472.1538461539
1777158666,128,GET,next_departures,1.700000,0.000000,35000,40000,42000,43000,44000,44000,44000,44000,44000,44000,44000,123,0,42000,38021.66618833229,4237.405457999557,61082.431415998144,84.92682926829268
1777158666,128,GET,point_read,1.400000,0.000000,150,230,280,530,790,980,980,980,980,980,980,261,0,150,1606.9963074789268,50.48712500138208,13677.885374985635,81.37547892720306
1777158666,128,GET,trips_per_route,0.100000,0.000000,14000,14000,15000,15000,15000,15000,15000,15000,15000,15000,15000,25,0,14000,15257.027298362227,10021.795458014822,25786.96612501517,371.84
1777158666,128,,Aggregated,3.700000,0.000000,14000,29000,35000,37000,43000,44000,44000,44000,44000,44000,44000,464,0,5700,15754.463184181088,50.48712500138208,61082.431415998144,28036.855603448275
1777158667,128,GET,bulk_update_departures,0.200000,0.000000,37000,37000,38000,38000,38000,38000,38000,38000,38000,38000,38000,16,0,35000,34742.48466150493,18371.793250000337,46472.51366599812,106.625
1777158667,128,GET,large_scan,0.300000,0.000000,37000,39000,39000,40000,40000,40000,40000,40000,40000,40000,40000,42,0,36000,33138.0292460242,3356.6350000037346,52326.708374981536,332472.11904761905
1777158667,128,GET,next_departures,1.900000,0.000000,35000,40000,43000,43000,44000,44000,44000,44000,44000,44000,44000,123,0,42000,38021.66618833229,4237.405457999557,61082.431415998144,84.92682926829268
1777158667,128,GET,point_read,1.600000,0.000000,170,210,230,280,640,790,980,980,980,980,980,263,0,150,1596.250878650179,50.48712500138208,13677.885374985635,81.3764258555133
1777158667,128,GET,trips_per_route,0.300000,0.000000,14000,14000,15000,15000,15000,15000,15000,15000,15000,15000,15000,25,0,14000,15257.027298362227,10021.795458014822,25786.96612501517,371.84
1777158667,128,,Aggregated,4.300000,0.000000,14000,29000,36000,38000,43000,44000,44000,44000,44000,44000,44000,469,0,5700,15832.79656210239,50.48712500138208,61082.431415998144,29864.98720682303
1777158668,128,GET,bulk_update_departures,0.300000,0.000000,37000,37000,38000,38000,38000,38000,38000,38000,38000,38000,38000,16,0,35000,34742.48466150493,18371.793250000337,46472.51366599812,106.625
1777158668,128,GET,large_scan,0.200000,0.000000,37000,39000,39000,40000,40000,40000,40000,40000,40000,40000,40000,42,0,36000,33138.0292460242,3356.6350000037346,52326.708374981536,332472.11904761905
1777158668,128,GET,next_departures,2.100000,0.000000,36000,41000,43000,43000,44000,44000,44000,44000,44000,44000,44000,127,0,42000,38131.86333135348,4237.405457999557,61082.431415998144,84.92125984251969
1777158668,128,GET,point_read,1.900000,0.000000,170,210,280,330,640,790,980,980,980,980,980,266,0,150,1580.221353233109,50.48712500138208,13677.885374985635,81.37218045112782
1777158668,128,GET,trips_per_route,0.300000,0.000000,14000,14000,15000,15000,15000,15000,15000,15000,15000,15000,15000,26,0,14000,15219.012333348823,10021.795458014822,25786.96612501517,371.88461538461536
1777158668,128,,Aggregated,4.800000,0.000000,15000,32000,37000,39000,43000,44000,44000,44000,44000,44000,44000,477,0,6400,15946.450370285254,50.48712500138208,61082.431415998144,29366.109014675054
1777158669,128,GET,bulk_update_departures,0.300000,0.000000,37000,37000,38000,38000,38000,38000,38000,38000,38000,38000,38000,16,0,35000,34742.48466150493,18371.793250000337,46472.51366599812,106.625
1777158669,128,GET,large_scan,0.200000,0.000000,37000,39000,39000,40000,40000,40000,40000,40000,40000,40000,40000,42,0,36000,33138.0292460242,3356.6350000037346,52326.708374981536,332472.11904761905
1777158669,128,GET,next_departures,2.100000,0.000000,36000,41000,43000,43000,44000,44000,44000,44000,44000,44000,44000,127,0,42000,38131.86333135348,4237.405457999557,61082.431415998144,84.92125984251969
1777158669,128,GET,point_read,1.900000,0.000000,170,210,230,280,640,790,980,980,980,980,980,267,0,150,1574.4988651723168,50.48712500138208,13677.885374985635,81.37078651685393
1777158669,128,GET,trips_per_route,0.300000,0.000000,14000,14000,15000,15000,15000,15000,15000,15000,15000,15000,15000,26,0,14000,15219.012333348823,10021.795458014822,25786.96612501517,371.88461538461536
1777158669,128,,Aggregated,4.800000,0.000000,14000,32000,37000,39000,43000,44000,44000,44000,44000,44000,44000,478,0,5700,15913.199045328593,50.48712500138208,61082.431415998144,29304.843096234308
1777158670,128,GET,bulk_update_departures,0.100000,0.000000,37000,37000,38000,38000,38000,38000,38000,38000,38000,38000,38000,16,0,35000,34742.48466150493,18371.793250000337,46472.51366599812,106.625
1777158670,128,GET,large_scan,0.500000,0.000000,37000,39000,39000,40000,40000,40000,40000,40000,40000,40000,40000,42,0,36000,33138.0292460242,3356.6350000037346,52326.708374981536,332472.11904761905
1777158670,128,GET,next_departures,2.400000,0.000000,38000,42000,43000,43000,44000,44000,46000,46000,46000,46000,46000,129,0,42000,37984.53032201458,4237.405457999557,61082.431415998144,84.94573643410853
1777158670,128,GET,point_read,2.200000,0.000000,210,220,230,280,640,790,980,980,980,980,980,269,0,150,1564.4530690854829,50.48712500138208,13677.885374985635,81.37546468401487
1777158670,128,GET,trips_per_route,0.300000,0.000000,14000,14000,15000,15000,15000,15000,15000,15000,15000,15000,15000,26,0,14000,15219.012333348823,10021.795458014822,25786.96612501517,371.88461538461536
1777158670,128,,Aggregated,5.500000,0.000000,14000,32000,38000,40000,43000,44000,44000,46000,46000,46000,46000,482,0,5700,15900.858072008385,50.48712500138208,61082.431415998144,29062.348547717844
1777158671,128,GET,bulk_update_departures,0.100000,0.000000,38000,38000,38000,38000,38000,38000,38000,38000,38000,38000,38000,17,0,35000,34685.205965770256,18371.793250000337,46472.51366599812,106.76470588235294
1777158671,128,GET,large_scan,0.500000,0.000000,37000,37000,39000,39000,40000,40000,40000,40000,40000,40000,40000,43,0,36000,33169.0178740239,3356.6350000037346,52326.708374981536,332472.16279069765
1777158671,128,GET,next_departures,2.200000,0.000000,38000,42000,44000,44000,46000,46000,46000,46000,46000,46000,46000,131,0,42000,38093.53528370131,4237.405457999557,61082.431415998144,84.96946564885496
1777158671,128,GET,point_read,2.200000,0.000000,210,220,230,280,640,790,980,980,980,980,980,269,0,150,1564.4530690854829,50.48712500138208,13677.885374985635,81.37546468401487
1777158671,128,GET,trips_per_route,0.400000,0.000000,14000,14000,15000,15000,15000,15000,15000,15000,15000,15000,15000,26,0,14000,15219.012333348823,10021.795458014822,25786.96612501517,371.88461538461536
1777158671,128,,Aggregated,5.400000,0.000000,15000,34000,38000,39000,43000,44000,46000,46000,46000,46000,46000,486,0,6700,16096.093803327281,50.48712500138208,61082.431415998144,29507.8353909465
1777158672,128,GET,bulk_update_departures,0.100000,0.000000,38000,38000,38000,38000,38000,38000,38000,38000,38000,38000,38000,17,0,35000,34685.205965770256,18371.793250000337,46472.51366599812,106.76470588235294
1777158672,128,GET,large_scan,0.500000,0.000000,37000,39000,39000,40000,40000,40000,40000,40000,40000,40000,40000,43,0,36000,33169.0178740239,3356.6350000037346,52326.708374981536,332472.16279069765
1777158672,128,GET,next_departures,2.200000,0.000000,38000,42000,43000,44000,46000,46000,46000,46000,46000,46000,46000,131,0,42000,38093.53528370131,4237.405457999557,61082.431415998144,84.96946564885496
1777158672,128,GET,point_read,2.200000,0.000000,210,230,280,330,790,980,980,980,980,980,980,269,0,150,1564.4530690854829,50.48712500138208,13677.885374985635,81.37546468401487
1777158672,128,GET,trips_per_route,0.400000,0.000000,14000,14000,15000,15000,15000,15000,15000,15000,15000,15000,15000,26,0,14000,15219.012333348823,10021.795458014822,25786.96612501517,371.88461538461536
1777158672,128,,Aggregated,5.400000,0.000000,14000,34000,38000,39000,43000,44000,46000,46000,46000,46000,46000,486,0,6700,16096.093803327281,50.48712500138208,61082.431415998144,29507.8353909465
1777158673,128,GET,bulk_update_departures,0.200000,0.000000,38000,38000,38000,38000,38000,38000,38000,38000,38000,38000,38000,17,0,35000,34685.205965770256,18371.793250000337,46472.51366599812,106.76470588235294
1777158673,128,GET,large_scan,0.400000,0.000000,37000,37000,39000,39000,40000,40000,40000,40000,40000,40000,40000,45,0,36000,33306.34578333443,3356.6350000037346,52326.708374981536,332472.1111111111
1777158673,128,GET,next_departures,2.300000,0.000000,41000,44000,45000,46000,47000,48000,48000,48000,48000,48000,48000,135,0,42000,38325.595661710024,4237.405457999557,61082.431415998144,84.97037037037038
1777158673,128,GET,point_read,2.200000,0.000000,210,220,230,280,640,790,980,980,980,980,980,272,0,150,1548.3182423419803,50.48712500138208,13677.885374985635,81.375
1777158673,128,GET,trips_per_route,0.400000,0.000000,14000,14000,14000,14000,14000,14000,14000,14000,14000,14000,14000,26,0,14000,15219.012333348823,10021.795458014822,25786.96612501517,371.88461538461536
1777158673,128,,Aggregated,5.500000,0.000000,15000,36000,39000,40000,44000,46000,47000,48000,48000,48000,48000,495,0,7200,16321.669411278965,50.48712500138208,61082.431415998144,30315.826262626262
1777158674,128,GET,bulk_update_departures,0.200000,0.000000,36000,36000,38000,38000,38000,38000,38000,38000,38000,38000,38000,19,0,35000,34753.100717163,18371.793250000337,46472.51366599812,106.94736842105263
1777158674,128,GET,large_scan,0.500000,0.000000,36000,37000,37000,39000,40000,40000,40000,40000,40000,40000,40000,47,0,36000,33405.796517724506,3356.6350000037346,52326.708374981536,332472.1489361702
1777158674,128,GET,next_departures,2.000000,0.000000,44000,44000,46000,46000,48000,48000,48000,48000,48000,48000,48000,136,0,42000,38395.67761701365,4237.405457999557,61082.431415998144,84.94117647058823
1777158674,128,GET,point_read,2.100000,0.000000,150,210,220,230,640,790,980,980,980,980,980,278,0,150,1516.6302239209315,50.48712500138208,13677.885374985635,81.37769784172662
1777158674,128,GET,trips_per_route,0.400000,0.000000,14000,14000,14000,14000,14000,14000,14000,14000,14000,14000,14000,26,0,14000,15219.012333348823,10021.795458014822,25786.96612501517,371.88461538461536
1777158674,128,,Aggregated,5.200000,0.000000,20000,36000,39000,41000,45000,47000,48000,48000,48000,48000,48000,506,0,6700,16342.907171521929,50.48712500138208,61082.431415998144,30972.464426877472
1777158675,128,GET,bulk_update_departures,0.200000,0.000000,36000,36000,38000,38000,38000,38000,38000,38000,38000,38000,38000,19,0,35000,34753.100717163,18371.793250000337,46472.51366599812,106.94736842105263
1777158675,128,GET,large_scan,0.500000,0.000000,37000,37000,39000,39000,40000,40000,40000,40000,40000,40000,40000,47,0,36000,33405.796517724506,3356.6350000037346,52326.708374981536,332472.1489361702
1777158675,128,GET,next_departures,2.000000,0.000000,44000,45000,46000,46000,48000,48000,48000,48000,48000,48000,48000,139,0,42000,38298.40275507823,4237.405457999557,61082.431415998144,84.93525179856115
1777158675,128,GET,point_read,2.000000,0.000000,120,150,200,210,220,220,330,330,330,330,330,280,0,150,1506.7414467286394,50.48712500138208,13677.885374985635,81.375
1777158675,128,GET,trips_per_route,0.400000,0.000000,14000,14000,14000,14000,14000,14000,14000,14000,14000,14000,14000,26,0,14000,15219.012333348823,10021.795458014822,25786.96612501517,371.88461538461536
1777158675,128,,Aggregated,5.100000,0.000000,34000,37000,40000,43000,46000,47000,48000,48000,48000,48000,48000,511,0,7200,16382.468216567733,50.48712500138208,61082.431415998144,30670.221135029355
1777158676,128,GET,bulk_update_departures,0.400000,0.000000,36000,36000,38000,38000,38000,38000,38000,38000,38000,38000,38000,19,0,35000,34753.100717163,18371.793250000337,46472.51366599812,106.94736842105263
1777158676,128,GET,large_scan,0.900000,0.000000,37000,37000,39000,39000,40000,40000,40000,40000,40000,40000,40000,48,0,36000,33524.73276910496,3356.6350000037346,52326.708374981536,332472.1666666667
1777158676,128,GET,next_departures,1.900000,0.000000,44000,45000,46000,46000,48000,48000,48000,48000,48000,48000,48000,142,0,42000,38303.19929165416,4237.405457999557,61082.431415998144,84.95774647887323
1777158676,128,GET,point_read,2.400000,0.000000,94,140,200,220,230,330,330,330,330,330,330,281,0,150,1502.1884384662621,50.48712500138208,13677.885374985635,81.37366548042705
1777158676,128,GET,trips_per_route,0.300000,0.000000,14000,14000,14000,14000,14000,14000,14000,14000,14000,14000,14000,26,0,14000,15219.012333348823,10021.795458014822,25786.96612501517,371.88461538461536
1777158676,128,,Aggregated,5.900000,0.000000,36000,39000,41000,44000,46000,47000,48000,48000,48000,48000,48000,516,0,7700,16523.952825259912,50.48712500138208,61082.431415998144,31018.013565891473
1777158677,128,GET,bulk_update_departures,0.400000,0.000000,35000,35000,36000,36000,36000,36000,36000,36000,36000,36000,36000,19,0,35000,34753.100717163,18371.793250000337,46472.51366599812,106.94736842105263
1777158677,128,GET,large_scan,0.800000,0.000000,37000,37000,39000,39000,40000,40000,40000,40000,40000,40000,40000,48,0,36000,33524.73276910496,3356.6350000037346,52326.708374981536,332472.1666666667
1777158677,128,GET,next_departures,1.800000,0.000000,44000,44000,46000,46000,47000,48000,48000,48000,48000,48000,48000,147,0,42000,38256.619739495916,4237.405457999557,61082.431415998144,84.97278911564626
1777158677,128,GET,point_read,2.500000,0.000000,130,150,180,200,220,230,230,230,230,230,230,285,0,150,1483.698928951012,50.48712500138208,13677.885374985635,81.37543859649122
1777158677,128,GET,trips_per_route,0.100000,0.000000,14000,14000,14000,14000,14000,14000,14000,14000,14000,14000,14000,26,0,14000,15219.012333348823,10021.795458014822,25786.96612501517,371.88461538461536
1777158677,128,,Aggregated,5.600000,0.000000,34000,36000,40000,44000,46000,47000,48000,48000,48000,48000,48000,525,0,7800,16593.843245080272,50.48712500138208,61082.431415998144,30487.710476190477
1777158678,128,GET,bulk_update_departures,0.300000,0.000000,35000,35000,36000,36000,36000,36000,36000,36000,36000,36000,36000,19,0,35000,34753.100717163,18371.793250000337,46472.51366599812,106.94736842105263
1777158678,128,GET,large_scan,0.800000,0.000000,37000,37000,39000,39000,40000,40000,40000,40000,40000,40000,40000,48,0,36000,33524.73276910496,3356.6350000037346,52326.708374981536,332472.1666666667
1777158678,128,GET,next_departures,1.900000,0.000000,41000,45000,46000,46000,47000,48000,48000,48000,48000,48000,48000,150,0,42000,38105.89061831922,4237.405457999557,61082.431415998144,85.00666666666666
1777158678,128,GET,point_read,2.200000,0.000000,180,200,220,230,230,240,640,640,640,640,640,289,0,150,1467.7113998064185,50.48712500138208,13677.885374985635,81.37024221453287
1777158678,128,GET,trips_per_route,0.100000,0.000000,14000,14000,14000,14000,14000,14000,14000,14000,14000,14000,14000,26,0,14000,15219.012333348823,10021.795458014822,25786.96612501517,371.88461538461536
1777158678,128,,Aggregated,5.300000,0.000000,34000,36000,39000,44000,46000,47000,48000,48000,48000,48000,48000,532,0,7700,16551.207884402527,50.48712500138208,61082.431415998144,30087.654135338347
1777158679,128,GET,bulk_update_departures,0.300000,0.000000,35000,35000,36000,36000,36000,36000,36000,36000,36000,36000,36000,19,0,35000,34753.100717163,18371.793250000337,46472.51366599812,106.94736842105263
1777158679,128,GET,large_scan,0.900000,0.000000,36000,37000,39000,39000,39000,39000,39000,39000,39000,39000,39000,49,0,36000,33633.69089116376,3356.6350000037346,52326.708374981536,332472.1836734694
1777158679,128,GET,next_departures,2.200000,0.000000,40000,44000,45000,46000,47000,48000,48000,48000,48000,48000,48000,155,0,42000,37978.78377901209,4237.405457999557,61082.431415998144,84.97419354838709
1777158679,128,GET,point_read,2.000000,0.000000,150,200,220,230,230,240,640,640,640,640,640,290,0,150,1463.1774241449953,50.48712500138208,13677.885374985635,81.37241379310345
1777158679,128,GET,trips_per_route,0.100000,0.000000,14000,14000,14000,14000,14000,14000,14000,14000,14000,14000,14000,26,0,14000,15219.012333348823,10021.795458014822,25786.96612501517,371.88461538461536
1777158679,128,,Aggregated,5.500000,0.000000,35000,36000,39000,42000,46000,47000,48000,48000,48000,48000,48000,539,0,8600,16725.57889927479,50.48712500138208,61082.431415998144,30314.669758812615
1777158680,128,GET,bulk_update_departures,0.300000,0.000000,35000,35000,36000,36000,36000,36000,36000,36000,36000,36000,36000,19,0,35000,34753.100717163,18371.793250000337,46472.51366599812,106.94736842105263
1777158680,128,GET,large_scan,0.600000,0.000000,36000,37000,39000,39000,39000,39000,39000,39000,39000,39000,39000,50,0,36000,33538.68323252071,3356.6350000037346,52326.708374981536,332472.22
1777158680,128,GET,next_departures,2.300000,0.000000,40000,44000,46000,46000,47000,48000,48000,48000,48000,48000,48000,158,0,42000,37908.7987138536,4237.405457999557,61082.431415998144,84.9746835443038
1777158680,128,GET,point_read,2.300000,0.000000,150,180,220,230,230,240,640,640,640,640,640,292,0,150,1453.6258313425717,50.48712500138208,13677.885374985635,81.37328767123287
1777158680,128,GET,trips_per_route,0.100000,0.000000,14000,14000,14000,14000,14000,14000,14000,14000,14000,14000,14000,26,0,14000,15219.012333348823,10021.795458014822,25786.96612501517,371.88461538461536
1777158680,128,,Aggregated,5.600000,0.000000,34000,36000,39000,41000,46000,47000,48000,48000,48000,48000,48000,545,0,8700,16783.461165981837,50.48712500138208,61082.431415998144,30591.74128440367
1777158681,128,GET,bulk_update_departures,0.300000,0.000000,36000,36000,36000,36000,36000,36000,36000,36000,36000,36000,36000,19,0,35000,34753.100717163,18371.793250000337,46472.51366599812,106.94736842105263
1777158681,128,GET,large_scan,0.700000,0.000000,36000,36000,37000,39000,39000,39000,39000,39000,39000,39000,39000,51,0,36000,33433.83386684411,3356.6350000037346,52326.708374981536,332472.137254902
1777158681,128,GET,next_departures,2.600000,0.000000,39000,44000,44000,45000,47000,48000,48000,48000,48000,48000,48000,162,0,42000,37848.66545007967,4237.405457999557,61082.431415998144,85.01851851851852
1777158681,128,GET,point_read,2.200000,0.000000,150,180,200,230,230,240,640,640,640,640,640,292,0,150,1453.6258313425717,50.48712500138208,13677.885374985635,81.37328767123287
1777158681,128,GET,trips_per_route,0.000000,0.000000,14000,14000,14000,14000,14000,14000,14000,14000,14000,14000,14000,26,0,14000,15219.012333348823,10021.795458014822,25786.96612501517,371.88461538461536
1777158681,128,,Aggregated,5.800000,0.000000,33000,36000,39000,42000,45000,47000,48000,48000,48000,48000,48000,550,0,8800,16940.129649394818,50.48712500138208,61082.431415998144,30918.752727272727
1777158682,128,GET,bulk_update_departures,0.300000,0.000000,36000,36000,36000,36000,36000,36000,36000,36000,36000,36000,36000,20,0,35000,34796.85117715417,18371.793250000337,46472.51366599812,106.75
1777158682,128,GET,large_scan,0.800000,0.000000,36000,37000,39000,39000,39000,39000,39000,39000,39000,39000,39000,51,0,36000,33433.83386684411,3356.6350000037346,52326.708374981536,332472.137254902
1777158682,128,GET,next_departures,3.000000,0.000000,39000,42000,44000,45000,46000,47000,48000,48000,48000,48000,48000,164,0,42000,37906.626317048154,4237.405457999557,61082.431415998144,85.03658536585365
1777158682,128,GET,point_read,2.300000,0.000000,140,180,200,230,240,260,640,640,640,640,640,297,0,150,1431.1851031213187,50.28770898934454,13677.885374985635,81.37037037037037
1777158682,128,GET,trips_per_route,0.000000,0.000000,14000,14000,14000,14000,14000,14000,14000,14000,14000,14000,14000,26,0,14000,15219.012333348823,10021.795458014822,25786.96612501517,371.88461538461536
1777158682,128,,Aggregated,6.400000,0.000000,28000,36000,38000,39000,44000,46000,47000,48000,48000,48000,48000,558,0,8800,16914.884521580876,50.28770898934454,61082.431415998144,30476.695340501792
1777158683,128,GET,bulk_update_departures,0.200000,0.000000,36000,36000,36000,36000,36000,36000,36000,36000,36000,36000,36000,20,0,35000,34796.85117715417,18371.793250000337,46472.51366599812,106.75
1777158683,128,GET,large_scan,0.800000,0.000000,36000,37000,39000,39000,39000,39000,39000,39000,39000,39000,39000,51,0,36000,33433.83386684411,3356.6350000037346,52326.708374981536,332472.137254902
1777158683,128,GET,next_departures,3.000000,0.000000,38000,42000,44000,46000,46000,47000,48000,48000,48000,48000,48000,173,0,42000,37954.050531039735,4237.405457999557,61082.431415998144,85.0693641618497
1777158683,128,GET,point_read,2.300000,0.000000,150,200,230,230,620,640,810,810,810,810,810,304,0,150,1404.619659134991,50.28770898934454,13677.885374985635,81.36513157894737
1777158683,128,GET,trips_per_route,0.000000,0.000000,14000,14000,14000,14000,14000,14000,14000,14000,14000,14000,14000,26,0,14000,15219.012333348823,10021.795458014822,25786.96612501517,371.88461538461536
1777158683,128,,Aggregated,6.300000,0.000000,28000,37000,39000,41000,46000,46000,47000,48000,48000,48000,48000,574,0,8800,17055.421584784166,50.28770898934454,61082.431415998144,29629.503484320558
1777158684,128,GET,bulk_update_departures,0.300000,0.000000,36000,36000,36000,36000,36000,36000,36000,36000,36000,36000,36000,20,0,35000,34796.85117715417,18371.793250000337,46472.51366599812,106.75
1777158684,128,GET,large_scan,0.800000,0.000000,39000,39000,39000,39000,39000,39000,39000,39000,39000,39000,39000,51,0,36000,33433.83386684411,3356.6350000037346,52326.708374981536,332472.137254902
1777158684,128,GET,next_departures,3.300000,0.000000,38000,42000,44000,46000,46000,47000,47000,47000,47000,47000,47000,175,0,42000,38047.013228542004,4237.405457999557,61082.431415998144,85.08
1777158684,128,GET,point_read,2.400000,0.000000,150,180,230,230,620,810,930,930,930,930,930,312,0,150,1373.5142480033503,50.28770898934454,13677.885374985635,81.36217948717949
1777158684,128,GET,trips_per_route,0.000000,0.000000,14000,14000,14000,14000,14000,14000,14000,14000,14000,14000,14000,26,0,14000,15219.012333348823,10021.795458014822,25786.96612501517,371.88461538461536
1777158684,128,,Aggregated,6.800000,0.000000,23000,36000,39000,41000,46000,46000,47000,47000,47000,47000,47000,584,0,8600,16923.836698272426,50.28770898934454,61082.431415998144,29123.556506849316
1777158685,128,GET,bulk_update_departures,0.300000,0.000000,36000,36000,36000,36000,36000,36000,36000,36000,36000,36000,36000,20,0,35000,34796.85117715417,18371.793250000337,46472.51366599812,106.75
1777158685,128,GET,large_scan,0.800000,0.000000,39000,39000,39000,39000,39000,39000,39000,39000,39000,39000,39000,51,0,36000,33433.83386684411,3356.6350000037346,52326.708374981536,332472.137254902
1777158685,128,GET,next_departures,3.700000,0.000000,38000,42000,44000,46000,46000,47000,47000,47000,47000,47000,47000,178,0,42000,37722.46388176323,4237.405457999557,61082.431415998144,85.09550561797752
1777158685,128,GET,point_read,2.900000,0.000000,130,160,200,230,620,810,930,930,930,930,930,315,0,150,1361.0130849270342,50.28770898934454,13677.885374985635,81.35873015873015
1777158685,128,GET,trips_per_route,0.000000,0.000000,14000,14000,14000,14000,14000,14000,14000,14000,14000,14000,14000,27,0,14000,15154.189219150727,10021.795458014822,25786.96612501517,371.9259259259259
1777158685,128,,Aggregated,7.700000,0.000000,21000,36000,38000,39000,46000,46000,47000,47000,47000,47000,47000,591,0,8600,16841.866924492508,50.28770898934454,61082.431415998144,28780.086294416244
1777158686,128,GET,bulk_update_departures,0.100000,0.000000,36000,36000,36000,36000,36000,36000,36000,36000,36000,36000,36000,20,0,35000,34796.85117715417,18371.793250000337,46472.51366599812,106.75
1777158686,128,GET,large_scan,0.400000,0.000000,39000,39000,39000,39000,39000,39000,39000,39000,39000,39000,39000,51,0,36000,33433.83386684411,3356.6350000037346,52326.708374981536,332472.137254902
1777158686,128,GET,next_departures,3.900000,0.000000,38000,43000,46000,46000,47000,47000,48000,48000,48000,48000,48000,180,0,42000,37787.819799054894,4237.405457999557,61082.431415998144,85.08333333333333
1777158686,128,GET,point_read,3.300000,0.000000,120,150,200,230,620,810,930,930,930,930,930,319,0,140,1345.3923689938101,50.28770898934454,13677.885374985635,81.35736677115987
1777158686,128,GET,trips_per_route,0.000000,0.000000,13000,13000,13000,13000,13000,13000,13000,13000,13000,13000,13000,27,0,14000,15154.189219150727,10021.795458014822,25786.96612501517,371.9259259259259
1777158686,128,,Aggregated,7.700000,0.000000,13000,35000,38000,39000,46000,47000,47000,48000,48000,48000,48000,597,0,8000,16819.45291324641,50.28770898934454,61082.431415998144,28491.66499162479
1777158687,128,GET,bulk_update_departures,0.100000,0.000000,36000,36000,36000,36000,36000,36000,36000,36000,36000,36000,36000,20,0,35000,34796.85117715417,18371.793250000337,46472.51366599812,106.75
1777158687,128,GET,large_scan,0.400000,0.000000,29000,29000,39000,39000,39000,39000,39000,39000,39000,39000,39000,51,0,36000,33433.83386684411,3356.6350000037346,52326.708374981536,332472.137254902
1777158687,128,GET,next_departures,4.000000,0.000000,39000,43000,46000,46000,46000,47000,48000,48000,48000,48000,48000,181,0,42000,37812.43797534731,4237.405457999557,61082.431415998144,85.08839779005525
1777158687,128,GET,point_read,3.400000,0.000000,120,150,200,200,260,810,930,930,930,930,930,323,0,150,1331.157533281797,50.28770898934454,13677.885374985635,81.3560371517028
1777158687,128,GET,trips_per_route,0.100000,0.000000,13000,13000,13000,13000,13000,13000,13000,13000,13000,13000,13000,27,0,14000,15154.189219150727,10021.795458014822,25786.96612501517,371.9259259259259
1777158687,128,,Aggregated,8.000000,0.000000,6700,35000,39000,39000,46000,46000,47000,48000,48000,48000,48000,602,0,7700,16751.2305921214,50.28770898934454,61082.431415998144,28255.705980066447
1777158688,128,GET,bulk_update_departures,0.100000,0.000000,36000,36000,36000,36000,36000,36000,36000,36000,36000,36000,36000,20,0,35000,34796.85117715417,18371.793250000337,46472.51366599812,106.75
1777158688,128,GET,large_scan,0.400000,0.000000,29000,29000,29000,29000,29000,29000,29000,29000,29000,29000,29000,51,0,36000,33433.83386684411,3356.6350000037346,52326.708374981536,332472.137254902
1777158688,128,GET,next_departures,4.000000,0.000000,39000,44000,46000,46000,47000,47000,48000,48000,48000,48000,48000,181,0,42000,37812.43797534731,4237.405457999557,61082.431415998144,85.08839779005525
1777158688,128,GET,point_read,3.400000,0.000000,110,150,160,200,260,810,930,930,930,930,930,323,0,150,1331.157533281797,50.28770898934454,13677.885374985635,81.3560371517028
1777158688,128,GET,trips_per_route,0.100000,0.000000,13000,13000,13000,13000,13000,13000,13000,13000,13000,13000,13000,27,0,14000,15154.189219150727,10021.795458014822,25786.96612501517,371.9259259259259
1777158688,128,,Aggregated,8.000000,0.000000,930,33000,38000,39000,46000,46000,47000,48000,48000,48000,48000,602,0,7700,16751.2305921214,50.28770898934454,61082.431415998144,28255.705980066447
1777158689,128,GET,bulk_update_departures,0.100000,0.000000,36000,36000,36000,36000,36000,36000,36000,36000,36000,36000,36000,20,0,35000,34796.85117715417,18371.793250000337,46472.51366599812,106.75
1777158689,128,GET,large_scan,0.300000,0.000000,29000,29000,37000,37000,37000,37000,37000,37000,37000,37000,37000,52,0,36000,33510.18910338574,3356.6350000037346,52326.708374981536,332472.1538461539
1777158689,128,GET,next_departures,3.500000,0.000000,42000,46000,46000,47000,48000,48000,49000,49000,49000,49000,49000,187,0,42000,38051.448061705414,4237.405457999557,61082.431415998144,85.0909090909091
1777158689,128,GET,point_read,3.800000,0.000000,110,150,180,210,260,810,930,930,930,930,930,324,0,150,1327.700714250063,50.28770898934454,13677.885374985635,81.35493827160494
1777158689,128,GET,trips_per_route,0.100000,0.000000,13000,13000,13000,13000,13000,13000,13000,13000,13000,13000,13000,27,0,14000,15154.189219150727,10021.795458014822,25786.96612501517,371.9259259259259
1777158689,128,,Aggregated,7.800000,0.000000,6700,37000,39000,43000,46000,47000,48000,49000,49000,49000,49000,610,0,8600,17038.40292588875,50.28770898934454,61082.431415998144,28431.147540983606
1777158690,128,GET,bulk_update_departures,0.100000,0.000000,36000,36000,36000,36000,36000,36000,36000,36000,36000,36000,36000,20,0,35000,34796.85117715417,18371.793250000337,46472.51366599812,106.75
1777158690,128,GET,large_scan,0.300000,0.000000,37000,37000,41000,41000,41000,41000,41000,41000,41000,41000,41000,54,0,36000,33277.94654166738,3356.6350000037346,52326.708374981536,332472.0925925926
1777158690,128,GET,next_departures,3.100000,0.000000,43000,45000,46000,46000,47000,48000,49000,49000,49000,49000,49000,194,0,42000,38114.0986037211,4237.405457999557,61082.431415998144,85.11855670103093
1777158690,128,GET,point_read,3.600000,0.000000,120,150,180,210,260,810,930,930,930,930,930,325,0,150,1324.1348548739468,50.28770898934454,13677.885374985635,81.35692307692308
1777158690,128,GET,trips_per_route,0.100000,0.000000,13000,13000,13000,13000,13000,13000,13000,13000,13000,13000,13000,27,0,14000,15154.189219150727,10021.795458014822,25786.96612501517,371.9259259259259
1777158690,128,,Aggregated,7.200000,0.000000,14000,39000,42000,44000,46000,47000,48000,49000,49000,49000,49000,620,0,9400,17300.9487139776,50.28770898934454,61082.431415998144,29046.167741935486
1777158691,128,GET,bulk_update_departures,0.100000,0.000000,36000,36000,36000,36000,36000,36000,36000,36000,36000,36000,36000,20,0,35000,34796.85117715417,18371.793250000337,46472.51366599812,106.75
1777158691,128,GET,large_scan,0.300000,0.000000,37000,37000,41000,41000,41000,41000,41000,41000,41000,41000,41000,54,0,36000,33277.94654166738,3356.6350000037346,52326.708374981536,332472.0925925926
1777158691,128,GET,next_departures,3.200000,0.000000,43000,45000,46000,46000,47000,48000,49000,49000,49000,49000,49000,196,0,42000,38042.227976601345,4237.405457999557,61082.431415998144,85.13265306122449
1777158691,128,GET,point_read,3.400000,0.000000,120,150,180,210,400,810,930,930,930,930,930,330,0,150,1306.864969445583,50.28770898934454,13677.885374985635,81.36363636363636
1777158691,128,GET,trips_per_route,0.100000,0.000000,13000,13000,13000,13000,13000,13000,13000,13000,13000,13000,13000,27,0,14000,15154.189219150727,10021.795458014822,25786.96612501517,371.9259259259259
1777158691,128,,Aggregated,7.100000,0.000000,930,38000,41000,43000,46000,47000,48000,49000,49000,49000,49000,627,0,8800,17208.37538922025,50.28770898934454,61082.431415998144,28722.81658692185
1777158692,128,GET,bulk_update_departures,0.100000,0.000000,36000,36000,36000,36000,36000,36000,36000,36000,36000,36000,36000,20,0,35000,34796.85117715417,18371.793250000337,46472.51366599812,106.75
1777158692,128,GET,large_scan,0.300000,0.000000,37000,37000,41000,41000,41000,41000,41000,41000,41000,41000,41000,54,0,36000,33277.94654166738,3356.6350000037346,52326.708374981536,332472.0925925926
1777158692,128,GET,next_departures,3.200000,0.000000,43000,45000,46000,47000,48000,48000,49000,49000,49000,49000,49000,196,0,42000,38042.227976601345,4237.405457999557,61082.431415998144,85.13265306122449
1777158692,128,GET,point_read,3.400000,0.000000,130,160,200,230,400,850,930,930,930,930,930,331,0,150,1305.4916855499812,50.28770898934454,13677.885374985635,81.36253776435045
1777158692,128,GET,trips_per_route,0.100000,0.000000,13000,13000,13000,13000,13000,13000,13000,13000,13000,13000,13000,27,0,14000,15154.189219150727,10021.795458014822,25786.96612501517,371.9259259259259
1777158692,128,,Aggregated,7.100000,0.000000,850,38000,42000,43000,46000,47000,48000,49000,49000,49000,49000,628,0,8800,17182.330695925317,50.28770898934454,61082.431415998144,28677.208598726116
1777158693,128,GET,bulk_update_departures,0.100000,0.000000,36000,36000,36000,36000,36000,36000,36000,36000,36000,36000,36000,21,0,35000,33259.74286114659,2517.5765409949236,46472.51366599812,106.85714285714286
1777158693,128,GET,large_scan,0.400000,0.000000,30000,37000,37000,41000,41000,41000,41000,41000,41000,41000,41000,55,0,36000,33224.531800000375,3356.6350000037346,52326.708374981536,332472.0181818182
1777158693,128,GET,next_departures,3.600000,0.000000,43000,44000,46000,47000,48000,48000,49000,49000,49000,49000,49000,198,0,42000,37948.38939119127,4237.405457999557,61082.431415998144,85.12121212121212
1777158693,128,GET,point_read,3.500000,0.000000,150,180,230,230,400,850,930,930,930,930,930,332,0,150,1301.7603178977222,50.28770898934454,13677.885374985635,81.3644578313253
1777158693,128,GET,trips_per_route,0.100000,0.000000,13000,13000,13000,13000,13000,13000,13000,13000,13000,13000,13000,28,0,13000,14648.241773823558,987.6607499900274,25786.96612501517,371.92857142857144
1777158693,128,,Aggregated,7.700000,0.000000,10000,39000,42000,43000,46000,48000,48000,49000,49000,49000,49000,634,0,8800,17163.911898657847,50.28770898934454,61082.431415998144,28931.365930599368
1777158694,128,GET,bulk_update_departures,0.000000,0.000000,36000,36000,36000,36000,36000,36000,36000,36000,36000,36000,36000,21,0,35000,33259.74286114659,2517.5765409949236,46472.51366599812,106.85714285714286
1777158694,128,GET,large_scan,0.300000,0.000000,37000,37000,41000,41000,41000,41000,41000,41000,41000,41000,41000,55,0,36000,33224.531800000375,3356.6350000037346,52326.708374981536,332472.0181818182
1777158694,128,GET,next_departures,3.200000,0.000000,43000,44000,46000,46000,48000,48000,49000,49000,49000,49000,49000,203,0,42000,37739.2419273343,3905.642750003608,61082.431415998144,85.12807881773399
1777158694,128,GET,point_read,3.800000,0.000000,140,180,210,230,250,400,850,850,850,850,850,334,0,150,1294.400853793622,50.28770898934454,13677.885374985635,81.3622754491018
1777158694,128,GET,trips_per_route,0.100000,0.000000,13000,13000,13000,13000,13000,13000,13000,13000,13000,13000,13000,28,0,13000,14648.241773823558,987.6607499900274,25786.96612501517,371.92857142857144
1777158694,128,,Aggregated,7.400000,0.000000,14000,39000,43000,44000,46000,48000,48000,49000,49000,49000,49000,641,0,8800,17206.475218669413,50.28770898934454,61082.431415998144,28616.341653666146
1777158695,128,GET,bulk_update_departures,0.100000,0.000000,36000,36000,36000,36000,36000,36000,36000,36000,36000,36000,36000,21,0,35000,33259.74286114659,2517.5765409949236,46472.51366599812,106.85714285714286
1777158695,128,GET,large_scan,0.300000,0.000000,30000,37000,37000,41000,41000,41000,41000,41000,41000,41000,41000,56,0,36000,32710.619151035644,3356.6350000037346,52326.708374981536,332472.03571428574
1777158695,128,GET,next_departures,2.600000,0.000000,43000,44000,46000,46000,48000,48000,49000,49000,49000,49000,49000,203,0,42000,37739.2419273343,3905.642750003608,61082.431415998144,85.12807881773399
1777158695,128,GET,point_read,3.300000,0.000000,170,200,230,230,400,850,850,850,850,850,850,336,0,150,1287.4108435031044,50.28770898934454,13677.885374985635,81.36309523809524
1777158695,128,GET,trips_per_route,0.200000,0.000000,13000,13000,13000,13000,13000,13000,13000,13000,13000,13000,13000,28,0,13000,14648.241773823558,987.6607499900274,25786.96612501517,371.92857142857144
1777158695,128,,Aggregated,6.500000,0.000000,14000,39000,43000,44000,46000,48000,49000,49000,49000,49000,49000,644,0,8600,17133.596578998513,50.28770898934454,61082.431415998144,28999.551242236026
1777158696,128,GET,bulk_update_departures,0.100000,0.000000,2500,2500,2500,2500,2500,2500,2500,2500,2500,2500,2500,21,0,35000,33259.74286114659,2517.5765409949236,46472.51366599812,106.85714285714286
1777158696,128,GET,large_scan,0.400000,0.000000,30000,37000,37000,41000,41000,41000,41000,41000,41000,41000,41000,56,0,36000,32710.619151035644,3356.6350000037346,52326.708374981536,332472.03571428574
1777158696,128,GET,next_departures,2.400000,0.000000,44000,46000,47000,47000,48000,48000,49000,49000,49000,49000,49000,210,0,42000,38013.835647023,3905.642750003608,61082.431415998144,85.17619047619047
1777158696,128,GET,point_read,2.600000,0.000000,140,180,210,230,400,850,850,850,850,850,850,338,0,140,1280.2406090977995,50.28770898934454,13677.885374985635,81.36390532544378
1777158696,128,GET,trips_per_route,0.200000,0.000000,13000,13000,13000,13000,13000,13000,13000,13000,13000,13000,13000,28,0,13000,14648.241773823558,987.6607499900274,25786.96612501517,371.92857142857144
1777158696,128,,Aggregated,5.700000,0.000000,37000,43000,45000,46000,47000,48000,48000,49000,49000,49000,49000,653,0,8800,17390.546483857615,50.28770898934454,61082.431415998144,28601.04134762634
1777158697,128,GET,bulk_update_departures,0.100000,0.000000,19000,19000,19000,19000,19000,19000,19000,19000,19000,19000,19000,23,0,35000,32008.02965761218,2517.5765409949236,46472.51366599812,106.78260869565217
1777158697,128,GET,large_scan,0.500000,0.000000,30000,37000,37000,41000,41000,41000,41000,41000,41000,41000,41000,56,0,36000,32710.619151035644,3356.6350000037346,52326.708374981536,332472.03571428574
1777158697,128,GET,next_departures,2.700000,0.000000,44000,46000,47000,47000,48000,48000,49000,49000,49000,49000,49000,213,0,42000,37994.30929166564,3905.642750003608,61082.431415998144,85.19718309859155
1777158697,128,GET,point_read,2.200000,0.000000,93,140,180,210,250,400,850,850,850,850,850,345,0,140,1255.9340843015545,50.28770898934454,13677.885374985635,81.36521739130434
1777158697,128,GET,trips_per_route,0.100000,0.000000,13000,13000,13000,13000,13000,13000,13000,13000,13000,13000,13000,28,0,13000,14648.241773823558,987.6607499900274,25786.96612501517,371.92857142857144
1777158697,128,,Aggregated,5.600000,0.000000,20000,42000,44000,45000,47000,48000,48000,49000,49000,49000,49000,665,0,8800,17299.571823246555,50.28770898934454,61082.431415998144,28086.4992481203
1777158698,128,GET,bulk_update_departures,0.100000,0.000000,19000,19000,31000,31000,31000,31000,31000,31000,31000,31000,31000,24,0,35000,31980.310524336044,2517.5765409949236,46472.51366599812,106.83333333333333
1777158698,128,GET,large_scan,0.500000,0.000000,30000,41000,41000,41000,41000,41000,41000,41000,41000,41000,41000,57,0,36000,32858.81574780695,3356.6350000037346,52326.708374981536,332472.0701754386
1777158698,128,GET,next_departures,2.300000,0.000000,44000,45000,47000,47000,48000,48000,48000,48000,48000,48000,48000,213,0,42000,37994.30929166564,3905.642750003608,61082.431415998144,85.19718309859155
1777158698,128,GET,point_read,1.900000,0.000000,93,170,210,250,330,400,850,850,850,850,850,348,0,140,1247.5622012673832,50.28770898934454,13677.885374985635,81.36494252873563
1777158698,128,GET,trips_per_route,0.100000,0.000000,990,990,990,990,990,990,990,990,990,990,990,28,0,13000,14648.241773823558,987.6607499900274,25786.96612501517,371.92857142857144
1777158698,128,,Aggregated,4.900000,0.000000,14000,40000,43000,45000,47000,48000,48000,48000,48000,48000,48000,670,0,8700,17279.955589614863,50.28770898934454,61082.431415998144,28373.653731343282
1777158699,128,GET,bulk_update_departures,0.300000,0.000000,19000,19000,31000,31000,31000,31000,31000,31000,31000,31000,31000,24,0,35000,31980.310524336044,2517.5765409949236,46472.51366599812,106.83333333333333
1777158699,128,GET,large_scan,0.500000,0.000000,30000,30000,41000,41000,41000,41000,41000,41000,41000,41000,41000,57,0,36000,32858.81574780695,3356.6350000037346,52326.708374981536,332472.0701754386
1777158699,128,GET,next_departures,3.000000,0.000000,43000,45000,46000,47000,48000,48000,48000,48000,48000,48000,48000,214,0,42000,37958.54348909719,3905.642750003608,61082.431415998144,85.20560747663552
1777158699,128,GET,point_read,2.200000,0.000000,93,210,300,310,400,850,1300,1300,1300,1300,1300,352,0,140,1239.569806224691,50.28770898934454,13677.885374985635,81.36931818181819
1777158699,128,GET,trips_per_route,0.100000,0.000000,990,990,990,990,990,990,990,990,990,990,990,28,0,13000,14648.241773823558,987.6607499900274,25786.96612501517,371.92857142857144
1777158699,128,,Aggregated,6.100000,0.000000,4400,30000,42000,43000,46000,47000,48000,48000,48000,48000,48000,675,0,8600,17200.12977530966,50.28770898934454,61082.431415998144,28164.091851851852
1777158700,128,GET,bulk_update_departures,0.400000,0.000000,19000,31000,31000,38000,38000,38000,38000,38000,38000,38000,38000,25,0,35000,32216.354733362095,2517.5765409949236,46472.51366599812,106.88
1777158700,128,GET,large_scan,0.500000,0.000000,30000,38000,38000,41000,41000,41000,41000,41000,41000,41000,41000,58,0,36000,32944.19200862065,3356.6350000037346,52326.708374981536,332472.1034482759
1777158700,128,GET,next_departures,3.200000,0.000000,43000,45000,46000,46000,48000,48000,48000,48000,48000,48000,48000,216,0,42000,37906.30215296673,3905.642750003608,61082.431415998144,85.2175925925926
1777158700,128,GET,point_read,2.200000,0.000000,93,210,270,310,330,850,1300,1300,1300,1300,1300,352,0,140,1239.569806224691,50.28770898934454,13677.885374985635,81.36931818181819
1777158700,128,GET,trips_per_route,0.100000,0.000000,990,990,990,990,990,990,990,990,990,990,990,28,0,13000,14648.241773823558,987.6607499900274,25786.96612501517,371.92857142857144
1777158700,128,,Aggregated,6.400000,0.000000,3900,30000,40000,43000,46000,48000,48000,48000,48000,48000,48000,679,0,8800,17305.46776337706,50.28770898934454,61082.431415998144,28488.243004418262
1777158701,128,GET,bulk_update_departures,0.400000,0.000000,19000,31000,31000,38000,38000,38000,38000,38000,38000,38000,38000,25,0,35000,32216.354733362095,2517.5765409949236,46472.51366599812,106.88
1777158701,128,GET,large_scan,0.500000,0.000000,38000,38000,38000,41000,41000,41000,41000,41000,41000,41000,41000,59,0,36000,33026.49928035581,3356.6350000037346,52326.708374981536,332472.1186440678
1777158701,128,GET,next_departures,2.900000,0.000000,44000,46000,47000,47000,48000,48000,48000,48000,48000,48000,48000,219,0,42000,37883.36118283952,3905.642750003608,61082.431415998144,85.23744292237443
1777158701,128,GET,point_read,2.800000,0.000000,120,150,250,270,320,850,1300,1300,1300,1300,1300,361,0,140,1211.9835129282128,50.28770898934454,13677.885374985635,81.37119113573407
1777158701,128,GET,trips_per_route,0.100000,0.000000,13000,13000,13000,13000,13000,13000,13000,13000,13000,13000,13000,29,0,13000,14598.97433624378,987.6607499900274,25786.96612501517,371.9655172413793
1777158701,128,,Aggregated,6.700000,0.000000,3900,30000,40000,43000,46000,47000,48000,48000,48000,48000,48000,693,0,8600,17188.05877176777,50.28770898934454,61082.431415998144,28394.453102453102
1777158702,128,GET,bulk_update_departures,0.500000,0.000000,26000,26000,31000,31000,38000,38000,38000,38000,38000,38000,38000,26,0,35000,31958.924568925377,2517.5765409949236,46472.51366599812,106.92307692307692
1777158702,128,GET,large_scan,0.500000,0.000000,38000,38000,38000,41000,41000,41000,41000,41000,41000,41000,41000,59,0,36000,33026.49928035581,3356.6350000037346,52326.708374981536,332472.1186440678
1777158702,128,GET,next_departures,2.500000,0.000000,44000,45000,46000,47000,48000,48000,48000,48000,48000,48000,48000,223,0,42000,37942.408389757205,3905.642750003608,61082.431415998144,85.25112107623319
1777158702,128,GET,point_read,2.700000,0.000000,100,140,210,260,320,1200,1300,1300,1300,1300,1300,368,0,140,1193.696854168672,50.28770898934454,13677.885374985635,81.37228260869566
1777158702,128,GET,trips_per_route,0.100000,0.000000,13000,13000,15000,15000,15000,15000,15000,15000,15000,15000,15000,30,0,13000,14599.312656969414,987.6607499900274,25786.96612501517,372.0
1777158702,128,,Aggregated,6.300000,0.000000,3900,30000,40000,42000,46000,47000,48000,48000,48000,48000,48000,706,0,8000,17164.18185452135,50.28770898934454,61082.431415998144,27873.584985835692
1777158703,128,GET,bulk_update_departures,0.500000,0.000000,26000,26000,31000,31000,38000,38000,38000,38000,38000,38000,38000,26,0,35000,31958.924568925377,2517.5765409949236,46472.51366599812,106.92307692307692
1777158703,128,GET,large_scan,0.500000,0.000000,38000,38000,41000,41000,41000,41000,41000,41000,41000,41000,41000,59,0,36000,33026.49928035581,3356.6350000037346,52326.708374981536,332472.1186440678
1777158703,128,GET,next_departures,2.300000,0.000000,44000,45000,46000,47000,48000,48000,48000,48000,48000,48000,48000,224,0,42000,37947.2963563967,3905.642750003608,61082.431415998144,85.25446428571429
1777158703,128,GET,point_read,2.600000,0.000000,110,150,260,300,700,1200,1300,1300,1300,1300,1300,374,0,140,1179.4209390616277,50.28770898934454,13677.885374985635,81.37433155080214
1777158703,128,GET,trips_per_route,0.200000,0.000000,13000,13000,15000,15000,15000,15000,15000,15000,15000,15000,15000,30,0,13000,14599.312656969414,987.6607499900274,25786.96612501517,372.0
1777158703,128,,Aggregated,6.100000,0.000000,1200,26000,39000,41000,46000,47000,48000,48000,48000,48000,48000,713,0,7700,17052.977126345097,50.28770898934454,61082.431415998144,27600.73772791024
1777158704,128,GET,bulk_update_departures,0.600000,0.000000,27000,27000,31000,31000,38000,38000,38000,38000,38000,38000,38000,27,0,35000,31768.347949076324,2517.5765409949236,46472.51366599812,106.96296296296296
1777158704,128,GET,large_scan,0.500000,0.000000,38000,38000,41000,41000,41000,41000,41000,41000,41000,41000,41000,59,0,36000,33026.49928035581,3356.6350000037346,52326.708374981536,332472.1186440678
1777158704,128,GET,next_departures,2.400000,0.000000,43000,45000,46000,47000,48000,48000,48000,48000,48000,48000,48000,227,0,42000,37927.27178836072,3905.642750003608,61082.431415998144,85.2511013215859
1777158704,128,GET,point_read,3.200000,0.000000,100,130,210,270,330,780,1300,1300,1300,1300,1300,380,0,140,1162.1106998948992,50.28770898934454,13677.885374985635,81.37631578947368
1777158704,128,GET,trips_per_route,0.200000,0.000000,13000,13000,15000,15000,15000,15000,15000,15000,15000,15000,15000,31,0,13000,14485.02050403453,987.6607499900274,25786.96612501517,372.03225806451616
1777158704,128,,Aggregated,6.900000,0.000000,330,26000,38000,40000,45000,47000,48000,48000,48000,48000,48000,724,0,7200,16997.841505123033,50.28770898934454,61082.431415998144,27183.081491712706
1777158705,128,GET,bulk_update_departures,0.500000,0.000000,27000,31000,37000,37000,38000,38000,38000,38000,38000,38000,38000,28,0,35000,31972.89453868039,2517.5765409949236,46472.51366599812,107.0
1777158705,128,GET,large_scan,0.500000,0.000000,38000,38000,41000,41000,41000,41000,41000,41000,41000,41000,41000,59,0,36000,33026.49928035581,3356.6350000037346,52326.708374981536,332472.1186440678
1777158705,128,GET,next_departures,2.700000,0.000000,42000,45000,45000,47000,47000,48000,48000,48000,48000,48000,48000,228,0,42000,37863.667044591515,3905.642750003608,61082.431415998144,85.25877192982456
1777158705,128,GET,point_read,3.900000,0.000000,94,130,210,270,640,780,1300,1300,1300,1300,1300,385,0,130,1149.3915781429394,50.28770898934454,13677.885374985635,81.37402597402597
1777158705,128,GET,trips_per_route,0.200000,0.000000,13000,13000,15000,15000,15000,15000,15000,15000,15000,15000,15000,31,0,13000,14485.02050403453,987.6607499900274,25786.96612501517,372.03225806451616
1777158705,128,,Aggregated,7.800000,0.000000,330,25000,38000,39000,45000,47000,48000,48000,48000,48000,48000,731,0,6700,16919.660716827657,50.28770898934454,61082.431415998144,26923.600547195623
1777158706,128,GET,bulk_update_departures,0.500000,0.000000,31000,37000,37000,38000,38000,38000,38000,38000,38000,38000,38000,28,0,35000,31972.89453868039,2517.5765409949236,46472.51366599812,107.0
1777158706,128,GET,large_scan,0.400000,0.000000,38000,38000,41000,41000,41000,41000,41000,41000,41000,41000,41000,60,0,36000,32834.92112013288,3356.6350000037346,52326.708374981536,332472.15
1777158706,128,GET,next_departures,2.900000,0.000000,40000,43000,44000,44000,45000,47000,47000,47000,47000,47000,47000,229,0,42000,37885.072666850996,3905.642750003608,61082.431415998144,85.26200873362446
1777158706,128,GET,point_read,4.200000,0.000000,100,130,220,270,640,780,1300,1300,1300,1300,1300,391,0,130,1133.1904572737672,50.28770898934454,13677.885374985635,81.37595907928389
1777158706,128,GET,trips_per_route,0.200000,0.000000,15000,15000,15000,15000,15000,15000,15000,15000,15000,15000,15000,32,0,13000,14492.196687502656,987.6607499900274,25786.96612501517,372.0625
1777158706,128,,Aggregated,8.200000,0.000000,310,16000,30000,38000,42000,44000,45000,47000,47000,47000,47000,740,0,6700,16821.413132154106,50.28770898934454,61082.431415998144,27046.721621621622
1777158707,128,GET,bulk_update_departures,0.700000,0.000000,31000,37000,37000,38000,38000,38000,38000,38000,38000,38000,38000,28,0,35000,31972.89453868039,2517.5765409949236,46472.51366599812,107.0
1777158707,128,GET,large_scan,0.300000,0.000000,38000,38000,38000,41000,41000,41000,41000,41000,41000,41000,41000,61,0,36000,32880.71553893416,3356.6350000037346,52326.708374981536,332472.18032786885
1777158707,128,GET,next_departures,2.400000,0.000000,39000,43000,44000,44000,45000,47000,47000,47000,47000,47000,47000,233,0,42000,37740.81420654865,3905.642750003608,61082.431415998144,85.25751072961373
1777158707,128,GET,point_read,4.700000,0.000000,100,130,220,270,330,780,1200,1300,1300,1300,1300,397,0,130,1117.8134374533984,49.512208002852276,13677.885374985635,81.37783375314862
1777158707,128,GET,trips_per_route,0.300000,0.000000,15000,15000,15000,15000,15000,15000,15000,15000,15000,15000,15000,32,0,13000,14492.196687502656,987.6607499900274,25786.96612501517,372.0625
1777158707,128,,Aggregated,8.400000,0.000000,300,15000,27000,36000,41000,44000,45000,47000,47000,47000,47000,751,0,6700,16780.421616182375,49.512208002852276,61082.431415998144,27094.376830892143
1777158708,128,GET,bulk_update_departures,0.700000,0.000000,37000,37000,38000,38000,38000,38000,38000,38000,38000,38000,38000,28,0,35000,31972.89453868039,2517.5765409949236,46472.51366599812,107.0
1777158708,128,GET,large_scan,0.300000,0.000000,38000,38000,38000,39000,39000,39000,39000,39000,39000,39000,39000,62,0,36000,32984.4973642579,3356.6350000037346,52326.708374981536,332472.1935483871
1777158708,128,GET,next_departures,2.500000,0.000000,38000,41000,43000,44000,45000,45000,47000,47000,47000,47000,47000,234,0,42000,37709.46226424713,3905.642750003608,61082.431415998144,85.26495726495726
1777158708,128,GET,point_read,5.300000,0.000000,91,110,130,140,310,700,780,1200,1200,1200,1200,403,0,130,1102.5206910719414,49.512208002852276,13677.885374985635,81.37468982630273
1777158708,128,GET,trips_per_route,0.300000,0.000000,13000,13000,15000,15000,15000,15000,15000,15000,15000,15000,15000,34,0,13000,14372.188992620282,987.6607499900274,25786.96612501517,372.11764705882354
1777158708,128,,Aggregated,9.100000,0.000000,190,15000,27000,36000,40000,44000,45000,47000,47000,47000,47000,761,0,6400,16684.9728222759,49.512208002852276,61082.431415998144,27176.964520367936
1777158709,128,GET,bulk_update_departures,0.500000,0.000000,37000,37000,38000,38000,38000,38000,38000,38000,38000,38000,38000,28,0,35000,31972.89453868039,2517.5765409949236,46472.51366599812,107.0
1777158709,128,GET,large_scan,0.500000,0.000000,36000,38000,38000,39000,39000,39000,39000,39000,39000,39000,39000,63,0,36000,32771.79141271405,3356.6350000037346,52326.708374981536,332472.22222222225
1777158709,128,GET,next_departures,2.200000,0.000000,39000,43000,44000,44000,45000,47000,47000,47000,47000,47000,47000,234,0,42000,37709.46226424713,3905.642750003608,61082.431415998144,85.26495726495726
1777158709,128,GET,point_read,5.000000,0.000000,91,110,130,140,260,700,780,1200,1200,1200,1200,404,0,130,1100.3811894628561,49.512208002852276,13677.885374985635,81.37376237623762
1777158709,128,GET,trips_per_route,0.400000,0.000000,13000,13000,15000,15000,15000,15000,15000,15000,15000,15000,15000,34,0,13000,14372.188992620282,987.6607499900274,25786.96612501517,372.11764705882354
1777158709,128,,Aggregated,8.600000,0.000000,190,15000,25000,30000,40000,44000,45000,47000,47000,47000,47000,763,0,6400,16667.216909842668,49.512208002852276,61082.431415998144,27541.579292267365
1777158710,128,GET,bulk_update_departures,0.400000,0.000000,27000,27000,37000,37000,37000,37000,37000,37000,37000,37000,37000,28,0,35000,31972.89453868039,2517.5765409949236,46472.51366599812,107.0
1777158710,128,GET,large_scan,0.500000,0.000000,36000,36000,38000,38000,39000,39000,39000,39000,39000,39000,39000,64,0,36000,32289.012809906126,1873.960833007004,52326.708374981536,332472.25
1777158710,128,GET,next_departures,2.000000,0.000000,38000,41000,43000,43000,44000,45000,45000,45000,45000,45000,45000,237,0,42000,37608.02261251833,3905.642750003608,61082.431415998144,85.25738396624473
1777158710,128,GET,point_read,5.500000,0.000000,91,100,130,140,240,700,780,1200,1200,1200,1200,404,0,130,1100.3811894628561,49.512208002852276,13677.885374985635,81.37376237623762
1777158710,128,GET,trips_per_route,0.400000,0.000000,13000,14000,15000,15000,15000,15000,15000,15000,15000,15000,15000,36,0,13000,13985.223567114088,987.6607499900274,25786.96612501517,372.1666666666667
1777158710,128,,Aggregated,8.800000,0.000000,150,12000,22000,28000,39000,43000,44000,45000,45000,45000,45000,769,0,6700,16674.722074178157,49.512208002852276,61082.431415998144,27760.336801040314
1777158711,128,GET,bulk_update_departures,0.400000,0.000000,27000,27000,37000,37000,37000,37000,37000,37000,37000,37000,37000,28,0,35000,31972.89453868039,2517.5765409949236,46472.51366599812,107.0
1777158711,128,GET,large_scan,0.600000,0.000000,36000,36000,38000,38000,39000,39000,39000,39000,39000,39000,39000,64,0,36000,32289.012809906126,1873.960833007004,52326.708374981536,332472.25
1777158711,128,GET,next_departures,2.000000,0.000000,39000,43000,44000,44000,45000,46000,46000,46000,46000,46000,46000,244,0,42000,37626.91181762236,3905.642750003608,61082.431415998144,85.24180327868852
1777158711,128,GET,point_read,5.200000,0.000000,81,100,130,190,320,700,1500,1500,1500,1500,1500,406,0,130,1099.3948954261043,49.512208002852276,13677.885374985635,81.3768472906404
1777158711,128,GET,trips_per_route,0.600000,0.000000,13000,14000,15000,15000,15000,15000,15000,15000,15000,15000,15000,37,0,13000,13938.479033786476,987.6607499900274,25786.96612501517,372.18918918918916
1777158711,128,,Aggregated,8.800000,0.000000,780,15000,30000,36000,43000,44000,46000,46000,46000,46000,46000,779,0,6700,16822.57047780489,49.512208002852276,61082.431415998144,27405.428754813864
1777158712,128,GET,bulk_update_departures,0.300000,0.000000,37000,37000,37000,37000,37000,37000,37000,37000,37000,37000,37000,28,0,35000,31972.89453868039,2517.5765409949236,46472.51366599812,107.0
1777158712,128,GET,large_scan,0.500000,0.000000,36000,36000,38000,38000,39000,39000,39000,39000,39000,39000,39000,65,0,36000,32350.704455138362,1873.960833007004,52326.708374981536,332472.1846153846
1777158712,128,GET,next_departures,2.100000,0.000000,41000,43000,44000,45000,46000,46000,47000,47000,47000,47000,47000,247,0,42000,37708.39196929485,3905.642750003608,61082.431415998144,85.25101214574899
1777158712,128,GET,point_read,5.200000,0.000000,98,130,190,290,700,780,1500,1500,1500,1500,1500,415,0,130,1083.3644364458362,49.512208002852276,13677.885374985635,81.3710843373494
1777158712,128,GET,trips_per_route,0.700000,0.000000,13000,14000,15000,15000,15000,15000,15000,15000,15000,15000,15000,37,0,13000,13938.479033786476,987.6607499900274,25786.96612501517,372.18918918918916
1777158712,128,,Aggregated,8.800000,0.000000,710,15000,30000,36000,43000,45000,46000,47000,47000,47000,47000,792,0,6400,16764.305073810618,49.512208002852276,61082.431415998144,27376.622474747473
1777158713,128,GET,bulk_update_departures,0.300000,0.000000,37000,37000,37000,37000,37000,37000,37000,37000,37000,37000,37000,28,0,35000,31972.89453868039,2517.5765409949236,46472.51366599812,107.0
1777158713,128,GET,large_scan,0.500000,0.000000,36000,36000,39000,39000,39000,39000,39000,39000,39000,39000,39000,66,0,36000,32449.355011379037,1873.960833007004,52326.708374981536,332472.2121212121
1777158713,128,GET,next_departures,2.200000,0.000000,42000,44000,45000,45000,46000,47000,47000,47000,47000,47000,47000,249,0,42000,37773.89597272217,3905.642750003608,61082.431415998144,85.2570281124498
1777158713,128,GET,point_read,5.100000,0.000000,100,130,190,280,640,960,1500,1500,1500,1500,1500,418,0,130,1078.4544751818712,49.512208002852276,13677.885374985635,81.37081339712918
1777158713,128,GET,trips_per_route,0.700000,0.000000,12000,13000,14000,14000,15000,15000,15000,15000,15000,15000,15000,37,0,13000,13938.479033786476,987.6607499900274,25786.96612501517,372.18918918918916
1777158713,128,,Aggregated,8.800000,0.000000,1100,15000,36000,39000,44000,46000,47000,47000,47000,47000,47000,798,0,6400,16803.40384701507,49.512208002852276,61082.431415998144,27587.93859649123
1777158714,128,GET,bulk_update_departures,0.200000,0.000000,37000,37000,37000,37000,37000,37000,37000,37000,37000,37000,37000,28,0,35000,31972.89453868039,2517.5765409949236,46472.51366599812,107.0
1777158714,128,GET,large_scan,0.500000,0.000000,36000,36000,39000,39000,39000,39000,39000,39000,39000,39000,39000,67,0,36000,32470.599041671798,1873.960833007004,52326.708374981536,332472.14925373136
1777158714,128,GET,next_departures,2.500000,0.000000,43000,45000,45000,46000,47000,47000,48000,48000,48000,48000,48000,250,0,42000,37813.82052183127,3905.642750003608,61082.431415998144,85.264
1777158714,128,GET,point_read,4.700000,0.000000,98,130,240,290,710,1100,1500,1500,1500,1500,1500,421,0,130,1071.1720780903754,49.512208002852276,13677.885374985635,81.37054631828978
1777158714,128,GET,trips_per_route,0.800000,0.000000,12000,13000,14000,14000,15000,15000,15000,15000,15000,15000,15000,37,0,13000,13938.479033786476,987.6607499900274,25786.96612501517,372.18918918918916
1777158714,128,,Aggregated,8.700000,0.000000,1200,22000,36000,39000,45000,46000,47000,48000,48000,48000,48000,803,0,6400,16800.639455117114,49.512208002852276,61082.431415998144,27830.602739726026
1777158715,128,GET,bulk_update_departures,0.200000,0.000000,37000,37000,37000,37000,37000,37000,37000,37000,37000,37000,37000,28,0,35000,31972.89453868039,2517.5765409949236,46472.51366599812,107.0
1777158715,128,GET,large_scan,0.600000,0.000000,34000,36000,36000,39000,39000,39000,39000,39000,39000,39000,39000,68,0,36000,32373.928485912016,1873.960833007004,52326.708374981536,332472.1617647059
1777158715,128,GET,next_departures,2.300000,0.000000,43000,45000,45000,46000,47000,47000,48000,48000,48000,48000,48000,250,0,42000,37813.82052183127,3905.642750003608,61082.431415998144,85.264
1777158715,128,GET,point_read,4.700000,0.000000,100,170,280,290,710,1100,1500,1500,1500,1500,1500,421,0,130,1071.1720780903754,49.512208002852276,13677.885374985635,81.37054631828978
1777158715,128,GET,trips_per_route,0.700000,0.000000,13000,14000,14000,14000,15000,15000,15000,15000,15000,15000,15000,38,0,13000,13941.909661186448,987.6607499900274,25786.96612501517,372.1842105263158
1777158715,128,,Aggregated,8.500000,0.000000,11000,26000,36000,41000,45000,46000,47000,48000,48000,48000,48000,805,0,6700,16808.54574730936,49.512208002852276,61082.431415998144,28174.930434782607
1777158716,128,GET,bulk_update_departures,0.200000,0.000000,37000,37000,37000,37000,37000,37000,37000,37000,37000,37000,37000,28,0,35000,31972.89453868039,2517.5765409949236,46472.51366599812,107.0
1777158716,128,GET,large_scan,0.800000,0.000000,34000,36000,36000,39000,39000,39000,39000,39000,39000,39000,39000,69,0,36000,32290.948024159636,1873.960833007004,52326.708374981536,332472.17391304346
1777158716,128,GET,next_departures,2.300000,0.000000,44000,45000,46000,46000,47000,48000,48000,48000,48000,48000,48000,250,0,42000,37813.82052183127,3905.642750003608,61082.431415998144,85.264
1777158716,128,GET,point_read,4.200000,0.000000,100,170,280,290,710,1100,1500,1500,1500,1500,1500,425,0,130,1061.9455209812697,49.512208002852276,13677.885374985635,81.36470588235294
1777158716,128,GET,trips_per_route,0.700000,0.000000,13000,14000,14000,14000,15000,15000,15000,15000,15000,15000,15000,38,0,13000,13941.909661186448,987.6607499900274,25786.96612501517,372.1842105263158
1777158716,128,,Aggregated,8.200000,0.000000,1500,20000,36000,39000,45000,46000,47000,48000,48000,48000,48000,810,0,5700,16738.137042901268,49.512208002852276,61082.431415998144,28411.87037037037
1777158717,128,GET,bulk_update_departures,0.000000,0.000000,34000,34000,37000,37000,37000,37000,37000,37000,37000,37000,37000,29,0,35000,32040.06568103595,2517.5765409949236,46472.51366599812,107.06896551724138
1777158717,128,GET,large_scan,0.800000,0.000000,34000,36000,39000,39000,39000,39000,39000,39000,39000,39000,39000,69,0,36000,32290.948024159636,1873.960833007004,52326.708374981536,332472.17391304346
1777158717,128,GET,next_departures,2.300000,0.000000,43000,44000,46000,46000,47000,48000,50000,50000,50000,50000,50000,257,0,42000,37845.2281687698,3905.642750003608,61082.431415998144,85.2295719844358
1777158717,128,GET,point_read,3.900000,0.000000,98,140,240,280,710,1100,1500,1500,1500,1500,1500,431,0,120,1048.1842811345803,49.512208002852276,13677.885374985635,81.36658932714617
1777158717,128,GET,trips_per_route,0.600000,0.000000,13000,13000,14000,14000,14000,14000,14000,14000,14000,14000,14000,38,0,13000,13941.909661186448,987.6607499900274,25786.96612501517,372.1842105263158
1777158717,128,,Aggregated,7.600000,0.000000,12000,34000,39000,41000,45000,47000,48000,50000,50000,50000,50000,824,0,6400,16826.481735540056,49.512208002852276,61082.431415998144,27930.58373786408
1777158718,128,GET,bulk_update_departures,0.000000,0.000000,34000,34000,37000,37000,37000,37000,37000,37000,37000,37000,37000,30,0,35000,32088.295759734076,2517.5765409949236,46472.51366599812,107.1
1777158718,128,GET,large_scan,1.000000,0.000000,34000,36000,39000,39000,39000,39000,39000,39000,39000,39000,39000,69,0,36000,32290.948024159636,1873.960833007004,52326.708374981536,332472.17391304346
1777158718,128,GET,next_departures,2.200000,0.000000,43000,45000,46000,46000,47000,48000,50000,50000,50000,50000,50000,260,0,42000,37892.76557178795,3905.642750003608,61082.431415998144,85.21538461538462
1777158718,128,GET,point_read,3.400000,0.000000,110,200,280,290,710,1100,1500,1500,1500,1500,1500,435,0,120,1040.421066193135,49.512208002852276,13677.885374985635,81.37011494252873
1777158718,128,GET,trips_per_route,0.700000,0.000000,14000,14000,14000,14000,14000,14000,14000,14000,14000,14000,14000,38,0,13000,13941.909661186448,987.6607499900274,25786.96612501517,372.1842105263158
1777158718,128,,Aggregated,7.300000,0.000000,12000,35000,39000,43000,46000,47000,48000,50000,50000,50000,50000,832,0,6400,16857.23445437863,49.512208002852276,61082.431415998144,27662.846153846152
1777158719,128,GET,bulk_update_departures,0.000000,0.000000,34000,34000,37000,37000,37000,37000,37000,37000,37000,37000,37000,30,0,35000,32088.295759734076,2517.5765409949236,46472.51366599812,107.1
1777158719,128,GET,large_scan,0.800000,0.000000,34000,36000,38000,38000,39000,39000,39000,39000,39000,39000,39000,70,0,36000,32377.003207742902,1873.960833007004,52326.708374981536,332472.2
1777158719,128,GET,next_departures,2.100000,0.000000,43000,44000,46000,46000,47000,48000,50000,50000,50000,50000,50000,263,0,42000,37694.653277398706,3905.642750003608,61082.431415998144,85.2319391634981
1777158719,128,GET,point_read,3.400000,0.000000,100,170,280,290,940,1100,1500,1500,1500,1500,1500,439,0,120,1033.5889316696578,49.512208002852276,13677.885374985635,81.36446469248291
1777158719,128,GET,trips_per_route,0.600000,0.000000,14000,14000,14000,14000,14000,14000,14000,14000,14000,14000,14000,39,0,13000,13670.842824797057,987.6607499900274,25786.96612501517,372.1794871794872
1777158719,128,,Aggregated,6.900000,0.000000,9300,35000,39000,42000,45000,47000,48000,50000,50000,50000,50000,841,0,6400,16801.000381046335,49.512208002852276,61082.431415998144,27763.27824019025
1777158720,128,GET,bulk_update_departures,0.100000,0.000000,34000,34000,34000,34000,34000,34000,34000,34000,34000,34000,34000,30,0,35000,32088.295759734076,2517.5765409949236,46472.51366599812,107.1
1777158720,128,GET,large_scan,0.800000,0.000000,28000,34000,36000,38000,39000,39000,39000,39000,39000,39000,39000,72,0,36000,32048.033056139197,1873.960833007004,52326.708374981536,332472.25
1777158720,128,GET,next_departures,2.700000,0.000000,43000,45000,46000,47000,47000,48000,50000,50000,50000,50000,50000,264,0,42000,37722.19971668891,3905.642750003608,61082.431415998144,85.2159090909091
1777158720,128,GET,point_read,3.300000,0.000000,100,150,280,290,940,1100,1500,1500,1500,1500,1500,440,0,120,1031.3852930930973,49.512208002852276,13677.885374985635,81.36363636363636
1777158720,128,GET,trips_per_route,0.600000,0.000000,14000,14000,14000,14000,14000,14000,14000,14000,14000,14000,14000,40,0,13000,13676.767146876955,987.6607499900274,25786.96612501517,372.2
1777158720,128,,Aggregated,7.500000,0.000000,3400,34000,39000,41000,45000,47000,48000,50000,50000,50000,50000,846,0,6700,16819.915121602808,49.512208002852276,61082.431415998144,28385.81560283688
1777158721,128,GET,bulk_update_departures,0.200000,0.000000,34000,34000,34000,34000,34000,34000,34000,34000,34000,34000,34000,30,0,35000,32088.295759734076,2517.5765409949236,46472.51366599812,107.1
1777158721,128,GET,large_scan,0.700000,0.000000,34000,36000,38000,38000,39000,39000,39000,39000,39000,39000,39000,72,0,36000,32048.033056139197,1873.960833007004,52326.708374981536,332472.25
1777158721,128,GET,next_departures,2.600000,0.000000,42000,45000,47000,47000,47000,48000,50000,50000,50000,50000,50000,266,0,42000,37667.41178288295,3905.642750003608,61082.431415998144,85.22932330827068
1777158721,128,GET,point_read,3.300000,0.000000,98,120,170,260,370,940,960,960,960,960,960,443,0,120,1026.8544037899283,49.512208002852276,13677.885374985635,81.36568848758465
1777158721,128,GET,trips_per_route,0.400000,0.000000,14000,14000,14000,14000,14000,14000,14000,14000,14000,14000,14000,40,0,13000,13676.767146876955,987.6607499900274,25786.96612501517,372.2
1777158721,128,,Aggregated,7.200000,0.000000,3400,33000,38000,39000,45000,47000,48000,50000,50000,50000,50000,851,0,6700,16793.896561498168,49.512208002852276,61082.431415998144,28219.528789659224
1777158722,128,GET,bulk_update_departures,0.200000,0.000000,34000,34000,34000,34000,34000,34000,34000,34000,34000,34000,34000,30,0,35000,32088.295759734076,2517.5765409949236,46472.51366599812,107.1
1777158722,128,GET,large_scan,0.800000,0.000000,28000,34000,38000,38000,39000,39000,39000,39000,39000,39000,39000,72,0,36000,32048.033056139197,1873.960833007004,52326.708374981536,332472.25
1777158722,128,GET,next_departures,2.800000,0.000000,41000,44000,45000,47000,48000,48000,50000,50000,50000,50000,50000,272,0,42000,37658.04094774936,3905.642750003608,61082.431415998144,85.2279411764706
1777158722,128,GET,point_read,3.600000,0.000000,97,200,320,370,860,940,1300,1300,1300,1300,1300,447,0,130,1023.9595832504745,49.512208002852276,13677.885374985635,81.3668903803132
1777158722,128,GET,trips_per_route,0.400000,0.000000,14000,14000,14000,14000,14000,14000,14000,14000,14000,14000,14000,40,0,13000,13676.767146876955,987.6607499900274,25786.96612501517,372.2
1777158722,128,,Aggregated,7.800000,0.000000,13000,34000,39000,39000,45000,47000,48000,50000,50000,50000,50000,861,0,6700,16861.643449721167,49.512208002852276,61082.431415998144,27892.747967479674
1777158723,128,GET,bulk_update_departures,0.200000,0.000000,34000,34000,34000,34000,34000,34000,34000,34000,34000,34000,34000,30,0,35000,32088.295759734076,2517.5765409949236,46472.51366599812,107.1
1777158723,128,GET,large_scan,0.800000,0.000000,28000,34000,38000,38000,39000,39000,39000,39000,39000,39000,39000,72,0,36000,32048.033056139197,1873.960833007004,52326.708374981536,332472.25
1777158723,128,GET,next_departures,2.500000,0.000000,41000,43000,45000,47000,48000,48000,50000,50000,50000,50000,50000,274,0,42000,37605.3461147986,3905.642750003608,61082.431415998144,85.23357664233576
1777158723,128,GET,point_read,3.700000,0.000000,97,260,320,340,380,940,1300,1300,1300,1300,1300,449,0,130,1020.531486184764,49.512208002852276,13677.885374985635,81.36971046770601
1777158723,128,GET,trips_per_route,0.400000,0.000000,14000,14000,14000,14000,14000,14000,14000,14000,14000,14000,14000,40,0,13000,13676.767146876955,987.6607499900274,25786.96612501517,372.2
1777158723,128,,Aggregated,7.600000,0.000000,9300,27000,37000,39000,43000,47000,48000,50000,50000,50000,50000,865,0,6700,16854.637469897007,49.512208002852276,61082.431415998144,27764.15260115607
1777158724,128,GET,bulk_update_departures,0.200000,0.000000,34000,34000,34000,34000,34000,34000,34000,34000,34000,34000,34000,30,0,35000,32088.295759734076,2517.5765409949236,46472.51366599812,107.1
1777158724,128,GET,large_scan,0.800000,0.000000,27000,28000,28000,38000,38000,38000,38000,38000,38000,38000,38000,72,0,36000,32048.033056139197,1873.960833007004,52326.708374981536,332472.25
1777158724,128,GET,next_departures,2.300000,0.000000,41000,43000,45000,47000,50000,50000,51000,51000,51000,51000,51000,276,0,42000,37699.07828531089,3905.642750003608,61082.431415998144,85.22101449275362
1777158724,128,GET,point_read,3.500000,0.000000,150,310,340,370,860,940,1300,1300,1300,1300,1300,449,0,130,1020.531486184764,49.512208002852276,13677.885374985635,81.36971046770601
1777158724,128,GET,trips_per_route,0.300000,0.000000,14000,14000,14000,14000,14000,14000,14000,14000,14000,14000,14000,40,0,13000,13676.767146876955,987.6607499900274,25786.96612501517,372.2
1777158724,128,,Aggregated,7.100000,0.000000,14000,33000,39000,41000,45000,48000,50000,51000,51000,51000,51000,867,0,6700,16932.343924742676,49.512208002852276,61082.431415998144,27700.298731257208
1777158725,128,GET,bulk_update_departures,0.200000,0.000000,34000,34000,34000,34000,34000,34000,34000,34000,34000,34000,34000,30,0,35000,32088.295759734076,2517.5765409949236,46472.51366599812,107.1
1777158725,128,GET,large_scan,0.700000,0.000000,38000,38000,40000,40000,42000,42000,42000,42000,42000,42000,42000,75,0,36000,32370.700096680474,1873.960833007004,52326.708374981536,332472.2133333333
1777158725,128,GET,next_departures,2.600000,0.000000,39000,43000,45000,47000,50000,50000,51000,51000,51000,51000,51000,280,0,42000,37627.37613793131,3905.642750003608,61082.431415998144,85.23928571428571
1777158725,128,GET,point_read,3.000000,0.000000,120,310,340,370,860,940,1300,1300,1300,1300,1300,450,0,130,1018.3930537154406,49.512208002852276,13677.885374985635,81.3711111111111
1777158725,128,GET,trips_per_route,0.300000,0.000000,14000,14000,14000,14000,14000,14000,14000,14000,14000,14000,14000,41,0,13000,13669.561016245563,987.6607499900274,25786.96612501517,372.219512195122
1777158725,128,,Aggregated,6.800000,0.000000,16000,37000,39000,42000,46000,48000,50000,51000,51000,51000,51000,876,0,7800,17060.32599828979,49.512208002852276,61082.431415998144,28555.221461187215
1777158726,128,GET,bulk_update_departures,0.200000,0.000000,34000,34000,34000,34000,34000,34000,34000,34000,34000,34000,34000,30,0,35000,32088.295759734076,2517.5765409949236,46472.51366599812,107.1
1777158726,128,GET,large_scan,0.500000,0.000000,38000,38000,40000,40000,42000,42000,42000,42000,42000,42000,42000,76,0,36000,32357.71886240821,1873.960833007004,52326.708374981536,332472.2368421053
1777158726,128,GET,next_departures,2.400000,0.000000,42000,44000,45000,47000,50000,50000,51000,51000,51000,51000,51000,282,0,42000,37665.53282209145,3905.642750003608,61082.431415998144,85.23049645390071
1777158726,128,GET,point_read,3.100000,0.000000,200,320,340,380,860,940,1300,1300,1300,1300,1300,452,0,130,1014.8569170463638,49.512208002852276,13677.885374985635,81.3716814159292
1777158726,128,GET,trips_per_route,0.300000,0.000000,14000,14000,14000,14000,14000,14000,14000,14000,14000,14000,14000,41,0,13000,13669.561016245563,987.6607499900274,25786.96612501517,372.219512195122
1777158726,128,,Aggregated,6.500000,0.000000,18000,38000,41000,42000,46000,48000,50000,51000,51000,51000,51000,881,0,8000,17097.25662921212,49.512208002852276,61082.431415998144,28770.918274687854
1777158727,128,GET,bulk_update_departures,0.200000,0.000000,33000,33000,33000,33000,33000,33000,33000,33000,33000,33000,33000,30,0,35000,32088.295759734076,2517.5765409949236,46472.51366599812,107.1
1777158727,128,GET,large_scan,0.700000,0.000000,38000,38000,40000,40000,42000,42000,42000,42000,42000,42000,42000,76,0,36000,32357.71886240821,1873.960833007004,52326.708374981536,332472.2368421053
1777158727,128,GET,next_departures,2.600000,0.000000,42000,44000,46000,47000,50000,50000,51000,51000,51000,51000,51000,283,0,42000,37697.82023909104,3905.642750003608,61082.431415998144,85.23674911660777
1777158727,128,GET,point_read,2.900000,0.000000,270,340,380,380,940,1300,1300,1300,1300,1300,1300,453,0,130,1012.7354106069419,49.512208002852276,13677.885374985635,81.37086092715232
1777158727,128,GET,trips_per_route,0.300000,0.000000,13000,13000,14000,14000,14000,14000,14000,14000,14000,14000,14000,41,0,13000,13669.561016245563,987.6607499900274,25786.96612501517,372.219512195122
1777158727,128,,Aggregated,6.700000,0.000000,16000,37000,40000,42000,46000,48000,50000,51000,51000,51000,51000,883,0,8000,17111.5965760689,49.512208002852276,61082.431415998144,28705.942242355606
1777158728,128,GET,bulk_update_departures,0.200000,0.000000,33000,33000,33000,33000,33000,33000,33000,33000,33000,33000,33000,30,0,35000,32088.295759734076,2517.5765409949236,46472.51366599812,107.1
1777158728,128,GET,large_scan,0.700000,0.000000,38000,38000,40000,40000,42000,42000,42000,42000,42000,42000,42000,76,0,36000,32357.71886240821,1873.960833007004,52326.708374981536,332472.2368421053
1777158728,128,GET,next_departures,2.600000,0.000000,42000,43000,46000,47000,48000,50000,51000,51000,51000,51000,51000,284,0,42000,37655.823422080175,3905.642750003608,61082.431415998144,85.2394366197183
1777158728,128,GET,point_read,2.900000,0.000000,320,370,380,380,940,1300,1300,1300,1300,1300,1300,453,0,130,1012.7354106069419,49.512208002852276,13677.885374985635,81.37086092715232
1777158728,128,GET,trips_per_route,0.300000,0.000000,13000,13000,14000,14000,14000,14000,14000,14000,14000,14000,14000,41,0,13000,13669.561016245563,987.6607499900274,25786.96612501517,372.219512195122
1777158728,128,,Aggregated,6.700000,0.000000,18000,38000,42000,43000,47000,48000,51000,51000,51000,51000,51000,884,0,8000,17121.391969317698,49.512208002852276,61082.431415998144,28673.56674208145
1777158729,128,GET,bulk_update_departures,0.200000,0.000000,33000,33000,33000,33000,33000,33000,33000,33000,33000,33000,33000,31,0,35000,32097.37427287168,2517.5765409949236,46472.51366599812,107.16129032258064
1777158729,128,GET,large_scan,0.700000,0.000000,38000,40000,40000,42000,42000,42000,42000,42000,42000,42000,42000,76,0,36000,32357.71886240821,1873.960833007004,52326.708374981536,332472.2368421053
1777158729,128,GET,next_departures,3.000000,0.000000,43000,45000,47000,48000,50000,50000,51000,51000,51000,51000,51000,287,0,42000,37626.09642956714,3905.642750003608,61082.431415998144,85.24738675958189
1777158729,128,GET,point_read,2.500000,0.000000,320,340,380,380,860,1300,1300,1300,1300,1300,1300,455,0,130,1009.0516090789007,49.512208002852276,13677.885374985635,81.37142857142857
1777158729,128,GET,trips_per_route,0.300000,0.000000,14000,14000,16000,16000,16000,16000,16000,16000,16000,16000,16000,42,0,13000,13720.907903763527,987.6607499900274,25786.96612501517,372.2142857142857
1777158729,128,,Aggregated,6.700000,0.000000,26000,38000,43000,44000,48000,50000,51000,51000,51000,51000,51000,891,0,8600,17158.57634722424,49.512208002852276,61082.431415998144,28449.309764309764
1777158730,128,GET,bulk_update_departures,0.100000,0.000000,33000,33000,33000,33000,33000,33000,33000,33000,33000,33000,33000,31,0,35000,32097.37427287168,2517.5765409949236,46472.51366599812,107.16129032258064
1777158730,128,GET,large_scan,0.700000,0.000000,38000,40000,40000,42000,42000,42000,42000,42000,42000,42000,42000,76,0,36000,32357.71886240821,1873.960833007004,52326.708374981536,332472.2368421053
1777158730,128,GET,next_departures,2.400000,0.000000,43000,46000,48000,49000,50000,50000,51000,51000,51000,51000,51000,296,0,42000,37723.087982529636,2613.1650420138612,61082.431415998144,85.26013513513513
1777158730,128,GET,point_read,2.000000,0.000000,160,300,340,370,650,860,1300,1300,1300,1300,1300,465,0,120,990.5054182921391,49.512208002852276,13677.885374985635,81.36989247311828
1777158730,128,GET,trips_per_route,0.300000,0.000000,14000,14000,16000,16000,16000,16000,16000,16000,16000,16000,16000,42,0,13000,13720.907903763527,987.6607499900274,25786.96612501517,372.2142857142857
1777158730,128,,Aggregated,5.500000,0.000000,25000,39000,43000,45000,48000,50000,50000,51000,51000,51000,51000,910,0,7800,17205.607066257962,49.512208002852276,61082.431415998144,27857.053846153845
